
Note: Compatibility modes selected: hs a


Circuit: ** sch_path: /home/ubuntu/github/sky130-pll/sim/pll-lock/testbench/tb_pll_lock.sch

option SCALE: Scale is set to 1e-06 for instance and model parameters
option SCALE: Scale is set to 1e-06 for instance and model parameters
option SCALE: Scale is set to 1e-06 for instance and model parameters
option SCALE: Scale is set to 1e-06 for instance and model parameters
Doing analysis at TEMP = 125.000000 and TNOM = 27.000000

Using KLU as Direct Linear Solver
 Reference value :  0.00000e+00
 Reference value :  1.01508e-09
 Reference value :  4.80229e-09
 Reference value :  5.47544e-09
 Reference value :  5.92661e-09
 Reference value :  6.28811e-09
 Reference value :  6.66144e-09
 Reference value :  7.01998e-09
 Reference value :  7.49297e-09
 Reference value :  7.91803e-09
 Reference value :  8.35270e-09
 Reference value :  8.71266e-09
 Reference value :  9.12371e-09
 Reference value :  9.49107e-09
 Reference value :  9.93420e-09
 Reference value :  1.03479e-08
 Reference value :  1.07924e-08
 Reference value :  1.12096e-08
 Reference value :  1.16218e-08
 Reference value :  1.20808e-08
 Reference value :  1.25199e-08
 Reference value :  1.29291e-08
 Reference value :  1.31858e-08
 Reference value :  1.36320e-08
 Reference value :  1.40315e-08
 Reference value :  1.44266e-08
 Reference value :  1.49036e-08
 Reference value :  1.53309e-08
 Reference value :  1.57796e-08
 Reference value :  1.61924e-08
 Reference value :  1.66619e-08
 Reference value :  1.70027e-08
 Reference value :  1.74808e-08
 Reference value :  1.78802e-08
 Reference value :  1.83637e-08
 Reference value :  1.88486e-08
 Reference value :  1.94144e-08
 Reference value :  1.99683e-08
 Reference value :  2.02879e-08
 Reference value :  2.07404e-08
 Reference value :  2.11636e-08
 Reference value :  2.16249e-08
 Reference value :  2.20141e-08
 Reference value :  2.24611e-08
 Reference value :  2.28415e-08
 Reference value :  2.33265e-08
 Reference value :  2.37274e-08
 Reference value :  2.41450e-08
 Reference value :  2.45646e-08
 Reference value :  2.50910e-08
 Reference value :  2.54504e-08
 Reference value :  2.59362e-08
 Reference value :  2.64038e-08
 Reference value :  2.69216e-08
 Reference value :  2.73099e-08
 Reference value :  2.75594e-08
 Reference value :  2.79629e-08
 Reference value :  2.84593e-08
 Reference value :  2.89352e-08
 Reference value :  2.95429e-08
 Reference value :  3.00139e-08
 Reference value :  3.04603e-08
 Reference value :  3.08900e-08
 Reference value :  3.13395e-08
 Reference value :  3.17621e-08
 Reference value :  3.22235e-08
 Reference value :  3.26986e-08
 Reference value :  3.32420e-08
 Reference value :  3.37055e-08
 Reference value :  3.41290e-08
 Reference value :  3.45715e-08
 Reference value :  3.50344e-08
 Reference value :  3.54385e-08
 Reference value :  3.59331e-08
 Reference value :  3.63393e-08
 Reference value :  3.67287e-08
 Reference value :  3.71747e-08
 Reference value :  3.76443e-08
 Reference value :  3.80136e-08
 Reference value :  3.87028e-08
 Reference value :  3.91827e-08
 Reference value :  3.95408e-08
 Reference value :  3.98717e-08
 Reference value :  4.04683e-08
 Reference value :  4.08463e-08
 Reference value :  4.11262e-08
 Reference value :  4.15062e-08
 Reference value :  4.21139e-08
 Reference value :  4.24881e-08
 Reference value :  4.28476e-08
 Reference value :  4.32485e-08
 Reference value :  4.38500e-08
 Reference value :  4.42367e-08
 Reference value :  4.44762e-08
 Reference value :  4.49056e-08
 Reference value :  4.54803e-08
 Reference value :  4.60613e-08
 Reference value :  4.63981e-08
 Reference value :  4.68526e-08
 Reference value :  4.72443e-08
 Reference value :  4.77558e-08
 Reference value :  4.81866e-08
 Reference value :  4.86616e-08
 Reference value :  4.90629e-08
 Reference value :  4.94943e-08
 Reference value :  4.98911e-08
 Reference value :  5.03195e-08
 Reference value :  5.07393e-08
 Reference value :  5.11604e-08
 Reference value :  5.15897e-08
 Reference value :  5.20572e-08
 Reference value :  5.25669e-08
 Reference value :  5.29248e-08
 Reference value :  5.30262e-08
 Reference value :  5.32710e-08
 Reference value :  5.38039e-08
 Reference value :  5.41168e-08
 Reference value :  5.44926e-08
 Reference value :  5.48422e-08
 Reference value :  5.52606e-08
 Reference value :  5.56480e-08
 Reference value :  5.61622e-08
 Reference value :  5.64799e-08
 Reference value :  5.66385e-08
 Reference value :  5.70874e-08
 Reference value :  5.74736e-08
 Reference value :  5.80059e-08
 Reference value :  5.83054e-08
 Reference value :  5.88100e-08
 Reference value :  5.91118e-08
 Reference value :  5.95497e-08
 Reference value :  5.98962e-08
 Reference value :  6.03886e-08
 Reference value :  6.08506e-08
 Reference value :  6.12405e-08
 Reference value :  6.16508e-08
 Reference value :  6.20695e-08
 Reference value :  6.25535e-08
 Reference value :  6.30084e-08
 Reference value :  6.35206e-08
 Reference value :  6.41576e-08
 Reference value :  6.46155e-08
 Reference value :  6.50104e-08
 Reference value :  6.55671e-08
 Reference value :  6.60917e-08
 Reference value :  6.66375e-08
 Reference value :  6.71185e-08
 Reference value :  6.75489e-08
 Reference value :  6.80945e-08
 Reference value :  6.85490e-08
 Reference value :  6.91555e-08
 Reference value :  6.96417e-08
 Reference value :  7.01505e-08
 Reference value :  7.07133e-08
 Reference value :  7.11710e-08
 Reference value :  7.15376e-08
 Reference value :  7.19900e-08
 Reference value :  7.24239e-08
 Reference value :  7.28471e-08
 Reference value :  7.34201e-08
 Reference value :  7.38432e-08
 Reference value :  7.42321e-08
 Reference value :  7.46419e-08
 Reference value :  7.50874e-08
 Reference value :  7.54654e-08
 Reference value :  7.55992e-08
 Reference value :  7.59947e-08
 Reference value :  7.68063e-08
 Reference value :  7.73857e-08
 Reference value :  7.78221e-08
 Reference value :  7.83208e-08
 Reference value :  7.87872e-08
 Reference value :  7.94246e-08
 Reference value :  7.98873e-08
 Reference value :  8.02396e-08
 Reference value :  8.06714e-08
 Reference value :  8.11887e-08
 Reference value :  8.15212e-08
 Reference value :  8.20065e-08
 Reference value :  8.26463e-08
 Reference value :  8.31985e-08
 Reference value :  8.36808e-08
 Reference value :  8.43463e-08
 Reference value :  8.47194e-08
 Reference value :  8.53309e-08
 Reference value :  8.57567e-08
 Reference value :  8.60920e-08
 Reference value :  8.66788e-08
 Reference value :  8.71227e-08
 Reference value :  8.76204e-08
 Reference value :  8.81305e-08
 Reference value :  8.85293e-08
 Reference value :  8.89344e-08
 Reference value :  8.91251e-08
 Reference value :  8.95060e-08
 Reference value :  9.01504e-08
 Reference value :  9.05219e-08
 Reference value :  9.10565e-08
 Reference value :  9.14972e-08
 Reference value :  9.20678e-08
 Reference value :  9.25916e-08
 Reference value :  9.30532e-08
 Reference value :  9.35894e-08
 Reference value :  9.41326e-08
 Reference value :  9.45528e-08
 Reference value :  9.49393e-08
 Reference value :  9.53500e-08
 Reference value :  9.59595e-08
 Reference value :  9.63762e-08
 Reference value :  9.69104e-08
 Reference value :  9.72387e-08
 Reference value :  9.78037e-08
 Reference value :  9.82407e-08
 Reference value :  9.85552e-08
 Reference value :  9.89147e-08
 Reference value :  9.94382e-08
 Reference value :  9.97860e-08
 Reference value :  1.00176e-07
 Reference value :  1.00493e-07
 Reference value :  1.00960e-07
 Reference value :  1.01423e-07
 Reference value :  1.01916e-07
 Reference value :  1.02320e-07
 Reference value :  1.02897e-07
 Reference value :  1.03322e-07
 Reference value :  1.03803e-07
 Reference value :  1.04317e-07
 Reference value :  1.04708e-07
 Reference value :  1.05230e-07
 Reference value :  1.05655e-07
 Reference value :  1.06027e-07
 Reference value :  1.06486e-07
 Reference value :  1.07031e-07
 Reference value :  1.07415e-07
 Reference value :  1.07591e-07
 Reference value :  1.08021e-07
 Reference value :  1.08494e-07
 Reference value :  1.08892e-07
 Reference value :  1.09388e-07
 Reference value :  1.09860e-07
 Reference value :  1.10308e-07
 Reference value :  1.10643e-07
 Reference value :  1.11092e-07
 Reference value :  1.11428e-07
 Reference value :  1.11908e-07
 Reference value :  1.12328e-07
 Reference value :  1.12993e-07
 Reference value :  1.13396e-07
 Reference value :  1.13703e-07
 Reference value :  1.14218e-07
 Reference value :  1.14744e-07
 Reference value :  1.15187e-07
 Reference value :  1.15529e-07
 Reference value :  1.15806e-07
 Reference value :  1.16299e-07
 Reference value :  1.16886e-07
 Reference value :  1.17453e-07
 Reference value :  1.18037e-07
 Reference value :  1.18750e-07
 Reference value :  1.19152e-07
 Reference value :  1.19771e-07
 Reference value :  1.20266e-07
 Reference value :  1.20633e-07
 Reference value :  1.21063e-07
 Reference value :  1.21550e-07
 Reference value :  1.22013e-07
 Reference value :  1.22411e-07
 Reference value :  1.22894e-07
 Reference value :  1.23226e-07
 Reference value :  1.23503e-07
 Reference value :  1.23985e-07
 Reference value :  1.24294e-07
 Reference value :  1.24643e-07
 Reference value :  1.25068e-07
 Reference value :  1.25505e-07
 Reference value :  1.25926e-07
 Reference value :  1.26517e-07
 Reference value :  1.26976e-07
 Reference value :  1.27436e-07
 Reference value :  1.27836e-07
 Reference value :  1.28263e-07
 Reference value :  1.28777e-07
 Reference value :  1.29090e-07
 Reference value :  1.29491e-07
 Reference value :  1.29824e-07
 Reference value :  1.30424e-07
 Reference value :  1.30873e-07
 Reference value :  1.31456e-07
 Reference value :  1.31877e-07
 Reference value :  1.32413e-07
 Reference value :  1.32901e-07
 Reference value :  1.33328e-07
 Reference value :  1.33952e-07
 Reference value :  1.34381e-07
 Reference value :  1.34769e-07
 Reference value :  1.35187e-07
 Reference value :  1.35833e-07
 Reference value :  1.36305e-07
 Reference value :  1.36789e-07
 Reference value :  1.37255e-07
 Reference value :  1.37636e-07
 Reference value :  1.38306e-07
 Reference value :  1.38918e-07
 Reference value :  1.39330e-07
 Reference value :  1.39904e-07
 Reference value :  1.40319e-07
 Reference value :  1.40831e-07
 Reference value :  1.41281e-07
 Reference value :  1.41738e-07
 Reference value :  1.42279e-07
 Reference value :  1.42663e-07
 Reference value :  1.43093e-07
 Reference value :  1.43514e-07
 Reference value :  1.43911e-07
 Reference value :  1.44285e-07
 Reference value :  1.44819e-07
 Reference value :  1.45213e-07
 Reference value :  1.45642e-07
 Reference value :  1.45986e-07
 Reference value :  1.46433e-07
 Reference value :  1.46781e-07
 Reference value :  1.47139e-07
 Reference value :  1.47313e-07
 Reference value :  1.47692e-07
 Reference value :  1.48270e-07
 Reference value :  1.48703e-07
 Reference value :  1.49174e-07
 Reference value :  1.49626e-07
 Reference value :  1.50119e-07
 Reference value :  1.50612e-07
 Reference value :  1.51031e-07
 Reference value :  1.51565e-07
 Reference value :  1.52013e-07
 Reference value :  1.52484e-07
 Reference value :  1.52816e-07
 Reference value :  1.53250e-07
 Reference value :  1.53730e-07
 Reference value :  1.54197e-07
 Reference value :  1.54623e-07
 Reference value :  1.55004e-07
 Reference value :  1.55523e-07
 Reference value :  1.55933e-07
 Reference value :  1.56265e-07
 Reference value :  1.56594e-07
 Reference value :  1.57074e-07
 Reference value :  1.57380e-07
 Reference value :  1.57712e-07
 Reference value :  1.58217e-07
 Reference value :  1.58630e-07
 Reference value :  1.59106e-07
 Reference value :  1.59456e-07
 Reference value :  1.59998e-07
 Reference value :  1.60309e-07
 Reference value :  1.60731e-07
 Reference value :  1.61105e-07
 Reference value :  1.61622e-07
 Reference value :  1.62009e-07
 Reference value :  1.62488e-07
 Reference value :  1.62874e-07
 Reference value :  1.63399e-07
 Reference value :  1.63839e-07
 Reference value :  1.64207e-07
 Reference value :  1.64562e-07
 Reference value :  1.65040e-07
 Reference value :  1.65552e-07
 Reference value :  1.66076e-07
 Reference value :  1.66560e-07
 Reference value :  1.66949e-07
 Reference value :  1.67396e-07
 Reference value :  1.67814e-07
 Reference value :  1.68277e-07
 Reference value :  1.68692e-07
 Reference value :  1.69169e-07
 Reference value :  1.69614e-07
 Reference value :  1.70047e-07
 Reference value :  1.70465e-07
 Reference value :  1.70994e-07
 Reference value :  1.71370e-07
 Reference value :  1.71862e-07
 Reference value :  1.72156e-07
 Reference value :  1.72581e-07
 Reference value :  1.72995e-07
 Reference value :  1.73591e-07
 Reference value :  1.74133e-07
 Reference value :  1.74552e-07
 Reference value :  1.75059e-07
 Reference value :  1.75484e-07
 Reference value :  1.75880e-07
 Reference value :  1.76336e-07
 Reference value :  1.76676e-07
 Reference value :  1.77091e-07
 Reference value :  1.77553e-07
 Reference value :  1.77883e-07
 Reference value :  1.78371e-07
 Reference value :  1.78775e-07
 Reference value :  1.79228e-07
 Reference value :  1.79598e-07
 Reference value :  1.80067e-07
 Reference value :  1.80492e-07
 Reference value :  1.80897e-07
 Reference value :  1.81304e-07
 Reference value :  1.81765e-07
 Reference value :  1.82096e-07
 Reference value :  1.82370e-07
 Reference value :  1.82840e-07
 Reference value :  1.83409e-07
 Reference value :  1.83841e-07
 Reference value :  1.84314e-07
 Reference value :  1.84680e-07
 Reference value :  1.85189e-07
 Reference value :  1.85590e-07
 Reference value :  1.86162e-07
 Reference value :  1.86488e-07
 Reference value :  1.86963e-07
 Reference value :  1.87219e-07
 Reference value :  1.87638e-07
 Reference value :  1.88092e-07
 Reference value :  1.88551e-07
 Reference value :  1.88872e-07
 Reference value :  1.89294e-07
 Reference value :  1.89715e-07
 Reference value :  1.90139e-07
 Reference value :  1.90554e-07
 Reference value :  1.90962e-07
 Reference value :  1.91469e-07
 Reference value :  1.91985e-07
 Reference value :  1.92394e-07
 Reference value :  1.93050e-07
 Reference value :  1.93555e-07
 Reference value :  1.93994e-07
 Reference value :  1.94395e-07
 Reference value :  1.94780e-07
 Reference value :  1.95217e-07
 Reference value :  1.95625e-07
 Reference value :  1.96097e-07
 Reference value :  1.96347e-07
 Reference value :  1.96822e-07
 Reference value :  1.97427e-07
 Reference value :  1.97925e-07
 Reference value :  1.98277e-07
 Reference value :  1.98910e-07
 Reference value :  1.99199e-07
 Reference value :  1.99608e-07
 Reference value :  1.99967e-07
 Reference value :  2.00389e-07
 Reference value :  2.00780e-07
 Reference value :  2.01135e-07
 Reference value :  2.01531e-07
 Reference value :  2.02001e-07
 Reference value :  2.02412e-07
 Reference value :  2.02839e-07
 Reference value :  2.03258e-07
 Reference value :  2.03712e-07
 Reference value :  2.04090e-07
 Reference value :  2.04593e-07
 Reference value :  2.04866e-07
 Reference value :  2.05355e-07
 Reference value :  2.05733e-07
 Reference value :  2.06201e-07
 Reference value :  2.06535e-07
 Reference value :  2.07026e-07
 Reference value :  2.07408e-07
 Reference value :  2.07881e-07
 Reference value :  2.08237e-07
 Reference value :  2.08721e-07
 Reference value :  2.08806e-07
 Reference value :  2.09152e-07
 Reference value :  2.09606e-07
 Reference value :  2.10013e-07
 Reference value :  2.10427e-07
 Reference value :  2.10847e-07
 Reference value :  2.11285e-07
 Reference value :  2.11639e-07
 Reference value :  2.12081e-07
 Reference value :  2.12449e-07
 Reference value :  2.12919e-07
 Reference value :  2.13362e-07
 Reference value :  2.13835e-07
 Reference value :  2.14334e-07
 Reference value :  2.14723e-07
 Reference value :  2.15258e-07
 Reference value :  2.15609e-07
 Reference value :  2.15995e-07
 Reference value :  2.16389e-07
 Reference value :  2.16711e-07
 Reference value :  2.17158e-07
 Reference value :  2.17598e-07
 Reference value :  2.18123e-07
 Reference value :  2.18463e-07
 Reference value :  2.18918e-07
 Reference value :  2.19409e-07
 Reference value :  2.19804e-07
 Reference value :  2.20110e-07
 Reference value :  2.20626e-07
 Reference value :  2.20964e-07
 Reference value :  2.21405e-07
 Reference value :  2.21905e-07
 Reference value :  2.22427e-07
 Reference value :  2.22765e-07
 Reference value :  2.23308e-07
 Reference value :  2.23763e-07
 Reference value :  2.24218e-07
 Reference value :  2.24687e-07
 Reference value :  2.25108e-07
 Reference value :  2.25549e-07
 Reference value :  2.25935e-07
 Reference value :  2.26385e-07
 Reference value :  2.26852e-07
 Reference value :  2.27388e-07
 Reference value :  2.27791e-07
 Reference value :  2.28141e-07
 Reference value :  2.28655e-07
 Reference value :  2.29095e-07
 Reference value :  2.29495e-07
 Reference value :  2.29992e-07
 Reference value :  2.30446e-07
 Reference value :  2.30929e-07
 Reference value :  2.31360e-07
 Reference value :  2.31796e-07
 Reference value :  2.32253e-07
 Reference value :  2.32707e-07
 Reference value :  2.33246e-07
 Reference value :  2.33578e-07
 Reference value :  2.34006e-07
 Reference value :  2.34368e-07
 Reference value :  2.34849e-07
 Reference value :  2.35221e-07
 Reference value :  2.35688e-07
 Reference value :  2.36085e-07
 Reference value :  2.36677e-07
 Reference value :  2.37145e-07
 Reference value :  2.37649e-07
 Reference value :  2.38169e-07
 Reference value :  2.38622e-07
 Reference value :  2.39076e-07
 Reference value :  2.39505e-07
 Reference value :  2.39860e-07
 Reference value :  2.40222e-07
 Reference value :  2.40659e-07
 Reference value :  2.41061e-07
 Reference value :  2.41588e-07
 Reference value :  2.41910e-07
 Reference value :  2.42376e-07
 Reference value :  2.42825e-07
 Reference value :  2.43221e-07
 Reference value :  2.43661e-07
 Reference value :  2.44188e-07
 Reference value :  2.44787e-07
 Reference value :  2.45223e-07
 Reference value :  2.45656e-07
 Reference value :  2.46101e-07
 Reference value :  2.46581e-07
 Reference value :  2.47006e-07
 Reference value :  2.47551e-07
 Reference value :  2.47975e-07
 Reference value :  2.48439e-07
 Reference value :  2.48843e-07
 Reference value :  2.49227e-07
 Reference value :  2.49628e-07
 Reference value :  2.50071e-07
 Reference value :  2.50515e-07
 Reference value :  2.50923e-07
 Reference value :  2.51519e-07
 Reference value :  2.51832e-07
 Reference value :  2.52276e-07
 Reference value :  2.52618e-07
 Reference value :  2.53061e-07
 Reference value :  2.53466e-07
 Reference value :  2.53891e-07
 Reference value :  2.54317e-07
 Reference value :  2.54548e-07
 Reference value :  2.55066e-07
 Reference value :  2.55426e-07
 Reference value :  2.55784e-07
 Reference value :  2.56164e-07
 Reference value :  2.56487e-07
 Reference value :  2.56784e-07
 Reference value :  2.57234e-07
 Reference value :  2.57821e-07
 Reference value :  2.58260e-07
 Reference value :  2.58646e-07
 Reference value :  2.59091e-07
 Reference value :  2.59515e-07
 Reference value :  2.59921e-07
 Reference value :  2.60351e-07
 Reference value :  2.60817e-07
 Reference value :  2.61192e-07
 Reference value :  2.61672e-07
 Reference value :  2.62065e-07
 Reference value :  2.62634e-07
 Reference value :  2.62810e-07
 Reference value :  2.63284e-07
 Reference value :  2.63697e-07
 Reference value :  2.64190e-07
 Reference value :  2.64645e-07
 Reference value :  2.65095e-07
 Reference value :  2.65487e-07
 Reference value :  2.65982e-07
 Reference value :  2.66459e-07
 Reference value :  2.66889e-07
 Reference value :  2.67281e-07
 Reference value :  2.67866e-07
 Reference value :  2.68394e-07
 Reference value :  2.68809e-07
 Reference value :  2.69422e-07
 Reference value :  2.69876e-07
 Reference value :  2.70254e-07
 Reference value :  2.70647e-07
 Reference value :  2.71005e-07
 Reference value :  2.71487e-07
 Reference value :  2.72076e-07
 Reference value :  2.72568e-07
 Reference value :  2.73006e-07
 Reference value :  2.73476e-07
 Reference value :  2.73912e-07
 Reference value :  2.74382e-07
 Reference value :  2.74759e-07
 Reference value :  2.75297e-07
 Reference value :  2.75582e-07
 Reference value :  2.76087e-07
 Reference value :  2.76476e-07
 Reference value :  2.76632e-07
 Reference value :  2.76961e-07
 Reference value :  2.77421e-07
 Reference value :  2.77801e-07
 Reference value :  2.78496e-07
 Reference value :  2.78955e-07
 Reference value :  2.79397e-07
 Reference value :  2.79792e-07
 Reference value :  2.80179e-07
 Reference value :  2.80741e-07
 Reference value :  2.81401e-07
 Reference value :  2.82030e-07
 Reference value :  2.82354e-07
 Reference value :  2.82873e-07
 Reference value :  2.83252e-07
 Reference value :  2.83618e-07
 Reference value :  2.84146e-07
 Reference value :  2.84774e-07
 Reference value :  2.85249e-07
 Reference value :  2.85799e-07
 Reference value :  2.86374e-07
 Reference value :  2.86776e-07
 Reference value :  2.87317e-07
 Reference value :  2.87804e-07
 Reference value :  2.88244e-07
 Reference value :  2.88644e-07
 Reference value :  2.88789e-07
 Reference value :  2.88964e-07
 Reference value :  2.89269e-07
 Reference value :  2.89870e-07
 Reference value :  2.90346e-07
 Reference value :  2.90802e-07
 Reference value :  2.91183e-07
 Reference value :  2.91474e-07
 Reference value :  2.91595e-07
 Reference value :  2.92218e-07
 Reference value :  2.92628e-07
 Reference value :  2.93232e-07
 Reference value :  2.93700e-07
 Reference value :  2.94135e-07
 Reference value :  2.94389e-07
 Reference value :  2.94817e-07
 Reference value :  2.95343e-07
 Reference value :  2.95753e-07
 Reference value :  2.96288e-07
 Reference value :  2.96631e-07
 Reference value :  2.97102e-07
 Reference value :  2.97524e-07
 Reference value :  2.97905e-07
 Reference value :  2.98159e-07
 Reference value :  2.98712e-07
 Reference value :  2.99196e-07
 Reference value :  2.99683e-07
 Reference value :  3.00055e-07
 Reference value :  3.00488e-07
 Reference value :  3.00944e-07
 Reference value :  3.01270e-07
 Reference value :  3.01613e-07
 Reference value :  3.01973e-07
 Reference value :  3.02360e-07
 Reference value :  3.02772e-07
 Reference value :  3.03216e-07
 Reference value :  3.03755e-07
 Reference value :  3.04154e-07
 Reference value :  3.04599e-07
 Reference value :  3.04941e-07
 Reference value :  3.05327e-07
 Reference value :  3.05570e-07
 Reference value :  3.05956e-07
 Reference value :  3.06454e-07
 Reference value :  3.06827e-07
 Reference value :  3.07346e-07
 Reference value :  3.07623e-07
 Reference value :  3.07915e-07
 Reference value :  3.08326e-07
 Reference value :  3.08790e-07
 Reference value :  3.09193e-07
 Reference value :  3.09355e-07
 Reference value :  3.09746e-07
 Reference value :  3.10073e-07
 Reference value :  3.10565e-07
 Reference value :  3.11005e-07
 Reference value :  3.11443e-07
 Reference value :  3.11863e-07
 Reference value :  3.12091e-07
 Reference value :  3.12453e-07
 Reference value :  3.12712e-07
 Reference value :  3.13204e-07
 Reference value :  3.13785e-07
 Reference value :  3.14220e-07
 Reference value :  3.14522e-07
 Reference value :  3.14772e-07
 Reference value :  3.15161e-07
 Reference value :  3.15666e-07
 Reference value :  3.16093e-07
 Reference value :  3.16575e-07
 Reference value :  3.16848e-07
 Reference value :  3.17396e-07
 Reference value :  3.17740e-07
 Reference value :  3.18019e-07
 Reference value :  3.18367e-07
 Reference value :  3.18668e-07
 Reference value :  3.19284e-07
 Reference value :  3.19695e-07
 Reference value :  3.20136e-07
 Reference value :  3.20523e-07
 Reference value :  3.20997e-07
 Reference value :  3.21451e-07
 Reference value :  3.21908e-07
 Reference value :  3.22295e-07
 Reference value :  3.22489e-07
 Reference value :  3.22731e-07
 Reference value :  3.23249e-07
 Reference value :  3.23665e-07
 Reference value :  3.24261e-07
 Reference value :  3.24776e-07
 Reference value :  3.25294e-07
 Reference value :  3.25648e-07
 Reference value :  3.25937e-07
 Reference value :  3.26227e-07
 Reference value :  3.26795e-07
 Reference value :  3.26993e-07
 Reference value :  3.27490e-07
 Reference value :  3.28035e-07
 Reference value :  3.28285e-07
 Reference value :  3.28575e-07
 Reference value :  3.28993e-07
 Reference value :  3.29411e-07
 Reference value :  3.29807e-07
 Reference value :  3.30270e-07
 Reference value :  3.30685e-07
 Reference value :  3.30783e-07
 Reference value :  3.31278e-07
 Reference value :  3.31727e-07
 Reference value :  3.32064e-07
 Reference value :  3.32546e-07
 Reference value :  3.32964e-07
 Reference value :  3.33294e-07
 Reference value :  3.33614e-07
 Reference value :  3.34059e-07
 Reference value :  3.34507e-07
 Reference value :  3.34979e-07
 Reference value :  3.35457e-07
 Reference value :  3.35712e-07
 Reference value :  3.36007e-07
 Reference value :  3.36522e-07
 Reference value :  3.36966e-07
 Reference value :  3.37335e-07
 Reference value :  3.37707e-07
 Reference value :  3.38197e-07
 Reference value :  3.38646e-07
 Reference value :  3.39112e-07
 Reference value :  3.39448e-07
 Reference value :  3.39804e-07
 Reference value :  3.40167e-07
 Reference value :  3.40480e-07
 Reference value :  3.41092e-07
 Reference value :  3.41743e-07
 Reference value :  3.41996e-07
 Reference value :  3.42392e-07
 Reference value :  3.42840e-07
 Reference value :  3.43376e-07
 Reference value :  3.44013e-07
 Reference value :  3.44330e-07
 Reference value :  3.44752e-07
 Reference value :  3.45191e-07
 Reference value :  3.45474e-07
 Reference value :  3.45905e-07
 Reference value :  3.46297e-07
 Reference value :  3.46728e-07
 Reference value :  3.47131e-07
 Reference value :  3.47479e-07
 Reference value :  3.47892e-07
 Reference value :  3.48347e-07
 Reference value :  3.48733e-07
 Reference value :  3.49131e-07
 Reference value :  3.49418e-07
 Reference value :  3.49560e-07
 Reference value :  3.50004e-07
 Reference value :  3.50443e-07
 Reference value :  3.50857e-07
 Reference value :  3.51249e-07
 Reference value :  3.51696e-07
 Reference value :  3.51946e-07
 Reference value :  3.52499e-07
 Reference value :  3.52925e-07
 Reference value :  3.53515e-07
 Reference value :  3.54006e-07
 Reference value :  3.54521e-07
 Reference value :  3.54961e-07
 Reference value :  3.55093e-07
 Reference value :  3.55428e-07
 Reference value :  3.55915e-07
 Reference value :  3.56331e-07
 Reference value :  3.56758e-07
 Reference value :  3.57161e-07
 Reference value :  3.57385e-07
 Reference value :  3.57535e-07
 Reference value :  3.57607e-07
 Reference value :  3.57986e-07
 Reference value :  3.58439e-07
 Reference value :  3.58823e-07
 Reference value :  3.59275e-07
 Reference value :  3.59739e-07
 Reference value :  3.60133e-07
 Reference value :  3.60511e-07
 Reference value :  3.60926e-07
 Reference value :  3.61277e-07
 Reference value :  3.61666e-07
 Reference value :  3.62073e-07
 Reference value :  3.62512e-07
 Reference value :  3.62716e-07
 Reference value :  3.62917e-07
 Reference value :  3.63433e-07
 Reference value :  3.63891e-07
 Reference value :  3.64290e-07
 Reference value :  3.64636e-07
 Reference value :  3.64820e-07
 Reference value :  3.64917e-07
 Reference value :  3.65456e-07
 Reference value :  3.66028e-07
 Reference value :  3.66591e-07
 Reference value :  3.67143e-07
 Reference value :  3.67434e-07
 Reference value :  3.67677e-07
 Reference value :  3.68142e-07
 Reference value :  3.68598e-07
 Reference value :  3.68958e-07
 Reference value :  3.69172e-07
 Reference value :  3.69389e-07
 Reference value :  3.69776e-07
 Reference value :  3.70230e-07
 Reference value :  3.70593e-07
 Reference value :  3.71030e-07
 Reference value :  3.71457e-07
 Reference value :  3.71923e-07
 Reference value :  3.72270e-07
 Reference value :  3.72671e-07
 Reference value :  3.72921e-07
 Reference value :  3.73371e-07
 Reference value :  3.73989e-07
 Reference value :  3.74452e-07
 Reference value :  3.74946e-07
 Reference value :  3.75253e-07
 Reference value :  3.75672e-07
 Reference value :  3.76117e-07
 Reference value :  3.76618e-07
 Reference value :  3.77177e-07
 Reference value :  3.77547e-07
 Reference value :  3.77841e-07
 Reference value :  3.78294e-07
 Reference value :  3.78755e-07
 Reference value :  3.79268e-07
 Reference value :  3.79624e-07
 Reference value :  3.79809e-07
 Reference value :  3.80072e-07
 Reference value :  3.80709e-07
 Reference value :  3.81153e-07
 Reference value :  3.81596e-07
 Reference value :  3.82193e-07
 Reference value :  3.82821e-07
 Reference value :  3.83273e-07
 Reference value :  3.83552e-07
 Reference value :  3.83934e-07
 Reference value :  3.84390e-07
 Reference value :  3.84945e-07
 Reference value :  3.85377e-07
 Reference value :  3.85907e-07
 Reference value :  3.86237e-07
 Reference value :  3.86637e-07
 Reference value :  3.87125e-07
 Reference value :  3.87577e-07
 Reference value :  3.88015e-07
 Reference value :  3.88344e-07
 Reference value :  3.88657e-07
 Reference value :  3.89115e-07
 Reference value :  3.89560e-07
 Reference value :  3.89962e-07
 Reference value :  3.90480e-07
 Reference value :  3.90823e-07
 Reference value :  3.91183e-07
 Reference value :  3.91646e-07
 Reference value :  3.91912e-07
 Reference value :  3.92406e-07
 Reference value :  3.92800e-07
 Reference value :  3.93052e-07
 Reference value :  3.93172e-07
 Reference value :  3.93620e-07
 Reference value :  3.94051e-07
 Reference value :  3.94441e-07
 Reference value :  3.94907e-07
 Reference value :  3.95233e-07
 Reference value :  3.95664e-07
 Reference value :  3.96085e-07
 Reference value :  3.96473e-07
 Reference value :  3.96844e-07
 Reference value :  3.97044e-07
 Reference value :  3.97371e-07
 Reference value :  3.97858e-07
 Reference value :  3.98245e-07
 Reference value :  3.98601e-07
 Reference value :  3.98772e-07
 Reference value :  3.99002e-07
 Reference value :  3.99139e-07
 Reference value :  3.99515e-07
 Reference value :  3.99917e-07
 Reference value :  4.00170e-07
 Reference value :  4.00643e-07
 Reference value :  4.00934e-07
 Reference value :  4.01220e-07
 Reference value :  4.01541e-07
 Reference value :  4.02043e-07
 Reference value :  4.02562e-07
 Reference value :  4.02809e-07
 Reference value :  4.03392e-07
 Reference value :  4.03814e-07
 Reference value :  4.04233e-07
 Reference value :  4.04620e-07
 Reference value :  4.05013e-07
 Reference value :  4.05273e-07
 Reference value :  4.05650e-07
 Reference value :  4.06019e-07
 Reference value :  4.06491e-07
 Reference value :  4.06883e-07
 Reference value :  4.07548e-07
 Reference value :  4.07730e-07
 Reference value :  4.08293e-07
 Reference value :  4.08624e-07
 Reference value :  4.08971e-07
 Reference value :  4.09356e-07
 Reference value :  4.09806e-07
 Reference value :  4.10120e-07
 Reference value :  4.10371e-07
 Reference value :  4.10840e-07
 Reference value :  4.11239e-07
 Reference value :  4.11543e-07
 Reference value :  4.11747e-07
 Reference value :  4.12031e-07
 Reference value :  4.12510e-07
 Reference value :  4.12935e-07
 Reference value :  4.13468e-07
 Reference value :  4.13652e-07
 Reference value :  4.14051e-07
 Reference value :  4.14335e-07
 Reference value :  4.14833e-07
 Reference value :  4.15174e-07
 Reference value :  4.15488e-07
 Reference value :  4.15956e-07
 Reference value :  4.16147e-07
 Reference value :  4.16639e-07
 Reference value :  4.17042e-07
 Reference value :  4.17470e-07
 Reference value :  4.17921e-07
 Reference value :  4.18300e-07
 Reference value :  4.18630e-07
 Reference value :  4.19106e-07
 Reference value :  4.19519e-07
 Reference value :  4.19937e-07
 Reference value :  4.20287e-07
 Reference value :  4.20434e-07
 Reference value :  4.20725e-07
 Reference value :  4.20871e-07
 Reference value :  4.21183e-07
 Reference value :  4.21484e-07
 Reference value :  4.21761e-07
 Reference value :  4.22057e-07
 Reference value :  4.22297e-07
 Reference value :  4.22583e-07
 Reference value :  4.22890e-07
 Reference value :  4.23325e-07
 Reference value :  4.23636e-07
 Reference value :  4.24042e-07
 Reference value :  4.24544e-07
 Reference value :  4.25006e-07
 Reference value :  4.25210e-07
 Reference value :  4.25560e-07
 Reference value :  4.25886e-07
 Reference value :  4.26230e-07
 Reference value :  4.26738e-07
 Reference value :  4.27215e-07
 Reference value :  4.27582e-07
 Reference value :  4.27826e-07
 Reference value :  4.28365e-07
 Reference value :  4.28730e-07
 Reference value :  4.29160e-07
 Reference value :  4.29596e-07
 Reference value :  4.30031e-07
 Reference value :  4.30419e-07
 Reference value :  4.30689e-07
 Reference value :  4.31131e-07
 Reference value :  4.31377e-07
 Reference value :  4.31675e-07
 Reference value :  4.31824e-07
 Reference value :  4.32204e-07
 Reference value :  4.32785e-07
 Reference value :  4.33306e-07
 Reference value :  4.33840e-07
 Reference value :  4.34082e-07
 Reference value :  4.34351e-07
 Reference value :  4.34738e-07
 Reference value :  4.35191e-07
 Reference value :  4.35491e-07
 Reference value :  4.35697e-07
 Reference value :  4.36086e-07
 Reference value :  4.36602e-07
 Reference value :  4.37181e-07
 Reference value :  4.37656e-07
 Reference value :  4.38092e-07
 Reference value :  4.38644e-07
 Reference value :  4.39010e-07
 Reference value :  4.39440e-07
 Reference value :  4.39863e-07
 Reference value :  4.40256e-07
 Reference value :  4.40659e-07
 Reference value :  4.41156e-07
 Reference value :  4.41540e-07
 Reference value :  4.41800e-07
 Reference value :  4.42236e-07
 Reference value :  4.42691e-07
 Reference value :  4.43149e-07
 Reference value :  4.43694e-07
 Reference value :  4.44128e-07
 Reference value :  4.44483e-07
 Reference value :  4.44703e-07
 Reference value :  4.45202e-07
 Reference value :  4.45511e-07
 Reference value :  4.45635e-07
 Reference value :  4.45830e-07
 Reference value :  4.46414e-07
 Reference value :  4.46809e-07
 Reference value :  4.47233e-07
 Reference value :  4.47848e-07
 Reference value :  4.48184e-07
 Reference value :  4.48468e-07
 Reference value :  4.48909e-07
 Reference value :  4.49337e-07
 Reference value :  4.49834e-07
 Reference value :  4.50210e-07
 Reference value :  4.50537e-07
 Reference value :  4.50908e-07
 Reference value :  4.51141e-07
 Reference value :  4.51529e-07
 Reference value :  4.51970e-07
 Reference value :  4.52381e-07
 Reference value :  4.52787e-07
 Reference value :  4.53172e-07
 Reference value :  4.53621e-07
 Reference value :  4.54019e-07
 Reference value :  4.54452e-07
 Reference value :  4.54895e-07
 Reference value :  4.55362e-07
 Reference value :  4.55501e-07
 Reference value :  4.55927e-07
 Reference value :  4.56436e-07
 Reference value :  4.56805e-07
 Reference value :  4.57179e-07
 Reference value :  4.57530e-07
 Reference value :  4.57977e-07
 Reference value :  4.58489e-07
 Reference value :  4.58925e-07
 Reference value :  4.59167e-07
 Reference value :  4.59694e-07
 Reference value :  4.60124e-07
 Reference value :  4.60776e-07
 Reference value :  4.61335e-07
 Reference value :  4.61804e-07
 Reference value :  4.62195e-07
 Reference value :  4.62594e-07
 Reference value :  4.63045e-07
 Reference value :  4.63533e-07
 Reference value :  4.63954e-07
 Reference value :  4.64485e-07
 Reference value :  4.64940e-07
 Reference value :  4.65385e-07
 Reference value :  4.65799e-07
 Reference value :  4.66253e-07
 Reference value :  4.66682e-07
 Reference value :  4.67215e-07
 Reference value :  4.67675e-07
 Reference value :  4.68070e-07
 Reference value :  4.68523e-07
 Reference value :  4.68909e-07
 Reference value :  4.69309e-07
 Reference value :  4.69773e-07
 Reference value :  4.70267e-07
 Reference value :  4.70664e-07
 Reference value :  4.71216e-07
 Reference value :  4.71566e-07
 Reference value :  4.71882e-07
 Reference value :  4.72234e-07
 Reference value :  4.72553e-07
 Reference value :  4.73055e-07
 Reference value :  4.73498e-07
 Reference value :  4.73935e-07
 Reference value :  4.74356e-07
 Reference value :  4.74968e-07
 Reference value :  4.75504e-07
 Reference value :  4.75946e-07
 Reference value :  4.76449e-07
 Reference value :  4.76958e-07
 Reference value :  4.77473e-07
 Reference value :  4.78178e-07
 Reference value :  4.78614e-07
 Reference value :  4.79075e-07
 Reference value :  4.79668e-07
 Reference value :  4.80232e-07
 Reference value :  4.80711e-07
 Reference value :  4.81385e-07
 Reference value :  4.81782e-07
 Reference value :  4.82311e-07
 Reference value :  4.82791e-07
 Reference value :  4.83283e-07
 Reference value :  4.83721e-07
 Reference value :  4.84344e-07
 Reference value :  4.84900e-07
 Reference value :  4.85312e-07
 Reference value :  4.85768e-07
 Reference value :  4.86249e-07
 Reference value :  4.86810e-07
 Reference value :  4.87187e-07
 Reference value :  4.87783e-07
 Reference value :  4.88266e-07
 Reference value :  4.88705e-07
 Reference value :  4.89159e-07
 Reference value :  4.89665e-07
 Reference value :  4.90311e-07
 Reference value :  4.90826e-07
 Reference value :  4.91271e-07
 Reference value :  4.91724e-07
 Reference value :  4.92215e-07
 Reference value :  4.92515e-07
 Reference value :  4.92976e-07
 Reference value :  4.93403e-07
 Reference value :  4.93858e-07
 Reference value :  4.94407e-07
 Reference value :  4.94900e-07
 Reference value :  4.95496e-07
 Reference value :  4.96095e-07
 Reference value :  4.96570e-07
 Reference value :  4.97070e-07
 Reference value :  4.97590e-07
 Reference value :  4.98074e-07
 Reference value :  4.98362e-07
 Reference value :  4.98751e-07
 Reference value :  4.99296e-07
 Reference value :  4.99726e-07
 Reference value :  5.00081e-07
 Reference value :  5.00450e-07
 Reference value :  5.00981e-07
 Reference value :  5.01387e-07
 Reference value :  5.01955e-07
 Reference value :  5.02477e-07
 Reference value :  5.02932e-07
 Reference value :  5.03303e-07
 Reference value :  5.03631e-07
 Reference value :  5.03959e-07
 Reference value :  5.04458e-07
 Reference value :  5.05166e-07
 Reference value :  5.05663e-07
 Reference value :  5.06206e-07
 Reference value :  5.06499e-07
 Reference value :  5.07057e-07
 Reference value :  5.07578e-07
 Reference value :  5.08057e-07
 Reference value :  5.08749e-07
 Reference value :  5.09075e-07
 Reference value :  5.09611e-07
 Reference value :  5.10290e-07
 Reference value :  5.10833e-07
 Reference value :  5.11320e-07
 Reference value :  5.11968e-07
 Reference value :  5.12381e-07
 Reference value :  5.12973e-07
 Reference value :  5.13364e-07
 Reference value :  5.14039e-07
 Reference value :  5.14577e-07
 Reference value :  5.15074e-07
 Reference value :  5.15749e-07
 Reference value :  5.16177e-07
 Reference value :  5.16758e-07
 Reference value :  5.17438e-07
 Reference value :  5.17934e-07
 Reference value :  5.18497e-07
 Reference value :  5.19090e-07
 Reference value :  5.19615e-07
 Reference value :  5.19966e-07
 Reference value :  5.20350e-07
 Reference value :  5.20829e-07
 Reference value :  5.21285e-07
 Reference value :  5.21800e-07
 Reference value :  5.22369e-07
 Reference value :  5.22794e-07
 Reference value :  5.23334e-07
 Reference value :  5.23790e-07
 Reference value :  5.24246e-07
 Reference value :  5.24770e-07
 Reference value :  5.25231e-07
 Reference value :  5.25919e-07
 Reference value :  5.26417e-07
 Reference value :  5.26931e-07
 Reference value :  5.27341e-07
 Reference value :  5.27826e-07
 Reference value :  5.28425e-07
 Reference value :  5.28908e-07
 Reference value :  5.29487e-07
 Reference value :  5.30134e-07
 Reference value :  5.30749e-07
 Reference value :  5.31202e-07
 Reference value :  5.31692e-07
 Reference value :  5.32124e-07
 Reference value :  5.32734e-07
 Reference value :  5.33324e-07
 Reference value :  5.33822e-07
 Reference value :  5.34337e-07
 Reference value :  5.34801e-07
 Reference value :  5.35241e-07
 Reference value :  5.35717e-07
 Reference value :  5.36151e-07
 Reference value :  5.36695e-07
 Reference value :  5.37127e-07
 Reference value :  5.37622e-07
 Reference value :  5.38110e-07
 Reference value :  5.38482e-07
 Reference value :  5.38939e-07
 Reference value :  5.39607e-07
 Reference value :  5.40060e-07
 Reference value :  5.40438e-07
 Reference value :  5.40913e-07
 Reference value :  5.41430e-07
 Reference value :  5.41771e-07
 Reference value :  5.42206e-07
 Reference value :  5.42642e-07
 Reference value :  5.43124e-07
 Reference value :  5.43530e-07
 Reference value :  5.43919e-07
 Reference value :  5.44407e-07
 Reference value :  5.44877e-07
 Reference value :  5.45299e-07
 Reference value :  5.45660e-07
 Reference value :  5.46157e-07
 Reference value :  5.46504e-07
 Reference value :  5.46900e-07
 Reference value :  5.47212e-07
 Reference value :  5.47675e-07
 Reference value :  5.48136e-07
 Reference value :  5.48510e-07
 Reference value :  5.48967e-07
 Reference value :  5.49351e-07
 Reference value :  5.49780e-07
 Reference value :  5.50142e-07
 Reference value :  5.50549e-07
 Reference value :  5.51044e-07
 Reference value :  5.51575e-07
 Reference value :  5.52175e-07
 Reference value :  5.52633e-07
 Reference value :  5.53064e-07
 Reference value :  5.53508e-07
 Reference value :  5.53916e-07
 Reference value :  5.54381e-07
 Reference value :  5.54765e-07
 Reference value :  5.55172e-07
 Reference value :  5.55571e-07
 Reference value :  5.56077e-07
 Reference value :  5.56461e-07
 Reference value :  5.56946e-07
 Reference value :  5.57334e-07
 Reference value :  5.57875e-07
 Reference value :  5.58291e-07
 Reference value :  5.58703e-07
 Reference value :  5.59060e-07
 Reference value :  5.59739e-07
 Reference value :  5.60097e-07
 Reference value :  5.60539e-07
 Reference value :  5.60803e-07
 Reference value :  5.61269e-07
 Reference value :  5.61702e-07
 Reference value :  5.62111e-07
 Reference value :  5.62480e-07
 Reference value :  5.62875e-07
 Reference value :  5.63194e-07
 Reference value :  5.63680e-07
 Reference value :  5.64128e-07
 Reference value :  5.64609e-07
 Reference value :  5.65012e-07
 Reference value :  5.65387e-07
 Reference value :  5.65712e-07
 Reference value :  5.66229e-07
 Reference value :  5.66601e-07
 Reference value :  5.67335e-07
 Reference value :  5.67774e-07
 Reference value :  5.68221e-07
 Reference value :  5.68764e-07
 Reference value :  5.69156e-07
 Reference value :  5.69609e-07
 Reference value :  5.70117e-07
 Reference value :  5.70581e-07
 Reference value :  5.70883e-07
 Reference value :  5.71481e-07
 Reference value :  5.71922e-07
 Reference value :  5.72344e-07
 Reference value :  5.72483e-07
 Reference value :  5.73144e-07
 Reference value :  5.73498e-07
 Reference value :  5.73680e-07
 Reference value :  5.74069e-07
 Reference value :  5.74612e-07
 Reference value :  5.75011e-07
 Reference value :  5.75495e-07
 Reference value :  5.76017e-07
 Reference value :  5.76405e-07
 Reference value :  5.76841e-07
 Reference value :  5.77202e-07
 Reference value :  5.77609e-07
 Reference value :  5.78113e-07
 Reference value :  5.78472e-07
 Reference value :  5.78874e-07
 Reference value :  5.79248e-07
 Reference value :  5.79687e-07
 Reference value :  5.79914e-07
 Reference value :  5.80133e-07
 Reference value :  5.80368e-07
 Reference value :  5.80706e-07
 Reference value :  5.81157e-07
 Reference value :  5.81610e-07
 Reference value :  5.81878e-07
 Reference value :  5.82242e-07
 Reference value :  5.82895e-07
 Reference value :  5.83352e-07
 Reference value :  5.83886e-07
 Reference value :  5.84362e-07
 Reference value :  5.84950e-07
 Reference value :  5.85664e-07
 Reference value :  5.86246e-07
 Reference value :  5.86708e-07
 Reference value :  5.87293e-07
 Reference value :  5.87740e-07
 Reference value :  5.88383e-07
 Reference value :  5.88898e-07
 Reference value :  5.89267e-07
 Reference value :  5.89749e-07
 Reference value :  5.90208e-07
 Reference value :  5.90674e-07
 Reference value :  5.90976e-07
 Reference value :  5.91447e-07
 Reference value :  5.91823e-07
 Reference value :  5.92234e-07
 Reference value :  5.92616e-07
 Reference value :  5.93095e-07
 Reference value :  5.93481e-07
 Reference value :  5.93906e-07
 Reference value :  5.94261e-07
 Reference value :  5.94696e-07
 Reference value :  5.95070e-07
 Reference value :  5.95201e-07
 Reference value :  5.95666e-07
 Reference value :  5.96197e-07
 Reference value :  5.96652e-07
 Reference value :  5.97121e-07
 Reference value :  5.97497e-07
 Reference value :  5.97934e-07
 Reference value :  5.98334e-07
 Reference value :  5.98776e-07
 Reference value :  5.99138e-07
 Reference value :  5.99497e-07
 Reference value :  5.99914e-07
 Reference value :  6.00279e-07
 Reference value :  6.00744e-07
 Reference value :  6.01064e-07
 Reference value :  6.01598e-07
 Reference value :  6.02080e-07
 Reference value :  6.02619e-07
 Reference value :  6.02995e-07
 Reference value :  6.03516e-07
 Reference value :  6.03882e-07
 Reference value :  6.04308e-07
 Reference value :  6.04743e-07
 Reference value :  6.05220e-07
 Reference value :  6.05718e-07
 Reference value :  6.06099e-07
 Reference value :  6.06660e-07
 Reference value :  6.07133e-07
 Reference value :  6.07526e-07
 Reference value :  6.08000e-07
 Reference value :  6.08504e-07
 Reference value :  6.09058e-07
 Reference value :  6.09432e-07
 Reference value :  6.09930e-07
 Reference value :  6.10370e-07
 Reference value :  6.10809e-07
 Reference value :  6.11153e-07
 Reference value :  6.11729e-07
 Reference value :  6.12144e-07
 Reference value :  6.12645e-07
 Reference value :  6.13079e-07
 Reference value :  6.13574e-07
 Reference value :  6.13894e-07
 Reference value :  6.14263e-07
 Reference value :  6.14623e-07
 Reference value :  6.15083e-07
 Reference value :  6.15512e-07
 Reference value :  6.15878e-07
 Reference value :  6.16342e-07
 Reference value :  6.16916e-07
 Reference value :  6.17454e-07
 Reference value :  6.17831e-07
 Reference value :  6.18343e-07
 Reference value :  6.18767e-07
 Reference value :  6.19156e-07
 Reference value :  6.19518e-07
 Reference value :  6.19987e-07
 Reference value :  6.20516e-07
 Reference value :  6.20854e-07
 Reference value :  6.21246e-07
 Reference value :  6.21719e-07
 Reference value :  6.22097e-07
 Reference value :  6.22660e-07
 Reference value :  6.23077e-07
 Reference value :  6.23274e-07
 Reference value :  6.23743e-07
 Reference value :  6.24221e-07
 Reference value :  6.24615e-07
 Reference value :  6.25097e-07
 Reference value :  6.25459e-07
 Reference value :  6.25933e-07
 Reference value :  6.26392e-07
 Reference value :  6.26858e-07
 Reference value :  6.27282e-07
 Reference value :  6.27751e-07
 Reference value :  6.28150e-07
 Reference value :  6.28736e-07
 Reference value :  6.29239e-07
 Reference value :  6.29625e-07
 Reference value :  6.30085e-07
 Reference value :  6.30486e-07
 Reference value :  6.30888e-07
 Reference value :  6.31248e-07
 Reference value :  6.31683e-07
 Reference value :  6.32047e-07
 Reference value :  6.32372e-07
 Reference value :  6.32909e-07
 Reference value :  6.33457e-07
 Reference value :  6.33856e-07
 Reference value :  6.34305e-07
 Reference value :  6.34675e-07
 Reference value :  6.35313e-07
 Reference value :  6.35693e-07
 Reference value :  6.36305e-07
 Reference value :  6.36657e-07
 Reference value :  6.36880e-07
 Reference value :  6.37379e-07
 Reference value :  6.37900e-07
 Reference value :  6.38320e-07
 Reference value :  6.38957e-07
 Reference value :  6.39535e-07
 Reference value :  6.39868e-07
 Reference value :  6.40418e-07
 Reference value :  6.41003e-07
 Reference value :  6.41446e-07
 Reference value :  6.41898e-07
 Reference value :  6.42333e-07
 Reference value :  6.42873e-07
 Reference value :  6.43392e-07
 Reference value :  6.43864e-07
 Reference value :  6.44344e-07
 Reference value :  6.44725e-07
 Reference value :  6.45139e-07
 Reference value :  6.45532e-07
 Reference value :  6.45832e-07
 Reference value :  6.46221e-07
 Reference value :  6.46554e-07
 Reference value :  6.46931e-07
 Reference value :  6.47361e-07
 Reference value :  6.47763e-07
 Reference value :  6.48122e-07
 Reference value :  6.48573e-07
 Reference value :  6.48988e-07
 Reference value :  6.49418e-07
 Reference value :  6.49825e-07
 Reference value :  6.50211e-07
 Reference value :  6.50685e-07
 Reference value :  6.51091e-07
 Reference value :  6.51489e-07
 Reference value :  6.52089e-07
 Reference value :  6.52496e-07
 Reference value :  6.52954e-07
 Reference value :  6.53198e-07
 Reference value :  6.53620e-07
 Reference value :  6.53915e-07
 Reference value :  6.54164e-07
 Reference value :  6.54503e-07
 Reference value :  6.54794e-07
 Reference value :  6.55304e-07
 Reference value :  6.55732e-07
 Reference value :  6.56160e-07
 Reference value :  6.56533e-07
 Reference value :  6.56975e-07
 Reference value :  6.57261e-07
 Reference value :  6.57802e-07
 Reference value :  6.58105e-07
 Reference value :  6.58428e-07
 Reference value :  6.58744e-07
 Reference value :  6.59151e-07
 Reference value :  6.59715e-07
 Reference value :  6.60273e-07
 Reference value :  6.60833e-07
 Reference value :  6.61195e-07
 Reference value :  6.61510e-07
 Reference value :  6.61848e-07
 Reference value :  6.62300e-07
 Reference value :  6.62854e-07
 Reference value :  6.63247e-07
 Reference value :  6.63692e-07
 Reference value :  6.64090e-07
 Reference value :  6.64483e-07
 Reference value :  6.64907e-07
 Reference value :  6.65422e-07
 Reference value :  6.65868e-07
 Reference value :  6.66392e-07
 Reference value :  6.66721e-07
 Reference value :  6.67215e-07
 Reference value :  6.67508e-07
 Reference value :  6.67858e-07
 Reference value :  6.68120e-07
 Reference value :  6.68516e-07
 Reference value :  6.69034e-07
 Reference value :  6.69399e-07
 Reference value :  6.69842e-07
 Reference value :  6.70212e-07
 Reference value :  6.70788e-07
 Reference value :  6.71215e-07
 Reference value :  6.71638e-07
 Reference value :  6.71822e-07
 Reference value :  6.72254e-07
 Reference value :  6.72623e-07
 Reference value :  6.73144e-07
 Reference value :  6.73629e-07
 Reference value :  6.74052e-07
 Reference value :  6.74374e-07
 Reference value :  6.74831e-07
 Reference value :  6.75257e-07
 Reference value :  6.75623e-07
 Reference value :  6.76002e-07
 Reference value :  6.76421e-07
 Reference value :  6.76704e-07
 Reference value :  6.77186e-07
 Reference value :  6.77606e-07
 Reference value :  6.78011e-07
 Reference value :  6.78423e-07
 Reference value :  6.78877e-07
 Reference value :  6.79267e-07
 Reference value :  6.79750e-07
 Reference value :  6.80106e-07
 Reference value :  6.80551e-07
 Reference value :  6.80930e-07
 Reference value :  6.81352e-07
 Reference value :  6.81752e-07
 Reference value :  6.82218e-07
 Reference value :  6.82541e-07
 Reference value :  6.83038e-07
 Reference value :  6.83409e-07
 Reference value :  6.83858e-07
 Reference value :  6.84207e-07
 Reference value :  6.84756e-07
 Reference value :  6.85104e-07
 Reference value :  6.85585e-07
 Reference value :  6.85955e-07
 Reference value :  6.86386e-07
 Reference value :  6.86845e-07
 Reference value :  6.87283e-07
 Reference value :  6.87755e-07
 Reference value :  6.88130e-07
 Reference value :  6.88597e-07
 Reference value :  6.89007e-07
 Reference value :  6.89488e-07
 Reference value :  6.90024e-07
 Reference value :  6.90152e-07
 Reference value :  6.90601e-07
 Reference value :  6.91071e-07
 Reference value :  6.91445e-07
 Reference value :  6.91851e-07
 Reference value :  6.92295e-07
 Reference value :  6.92777e-07
 Reference value :  6.93141e-07
 Reference value :  6.93512e-07
 Reference value :  6.93984e-07
 Reference value :  6.94472e-07
 Reference value :  6.94873e-07
 Reference value :  6.95166e-07
 Reference value :  6.95665e-07
 Reference value :  6.96087e-07
 Reference value :  6.96485e-07
 Reference value :  6.96864e-07
 Reference value :  6.97338e-07
 Reference value :  6.97715e-07
 Reference value :  6.98157e-07
 Reference value :  6.98600e-07
 Reference value :  6.99063e-07
 Reference value :  6.99444e-07
 Reference value :  6.99876e-07
 Reference value :  7.00209e-07
 Reference value :  7.00682e-07
 Reference value :  7.01005e-07
 Reference value :  7.01271e-07
 Reference value :  7.01665e-07
 Reference value :  7.02064e-07
 Reference value :  7.02515e-07
 Reference value :  7.02876e-07
 Reference value :  7.03273e-07
 Reference value :  7.03602e-07
 Reference value :  7.04124e-07
 Reference value :  7.04476e-07
 Reference value :  7.04879e-07
 Reference value :  7.05257e-07
 Reference value :  7.05708e-07
 Reference value :  7.06089e-07
 Reference value :  7.06552e-07
 Reference value :  7.06865e-07
 Reference value :  7.07347e-07
 Reference value :  7.07702e-07
 Reference value :  7.08142e-07
 Reference value :  7.08520e-07
 Reference value :  7.08698e-07
 Reference value :  7.09132e-07
 Reference value :  7.09629e-07
 Reference value :  7.10061e-07
 Reference value :  7.10516e-07
 Reference value :  7.11137e-07
 Reference value :  7.11657e-07
 Reference value :  7.12077e-07
 Reference value :  7.12501e-07
 Reference value :  7.12885e-07
 Reference value :  7.13221e-07
 Reference value :  7.13640e-07
 Reference value :  7.14050e-07
 Reference value :  7.14472e-07
 Reference value :  7.14655e-07
 Reference value :  7.15046e-07
 Reference value :  7.15402e-07
 Reference value :  7.16100e-07
 Reference value :  7.16632e-07
 Reference value :  7.16964e-07
 Reference value :  7.17168e-07
 Reference value :  7.17723e-07
 Reference value :  7.18147e-07
 Reference value :  7.18634e-07
 Reference value :  7.19084e-07
 Reference value :  7.19482e-07
 Reference value :  7.19966e-07
 Reference value :  7.20410e-07
 Reference value :  7.20948e-07
 Reference value :  7.21256e-07
 Reference value :  7.21630e-07
 Reference value :  7.22018e-07
 Reference value :  7.22583e-07
 Reference value :  7.22887e-07
 Reference value :  7.23418e-07
 Reference value :  7.23912e-07
 Reference value :  7.24255e-07
 Reference value :  7.24664e-07
 Reference value :  7.25193e-07
 Reference value :  7.25630e-07
 Reference value :  7.26093e-07
 Reference value :  7.26598e-07
 Reference value :  7.26971e-07
 Reference value :  7.27405e-07
 Reference value :  7.27821e-07
 Reference value :  7.28263e-07
 Reference value :  7.28723e-07
 Reference value :  7.29172e-07
 Reference value :  7.29577e-07
 Reference value :  7.29975e-07
 Reference value :  7.30290e-07
 Reference value :  7.30617e-07
 Reference value :  7.31208e-07
 Reference value :  7.31658e-07
 Reference value :  7.32188e-07
 Reference value :  7.32680e-07
 Reference value :  7.33149e-07
 Reference value :  7.33472e-07
 Reference value :  7.33980e-07
 Reference value :  7.34501e-07
 Reference value :  7.34791e-07
 Reference value :  7.35259e-07
 Reference value :  7.35696e-07
 Reference value :  7.36212e-07
 Reference value :  7.36724e-07
 Reference value :  7.37204e-07
 Reference value :  7.37791e-07
 Reference value :  7.38237e-07
 Reference value :  7.38723e-07
 Reference value :  7.39220e-07
 Reference value :  7.39668e-07
 Reference value :  7.40133e-07
 Reference value :  7.40588e-07
 Reference value :  7.41008e-07
 Reference value :  7.41443e-07
 Reference value :  7.41759e-07
 Reference value :  7.42156e-07
 Reference value :  7.42636e-07
 Reference value :  7.43164e-07
 Reference value :  7.43543e-07
 Reference value :  7.43912e-07
 Reference value :  7.44311e-07
 Reference value :  7.44712e-07
 Reference value :  7.45177e-07
 Reference value :  7.45572e-07
 Reference value :  7.46105e-07
 Reference value :  7.46519e-07
 Reference value :  7.47084e-07
 Reference value :  7.47442e-07
 Reference value :  7.47907e-07
 Reference value :  7.48295e-07
 Reference value :  7.48728e-07
 Reference value :  7.49118e-07
 Reference value :  7.49677e-07
 Reference value :  7.50083e-07
 Reference value :  7.50384e-07
 Reference value :  7.50784e-07
 Reference value :  7.51364e-07
 Reference value :  7.51677e-07
 Reference value :  7.52053e-07
 Reference value :  7.52678e-07
 Reference value :  7.53079e-07
 Reference value :  7.53530e-07
 Reference value :  7.53960e-07
 Reference value :  7.54589e-07
 Reference value :  7.55005e-07
 Reference value :  7.55395e-07
 Reference value :  7.55924e-07
 Reference value :  7.56365e-07
 Reference value :  7.56697e-07
 Reference value :  7.57156e-07
 Reference value :  7.57582e-07
 Reference value :  7.58085e-07
 Reference value :  7.58559e-07
 Reference value :  7.58995e-07
 Reference value :  7.59131e-07
 Reference value :  7.59628e-07
 Reference value :  7.60075e-07
 Reference value :  7.60638e-07
 Reference value :  7.61121e-07
 Reference value :  7.61576e-07
 Reference value :  7.62076e-07
 Reference value :  7.62432e-07
 Reference value :  7.62939e-07
 Reference value :  7.63583e-07
 Reference value :  7.64027e-07
 Reference value :  7.64732e-07
 Reference value :  7.65226e-07
 Reference value :  7.65612e-07
 Reference value :  7.66100e-07
 Reference value :  7.66440e-07
 Reference value :  7.66918e-07
 Reference value :  7.67357e-07
 Reference value :  7.67858e-07
 Reference value :  7.68212e-07
 Reference value :  7.68704e-07
 Reference value :  7.69181e-07
 Reference value :  7.69571e-07
 Reference value :  7.70087e-07
 Reference value :  7.70636e-07
 Reference value :  7.71196e-07
 Reference value :  7.71709e-07
 Reference value :  7.72291e-07
 Reference value :  7.72679e-07
 Reference value :  7.73209e-07
 Reference value :  7.73741e-07
 Reference value :  7.74270e-07
 Reference value :  7.74802e-07
 Reference value :  7.75238e-07
 Reference value :  7.75796e-07
 Reference value :  7.76181e-07
 Reference value :  7.76603e-07
 Reference value :  7.77060e-07
 Reference value :  7.77454e-07
 Reference value :  7.77893e-07
 Reference value :  7.78286e-07
 Reference value :  7.78693e-07
 Reference value :  7.79021e-07
 Reference value :  7.79452e-07
 Reference value :  7.79844e-07
 Reference value :  7.80099e-07
 Reference value :  7.80648e-07
 Reference value :  7.81046e-07
 Reference value :  7.81514e-07
 Reference value :  7.81844e-07
 Reference value :  7.82356e-07
 Reference value :  7.82796e-07
 Reference value :  7.83384e-07
 Reference value :  7.83851e-07
 Reference value :  7.84228e-07
 Reference value :  7.84758e-07
 Reference value :  7.85249e-07
 Reference value :  7.85650e-07
 Reference value :  7.86062e-07
 Reference value :  7.86606e-07
 Reference value :  7.87101e-07
 Reference value :  7.87482e-07
 Reference value :  7.87969e-07
 Reference value :  7.88378e-07
 Reference value :  7.88839e-07
 Reference value :  7.89171e-07
 Reference value :  7.89643e-07
 Reference value :  7.90012e-07
 Reference value :  7.90459e-07
 Reference value :  7.90904e-07
 Reference value :  7.91421e-07
 Reference value :  7.91827e-07
 Reference value :  7.92246e-07
 Reference value :  7.92695e-07
 Reference value :  7.93118e-07
 Reference value :  7.93439e-07
 Reference value :  7.93821e-07
 Reference value :  7.94202e-07
 Reference value :  7.94670e-07
 Reference value :  7.95039e-07
 Reference value :  7.95503e-07
 Reference value :  7.95899e-07
 Reference value :  7.96420e-07
 Reference value :  7.96869e-07
 Reference value :  7.97335e-07
 Reference value :  7.97709e-07
 Reference value :  7.98217e-07
 Reference value :  7.98651e-07
 Reference value :  7.99040e-07
 Reference value :  7.99386e-07
 Reference value :  7.99850e-07
 Reference value :  8.00145e-07
 Reference value :  8.00580e-07
 Reference value :  8.00994e-07
 Reference value :  8.01503e-07
 Reference value :  8.01940e-07
 Reference value :  8.02463e-07
 Reference value :  8.02823e-07
 Reference value :  8.03234e-07
 Reference value :  8.03637e-07
 Reference value :  8.04174e-07
 Reference value :  8.04490e-07
 Reference value :  8.04798e-07
 Reference value :  8.05162e-07
 Reference value :  8.05606e-07
 Reference value :  8.05919e-07
 Reference value :  8.06410e-07
 Reference value :  8.06803e-07
 Reference value :  8.07240e-07
 Reference value :  8.07608e-07
 Reference value :  8.07782e-07
 Reference value :  8.08267e-07
 Reference value :  8.08562e-07
 Reference value :  8.09011e-07
 Reference value :  8.09424e-07
 Reference value :  8.09897e-07
 Reference value :  8.10327e-07
 Reference value :  8.10889e-07
 Reference value :  8.11486e-07
 Reference value :  8.11964e-07
 Reference value :  8.12468e-07
 Reference value :  8.12872e-07
 Reference value :  8.13439e-07
 Reference value :  8.13834e-07
 Reference value :  8.14299e-07
 Reference value :  8.14564e-07
 Reference value :  8.15146e-07
 Reference value :  8.15595e-07
 Reference value :  8.16129e-07
 Reference value :  8.16552e-07
 Reference value :  8.16953e-07
 Reference value :  8.17365e-07
 Reference value :  8.17761e-07
 Reference value :  8.18227e-07
 Reference value :  8.18681e-07
 Reference value :  8.19158e-07
 Reference value :  8.19560e-07
 Reference value :  8.19987e-07
 Reference value :  8.20450e-07
 Reference value :  8.20907e-07
 Reference value :  8.21286e-07
 Reference value :  8.21740e-07
 Reference value :  8.22138e-07
 Reference value :  8.22649e-07
 Reference value :  8.23122e-07
 Reference value :  8.23740e-07
 Reference value :  8.24148e-07
 Reference value :  8.24556e-07
 Reference value :  8.25078e-07
 Reference value :  8.25490e-07
 Reference value :  8.25993e-07
 Reference value :  8.26417e-07
 Reference value :  8.26888e-07
 Reference value :  8.27362e-07
 Reference value :  8.27757e-07
 Reference value :  8.28196e-07
 Reference value :  8.28567e-07
 Reference value :  8.28945e-07
 Reference value :  8.29243e-07
 Reference value :  8.29554e-07
 Reference value :  8.30046e-07
 Reference value :  8.30469e-07
 Reference value :  8.30908e-07
 Reference value :  8.31294e-07
 Reference value :  8.31815e-07
 Reference value :  8.32138e-07
 Reference value :  8.32588e-07
 Reference value :  8.33037e-07
 Reference value :  8.33542e-07
 Reference value :  8.34068e-07
 Reference value :  8.34458e-07
 Reference value :  8.34950e-07
 Reference value :  8.35388e-07
 Reference value :  8.35841e-07
 Reference value :  8.36213e-07
 Reference value :  8.36624e-07
 Reference value :  8.37080e-07
 Reference value :  8.37531e-07
 Reference value :  8.37900e-07
 Reference value :  8.38372e-07
 Reference value :  8.38808e-07
 Reference value :  8.39251e-07
 Reference value :  8.39614e-07
 Reference value :  8.40120e-07
 Reference value :  8.40520e-07
 Reference value :  8.40936e-07
 Reference value :  8.41355e-07
 Reference value :  8.41807e-07
 Reference value :  8.42262e-07
 Reference value :  8.42643e-07
 Reference value :  8.43009e-07
 Reference value :  8.43518e-07
 Reference value :  8.43878e-07
 Reference value :  8.44392e-07
 Reference value :  8.44759e-07
 Reference value :  8.45214e-07
 Reference value :  8.45470e-07
 Reference value :  8.45702e-07
 Reference value :  8.46045e-07
 Reference value :  8.46381e-07
 Reference value :  8.46789e-07
 Reference value :  8.47160e-07
 Reference value :  8.47422e-07
 Reference value :  8.47783e-07
 Reference value :  8.48295e-07
 Reference value :  8.48780e-07
 Reference value :  8.49275e-07
 Reference value :  8.49661e-07
 Reference value :  8.50008e-07
 Reference value :  8.50151e-07
 Reference value :  8.50563e-07
 Reference value :  8.51071e-07
 Reference value :  8.51467e-07
 Reference value :  8.51916e-07
 Reference value :  8.52291e-07
 Reference value :  8.52704e-07
 Reference value :  8.52868e-07
 Reference value :  8.53146e-07
 Reference value :  8.53743e-07
 Reference value :  8.54295e-07
 Reference value :  8.54739e-07
 Reference value :  8.55259e-07
 Reference value :  8.55710e-07
 Reference value :  8.56066e-07
 Reference value :  8.56161e-07
 Reference value :  8.56567e-07
 Reference value :  8.57019e-07
 Reference value :  8.57367e-07
 Reference value :  8.57863e-07
 Reference value :  8.58298e-07
 Reference value :  8.58798e-07
 Reference value :  8.59029e-07
 Reference value :  8.59298e-07
 Reference value :  8.59598e-07
 Reference value :  8.60042e-07
 Reference value :  8.60534e-07
 Reference value :  8.60917e-07
 Reference value :  8.61239e-07
 Reference value :  8.61443e-07
 Reference value :  8.61819e-07
 Reference value :  8.62225e-07
 Reference value :  8.62751e-07
 Reference value :  8.63144e-07
 Reference value :  8.63543e-07
 Reference value :  8.63720e-07
 Reference value :  8.64316e-07
 Reference value :  8.64619e-07
 Reference value :  8.65147e-07
 Reference value :  8.65415e-07
 Reference value :  8.65728e-07
 Reference value :  8.65941e-07
 Reference value :  8.66285e-07
 Reference value :  8.66688e-07
 Reference value :  8.67234e-07
 Reference value :  8.67603e-07
 Reference value :  8.67908e-07
 Reference value :  8.68074e-07
 Reference value :  8.68346e-07
 Reference value :  8.68846e-07
 Reference value :  8.69299e-07
 Reference value :  8.69705e-07
 Reference value :  8.70001e-07
 Reference value :  8.70306e-07
 Reference value :  8.70436e-07
 Reference value :  8.70861e-07
 Reference value :  8.71246e-07
 Reference value :  8.71627e-07
 Reference value :  8.72120e-07
 Reference value :  8.72322e-07
 Reference value :  8.72810e-07
 Reference value :  8.73201e-07
 Reference value :  8.73692e-07
 Reference value :  8.74183e-07
 Reference value :  8.74563e-07
 Reference value :  8.74886e-07
 Reference value :  8.75456e-07
 Reference value :  8.76037e-07
 Reference value :  8.76419e-07
 Reference value :  8.76840e-07
 Reference value :  8.77359e-07
 Reference value :  8.77712e-07
 Reference value :  8.78167e-07
 Reference value :  8.78725e-07
 Reference value :  8.79170e-07
 Reference value :  8.79647e-07
 Reference value :  8.80077e-07
 Reference value :  8.80586e-07
 Reference value :  8.80807e-07
 Reference value :  8.80888e-07
 Reference value :  8.81311e-07
 Reference value :  8.81698e-07
 Reference value :  8.82264e-07
 Reference value :  8.82555e-07
 Reference value :  8.82980e-07
 Reference value :  8.83402e-07
 Reference value :  8.83897e-07
 Reference value :  8.84261e-07
 Reference value :  8.84705e-07
 Reference value :  8.85104e-07
 Reference value :  8.85669e-07
 Reference value :  8.86120e-07
 Reference value :  8.86372e-07
 Reference value :  8.86745e-07
 Reference value :  8.87196e-07
 Reference value :  8.87657e-07
 Reference value :  8.88021e-07
 Reference value :  8.88267e-07
 Reference value :  8.88669e-07
 Reference value :  8.89177e-07
 Reference value :  8.89691e-07
 Reference value :  8.90117e-07
 Reference value :  8.90581e-07
 Reference value :  8.91125e-07
 Reference value :  8.91573e-07
 Reference value :  8.91931e-07
 Reference value :  8.92535e-07
 Reference value :  8.93054e-07
 Reference value :  8.93621e-07
 Reference value :  8.94195e-07
 Reference value :  8.94585e-07
 Reference value :  8.94890e-07
 Reference value :  8.95358e-07
 Reference value :  8.95962e-07
 Reference value :  8.96616e-07
 Reference value :  8.96973e-07
 Reference value :  8.97377e-07
 Reference value :  8.97669e-07
 Reference value :  8.98168e-07
 Reference value :  8.98614e-07
 Reference value :  8.99170e-07
 Reference value :  8.99638e-07
 Reference value :  8.99929e-07
 Reference value :  9.00223e-07
 Reference value :  9.00639e-07
 Reference value :  9.01003e-07
 Reference value :  9.01278e-07
 Reference value :  9.01747e-07
 Reference value :  9.02361e-07
 Reference value :  9.02850e-07
 Reference value :  9.03321e-07
 Reference value :  9.03530e-07
 Reference value :  9.03700e-07
 Reference value :  9.04101e-07
 Reference value :  9.04503e-07
 Reference value :  9.04966e-07
 Reference value :  9.05414e-07
 Reference value :  9.05972e-07
 Reference value :  9.06528e-07
 Reference value :  9.06883e-07
 Reference value :  9.07302e-07
 Reference value :  9.07764e-07
 Reference value :  9.08303e-07
 Reference value :  9.08755e-07
 Reference value :  9.09365e-07
 Reference value :  9.09494e-07
 Reference value :  9.09977e-07
 Reference value :  9.10369e-07
 Reference value :  9.10815e-07
 Reference value :  9.11260e-07
 Reference value :  9.11580e-07
 Reference value :  9.11806e-07
 Reference value :  9.12170e-07
 Reference value :  9.12696e-07
 Reference value :  9.13268e-07
 Reference value :  9.13614e-07
 Reference value :  9.13916e-07
 Reference value :  9.14345e-07
 Reference value :  9.14666e-07
 Reference value :  9.14992e-07
 Reference value :  9.15350e-07
 Reference value :  9.15775e-07
 Reference value :  9.16211e-07
 Reference value :  9.16653e-07
 Reference value :  9.16990e-07
 Reference value :  9.17088e-07
 Reference value :  9.17253e-07
 Reference value :  9.17610e-07
 Reference value :  9.18240e-07
 Reference value :  9.18707e-07
 Reference value :  9.19214e-07
 Reference value :  9.19595e-07
 Reference value :  9.20067e-07
 Reference value :  9.20429e-07
 Reference value :  9.20819e-07
 Reference value :  9.21299e-07
 Reference value :  9.21895e-07
 Reference value :  9.22152e-07
 Reference value :  9.22494e-07
 Reference value :  9.22705e-07
 Reference value :  9.23151e-07
 Reference value :  9.23567e-07
 Reference value :  9.23994e-07
 Reference value :  9.24519e-07
 Reference value :  9.24819e-07
 Reference value :  9.25095e-07
 Reference value :  9.25414e-07
 Reference value :  9.25881e-07
 Reference value :  9.26316e-07
 Reference value :  9.26769e-07
 Reference value :  9.27188e-07
 Reference value :  9.27669e-07
 Reference value :  9.28111e-07
 Reference value :  9.28452e-07
 Reference value :  9.28885e-07
 Reference value :  9.29376e-07
 Reference value :  9.29755e-07
 Reference value :  9.30198e-07
 Reference value :  9.30469e-07
 Reference value :  9.30947e-07
 Reference value :  9.31356e-07
 Reference value :  9.31973e-07
 Reference value :  9.32574e-07
 Reference value :  9.32871e-07
 Reference value :  9.33132e-07
 Reference value :  9.33615e-07
 Reference value :  9.34178e-07
 Reference value :  9.34651e-07
 Reference value :  9.35164e-07
 Reference value :  9.35491e-07
 Reference value :  9.35607e-07
 Reference value :  9.36061e-07
 Reference value :  9.36522e-07
 Reference value :  9.36936e-07
 Reference value :  9.37274e-07
 Reference value :  9.37653e-07
 Reference value :  9.37961e-07
 Reference value :  9.38405e-07
 Reference value :  9.38877e-07
 Reference value :  9.39288e-07
 Reference value :  9.39699e-07
 Reference value :  9.40152e-07
 Reference value :  9.40542e-07
 Reference value :  9.40696e-07
 Reference value :  9.41028e-07
 Reference value :  9.41474e-07
 Reference value :  9.41917e-07
 Reference value :  9.42284e-07
 Reference value :  9.42774e-07
 Reference value :  9.43036e-07
 Reference value :  9.43233e-07
 Reference value :  9.43720e-07
 Reference value :  9.44067e-07
 Reference value :  9.44513e-07
 Reference value :  9.45027e-07
 Reference value :  9.45471e-07
 Reference value :  9.46013e-07
 Reference value :  9.46386e-07
 Reference value :  9.46734e-07
 Reference value :  9.47141e-07
 Reference value :  9.47514e-07
 Reference value :  9.47795e-07
 Reference value :  9.48308e-07
 Reference value :  9.48661e-07
 Reference value :  9.49003e-07
 Reference value :  9.49443e-07
 Reference value :  9.49883e-07
 Reference value :  9.50236e-07
 Reference value :  9.50617e-07
 Reference value :  9.51059e-07
 Reference value :  9.51462e-07
 Reference value :  9.51982e-07
 Reference value :  9.52465e-07
 Reference value :  9.52964e-07
 Reference value :  9.53337e-07
 Reference value :  9.53950e-07
 Reference value :  9.54473e-07
 Reference value :  9.55033e-07
 Reference value :  9.55238e-07
 Reference value :  9.55612e-07
 Reference value :  9.56187e-07
 Reference value :  9.56660e-07
 Reference value :  9.57229e-07
 Reference value :  9.57567e-07
 Reference value :  9.58009e-07
 Reference value :  9.58334e-07
 Reference value :  9.58820e-07
 Reference value :  9.59259e-07
 Reference value :  9.59694e-07
 Reference value :  9.60236e-07
 Reference value :  9.60724e-07
 Reference value :  9.61234e-07
 Reference value :  9.61602e-07
 Reference value :  9.62023e-07
 Reference value :  9.62364e-07
 Reference value :  9.62819e-07
 Reference value :  9.63246e-07
 Reference value :  9.63653e-07
 Reference value :  9.64158e-07
 Reference value :  9.64640e-07
 Reference value :  9.64958e-07
 Reference value :  9.65375e-07
 Reference value :  9.65876e-07
 Reference value :  9.66346e-07
 Reference value :  9.66965e-07
 Reference value :  9.67364e-07
 Reference value :  9.67829e-07
 Reference value :  9.68136e-07
 Reference value :  9.68703e-07
 Reference value :  9.69077e-07
 Reference value :  9.69626e-07
 Reference value :  9.70000e-07
 Reference value :  9.70373e-07
 Reference value :  9.70783e-07
 Reference value :  9.71282e-07
 Reference value :  9.71608e-07
 Reference value :  9.72068e-07
 Reference value :  9.72491e-07
 Reference value :  9.72931e-07
 Reference value :  9.73309e-07
 Reference value :  9.73748e-07
 Reference value :  9.74177e-07
 Reference value :  9.74646e-07
 Reference value :  9.75142e-07
 Reference value :  9.75690e-07
 Reference value :  9.76235e-07
 Reference value :  9.76667e-07
 Reference value :  9.77056e-07
 Reference value :  9.77479e-07
 Reference value :  9.77959e-07
 Reference value :  9.78325e-07
 Reference value :  9.78833e-07
 Reference value :  9.78981e-07
 Reference value :  9.79240e-07
 Reference value :  9.79686e-07
 Reference value :  9.80063e-07
 Reference value :  9.80578e-07
 Reference value :  9.80772e-07
 Reference value :  9.81007e-07
 Reference value :  9.81421e-07
 Reference value :  9.81836e-07
 Reference value :  9.82228e-07
 Reference value :  9.82550e-07
 Reference value :  9.83022e-07
 Reference value :  9.83375e-07
 Reference value :  9.83678e-07
 Reference value :  9.83932e-07
 Reference value :  9.84362e-07
 Reference value :  9.84754e-07
 Reference value :  9.85171e-07
 Reference value :  9.85576e-07
 Reference value :  9.85856e-07
 Reference value :  9.86134e-07
 Reference value :  9.86425e-07
 Reference value :  9.86770e-07
 Reference value :  9.87230e-07
 Reference value :  9.87656e-07
 Reference value :  9.88062e-07
 Reference value :  9.88366e-07
 Reference value :  9.88694e-07
 Reference value :  9.89075e-07
 Reference value :  9.89416e-07
 Reference value :  9.89796e-07
 Reference value :  9.90114e-07
 Reference value :  9.90469e-07
 Reference value :  9.90875e-07
 Reference value :  9.91021e-07
 Reference value :  9.91475e-07
 Reference value :  9.91835e-07
 Reference value :  9.92359e-07
 Reference value :  9.92797e-07
 Reference value :  9.93133e-07
 Reference value :  9.93406e-07
 Reference value :  9.93665e-07
 Reference value :  9.93899e-07
 Reference value :  9.94325e-07
 Reference value :  9.94816e-07
 Reference value :  9.95164e-07
 Reference value :  9.95611e-07
 Reference value :  9.95690e-07
 Reference value :  9.96002e-07
 Reference value :  9.96496e-07
 Reference value :  9.96889e-07
 Reference value :  9.97332e-07
 Reference value :  9.97701e-07
 Reference value :  9.98180e-07
 Reference value :  9.98594e-07
 Reference value :  9.99113e-07
 Reference value :  9.99557e-07
 Reference value :  9.99931e-07
 Reference value :  1.00025e-06
 Reference value :  1.00073e-06
 Reference value :  1.00115e-06
 Reference value :  1.00158e-06
 Reference value :  1.00195e-06
 Reference value :  1.00231e-06
 Reference value :  1.00261e-06
 Reference value :  1.00305e-06
 Reference value :  1.00353e-06
 Reference value :  1.00407e-06
 Reference value :  1.00442e-06
 Reference value :  1.00486e-06
 Reference value :  1.00529e-06
 Reference value :  1.00569e-06
 Reference value :  1.00597e-06
 Reference value :  1.00642e-06
 Reference value :  1.00678e-06
 Reference value :  1.00726e-06
 Reference value :  1.00769e-06
 Reference value :  1.00792e-06
 Reference value :  1.00823e-06
 Reference value :  1.00861e-06
 Reference value :  1.00908e-06
 Reference value :  1.00950e-06
 Reference value :  1.00990e-06
 Reference value :  1.01015e-06
 Reference value :  1.01041e-06
 Reference value :  1.01086e-06
 Reference value :  1.01120e-06
 Reference value :  1.01161e-06
 Reference value :  1.01197e-06
 Reference value :  1.01236e-06
 Reference value :  1.01261e-06
 Reference value :  1.01279e-06
 Reference value :  1.01332e-06
 Reference value :  1.01365e-06
 Reference value :  1.01406e-06
 Reference value :  1.01444e-06
 Reference value :  1.01490e-06
 Reference value :  1.01526e-06
 Reference value :  1.01582e-06
 Reference value :  1.01635e-06
 Reference value :  1.01680e-06
 Reference value :  1.01727e-06
 Reference value :  1.01757e-06
 Reference value :  1.01802e-06
 Reference value :  1.01837e-06
 Reference value :  1.01882e-06
 Reference value :  1.01910e-06
 Reference value :  1.01955e-06
 Reference value :  1.02002e-06
 Reference value :  1.02047e-06
 Reference value :  1.02099e-06
 Reference value :  1.02133e-06
 Reference value :  1.02188e-06
 Reference value :  1.02233e-06
 Reference value :  1.02277e-06
 Reference value :  1.02326e-06
 Reference value :  1.02366e-06
 Reference value :  1.02409e-06
 Reference value :  1.02447e-06
 Reference value :  1.02474e-06
 Reference value :  1.02514e-06
 Reference value :  1.02549e-06
 Reference value :  1.02594e-06
 Reference value :  1.02634e-06
 Reference value :  1.02676e-06
 Reference value :  1.02721e-06
 Reference value :  1.02761e-06
 Reference value :  1.02806e-06
 Reference value :  1.02845e-06
 Reference value :  1.02889e-06
 Reference value :  1.02924e-06
 Reference value :  1.02967e-06
 Reference value :  1.03006e-06
 Reference value :  1.03046e-06
 Reference value :  1.03083e-06
 Reference value :  1.03121e-06
 Reference value :  1.03165e-06
 Reference value :  1.03199e-06
 Reference value :  1.03248e-06
 Reference value :  1.03280e-06
 Reference value :  1.03333e-06
 Reference value :  1.03371e-06
 Reference value :  1.03411e-06
 Reference value :  1.03444e-06
 Reference value :  1.03488e-06
 Reference value :  1.03538e-06
 Reference value :  1.03576e-06
 Reference value :  1.03614e-06
 Reference value :  1.03638e-06
 Reference value :  1.03685e-06
 Reference value :  1.03718e-06
 Reference value :  1.03772e-06
 Reference value :  1.03812e-06
 Reference value :  1.03874e-06
 Reference value :  1.03931e-06
 Reference value :  1.03964e-06
 Reference value :  1.04010e-06
 Reference value :  1.04049e-06
 Reference value :  1.04095e-06
 Reference value :  1.04131e-06
 Reference value :  1.04180e-06
 Reference value :  1.04220e-06
 Reference value :  1.04266e-06
 Reference value :  1.04298e-06
 Reference value :  1.04357e-06
 Reference value :  1.04411e-06
 Reference value :  1.04451e-06
 Reference value :  1.04487e-06
 Reference value :  1.04541e-06
 Reference value :  1.04574e-06
 Reference value :  1.04599e-06
 Reference value :  1.04639e-06
 Reference value :  1.04699e-06
 Reference value :  1.04768e-06
 Reference value :  1.04810e-06
 Reference value :  1.04854e-06
 Reference value :  1.04895e-06
 Reference value :  1.04940e-06
 Reference value :  1.04981e-06
 Reference value :  1.05019e-06
 Reference value :  1.05057e-06
 Reference value :  1.05091e-06
 Reference value :  1.05125e-06
 Reference value :  1.05154e-06
 Reference value :  1.05193e-06
 Reference value :  1.05226e-06
 Reference value :  1.05235e-06
 Reference value :  1.05273e-06
 Reference value :  1.05314e-06
 Reference value :  1.05364e-06
 Reference value :  1.05398e-06
 Reference value :  1.05441e-06
 Reference value :  1.05480e-06
 Reference value :  1.05535e-06
 Reference value :  1.05576e-06
 Reference value :  1.05633e-06
 Reference value :  1.05678e-06
 Reference value :  1.05713e-06
 Reference value :  1.05759e-06
 Reference value :  1.05800e-06
 Reference value :  1.05840e-06
 Reference value :  1.05874e-06
 Reference value :  1.05926e-06
 Reference value :  1.05957e-06
 Reference value :  1.06027e-06
 Reference value :  1.06068e-06
 Reference value :  1.06112e-06
 Reference value :  1.06161e-06
 Reference value :  1.06215e-06
 Reference value :  1.06269e-06
 Reference value :  1.06324e-06
 Reference value :  1.06381e-06
 Reference value :  1.06423e-06
 Reference value :  1.06463e-06
 Reference value :  1.06500e-06
 Reference value :  1.06543e-06
 Reference value :  1.06589e-06
 Reference value :  1.06631e-06
 Reference value :  1.06648e-06
 Reference value :  1.06700e-06
 Reference value :  1.06745e-06
 Reference value :  1.06785e-06
 Reference value :  1.06825e-06
 Reference value :  1.06864e-06
 Reference value :  1.06908e-06
 Reference value :  1.06963e-06
 Reference value :  1.07002e-06
 Reference value :  1.07052e-06
 Reference value :  1.07100e-06
 Reference value :  1.07143e-06
 Reference value :  1.07184e-06
 Reference value :  1.07231e-06
 Reference value :  1.07278e-06
 Reference value :  1.07312e-06
 Reference value :  1.07357e-06
 Reference value :  1.07407e-06
 Reference value :  1.07448e-06
 Reference value :  1.07489e-06
 Reference value :  1.07538e-06
 Reference value :  1.07574e-06
 Reference value :  1.07629e-06
 Reference value :  1.07665e-06
 Reference value :  1.07711e-06
 Reference value :  1.07753e-06
 Reference value :  1.07791e-06
 Reference value :  1.07828e-06
 Reference value :  1.07865e-06
 Reference value :  1.07902e-06
 Reference value :  1.07969e-06
 Reference value :  1.08015e-06
 Reference value :  1.08061e-06
 Reference value :  1.08112e-06
 Reference value :  1.08172e-06
 Reference value :  1.08227e-06
 Reference value :  1.08269e-06
 Reference value :  1.08325e-06
 Reference value :  1.08358e-06
 Reference value :  1.08422e-06
 Reference value :  1.08467e-06
 Reference value :  1.08477e-06
 Reference value :  1.08506e-06
 Reference value :  1.08550e-06
 Reference value :  1.08592e-06
 Reference value :  1.08643e-06
 Reference value :  1.08678e-06
 Reference value :  1.08725e-06
 Reference value :  1.08769e-06
 Reference value :  1.08821e-06
 Reference value :  1.08850e-06
 Reference value :  1.08857e-06
 Reference value :  1.08882e-06
 Reference value :  1.08927e-06
 Reference value :  1.08975e-06
 Reference value :  1.09015e-06
 Reference value :  1.09073e-06
 Reference value :  1.09095e-06
 Reference value :  1.09136e-06
 Reference value :  1.09166e-06
 Reference value :  1.09215e-06
 Reference value :  1.09261e-06
 Reference value :  1.09324e-06
 Reference value :  1.09380e-06
 Reference value :  1.09442e-06
 Reference value :  1.09506e-06
 Reference value :  1.09524e-06
 Reference value :  1.09549e-06
 Reference value :  1.09603e-06
 Reference value :  1.09649e-06
 Reference value :  1.09693e-06
 Reference value :  1.09741e-06
 Reference value :  1.09781e-06
 Reference value :  1.09833e-06
 Reference value :  1.09858e-06
 Reference value :  1.09879e-06
 Reference value :  1.09915e-06
 Reference value :  1.09966e-06
 Reference value :  1.10014e-06
 Reference value :  1.10058e-06
 Reference value :  1.10101e-06
 Reference value :  1.10129e-06
 Reference value :  1.10162e-06
 Reference value :  1.10201e-06
 Reference value :  1.10258e-06
 Reference value :  1.10307e-06
 Reference value :  1.10359e-06
 Reference value :  1.10406e-06
 Reference value :  1.10448e-06
 Reference value :  1.10487e-06
 Reference value :  1.10530e-06
 Reference value :  1.10571e-06
 Reference value :  1.10616e-06
 Reference value :  1.10648e-06
 Reference value :  1.10669e-06
 Reference value :  1.10710e-06
 Reference value :  1.10758e-06
 Reference value :  1.10795e-06
 Reference value :  1.10839e-06
 Reference value :  1.10874e-06
 Reference value :  1.10912e-06
 Reference value :  1.10956e-06
 Reference value :  1.10999e-06
 Reference value :  1.11037e-06
 Reference value :  1.11079e-06
 Reference value :  1.11118e-06
 Reference value :  1.11161e-06
 Reference value :  1.11202e-06
 Reference value :  1.11252e-06
 Reference value :  1.11296e-06
 Reference value :  1.11335e-06
 Reference value :  1.11380e-06
 Reference value :  1.11416e-06
 Reference value :  1.11464e-06
 Reference value :  1.11500e-06
 Reference value :  1.11546e-06
 Reference value :  1.11617e-06
 Reference value :  1.11665e-06
 Reference value :  1.11708e-06
 Reference value :  1.11752e-06
 Reference value :  1.11796e-06
 Reference value :  1.11839e-06
 Reference value :  1.11876e-06
 Reference value :  1.11924e-06
 Reference value :  1.11986e-06
 Reference value :  1.12033e-06
 Reference value :  1.12087e-06
 Reference value :  1.12136e-06
 Reference value :  1.12185e-06
 Reference value :  1.12220e-06
 Reference value :  1.12274e-06
 Reference value :  1.12328e-06
 Reference value :  1.12364e-06
 Reference value :  1.12422e-06
 Reference value :  1.12460e-06
 Reference value :  1.12497e-06
 Reference value :  1.12524e-06
 Reference value :  1.12572e-06
 Reference value :  1.12610e-06
 Reference value :  1.12647e-06
 Reference value :  1.12692e-06
 Reference value :  1.12718e-06
 Reference value :  1.12757e-06
 Reference value :  1.12795e-06
 Reference value :  1.12838e-06
 Reference value :  1.12881e-06
 Reference value :  1.12914e-06
 Reference value :  1.12942e-06
 Reference value :  1.12993e-06
 Reference value :  1.13043e-06
 Reference value :  1.13096e-06
 Reference value :  1.13143e-06
 Reference value :  1.13179e-06
 Reference value :  1.13201e-06
 Reference value :  1.13218e-06
 Reference value :  1.13258e-06
 Reference value :  1.13297e-06
 Reference value :  1.13348e-06
 Reference value :  1.13402e-06
 Reference value :  1.13440e-06
 Reference value :  1.13478e-06
 Reference value :  1.13540e-06
 Reference value :  1.13578e-06
 Reference value :  1.13641e-06
 Reference value :  1.13696e-06
 Reference value :  1.13733e-06
 Reference value :  1.13800e-06
 Reference value :  1.13859e-06
 Reference value :  1.13878e-06
 Reference value :  1.13898e-06
 Reference value :  1.13951e-06
 Reference value :  1.13993e-06
 Reference value :  1.14035e-06
 Reference value :  1.14073e-06
 Reference value :  1.14110e-06
 Reference value :  1.14118e-06
 Reference value :  1.14163e-06
 Reference value :  1.14217e-06
 Reference value :  1.14265e-06
 Reference value :  1.14311e-06
 Reference value :  1.14358e-06
 Reference value :  1.14380e-06
 Reference value :  1.14403e-06
 Reference value :  1.14443e-06
 Reference value :  1.14488e-06
 Reference value :  1.14535e-06
 Reference value :  1.14573e-06
 Reference value :  1.14583e-06
 Reference value :  1.14608e-06
 Reference value :  1.14634e-06
 Reference value :  1.14663e-06
 Reference value :  1.14704e-06
 Reference value :  1.14749e-06
 Reference value :  1.14807e-06
 Reference value :  1.14844e-06
 Reference value :  1.14885e-06
 Reference value :  1.14904e-06
 Reference value :  1.14952e-06
 Reference value :  1.14994e-06
 Reference value :  1.15033e-06
 Reference value :  1.15076e-06
 Reference value :  1.15131e-06
 Reference value :  1.15168e-06
 Reference value :  1.15218e-06
 Reference value :  1.15256e-06
 Reference value :  1.15289e-06
 Reference value :  1.15316e-06
 Reference value :  1.15364e-06
 Reference value :  1.15406e-06
 Reference value :  1.15457e-06
 Reference value :  1.15485e-06
 Reference value :  1.15519e-06
 Reference value :  1.15569e-06
 Reference value :  1.15597e-06
 Reference value :  1.15622e-06
 Reference value :  1.15659e-06
 Reference value :  1.15708e-06
 Reference value :  1.15748e-06
 Reference value :  1.15793e-06
 Reference value :  1.15839e-06
 Reference value :  1.15877e-06
 Reference value :  1.15897e-06
 Reference value :  1.15934e-06
 Reference value :  1.15977e-06
 Reference value :  1.16004e-06
 Reference value :  1.16057e-06
 Reference value :  1.16089e-06
 Reference value :  1.16143e-06
 Reference value :  1.16177e-06
 Reference value :  1.16222e-06
 Reference value :  1.16263e-06
 Reference value :  1.16313e-06
 Reference value :  1.16354e-06
 Reference value :  1.16380e-06
 Reference value :  1.16417e-06
 Reference value :  1.16462e-06
 Reference value :  1.16498e-06
 Reference value :  1.16546e-06
 Reference value :  1.16584e-06
 Reference value :  1.16597e-06
 Reference value :  1.16616e-06
 Reference value :  1.16638e-06
 Reference value :  1.16680e-06
 Reference value :  1.16737e-06
 Reference value :  1.16793e-06
 Reference value :  1.16837e-06
 Reference value :  1.16876e-06
 Reference value :  1.16910e-06
 Reference value :  1.16933e-06
 Reference value :  1.16980e-06
 Reference value :  1.17029e-06
 Reference value :  1.17070e-06
 Reference value :  1.17118e-06
 Reference value :  1.17169e-06
 Reference value :  1.17198e-06
 Reference value :  1.17218e-06
 Reference value :  1.17264e-06
 Reference value :  1.17329e-06
 Reference value :  1.17365e-06
 Reference value :  1.17420e-06
 Reference value :  1.17443e-06
 Reference value :  1.17456e-06
 Reference value :  1.17477e-06
 Reference value :  1.17513e-06
 Reference value :  1.17561e-06
 Reference value :  1.17603e-06
 Reference value :  1.17645e-06
 Reference value :  1.17681e-06
 Reference value :  1.17713e-06
 Reference value :  1.17735e-06
 Reference value :  1.17765e-06
 Reference value :  1.17813e-06
 Reference value :  1.17861e-06
 Reference value :  1.17911e-06
 Reference value :  1.17947e-06
 Reference value :  1.17971e-06
 Reference value :  1.18008e-06
 Reference value :  1.18041e-06
 Reference value :  1.18092e-06
 Reference value :  1.18122e-06
 Reference value :  1.18158e-06
 Reference value :  1.18196e-06
 Reference value :  1.18236e-06
 Reference value :  1.18277e-06
 Reference value :  1.18311e-06
 Reference value :  1.18357e-06
 Reference value :  1.18410e-06
 Reference value :  1.18446e-06
 Reference value :  1.18489e-06
 Reference value :  1.18518e-06
 Reference value :  1.18536e-06
 Reference value :  1.18579e-06
 Reference value :  1.18612e-06
 Reference value :  1.18658e-06
 Reference value :  1.18690e-06
 Reference value :  1.18737e-06
 Reference value :  1.18761e-06
 Reference value :  1.18775e-06
 Reference value :  1.18831e-06
 Reference value :  1.18850e-06
 Reference value :  1.18896e-06
 Reference value :  1.18954e-06
 Reference value :  1.19003e-06
 Reference value :  1.19053e-06
 Reference value :  1.19106e-06
 Reference value :  1.19144e-06
 Reference value :  1.19175e-06
 Reference value :  1.19208e-06
 Reference value :  1.19261e-06
 Reference value :  1.19302e-06
 Reference value :  1.19340e-06
 Reference value :  1.19393e-06
 Reference value :  1.19447e-06
 Reference value :  1.19502e-06
 Reference value :  1.19532e-06
 Reference value :  1.19576e-06
 Reference value :  1.19615e-06
 Reference value :  1.19667e-06
 Reference value :  1.19706e-06
 Reference value :  1.19748e-06
 Reference value :  1.19790e-06
 Reference value :  1.19840e-06
 Reference value :  1.19864e-06
 Reference value :  1.19914e-06
 Reference value :  1.19947e-06
 Reference value :  1.19996e-06
 Reference value :  1.20032e-06
 Reference value :  1.20048e-06
 Reference value :  1.20091e-06
 Reference value :  1.20125e-06
 Reference value :  1.20171e-06
 Reference value :  1.20209e-06
 Reference value :  1.20255e-06
 Reference value :  1.20291e-06
 Reference value :  1.20342e-06
 Reference value :  1.20355e-06
 Reference value :  1.20382e-06
 Reference value :  1.20433e-06
 Reference value :  1.20499e-06
 Reference value :  1.20543e-06
 Reference value :  1.20585e-06
 Reference value :  1.20594e-06
 Reference value :  1.20623e-06
 Reference value :  1.20682e-06
 Reference value :  1.20718e-06
 Reference value :  1.20764e-06
 Reference value :  1.20805e-06
 Reference value :  1.20868e-06
 Reference value :  1.20909e-06
 Reference value :  1.20943e-06
 Reference value :  1.20972e-06
 Reference value :  1.21020e-06
 Reference value :  1.21058e-06
 Reference value :  1.21102e-06
 Reference value :  1.21134e-06
 Reference value :  1.21183e-06
 Reference value :  1.21217e-06
 Reference value :  1.21263e-06
 Reference value :  1.21313e-06
 Reference value :  1.21381e-06
 Reference value :  1.21428e-06
 Reference value :  1.21467e-06
 Reference value :  1.21509e-06
 Reference value :  1.21546e-06
 Reference value :  1.21601e-06
 Reference value :  1.21635e-06
 Reference value :  1.21688e-06
 Reference value :  1.21720e-06
 Reference value :  1.21738e-06
 Reference value :  1.21795e-06
 Reference value :  1.21836e-06
 Reference value :  1.21881e-06
 Reference value :  1.21924e-06
 Reference value :  1.21936e-06
 Reference value :  1.21968e-06
 Reference value :  1.22008e-06
 Reference value :  1.22055e-06
 Reference value :  1.22099e-06
 Reference value :  1.22134e-06
 Reference value :  1.22176e-06
 Reference value :  1.22225e-06
 Reference value :  1.22262e-06
 Reference value :  1.22299e-06
 Reference value :  1.22344e-06
 Reference value :  1.22390e-06
 Reference value :  1.22414e-06
 Reference value :  1.22464e-06
 Reference value :  1.22500e-06
 Reference value :  1.22529e-06
 Reference value :  1.22574e-06
 Reference value :  1.22630e-06
 Reference value :  1.22663e-06
 Reference value :  1.22721e-06
 Reference value :  1.22765e-06
 Reference value :  1.22784e-06
 Reference value :  1.22817e-06
 Reference value :  1.22864e-06
 Reference value :  1.22898e-06
 Reference value :  1.22937e-06
 Reference value :  1.22959e-06
 Reference value :  1.22992e-06
 Reference value :  1.23030e-06
 Reference value :  1.23061e-06
 Reference value :  1.23080e-06
 Reference value :  1.23133e-06
 Reference value :  1.23164e-06
 Reference value :  1.23190e-06
 Reference value :  1.23229e-06
 Reference value :  1.23272e-06
 Reference value :  1.23312e-06
 Reference value :  1.23362e-06
 Reference value :  1.23404e-06
 Reference value :  1.23455e-06
 Reference value :  1.23480e-06
 Reference value :  1.23530e-06
 Reference value :  1.23569e-06
 Reference value :  1.23614e-06
 Reference value :  1.23660e-06
 Reference value :  1.23705e-06
 Reference value :  1.23741e-06
 Reference value :  1.23799e-06
 Reference value :  1.23847e-06
 Reference value :  1.23895e-06
 Reference value :  1.23945e-06
 Reference value :  1.23976e-06
 Reference value :  1.24000e-06
 Reference value :  1.24019e-06
 Reference value :  1.24064e-06
 Reference value :  1.24111e-06
 Reference value :  1.24152e-06
 Reference value :  1.24194e-06
 Reference value :  1.24232e-06
 Reference value :  1.24264e-06
 Reference value :  1.24310e-06
 Reference value :  1.24349e-06
 Reference value :  1.24407e-06
 Reference value :  1.24454e-06
 Reference value :  1.24488e-06
 Reference value :  1.24539e-06
 Reference value :  1.24569e-06
 Reference value :  1.24587e-06
 Reference value :  1.24633e-06
 Reference value :  1.24663e-06
 Reference value :  1.24710e-06
 Reference value :  1.24752e-06
 Reference value :  1.24798e-06
 Reference value :  1.24825e-06
 Reference value :  1.24856e-06
 Reference value :  1.24900e-06
 Reference value :  1.24932e-06
 Reference value :  1.24968e-06
 Reference value :  1.25014e-06
 Reference value :  1.25046e-06
 Reference value :  1.25074e-06
 Reference value :  1.25127e-06
 Reference value :  1.25173e-06
 Reference value :  1.25217e-06
 Reference value :  1.25252e-06
 Reference value :  1.25288e-06
 Reference value :  1.25300e-06
 Reference value :  1.25332e-06
 Reference value :  1.25379e-06
 Reference value :  1.25416e-06
 Reference value :  1.25463e-06
 Reference value :  1.25484e-06
 Reference value :  1.25535e-06
 Reference value :  1.25566e-06
 Reference value :  1.25608e-06
 Reference value :  1.25638e-06
 Reference value :  1.25669e-06
 Reference value :  1.25707e-06
 Reference value :  1.25733e-06
 Reference value :  1.25782e-06
 Reference value :  1.25818e-06
 Reference value :  1.25848e-06
 Reference value :  1.25885e-06
 Reference value :  1.25924e-06
 Reference value :  1.25965e-06
 Reference value :  1.26016e-06
 Reference value :  1.26055e-06
 Reference value :  1.26077e-06
 Reference value :  1.26124e-06
 Reference value :  1.26161e-06
 Reference value :  1.26207e-06
 Reference value :  1.26244e-06
 Reference value :  1.26298e-06
 Reference value :  1.26332e-06
 Reference value :  1.26377e-06
 Reference value :  1.26411e-06
 Reference value :  1.26427e-06
 Reference value :  1.26468e-06
 Reference value :  1.26519e-06
 Reference value :  1.26563e-06
 Reference value :  1.26599e-06
 Reference value :  1.26634e-06
 Reference value :  1.26684e-06
 Reference value :  1.26723e-06
 Reference value :  1.26750e-06
 Reference value :  1.26796e-06
 Reference value :  1.26842e-06
 Reference value :  1.26893e-06
 Reference value :  1.26930e-06
 Reference value :  1.26975e-06
 Reference value :  1.27010e-06
 Reference value :  1.27072e-06
 Reference value :  1.27114e-06
 Reference value :  1.27163e-06
 Reference value :  1.27219e-06
 Reference value :  1.27267e-06
 Reference value :  1.27311e-06
 Reference value :  1.27342e-06
 Reference value :  1.27361e-06
 Reference value :  1.27419e-06
 Reference value :  1.27476e-06
 Reference value :  1.27525e-06
 Reference value :  1.27590e-06
 Reference value :  1.27631e-06
 Reference value :  1.27682e-06
 Reference value :  1.27725e-06
 Reference value :  1.27752e-06
 Reference value :  1.27789e-06
 Reference value :  1.27842e-06
 Reference value :  1.27893e-06
 Reference value :  1.27936e-06
 Reference value :  1.27951e-06
 Reference value :  1.27995e-06
 Reference value :  1.28033e-06
 Reference value :  1.28093e-06
 Reference value :  1.28144e-06
 Reference value :  1.28204e-06
 Reference value :  1.28253e-06
 Reference value :  1.28281e-06
 Reference value :  1.28336e-06
 Reference value :  1.28374e-06
 Reference value :  1.28440e-06
 Reference value :  1.28460e-06
 Reference value :  1.28488e-06
 Reference value :  1.28529e-06
 Reference value :  1.28595e-06
 Reference value :  1.28633e-06
 Reference value :  1.28694e-06
 Reference value :  1.28738e-06
 Reference value :  1.28776e-06
 Reference value :  1.28814e-06
 Reference value :  1.28837e-06
 Reference value :  1.28882e-06
 Reference value :  1.28941e-06
 Reference value :  1.28992e-06
 Reference value :  1.29016e-06
 Reference value :  1.29038e-06
 Reference value :  1.29079e-06
 Reference value :  1.29122e-06
 Reference value :  1.29170e-06
 Reference value :  1.29214e-06
 Reference value :  1.29271e-06
 Reference value :  1.29298e-06
 Reference value :  1.29326e-06
 Reference value :  1.29369e-06
 Reference value :  1.29416e-06
 Reference value :  1.29460e-06
 Reference value :  1.29511e-06
 Reference value :  1.29539e-06
 Reference value :  1.29561e-06
 Reference value :  1.29601e-06
 Reference value :  1.29654e-06
 Reference value :  1.29688e-06
 Reference value :  1.29721e-06
 Reference value :  1.29753e-06
 Reference value :  1.29768e-06
 Reference value :  1.29801e-06
 Reference value :  1.29847e-06
 Reference value :  1.29885e-06
 Reference value :  1.29930e-06
 Reference value :  1.29969e-06
 Reference value :  1.30015e-06
 Reference value :  1.30038e-06
 Reference value :  1.30047e-06
 Reference value :  1.30100e-06
 Reference value :  1.30151e-06
 Reference value :  1.30170e-06
 Reference value :  1.30202e-06
 Reference value :  1.30247e-06
 Reference value :  1.30277e-06
 Reference value :  1.30303e-06
 Reference value :  1.30354e-06
 Reference value :  1.30397e-06
 Reference value :  1.30444e-06
 Reference value :  1.30485e-06
 Reference value :  1.30532e-06
 Reference value :  1.30558e-06
 Reference value :  1.30600e-06
 Reference value :  1.30636e-06
 Reference value :  1.30677e-06
 Reference value :  1.30724e-06
 Reference value :  1.30772e-06
 Reference value :  1.30813e-06
 Reference value :  1.30850e-06
 Reference value :  1.30894e-06
 Reference value :  1.30942e-06
 Reference value :  1.30981e-06
 Reference value :  1.31025e-06
 Reference value :  1.31050e-06
 Reference value :  1.31070e-06
 Reference value :  1.31121e-06
 Reference value :  1.31160e-06
 Reference value :  1.31201e-06
 Reference value :  1.31244e-06
 Reference value :  1.31293e-06
 Reference value :  1.31320e-06
 Reference value :  1.31352e-06
 Reference value :  1.31365e-06
 Reference value :  1.31402e-06
 Reference value :  1.31453e-06
 Reference value :  1.31506e-06
 Reference value :  1.31545e-06
 Reference value :  1.31584e-06
 Reference value :  1.31635e-06
 Reference value :  1.31688e-06
 Reference value :  1.31726e-06
 Reference value :  1.31776e-06
 Reference value :  1.31787e-06
 Reference value :  1.31821e-06
 Reference value :  1.31856e-06
 Reference value :  1.31892e-06
 Reference value :  1.31937e-06
 Reference value :  1.31983e-06
 Reference value :  1.32025e-06
 Reference value :  1.32063e-06
 Reference value :  1.32111e-06
 Reference value :  1.32153e-06
 Reference value :  1.32195e-06
 Reference value :  1.32230e-06
 Reference value :  1.32280e-06
 Reference value :  1.32322e-06
 Reference value :  1.32376e-06
 Reference value :  1.32415e-06
 Reference value :  1.32431e-06
 Reference value :  1.32486e-06
 Reference value :  1.32539e-06
 Reference value :  1.32574e-06
 Reference value :  1.32620e-06
 Reference value :  1.32658e-06
 Reference value :  1.32696e-06
 Reference value :  1.32721e-06
 Reference value :  1.32751e-06
 Reference value :  1.32791e-06
 Reference value :  1.32835e-06
 Reference value :  1.32874e-06
 Reference value :  1.32913e-06
 Reference value :  1.32946e-06
 Reference value :  1.32963e-06
 Reference value :  1.32996e-06
 Reference value :  1.33038e-06
 Reference value :  1.33082e-06
 Reference value :  1.33122e-06
 Reference value :  1.33163e-06
 Reference value :  1.33204e-06
 Reference value :  1.33242e-06
 Reference value :  1.33287e-06
 Reference value :  1.33307e-06
 Reference value :  1.33339e-06
 Reference value :  1.33384e-06
 Reference value :  1.33427e-06
 Reference value :  1.33470e-06
 Reference value :  1.33513e-06
 Reference value :  1.33551e-06
 Reference value :  1.33577e-06
 Reference value :  1.33598e-06
 Reference value :  1.33657e-06
 Reference value :  1.33703e-06
 Reference value :  1.33734e-06
 Reference value :  1.33776e-06
 Reference value :  1.33812e-06
 Reference value :  1.33859e-06
 Reference value :  1.33879e-06
 Reference value :  1.33918e-06
 Reference value :  1.33965e-06
 Reference value :  1.34013e-06
 Reference value :  1.34063e-06
 Reference value :  1.34086e-06
 Reference value :  1.34114e-06
 Reference value :  1.34174e-06
 Reference value :  1.34219e-06
 Reference value :  1.34264e-06
 Reference value :  1.34308e-06
 Reference value :  1.34341e-06
 Reference value :  1.34359e-06
 Reference value :  1.34399e-06
 Reference value :  1.34438e-06
 Reference value :  1.34476e-06
 Reference value :  1.34505e-06
 Reference value :  1.34547e-06
 Reference value :  1.34586e-06
 Reference value :  1.34618e-06
 Reference value :  1.34651e-06
 Reference value :  1.34693e-06
 Reference value :  1.34734e-06
 Reference value :  1.34785e-06
 Reference value :  1.34837e-06
 Reference value :  1.34880e-06
 Reference value :  1.34901e-06
 Reference value :  1.34925e-06
 Reference value :  1.34967e-06
 Reference value :  1.35001e-06
 Reference value :  1.35038e-06
 Reference value :  1.35080e-06
 Reference value :  1.35116e-06
 Reference value :  1.35144e-06
 Reference value :  1.35166e-06
 Reference value :  1.35215e-06
 Reference value :  1.35251e-06
 Reference value :  1.35286e-06
 Reference value :  1.35305e-06
 Reference value :  1.35332e-06
 Reference value :  1.35345e-06
 Reference value :  1.35390e-06
 Reference value :  1.35424e-06
 Reference value :  1.35469e-06
 Reference value :  1.35504e-06
 Reference value :  1.35553e-06
 Reference value :  1.35576e-06
 Reference value :  1.35616e-06
 Reference value :  1.35643e-06
 Reference value :  1.35681e-06
 Reference value :  1.35728e-06
 Reference value :  1.35755e-06
 Reference value :  1.35768e-06
 Reference value :  1.35817e-06
 Reference value :  1.35866e-06
 Reference value :  1.35904e-06
 Reference value :  1.35951e-06
 Reference value :  1.35977e-06
 Reference value :  1.35996e-06
 Reference value :  1.36048e-06
 Reference value :  1.36090e-06
 Reference value :  1.36128e-06
 Reference value :  1.36174e-06
 Reference value :  1.36218e-06
 Reference value :  1.36265e-06
 Reference value :  1.36310e-06
 Reference value :  1.36334e-06
 Reference value :  1.36358e-06
 Reference value :  1.36408e-06
 Reference value :  1.36440e-06
 Reference value :  1.36481e-06
 Reference value :  1.36524e-06
 Reference value :  1.36567e-06
 Reference value :  1.36597e-06
 Reference value :  1.36606e-06
 Reference value :  1.36614e-06
 Reference value :  1.36637e-06
 Reference value :  1.36647e-06
 Reference value :  1.36650e-06
 Reference value :  1.36661e-06
 Reference value :  1.36679e-06
 Reference value :  1.36685e-06
 Reference value :  1.36698e-06
 Reference value :  1.36739e-06
 Reference value :  1.36773e-06
 Reference value :  1.36811e-06
 Reference value :  1.36819e-06
 Reference value :  1.36826e-06
 Reference value :  1.36855e-06
 Reference value :  1.36901e-06
 Reference value :  1.36934e-06
 Reference value :  1.36950e-06
 Reference value :  1.36973e-06
 Reference value :  1.36994e-06
 Reference value :  1.37003e-06
 Reference value :  1.37021e-06
 Reference value :  1.37040e-06
 Reference value :  1.37088e-06
 Reference value :  1.37123e-06
 Reference value :  1.37181e-06
 Reference value :  1.37234e-06
 Reference value :  1.37257e-06
 Reference value :  1.37270e-06
 Reference value :  1.37297e-06
 Reference value :  1.37342e-06
 Reference value :  1.37375e-06
 Reference value :  1.37404e-06
 Reference value :  1.37421e-06
 Reference value :  1.37434e-06
 Reference value :  1.37477e-06
 Reference value :  1.37509e-06
 Reference value :  1.37564e-06
 Reference value :  1.37578e-06
 Reference value :  1.37581e-06
 Reference value :  1.37600e-06
 Reference value :  1.37614e-06
 Reference value :  1.37622e-06
 Reference value :  1.37626e-06
 Reference value :  1.37631e-06
 Reference value :  1.37649e-06
 Reference value :  1.37665e-06
 Reference value :  1.37701e-06
 Reference value :  1.37738e-06
 Reference value :  1.37764e-06
 Reference value :  1.37781e-06
 Reference value :  1.37789e-06
 Reference value :  1.37798e-06
 Reference value :  1.37810e-06
 Reference value :  1.37817e-06
 Reference value :  1.37823e-06
 Reference value :  1.37828e-06
 Reference value :  1.37844e-06
 Reference value :  1.37856e-06
 Reference value :  1.37900e-06
 Reference value :  1.37942e-06
 Reference value :  1.37980e-06
 Reference value :  1.37986e-06
 Reference value :  1.37990e-06
 Reference value :  1.37997e-06
 Reference value :  1.38005e-06
 Reference value :  1.38016e-06
 Reference value :  1.38064e-06
 Reference value :  1.38081e-06
 Reference value :  1.38106e-06
 Reference value :  1.38149e-06
 Reference value :  1.38165e-06
 Reference value :  1.38173e-06
 Reference value :  1.38185e-06
 Reference value :  1.38190e-06
 Reference value :  1.38194e-06
 Reference value :  1.38197e-06
 Reference value :  1.38239e-06
 Reference value :  1.38253e-06
 Reference value :  1.38288e-06
 Reference value :  1.38310e-06
 Reference value :  1.38328e-06
 Reference value :  1.38359e-06
 Reference value :  1.38367e-06
 Reference value :  1.38374e-06
 Reference value :  1.38385e-06
 Reference value :  1.38391e-06
 Reference value :  1.38403e-06
 Reference value :  1.38408e-06
 Reference value :  1.38411e-06
 Reference value :  1.38418e-06
 Reference value :  1.38447e-06
 Reference value :  1.38493e-06
 Reference value :  1.38534e-06
 Reference value :  1.38583e-06
 Reference value :  1.38615e-06
 Reference value :  1.38624e-06
 Reference value :  1.38628e-06
 Reference value :  1.38632e-06
 Reference value :  1.38637e-06
 Reference value :  1.38649e-06
 Reference value :  1.38655e-06
 Reference value :  1.38660e-06
 Reference value :  1.38663e-06
 Reference value :  1.38672e-06
 Reference value :  1.38716e-06
 Reference value :  1.38751e-06
 Reference value :  1.38774e-06
 Reference value :  1.38804e-06
 Reference value :  1.38857e-06
 Reference value :  1.38872e-06
 Reference value :  1.38876e-06
 Reference value :  1.38924e-06
 Reference value :  1.38950e-06
 Reference value :  1.38958e-06
 Reference value :  1.38961e-06
 Reference value :  1.38969e-06
 Reference value :  1.38980e-06
 Reference value :  1.38993e-06
 Reference value :  1.39000e-06
 Reference value :  1.39011e-06
 Reference value :  1.39037e-06
 Reference value :  1.39080e-06
 Reference value :  1.39117e-06
 Reference value :  1.39128e-06
 Reference value :  1.39138e-06
 Reference value :  1.39150e-06
 Reference value :  1.39156e-06
 Reference value :  1.39161e-06
 Reference value :  1.39165e-06
 Reference value :  1.39172e-06
 Reference value :  1.39186e-06
 Reference value :  1.39193e-06
 Reference value :  1.39203e-06
 Reference value :  1.39228e-06
 Reference value :  1.39245e-06
 Reference value :  1.39248e-06
 Reference value :  1.39256e-06
 Reference value :  1.39261e-06
 Reference value :  1.39267e-06
 Reference value :  1.39278e-06
 Reference value :  1.39282e-06
 Reference value :  1.39321e-06
 Reference value :  1.39340e-06
 Reference value :  1.39367e-06
 Reference value :  1.39406e-06
 Reference value :  1.39416e-06
 Reference value :  1.39427e-06
 Reference value :  1.39436e-06
 Reference value :  1.39444e-06
 Reference value :  1.39448e-06
 Reference value :  1.39455e-06
 Reference value :  1.39473e-06
 Reference value :  1.39499e-06
 Reference value :  1.39532e-06
 Reference value :  1.39542e-06
 Reference value :  1.39596e-06
 Reference value :  1.39627e-06
 Reference value :  1.39638e-06
 Reference value :  1.39651e-06
 Reference value :  1.39667e-06
 Reference value :  1.39672e-06
 Reference value :  1.39688e-06
 Reference value :  1.39712e-06
 Reference value :  1.39752e-06
 Reference value :  1.39786e-06
 Reference value :  1.39793e-06
 Reference value :  1.39797e-06
 Reference value :  1.39802e-06
 Reference value :  1.39807e-06
 Reference value :  1.39818e-06
 Reference value :  1.39833e-06
 Reference value :  1.39837e-06
 Reference value :  1.39840e-06
 Reference value :  1.39854e-06
 Reference value :  1.39875e-06
 Reference value :  1.39883e-06
 Reference value :  1.39896e-06
 Reference value :  1.39936e-06
 Reference value :  1.39973e-06
 Reference value :  1.40000e-06
 Reference value :  1.40011e-06
 Reference value :  1.40038e-06
 Reference value :  1.40080e-06
 Reference value :  1.40106e-06
 Reference value :  1.40121e-06
 Reference value :  1.40147e-06
 Reference value :  1.40159e-06
 Reference value :  1.40165e-06
 Reference value :  1.40171e-06
 Reference value :  1.40183e-06
 Reference value :  1.40192e-06
 Reference value :  1.40203e-06
 Reference value :  1.40220e-06
 Reference value :  1.40246e-06
 Reference value :  1.40262e-06
 Reference value :  1.40295e-06
 Reference value :  1.40339e-06
 Reference value :  1.40388e-06
 Reference value :  1.40439e-06
 Reference value :  1.40471e-06
 Reference value :  1.40490e-06
 Reference value :  1.40504e-06
 Reference value :  1.40508e-06
 Reference value :  1.40512e-06
 Reference value :  1.40520e-06
 Reference value :  1.40531e-06
 Reference value :  1.40544e-06
 Reference value :  1.40554e-06
 Reference value :  1.40596e-06
 Reference value :  1.40641e-06
 Reference value :  1.40694e-06
 Reference value :  1.40722e-06
 Reference value :  1.40736e-06
 Reference value :  1.40759e-06
 Reference value :  1.40797e-06
 Reference value :  1.40807e-06
 Reference value :  1.40810e-06
 Reference value :  1.40814e-06
 Reference value :  1.40823e-06
 Reference value :  1.40828e-06
 Reference value :  1.40836e-06
 Reference value :  1.40844e-06
 Reference value :  1.40849e-06
 Reference value :  1.40859e-06
 Reference value :  1.40869e-06
 Reference value :  1.40883e-06
 Reference value :  1.40887e-06
 Reference value :  1.40895e-06
 Reference value :  1.40934e-06
 Reference value :  1.40970e-06
 Reference value :  1.41016e-06
 Reference value :  1.41043e-06
 Reference value :  1.41061e-06
 Reference value :  1.41093e-06
 Reference value :  1.41104e-06
 Reference value :  1.41145e-06
 Reference value :  1.41194e-06
 Reference value :  1.41237e-06
 Reference value :  1.41280e-06
 Reference value :  1.41297e-06
 Reference value :  1.41302e-06
 Reference value :  1.41306e-06
 Reference value :  1.41312e-06
 Reference value :  1.41330e-06
 Reference value :  1.41353e-06
 Reference value :  1.41391e-06
 Reference value :  1.41438e-06
 Reference value :  1.41473e-06
 Reference value :  1.41496e-06
 Reference value :  1.41517e-06
 Reference value :  1.41520e-06
 Reference value :  1.41527e-06
 Reference value :  1.41532e-06
 Reference value :  1.41542e-06
 Reference value :  1.41549e-06
 Reference value :  1.41574e-06
 Reference value :  1.41610e-06
 Reference value :  1.41651e-06
 Reference value :  1.41698e-06
 Reference value :  1.41725e-06
 Reference value :  1.41775e-06
 Reference value :  1.41785e-06
 Reference value :  1.41789e-06
 Reference value :  1.41794e-06
 Reference value :  1.41800e-06
 Reference value :  1.41806e-06
 Reference value :  1.41809e-06
 Reference value :  1.41824e-06
 Reference value :  1.41868e-06
 Reference value :  1.41909e-06
 Reference value :  1.41944e-06
 Reference value :  1.41976e-06
 Reference value :  1.42015e-06
 Reference value :  1.42059e-06
 Reference value :  1.42107e-06
 Reference value :  1.42149e-06
 Reference value :  1.42193e-06
 Reference value :  1.42234e-06
 Reference value :  1.42274e-06
 Reference value :  1.42295e-06
 Reference value :  1.42336e-06
 Reference value :  1.42376e-06
 Reference value :  1.42414e-06
 Reference value :  1.42449e-06
 Reference value :  1.42457e-06
 Reference value :  1.42472e-06
 Reference value :  1.42478e-06
 Reference value :  1.42482e-06
 Reference value :  1.42487e-06
 Reference value :  1.42496e-06
 Reference value :  1.42522e-06
 Reference value :  1.42533e-06
 Reference value :  1.42576e-06
 Reference value :  1.42612e-06
 Reference value :  1.42643e-06
 Reference value :  1.42668e-06
 Reference value :  1.42689e-06
 Reference value :  1.42726e-06
 Reference value :  1.42773e-06
 Reference value :  1.42814e-06
 Reference value :  1.42837e-06
 Reference value :  1.42866e-06
 Reference value :  1.42891e-06
 Reference value :  1.42922e-06
 Reference value :  1.42941e-06
 Reference value :  1.42948e-06
 Reference value :  1.42996e-06
 Reference value :  1.43044e-06
 Reference value :  1.43065e-06
 Reference value :  1.43075e-06
 Reference value :  1.43094e-06
 Reference value :  1.43129e-06
 Reference value :  1.43171e-06
 Reference value :  1.43199e-06
 Reference value :  1.43226e-06
 Reference value :  1.43261e-06
 Reference value :  1.43281e-06
 Reference value :  1.43288e-06
 Reference value :  1.43296e-06
 Reference value :  1.43307e-06
 Reference value :  1.43315e-06
 Reference value :  1.43319e-06
 Reference value :  1.43332e-06
 Reference value :  1.43373e-06
 Reference value :  1.43405e-06
 Reference value :  1.43413e-06
 Reference value :  1.43459e-06
 Reference value :  1.43497e-06
 Reference value :  1.43535e-06
 Reference value :  1.43585e-06
 Reference value :  1.43637e-06
 Reference value :  1.43671e-06
 Reference value :  1.43697e-06
 Reference value :  1.43712e-06
 Reference value :  1.43722e-06
 Reference value :  1.43736e-06
 Reference value :  1.43740e-06
 Reference value :  1.43749e-06
 Reference value :  1.43771e-06
 Reference value :  1.43787e-06
 Reference value :  1.43832e-06
 Reference value :  1.43882e-06
 Reference value :  1.43932e-06
 Reference value :  1.43972e-06
 Reference value :  1.44023e-06
 Reference value :  1.44048e-06
 Reference value :  1.44068e-06
 Reference value :  1.44073e-06
 Reference value :  1.44077e-06
 Reference value :  1.44081e-06
 Reference value :  1.44084e-06
 Reference value :  1.44091e-06
 Reference value :  1.44100e-06
 Reference value :  1.44113e-06
 Reference value :  1.44122e-06
 Reference value :  1.44127e-06
 Reference value :  1.44137e-06
 Reference value :  1.44176e-06
 Reference value :  1.44209e-06
 Reference value :  1.44248e-06
 Reference value :  1.44296e-06
 Reference value :  1.44344e-06
 Reference value :  1.44378e-06
 Reference value :  1.44394e-06
 Reference value :  1.44418e-06
 Reference value :  1.44470e-06
 Reference value :  1.44506e-06
 Reference value :  1.44561e-06
 Reference value :  1.44613e-06
 Reference value :  1.44626e-06
 Reference value :  1.44631e-06
 Reference value :  1.44639e-06
 Reference value :  1.44649e-06
 Reference value :  1.44661e-06
 Reference value :  1.44709e-06
 Reference value :  1.44753e-06
 Reference value :  1.44793e-06
 Reference value :  1.44809e-06
 Reference value :  1.44815e-06
 Reference value :  1.44820e-06
 Reference value :  1.44826e-06
 Reference value :  1.44832e-06
 Reference value :  1.44836e-06
 Reference value :  1.44839e-06
 Reference value :  1.44843e-06
 Reference value :  1.44852e-06
 Reference value :  1.44857e-06
 Reference value :  1.44871e-06
 Reference value :  1.44877e-06
 Reference value :  1.44881e-06
 Reference value :  1.44890e-06
 Reference value :  1.44897e-06
 Reference value :  1.44901e-06
 Reference value :  1.44904e-06
 Reference value :  1.44908e-06
 Reference value :  1.44918e-06
 Reference value :  1.44936e-06
 Reference value :  1.44987e-06
 Reference value :  1.45025e-06
 Reference value :  1.45084e-06
 Reference value :  1.45095e-06
 Reference value :  1.45117e-06
 Reference value :  1.45160e-06
 Reference value :  1.45164e-06
 Reference value :  1.45167e-06
 Reference value :  1.45174e-06
 Reference value :  1.45184e-06
 Reference value :  1.45190e-06
 Reference value :  1.45202e-06
 Reference value :  1.45208e-06
 Reference value :  1.45215e-06
 Reference value :  1.45226e-06
 Reference value :  1.45274e-06
 Reference value :  1.45320e-06
 Reference value :  1.45375e-06
 Reference value :  1.45413e-06
 Reference value :  1.45417e-06
 Reference value :  1.45421e-06
 Reference value :  1.45424e-06
 Reference value :  1.45431e-06
 Reference value :  1.45435e-06
 Reference value :  1.45440e-06
 Reference value :  1.45464e-06
 Reference value :  1.45497e-06
 Reference value :  1.45546e-06
 Reference value :  1.45582e-06
 Reference value :  1.45635e-06
 Reference value :  1.45644e-06
 Reference value :  1.45653e-06
 Reference value :  1.45659e-06
 Reference value :  1.45671e-06
 Reference value :  1.45682e-06
 Reference value :  1.45693e-06
 Reference value :  1.45706e-06
 Reference value :  1.45712e-06
 Reference value :  1.45717e-06
 Reference value :  1.45721e-06
 Reference value :  1.45728e-06
 Reference value :  1.45733e-06
 Reference value :  1.45746e-06
 Reference value :  1.45753e-06
 Reference value :  1.45758e-06
 Reference value :  1.45775e-06
 Reference value :  1.45804e-06
 Reference value :  1.45839e-06
 Reference value :  1.45848e-06
 Reference value :  1.45900e-06
 Reference value :  1.45942e-06
 Reference value :  1.45961e-06
 Reference value :  1.45972e-06
 Reference value :  1.45982e-06
 Reference value :  1.45988e-06
 Reference value :  1.45994e-06
 Reference value :  1.45999e-06
 Reference value :  1.46006e-06
 Reference value :  1.46014e-06
 Reference value :  1.46024e-06
 Reference value :  1.46036e-06
 Reference value :  1.46042e-06
 Reference value :  1.46089e-06
 Reference value :  1.46116e-06
 Reference value :  1.46164e-06
 Reference value :  1.46199e-06
 Reference value :  1.46230e-06
 Reference value :  1.46251e-06
 Reference value :  1.46308e-06
 Reference value :  1.46329e-06
 Reference value :  1.46392e-06
 Reference value :  1.46422e-06
 Reference value :  1.46463e-06
 Reference value :  1.46472e-06
 Reference value :  1.46480e-06
 Reference value :  1.46511e-06
 Reference value :  1.46564e-06
 Reference value :  1.46593e-06
 Reference value :  1.46621e-06
 Reference value :  1.46646e-06
 Reference value :  1.46695e-06
 Reference value :  1.46738e-06
 Reference value :  1.46787e-06
 Reference value :  1.46811e-06
 Reference value :  1.46848e-06
 Reference value :  1.46894e-06
 Reference value :  1.46932e-06
 Reference value :  1.46985e-06
 Reference value :  1.47014e-06
 Reference value :  1.47031e-06
 Reference value :  1.47090e-06
 Reference value :  1.47139e-06
 Reference value :  1.47176e-06
 Reference value :  1.47206e-06
 Reference value :  1.47225e-06
 Reference value :  1.47254e-06
 Reference value :  1.47292e-06
 Reference value :  1.47331e-06
 Reference value :  1.47369e-06
 Reference value :  1.47393e-06
 Reference value :  1.47427e-06
 Reference value :  1.47439e-06
 Reference value :  1.47476e-06
 Reference value :  1.47512e-06
 Reference value :  1.47558e-06
 Reference value :  1.47577e-06
 Reference value :  1.47604e-06
 Reference value :  1.47630e-06
 Reference value :  1.47661e-06
 Reference value :  1.47702e-06
 Reference value :  1.47727e-06
 Reference value :  1.47731e-06
 Reference value :  1.47739e-06
 Reference value :  1.47748e-06
 Reference value :  1.47773e-06
 Reference value :  1.47816e-06
 Reference value :  1.47861e-06
 Reference value :  1.47907e-06
 Reference value :  1.47944e-06
 Reference value :  1.47992e-06
 Reference value :  1.48015e-06
 Reference value :  1.48034e-06
 Reference value :  1.48062e-06
 Reference value :  1.48067e-06
 Reference value :  1.48070e-06
 Reference value :  1.48079e-06
 Reference value :  1.48090e-06
 Reference value :  1.48102e-06
 Reference value :  1.48113e-06
 Reference value :  1.48154e-06
 Reference value :  1.48189e-06
 Reference value :  1.48238e-06
 Reference value :  1.48264e-06
 Reference value :  1.48288e-06
 Reference value :  1.48327e-06
 Reference value :  1.48371e-06
 Reference value :  1.48421e-06
 Reference value :  1.48448e-06
 Reference value :  1.48451e-06
 Reference value :  1.48461e-06
 Reference value :  1.48472e-06
 Reference value :  1.48480e-06
 Reference value :  1.48495e-06
 Reference value :  1.48501e-06
 Reference value :  1.48510e-06
 Reference value :  1.48533e-06
 Reference value :  1.48577e-06
 Reference value :  1.48625e-06
 Reference value :  1.48671e-06
 Reference value :  1.48681e-06
 Reference value :  1.48688e-06
 Reference value :  1.48696e-06
 Reference value :  1.48699e-06
 Reference value :  1.48709e-06
 Reference value :  1.48738e-06
 Reference value :  1.48751e-06
 Reference value :  1.48799e-06
 Reference value :  1.48834e-06
 Reference value :  1.48876e-06
 Reference value :  1.48922e-06
 Reference value :  1.48967e-06
 Reference value :  1.49005e-06
 Reference value :  1.49054e-06
 Reference value :  1.49093e-06
 Reference value :  1.49106e-06
 Reference value :  1.49113e-06
 Reference value :  1.49118e-06
 Reference value :  1.49123e-06
 Reference value :  1.49135e-06
 Reference value :  1.49165e-06
 Reference value :  1.49195e-06
 Reference value :  1.49245e-06
 Reference value :  1.49293e-06
 Reference value :  1.49340e-06
 Reference value :  1.49381e-06
 Reference value :  1.49394e-06
 Reference value :  1.49407e-06
 Reference value :  1.49418e-06
 Reference value :  1.49438e-06
 Reference value :  1.49474e-06
 Reference value :  1.49517e-06
 Reference value :  1.49546e-06
 Reference value :  1.49598e-06
 Reference value :  1.49639e-06
 Reference value :  1.49691e-06
 Reference value :  1.49741e-06
 Reference value :  1.49768e-06
 Reference value :  1.49781e-06
 Reference value :  1.49824e-06
 Reference value :  1.49865e-06
 Reference value :  1.49909e-06
 Reference value :  1.49953e-06
 Reference value :  1.49994e-06
 Reference value :  1.50009e-06
 Reference value :  1.50019e-06
 Reference value :  1.50070e-06
 Reference value :  1.50113e-06
 Reference value :  1.50161e-06
 Reference value :  1.50192e-06
 Reference value :  1.50223e-06
 Reference value :  1.50274e-06
 Reference value :  1.50306e-06
 Reference value :  1.50333e-06
 Reference value :  1.50378e-06
 Reference value :  1.50417e-06
 Reference value :  1.50455e-06
 Reference value :  1.50498e-06
 Reference value :  1.50537e-06
 Reference value :  1.50558e-06
 Reference value :  1.50569e-06
 Reference value :  1.50585e-06
 Reference value :  1.50590e-06
 Reference value :  1.50599e-06
 Reference value :  1.50621e-06
 Reference value :  1.50640e-06
 Reference value :  1.50697e-06
 Reference value :  1.50732e-06
 Reference value :  1.50767e-06
 Reference value :  1.50801e-06
 Reference value :  1.50809e-06
 Reference value :  1.50819e-06
 Reference value :  1.50834e-06
 Reference value :  1.50838e-06
 Reference value :  1.50841e-06
 Reference value :  1.50880e-06
 Reference value :  1.50924e-06
 Reference value :  1.50964e-06
 Reference value :  1.51008e-06
 Reference value :  1.51048e-06
 Reference value :  1.51097e-06
 Reference value :  1.51131e-06
 Reference value :  1.51182e-06
 Reference value :  1.51225e-06
 Reference value :  1.51269e-06
 Reference value :  1.51295e-06
 Reference value :  1.51299e-06
 Reference value :  1.51307e-06
 Reference value :  1.51315e-06
 Reference value :  1.51325e-06
 Reference value :  1.51340e-06
 Reference value :  1.51344e-06
 Reference value :  1.51370e-06
 Reference value :  1.51418e-06
 Reference value :  1.51466e-06
 Reference value :  1.51508e-06
 Reference value :  1.51545e-06
 Reference value :  1.51583e-06
 Reference value :  1.51637e-06
 Reference value :  1.51678e-06
 Reference value :  1.51721e-06
 Reference value :  1.51773e-06
 Reference value :  1.51810e-06
 Reference value :  1.51855e-06
 Reference value :  1.51861e-06
 Reference value :  1.51866e-06
 Reference value :  1.51872e-06
 Reference value :  1.51878e-06
 Reference value :  1.51886e-06
 Reference value :  1.51890e-06
 Reference value :  1.51900e-06
 Reference value :  1.51938e-06
 Reference value :  1.51976e-06
 Reference value :  1.52028e-06
 Reference value :  1.52064e-06
 Reference value :  1.52120e-06
 Reference value :  1.52159e-06
 Reference value :  1.52201e-06
 Reference value :  1.52245e-06
 Reference value :  1.52258e-06
 Reference value :  1.52266e-06
 Reference value :  1.52271e-06
 Reference value :  1.52275e-06
 Reference value :  1.52278e-06
 Reference value :  1.52286e-06
 Reference value :  1.52310e-06
 Reference value :  1.52351e-06
 Reference value :  1.52387e-06
 Reference value :  1.52420e-06
 Reference value :  1.52467e-06
 Reference value :  1.52504e-06
 Reference value :  1.52524e-06
 Reference value :  1.52529e-06
 Reference value :  1.52533e-06
 Reference value :  1.52544e-06
 Reference value :  1.52550e-06
 Reference value :  1.52558e-06
 Reference value :  1.52562e-06
 Reference value :  1.52567e-06
 Reference value :  1.52570e-06
 Reference value :  1.52574e-06
 Reference value :  1.52584e-06
 Reference value :  1.52597e-06
 Reference value :  1.52604e-06
 Reference value :  1.52609e-06
 Reference value :  1.52618e-06
 Reference value :  1.52629e-06
 Reference value :  1.52648e-06
 Reference value :  1.52692e-06
 Reference value :  1.52728e-06
 Reference value :  1.52775e-06
 Reference value :  1.52823e-06
 Reference value :  1.52888e-06
 Reference value :  1.52909e-06
 Reference value :  1.52960e-06
 Reference value :  1.52999e-06
 Reference value :  1.53029e-06
 Reference value :  1.53081e-06
 Reference value :  1.53139e-06
 Reference value :  1.53194e-06
 Reference value :  1.53238e-06
 Reference value :  1.53291e-06
 Reference value :  1.53335e-06
 Reference value :  1.53383e-06
 Reference value :  1.53424e-06
 Reference value :  1.53464e-06
 Reference value :  1.53504e-06
 Reference value :  1.53548e-06
 Reference value :  1.53582e-06
 Reference value :  1.53607e-06
 Reference value :  1.53615e-06
 Reference value :  1.53620e-06
 Reference value :  1.53629e-06
 Reference value :  1.53638e-06
 Reference value :  1.53656e-06
 Reference value :  1.53671e-06
 Reference value :  1.53716e-06
 Reference value :  1.53771e-06
 Reference value :  1.53804e-06
 Reference value :  1.53849e-06
 Reference value :  1.53877e-06
 Reference value :  1.53886e-06
 Reference value :  1.53891e-06
 Reference value :  1.53897e-06
 Reference value :  1.53904e-06
 Reference value :  1.53908e-06
 Reference value :  1.53935e-06
 Reference value :  1.53950e-06
 Reference value :  1.53989e-06
 Reference value :  1.54032e-06
 Reference value :  1.54068e-06
 Reference value :  1.54117e-06
 Reference value :  1.54134e-06
 Reference value :  1.54138e-06
 Reference value :  1.54151e-06
 Reference value :  1.54157e-06
 Reference value :  1.54162e-06
 Reference value :  1.54166e-06
 Reference value :  1.54178e-06
 Reference value :  1.54226e-06
 Reference value :  1.54266e-06
 Reference value :  1.54318e-06
 Reference value :  1.54370e-06
 Reference value :  1.54400e-06
 Reference value :  1.54414e-06
 Reference value :  1.54422e-06
 Reference value :  1.54431e-06
 Reference value :  1.54443e-06
 Reference value :  1.54450e-06
 Reference value :  1.54467e-06
 Reference value :  1.54491e-06
 Reference value :  1.54541e-06
 Reference value :  1.54579e-06
 Reference value :  1.54601e-06
 Reference value :  1.54614e-06
 Reference value :  1.54623e-06
 Reference value :  1.54628e-06
 Reference value :  1.54637e-06
 Reference value :  1.54659e-06
 Reference value :  1.54672e-06
 Reference value :  1.54711e-06
 Reference value :  1.54775e-06
 Reference value :  1.54829e-06
 Reference value :  1.54878e-06
 Reference value :  1.54908e-06
 Reference value :  1.54915e-06
 Reference value :  1.54918e-06
 Reference value :  1.54921e-06
 Reference value :  1.54927e-06
 Reference value :  1.54936e-06
 Reference value :  1.54965e-06
 Reference value :  1.54995e-06
 Reference value :  1.55042e-06
 Reference value :  1.55083e-06
 Reference value :  1.55132e-06
 Reference value :  1.55169e-06
 Reference value :  1.55200e-06
 Reference value :  1.55209e-06
 Reference value :  1.55213e-06
 Reference value :  1.55217e-06
 Reference value :  1.55220e-06
 Reference value :  1.55224e-06
 Reference value :  1.55228e-06
 Reference value :  1.55251e-06
 Reference value :  1.55301e-06
 Reference value :  1.55342e-06
 Reference value :  1.55390e-06
 Reference value :  1.55420e-06
 Reference value :  1.55428e-06
 Reference value :  1.55436e-06
 Reference value :  1.55447e-06
 Reference value :  1.55461e-06
 Reference value :  1.55506e-06
 Reference value :  1.55518e-06
 Reference value :  1.55561e-06
 Reference value :  1.55591e-06
 Reference value :  1.55630e-06
 Reference value :  1.55641e-06
 Reference value :  1.55692e-06
 Reference value :  1.55740e-06
 Reference value :  1.55767e-06
 Reference value :  1.55801e-06
 Reference value :  1.55830e-06
 Reference value :  1.55880e-06
 Reference value :  1.55922e-06
 Reference value :  1.55972e-06
 Reference value :  1.56004e-06
 Reference value :  1.56023e-06
 Reference value :  1.56052e-06
 Reference value :  1.56090e-06
 Reference value :  1.56135e-06
 Reference value :  1.56182e-06
 Reference value :  1.56214e-06
 Reference value :  1.56229e-06
 Reference value :  1.56251e-06
 Reference value :  1.56295e-06
 Reference value :  1.56334e-06
 Reference value :  1.56352e-06
 Reference value :  1.56398e-06
 Reference value :  1.56428e-06
 Reference value :  1.56446e-06
 Reference value :  1.56495e-06
 Reference value :  1.56529e-06
 Reference value :  1.56572e-06
 Reference value :  1.56627e-06
 Reference value :  1.56649e-06
 Reference value :  1.56688e-06
 Reference value :  1.56726e-06
 Reference value :  1.56763e-06
 Reference value :  1.56816e-06
 Reference value :  1.56855e-06
 Reference value :  1.56891e-06
 Reference value :  1.56926e-06
 Reference value :  1.56950e-06
 Reference value :  1.56976e-06
 Reference value :  1.57019e-06
 Reference value :  1.57063e-06
 Reference value :  1.57101e-06
 Reference value :  1.57149e-06
 Reference value :  1.57195e-06
 Reference value :  1.57230e-06
 Reference value :  1.57259e-06
 Reference value :  1.57268e-06
 Reference value :  1.57322e-06
 Reference value :  1.57365e-06
 Reference value :  1.57414e-06
 Reference value :  1.57440e-06
 Reference value :  1.57476e-06
 Reference value :  1.57487e-06
 Reference value :  1.57518e-06
 Reference value :  1.57566e-06
 Reference value :  1.57608e-06
 Reference value :  1.57649e-06
 Reference value :  1.57690e-06
 Reference value :  1.57733e-06
 Reference value :  1.57762e-06
 Reference value :  1.57810e-06
 Reference value :  1.57852e-06
 Reference value :  1.57894e-06
 Reference value :  1.57925e-06
 Reference value :  1.57948e-06
 Reference value :  1.57989e-06
 Reference value :  1.58023e-06
 Reference value :  1.58068e-06
 Reference value :  1.58114e-06
 Reference value :  1.58168e-06
 Reference value :  1.58197e-06
 Reference value :  1.58245e-06
 Reference value :  1.58274e-06
 Reference value :  1.58320e-06
 Reference value :  1.58362e-06
 Reference value :  1.58403e-06
 Reference value :  1.58441e-06
 Reference value :  1.58493e-06
 Reference value :  1.58529e-06
 Reference value :  1.58571e-06
 Reference value :  1.58607e-06
 Reference value :  1.58651e-06
 Reference value :  1.58686e-06
 Reference value :  1.58735e-06
 Reference value :  1.58769e-06
 Reference value :  1.58777e-06
 Reference value :  1.58831e-06
 Reference value :  1.58889e-06
 Reference value :  1.58920e-06
 Reference value :  1.58953e-06
 Reference value :  1.58990e-06
 Reference value :  1.59023e-06
 Reference value :  1.59071e-06
 Reference value :  1.59103e-06
 Reference value :  1.59155e-06
 Reference value :  1.59193e-06
 Reference value :  1.59229e-06
 Reference value :  1.59250e-06
 Reference value :  1.59279e-06
 Reference value :  1.59319e-06
 Reference value :  1.59365e-06
 Reference value :  1.59412e-06
 Reference value :  1.59437e-06
 Reference value :  1.59446e-06
 Reference value :  1.59486e-06
 Reference value :  1.59528e-06
 Reference value :  1.59568e-06
 Reference value :  1.59611e-06
 Reference value :  1.59649e-06
 Reference value :  1.59666e-06
 Reference value :  1.59686e-06
 Reference value :  1.59739e-06
 Reference value :  1.59780e-06
 Reference value :  1.59828e-06
 Reference value :  1.59867e-06
 Reference value :  1.59908e-06
 Reference value :  1.59924e-06
 Reference value :  1.59945e-06
 Reference value :  1.59989e-06
 Reference value :  1.60034e-06
 Reference value :  1.60080e-06
 Reference value :  1.60115e-06
 Reference value :  1.60163e-06
 Reference value :  1.60203e-06
 Reference value :  1.60248e-06
 Reference value :  1.60287e-06
 Reference value :  1.60331e-06
 Reference value :  1.60376e-06
 Reference value :  1.60430e-06
 Reference value :  1.60467e-06
 Reference value :  1.60499e-06
 Reference value :  1.60524e-06
 Reference value :  1.60558e-06
 Reference value :  1.60608e-06
 Reference value :  1.60641e-06
 Reference value :  1.60695e-06
 Reference value :  1.60704e-06
 Reference value :  1.60748e-06
 Reference value :  1.60786e-06
 Reference value :  1.60838e-06
 Reference value :  1.60881e-06
 Reference value :  1.60921e-06
 Reference value :  1.60959e-06
 Reference value :  1.61019e-06
 Reference value :  1.61047e-06
 Reference value :  1.61090e-06
 Reference value :  1.61120e-06
 Reference value :  1.61137e-06
 Reference value :  1.61178e-06
 Reference value :  1.61219e-06
 Reference value :  1.61261e-06
 Reference value :  1.61305e-06
 Reference value :  1.61337e-06
 Reference value :  1.61341e-06
 Reference value :  1.61349e-06
 Reference value :  1.61354e-06
 Reference value :  1.61365e-06
 Reference value :  1.61381e-06
 Reference value :  1.61419e-06
 Reference value :  1.61461e-06
 Reference value :  1.61510e-06
 Reference value :  1.61560e-06
 Reference value :  1.61602e-06
 Reference value :  1.61610e-06
 Reference value :  1.61615e-06
 Reference value :  1.61622e-06
 Reference value :  1.61627e-06
 Reference value :  1.61632e-06
 Reference value :  1.61636e-06
 Reference value :  1.61649e-06
 Reference value :  1.61686e-06
 Reference value :  1.61734e-06
 Reference value :  1.61778e-06
 Reference value :  1.61807e-06
 Reference value :  1.61834e-06
 Reference value :  1.61863e-06
 Reference value :  1.61899e-06
 Reference value :  1.61935e-06
 Reference value :  1.61970e-06
 Reference value :  1.62015e-06
 Reference value :  1.62034e-06
 Reference value :  1.62075e-06
 Reference value :  1.62113e-06
 Reference value :  1.62149e-06
 Reference value :  1.62199e-06
 Reference value :  1.62226e-06
 Reference value :  1.62279e-06
 Reference value :  1.62319e-06
 Reference value :  1.62383e-06
 Reference value :  1.62433e-06
 Reference value :  1.62476e-06
 Reference value :  1.62522e-06
 Reference value :  1.62565e-06
 Reference value :  1.62613e-06
 Reference value :  1.62645e-06
 Reference value :  1.62697e-06
 Reference value :  1.62742e-06
 Reference value :  1.62798e-06
 Reference value :  1.62842e-06
 Reference value :  1.62860e-06
 Reference value :  1.62891e-06
 Reference value :  1.62934e-06
 Reference value :  1.62976e-06
 Reference value :  1.63021e-06
 Reference value :  1.63073e-06
 Reference value :  1.63109e-06
 Reference value :  1.63134e-06
 Reference value :  1.63173e-06
 Reference value :  1.63235e-06
 Reference value :  1.63277e-06
 Reference value :  1.63319e-06
 Reference value :  1.63361e-06
 Reference value :  1.63366e-06
 Reference value :  1.63375e-06
 Reference value :  1.63385e-06
 Reference value :  1.63394e-06
 Reference value :  1.63405e-06
 Reference value :  1.63435e-06
 Reference value :  1.63469e-06
 Reference value :  1.63500e-06
 Reference value :  1.63562e-06
 Reference value :  1.63596e-06
 Reference value :  1.63653e-06
 Reference value :  1.63702e-06
 Reference value :  1.63745e-06
 Reference value :  1.63793e-06
 Reference value :  1.63846e-06
 Reference value :  1.63893e-06
 Reference value :  1.63933e-06
 Reference value :  1.63968e-06
 Reference value :  1.64016e-06
 Reference value :  1.64082e-06
 Reference value :  1.64123e-06
 Reference value :  1.64134e-06
 Reference value :  1.64141e-06
 Reference value :  1.64147e-06
 Reference value :  1.64155e-06
 Reference value :  1.64162e-06
 Reference value :  1.64165e-06
 Reference value :  1.64178e-06
 Reference value :  1.64189e-06
 Reference value :  1.64225e-06
 Reference value :  1.64282e-06
 Reference value :  1.64316e-06
 Reference value :  1.64355e-06
 Reference value :  1.64377e-06
 Reference value :  1.64382e-06
 Reference value :  1.64429e-06
 Reference value :  1.64471e-06
 Reference value :  1.64516e-06
 Reference value :  1.64576e-06
 Reference value :  1.64625e-06
 Reference value :  1.64649e-06
 Reference value :  1.64673e-06
 Reference value :  1.64692e-06
 Reference value :  1.64727e-06
 Reference value :  1.64771e-06
 Reference value :  1.64823e-06
 Reference value :  1.64842e-06
 Reference value :  1.64859e-06
 Reference value :  1.64900e-06
 Reference value :  1.64929e-06
 Reference value :  1.64972e-06
 Reference value :  1.64994e-06
 Reference value :  1.65006e-06
 Reference value :  1.65050e-06
 Reference value :  1.65067e-06
 Reference value :  1.65086e-06
 Reference value :  1.65138e-06
 Reference value :  1.65185e-06
 Reference value :  1.65224e-06
 Reference value :  1.65252e-06
 Reference value :  1.65256e-06
 Reference value :  1.65260e-06
 Reference value :  1.65263e-06
 Reference value :  1.65272e-06
 Reference value :  1.65278e-06
 Reference value :  1.65291e-06
 Reference value :  1.65302e-06
 Reference value :  1.65340e-06
 Reference value :  1.65385e-06
 Reference value :  1.65416e-06
 Reference value :  1.65455e-06
 Reference value :  1.65485e-06
 Reference value :  1.65510e-06
 Reference value :  1.65515e-06
 Reference value :  1.65526e-06
 Reference value :  1.65539e-06
 Reference value :  1.65555e-06
 Reference value :  1.65560e-06
 Reference value :  1.65587e-06
 Reference value :  1.65636e-06
 Reference value :  1.65671e-06
 Reference value :  1.65705e-06
 Reference value :  1.65719e-06
 Reference value :  1.65724e-06
 Reference value :  1.65728e-06
 Reference value :  1.65737e-06
 Reference value :  1.65747e-06
 Reference value :  1.65754e-06
 Reference value :  1.65774e-06
 Reference value :  1.65817e-06
 Reference value :  1.65858e-06
 Reference value :  1.65896e-06
 Reference value :  1.65933e-06
 Reference value :  1.65971e-06
 Reference value :  1.65981e-06
 Reference value :  1.65984e-06
 Reference value :  1.65993e-06
 Reference value :  1.65998e-06
 Reference value :  1.66005e-06
 Reference value :  1.66010e-06
 Reference value :  1.66022e-06
 Reference value :  1.66075e-06
 Reference value :  1.66119e-06
 Reference value :  1.66173e-06
 Reference value :  1.66220e-06
 Reference value :  1.66242e-06
 Reference value :  1.66268e-06
 Reference value :  1.66294e-06
 Reference value :  1.66334e-06
 Reference value :  1.66372e-06
 Reference value :  1.66418e-06
 Reference value :  1.66433e-06
 Reference value :  1.66445e-06
 Reference value :  1.66506e-06
 Reference value :  1.66563e-06
 Reference value :  1.66605e-06
 Reference value :  1.66656e-06
 Reference value :  1.66679e-06
 Reference value :  1.66688e-06
 Reference value :  1.66709e-06
 Reference value :  1.66747e-06
 Reference value :  1.66795e-06
 Reference value :  1.66829e-06
 Reference value :  1.66859e-06
 Reference value :  1.66876e-06
 Reference value :  1.66925e-06
 Reference value :  1.66983e-06
 Reference value :  1.67024e-06
 Reference value :  1.67082e-06
 Reference value :  1.67112e-06
 Reference value :  1.67157e-06
 Reference value :  1.67183e-06
 Reference value :  1.67208e-06
 Reference value :  1.67253e-06
 Reference value :  1.67300e-06
 Reference value :  1.67330e-06
 Reference value :  1.67354e-06
 Reference value :  1.67365e-06
 Reference value :  1.67382e-06
 Reference value :  1.67408e-06
 Reference value :  1.67453e-06
 Reference value :  1.67495e-06
 Reference value :  1.67547e-06
 Reference value :  1.67579e-06
 Reference value :  1.67612e-06
 Reference value :  1.67647e-06
 Reference value :  1.67693e-06
 Reference value :  1.67724e-06
 Reference value :  1.67784e-06
 Reference value :  1.67838e-06
 Reference value :  1.67875e-06
 Reference value :  1.67909e-06
 Reference value :  1.67950e-06
 Reference value :  1.67996e-06
 Reference value :  1.68040e-06
 Reference value :  1.68093e-06
 Reference value :  1.68135e-06
 Reference value :  1.68146e-06
 Reference value :  1.68186e-06
 Reference value :  1.68239e-06
 Reference value :  1.68290e-06
 Reference value :  1.68324e-06
 Reference value :  1.68346e-06
 Reference value :  1.68367e-06
 Reference value :  1.68407e-06
 Reference value :  1.68450e-06
 Reference value :  1.68495e-06
 Reference value :  1.68514e-06
 Reference value :  1.68553e-06
 Reference value :  1.68578e-06
 Reference value :  1.68590e-06
 Reference value :  1.68629e-06
 Reference value :  1.68674e-06
 Reference value :  1.68707e-06
 Reference value :  1.68739e-06
 Reference value :  1.68749e-06
 Reference value :  1.68790e-06
 Reference value :  1.68836e-06
 Reference value :  1.68875e-06
 Reference value :  1.68908e-06
 Reference value :  1.68920e-06
 Reference value :  1.68957e-06
 Reference value :  1.69012e-06
 Reference value :  1.69054e-06
 Reference value :  1.69112e-06
 Reference value :  1.69156e-06
 Reference value :  1.69167e-06
 Reference value :  1.69201e-06
 Reference value :  1.69252e-06
 Reference value :  1.69293e-06
 Reference value :  1.69312e-06
 Reference value :  1.69336e-06
 Reference value :  1.69372e-06
 Reference value :  1.69412e-06
 Reference value :  1.69449e-06
 Reference value :  1.69473e-06
 Reference value :  1.69503e-06
 Reference value :  1.69535e-06
 Reference value :  1.69584e-06
 Reference value :  1.69615e-06
 Reference value :  1.69629e-06
 Reference value :  1.69660e-06
 Reference value :  1.69706e-06
 Reference value :  1.69746e-06
 Reference value :  1.69778e-06
 Reference value :  1.69791e-06
 Reference value :  1.69839e-06
 Reference value :  1.69874e-06
 Reference value :  1.69891e-06
 Reference value :  1.69915e-06
 Reference value :  1.69933e-06
 Reference value :  1.69964e-06
 Reference value :  1.70012e-06
 Reference value :  1.70052e-06
 Reference value :  1.70086e-06
 Reference value :  1.70090e-06
 Reference value :  1.70118e-06
 Reference value :  1.70168e-06
 Reference value :  1.70207e-06
 Reference value :  1.70241e-06
 Reference value :  1.70253e-06
 Reference value :  1.70271e-06
 Reference value :  1.70307e-06
 Reference value :  1.70359e-06
 Reference value :  1.70384e-06
 Reference value :  1.70421e-06
 Reference value :  1.70445e-06
 Reference value :  1.70471e-06
 Reference value :  1.70498e-06
 Reference value :  1.70541e-06
 Reference value :  1.70588e-06
 Reference value :  1.70619e-06
 Reference value :  1.70653e-06
 Reference value :  1.70681e-06
 Reference value :  1.70690e-06
 Reference value :  1.70702e-06
 Reference value :  1.70736e-06
 Reference value :  1.70793e-06
 Reference value :  1.70840e-06
 Reference value :  1.70881e-06
 Reference value :  1.70925e-06
 Reference value :  1.70951e-06
 Reference value :  1.70963e-06
 Reference value :  1.71010e-06
 Reference value :  1.71051e-06
 Reference value :  1.71101e-06
 Reference value :  1.71123e-06
 Reference value :  1.71133e-06
 Reference value :  1.71148e-06
 Reference value :  1.71176e-06
 Reference value :  1.71195e-06
 Reference value :  1.71220e-06
 Reference value :  1.71270e-06
 Reference value :  1.71314e-06
 Reference value :  1.71357e-06
 Reference value :  1.71369e-06
 Reference value :  1.71397e-06
 Reference value :  1.71454e-06
 Reference value :  1.71499e-06
 Reference value :  1.71559e-06
 Reference value :  1.71589e-06
 Reference value :  1.71600e-06
 Reference value :  1.71616e-06
 Reference value :  1.71659e-06
 Reference value :  1.71699e-06
 Reference value :  1.71728e-06
 Reference value :  1.71775e-06
 Reference value :  1.71816e-06
 Reference value :  1.71866e-06
 Reference value :  1.71896e-06
 Reference value :  1.71935e-06
 Reference value :  1.71957e-06
 Reference value :  1.71982e-06
 Reference value :  1.72029e-06
 Reference value :  1.72067e-06
 Reference value :  1.72076e-06
 Reference value :  1.72087e-06
 Reference value :  1.72100e-06
 Reference value :  1.72107e-06
 Reference value :  1.72112e-06
 Reference value :  1.72152e-06
 Reference value :  1.72211e-06
 Reference value :  1.72241e-06
 Reference value :  1.72286e-06
 Reference value :  1.72321e-06
 Reference value :  1.72332e-06
 Reference value :  1.72342e-06
 Reference value :  1.72349e-06
 Reference value :  1.72356e-06
 Reference value :  1.72362e-06
 Reference value :  1.72366e-06
 Reference value :  1.72379e-06
 Reference value :  1.72415e-06
 Reference value :  1.72459e-06
 Reference value :  1.72506e-06
 Reference value :  1.72555e-06
 Reference value :  1.72581e-06
 Reference value :  1.72624e-06
 Reference value :  1.72664e-06
 Reference value :  1.72707e-06
 Reference value :  1.72755e-06
 Reference value :  1.72816e-06
 Reference value :  1.72867e-06
 Reference value :  1.72904e-06
 Reference value :  1.72951e-06
 Reference value :  1.72999e-06
 Reference value :  1.73030e-06
 Reference value :  1.73078e-06
 Reference value :  1.73118e-06
 Reference value :  1.73143e-06
 Reference value :  1.73169e-06
 Reference value :  1.73227e-06
 Reference value :  1.73291e-06
 Reference value :  1.73333e-06
 Reference value :  1.73362e-06
 Reference value :  1.73381e-06
 Reference value :  1.73426e-06
 Reference value :  1.73492e-06
 Reference value :  1.73536e-06
 Reference value :  1.73559e-06
 Reference value :  1.73596e-06
 Reference value :  1.73662e-06
 Reference value :  1.73703e-06
 Reference value :  1.73748e-06
 Reference value :  1.73785e-06
 Reference value :  1.73830e-06
 Reference value :  1.73884e-06
 Reference value :  1.73944e-06
 Reference value :  1.74000e-06
 Reference value :  1.74024e-06
 Reference value :  1.74062e-06
 Reference value :  1.74094e-06
 Reference value :  1.74149e-06
 Reference value :  1.74226e-06
 Reference value :  1.74271e-06
 Reference value :  1.74311e-06
 Reference value :  1.74353e-06
 Reference value :  1.74392e-06
 Reference value :  1.74436e-06
 Reference value :  1.74471e-06
 Reference value :  1.74495e-06
 Reference value :  1.74527e-06
 Reference value :  1.74584e-06
 Reference value :  1.74614e-06
 Reference value :  1.74666e-06
 Reference value :  1.74688e-06
 Reference value :  1.74752e-06
 Reference value :  1.74821e-06
 Reference value :  1.74862e-06
 Reference value :  1.74906e-06
 Reference value :  1.74928e-06
 Reference value :  1.74956e-06
 Reference value :  1.75000e-06
 Reference value :  1.75036e-06
 Reference value :  1.75079e-06
 Reference value :  1.75115e-06
 Reference value :  1.75162e-06
 Reference value :  1.75199e-06
 Reference value :  1.75248e-06
 Reference value :  1.75298e-06
 Reference value :  1.75362e-06
 Reference value :  1.75391e-06
 Reference value :  1.75429e-06
 Reference value :  1.75481e-06
 Reference value :  1.75534e-06
 Reference value :  1.75583e-06
 Reference value :  1.75624e-06
 Reference value :  1.75653e-06
 Reference value :  1.75697e-06
 Reference value :  1.75749e-06
 Reference value :  1.75789e-06
 Reference value :  1.75838e-06
 Reference value :  1.75869e-06
 Reference value :  1.75898e-06
 Reference value :  1.75939e-06
 Reference value :  1.75993e-06
 Reference value :  1.76031e-06
 Reference value :  1.76060e-06
 Reference value :  1.76097e-06
 Reference value :  1.76123e-06
 Reference value :  1.76171e-06
 Reference value :  1.76215e-06
 Reference value :  1.76269e-06
 Reference value :  1.76320e-06
 Reference value :  1.76338e-06
 Reference value :  1.76360e-06
 Reference value :  1.76397e-06
 Reference value :  1.76435e-06
 Reference value :  1.76481e-06
 Reference value :  1.76521e-06
 Reference value :  1.76559e-06
 Reference value :  1.76583e-06
 Reference value :  1.76604e-06
 Reference value :  1.76643e-06
 Reference value :  1.76680e-06
 Reference value :  1.76715e-06
 Reference value :  1.76771e-06
 Reference value :  1.76801e-06
 Reference value :  1.76858e-06
 Reference value :  1.76878e-06
 Reference value :  1.76919e-06
 Reference value :  1.76949e-06
 Reference value :  1.76980e-06
 Reference value :  1.77004e-06
 Reference value :  1.77041e-06
 Reference value :  1.77052e-06
 Reference value :  1.77097e-06
 Reference value :  1.77133e-06
 Reference value :  1.77171e-06
 Reference value :  1.77212e-06
 Reference value :  1.77258e-06
 Reference value :  1.77294e-06
 Reference value :  1.77339e-06
 Reference value :  1.77380e-06
 Reference value :  1.77429e-06
 Reference value :  1.77469e-06
 Reference value :  1.77509e-06
 Reference value :  1.77550e-06
 Reference value :  1.77593e-06
 Reference value :  1.77629e-06
 Reference value :  1.77675e-06
 Reference value :  1.77714e-06
 Reference value :  1.77762e-06
 Reference value :  1.77799e-06
 Reference value :  1.77845e-06
 Reference value :  1.77882e-06
 Reference value :  1.77931e-06
 Reference value :  1.77971e-06
 Reference value :  1.78021e-06
 Reference value :  1.78058e-06
 Reference value :  1.78095e-06
 Reference value :  1.78133e-06
 Reference value :  1.78176e-06
 Reference value :  1.78219e-06
 Reference value :  1.78269e-06
 Reference value :  1.78311e-06
 Reference value :  1.78358e-06
 Reference value :  1.78396e-06
 Reference value :  1.78432e-06
 Reference value :  1.78471e-06
 Reference value :  1.78514e-06
 Reference value :  1.78552e-06
 Reference value :  1.78596e-06
 Reference value :  1.78644e-06
 Reference value :  1.78686e-06
 Reference value :  1.78724e-06
 Reference value :  1.78766e-06
 Reference value :  1.78806e-06
 Reference value :  1.78865e-06
 Reference value :  1.78897e-06
 Reference value :  1.78940e-06
 Reference value :  1.78975e-06
 Reference value :  1.79019e-06
 Reference value :  1.79060e-06
 Reference value :  1.79103e-06
 Reference value :  1.79137e-06
 Reference value :  1.79184e-06
 Reference value :  1.79228e-06
 Reference value :  1.79268e-06
 Reference value :  1.79303e-06
 Reference value :  1.79351e-06
 Reference value :  1.79388e-06
 Reference value :  1.79435e-06
 Reference value :  1.79479e-06
 Reference value :  1.79546e-06
 Reference value :  1.79606e-06
 Reference value :  1.79616e-06
 Reference value :  1.79656e-06
 Reference value :  1.79698e-06
 Reference value :  1.79755e-06
 Reference value :  1.79787e-06
 Reference value :  1.79828e-06
 Reference value :  1.79880e-06
 Reference value :  1.79938e-06
 Reference value :  1.79990e-06
 Reference value :  1.80029e-06
 Reference value :  1.80072e-06
 Reference value :  1.80109e-06
 Reference value :  1.80149e-06
 Reference value :  1.80199e-06
 Reference value :  1.80238e-06
 Reference value :  1.80281e-06
 Reference value :  1.80320e-06
 Reference value :  1.80376e-06
 Reference value :  1.80422e-06
 Reference value :  1.80457e-06
 Reference value :  1.80493e-06
 Reference value :  1.80536e-06
 Reference value :  1.80573e-06
 Reference value :  1.80626e-06
 Reference value :  1.80660e-06
 Reference value :  1.80714e-06
 Reference value :  1.80762e-06
 Reference value :  1.80811e-06
 Reference value :  1.80861e-06
 Reference value :  1.80899e-06
 Reference value :  1.80956e-06
 Reference value :  1.80989e-06
 Reference value :  1.81034e-06
 Reference value :  1.81074e-06
 Reference value :  1.81121e-06
 Reference value :  1.81144e-06
 Reference value :  1.81184e-06
 Reference value :  1.81238e-06
 Reference value :  1.81291e-06
 Reference value :  1.81331e-06
 Reference value :  1.81380e-06
 Reference value :  1.81422e-06
 Reference value :  1.81466e-06
 Reference value :  1.81500e-06
 Reference value :  1.81547e-06
 Reference value :  1.81592e-06
 Reference value :  1.81654e-06
 Reference value :  1.81685e-06
 Reference value :  1.81742e-06
 Reference value :  1.81775e-06
 Reference value :  1.81810e-06
 Reference value :  1.81854e-06
 Reference value :  1.81891e-06
 Reference value :  1.81934e-06
 Reference value :  1.81966e-06
 Reference value :  1.82006e-06
 Reference value :  1.82055e-06
 Reference value :  1.82095e-06
 Reference value :  1.82139e-06
 Reference value :  1.82174e-06
 Reference value :  1.82213e-06
 Reference value :  1.82232e-06
 Reference value :  1.82249e-06
 Reference value :  1.82259e-06
 Reference value :  1.82318e-06
 Reference value :  1.82382e-06
 Reference value :  1.82425e-06
 Reference value :  1.82475e-06
 Reference value :  1.82510e-06
 Reference value :  1.82559e-06
 Reference value :  1.82606e-06
 Reference value :  1.82655e-06
 Reference value :  1.82694e-06
 Reference value :  1.82744e-06
 Reference value :  1.82796e-06
 Reference value :  1.82839e-06
 Reference value :  1.82884e-06
 Reference value :  1.82926e-06
 Reference value :  1.82964e-06
 Reference value :  1.82996e-06
 Reference value :  1.83055e-06
 Reference value :  1.83095e-06
 Reference value :  1.83141e-06
 Reference value :  1.83177e-06
 Reference value :  1.83223e-06
 Reference value :  1.83264e-06
 Reference value :  1.83306e-06
 Reference value :  1.83346e-06
 Reference value :  1.83403e-06
 Reference value :  1.83440e-06
 Reference value :  1.83485e-06
 Reference value :  1.83519e-06
 Reference value :  1.83563e-06
 Reference value :  1.83598e-06
 Reference value :  1.83641e-06
 Reference value :  1.83682e-06
 Reference value :  1.83723e-06
 Reference value :  1.83772e-06
 Reference value :  1.83822e-06
 Reference value :  1.83871e-06
 Reference value :  1.83945e-06
 Reference value :  1.84001e-06
 Reference value :  1.84061e-06
 Reference value :  1.84098e-06
 Reference value :  1.84131e-06
 Reference value :  1.84166e-06
 Reference value :  1.84233e-06
 Reference value :  1.84283e-06
 Reference value :  1.84346e-06
 Reference value :  1.84392e-06
 Reference value :  1.84449e-06
 Reference value :  1.84493e-06
 Reference value :  1.84527e-06
 Reference value :  1.84576e-06
 Reference value :  1.84612e-06
 Reference value :  1.84664e-06
 Reference value :  1.84703e-06
 Reference value :  1.84748e-06
 Reference value :  1.84785e-06
 Reference value :  1.84845e-06
 Reference value :  1.84880e-06
 Reference value :  1.84920e-06
 Reference value :  1.84969e-06
 Reference value :  1.85007e-06
 Reference value :  1.85050e-06
 Reference value :  1.85102e-06
 Reference value :  1.85161e-06
 Reference value :  1.85187e-06
 Reference value :  1.85228e-06
 Reference value :  1.85283e-06
 Reference value :  1.85330e-06
 Reference value :  1.85367e-06
 Reference value :  1.85409e-06
 Reference value :  1.85448e-06
 Reference value :  1.85479e-06
 Reference value :  1.85521e-06
 Reference value :  1.85571e-06
 Reference value :  1.85613e-06
 Reference value :  1.85651e-06
 Reference value :  1.85689e-06
 Reference value :  1.85718e-06
 Reference value :  1.85763e-06
 Reference value :  1.85815e-06
 Reference value :  1.85847e-06
 Reference value :  1.85886e-06
 Reference value :  1.85935e-06
 Reference value :  1.85987e-06
 Reference value :  1.86043e-06
 Reference value :  1.86086e-06
 Reference value :  1.86129e-06
 Reference value :  1.86146e-06
 Reference value :  1.86203e-06
 Reference value :  1.86251e-06
 Reference value :  1.86299e-06
 Reference value :  1.86344e-06
 Reference value :  1.86382e-06
 Reference value :  1.86435e-06
 Reference value :  1.86466e-06
 Reference value :  1.86517e-06
 Reference value :  1.86556e-06
 Reference value :  1.86595e-06
 Reference value :  1.86637e-06
 Reference value :  1.86689e-06
 Reference value :  1.86729e-06
 Reference value :  1.86776e-06
 Reference value :  1.86837e-06
 Reference value :  1.86880e-06
 Reference value :  1.86927e-06
 Reference value :  1.86973e-06
 Reference value :  1.87023e-06
 Reference value :  1.87065e-06
 Reference value :  1.87114e-06
 Reference value :  1.87159e-06
 Reference value :  1.87197e-06
 Reference value :  1.87237e-06
 Reference value :  1.87296e-06
 Reference value :  1.87344e-06
 Reference value :  1.87388e-06
 Reference value :  1.87438e-06
 Reference value :  1.87477e-06
 Reference value :  1.87521e-06
 Reference value :  1.87554e-06
 Reference value :  1.87603e-06
 Reference value :  1.87638e-06
 Reference value :  1.87684e-06
 Reference value :  1.87724e-06
 Reference value :  1.87768e-06
 Reference value :  1.87804e-06
 Reference value :  1.87853e-06
 Reference value :  1.87894e-06
 Reference value :  1.87941e-06
 Reference value :  1.87978e-06
 Reference value :  1.88028e-06
 Reference value :  1.88075e-06
 Reference value :  1.88121e-06
 Reference value :  1.88172e-06
 Reference value :  1.88229e-06
 Reference value :  1.88270e-06
 Reference value :  1.88305e-06
 Reference value :  1.88356e-06
 Reference value :  1.88398e-06
 Reference value :  1.88449e-06
 Reference value :  1.88491e-06
 Reference value :  1.88546e-06
 Reference value :  1.88595e-06
 Reference value :  1.88657e-06
 Reference value :  1.88701e-06
 Reference value :  1.88742e-06
 Reference value :  1.88799e-06
 Reference value :  1.88860e-06
 Reference value :  1.88906e-06
 Reference value :  1.88958e-06
 Reference value :  1.88994e-06
 Reference value :  1.89049e-06
 Reference value :  1.89097e-06
 Reference value :  1.89148e-06
 Reference value :  1.89165e-06
 Reference value :  1.89221e-06
 Reference value :  1.89266e-06
 Reference value :  1.89304e-06
 Reference value :  1.89341e-06
 Reference value :  1.89380e-06
 Reference value :  1.89419e-06
 Reference value :  1.89468e-06
 Reference value :  1.89513e-06
 Reference value :  1.89553e-06
 Reference value :  1.89589e-06
 Reference value :  1.89633e-06
 Reference value :  1.89668e-06
 Reference value :  1.89711e-06
 Reference value :  1.89748e-06
 Reference value :  1.89792e-06
 Reference value :  1.89825e-06
 Reference value :  1.89869e-06
 Reference value :  1.89911e-06
 Reference value :  1.89960e-06
 Reference value :  1.90000e-06
 Reference value :  1.90044e-06
 Reference value :  1.90083e-06
 Reference value :  1.90127e-06
 Reference value :  1.90168e-06
 Reference value :  1.90213e-06
 Reference value :  1.90254e-06
 Reference value :  1.90311e-06
 Reference value :  1.90352e-06
 Reference value :  1.90397e-06
 Reference value :  1.90428e-06
 Reference value :  1.90471e-06
 Reference value :  1.90514e-06
 Reference value :  1.90552e-06
 Reference value :  1.90592e-06
 Reference value :  1.90638e-06
 Reference value :  1.90682e-06
 Reference value :  1.90732e-06
 Reference value :  1.90770e-06
 Reference value :  1.90827e-06
 Reference value :  1.90860e-06
 Reference value :  1.90900e-06
 Reference value :  1.90947e-06
 Reference value :  1.90993e-06
 Reference value :  1.91035e-06
 Reference value :  1.91076e-06
 Reference value :  1.91115e-06
 Reference value :  1.91174e-06
 Reference value :  1.91212e-06
 Reference value :  1.91260e-06
 Reference value :  1.91305e-06
 Reference value :  1.91337e-06
 Reference value :  1.91354e-06
 Reference value :  1.91398e-06
 Reference value :  1.91448e-06
 Reference value :  1.91500e-06
 Reference value :  1.91542e-06
 Reference value :  1.91597e-06
 Reference value :  1.91630e-06
 Reference value :  1.91677e-06
 Reference value :  1.91732e-06
 Reference value :  1.91779e-06
 Reference value :  1.91857e-06
 Reference value :  1.91915e-06
 Reference value :  1.91949e-06
 Reference value :  1.92013e-06
 Reference value :  1.92057e-06
 Reference value :  1.92110e-06
 Reference value :  1.92168e-06
 Reference value :  1.92220e-06
 Reference value :  1.92268e-06
 Reference value :  1.92324e-06
 Reference value :  1.92367e-06
 Reference value :  1.92416e-06
 Reference value :  1.92460e-06
 Reference value :  1.92533e-06
 Reference value :  1.92581e-06
 Reference value :  1.92629e-06
 Reference value :  1.92679e-06
 Reference value :  1.92746e-06
 Reference value :  1.92788e-06
 Reference value :  1.92832e-06
 Reference value :  1.92882e-06
 Reference value :  1.92930e-06
 Reference value :  1.92983e-06
 Reference value :  1.93020e-06
 Reference value :  1.93074e-06
 Reference value :  1.93115e-06
 Reference value :  1.93168e-06
 Reference value :  1.93213e-06
 Reference value :  1.93251e-06
 Reference value :  1.93291e-06
 Reference value :  1.93338e-06
 Reference value :  1.93390e-06
 Reference value :  1.93440e-06
 Reference value :  1.93488e-06
 Reference value :  1.93555e-06
 Reference value :  1.93611e-06
 Reference value :  1.93654e-06
 Reference value :  1.93699e-06
 Reference value :  1.93757e-06
 Reference value :  1.93801e-06
 Reference value :  1.93855e-06
 Reference value :  1.93890e-06
 Reference value :  1.93931e-06
 Reference value :  1.93972e-06
 Reference value :  1.94024e-06
 Reference value :  1.94072e-06
 Reference value :  1.94126e-06
 Reference value :  1.94162e-06
 Reference value :  1.94213e-06
 Reference value :  1.94249e-06
 Reference value :  1.94285e-06
 Reference value :  1.94327e-06
 Reference value :  1.94368e-06
 Reference value :  1.94412e-06
 Reference value :  1.94444e-06
 Reference value :  1.94478e-06
 Reference value :  1.94516e-06
 Reference value :  1.94553e-06
 Reference value :  1.94590e-06
 Reference value :  1.94620e-06
 Reference value :  1.94654e-06
 Reference value :  1.94697e-06
 Reference value :  1.94734e-06
 Reference value :  1.94778e-06
 Reference value :  1.94817e-06
 Reference value :  1.94864e-06
 Reference value :  1.94908e-06
 Reference value :  1.94947e-06
 Reference value :  1.94988e-06
 Reference value :  1.95029e-06
 Reference value :  1.95067e-06
 Reference value :  1.95119e-06
 Reference value :  1.95154e-06
 Reference value :  1.95201e-06
 Reference value :  1.95234e-06
 Reference value :  1.95283e-06
 Reference value :  1.95328e-06
 Reference value :  1.95377e-06
 Reference value :  1.95413e-06
 Reference value :  1.95460e-06
 Reference value :  1.95501e-06
 Reference value :  1.95556e-06
 Reference value :  1.95597e-06
 Reference value :  1.95637e-06
 Reference value :  1.95653e-06
 Reference value :  1.95703e-06
 Reference value :  1.95740e-06
 Reference value :  1.95782e-06
 Reference value :  1.95822e-06
 Reference value :  1.95874e-06
 Reference value :  1.95912e-06
 Reference value :  1.95960e-06
 Reference value :  1.95992e-06
 Reference value :  1.96034e-06
 Reference value :  1.96067e-06
 Reference value :  1.96121e-06
 Reference value :  1.96161e-06
 Reference value :  1.96210e-06
 Reference value :  1.96254e-06
 Reference value :  1.96297e-06
 Reference value :  1.96338e-06
 Reference value :  1.96386e-06
 Reference value :  1.96425e-06
 Reference value :  1.96469e-06
 Reference value :  1.96510e-06
 Reference value :  1.96552e-06
 Reference value :  1.96590e-06
 Reference value :  1.96638e-06
 Reference value :  1.96683e-06
 Reference value :  1.96731e-06
 Reference value :  1.96762e-06
 Reference value :  1.96805e-06
 Reference value :  1.96833e-06
 Reference value :  1.96885e-06
 Reference value :  1.96926e-06
 Reference value :  1.96980e-06
 Reference value :  1.97025e-06
 Reference value :  1.97073e-06
 Reference value :  1.97129e-06
 Reference value :  1.97174e-06
 Reference value :  1.97223e-06
 Reference value :  1.97258e-06
 Reference value :  1.97302e-06
 Reference value :  1.97341e-06
 Reference value :  1.97390e-06
 Reference value :  1.97426e-06
 Reference value :  1.97470e-06
 Reference value :  1.97498e-06
 Reference value :  1.97551e-06
 Reference value :  1.97590e-06
 Reference value :  1.97636e-06
 Reference value :  1.97677e-06
 Reference value :  1.97720e-06
 Reference value :  1.97760e-06
 Reference value :  1.97810e-06
 Reference value :  1.97855e-06
 Reference value :  1.97917e-06
 Reference value :  1.97946e-06
 Reference value :  1.97988e-06
 Reference value :  1.98018e-06
 Reference value :  1.98068e-06
 Reference value :  1.98111e-06
 Reference value :  1.98148e-06
 Reference value :  1.98176e-06
 Reference value :  1.98224e-06
 Reference value :  1.98268e-06
 Reference value :  1.98311e-06
 Reference value :  1.98353e-06
 Reference value :  1.98396e-06
 Reference value :  1.98437e-06
 Reference value :  1.98482e-06
 Reference value :  1.98531e-06
 Reference value :  1.98583e-06
 Reference value :  1.98609e-06
 Reference value :  1.98656e-06
 Reference value :  1.98685e-06
 Reference value :  1.98742e-06
 Reference value :  1.98774e-06
 Reference value :  1.98819e-06
 Reference value :  1.98856e-06
 Reference value :  1.98907e-06
 Reference value :  1.98952e-06
 Reference value :  1.98986e-06
 Reference value :  1.99026e-06
 Reference value :  1.99070e-06
 Reference value :  1.99115e-06
 Reference value :  1.99149e-06
 Reference value :  1.99197e-06
 Reference value :  1.99263e-06
 Reference value :  1.99311e-06
 Reference value :  1.99357e-06
 Reference value :  1.99411e-06
 Reference value :  1.99460e-06
 Reference value :  1.99509e-06
 Reference value :  1.99544e-06
 Reference value :  1.99584e-06
 Reference value :  1.99645e-06
 Reference value :  1.99698e-06
 Reference value :  1.99771e-06
 Reference value :  1.99820e-06
 Reference value :  1.99870e-06
 Reference value :  1.99923e-06
 Reference value :  1.99958e-06
 Reference value :  2.00004e-06
 Reference value :  2.00035e-06
 Reference value :  2.00088e-06
 Reference value :  2.00121e-06
 Reference value :  2.00165e-06
 Reference value :  2.00205e-06
 Reference value :  2.00263e-06
 Reference value :  2.00300e-06
 Reference value :  2.00345e-06
 Reference value :  2.00382e-06
 Reference value :  2.00434e-06
 Reference value :  2.00473e-06
 Reference value :  2.00505e-06
 Reference value :  2.00542e-06
 Reference value :  2.00597e-06
 Reference value :  2.00648e-06
 Reference value :  2.00694e-06
 Reference value :  2.00739e-06
 Reference value :  2.00779e-06
 Reference value :  2.00818e-06
 Reference value :  2.00860e-06
 Reference value :  2.00904e-06
 Reference value :  2.00940e-06
 Reference value :  2.00977e-06
 Reference value :  2.01032e-06
 Reference value :  2.01080e-06
 Reference value :  2.01124e-06
 Reference value :  2.01183e-06
 Reference value :  2.01224e-06
 Reference value :  2.01297e-06
 Reference value :  2.01334e-06
 Reference value :  2.01381e-06
 Reference value :  2.01434e-06
 Reference value :  2.01495e-06
 Reference value :  2.01544e-06
 Reference value :  2.01604e-06
 Reference value :  2.01650e-06
 Reference value :  2.01710e-06
 Reference value :  2.01766e-06
 Reference value :  2.01821e-06
 Reference value :  2.01868e-06
 Reference value :  2.01915e-06
 Reference value :  2.01967e-06
 Reference value :  2.02017e-06
 Reference value :  2.02051e-06
 Reference value :  2.02099e-06
 Reference value :  2.02152e-06
 Reference value :  2.02227e-06
 Reference value :  2.02306e-06
 Reference value :  2.02370e-06
 Reference value :  2.02392e-06
 Reference value :  2.02453e-06
 Reference value :  2.02520e-06
 Reference value :  2.02566e-06
 Reference value :  2.02612e-06
 Reference value :  2.02653e-06
 Reference value :  2.02696e-06
 Reference value :  2.02733e-06
 Reference value :  2.02778e-06
 Reference value :  2.02827e-06
 Reference value :  2.02873e-06
 Reference value :  2.02917e-06
 Reference value :  2.02966e-06
 Reference value :  2.03020e-06
 Reference value :  2.03066e-06
 Reference value :  2.03106e-06
 Reference value :  2.03161e-06
 Reference value :  2.03200e-06
 Reference value :  2.03248e-06
 Reference value :  2.03288e-06
 Reference value :  2.03337e-06
 Reference value :  2.03381e-06
 Reference value :  2.03422e-06
 Reference value :  2.03488e-06
 Reference value :  2.03533e-06
 Reference value :  2.03573e-06
 Reference value :  2.03619e-06
 Reference value :  2.03665e-06
 Reference value :  2.03716e-06
 Reference value :  2.03757e-06
 Reference value :  2.03805e-06
 Reference value :  2.03834e-06
 Reference value :  2.03885e-06
 Reference value :  2.03926e-06
 Reference value :  2.03970e-06
 Reference value :  2.04008e-06
 Reference value :  2.04036e-06
 Reference value :  2.04073e-06
 Reference value :  2.04122e-06
 Reference value :  2.04160e-06
 Reference value :  2.04203e-06
 Reference value :  2.04242e-06
 Reference value :  2.04294e-06
 Reference value :  2.04330e-06
 Reference value :  2.04374e-06
 Reference value :  2.04409e-06
 Reference value :  2.04441e-06
 Reference value :  2.04496e-06
 Reference value :  2.04558e-06
 Reference value :  2.04600e-06
 Reference value :  2.04650e-06
 Reference value :  2.04722e-06
 Reference value :  2.04758e-06
 Reference value :  2.04819e-06
 Reference value :  2.04886e-06
 Reference value :  2.04923e-06
 Reference value :  2.04973e-06
 Reference value :  2.05014e-06
 Reference value :  2.05054e-06
 Reference value :  2.05087e-06
 Reference value :  2.05143e-06
 Reference value :  2.05190e-06
 Reference value :  2.05231e-06
 Reference value :  2.05271e-06
 Reference value :  2.05336e-06
 Reference value :  2.05389e-06
 Reference value :  2.05441e-06
 Reference value :  2.05485e-06
 Reference value :  2.05530e-06
 Reference value :  2.05578e-06
 Reference value :  2.05599e-06
 Reference value :  2.05647e-06
 Reference value :  2.05688e-06
 Reference value :  2.05729e-06
 Reference value :  2.05769e-06
 Reference value :  2.05813e-06
 Reference value :  2.05862e-06
 Reference value :  2.05911e-06
 Reference value :  2.05957e-06
 Reference value :  2.05997e-06
 Reference value :  2.06027e-06
 Reference value :  2.06072e-06
 Reference value :  2.06102e-06
 Reference value :  2.06146e-06
 Reference value :  2.06188e-06
 Reference value :  2.06240e-06
 Reference value :  2.06284e-06
 Reference value :  2.06345e-06
 Reference value :  2.06398e-06
 Reference value :  2.06438e-06
 Reference value :  2.06488e-06
 Reference value :  2.06529e-06
 Reference value :  2.06575e-06
 Reference value :  2.06621e-06
 Reference value :  2.06668e-06
 Reference value :  2.06704e-06
 Reference value :  2.06747e-06
 Reference value :  2.06785e-06
 Reference value :  2.06830e-06
 Reference value :  2.06869e-06
 Reference value :  2.06911e-06
 Reference value :  2.06948e-06
 Reference value :  2.06991e-06
 Reference value :  2.07029e-06
 Reference value :  2.07080e-06
 Reference value :  2.07109e-06
 Reference value :  2.07153e-06
 Reference value :  2.07187e-06
 Reference value :  2.07238e-06
 Reference value :  2.07271e-06
 Reference value :  2.07310e-06
 Reference value :  2.07364e-06
 Reference value :  2.07410e-06
 Reference value :  2.07445e-06
 Reference value :  2.07490e-06
 Reference value :  2.07531e-06
 Reference value :  2.07576e-06
 Reference value :  2.07618e-06
 Reference value :  2.07660e-06
 Reference value :  2.07699e-06
 Reference value :  2.07750e-06
 Reference value :  2.07793e-06
 Reference value :  2.07842e-06
 Reference value :  2.07884e-06
 Reference value :  2.07924e-06
 Reference value :  2.07964e-06
 Reference value :  2.08006e-06
 Reference value :  2.08039e-06
 Reference value :  2.08086e-06
 Reference value :  2.08118e-06
 Reference value :  2.08163e-06
 Reference value :  2.08211e-06
 Reference value :  2.08261e-06
 Reference value :  2.08279e-06
 Reference value :  2.08326e-06
 Reference value :  2.08365e-06
 Reference value :  2.08408e-06
 Reference value :  2.08459e-06
 Reference value :  2.08507e-06
 Reference value :  2.08548e-06
 Reference value :  2.08601e-06
 Reference value :  2.08666e-06
 Reference value :  2.08705e-06
 Reference value :  2.08762e-06
 Reference value :  2.08811e-06
 Reference value :  2.08875e-06
 Reference value :  2.08903e-06
 Reference value :  2.08957e-06
 Reference value :  2.09010e-06
 Reference value :  2.09057e-06
 Reference value :  2.09099e-06
 Reference value :  2.09145e-06
 Reference value :  2.09194e-06
 Reference value :  2.09243e-06
 Reference value :  2.09291e-06
 Reference value :  2.09334e-06
 Reference value :  2.09375e-06
 Reference value :  2.09422e-06
 Reference value :  2.09463e-06
 Reference value :  2.09507e-06
 Reference value :  2.09556e-06
 Reference value :  2.09597e-06
 Reference value :  2.09634e-06
 Reference value :  2.09682e-06
 Reference value :  2.09724e-06
 Reference value :  2.09775e-06
 Reference value :  2.09812e-06
 Reference value :  2.09860e-06
 Reference value :  2.09903e-06
 Reference value :  2.09954e-06
 Reference value :  2.10002e-06
 Reference value :  2.10031e-06
 Reference value :  2.10065e-06
 Reference value :  2.10103e-06
 Reference value :  2.10147e-06
 Reference value :  2.10196e-06
 Reference value :  2.10232e-06
 Reference value :  2.10282e-06
 Reference value :  2.10314e-06
 Reference value :  2.10359e-06
 Reference value :  2.10395e-06
 Reference value :  2.10441e-06
 Reference value :  2.10493e-06
 Reference value :  2.10544e-06
 Reference value :  2.10599e-06
 Reference value :  2.10635e-06
 Reference value :  2.10679e-06
 Reference value :  2.10718e-06
 Reference value :  2.10759e-06
 Reference value :  2.10796e-06
 Reference value :  2.10817e-06
 Reference value :  2.10873e-06
 Reference value :  2.10921e-06
 Reference value :  2.10975e-06
 Reference value :  2.11049e-06
 Reference value :  2.11099e-06
 Reference value :  2.11136e-06
 Reference value :  2.11185e-06
 Reference value :  2.11229e-06
 Reference value :  2.11278e-06
 Reference value :  2.11341e-06
 Reference value :  2.11381e-06
 Reference value :  2.11422e-06
 Reference value :  2.11483e-06
 Reference value :  2.11544e-06
 Reference value :  2.11603e-06
 Reference value :  2.11665e-06
 Reference value :  2.11736e-06
 Reference value :  2.11782e-06
 Reference value :  2.11832e-06
 Reference value :  2.11877e-06
 Reference value :  2.11939e-06
 Reference value :  2.11981e-06
 Reference value :  2.12030e-06
 Reference value :  2.12074e-06
 Reference value :  2.12133e-06
 Reference value :  2.12173e-06
 Reference value :  2.12219e-06
 Reference value :  2.12257e-06
 Reference value :  2.12316e-06
 Reference value :  2.12364e-06
 Reference value :  2.12412e-06
 Reference value :  2.12465e-06
 Reference value :  2.12507e-06
 Reference value :  2.12563e-06
 Reference value :  2.12600e-06
 Reference value :  2.12654e-06
 Reference value :  2.12703e-06
 Reference value :  2.12751e-06
 Reference value :  2.12807e-06
 Reference value :  2.12852e-06
 Reference value :  2.12889e-06
 Reference value :  2.12934e-06
 Reference value :  2.12977e-06
 Reference value :  2.13027e-06
 Reference value :  2.13083e-06
 Reference value :  2.13131e-06
 Reference value :  2.13180e-06
 Reference value :  2.13228e-06
 Reference value :  2.13264e-06
 Reference value :  2.13313e-06
 Reference value :  2.13356e-06
 Reference value :  2.13410e-06
 Reference value :  2.13452e-06
 Reference value :  2.13507e-06
 Reference value :  2.13581e-06
 Reference value :  2.13630e-06
 Reference value :  2.13672e-06
 Reference value :  2.13730e-06
 Reference value :  2.13756e-06
 Reference value :  2.13792e-06
 Reference value :  2.13852e-06
 Reference value :  2.13916e-06
 Reference value :  2.13956e-06
 Reference value :  2.14002e-06
 Reference value :  2.14045e-06
 Reference value :  2.14094e-06
 Reference value :  2.14131e-06
 Reference value :  2.14185e-06
 Reference value :  2.14231e-06
 Reference value :  2.14277e-06
 Reference value :  2.14322e-06
 Reference value :  2.14356e-06
 Reference value :  2.14404e-06
 Reference value :  2.14447e-06
 Reference value :  2.14509e-06
 Reference value :  2.14569e-06
 Reference value :  2.14613e-06
 Reference value :  2.14660e-06
 Reference value :  2.14708e-06
 Reference value :  2.14770e-06
 Reference value :  2.14808e-06
 Reference value :  2.14871e-06
 Reference value :  2.14911e-06
 Reference value :  2.14956e-06
 Reference value :  2.15000e-06
 Reference value :  2.15026e-06
 Reference value :  2.15062e-06
 Reference value :  2.15117e-06
 Reference value :  2.15163e-06
 Reference value :  2.15201e-06
 Reference value :  2.15246e-06
 Reference value :  2.15284e-06
 Reference value :  2.15329e-06
 Reference value :  2.15368e-06
 Reference value :  2.15417e-06
 Reference value :  2.15457e-06
 Reference value :  2.15499e-06
 Reference value :  2.15539e-06
 Reference value :  2.15585e-06
 Reference value :  2.15627e-06
 Reference value :  2.15680e-06
 Reference value :  2.15722e-06
 Reference value :  2.15766e-06
 Reference value :  2.15815e-06
 Reference value :  2.15849e-06
 Reference value :  2.15894e-06
 Reference value :  2.15944e-06
 Reference value :  2.16000e-06
 Reference value :  2.16042e-06
 Reference value :  2.16093e-06
 Reference value :  2.16139e-06
 Reference value :  2.16174e-06
 Reference value :  2.16209e-06
 Reference value :  2.16256e-06
 Reference value :  2.16300e-06
 Reference value :  2.16337e-06
 Reference value :  2.16376e-06
 Reference value :  2.16421e-06
 Reference value :  2.16459e-06
 Reference value :  2.16500e-06
 Reference value :  2.16537e-06
 Reference value :  2.16550e-06
 Reference value :  2.16605e-06
 Reference value :  2.16638e-06
 Reference value :  2.16690e-06
 Reference value :  2.16727e-06
 Reference value :  2.16768e-06
 Reference value :  2.16814e-06
 Reference value :  2.16855e-06
 Reference value :  2.16891e-06
 Reference value :  2.16939e-06
 Reference value :  2.16969e-06
 Reference value :  2.17007e-06
 Reference value :  2.17039e-06
 Reference value :  2.17088e-06
 Reference value :  2.17124e-06
 Reference value :  2.17172e-06
 Reference value :  2.17207e-06
 Reference value :  2.17257e-06
 Reference value :  2.17274e-06
 Reference value :  2.17310e-06
 Reference value :  2.17352e-06
 Reference value :  2.17390e-06
 Reference value :  2.17435e-06
 Reference value :  2.17469e-06
 Reference value :  2.17507e-06
 Reference value :  2.17544e-06
 Reference value :  2.17595e-06
 Reference value :  2.17628e-06
 Reference value :  2.17672e-06
 Reference value :  2.17707e-06
 Reference value :  2.17760e-06
 Reference value :  2.17788e-06
 Reference value :  2.17828e-06
 Reference value :  2.17851e-06
 Reference value :  2.17899e-06
 Reference value :  2.17942e-06
 Reference value :  2.17985e-06
 Reference value :  2.18046e-06
 Reference value :  2.18095e-06
 Reference value :  2.18130e-06
 Reference value :  2.18174e-06
 Reference value :  2.18210e-06
 Reference value :  2.18243e-06
 Reference value :  2.18293e-06
 Reference value :  2.18341e-06
 Reference value :  2.18386e-06
 Reference value :  2.18430e-06
 Reference value :  2.18470e-06
 Reference value :  2.18514e-06
 Reference value :  2.18557e-06
 Reference value :  2.18593e-06
 Reference value :  2.18618e-06
 Reference value :  2.18673e-06
 Reference value :  2.18710e-06
 Reference value :  2.18767e-06
 Reference value :  2.18806e-06
 Reference value :  2.18852e-06
 Reference value :  2.18889e-06
 Reference value :  2.18909e-06
 Reference value :  2.18949e-06
 Reference value :  2.18985e-06
 Reference value :  2.19029e-06
 Reference value :  2.19062e-06
 Reference value :  2.19071e-06
 Reference value :  2.19105e-06
 Reference value :  2.19145e-06
 Reference value :  2.19196e-06
 Reference value :  2.19245e-06
 Reference value :  2.19279e-06
 Reference value :  2.19308e-06
 Reference value :  2.19333e-06
 Reference value :  2.19380e-06
 Reference value :  2.19425e-06
 Reference value :  2.19473e-06
 Reference value :  2.19523e-06
 Reference value :  2.19555e-06
 Reference value :  2.19579e-06
 Reference value :  2.19619e-06
 Reference value :  2.19660e-06
 Reference value :  2.19703e-06
 Reference value :  2.19744e-06
 Reference value :  2.19776e-06
 Reference value :  2.19811e-06
 Reference value :  2.19850e-06
 Reference value :  2.19889e-06
 Reference value :  2.19935e-06
 Reference value :  2.19971e-06
 Reference value :  2.20018e-06
 Reference value :  2.20037e-06
 Reference value :  2.20064e-06
 Reference value :  2.20101e-06
 Reference value :  2.20145e-06
 Reference value :  2.20191e-06
 Reference value :  2.20228e-06
 Reference value :  2.20256e-06
 Reference value :  2.20286e-06
 Reference value :  2.20325e-06
 Reference value :  2.20368e-06
 Reference value :  2.20410e-06
 Reference value :  2.20446e-06
 Reference value :  2.20473e-06
 Reference value :  2.20509e-06
 Reference value :  2.20549e-06
 Reference value :  2.20592e-06
 Reference value :  2.20631e-06
 Reference value :  2.20666e-06
 Reference value :  2.20699e-06
 Reference value :  2.20723e-06
 Reference value :  2.20777e-06
 Reference value :  2.20816e-06
 Reference value :  2.20866e-06
 Reference value :  2.20908e-06
 Reference value :  2.20949e-06
 Reference value :  2.20983e-06
 Reference value :  2.20999e-06
 Reference value :  2.21042e-06
 Reference value :  2.21081e-06
 Reference value :  2.21146e-06
 Reference value :  2.21160e-06
 Reference value :  2.21181e-06
 Reference value :  2.21215e-06
 Reference value :  2.21256e-06
 Reference value :  2.21314e-06
 Reference value :  2.21355e-06
 Reference value :  2.21388e-06
 Reference value :  2.21449e-06
 Reference value :  2.21483e-06
 Reference value :  2.21509e-06
 Reference value :  2.21549e-06
 Reference value :  2.21596e-06
 Reference value :  2.21645e-06
 Reference value :  2.21694e-06
 Reference value :  2.21739e-06
 Reference value :  2.21786e-06
 Reference value :  2.21824e-06
 Reference value :  2.21873e-06
 Reference value :  2.21910e-06
 Reference value :  2.21965e-06
 Reference value :  2.22018e-06
 Reference value :  2.22054e-06
 Reference value :  2.22072e-06
 Reference value :  2.22120e-06
 Reference value :  2.22159e-06
 Reference value :  2.22205e-06
 Reference value :  2.22237e-06
 Reference value :  2.22278e-06
 Reference value :  2.22291e-06
 Reference value :  2.22328e-06
 Reference value :  2.22382e-06
 Reference value :  2.22422e-06
 Reference value :  2.22485e-06
 Reference value :  2.22512e-06
 Reference value :  2.22544e-06
 Reference value :  2.22587e-06
 Reference value :  2.22639e-06
 Reference value :  2.22685e-06
 Reference value :  2.22726e-06
 Reference value :  2.22760e-06
 Reference value :  2.22817e-06
 Reference value :  2.22845e-06
 Reference value :  2.22876e-06
 Reference value :  2.22895e-06
 Reference value :  2.22942e-06
 Reference value :  2.22991e-06
 Reference value :  2.23024e-06
 Reference value :  2.23076e-06
 Reference value :  2.23125e-06
 Reference value :  2.23135e-06
 Reference value :  2.23172e-06
 Reference value :  2.23214e-06
 Reference value :  2.23246e-06
 Reference value :  2.23292e-06
 Reference value :  2.23321e-06
 Reference value :  2.23345e-06
 Reference value :  2.23395e-06
 Reference value :  2.23439e-06
 Reference value :  2.23473e-06
 Reference value :  2.23514e-06
 Reference value :  2.23546e-06
 Reference value :  2.23562e-06
 Reference value :  2.23595e-06
 Reference value :  2.23637e-06
 Reference value :  2.23675e-06
 Reference value :  2.23723e-06
 Reference value :  2.23769e-06
 Reference value :  2.23816e-06
 Reference value :  2.23840e-06
 Reference value :  2.23861e-06
 Reference value :  2.23883e-06
 Reference value :  2.23920e-06
 Reference value :  2.23967e-06
 Reference value :  2.24005e-06
 Reference value :  2.24064e-06
 Reference value :  2.24098e-06
 Reference value :  2.24139e-06
 Reference value :  2.24181e-06
 Reference value :  2.24225e-06
 Reference value :  2.24258e-06
 Reference value :  2.24287e-06
 Reference value :  2.24311e-06
 Reference value :  2.24337e-06
 Reference value :  2.24384e-06
 Reference value :  2.24417e-06
 Reference value :  2.24465e-06
 Reference value :  2.24505e-06
 Reference value :  2.24552e-06
 Reference value :  2.24592e-06
 Reference value :  2.24615e-06
 Reference value :  2.24636e-06
 Reference value :  2.24681e-06
 Reference value :  2.24734e-06
 Reference value :  2.24768e-06
 Reference value :  2.24815e-06
 Reference value :  2.24850e-06
 Reference value :  2.24893e-06
 Reference value :  2.24931e-06
 Reference value :  2.24982e-06
 Reference value :  2.25012e-06
 Reference value :  2.25061e-06
 Reference value :  2.25081e-06
 Reference value :  2.25103e-06
 Reference value :  2.25156e-06
 Reference value :  2.25200e-06
 Reference value :  2.25242e-06
 Reference value :  2.25268e-06
 Reference value :  2.25290e-06
 Reference value :  2.25335e-06
 Reference value :  2.25390e-06
 Reference value :  2.25431e-06
 Reference value :  2.25479e-06
 Reference value :  2.25523e-06
 Reference value :  2.25556e-06
 Reference value :  2.25580e-06
 Reference value :  2.25627e-06
 Reference value :  2.25679e-06
 Reference value :  2.25730e-06
 Reference value :  2.25776e-06
 Reference value :  2.25809e-06
 Reference value :  2.25847e-06
 Reference value :  2.25897e-06
 Reference value :  2.25928e-06
 Reference value :  2.25960e-06
 Reference value :  2.25988e-06
 Reference value :  2.26014e-06
 Reference value :  2.26061e-06
 Reference value :  2.26073e-06
 Reference value :  2.26118e-06
 Reference value :  2.26169e-06
 Reference value :  2.26222e-06
 Reference value :  2.26238e-06
 Reference value :  2.26267e-06
 Reference value :  2.26310e-06
 Reference value :  2.26358e-06
 Reference value :  2.26399e-06
 Reference value :  2.26444e-06
 Reference value :  2.26492e-06
 Reference value :  2.26537e-06
 Reference value :  2.26590e-06
 Reference value :  2.26620e-06
 Reference value :  2.26644e-06
 Reference value :  2.26683e-06
 Reference value :  2.26731e-06
 Reference value :  2.26770e-06
 Reference value :  2.26823e-06
 Reference value :  2.26857e-06
 Reference value :  2.26871e-06
 Reference value :  2.26921e-06
 Reference value :  2.26955e-06
 Reference value :  2.27008e-06
 Reference value :  2.27037e-06
 Reference value :  2.27055e-06
 Reference value :  2.27085e-06
 Reference value :  2.27121e-06
 Reference value :  2.27170e-06
 Reference value :  2.27217e-06
 Reference value :  2.27274e-06
 Reference value :  2.27326e-06
 Reference value :  2.27358e-06
 Reference value :  2.27379e-06
 Reference value :  2.27428e-06
 Reference value :  2.27466e-06
 Reference value :  2.27529e-06
 Reference value :  2.27551e-06
 Reference value :  2.27586e-06
 Reference value :  2.27626e-06
 Reference value :  2.27669e-06
 Reference value :  2.27720e-06
 Reference value :  2.27763e-06
 Reference value :  2.27810e-06
 Reference value :  2.27836e-06
 Reference value :  2.27880e-06
 Reference value :  2.27924e-06
 Reference value :  2.27970e-06
 Reference value :  2.28013e-06
 Reference value :  2.28043e-06
 Reference value :  2.28091e-06
 Reference value :  2.28135e-06
 Reference value :  2.28178e-06
 Reference value :  2.28226e-06
 Reference value :  2.28254e-06
 Reference value :  2.28261e-06
 Reference value :  2.28307e-06
 Reference value :  2.28359e-06
 Reference value :  2.28410e-06
 Reference value :  2.28467e-06
 Reference value :  2.28482e-06
 Reference value :  2.28506e-06
 Reference value :  2.28557e-06
 Reference value :  2.28597e-06
 Reference value :  2.28633e-06
 Reference value :  2.28700e-06
 Reference value :  2.28736e-06
 Reference value :  2.28771e-06
 Reference value :  2.28798e-06
 Reference value :  2.28855e-06
 Reference value :  2.28903e-06
 Reference value :  2.28951e-06
 Reference value :  2.28994e-06
 Reference value :  2.29041e-06
 Reference value :  2.29071e-06
 Reference value :  2.29110e-06
 Reference value :  2.29154e-06
 Reference value :  2.29196e-06
 Reference value :  2.29232e-06
 Reference value :  2.29254e-06
 Reference value :  2.29311e-06
 Reference value :  2.29357e-06
 Reference value :  2.29402e-06
 Reference value :  2.29453e-06
 Reference value :  2.29494e-06
 Reference value :  2.29559e-06
 Reference value :  2.29584e-06
 Reference value :  2.29640e-06
 Reference value :  2.29677e-06
 Reference value :  2.29722e-06
 Reference value :  2.29758e-06
 Reference value :  2.29802e-06
 Reference value :  2.29836e-06
 Reference value :  2.29889e-06
 Reference value :  2.29940e-06
 Reference value :  2.29980e-06
 Reference value :  2.30002e-06
 Reference value :  2.30026e-06
 Reference value :  2.30074e-06
 Reference value :  2.30103e-06
 Reference value :  2.30143e-06
 Reference value :  2.30175e-06
 Reference value :  2.30213e-06
 Reference value :  2.30253e-06
 Reference value :  2.30294e-06
 Reference value :  2.30336e-06
 Reference value :  2.30383e-06
 Reference value :  2.30403e-06
 Reference value :  2.30446e-06
 Reference value :  2.30499e-06
 Reference value :  2.30535e-06
 Reference value :  2.30577e-06
 Reference value :  2.30610e-06
 Reference value :  2.30630e-06
 Reference value :  2.30674e-06
 Reference value :  2.30715e-06
 Reference value :  2.30750e-06
 Reference value :  2.30794e-06
 Reference value :  2.30817e-06
 Reference value :  2.30841e-06
 Reference value :  2.30859e-06
 Reference value :  2.30907e-06
 Reference value :  2.30924e-06
 Reference value :  2.30971e-06
 Reference value :  2.31008e-06
 Reference value :  2.31063e-06
 Reference value :  2.31106e-06
 Reference value :  2.31145e-06
 Reference value :  2.31199e-06
 Reference value :  2.31233e-06
 Reference value :  2.31283e-06
 Reference value :  2.31305e-06
 Reference value :  2.31345e-06
 Reference value :  2.31390e-06
 Reference value :  2.31441e-06
 Reference value :  2.31487e-06
 Reference value :  2.31510e-06
 Reference value :  2.31535e-06
 Reference value :  2.31578e-06
 Reference value :  2.31607e-06
 Reference value :  2.31653e-06
 Reference value :  2.31689e-06
 Reference value :  2.31740e-06
 Reference value :  2.31781e-06
 Reference value :  2.31821e-06
 Reference value :  2.31855e-06
 Reference value :  2.31883e-06
 Reference value :  2.31930e-06
 Reference value :  2.31975e-06
 Reference value :  2.32014e-06
 Reference value :  2.32061e-06
 Reference value :  2.32098e-06
 Reference value :  2.32112e-06
 Reference value :  2.32156e-06
 Reference value :  2.32204e-06
 Reference value :  2.32255e-06
 Reference value :  2.32299e-06
 Reference value :  2.32320e-06
 Reference value :  2.32341e-06
 Reference value :  2.32375e-06
 Reference value :  2.32405e-06
 Reference value :  2.32444e-06
 Reference value :  2.32495e-06
 Reference value :  2.32543e-06
 Reference value :  2.32590e-06
 Reference value :  2.32603e-06
 Reference value :  2.32636e-06
 Reference value :  2.32650e-06
 Reference value :  2.32691e-06
 Reference value :  2.32741e-06
 Reference value :  2.32782e-06
 Reference value :  2.32798e-06
 Reference value :  2.32850e-06
 Reference value :  2.32895e-06
 Reference value :  2.32945e-06
 Reference value :  2.32993e-06
 Reference value :  2.33025e-06
 Reference value :  2.33035e-06
 Reference value :  2.33093e-06
 Reference value :  2.33134e-06
 Reference value :  2.33193e-06
 Reference value :  2.33237e-06
 Reference value :  2.33281e-06
 Reference value :  2.33324e-06
 Reference value :  2.33332e-06
 Reference value :  2.33371e-06
 Reference value :  2.33424e-06
 Reference value :  2.33462e-06
 Reference value :  2.33508e-06
 Reference value :  2.33558e-06
 Reference value :  2.33607e-06
 Reference value :  2.33630e-06
 Reference value :  2.33668e-06
 Reference value :  2.33699e-06
 Reference value :  2.33750e-06
 Reference value :  2.33787e-06
 Reference value :  2.33827e-06
 Reference value :  2.33848e-06
 Reference value :  2.33897e-06
 Reference value :  2.33929e-06
 Reference value :  2.33981e-06
 Reference value :  2.34026e-06
 Reference value :  2.34062e-06
 Reference value :  2.34081e-06
 Reference value :  2.34085e-06
 Reference value :  2.34123e-06
 Reference value :  2.34175e-06
 Reference value :  2.34240e-06
 Reference value :  2.34270e-06
 Reference value :  2.34289e-06
 Reference value :  2.34341e-06
 Reference value :  2.34375e-06
 Reference value :  2.34420e-06
 Reference value :  2.34468e-06
 Reference value :  2.34502e-06
 Reference value :  2.34546e-06
 Reference value :  2.34593e-06
 Reference value :  2.34650e-06
 Reference value :  2.34689e-06
 Reference value :  2.34752e-06
 Reference value :  2.34801e-06
 Reference value :  2.34847e-06
 Reference value :  2.34892e-06
 Reference value :  2.34930e-06
 Reference value :  2.34976e-06
 Reference value :  2.35016e-06
 Reference value :  2.35051e-06
 Reference value :  2.35102e-06
 Reference value :  2.35143e-06
 Reference value :  2.35196e-06
 Reference value :  2.35251e-06
 Reference value :  2.35298e-06
 Reference value :  2.35344e-06
 Reference value :  2.35383e-06
 Reference value :  2.35404e-06
 Reference value :  2.35448e-06
 Reference value :  2.35486e-06
 Reference value :  2.35535e-06
 Reference value :  2.35578e-06
 Reference value :  2.35628e-06
 Reference value :  2.35666e-06
 Reference value :  2.35704e-06
 Reference value :  2.35727e-06
 Reference value :  2.35771e-06
 Reference value :  2.35815e-06
 Reference value :  2.35863e-06
 Reference value :  2.35894e-06
 Reference value :  2.35941e-06
 Reference value :  2.35977e-06
 Reference value :  2.36029e-06
 Reference value :  2.36069e-06
 Reference value :  2.36119e-06
 Reference value :  2.36156e-06
 Reference value :  2.36198e-06
 Reference value :  2.36234e-06
 Reference value :  2.36287e-06
 Reference value :  2.36326e-06
 Reference value :  2.36364e-06
 Reference value :  2.36398e-06
 Reference value :  2.36443e-06
 Reference value :  2.36486e-06
 Reference value :  2.36542e-06
 Reference value :  2.36586e-06
 Reference value :  2.36646e-06
 Reference value :  2.36689e-06
 Reference value :  2.36735e-06
 Reference value :  2.36791e-06
 Reference value :  2.36825e-06
 Reference value :  2.36878e-06
 Reference value :  2.36925e-06
 Reference value :  2.36971e-06
 Reference value :  2.37009e-06
 Reference value :  2.37045e-06
 Reference value :  2.37075e-06
 Reference value :  2.37121e-06
 Reference value :  2.37158e-06
 Reference value :  2.37197e-06
 Reference value :  2.37232e-06
 Reference value :  2.37274e-06
 Reference value :  2.37318e-06
 Reference value :  2.37363e-06
 Reference value :  2.37413e-06
 Reference value :  2.37475e-06
 Reference value :  2.37527e-06
 Reference value :  2.37569e-06
 Reference value :  2.37614e-06
 Reference value :  2.37652e-06
 Reference value :  2.37702e-06
 Reference value :  2.37737e-06
 Reference value :  2.37787e-06
 Reference value :  2.37833e-06
 Reference value :  2.37867e-06
 Reference value :  2.37909e-06
 Reference value :  2.37953e-06
 Reference value :  2.37998e-06
 Reference value :  2.38034e-06
 Reference value :  2.38084e-06
 Reference value :  2.38147e-06
 Reference value :  2.38192e-06
 Reference value :  2.38237e-06
 Reference value :  2.38282e-06
 Reference value :  2.38322e-06
 Reference value :  2.38367e-06
 Reference value :  2.38408e-06
 Reference value :  2.38454e-06
 Reference value :  2.38487e-06
 Reference value :  2.38531e-06
 Reference value :  2.38568e-06
 Reference value :  2.38611e-06
 Reference value :  2.38658e-06
 Reference value :  2.38705e-06
 Reference value :  2.38743e-06
 Reference value :  2.38799e-06
 Reference value :  2.38840e-06
 Reference value :  2.38876e-06
 Reference value :  2.38927e-06
 Reference value :  2.38975e-06
 Reference value :  2.39007e-06
 Reference value :  2.39056e-06
 Reference value :  2.39098e-06
 Reference value :  2.39144e-06
 Reference value :  2.39188e-06
 Reference value :  2.39229e-06
 Reference value :  2.39271e-06
 Reference value :  2.39315e-06
 Reference value :  2.39351e-06
 Reference value :  2.39393e-06
 Reference value :  2.39453e-06
 Reference value :  2.39497e-06
 Reference value :  2.39549e-06
 Reference value :  2.39585e-06
 Reference value :  2.39636e-06
 Reference value :  2.39673e-06
 Reference value :  2.39717e-06
 Reference value :  2.39763e-06
 Reference value :  2.39802e-06
 Reference value :  2.39844e-06
 Reference value :  2.39899e-06
 Reference value :  2.39923e-06
 Reference value :  2.39981e-06
 Reference value :  2.40018e-06
 Reference value :  2.40073e-06
 Reference value :  2.40106e-06
 Reference value :  2.40157e-06
 Reference value :  2.40206e-06
 Reference value :  2.40251e-06
 Reference value :  2.40300e-06
 Reference value :  2.40341e-06
 Reference value :  2.40384e-06
 Reference value :  2.40415e-06
 Reference value :  2.40461e-06
 Reference value :  2.40506e-06
 Reference value :  2.40560e-06
 Reference value :  2.40599e-06
 Reference value :  2.40640e-06
 Reference value :  2.40671e-06
 Reference value :  2.40726e-06
 Reference value :  2.40769e-06
 Reference value :  2.40833e-06
 Reference value :  2.40879e-06
 Reference value :  2.40915e-06
 Reference value :  2.40959e-06
 Reference value :  2.41005e-06
 Reference value :  2.41054e-06
 Reference value :  2.41080e-06
 Reference value :  2.41124e-06
 Reference value :  2.41194e-06
 Reference value :  2.41249e-06
 Reference value :  2.41297e-06
 Reference value :  2.41352e-06
 Reference value :  2.41413e-06
 Reference value :  2.41456e-06
 Reference value :  2.41510e-06
 Reference value :  2.41553e-06
 Reference value :  2.41626e-06
 Reference value :  2.41692e-06
 Reference value :  2.41767e-06
 Reference value :  2.41803e-06
 Reference value :  2.41846e-06
 Reference value :  2.41889e-06
 Reference value :  2.41963e-06
 Reference value :  2.42029e-06
 Reference value :  2.42058e-06
 Reference value :  2.42120e-06
 Reference value :  2.42169e-06
 Reference value :  2.42199e-06
 Reference value :  2.42256e-06
 Reference value :  2.42297e-06
 Reference value :  2.42340e-06
 Reference value :  2.42382e-06
 Reference value :  2.42431e-06
 Reference value :  2.42463e-06
 Reference value :  2.42512e-06
 Reference value :  2.42550e-06
 Reference value :  2.42590e-06
 Reference value :  2.42631e-06
 Reference value :  2.42680e-06
 Reference value :  2.42718e-06
 Reference value :  2.42765e-06
 Reference value :  2.42806e-06
 Reference value :  2.42856e-06
 Reference value :  2.42890e-06
 Reference value :  2.42961e-06
 Reference value :  2.43012e-06
 Reference value :  2.43058e-06
 Reference value :  2.43105e-06
 Reference value :  2.43153e-06
 Reference value :  2.43200e-06
 Reference value :  2.43250e-06
 Reference value :  2.43289e-06
 Reference value :  2.43333e-06
 Reference value :  2.43390e-06
 Reference value :  2.43432e-06
 Reference value :  2.43474e-06
 Reference value :  2.43520e-06
 Reference value :  2.43556e-06
 Reference value :  2.43601e-06
 Reference value :  2.43641e-06
 Reference value :  2.43689e-06
 Reference value :  2.43733e-06
 Reference value :  2.43785e-06
 Reference value :  2.43829e-06
 Reference value :  2.43885e-06
 Reference value :  2.43920e-06
 Reference value :  2.43985e-06
 Reference value :  2.44058e-06
 Reference value :  2.44089e-06
 Reference value :  2.44142e-06
 Reference value :  2.44183e-06
 Reference value :  2.44238e-06
 Reference value :  2.44284e-06
 Reference value :  2.44335e-06
 Reference value :  2.44378e-06
 Reference value :  2.44428e-06
 Reference value :  2.44486e-06
 Reference value :  2.44532e-06
 Reference value :  2.44568e-06
 Reference value :  2.44606e-06
 Reference value :  2.44646e-06
 Reference value :  2.44694e-06
 Reference value :  2.44739e-06
 Reference value :  2.44782e-06
 Reference value :  2.44822e-06
 Reference value :  2.44870e-06
 Reference value :  2.44904e-06
 Reference value :  2.44954e-06
 Reference value :  2.44993e-06
 Reference value :  2.45037e-06
 Reference value :  2.45076e-06
 Reference value :  2.45127e-06
 Reference value :  2.45167e-06
 Reference value :  2.45219e-06
 Reference value :  2.45264e-06
 Reference value :  2.45319e-06
 Reference value :  2.45372e-06
 Reference value :  2.45418e-06
 Reference value :  2.45467e-06
 Reference value :  2.45505e-06
 Reference value :  2.45554e-06
 Reference value :  2.45593e-06
 Reference value :  2.45638e-06
 Reference value :  2.45674e-06
 Reference value :  2.45723e-06
 Reference value :  2.45773e-06
 Reference value :  2.45835e-06
 Reference value :  2.45886e-06
 Reference value :  2.45928e-06
 Reference value :  2.45971e-06
 Reference value :  2.46006e-06
 Reference value :  2.46065e-06
 Reference value :  2.46096e-06
 Reference value :  2.46146e-06
 Reference value :  2.46184e-06
 Reference value :  2.46232e-06
 Reference value :  2.46283e-06
 Reference value :  2.46341e-06
 Reference value :  2.46384e-06
 Reference value :  2.46424e-06
 Reference value :  2.46469e-06
 Reference value :  2.46506e-06
 Reference value :  2.46551e-06
 Reference value :  2.46589e-06
 Reference value :  2.46643e-06
 Reference value :  2.46677e-06
 Reference value :  2.46731e-06
 Reference value :  2.46787e-06
 Reference value :  2.46843e-06
 Reference value :  2.46888e-06
 Reference value :  2.46930e-06
 Reference value :  2.46979e-06
 Reference value :  2.47021e-06
 Reference value :  2.47070e-06
 Reference value :  2.47113e-06
 Reference value :  2.47157e-06
 Reference value :  2.47200e-06
 Reference value :  2.47239e-06
 Reference value :  2.47286e-06
 Reference value :  2.47322e-06
 Reference value :  2.47375e-06
 Reference value :  2.47418e-06
 Reference value :  2.47470e-06
 Reference value :  2.47509e-06
 Reference value :  2.47561e-06
 Reference value :  2.47600e-06
 Reference value :  2.47647e-06
 Reference value :  2.47683e-06
 Reference value :  2.47731e-06
 Reference value :  2.47771e-06
 Reference value :  2.47815e-06
 Reference value :  2.47856e-06
 Reference value :  2.47890e-06
 Reference value :  2.47928e-06
 Reference value :  2.48002e-06
 Reference value :  2.48042e-06
 Reference value :  2.48098e-06
 Reference value :  2.48142e-06
 Reference value :  2.48188e-06
 Reference value :  2.48236e-06
 Reference value :  2.48283e-06
 Reference value :  2.48334e-06
 Reference value :  2.48393e-06
 Reference value :  2.48439e-06
 Reference value :  2.48507e-06
 Reference value :  2.48562e-06
 Reference value :  2.48606e-06
 Reference value :  2.48662e-06
 Reference value :  2.48708e-06
 Reference value :  2.48754e-06
 Reference value :  2.48789e-06
 Reference value :  2.48844e-06
 Reference value :  2.48890e-06
 Reference value :  2.48931e-06
 Reference value :  2.48977e-06
 Reference value :  2.49015e-06
 Reference value :  2.49069e-06
 Reference value :  2.49115e-06
 Reference value :  2.49165e-06
 Reference value :  2.49204e-06
 Reference value :  2.49243e-06
 Reference value :  2.49295e-06
 Reference value :  2.49345e-06
 Reference value :  2.49375e-06
 Reference value :  2.49421e-06
 Reference value :  2.49458e-06
 Reference value :  2.49506e-06
 Reference value :  2.49544e-06
 Reference value :  2.49593e-06
 Reference value :  2.49637e-06
 Reference value :  2.49684e-06
 Reference value :  2.49727e-06
 Reference value :  2.49775e-06
 Reference value :  2.49794e-06
 Reference value :  2.49844e-06
 Reference value :  2.49876e-06
 Reference value :  2.49936e-06
 Reference value :  2.49975e-06
 Reference value :  2.50028e-06
 Reference value :  2.50077e-06
 Reference value :  2.50116e-06
 Reference value :  2.50155e-06
 Reference value :  2.50196e-06
 Reference value :  2.50244e-06
 Reference value :  2.50263e-06
 Reference value :  2.50324e-06
 Reference value :  2.50367e-06
 Reference value :  2.50420e-06
 Reference value :  2.50463e-06
 Reference value :  2.50517e-06
 Reference value :  2.50558e-06
 Reference value :  2.50617e-06
 Reference value :  2.50654e-06
 Reference value :  2.50707e-06
 Reference value :  2.50758e-06
 Reference value :  2.50792e-06
 Reference value :  2.50842e-06
 Reference value :  2.50877e-06
 Reference value :  2.50923e-06
 Reference value :  2.50966e-06
 Reference value :  2.51015e-06
 Reference value :  2.51045e-06
 Reference value :  2.51102e-06
 Reference value :  2.51137e-06
 Reference value :  2.51187e-06
 Reference value :  2.51221e-06
 Reference value :  2.51277e-06
 Reference value :  2.51332e-06
 Reference value :  2.51359e-06
 Reference value :  2.51398e-06
 Reference value :  2.51441e-06
 Reference value :  2.51456e-06
 Reference value :  2.51495e-06
 Reference value :  2.51520e-06
 Reference value :  2.51566e-06
 Reference value :  2.51598e-06
 Reference value :  2.51632e-06
 Reference value :  2.51678e-06
 Reference value :  2.51725e-06
 Reference value :  2.51787e-06
 Reference value :  2.51831e-06
 Reference value :  2.51861e-06
 Reference value :  2.51887e-06
 Reference value :  2.51937e-06
 Reference value :  2.51972e-06
 Reference value :  2.52022e-06
 Reference value :  2.52052e-06
 Reference value :  2.52095e-06
 Reference value :  2.52144e-06
 Reference value :  2.52188e-06
 Reference value :  2.52232e-06
 Reference value :  2.52268e-06
 Reference value :  2.52306e-06
 Reference value :  2.52358e-06
 Reference value :  2.52400e-06
 Reference value :  2.52462e-06
 Reference value :  2.52511e-06
 Reference value :  2.52546e-06
 Reference value :  2.52591e-06
 Reference value :  2.52629e-06
 Reference value :  2.52674e-06
 Reference value :  2.52721e-06
 Reference value :  2.52764e-06
 Reference value :  2.52802e-06
 Reference value :  2.52846e-06
 Reference value :  2.52888e-06
 Reference value :  2.52928e-06
 Reference value :  2.52968e-06
 Reference value :  2.53013e-06
 Reference value :  2.53057e-06
 Reference value :  2.53098e-06
 Reference value :  2.53123e-06
 Reference value :  2.53166e-06
 Reference value :  2.53209e-06
 Reference value :  2.53252e-06
 Reference value :  2.53296e-06
 Reference value :  2.53339e-06
 Reference value :  2.53376e-06
 Reference value :  2.53419e-06
 Reference value :  2.53456e-06
 Reference value :  2.53493e-06
 Reference value :  2.53532e-06
 Reference value :  2.53593e-06
 Reference value :  2.53630e-06
 Reference value :  2.53672e-06
 Reference value :  2.53700e-06
 Reference value :  2.53741e-06
 Reference value :  2.53800e-06
 Reference value :  2.53844e-06
 Reference value :  2.53874e-06
 Reference value :  2.53902e-06
 Reference value :  2.53955e-06
 Reference value :  2.53976e-06
 Reference value :  2.54022e-06
 Reference value :  2.54053e-06
 Reference value :  2.54101e-06
 Reference value :  2.54150e-06
 Reference value :  2.54197e-06
 Reference value :  2.54240e-06
 Reference value :  2.54285e-06
 Reference value :  2.54313e-06
 Reference value :  2.54356e-06
 Reference value :  2.54390e-06
 Reference value :  2.54446e-06
 Reference value :  2.54490e-06
 Reference value :  2.54550e-06
 Reference value :  2.54594e-06
 Reference value :  2.54610e-06
 Reference value :  2.54687e-06
 Reference value :  2.54740e-06
 Reference value :  2.54787e-06
 Reference value :  2.54847e-06
 Reference value :  2.54900e-06
 Reference value :  2.54948e-06
 Reference value :  2.54988e-06
 Reference value :  2.55032e-06
 Reference value :  2.55079e-06
 Reference value :  2.55139e-06
 Reference value :  2.55170e-06
 Reference value :  2.55204e-06
 Reference value :  2.55255e-06
 Reference value :  2.55301e-06
 Reference value :  2.55339e-06
 Reference value :  2.55390e-06
 Reference value :  2.55428e-06
 Reference value :  2.55478e-06
 Reference value :  2.55521e-06
 Reference value :  2.55564e-06
 Reference value :  2.55615e-06
 Reference value :  2.55662e-06
 Reference value :  2.55713e-06
 Reference value :  2.55748e-06
 Reference value :  2.55791e-06
 Reference value :  2.55824e-06
 Reference value :  2.55870e-06
 Reference value :  2.55907e-06
 Reference value :  2.55957e-06
 Reference value :  2.55994e-06
 Reference value :  2.56038e-06
 Reference value :  2.56087e-06
 Reference value :  2.56146e-06
 Reference value :  2.56177e-06
 Reference value :  2.56226e-06
 Reference value :  2.56265e-06
 Reference value :  2.56301e-06
 Reference value :  2.56342e-06
 Reference value :  2.56387e-06
 Reference value :  2.56429e-06
 Reference value :  2.56476e-06
 Reference value :  2.56535e-06
 Reference value :  2.56576e-06
 Reference value :  2.56617e-06
 Reference value :  2.56659e-06
 Reference value :  2.56705e-06
 Reference value :  2.56736e-06
 Reference value :  2.56788e-06
 Reference value :  2.56837e-06
 Reference value :  2.56882e-06
 Reference value :  2.56922e-06
 Reference value :  2.56973e-06
 Reference value :  2.57018e-06
 Reference value :  2.57054e-06
 Reference value :  2.57108e-06
 Reference value :  2.57149e-06
 Reference value :  2.57178e-06
 Reference value :  2.57222e-06
 Reference value :  2.57255e-06
 Reference value :  2.57296e-06
 Reference value :  2.57334e-06
 Reference value :  2.57382e-06
 Reference value :  2.57429e-06
 Reference value :  2.57483e-06
 Reference value :  2.57523e-06
 Reference value :  2.57562e-06
 Reference value :  2.57602e-06
 Reference value :  2.57640e-06
 Reference value :  2.57670e-06
 Reference value :  2.57717e-06
 Reference value :  2.57762e-06
 Reference value :  2.57814e-06
 Reference value :  2.57866e-06
 Reference value :  2.57901e-06
 Reference value :  2.57941e-06
 Reference value :  2.57988e-06
 Reference value :  2.58030e-06
 Reference value :  2.58070e-06
 Reference value :  2.58101e-06
 Reference value :  2.58152e-06
 Reference value :  2.58193e-06
 Reference value :  2.58234e-06
 Reference value :  2.58270e-06
 Reference value :  2.58317e-06
 Reference value :  2.58350e-06
 Reference value :  2.58401e-06
 Reference value :  2.58454e-06
 Reference value :  2.58492e-06
 Reference value :  2.58533e-06
 Reference value :  2.58556e-06
 Reference value :  2.58595e-06
 Reference value :  2.58639e-06
 Reference value :  2.58691e-06
 Reference value :  2.58739e-06
 Reference value :  2.58786e-06
 Reference value :  2.58841e-06
 Reference value :  2.58875e-06
 Reference value :  2.58932e-06
 Reference value :  2.58972e-06
 Reference value :  2.58999e-06
 Reference value :  2.59053e-06
 Reference value :  2.59089e-06
 Reference value :  2.59142e-06
 Reference value :  2.59187e-06
 Reference value :  2.59233e-06
 Reference value :  2.59273e-06
 Reference value :  2.59315e-06
 Reference value :  2.59354e-06
 Reference value :  2.59399e-06
 Reference value :  2.59440e-06
 Reference value :  2.59494e-06
 Reference value :  2.59523e-06
 Reference value :  2.59568e-06
 Reference value :  2.59609e-06
 Reference value :  2.59656e-06
 Reference value :  2.59695e-06
 Reference value :  2.59746e-06
 Reference value :  2.59783e-06
 Reference value :  2.59830e-06
 Reference value :  2.59878e-06
 Reference value :  2.59918e-06
 Reference value :  2.59952e-06
 Reference value :  2.59995e-06
 Reference value :  2.60013e-06
 Reference value :  2.60068e-06
 Reference value :  2.60107e-06
 Reference value :  2.60151e-06
 Reference value :  2.60188e-06
 Reference value :  2.60214e-06
 Reference value :  2.60258e-06
 Reference value :  2.60301e-06
 Reference value :  2.60341e-06
 Reference value :  2.60384e-06
 Reference value :  2.60424e-06
 Reference value :  2.60464e-06
 Reference value :  2.60507e-06
 Reference value :  2.60542e-06
 Reference value :  2.60594e-06
 Reference value :  2.60631e-06
 Reference value :  2.60678e-06
 Reference value :  2.60710e-06
 Reference value :  2.60761e-06
 Reference value :  2.60805e-06
 Reference value :  2.60862e-06
 Reference value :  2.60913e-06
 Reference value :  2.60961e-06
 Reference value :  2.61008e-06
 Reference value :  2.61061e-06
 Reference value :  2.61100e-06
 Reference value :  2.61128e-06
 Reference value :  2.61181e-06
 Reference value :  2.61220e-06
 Reference value :  2.61257e-06
 Reference value :  2.61287e-06
 Reference value :  2.61332e-06
 Reference value :  2.61369e-06
 Reference value :  2.61419e-06
 Reference value :  2.61457e-06
 Reference value :  2.61502e-06
 Reference value :  2.61538e-06
 Reference value :  2.61579e-06
 Reference value :  2.61621e-06
 Reference value :  2.61663e-06
 Reference value :  2.61711e-06
 Reference value :  2.61761e-06
 Reference value :  2.61803e-06
 Reference value :  2.61852e-06
 Reference value :  2.61895e-06
 Reference value :  2.61939e-06
 Reference value :  2.61988e-06
 Reference value :  2.62018e-06
 Reference value :  2.62057e-06
 Reference value :  2.62096e-06
 Reference value :  2.62133e-06
 Reference value :  2.62199e-06
 Reference value :  2.62252e-06
 Reference value :  2.62291e-06
 Reference value :  2.62337e-06
 Reference value :  2.62376e-06
 Reference value :  2.62420e-06
 Reference value :  2.62461e-06
 Reference value :  2.62514e-06
 Reference value :  2.62556e-06
 Reference value :  2.62611e-06
 Reference value :  2.62657e-06
 Reference value :  2.62674e-06
 Reference value :  2.62724e-06
 Reference value :  2.62769e-06
 Reference value :  2.62805e-06
 Reference value :  2.62850e-06
 Reference value :  2.62900e-06
 Reference value :  2.62940e-06
 Reference value :  2.62977e-06
 Reference value :  2.63019e-06
 Reference value :  2.63073e-06
 Reference value :  2.63124e-06
 Reference value :  2.63160e-06
 Reference value :  2.63212e-06
 Reference value :  2.63258e-06
 Reference value :  2.63309e-06
 Reference value :  2.63349e-06
 Reference value :  2.63390e-06
 Reference value :  2.63433e-06
 Reference value :  2.63481e-06
 Reference value :  2.63533e-06
 Reference value :  2.63568e-06
 Reference value :  2.63584e-06
 Reference value :  2.63631e-06
 Reference value :  2.63690e-06
 Reference value :  2.63732e-06
 Reference value :  2.63795e-06
 Reference value :  2.63831e-06
 Reference value :  2.63901e-06
 Reference value :  2.63950e-06
 Reference value :  2.63992e-06
 Reference value :  2.64060e-06
 Reference value :  2.64112e-06
 Reference value :  2.64148e-06
 Reference value :  2.64208e-06
 Reference value :  2.64258e-06
 Reference value :  2.64310e-06
 Reference value :  2.64357e-06
 Reference value :  2.64405e-06
 Reference value :  2.64452e-06
 Reference value :  2.64491e-06
 Reference value :  2.64550e-06
 Reference value :  2.64598e-06
 Reference value :  2.64646e-06
 Reference value :  2.64683e-06
 Reference value :  2.64733e-06
 Reference value :  2.64767e-06
 Reference value :  2.64812e-06
 Reference value :  2.64865e-06
 Reference value :  2.64905e-06
 Reference value :  2.64917e-06
 Reference value :  2.64956e-06
 Reference value :  2.64996e-06
 Reference value :  2.65045e-06
 Reference value :  2.65088e-06
 Reference value :  2.65140e-06
 Reference value :  2.65173e-06
 Reference value :  2.65222e-06
 Reference value :  2.65257e-06
 Reference value :  2.65299e-06
 Reference value :  2.65334e-06
 Reference value :  2.65377e-06
 Reference value :  2.65425e-06
 Reference value :  2.65471e-06
 Reference value :  2.65506e-06
 Reference value :  2.65557e-06
 Reference value :  2.65601e-06
 Reference value :  2.65640e-06
 Reference value :  2.65672e-06
 Reference value :  2.65722e-06
 Reference value :  2.65764e-06
 Reference value :  2.65816e-06
 Reference value :  2.65869e-06
 Reference value :  2.65912e-06
 Reference value :  2.65963e-06
 Reference value :  2.65994e-06
 Reference value :  2.66033e-06
 Reference value :  2.66075e-06
 Reference value :  2.66125e-06
 Reference value :  2.66167e-06
 Reference value :  2.66215e-06
 Reference value :  2.66257e-06
 Reference value :  2.66299e-06
 Reference value :  2.66314e-06
 Reference value :  2.66346e-06
 Reference value :  2.66397e-06
 Reference value :  2.66438e-06
 Reference value :  2.66487e-06
 Reference value :  2.66530e-06
 Reference value :  2.66576e-06
 Reference value :  2.66608e-06
 Reference value :  2.66647e-06
 Reference value :  2.66686e-06
 Reference value :  2.66732e-06
 Reference value :  2.66774e-06
 Reference value :  2.66809e-06
 Reference value :  2.66839e-06
 Reference value :  2.66885e-06
 Reference value :  2.66923e-06
 Reference value :  2.66969e-06
 Reference value :  2.67012e-06
 Reference value :  2.67078e-06
 Reference value :  2.67125e-06
 Reference value :  2.67168e-06
 Reference value :  2.67211e-06
 Reference value :  2.67254e-06
 Reference value :  2.67293e-06
 Reference value :  2.67334e-06
 Reference value :  2.67385e-06
 Reference value :  2.67428e-06
 Reference value :  2.67475e-06
 Reference value :  2.67509e-06
 Reference value :  2.67562e-06
 Reference value :  2.67586e-06
 Reference value :  2.67636e-06
 Reference value :  2.67671e-06
 Reference value :  2.67718e-06
 Reference value :  2.67754e-06
 Reference value :  2.67799e-06
 Reference value :  2.67841e-06
 Reference value :  2.67893e-06
 Reference value :  2.67939e-06
 Reference value :  2.67989e-06
 Reference value :  2.68028e-06
 Reference value :  2.68071e-06
 Reference value :  2.68118e-06
 Reference value :  2.68157e-06
 Reference value :  2.68203e-06
 Reference value :  2.68248e-06
 Reference value :  2.68297e-06
 Reference value :  2.68338e-06
 Reference value :  2.68388e-06
 Reference value :  2.68430e-06
 Reference value :  2.68470e-06
 Reference value :  2.68513e-06
 Reference value :  2.68558e-06
 Reference value :  2.68598e-06
 Reference value :  2.68641e-06
 Reference value :  2.68679e-06
 Reference value :  2.68722e-06
 Reference value :  2.68764e-06
 Reference value :  2.68809e-06
 Reference value :  2.68847e-06
 Reference value :  2.68887e-06
 Reference value :  2.68924e-06
 Reference value :  2.68963e-06
 Reference value :  2.69010e-06
 Reference value :  2.69058e-06
 Reference value :  2.69093e-06
 Reference value :  2.69143e-06
 Reference value :  2.69180e-06
 Reference value :  2.69225e-06
 Reference value :  2.69260e-06
 Reference value :  2.69311e-06
 Reference value :  2.69352e-06
 Reference value :  2.69396e-06
 Reference value :  2.69436e-06
 Reference value :  2.69477e-06
 Reference value :  2.69523e-06
 Reference value :  2.69566e-06
 Reference value :  2.69602e-06
 Reference value :  2.69643e-06
 Reference value :  2.69689e-06
 Reference value :  2.69746e-06
 Reference value :  2.69800e-06
 Reference value :  2.69849e-06
 Reference value :  2.69892e-06
 Reference value :  2.69929e-06
 Reference value :  2.69972e-06
 Reference value :  2.70016e-06
 Reference value :  2.70042e-06
 Reference value :  2.70086e-06
 Reference value :  2.70103e-06
 Reference value :  2.70145e-06
 Reference value :  2.70189e-06
 Reference value :  2.70238e-06
 Reference value :  2.70280e-06
 Reference value :  2.70330e-06
 Reference value :  2.70362e-06
 Reference value :  2.70410e-06
 Reference value :  2.70457e-06
 Reference value :  2.70501e-06
 Reference value :  2.70547e-06
 Reference value :  2.70575e-06
 Reference value :  2.70622e-06
 Reference value :  2.70665e-06
 Reference value :  2.70708e-06
 Reference value :  2.70755e-06
 Reference value :  2.70805e-06
 Reference value :  2.70849e-06
 Reference value :  2.70894e-06
 Reference value :  2.70931e-06
 Reference value :  2.70968e-06
 Reference value :  2.71005e-06
 Reference value :  2.71047e-06
 Reference value :  2.71087e-06
 Reference value :  2.71136e-06
 Reference value :  2.71174e-06
 Reference value :  2.71197e-06
 Reference value :  2.71240e-06
 Reference value :  2.71265e-06
 Reference value :  2.71291e-06
 Reference value :  2.71336e-06
 Reference value :  2.71374e-06
 Reference value :  2.71417e-06
 Reference value :  2.71461e-06
 Reference value :  2.71498e-06
 Reference value :  2.71535e-06
 Reference value :  2.71575e-06
 Reference value :  2.71618e-06
 Reference value :  2.71662e-06
 Reference value :  2.71705e-06
 Reference value :  2.71742e-06
 Reference value :  2.71779e-06
 Reference value :  2.71808e-06
 Reference value :  2.71852e-06
 Reference value :  2.71883e-06
 Reference value :  2.71934e-06
 Reference value :  2.71982e-06
 Reference value :  2.72013e-06
 Reference value :  2.72055e-06
 Reference value :  2.72093e-06
 Reference value :  2.72124e-06
 Reference value :  2.72158e-06
 Reference value :  2.72193e-06
 Reference value :  2.72226e-06
 Reference value :  2.72266e-06
 Reference value :  2.72288e-06
 Reference value :  2.72327e-06
 Reference value :  2.72358e-06
 Reference value :  2.72405e-06
 Reference value :  2.72438e-06
 Reference value :  2.72463e-06
 Reference value :  2.72496e-06
 Reference value :  2.72535e-06
 Reference value :  2.72582e-06
 Reference value :  2.72615e-06
 Reference value :  2.72659e-06
 Reference value :  2.72696e-06
 Reference value :  2.72713e-06
 Reference value :  2.72754e-06
 Reference value :  2.72797e-06
 Reference value :  2.72837e-06
 Reference value :  2.72876e-06
 Reference value :  2.72928e-06
 Reference value :  2.72978e-06
 Reference value :  2.73023e-06
 Reference value :  2.73068e-06
 Reference value :  2.73097e-06
 Reference value :  2.73131e-06
 Reference value :  2.73171e-06
 Reference value :  2.73209e-06
 Reference value :  2.73264e-06
 Reference value :  2.73307e-06
 Reference value :  2.73347e-06
 Reference value :  2.73368e-06
 Reference value :  2.73377e-06
 Reference value :  2.73432e-06
 Reference value :  2.73465e-06
 Reference value :  2.73519e-06
 Reference value :  2.73545e-06
 Reference value :  2.73586e-06
 Reference value :  2.73622e-06
 Reference value :  2.73632e-06
 Reference value :  2.73666e-06
 Reference value :  2.73708e-06
 Reference value :  2.73756e-06
 Reference value :  2.73823e-06
 Reference value :  2.73880e-06
 Reference value :  2.73908e-06
 Reference value :  2.73948e-06
 Reference value :  2.73974e-06
 Reference value :  2.74028e-06
 Reference value :  2.74054e-06
 Reference value :  2.74097e-06
 Reference value :  2.74136e-06
 Reference value :  2.74172e-06
 Reference value :  2.74225e-06
 Reference value :  2.74284e-06
 Reference value :  2.74329e-06
 Reference value :  2.74381e-06
 Reference value :  2.74426e-06
 Reference value :  2.74461e-06
 Reference value :  2.74474e-06
 Reference value :  2.74518e-06
 Reference value :  2.74557e-06
 Reference value :  2.74607e-06
 Reference value :  2.74640e-06
 Reference value :  2.74661e-06
 Reference value :  2.74688e-06
 Reference value :  2.74724e-06
 Reference value :  2.74757e-06
 Reference value :  2.74805e-06
 Reference value :  2.74857e-06
 Reference value :  2.74884e-06
 Reference value :  2.74901e-06
 Reference value :  2.74921e-06
 Reference value :  2.74980e-06
 Reference value :  2.75018e-06
 Reference value :  2.75059e-06
 Reference value :  2.75109e-06
 Reference value :  2.75161e-06
 Reference value :  2.75194e-06
 Reference value :  2.75221e-06
 Reference value :  2.75271e-06
 Reference value :  2.75317e-06
 Reference value :  2.75361e-06
 Reference value :  2.75391e-06
 Reference value :  2.75438e-06
 Reference value :  2.75471e-06
 Reference value :  2.75504e-06
 Reference value :  2.75544e-06
 Reference value :  2.75588e-06
 Reference value :  2.75630e-06
 Reference value :  2.75687e-06
 Reference value :  2.75731e-06
 Reference value :  2.75750e-06
 Reference value :  2.75784e-06
 Reference value :  2.75822e-06
 Reference value :  2.75872e-06
 Reference value :  2.75914e-06
 Reference value :  2.75959e-06
 Reference value :  2.75990e-06
 Reference value :  2.76029e-06
 Reference value :  2.76066e-06
 Reference value :  2.76114e-06
 Reference value :  2.76190e-06
 Reference value :  2.76217e-06
 Reference value :  2.76227e-06
 Reference value :  2.76272e-06
 Reference value :  2.76332e-06
 Reference value :  2.76374e-06
 Reference value :  2.76426e-06
 Reference value :  2.76459e-06
 Reference value :  2.76488e-06
 Reference value :  2.76534e-06
 Reference value :  2.76564e-06
 Reference value :  2.76609e-06
 Reference value :  2.76646e-06
 Reference value :  2.76665e-06
 Reference value :  2.76711e-06
 Reference value :  2.76746e-06
 Reference value :  2.76791e-06
 Reference value :  2.76836e-06
 Reference value :  2.76864e-06
 Reference value :  2.76883e-06
 Reference value :  2.76922e-06
 Reference value :  2.76974e-06
 Reference value :  2.77014e-06
 Reference value :  2.77060e-06
 Reference value :  2.77091e-06
 Reference value :  2.77108e-06
 Reference value :  2.77144e-06
 Reference value :  2.77191e-06
 Reference value :  2.77233e-06
 Reference value :  2.77263e-06
 Reference value :  2.77308e-06
 Reference value :  2.77344e-06
 Reference value :  2.77361e-06
 Reference value :  2.77393e-06
 Reference value :  2.77431e-06
 Reference value :  2.77476e-06
 Reference value :  2.77522e-06
 Reference value :  2.77570e-06
 Reference value :  2.77599e-06
 Reference value :  2.77626e-06
 Reference value :  2.77687e-06
 Reference value :  2.77732e-06
 Reference value :  2.77775e-06
 Reference value :  2.77826e-06
 Reference value :  2.77861e-06
 Reference value :  2.77913e-06
 Reference value :  2.77948e-06
 Reference value :  2.78010e-06
 Reference value :  2.78045e-06
 Reference value :  2.78077e-06
 Reference value :  2.78097e-06
 Reference value :  2.78128e-06
 Reference value :  2.78161e-06
 Reference value :  2.78198e-06
 Reference value :  2.78243e-06
 Reference value :  2.78285e-06
 Reference value :  2.78348e-06
 Reference value :  2.78384e-06
 Reference value :  2.78406e-06
 Reference value :  2.78424e-06
 Reference value :  2.78468e-06
 Reference value :  2.78507e-06
 Reference value :  2.78544e-06
 Reference value :  2.78583e-06
 Reference value :  2.78613e-06
 Reference value :  2.78655e-06
 Reference value :  2.78684e-06
 Reference value :  2.78720e-06
 Reference value :  2.78771e-06
 Reference value :  2.78818e-06
 Reference value :  2.78850e-06
 Reference value :  2.78883e-06
 Reference value :  2.78926e-06
 Reference value :  2.78952e-06
 Reference value :  2.78988e-06
 Reference value :  2.79037e-06
 Reference value :  2.79086e-06
 Reference value :  2.79112e-06
 Reference value :  2.79159e-06
 Reference value :  2.79197e-06
 Reference value :  2.79235e-06
 Reference value :  2.79257e-06
 Reference value :  2.79286e-06
 Reference value :  2.79328e-06
 Reference value :  2.79376e-06
 Reference value :  2.79416e-06
 Reference value :  2.79445e-06
 Reference value :  2.79470e-06
 Reference value :  2.79501e-06
 Reference value :  2.79543e-06
 Reference value :  2.79590e-06
 Reference value :  2.79632e-06
 Reference value :  2.79675e-06
 Reference value :  2.79707e-06
 Reference value :  2.79726e-06
 Reference value :  2.79770e-06
 Reference value :  2.79803e-06
 Reference value :  2.79855e-06
 Reference value :  2.79908e-06
 Reference value :  2.79956e-06
 Reference value :  2.80003e-06
 Reference value :  2.80030e-06
 Reference value :  2.80054e-06
 Reference value :  2.80088e-06
 Reference value :  2.80117e-06
 Reference value :  2.80146e-06
 Reference value :  2.80191e-06
 Reference value :  2.80216e-06
 Reference value :  2.80268e-06
 Reference value :  2.80323e-06
 Reference value :  2.80362e-06
 Reference value :  2.80402e-06
 Reference value :  2.80433e-06
 Reference value :  2.80467e-06
 Reference value :  2.80508e-06
 Reference value :  2.80545e-06
 Reference value :  2.80588e-06
 Reference value :  2.80611e-06
 Reference value :  2.80633e-06
 Reference value :  2.80675e-06
 Reference value :  2.80715e-06
 Reference value :  2.80759e-06
 Reference value :  2.80795e-06
 Reference value :  2.80811e-06
 Reference value :  2.80836e-06
 Reference value :  2.80889e-06
 Reference value :  2.80940e-06
 Reference value :  2.80978e-06
 Reference value :  2.81027e-06
 Reference value :  2.81053e-06
 Reference value :  2.81064e-06
 Reference value :  2.81109e-06
 Reference value :  2.81139e-06
 Reference value :  2.81181e-06
 Reference value :  2.81220e-06
 Reference value :  2.81270e-06
 Reference value :  2.81282e-06
 Reference value :  2.81299e-06
 Reference value :  2.81348e-06
 Reference value :  2.81389e-06
 Reference value :  2.81434e-06
 Reference value :  2.81470e-06
 Reference value :  2.81515e-06
 Reference value :  2.81548e-06
 Reference value :  2.81566e-06
 Reference value :  2.81604e-06
 Reference value :  2.81643e-06
 Reference value :  2.81692e-06
 Reference value :  2.81726e-06
 Reference value :  2.81763e-06
 Reference value :  2.81782e-06
 Reference value :  2.81818e-06
 Reference value :  2.81866e-06
 Reference value :  2.81915e-06
 Reference value :  2.81944e-06
 Reference value :  2.81955e-06
 Reference value :  2.81998e-06
 Reference value :  2.82042e-06
 Reference value :  2.82082e-06
 Reference value :  2.82141e-06
 Reference value :  2.82188e-06
 Reference value :  2.82220e-06
 Reference value :  2.82243e-06
 Reference value :  2.82283e-06
 Reference value :  2.82312e-06
 Reference value :  2.82361e-06
 Reference value :  2.82389e-06
 Reference value :  2.82433e-06
 Reference value :  2.82466e-06
 Reference value :  2.82526e-06
 Reference value :  2.82570e-06
 Reference value :  2.82611e-06
 Reference value :  2.82641e-06
 Reference value :  2.82660e-06
 Reference value :  2.82716e-06
 Reference value :  2.82755e-06
 Reference value :  2.82815e-06
 Reference value :  2.82859e-06
 Reference value :  2.82873e-06
 Reference value :  2.82900e-06
 Reference value :  2.82951e-06
 Reference value :  2.82990e-06
 Reference value :  2.83039e-06
 Reference value :  2.83080e-06
 Reference value :  2.83139e-06
 Reference value :  2.83195e-06
 Reference value :  2.83235e-06
 Reference value :  2.83281e-06
 Reference value :  2.83320e-06
 Reference value :  2.83365e-06
 Reference value :  2.83401e-06
 Reference value :  2.83444e-06
 Reference value :  2.83471e-06
 Reference value :  2.83496e-06
 Reference value :  2.83536e-06
 Reference value :  2.83578e-06
 Reference value :  2.83616e-06
 Reference value :  2.83650e-06
 Reference value :  2.83669e-06
 Reference value :  2.83717e-06
 Reference value :  2.83764e-06
 Reference value :  2.83811e-06
 Reference value :  2.83850e-06
 Reference value :  2.83884e-06
 Reference value :  2.83911e-06
 Reference value :  2.83958e-06
 Reference value :  2.84005e-06
 Reference value :  2.84053e-06
 Reference value :  2.84104e-06
 Reference value :  2.84133e-06
 Reference value :  2.84156e-06
 Reference value :  2.84188e-06
 Reference value :  2.84232e-06
 Reference value :  2.84264e-06
 Reference value :  2.84294e-06
 Reference value :  2.84304e-06
 Reference value :  2.84351e-06
 Reference value :  2.84393e-06
 Reference value :  2.84444e-06
 Reference value :  2.84500e-06
 Reference value :  2.84545e-06
 Reference value :  2.84576e-06
 Reference value :  2.84602e-06
 Reference value :  2.84653e-06
 Reference value :  2.84680e-06
 Reference value :  2.84746e-06
 Reference value :  2.84768e-06
 Reference value :  2.84824e-06
 Reference value :  2.84879e-06
 Reference value :  2.84919e-06
 Reference value :  2.84965e-06
 Reference value :  2.85003e-06
 Reference value :  2.85051e-06
 Reference value :  2.85087e-06
 Reference value :  2.85107e-06
 Reference value :  2.85131e-06
 Reference value :  2.85170e-06
 Reference value :  2.85221e-06
 Reference value :  2.85267e-06
 Reference value :  2.85321e-06
 Reference value :  2.85349e-06
 Reference value :  2.85376e-06
 Reference value :  2.85424e-06
 Reference value :  2.85472e-06
 Reference value :  2.85506e-06
 Reference value :  2.85552e-06
 Reference value :  2.85585e-06
 Reference value :  2.85611e-06
 Reference value :  2.85656e-06
 Reference value :  2.85692e-06
 Reference value :  2.85727e-06
 Reference value :  2.85763e-06
 Reference value :  2.85790e-06
 Reference value :  2.85837e-06
 Reference value :  2.85865e-06
 Reference value :  2.85925e-06
 Reference value :  2.85972e-06
 Reference value :  2.86001e-06
 Reference value :  2.86013e-06
 Reference value :  2.86058e-06
 Reference value :  2.86097e-06
 Reference value :  2.86143e-06
 Reference value :  2.86170e-06
 Reference value :  2.86187e-06
 Reference value :  2.86230e-06
 Reference value :  2.86267e-06
 Reference value :  2.86311e-06
 Reference value :  2.86349e-06
 Reference value :  2.86399e-06
 Reference value :  2.86438e-06
 Reference value :  2.86480e-06
 Reference value :  2.86500e-06
 Reference value :  2.86533e-06
 Reference value :  2.86588e-06
 Reference value :  2.86622e-06
 Reference value :  2.86654e-06
 Reference value :  2.86688e-06
 Reference value :  2.86740e-06
 Reference value :  2.86774e-06
 Reference value :  2.86815e-06
 Reference value :  2.86853e-06
 Reference value :  2.86886e-06
 Reference value :  2.86924e-06
 Reference value :  2.86961e-06
 Reference value :  2.86994e-06
 Reference value :  2.87026e-06
 Reference value :  2.87062e-06
 Reference value :  2.87101e-06
 Reference value :  2.87146e-06
 Reference value :  2.87191e-06
 Reference value :  2.87237e-06
 Reference value :  2.87279e-06
 Reference value :  2.87316e-06
 Reference value :  2.87325e-06
 Reference value :  2.87366e-06
 Reference value :  2.87407e-06
 Reference value :  2.87449e-06
 Reference value :  2.87481e-06
 Reference value :  2.87520e-06
 Reference value :  2.87564e-06
 Reference value :  2.87611e-06
 Reference value :  2.87658e-06
 Reference value :  2.87691e-06
 Reference value :  2.87732e-06
 Reference value :  2.87745e-06
 Reference value :  2.87776e-06
 Reference value :  2.87822e-06
 Reference value :  2.87855e-06
 Reference value :  2.87898e-06
 Reference value :  2.87920e-06
 Reference value :  2.87993e-06
 Reference value :  2.88029e-06
 Reference value :  2.88080e-06
 Reference value :  2.88119e-06
 Reference value :  2.88176e-06
 Reference value :  2.88197e-06
 Reference value :  2.88220e-06
 Reference value :  2.88260e-06
 Reference value :  2.88306e-06
 Reference value :  2.88358e-06
 Reference value :  2.88374e-06
 Reference value :  2.88411e-06
 Reference value :  2.88448e-06
 Reference value :  2.88492e-06
 Reference value :  2.88524e-06
 Reference value :  2.88576e-06
 Reference value :  2.88616e-06
 Reference value :  2.88660e-06
 Reference value :  2.88692e-06
 Reference value :  2.88740e-06
 Reference value :  2.88782e-06
 Reference value :  2.88825e-06
 Reference value :  2.88866e-06
 Reference value :  2.88907e-06
 Reference value :  2.88951e-06
 Reference value :  2.88996e-06
 Reference value :  2.89035e-06
 Reference value :  2.89076e-06
 Reference value :  2.89120e-06
 Reference value :  2.89157e-06
 Reference value :  2.89192e-06
 Reference value :  2.89229e-06
 Reference value :  2.89288e-06
 Reference value :  2.89344e-06
 Reference value :  2.89385e-06
 Reference value :  2.89443e-06
 Reference value :  2.89497e-06
 Reference value :  2.89545e-06
 Reference value :  2.89596e-06
 Reference value :  2.89628e-06
 Reference value :  2.89684e-06
 Reference value :  2.89725e-06
 Reference value :  2.89805e-06
 Reference value :  2.89856e-06
 Reference value :  2.89890e-06
 Reference value :  2.89951e-06
 Reference value :  2.90001e-06
 Reference value :  2.90030e-06
 Reference value :  2.90062e-06
 Reference value :  2.90105e-06
 Reference value :  2.90145e-06
 Reference value :  2.90199e-06
 Reference value :  2.90240e-06
 Reference value :  2.90294e-06
 Reference value :  2.90349e-06
 Reference value :  2.90389e-06
 Reference value :  2.90446e-06
 Reference value :  2.90482e-06
 Reference value :  2.90537e-06
 Reference value :  2.90575e-06
 Reference value :  2.90622e-06
 Reference value :  2.90666e-06
 Reference value :  2.90712e-06
 Reference value :  2.90767e-06
 Reference value :  2.90808e-06
 Reference value :  2.90853e-06
 Reference value :  2.90890e-06
 Reference value :  2.90930e-06
 Reference value :  2.90967e-06
 Reference value :  2.91017e-06
 Reference value :  2.91058e-06
 Reference value :  2.91100e-06
 Reference value :  2.91137e-06
 Reference value :  2.91149e-06
 Reference value :  2.91193e-06
 Reference value :  2.91228e-06
 Reference value :  2.91276e-06
 Reference value :  2.91320e-06
 Reference value :  2.91365e-06
 Reference value :  2.91405e-06
 Reference value :  2.91453e-06
 Reference value :  2.91486e-06
 Reference value :  2.91528e-06
 Reference value :  2.91566e-06
 Reference value :  2.91607e-06
 Reference value :  2.91645e-06
 Reference value :  2.91705e-06
 Reference value :  2.91757e-06
 Reference value :  2.91809e-06
 Reference value :  2.91858e-06
 Reference value :  2.91890e-06
 Reference value :  2.91933e-06
 Reference value :  2.91983e-06
 Reference value :  2.92030e-06
 Reference value :  2.92066e-06
 Reference value :  2.92114e-06
 Reference value :  2.92164e-06
 Reference value :  2.92198e-06
 Reference value :  2.92237e-06
 Reference value :  2.92282e-06
 Reference value :  2.92313e-06
 Reference value :  2.92352e-06
 Reference value :  2.92403e-06
 Reference value :  2.92449e-06
 Reference value :  2.92494e-06
 Reference value :  2.92533e-06
 Reference value :  2.92573e-06
 Reference value :  2.92628e-06
 Reference value :  2.92662e-06
 Reference value :  2.92718e-06
 Reference value :  2.92751e-06
 Reference value :  2.92802e-06
 Reference value :  2.92863e-06
 Reference value :  2.92892e-06
 Reference value :  2.92956e-06
 Reference value :  2.93029e-06
 Reference value :  2.93106e-06
 Reference value :  2.93172e-06
 Reference value :  2.93235e-06
 Reference value :  2.93283e-06
 Reference value :  2.93333e-06
 Reference value :  2.93390e-06
 Reference value :  2.93446e-06
 Reference value :  2.93498e-06
 Reference value :  2.93545e-06
 Reference value :  2.93593e-06
 Reference value :  2.93645e-06
 Reference value :  2.93694e-06
 Reference value :  2.93736e-06
 Reference value :  2.93774e-06
 Reference value :  2.93825e-06
 Reference value :  2.93865e-06
 Reference value :  2.93900e-06
 Reference value :  2.93944e-06
 Reference value :  2.93980e-06
 Reference value :  2.94031e-06
 Reference value :  2.94073e-06
 Reference value :  2.94116e-06
 Reference value :  2.94152e-06
 Reference value :  2.94195e-06
 Reference value :  2.94235e-06
 Reference value :  2.94266e-06
 Reference value :  2.94281e-06
 Reference value :  2.94318e-06
 Reference value :  2.94371e-06
 Reference value :  2.94410e-06
 Reference value :  2.94466e-06
 Reference value :  2.94500e-06
 Reference value :  2.94544e-06
 Reference value :  2.94579e-06
 Reference value :  2.94622e-06
 Reference value :  2.94665e-06
 Reference value :  2.94701e-06
 Reference value :  2.94742e-06
 Reference value :  2.94778e-06
 Reference value :  2.94826e-06
 Reference value :  2.94871e-06
 Reference value :  2.94919e-06
 Reference value :  2.94956e-06
 Reference value :  2.95001e-06
 Reference value :  2.95025e-06
 Reference value :  2.95064e-06
 Reference value :  2.95112e-06
 Reference value :  2.95157e-06
 Reference value :  2.95205e-06
 Reference value :  2.95236e-06
 Reference value :  2.95274e-06
 Reference value :  2.95327e-06
 Reference value :  2.95376e-06
 Reference value :  2.95416e-06
 Reference value :  2.95471e-06
 Reference value :  2.95518e-06
 Reference value :  2.95561e-06
 Reference value :  2.95601e-06
 Reference value :  2.95647e-06
 Reference value :  2.95694e-06
 Reference value :  2.95740e-06
 Reference value :  2.95785e-06
 Reference value :  2.95823e-06
 Reference value :  2.95865e-06
 Reference value :  2.95918e-06
 Reference value :  2.95961e-06
 Reference value :  2.96015e-06
 Reference value :  2.96079e-06
 Reference value :  2.96102e-06
 Reference value :  2.96142e-06
 Reference value :  2.96190e-06
 Reference value :  2.96236e-06
 Reference value :  2.96274e-06
 Reference value :  2.96320e-06
 Reference value :  2.96378e-06
 Reference value :  2.96429e-06
 Reference value :  2.96488e-06
 Reference value :  2.96543e-06
 Reference value :  2.96593e-06
 Reference value :  2.96645e-06
 Reference value :  2.96701e-06
 Reference value :  2.96755e-06
 Reference value :  2.96799e-06
 Reference value :  2.96865e-06
 Reference value :  2.96914e-06
 Reference value :  2.96954e-06
 Reference value :  2.96996e-06
 Reference value :  2.97051e-06
 Reference value :  2.97105e-06
 Reference value :  2.97144e-06
 Reference value :  2.97206e-06
 Reference value :  2.97251e-06
 Reference value :  2.97287e-06
 Reference value :  2.97339e-06
 Reference value :  2.97388e-06
 Reference value :  2.97442e-06
 Reference value :  2.97506e-06
 Reference value :  2.97555e-06
 Reference value :  2.97594e-06
 Reference value :  2.97633e-06
 Reference value :  2.97687e-06
 Reference value :  2.97733e-06
 Reference value :  2.97780e-06
 Reference value :  2.97798e-06
 Reference value :  2.97846e-06
 Reference value :  2.97886e-06
 Reference value :  2.97930e-06
 Reference value :  2.97970e-06
 Reference value :  2.98019e-06
 Reference value :  2.98063e-06
 Reference value :  2.98113e-06
 Reference value :  2.98148e-06
 Reference value :  2.98203e-06
 Reference value :  2.98235e-06
 Reference value :  2.98272e-06
 Reference value :  2.98298e-06
 Reference value :  2.98345e-06
 Reference value :  2.98402e-06
 Reference value :  2.98464e-06
 Reference value :  2.98521e-06
 Reference value :  2.98574e-06
 Reference value :  2.98643e-06
 Reference value :  2.98694e-06
 Reference value :  2.98738e-06
 Reference value :  2.98791e-06
 Reference value :  2.98851e-06
 Reference value :  2.98885e-06
 Reference value :  2.98918e-06
 Reference value :  2.98969e-06
 Reference value :  2.99006e-06
 Reference value :  2.99054e-06
 Reference value :  2.99097e-06
 Reference value :  2.99141e-06
 Reference value :  2.99184e-06
 Reference value :  2.99225e-06
 Reference value :  2.99270e-06
 Reference value :  2.99305e-06
 Reference value :  2.99341e-06
 Reference value :  2.99377e-06
 Reference value :  2.99405e-06
 Reference value :  2.99453e-06
 Reference value :  2.99479e-06
 Reference value :  2.99531e-06
 Reference value :  2.99586e-06
 Reference value :  2.99648e-06
 Reference value :  2.99704e-06
 Reference value :  2.99742e-06
 Reference value :  2.99794e-06
 Reference value :  2.99825e-06
 Reference value :  2.99875e-06
 Reference value :  2.99916e-06
 Reference value :  2.99961e-06
No. of Data Rows : 57705
sim/harness: analysis complete
Note: Simulation executed from .control section 
