
Note: Compatibility modes selected: hs a


Circuit: ** sch_path: /home/ubuntu/github/sky130-pll/sim/pll-lock/testbench/tb_pll_lock.sch

option SCALE: Scale is set to 1e-06 for instance and model parameters
option SCALE: Scale is set to 1e-06 for instance and model parameters
option SCALE: Scale is set to 1e-06 for instance and model parameters
option SCALE: Scale is set to 1e-06 for instance and model parameters
Doing analysis at TEMP = 125.000000 and TNOM = 27.000000

Using KLU as Direct Linear Solver
 Reference value :  0.00000e+00
 Reference value :  1.25800e-09
 Reference value :  5.06000e-09
 Reference value :  5.81658e-09
 Reference value :  6.23516e-09
 Reference value :  6.75090e-09
 Reference value :  7.19044e-09
 Reference value :  7.81126e-09
 Reference value :  8.21101e-09
 Reference value :  8.77797e-09
 Reference value :  9.25731e-09
 Reference value :  9.83714e-09
 Reference value :  1.02376e-08
 Reference value :  1.07384e-08
 Reference value :  1.12423e-08
 Reference value :  1.16957e-08
 Reference value :  1.21860e-08
 Reference value :  1.26758e-08
 Reference value :  1.31457e-08
 Reference value :  1.36493e-08
 Reference value :  1.41174e-08
 Reference value :  1.46308e-08
 Reference value :  1.51574e-08
 Reference value :  1.56405e-08
 Reference value :  1.61520e-08
 Reference value :  1.67855e-08
 Reference value :  1.72398e-08
 Reference value :  1.79862e-08
 Reference value :  1.85219e-08
 Reference value :  1.90253e-08
 Reference value :  1.93921e-08
 Reference value :  2.01144e-08
 Reference value :  2.06619e-08
 Reference value :  2.10743e-08
 Reference value :  2.16608e-08
 Reference value :  2.21354e-08
 Reference value :  2.26300e-08
 Reference value :  2.30613e-08
 Reference value :  2.35830e-08
 Reference value :  2.40830e-08
 Reference value :  2.46745e-08
 Reference value :  2.52081e-08
 Reference value :  2.59976e-08
 Reference value :  2.67202e-08
 Reference value :  2.72110e-08
 Reference value :  2.77818e-08
 Reference value :  2.83022e-08
 Reference value :  2.87856e-08
 Reference value :  2.92049e-08
 Reference value :  2.98304e-08
 Reference value :  3.00729e-08
 Reference value :  3.05345e-08
 Reference value :  3.09826e-08
 Reference value :  3.15257e-08
 Reference value :  3.21105e-08
 Reference value :  3.26704e-08
 Reference value :  3.32549e-08
 Reference value :  3.39334e-08
 Reference value :  3.45162e-08
 Reference value :  3.49728e-08
 Reference value :  3.55515e-08
 Reference value :  3.60657e-08
 Reference value :  3.65682e-08
 Reference value :  3.72093e-08
 Reference value :  3.78194e-08
 Reference value :  3.83574e-08
 Reference value :  3.91123e-08
 Reference value :  3.98570e-08
 Reference value :  4.04888e-08
 Reference value :  4.07625e-08
 Reference value :  4.11529e-08
 Reference value :  4.16268e-08
 Reference value :  4.21984e-08
 Reference value :  4.25935e-08
 Reference value :  4.31201e-08
 Reference value :  4.37586e-08
 Reference value :  4.42613e-08
 Reference value :  4.49667e-08
 Reference value :  4.55207e-08
 Reference value :  4.60267e-08
 Reference value :  4.65378e-08
 Reference value :  4.70161e-08
 Reference value :  4.74482e-08
 Reference value :  4.80141e-08
 Reference value :  4.84033e-08
 Reference value :  4.88868e-08
 Reference value :  4.94381e-08
 Reference value :  5.00000e-08
 Reference value :  5.04888e-08
 Reference value :  5.09336e-08
 Reference value :  5.15680e-08
 Reference value :  5.21320e-08
 Reference value :  5.27295e-08
 Reference value :  5.32184e-08
 Reference value :  5.38652e-08
 Reference value :  5.42460e-08
 Reference value :  5.43185e-08
 Reference value :  5.44937e-08
 Reference value :  5.49526e-08
 Reference value :  5.55675e-08
 Reference value :  5.59561e-08
 Reference value :  5.64957e-08
 Reference value :  5.70177e-08
 Reference value :  5.78425e-08
 Reference value :  5.83254e-08
 Reference value :  5.90127e-08
 Reference value :  5.96182e-08
 Reference value :  6.01092e-08
 Reference value :  6.09493e-08
 Reference value :  6.14832e-08
 Reference value :  6.19605e-08
 Reference value :  6.25145e-08
 Reference value :  6.30717e-08
 Reference value :  6.34711e-08
 Reference value :  6.39249e-08
 Reference value :  6.44872e-08
 Reference value :  6.50697e-08
 Reference value :  6.55354e-08
 Reference value :  6.60201e-08
 Reference value :  6.65206e-08
 Reference value :  6.68472e-08
 Reference value :  6.72734e-08
 Reference value :  6.77470e-08
 Reference value :  6.81945e-08
 Reference value :  6.86610e-08
 Reference value :  6.90907e-08
 Reference value :  6.95664e-08
 Reference value :  6.99988e-08
 Reference value :  7.04678e-08
 Reference value :  7.09184e-08
 Reference value :  7.16110e-08
 Reference value :  7.22690e-08
 Reference value :  7.28343e-08
 Reference value :  7.33064e-08
 Reference value :  7.37929e-08
 Reference value :  7.42959e-08
 Reference value :  7.47365e-08
 Reference value :  7.52303e-08
 Reference value :  7.58401e-08
 Reference value :  7.62668e-08
 Reference value :  7.67243e-08
 Reference value :  7.73438e-08
 Reference value :  7.79029e-08
 Reference value :  7.86257e-08
 Reference value :  7.90852e-08
 Reference value :  7.97304e-08
 Reference value :  8.03098e-08
 Reference value :  8.08145e-08
 Reference value :  8.13715e-08
 Reference value :  8.18577e-08
 Reference value :  8.25027e-08
 Reference value :  8.31657e-08
 Reference value :  8.38149e-08
 Reference value :  8.43972e-08
 Reference value :  8.49049e-08
 Reference value :  8.54575e-08
 Reference value :  8.62841e-08
 Reference value :  8.67115e-08
 Reference value :  8.72133e-08
 Reference value :  8.76778e-08
 Reference value :  8.83342e-08
 Reference value :  8.89091e-08
 Reference value :  8.95926e-08
 Reference value :  9.00601e-08
 Reference value :  9.04782e-08
 Reference value :  9.10086e-08
 Reference value :  9.16910e-08
 Reference value :  9.21996e-08
 Reference value :  9.27356e-08
 Reference value :  9.32940e-08
 Reference value :  9.38532e-08
 Reference value :  9.42870e-08
 Reference value :  9.47001e-08
 Reference value :  9.52492e-08
 Reference value :  9.57112e-08
 Reference value :  9.62005e-08
 Reference value :  9.67441e-08
 Reference value :  9.72393e-08
 Reference value :  9.78065e-08
 Reference value :  9.82380e-08
 Reference value :  9.87946e-08
 Reference value :  9.92762e-08
 Reference value :  9.97496e-08
 Reference value :  1.00260e-07
 Reference value :  1.00709e-07
 Reference value :  1.01135e-07
 Reference value :  1.01651e-07
 Reference value :  1.02192e-07
 Reference value :  1.02622e-07
 Reference value :  1.03140e-07
 Reference value :  1.03735e-07
 Reference value :  1.04231e-07
 Reference value :  1.04654e-07
 Reference value :  1.05239e-07
 Reference value :  1.05659e-07
 Reference value :  1.06209e-07
 Reference value :  1.06729e-07
 Reference value :  1.07462e-07
 Reference value :  1.07879e-07
 Reference value :  1.08529e-07
 Reference value :  1.09199e-07
 Reference value :  1.09779e-07
 Reference value :  1.10340e-07
 Reference value :  1.10873e-07
 Reference value :  1.11573e-07
 Reference value :  1.12151e-07
 Reference value :  1.12607e-07
 Reference value :  1.13132e-07
 Reference value :  1.13566e-07
 Reference value :  1.14047e-07
 Reference value :  1.14545e-07
 Reference value :  1.15091e-07
 Reference value :  1.15514e-07
 Reference value :  1.15988e-07
 Reference value :  1.16441e-07
 Reference value :  1.17071e-07
 Reference value :  1.17575e-07
 Reference value :  1.17998e-07
 Reference value :  1.18369e-07
 Reference value :  1.18759e-07
 Reference value :  1.19357e-07
 Reference value :  1.19788e-07
 Reference value :  1.20157e-07
 Reference value :  1.20599e-07
 Reference value :  1.21058e-07
 Reference value :  1.21498e-07
 Reference value :  1.22120e-07
 Reference value :  1.22624e-07
 Reference value :  1.23320e-07
 Reference value :  1.23641e-07
 Reference value :  1.24191e-07
 Reference value :  1.24790e-07
 Reference value :  1.25399e-07
 Reference value :  1.25956e-07
 Reference value :  1.26403e-07
 Reference value :  1.26958e-07
 Reference value :  1.27464e-07
 Reference value :  1.27976e-07
 Reference value :  1.28368e-07
 Reference value :  1.29027e-07
 Reference value :  1.29563e-07
 Reference value :  1.29966e-07
 Reference value :  1.30440e-07
 Reference value :  1.30997e-07
 Reference value :  1.31432e-07
 Reference value :  1.31978e-07
 Reference value :  1.32422e-07
 Reference value :  1.32954e-07
 Reference value :  1.33385e-07
 Reference value :  1.33916e-07
 Reference value :  1.34330e-07
 Reference value :  1.34699e-07
 Reference value :  1.35267e-07
 Reference value :  1.35450e-07
 Reference value :  1.36056e-07
 Reference value :  1.36652e-07
 Reference value :  1.37352e-07
 Reference value :  1.38095e-07
 Reference value :  1.38651e-07
 Reference value :  1.39362e-07
 Reference value :  1.40095e-07
 Reference value :  1.40663e-07
 Reference value :  1.41228e-07
 Reference value :  1.41618e-07
 Reference value :  1.42104e-07
 Reference value :  1.42700e-07
 Reference value :  1.43177e-07
 Reference value :  1.43710e-07
 Reference value :  1.44204e-07
 Reference value :  1.44770e-07
 Reference value :  1.45257e-07
 Reference value :  1.45602e-07
 Reference value :  1.46107e-07
 Reference value :  1.46538e-07
 Reference value :  1.47142e-07
 Reference value :  1.47598e-07
 Reference value :  1.48255e-07
 Reference value :  1.48929e-07
 Reference value :  1.49466e-07
 Reference value :  1.50006e-07
 Reference value :  1.50468e-07
 Reference value :  1.50946e-07
 Reference value :  1.51462e-07
 Reference value :  1.52001e-07
 Reference value :  1.52428e-07
 Reference value :  1.52896e-07
 Reference value :  1.53413e-07
 Reference value :  1.53959e-07
 Reference value :  1.54512e-07
 Reference value :  1.54954e-07
 Reference value :  1.55519e-07
 Reference value :  1.56186e-07
 Reference value :  1.56725e-07
 Reference value :  1.57258e-07
 Reference value :  1.57796e-07
 Reference value :  1.58167e-07
 Reference value :  1.58784e-07
 Reference value :  1.59283e-07
 Reference value :  1.59880e-07
 Reference value :  1.60353e-07
 Reference value :  1.60932e-07
 Reference value :  1.61399e-07
 Reference value :  1.61949e-07
 Reference value :  1.62467e-07
 Reference value :  1.63139e-07
 Reference value :  1.63720e-07
 Reference value :  1.64295e-07
 Reference value :  1.64827e-07
 Reference value :  1.65316e-07
 Reference value :  1.65943e-07
 Reference value :  1.66332e-07
 Reference value :  1.67020e-07
 Reference value :  1.67557e-07
 Reference value :  1.68293e-07
 Reference value :  1.68941e-07
 Reference value :  1.69635e-07
 Reference value :  1.70270e-07
 Reference value :  1.70723e-07
 Reference value :  1.71380e-07
 Reference value :  1.72050e-07
 Reference value :  1.72535e-07
 Reference value :  1.73227e-07
 Reference value :  1.73693e-07
 Reference value :  1.74266e-07
 Reference value :  1.74837e-07
 Reference value :  1.75352e-07
 Reference value :  1.75960e-07
 Reference value :  1.76590e-07
 Reference value :  1.76941e-07
 Reference value :  1.77497e-07
 Reference value :  1.78058e-07
 Reference value :  1.78580e-07
 Reference value :  1.79053e-07
 Reference value :  1.79446e-07
 Reference value :  1.80160e-07
 Reference value :  1.80725e-07
 Reference value :  1.81219e-07
 Reference value :  1.81724e-07
 Reference value :  1.82203e-07
 Reference value :  1.82818e-07
 Reference value :  1.83465e-07
 Reference value :  1.84204e-07
 Reference value :  1.84944e-07
 Reference value :  1.85539e-07
 Reference value :  1.86306e-07
 Reference value :  1.86935e-07
 Reference value :  1.87544e-07
 Reference value :  1.88304e-07
 Reference value :  1.88878e-07
 Reference value :  1.89374e-07
 Reference value :  1.89980e-07
 Reference value :  1.90414e-07
 Reference value :  1.91017e-07
 Reference value :  1.91898e-07
 Reference value :  1.92696e-07
 Reference value :  1.93542e-07
 Reference value :  1.94386e-07
 Reference value :  1.95221e-07
 Reference value :  1.96225e-07
 Reference value :  1.97179e-07
 Reference value :  1.98046e-07
 Reference value :  1.98895e-07
 Reference value :  1.99724e-07
 Reference value :  2.00305e-07
 Reference value :  2.00832e-07
 Reference value :  2.01235e-07
 Reference value :  2.01823e-07
 Reference value :  2.02238e-07
 Reference value :  2.02866e-07
 Reference value :  2.03394e-07
 Reference value :  2.03898e-07
 Reference value :  2.04524e-07
 Reference value :  2.05040e-07
 Reference value :  2.05517e-07
 Reference value :  2.05897e-07
 Reference value :  2.06421e-07
 Reference value :  2.06793e-07
 Reference value :  2.07290e-07
 Reference value :  2.07727e-07
 Reference value :  2.07869e-07
 Reference value :  2.08400e-07
 Reference value :  2.09035e-07
 Reference value :  2.09377e-07
 Reference value :  2.09807e-07
 Reference value :  2.10454e-07
 Reference value :  2.10977e-07
 Reference value :  2.11557e-07
 Reference value :  2.11993e-07
 Reference value :  2.12515e-07
 Reference value :  2.13078e-07
 Reference value :  2.13469e-07
 Reference value :  2.13943e-07
 Reference value :  2.14644e-07
 Reference value :  2.15304e-07
 Reference value :  2.15859e-07
 Reference value :  2.16577e-07
 Reference value :  2.17142e-07
 Reference value :  2.17699e-07
 Reference value :  2.18261e-07
 Reference value :  2.18777e-07
 Reference value :  2.19261e-07
 Reference value :  2.19661e-07
 Reference value :  2.20239e-07
 Reference value :  2.20787e-07
 Reference value :  2.21353e-07
 Reference value :  2.21811e-07
 Reference value :  2.22376e-07
 Reference value :  2.22894e-07
 Reference value :  2.23259e-07
 Reference value :  2.23870e-07
 Reference value :  2.24480e-07
 Reference value :  2.24724e-07
 Reference value :  2.25384e-07
 Reference value :  2.25967e-07
 Reference value :  2.26499e-07
 Reference value :  2.27024e-07
 Reference value :  2.27428e-07
 Reference value :  2.28011e-07
 Reference value :  2.28527e-07
 Reference value :  2.29055e-07
 Reference value :  2.29621e-07
 Reference value :  2.29857e-07
 Reference value :  2.30019e-07
 Reference value :  2.30465e-07
 Reference value :  2.31099e-07
 Reference value :  2.31583e-07
 Reference value :  2.32185e-07
 Reference value :  2.32620e-07
 Reference value :  2.33033e-07
 Reference value :  2.33369e-07
 Reference value :  2.34027e-07
 Reference value :  2.34444e-07
 Reference value :  2.34991e-07
 Reference value :  2.35409e-07
 Reference value :  2.36006e-07
 Reference value :  2.36475e-07
 Reference value :  2.36999e-07
 Reference value :  2.37250e-07
 Reference value :  2.37525e-07
 Reference value :  2.37999e-07
 Reference value :  2.38413e-07
 Reference value :  2.39142e-07
 Reference value :  2.39594e-07
 Reference value :  2.40026e-07
 Reference value :  2.40458e-07
 Reference value :  2.41004e-07
 Reference value :  2.41511e-07
 Reference value :  2.41997e-07
 Reference value :  2.42411e-07
 Reference value :  2.42725e-07
 Reference value :  2.43419e-07
 Reference value :  2.43909e-07
 Reference value :  2.44455e-07
 Reference value :  2.44991e-07
 Reference value :  2.45592e-07
 Reference value :  2.46110e-07
 Reference value :  2.46562e-07
 Reference value :  2.47048e-07
 Reference value :  2.47331e-07
 Reference value :  2.47931e-07
 Reference value :  2.48296e-07
 Reference value :  2.48860e-07
 Reference value :  2.49339e-07
 Reference value :  2.49732e-07
 Reference value :  2.49946e-07
 Reference value :  2.50438e-07
 Reference value :  2.50918e-07
 Reference value :  2.51456e-07
 Reference value :  2.52020e-07
 Reference value :  2.52310e-07
 Reference value :  2.52670e-07
 Reference value :  2.53340e-07
 Reference value :  2.53979e-07
 Reference value :  2.54344e-07
 Reference value :  2.54913e-07
 Reference value :  2.55326e-07
 Reference value :  2.55616e-07
 Reference value :  2.55999e-07
 Reference value :  2.56468e-07
 Reference value :  2.57012e-07
 Reference value :  2.57471e-07
 Reference value :  2.58057e-07
 Reference value :  2.58590e-07
 Reference value :  2.59248e-07
 Reference value :  2.59542e-07
 Reference value :  2.59954e-07
 Reference value :  2.60231e-07
 Reference value :  2.60855e-07
 Reference value :  2.61295e-07
 Reference value :  2.61763e-07
 Reference value :  2.62336e-07
 Reference value :  2.62945e-07
 Reference value :  2.63482e-07
 Reference value :  2.64053e-07
 Reference value :  2.64633e-07
 Reference value :  2.65014e-07
 Reference value :  2.65205e-07
 Reference value :  2.65490e-07
 Reference value :  2.66027e-07
 Reference value :  2.66318e-07
 Reference value :  2.66838e-07
 Reference value :  2.67368e-07
 Reference value :  2.67547e-07
 Reference value :  2.67806e-07
 Reference value :  2.67877e-07
 Reference value :  2.68353e-07
 Reference value :  2.68910e-07
 Reference value :  2.69446e-07
 Reference value :  2.69824e-07
 Reference value :  2.70112e-07
 Reference value :  2.70560e-07
 Reference value :  2.71081e-07
 Reference value :  2.71394e-07
 Reference value :  2.72041e-07
 Reference value :  2.72460e-07
 Reference value :  2.72902e-07
 Reference value :  2.73153e-07
 Reference value :  2.73679e-07
 Reference value :  2.74175e-07
 Reference value :  2.74735e-07
 Reference value :  2.75178e-07
 Reference value :  2.75819e-07
 Reference value :  2.76320e-07
 Reference value :  2.76748e-07
 Reference value :  2.77096e-07
 Reference value :  2.77660e-07
 Reference value :  2.78145e-07
 Reference value :  2.78634e-07
 Reference value :  2.78937e-07
 Reference value :  2.79207e-07
 Reference value :  2.79863e-07
 Reference value :  2.80312e-07
 Reference value :  2.80924e-07
 Reference value :  2.81526e-07
 Reference value :  2.81878e-07
 Reference value :  2.82241e-07
 Reference value :  2.82679e-07
 Reference value :  2.82983e-07
 Reference value :  2.83147e-07
 Reference value :  2.83803e-07
 Reference value :  2.84204e-07
 Reference value :  2.84715e-07
 Reference value :  2.85179e-07
 Reference value :  2.85733e-07
 Reference value :  2.85947e-07
 Reference value :  2.86365e-07
 Reference value :  2.86815e-07
 Reference value :  2.87361e-07
 Reference value :  2.87851e-07
 Reference value :  2.88235e-07
 Reference value :  2.88926e-07
 Reference value :  2.89243e-07
 Reference value :  2.89680e-07
 Reference value :  2.90135e-07
 Reference value :  2.90750e-07
 Reference value :  2.91284e-07
 Reference value :  2.91915e-07
 Reference value :  2.92357e-07
 Reference value :  2.92653e-07
 Reference value :  2.93103e-07
 Reference value :  2.93721e-07
 Reference value :  2.94115e-07
 Reference value :  2.94657e-07
 Reference value :  2.95170e-07
 Reference value :  2.95413e-07
 Reference value :  2.95892e-07
 Reference value :  2.96201e-07
 Reference value :  2.96787e-07
 Reference value :  2.97388e-07
 Reference value :  2.97939e-07
 Reference value :  2.98515e-07
 Reference value :  2.98962e-07
 Reference value :  2.99127e-07
 Reference value :  2.99791e-07
 Reference value :  3.00342e-07
 Reference value :  3.00764e-07
 Reference value :  3.01259e-07
 Reference value :  3.01653e-07
 Reference value :  3.02055e-07
 Reference value :  3.02215e-07
 Reference value :  3.02785e-07
 Reference value :  3.03524e-07
 Reference value :  3.04036e-07
 Reference value :  3.04530e-07
 Reference value :  3.04990e-07
 Reference value :  3.05311e-07
 Reference value :  3.05601e-07
 Reference value :  3.06004e-07
 Reference value :  3.06516e-07
 Reference value :  3.07132e-07
 Reference value :  3.07608e-07
 Reference value :  3.08144e-07
 Reference value :  3.08655e-07
 Reference value :  3.09069e-07
 Reference value :  3.09450e-07
 Reference value :  3.09860e-07
 Reference value :  3.10223e-07
 Reference value :  3.10784e-07
 Reference value :  3.11246e-07
 Reference value :  3.11708e-07
 Reference value :  3.12061e-07
 Reference value :  3.12722e-07
 Reference value :  3.13185e-07
 Reference value :  3.13667e-07
 Reference value :  3.14100e-07
 Reference value :  3.14633e-07
 Reference value :  3.15091e-07
 Reference value :  3.15757e-07
 Reference value :  3.15999e-07
 Reference value :  3.16502e-07
 Reference value :  3.16952e-07
 Reference value :  3.17472e-07
 Reference value :  3.17880e-07
 Reference value :  3.18266e-07
 Reference value :  3.18571e-07
 Reference value :  3.18892e-07
 Reference value :  3.19424e-07
 Reference value :  3.19797e-07
 Reference value :  3.20175e-07
 Reference value :  3.20716e-07
 Reference value :  3.21169e-07
 Reference value :  3.21616e-07
 Reference value :  3.21921e-07
 Reference value :  3.22363e-07
 Reference value :  3.22899e-07
 Reference value :  3.23542e-07
 Reference value :  3.23945e-07
 Reference value :  3.24570e-07
 Reference value :  3.24881e-07
 Reference value :  3.25104e-07
 Reference value :  3.25720e-07
 Reference value :  3.26325e-07
 Reference value :  3.26740e-07
 Reference value :  3.27153e-07
 Reference value :  3.27454e-07
 Reference value :  3.27657e-07
 Reference value :  3.28010e-07
 Reference value :  3.28733e-07
 Reference value :  3.29279e-07
 Reference value :  3.29686e-07
 Reference value :  3.30003e-07
 Reference value :  3.30439e-07
 Reference value :  3.30820e-07
 Reference value :  3.31408e-07
 Reference value :  3.31852e-07
 Reference value :  3.32428e-07
 Reference value :  3.32619e-07
 Reference value :  3.32809e-07
 Reference value :  3.33346e-07
 Reference value :  3.33792e-07
 Reference value :  3.34280e-07
 Reference value :  3.34564e-07
 Reference value :  3.34770e-07
 Reference value :  3.35308e-07
 Reference value :  3.35756e-07
 Reference value :  3.36308e-07
 Reference value :  3.36771e-07
 Reference value :  3.37107e-07
 Reference value :  3.37708e-07
 Reference value :  3.37839e-07
 Reference value :  3.38417e-07
 Reference value :  3.38822e-07
 Reference value :  3.39523e-07
 Reference value :  3.39908e-07
 Reference value :  3.40385e-07
 Reference value :  3.40712e-07
 Reference value :  3.40827e-07
 Reference value :  3.41291e-07
 Reference value :  3.41724e-07
 Reference value :  3.42207e-07
 Reference value :  3.42710e-07
 Reference value :  3.43341e-07
 Reference value :  3.43903e-07
 Reference value :  3.44590e-07
 Reference value :  3.44973e-07
 Reference value :  3.45536e-07
 Reference value :  3.45861e-07
 Reference value :  3.46218e-07
 Reference value :  3.46447e-07
 Reference value :  3.47019e-07
 Reference value :  3.47497e-07
 Reference value :  3.47959e-07
 Reference value :  3.48473e-07
 Reference value :  3.48812e-07
 Reference value :  3.49048e-07
 Reference value :  3.49384e-07
 Reference value :  3.49751e-07
 Reference value :  3.50257e-07
 Reference value :  3.50765e-07
 Reference value :  3.51367e-07
 Reference value :  3.51446e-07
 Reference value :  3.51640e-07
 Reference value :  3.52222e-07
 Reference value :  3.52712e-07
 Reference value :  3.53320e-07
 Reference value :  3.53686e-07
 Reference value :  3.53917e-07
 Reference value :  3.54580e-07
 Reference value :  3.55041e-07
 Reference value :  3.55458e-07
 Reference value :  3.55885e-07
 Reference value :  3.56405e-07
 Reference value :  3.56752e-07
 Reference value :  3.57123e-07
 Reference value :  3.57677e-07
 Reference value :  3.58182e-07
 Reference value :  3.58644e-07
 Reference value :  3.59109e-07
 Reference value :  3.59436e-07
 Reference value :  3.59943e-07
 Reference value :  3.60514e-07
 Reference value :  3.60911e-07
 Reference value :  3.61365e-07
 Reference value :  3.61760e-07
 Reference value :  3.62088e-07
 Reference value :  3.62583e-07
 Reference value :  3.63215e-07
 Reference value :  3.63600e-07
 Reference value :  3.63746e-07
 Reference value :  3.64235e-07
 Reference value :  3.64671e-07
 Reference value :  3.65264e-07
 Reference value :  3.65692e-07
 Reference value :  3.66230e-07
 Reference value :  3.66539e-07
 Reference value :  3.67127e-07
 Reference value :  3.67548e-07
 Reference value :  3.68168e-07
 Reference value :  3.68594e-07
 Reference value :  3.68995e-07
 Reference value :  3.69260e-07
 Reference value :  3.69586e-07
 Reference value :  3.70090e-07
 Reference value :  3.70496e-07
 Reference value :  3.70990e-07
 Reference value :  3.71372e-07
 Reference value :  3.71704e-07
 Reference value :  3.72090e-07
 Reference value :  3.72575e-07
 Reference value :  3.73040e-07
 Reference value :  3.73442e-07
 Reference value :  3.73966e-07
 Reference value :  3.74207e-07
 Reference value :  3.74649e-07
 Reference value :  3.75199e-07
 Reference value :  3.75921e-07
 Reference value :  3.76411e-07
 Reference value :  3.77023e-07
 Reference value :  3.77354e-07
 Reference value :  3.77535e-07
 Reference value :  3.78024e-07
 Reference value :  3.78476e-07
 Reference value :  3.78997e-07
 Reference value :  3.79417e-07
 Reference value :  3.79969e-07
 Reference value :  3.80133e-07
 Reference value :  3.80628e-07
 Reference value :  3.81047e-07
 Reference value :  3.81433e-07
 Reference value :  3.81946e-07
 Reference value :  3.82418e-07
 Reference value :  3.82847e-07
 Reference value :  3.83158e-07
 Reference value :  3.83561e-07
 Reference value :  3.84034e-07
 Reference value :  3.84464e-07
 Reference value :  3.85070e-07
 Reference value :  3.85641e-07
 Reference value :  3.85947e-07
 Reference value :  3.86441e-07
 Reference value :  3.86994e-07
 Reference value :  3.87465e-07
 Reference value :  3.88043e-07
 Reference value :  3.88386e-07
 Reference value :  3.88847e-07
 Reference value :  3.89215e-07
 Reference value :  3.89879e-07
 Reference value :  3.90319e-07
 Reference value :  3.90923e-07
 Reference value :  3.91001e-07
 Reference value :  3.91594e-07
 Reference value :  3.92201e-07
 Reference value :  3.92835e-07
 Reference value :  3.93126e-07
 Reference value :  3.93543e-07
 Reference value :  3.93909e-07
 Reference value :  3.94400e-07
 Reference value :  3.94847e-07
 Reference value :  3.95347e-07
 Reference value :  3.95867e-07
 Reference value :  3.96324e-07
 Reference value :  3.96619e-07
 Reference value :  3.97097e-07
 Reference value :  3.97569e-07
 Reference value :  3.97816e-07
 Reference value :  3.97971e-07
 Reference value :  3.98408e-07
 Reference value :  3.98808e-07
 Reference value :  3.98952e-07
 Reference value :  3.99558e-07
 Reference value :  3.99915e-07
 Reference value :  4.00309e-07
 Reference value :  4.00731e-07
 Reference value :  4.01000e-07
 Reference value :  4.01323e-07
 Reference value :  4.01876e-07
 Reference value :  4.02272e-07
 Reference value :  4.02805e-07
 Reference value :  4.03334e-07
 Reference value :  4.03731e-07
 Reference value :  4.04052e-07
 Reference value :  4.04246e-07
 Reference value :  4.04764e-07
 Reference value :  4.05264e-07
 Reference value :  4.05761e-07
 Reference value :  4.06377e-07
 Reference value :  4.06884e-07
 Reference value :  4.07232e-07
 Reference value :  4.07580e-07
 Reference value :  4.08297e-07
 Reference value :  4.08771e-07
 Reference value :  4.09193e-07
 Reference value :  4.09706e-07
 Reference value :  4.09818e-07
 Reference value :  4.10240e-07
 Reference value :  4.10816e-07
 Reference value :  4.11201e-07
 Reference value :  4.11736e-07
 Reference value :  4.12030e-07
 Reference value :  4.12569e-07
 Reference value :  4.12924e-07
 Reference value :  4.13360e-07
 Reference value :  4.13843e-07
 Reference value :  4.14223e-07
 Reference value :  4.14701e-07
 Reference value :  4.14959e-07
 Reference value :  4.15520e-07
 Reference value :  4.16001e-07
 Reference value :  4.16478e-07
 Reference value :  4.16860e-07
 Reference value :  4.17118e-07
 Reference value :  4.17618e-07
 Reference value :  4.18199e-07
 Reference value :  4.18619e-07
 Reference value :  4.19092e-07
 Reference value :  4.19599e-07
 Reference value :  4.19746e-07
 Reference value :  4.20066e-07
 Reference value :  4.20666e-07
 Reference value :  4.21078e-07
 Reference value :  4.21676e-07
 Reference value :  4.21954e-07
 Reference value :  4.22166e-07
 Reference value :  4.22695e-07
 Reference value :  4.23105e-07
 Reference value :  4.23653e-07
 Reference value :  4.24153e-07
 Reference value :  4.24892e-07
 Reference value :  4.25169e-07
 Reference value :  4.25621e-07
 Reference value :  4.25944e-07
 Reference value :  4.26578e-07
 Reference value :  4.27023e-07
 Reference value :  4.27685e-07
 Reference value :  4.28057e-07
 Reference value :  4.28463e-07
 Reference value :  4.29005e-07
 Reference value :  4.29511e-07
 Reference value :  4.29907e-07
 Reference value :  4.30485e-07
 Reference value :  4.30992e-07
 Reference value :  4.31526e-07
 Reference value :  4.32038e-07
 Reference value :  4.32570e-07
 Reference value :  4.33100e-07
 Reference value :  4.33566e-07
 Reference value :  4.34106e-07
 Reference value :  4.34510e-07
 Reference value :  4.34950e-07
 Reference value :  4.35512e-07
 Reference value :  4.35990e-07
 Reference value :  4.36562e-07
 Reference value :  4.36990e-07
 Reference value :  4.37543e-07
 Reference value :  4.38113e-07
 Reference value :  4.38674e-07
 Reference value :  4.39205e-07
 Reference value :  4.39761e-07
 Reference value :  4.40192e-07
 Reference value :  4.40711e-07
 Reference value :  4.41125e-07
 Reference value :  4.41553e-07
 Reference value :  4.42081e-07
 Reference value :  4.42610e-07
 Reference value :  4.42962e-07
 Reference value :  4.43448e-07
 Reference value :  4.43936e-07
 Reference value :  4.44492e-07
 Reference value :  4.44935e-07
 Reference value :  4.45530e-07
 Reference value :  4.46012e-07
 Reference value :  4.46495e-07
 Reference value :  4.46665e-07
 Reference value :  4.47164e-07
 Reference value :  4.47739e-07
 Reference value :  4.48219e-07
 Reference value :  4.48736e-07
 Reference value :  4.49364e-07
 Reference value :  4.49849e-07
 Reference value :  4.50204e-07
 Reference value :  4.50717e-07
 Reference value :  4.51240e-07
 Reference value :  4.51832e-07
 Reference value :  4.52414e-07
 Reference value :  4.52826e-07
 Reference value :  4.53449e-07
 Reference value :  4.53840e-07
 Reference value :  4.54399e-07
 Reference value :  4.54626e-07
 Reference value :  4.54998e-07
 Reference value :  4.55586e-07
 Reference value :  4.56058e-07
 Reference value :  4.56743e-07
 Reference value :  4.57317e-07
 Reference value :  4.57834e-07
 Reference value :  4.58369e-07
 Reference value :  4.58833e-07
 Reference value :  4.59378e-07
 Reference value :  4.59854e-07
 Reference value :  4.60333e-07
 Reference value :  4.60808e-07
 Reference value :  4.61272e-07
 Reference value :  4.61826e-07
 Reference value :  4.62518e-07
 Reference value :  4.62908e-07
 Reference value :  4.63553e-07
 Reference value :  4.63972e-07
 Reference value :  4.64492e-07
 Reference value :  4.64967e-07
 Reference value :  4.65623e-07
 Reference value :  4.66056e-07
 Reference value :  4.66548e-07
 Reference value :  4.67058e-07
 Reference value :  4.67587e-07
 Reference value :  4.67734e-07
 Reference value :  4.68234e-07
 Reference value :  4.68762e-07
 Reference value :  4.69362e-07
 Reference value :  4.69817e-07
 Reference value :  4.70410e-07
 Reference value :  4.70832e-07
 Reference value :  4.71356e-07
 Reference value :  4.71805e-07
 Reference value :  4.72391e-07
 Reference value :  4.72853e-07
 Reference value :  4.73499e-07
 Reference value :  4.73955e-07
 Reference value :  4.74534e-07
 Reference value :  4.75064e-07
 Reference value :  4.75576e-07
 Reference value :  4.75868e-07
 Reference value :  4.76482e-07
 Reference value :  4.76957e-07
 Reference value :  4.77507e-07
 Reference value :  4.78028e-07
 Reference value :  4.78556e-07
 Reference value :  4.78895e-07
 Reference value :  4.79361e-07
 Reference value :  4.79850e-07
 Reference value :  4.80285e-07
 Reference value :  4.80774e-07
 Reference value :  4.81511e-07
 Reference value :  4.81938e-07
 Reference value :  4.82421e-07
 Reference value :  4.82867e-07
 Reference value :  4.83445e-07
 Reference value :  4.83937e-07
 Reference value :  4.84469e-07
 Reference value :  4.84848e-07
 Reference value :  4.85521e-07
 Reference value :  4.85808e-07
 Reference value :  4.86340e-07
 Reference value :  4.86641e-07
 Reference value :  4.87136e-07
 Reference value :  4.87629e-07
 Reference value :  4.88113e-07
 Reference value :  4.88632e-07
 Reference value :  4.89145e-07
 Reference value :  4.89607e-07
 Reference value :  4.90121e-07
 Reference value :  4.90588e-07
 Reference value :  4.91149e-07
 Reference value :  4.91659e-07
 Reference value :  4.92173e-07
 Reference value :  4.92756e-07
 Reference value :  4.93236e-07
 Reference value :  4.93647e-07
 Reference value :  4.94157e-07
 Reference value :  4.94621e-07
 Reference value :  4.95151e-07
 Reference value :  4.95765e-07
 Reference value :  4.96323e-07
 Reference value :  4.96684e-07
 Reference value :  4.97359e-07
 Reference value :  4.97862e-07
 Reference value :  4.98281e-07
 Reference value :  4.98815e-07
 Reference value :  4.99426e-07
 Reference value :  4.99934e-07
 Reference value :  5.00334e-07
 Reference value :  5.00914e-07
 Reference value :  5.01417e-07
 Reference value :  5.02033e-07
 Reference value :  5.02481e-07
 Reference value :  5.03069e-07
 Reference value :  5.03507e-07
 Reference value :  5.04089e-07
 Reference value :  5.04539e-07
 Reference value :  5.05166e-07
 Reference value :  5.05683e-07
 Reference value :  5.06292e-07
 Reference value :  5.06815e-07
 Reference value :  5.07403e-07
 Reference value :  5.07786e-07
 Reference value :  5.08294e-07
 Reference value :  5.08815e-07
 Reference value :  5.09390e-07
 Reference value :  5.09720e-07
 Reference value :  5.10245e-07
 Reference value :  5.10618e-07
 Reference value :  5.11195e-07
 Reference value :  5.11789e-07
 Reference value :  5.12165e-07
 Reference value :  5.12541e-07
 Reference value :  5.13049e-07
 Reference value :  5.13544e-07
 Reference value :  5.14170e-07
 Reference value :  5.14818e-07
 Reference value :  5.15444e-07
 Reference value :  5.15960e-07
 Reference value :  5.16514e-07
 Reference value :  5.16965e-07
 Reference value :  5.17513e-07
 Reference value :  5.18071e-07
 Reference value :  5.18553e-07
 Reference value :  5.19335e-07
 Reference value :  5.19966e-07
 Reference value :  5.20486e-07
 Reference value :  5.21368e-07
 Reference value :  5.21965e-07
 Reference value :  5.22579e-07
 Reference value :  5.23386e-07
 Reference value :  5.23840e-07
 Reference value :  5.24232e-07
 Reference value :  5.24726e-07
 Reference value :  5.25298e-07
 Reference value :  5.25869e-07
 Reference value :  5.26434e-07
 Reference value :  5.27019e-07
 Reference value :  5.27499e-07
 Reference value :  5.28138e-07
 Reference value :  5.28678e-07
 Reference value :  5.29276e-07
 Reference value :  5.29834e-07
 Reference value :  5.30298e-07
 Reference value :  5.30627e-07
 Reference value :  5.31232e-07
 Reference value :  5.31751e-07
 Reference value :  5.32351e-07
 Reference value :  5.33109e-07
 Reference value :  5.33647e-07
 Reference value :  5.34289e-07
 Reference value :  5.35032e-07
 Reference value :  5.35651e-07
 Reference value :  5.36228e-07
 Reference value :  5.36936e-07
 Reference value :  5.37435e-07
 Reference value :  5.38156e-07
 Reference value :  5.38769e-07
 Reference value :  5.39389e-07
 Reference value :  5.39968e-07
 Reference value :  5.40434e-07
 Reference value :  5.41036e-07
 Reference value :  5.41525e-07
 Reference value :  5.42165e-07
 Reference value :  5.42696e-07
 Reference value :  5.43335e-07
 Reference value :  5.43873e-07
 Reference value :  5.44344e-07
 Reference value :  5.44833e-07
 Reference value :  5.45413e-07
 Reference value :  5.45992e-07
 Reference value :  5.46445e-07
 Reference value :  5.47130e-07
 Reference value :  5.47751e-07
 Reference value :  5.47941e-07
 Reference value :  5.48527e-07
 Reference value :  5.49054e-07
 Reference value :  5.49568e-07
 Reference value :  5.50134e-07
 Reference value :  5.50870e-07
 Reference value :  5.51340e-07
 Reference value :  5.51876e-07
 Reference value :  5.52326e-07
 Reference value :  5.52978e-07
 Reference value :  5.53472e-07
 Reference value :  5.53994e-07
 Reference value :  5.54446e-07
 Reference value :  5.54975e-07
 Reference value :  5.55468e-07
 Reference value :  5.56045e-07
 Reference value :  5.56472e-07
 Reference value :  5.56961e-07
 Reference value :  5.57419e-07
 Reference value :  5.57996e-07
 Reference value :  5.58457e-07
 Reference value :  5.59007e-07
 Reference value :  5.59396e-07
 Reference value :  5.59905e-07
 Reference value :  5.60342e-07
 Reference value :  5.60971e-07
 Reference value :  5.61486e-07
 Reference value :  5.62149e-07
 Reference value :  5.62791e-07
 Reference value :  5.63384e-07
 Reference value :  5.63908e-07
 Reference value :  5.64289e-07
 Reference value :  5.64801e-07
 Reference value :  5.64942e-07
 Reference value :  5.65517e-07
 Reference value :  5.66209e-07
 Reference value :  5.66723e-07
 Reference value :  5.67220e-07
 Reference value :  5.67663e-07
 Reference value :  5.68229e-07
 Reference value :  5.68642e-07
 Reference value :  5.69282e-07
 Reference value :  5.69904e-07
 Reference value :  5.70386e-07
 Reference value :  5.71028e-07
 Reference value :  5.71381e-07
 Reference value :  5.71886e-07
 Reference value :  5.72375e-07
 Reference value :  5.72909e-07
 Reference value :  5.73358e-07
 Reference value :  5.73867e-07
 Reference value :  5.74435e-07
 Reference value :  5.74997e-07
 Reference value :  5.75427e-07
 Reference value :  5.75920e-07
 Reference value :  5.76430e-07
 Reference value :  5.76941e-07
 Reference value :  5.77469e-07
 Reference value :  5.78019e-07
 Reference value :  5.78538e-07
 Reference value :  5.79109e-07
 Reference value :  5.79688e-07
 Reference value :  5.80090e-07
 Reference value :  5.80430e-07
 Reference value :  5.80947e-07
 Reference value :  5.81490e-07
 Reference value :  5.81990e-07
 Reference value :  5.82410e-07
 Reference value :  5.83026e-07
 Reference value :  5.83423e-07
 Reference value :  5.84060e-07
 Reference value :  5.84427e-07
 Reference value :  5.85001e-07
 Reference value :  5.85322e-07
 Reference value :  5.85830e-07
 Reference value :  5.86330e-07
 Reference value :  5.86798e-07
 Reference value :  5.87245e-07
 Reference value :  5.87858e-07
 Reference value :  5.88267e-07
 Reference value :  5.88774e-07
 Reference value :  5.89386e-07
 Reference value :  5.89825e-07
 Reference value :  5.90340e-07
 Reference value :  5.91002e-07
 Reference value :  5.91364e-07
 Reference value :  5.91776e-07
 Reference value :  5.92244e-07
 Reference value :  5.92424e-07
 Reference value :  5.92863e-07
 Reference value :  5.93359e-07
 Reference value :  5.94021e-07
 Reference value :  5.94749e-07
 Reference value :  5.95513e-07
 Reference value :  5.96044e-07
 Reference value :  5.96735e-07
 Reference value :  5.97434e-07
 Reference value :  5.98110e-07
 Reference value :  5.98625e-07
 Reference value :  5.99152e-07
 Reference value :  5.99619e-07
 Reference value :  6.00009e-07
 Reference value :  6.00558e-07
 Reference value :  6.01021e-07
 Reference value :  6.01338e-07
 Reference value :  6.01863e-07
 Reference value :  6.02458e-07
 Reference value :  6.02984e-07
 Reference value :  6.03364e-07
 Reference value :  6.03709e-07
 Reference value :  6.04430e-07
 Reference value :  6.05014e-07
 Reference value :  6.05532e-07
 Reference value :  6.05985e-07
 Reference value :  6.06621e-07
 Reference value :  6.07090e-07
 Reference value :  6.07719e-07
 Reference value :  6.08264e-07
 Reference value :  6.08773e-07
 Reference value :  6.09274e-07
 Reference value :  6.09916e-07
 Reference value :  6.10306e-07
 Reference value :  6.10783e-07
 Reference value :  6.11449e-07
 Reference value :  6.11911e-07
 Reference value :  6.12281e-07
 Reference value :  6.12914e-07
 Reference value :  6.13433e-07
 Reference value :  6.13886e-07
 Reference value :  6.14104e-07
 Reference value :  6.14817e-07
 Reference value :  6.15245e-07
 Reference value :  6.15761e-07
 Reference value :  6.16157e-07
 Reference value :  6.16851e-07
 Reference value :  6.17219e-07
 Reference value :  6.17693e-07
 Reference value :  6.18356e-07
 Reference value :  6.18874e-07
 Reference value :  6.19370e-07
 Reference value :  6.19878e-07
 Reference value :  6.20408e-07
 Reference value :  6.20986e-07
 Reference value :  6.21601e-07
 Reference value :  6.22018e-07
 Reference value :  6.22637e-07
 Reference value :  6.23052e-07
 Reference value :  6.23695e-07
 Reference value :  6.24094e-07
 Reference value :  6.24779e-07
 Reference value :  6.25440e-07
 Reference value :  6.25806e-07
 Reference value :  6.26396e-07
 Reference value :  6.26785e-07
 Reference value :  6.27326e-07
 Reference value :  6.27824e-07
 Reference value :  6.28385e-07
 Reference value :  6.28848e-07
 Reference value :  6.29419e-07
 Reference value :  6.29908e-07
 Reference value :  6.30538e-07
 Reference value :  6.30893e-07
 Reference value :  6.31447e-07
 Reference value :  6.31970e-07
 Reference value :  6.32426e-07
 Reference value :  6.33046e-07
 Reference value :  6.33603e-07
 Reference value :  6.34192e-07
 Reference value :  6.34683e-07
 Reference value :  6.35251e-07
 Reference value :  6.35829e-07
 Reference value :  6.36483e-07
 Reference value :  6.36891e-07
 Reference value :  6.37445e-07
 Reference value :  6.37563e-07
 Reference value :  6.37904e-07
 Reference value :  6.38546e-07
 Reference value :  6.38851e-07
 Reference value :  6.39340e-07
 Reference value :  6.39827e-07
 Reference value :  6.40384e-07
 Reference value :  6.40889e-07
 Reference value :  6.41468e-07
 Reference value :  6.41886e-07
 Reference value :  6.42502e-07
 Reference value :  6.43056e-07
 Reference value :  6.43786e-07
 Reference value :  6.44117e-07
 Reference value :  6.44686e-07
 Reference value :  6.45256e-07
 Reference value :  6.45725e-07
 Reference value :  6.46265e-07
 Reference value :  6.46906e-07
 Reference value :  6.47484e-07
 Reference value :  6.48250e-07
 Reference value :  6.48634e-07
 Reference value :  6.49100e-07
 Reference value :  6.49396e-07
 Reference value :  6.49969e-07
 Reference value :  6.50460e-07
 Reference value :  6.50997e-07
 Reference value :  6.51620e-07
 Reference value :  6.52022e-07
 Reference value :  6.52516e-07
 Reference value :  6.53124e-07
 Reference value :  6.53528e-07
 Reference value :  6.53957e-07
 Reference value :  6.54672e-07
 Reference value :  6.55412e-07
 Reference value :  6.55724e-07
 Reference value :  6.56416e-07
 Reference value :  6.57025e-07
 Reference value :  6.57573e-07
 Reference value :  6.58015e-07
 Reference value :  6.58643e-07
 Reference value :  6.59204e-07
 Reference value :  6.59674e-07
 Reference value :  6.60147e-07
 Reference value :  6.60718e-07
 Reference value :  6.61221e-07
 Reference value :  6.61338e-07
 Reference value :  6.61810e-07
 Reference value :  6.62215e-07
 Reference value :  6.62732e-07
 Reference value :  6.63399e-07
 Reference value :  6.63977e-07
 Reference value :  6.64615e-07
 Reference value :  6.65197e-07
 Reference value :  6.65949e-07
 Reference value :  6.66740e-07
 Reference value :  6.67464e-07
 Reference value :  6.68019e-07
 Reference value :  6.68732e-07
 Reference value :  6.69310e-07
 Reference value :  6.69814e-07
 Reference value :  6.70444e-07
 Reference value :  6.70907e-07
 Reference value :  6.71497e-07
 Reference value :  6.71943e-07
 Reference value :  6.72594e-07
 Reference value :  6.73175e-07
 Reference value :  6.73732e-07
 Reference value :  6.74262e-07
 Reference value :  6.74758e-07
 Reference value :  6.75251e-07
 Reference value :  6.75842e-07
 Reference value :  6.76255e-07
 Reference value :  6.76922e-07
 Reference value :  6.77477e-07
 Reference value :  6.78422e-07
 Reference value :  6.78921e-07
 Reference value :  6.79420e-07
 Reference value :  6.79895e-07
 Reference value :  6.80541e-07
 Reference value :  6.81285e-07
 Reference value :  6.81794e-07
 Reference value :  6.82392e-07
 Reference value :  6.82972e-07
 Reference value :  6.83621e-07
 Reference value :  6.83915e-07
 Reference value :  6.84498e-07
 Reference value :  6.84810e-07
 Reference value :  6.85310e-07
 Reference value :  6.85759e-07
 Reference value :  6.86312e-07
 Reference value :  6.86814e-07
 Reference value :  6.87378e-07
 Reference value :  6.87794e-07
 Reference value :  6.88383e-07
 Reference value :  6.88792e-07
 Reference value :  6.89351e-07
 Reference value :  6.89787e-07
 Reference value :  6.90368e-07
 Reference value :  6.90896e-07
 Reference value :  6.91510e-07
 Reference value :  6.92170e-07
 Reference value :  6.92708e-07
 Reference value :  6.93330e-07
 Reference value :  6.93842e-07
 Reference value :  6.94334e-07
 Reference value :  6.94795e-07
 Reference value :  6.95266e-07
 Reference value :  6.95780e-07
 Reference value :  6.96259e-07
 Reference value :  6.96745e-07
 Reference value :  6.97315e-07
 Reference value :  6.97702e-07
 Reference value :  6.98258e-07
 Reference value :  6.98668e-07
 Reference value :  6.99257e-07
 Reference value :  6.99657e-07
 Reference value :  7.00146e-07
 Reference value :  7.00537e-07
 Reference value :  7.01053e-07
 Reference value :  7.01387e-07
 Reference value :  7.01761e-07
 Reference value :  7.02249e-07
 Reference value :  7.02701e-07
 Reference value :  7.03234e-07
 Reference value :  7.03657e-07
 Reference value :  7.04221e-07
 Reference value :  7.04721e-07
 Reference value :  7.05351e-07
 Reference value :  7.05854e-07
 Reference value :  7.06524e-07
 Reference value :  7.07003e-07
 Reference value :  7.07529e-07
 Reference value :  7.08139e-07
 Reference value :  7.08591e-07
 Reference value :  7.09133e-07
 Reference value :  7.09659e-07
 Reference value :  7.10323e-07
 Reference value :  7.10793e-07
 Reference value :  7.11176e-07
 Reference value :  7.11558e-07
 Reference value :  7.12070e-07
 Reference value :  7.12640e-07
 Reference value :  7.13202e-07
 Reference value :  7.13721e-07
 Reference value :  7.14433e-07
 Reference value :  7.14982e-07
 Reference value :  7.15158e-07
 Reference value :  7.15711e-07
 Reference value :  7.16230e-07
 Reference value :  7.16746e-07
 Reference value :  7.17274e-07
 Reference value :  7.17936e-07
 Reference value :  7.18347e-07
 Reference value :  7.19080e-07
 Reference value :  7.19728e-07
 Reference value :  7.20403e-07
 Reference value :  7.20992e-07
 Reference value :  7.21427e-07
 Reference value :  7.22058e-07
 Reference value :  7.22466e-07
 Reference value :  7.23035e-07
 Reference value :  7.23459e-07
 Reference value :  7.24015e-07
 Reference value :  7.24628e-07
 Reference value :  7.25382e-07
 Reference value :  7.26209e-07
 Reference value :  7.26955e-07
 Reference value :  7.27344e-07
 Reference value :  7.27914e-07
 Reference value :  7.28471e-07
 Reference value :  7.29049e-07
 Reference value :  7.29563e-07
 Reference value :  7.30109e-07
 Reference value :  7.30698e-07
 Reference value :  7.31065e-07
 Reference value :  7.31504e-07
 Reference value :  7.32123e-07
 Reference value :  7.32618e-07
 Reference value :  7.33167e-07
 Reference value :  7.33772e-07
 Reference value :  7.34305e-07
 Reference value :  7.34884e-07
 Reference value :  7.35334e-07
 Reference value :  7.35896e-07
 Reference value :  7.36376e-07
 Reference value :  7.36976e-07
 Reference value :  7.37499e-07
 Reference value :  7.37975e-07
 Reference value :  7.38363e-07
 Reference value :  7.38953e-07
 Reference value :  7.39333e-07
 Reference value :  7.39869e-07
 Reference value :  7.40341e-07
 Reference value :  7.40864e-07
 Reference value :  7.41329e-07
 Reference value :  7.41864e-07
 Reference value :  7.42249e-07
 Reference value :  7.42792e-07
 Reference value :  7.42934e-07
 Reference value :  7.43543e-07
 Reference value :  7.44112e-07
 Reference value :  7.44508e-07
 Reference value :  7.45132e-07
 Reference value :  7.45531e-07
 Reference value :  7.46221e-07
 Reference value :  7.46665e-07
 Reference value :  7.47230e-07
 Reference value :  7.47781e-07
 Reference value :  7.48231e-07
 Reference value :  7.48812e-07
 Reference value :  7.49195e-07
 Reference value :  7.49777e-07
 Reference value :  7.50229e-07
 Reference value :  7.50794e-07
 Reference value :  7.51358e-07
 Reference value :  7.51815e-07
 Reference value :  7.52405e-07
 Reference value :  7.52962e-07
 Reference value :  7.53461e-07
 Reference value :  7.53971e-07
 Reference value :  7.54359e-07
 Reference value :  7.54619e-07
 Reference value :  7.55071e-07
 Reference value :  7.55452e-07
 Reference value :  7.56150e-07
 Reference value :  7.56709e-07
 Reference value :  7.57232e-07
 Reference value :  7.57810e-07
 Reference value :  7.58221e-07
 Reference value :  7.58671e-07
 Reference value :  7.59106e-07
 Reference value :  7.59663e-07
 Reference value :  7.59708e-07
 Reference value :  7.60065e-07
 Reference value :  7.60651e-07
 Reference value :  7.61017e-07
 Reference value :  7.61603e-07
 Reference value :  7.62080e-07
 Reference value :  7.62510e-07
 Reference value :  7.62986e-07
 Reference value :  7.63316e-07
 Reference value :  7.63981e-07
 Reference value :  7.64422e-07
 Reference value :  7.64892e-07
 Reference value :  7.65506e-07
 Reference value :  7.65945e-07
 Reference value :  7.66418e-07
 Reference value :  7.66761e-07
 Reference value :  7.67041e-07
 Reference value :  7.67613e-07
 Reference value :  7.68136e-07
 Reference value :  7.68779e-07
 Reference value :  7.69310e-07
 Reference value :  7.69981e-07
 Reference value :  7.70362e-07
 Reference value :  7.70832e-07
 Reference value :  7.71177e-07
 Reference value :  7.71618e-07
 Reference value :  7.72217e-07
 Reference value :  7.72675e-07
 Reference value :  7.73191e-07
 Reference value :  7.73742e-07
 Reference value :  7.74245e-07
 Reference value :  7.74838e-07
 Reference value :  7.75264e-07
 Reference value :  7.75671e-07
 Reference value :  7.76301e-07
 Reference value :  7.76891e-07
 Reference value :  7.77528e-07
 Reference value :  7.77959e-07
 Reference value :  7.78475e-07
 Reference value :  7.78939e-07
 Reference value :  7.79429e-07
 Reference value :  7.79864e-07
 Reference value :  7.80391e-07
 Reference value :  7.80573e-07
 Reference value :  7.81100e-07
 Reference value :  7.81729e-07
 Reference value :  7.82180e-07
 Reference value :  7.82811e-07
 Reference value :  7.83397e-07
 Reference value :  7.83844e-07
 Reference value :  7.84393e-07
 Reference value :  7.84805e-07
 Reference value :  7.85203e-07
 Reference value :  7.85655e-07
 Reference value :  7.85984e-07
 Reference value :  7.86442e-07
 Reference value :  7.86876e-07
 Reference value :  7.87383e-07
 Reference value :  7.87894e-07
 Reference value :  7.88393e-07
 Reference value :  7.88866e-07
 Reference value :  7.89438e-07
 Reference value :  7.89843e-07
 Reference value :  7.90365e-07
 Reference value :  7.90888e-07
 Reference value :  7.91409e-07
 Reference value :  7.91909e-07
 Reference value :  7.92571e-07
 Reference value :  7.93207e-07
 Reference value :  7.93750e-07
 Reference value :  7.94227e-07
 Reference value :  7.94758e-07
 Reference value :  7.95316e-07
 Reference value :  7.95844e-07
 Reference value :  7.96434e-07
 Reference value :  7.96904e-07
 Reference value :  7.97478e-07
 Reference value :  7.97881e-07
 Reference value :  7.98478e-07
 Reference value :  7.98891e-07
 Reference value :  7.99324e-07
 Reference value :  7.99897e-07
 Reference value :  8.00423e-07
 Reference value :  8.00859e-07
 Reference value :  8.01329e-07
 Reference value :  8.01790e-07
 Reference value :  8.02322e-07
 Reference value :  8.02841e-07
 Reference value :  8.03420e-07
 Reference value :  8.04015e-07
 Reference value :  8.04492e-07
 Reference value :  8.04912e-07
 Reference value :  8.05552e-07
 Reference value :  8.05921e-07
 Reference value :  8.06395e-07
 Reference value :  8.06750e-07
 Reference value :  8.07461e-07
 Reference value :  8.07787e-07
 Reference value :  8.08382e-07
 Reference value :  8.08883e-07
 Reference value :  8.09355e-07
 Reference value :  8.09827e-07
 Reference value :  8.10406e-07
 Reference value :  8.10850e-07
 Reference value :  8.11321e-07
 Reference value :  8.11818e-07
 Reference value :  8.12386e-07
 Reference value :  8.12849e-07
 Reference value :  8.13539e-07
 Reference value :  8.13905e-07
 Reference value :  8.14322e-07
 Reference value :  8.14758e-07
 Reference value :  8.15346e-07
 Reference value :  8.15695e-07
 Reference value :  8.16082e-07
 Reference value :  8.16583e-07
 Reference value :  8.17130e-07
 Reference value :  8.17530e-07
 Reference value :  8.18100e-07
 Reference value :  8.18523e-07
 Reference value :  8.19072e-07
 Reference value :  8.19565e-07
 Reference value :  8.20115e-07
 Reference value :  8.20590e-07
 Reference value :  8.21248e-07
 Reference value :  8.21695e-07
 Reference value :  8.22232e-07
 Reference value :  8.22744e-07
 Reference value :  8.23218e-07
 Reference value :  8.23711e-07
 Reference value :  8.24256e-07
 Reference value :  8.24747e-07
 Reference value :  8.25336e-07
 Reference value :  8.25786e-07
 Reference value :  8.26358e-07
 Reference value :  8.26726e-07
 Reference value :  8.27421e-07
 Reference value :  8.27792e-07
 Reference value :  8.28406e-07
 Reference value :  8.29004e-07
 Reference value :  8.29546e-07
 Reference value :  8.30157e-07
 Reference value :  8.30837e-07
 Reference value :  8.31437e-07
 Reference value :  8.32107e-07
 Reference value :  8.32662e-07
 Reference value :  8.33403e-07
 Reference value :  8.33891e-07
 Reference value :  8.34404e-07
 Reference value :  8.34898e-07
 Reference value :  8.35177e-07
 Reference value :  8.35638e-07
 Reference value :  8.36140e-07
 Reference value :  8.36627e-07
 Reference value :  8.37161e-07
 Reference value :  8.37717e-07
 Reference value :  8.38114e-07
 Reference value :  8.38578e-07
 Reference value :  8.38999e-07
 Reference value :  8.39494e-07
 Reference value :  8.39954e-07
 Reference value :  8.40394e-07
 Reference value :  8.40980e-07
 Reference value :  8.41433e-07
 Reference value :  8.41992e-07
 Reference value :  8.42402e-07
 Reference value :  8.43036e-07
 Reference value :  8.43532e-07
 Reference value :  8.44205e-07
 Reference value :  8.44793e-07
 Reference value :  8.45156e-07
 Reference value :  8.45643e-07
 Reference value :  8.46229e-07
 Reference value :  8.46852e-07
 Reference value :  8.47374e-07
 Reference value :  8.48032e-07
 Reference value :  8.48878e-07
 Reference value :  8.49430e-07
 Reference value :  8.49925e-07
 Reference value :  8.50340e-07
 Reference value :  8.51013e-07
 Reference value :  8.51370e-07
 Reference value :  8.51818e-07
 Reference value :  8.52135e-07
 Reference value :  8.52782e-07
 Reference value :  8.53199e-07
 Reference value :  8.53632e-07
 Reference value :  8.54052e-07
 Reference value :  8.54644e-07
 Reference value :  8.55292e-07
 Reference value :  8.55816e-07
 Reference value :  8.56337e-07
 Reference value :  8.56851e-07
 Reference value :  8.57313e-07
 Reference value :  8.57845e-07
 Reference value :  8.58282e-07
 Reference value :  8.58806e-07
 Reference value :  8.59328e-07
 Reference value :  8.59818e-07
 Reference value :  8.60357e-07
 Reference value :  8.61102e-07
 Reference value :  8.61402e-07
 Reference value :  8.61963e-07
 Reference value :  8.62476e-07
 Reference value :  8.63219e-07
 Reference value :  8.63887e-07
 Reference value :  8.64426e-07
 Reference value :  8.64951e-07
 Reference value :  8.65441e-07
 Reference value :  8.65904e-07
 Reference value :  8.66192e-07
 Reference value :  8.66641e-07
 Reference value :  8.67218e-07
 Reference value :  8.67823e-07
 Reference value :  8.68267e-07
 Reference value :  8.68817e-07
 Reference value :  8.69311e-07
 Reference value :  8.69869e-07
 Reference value :  8.70389e-07
 Reference value :  8.70760e-07
 Reference value :  8.71111e-07
 Reference value :  8.71701e-07
 Reference value :  8.72203e-07
 Reference value :  8.72760e-07
 Reference value :  8.73399e-07
 Reference value :  8.73755e-07
 Reference value :  8.74130e-07
 Reference value :  8.74536e-07
 Reference value :  8.75202e-07
 Reference value :  8.75658e-07
 Reference value :  8.75941e-07
 Reference value :  8.76230e-07
 Reference value :  8.76776e-07
 Reference value :  8.77323e-07
 Reference value :  8.77835e-07
 Reference value :  8.78174e-07
 Reference value :  8.78824e-07
 Reference value :  8.79357e-07
 Reference value :  8.80046e-07
 Reference value :  8.80778e-07
 Reference value :  8.81088e-07
 Reference value :  8.81391e-07
 Reference value :  8.81765e-07
 Reference value :  8.82180e-07
 Reference value :  8.82630e-07
 Reference value :  8.83136e-07
 Reference value :  8.83725e-07
 Reference value :  8.84063e-07
 Reference value :  8.84115e-07
 Reference value :  8.84656e-07
 Reference value :  8.85206e-07
 Reference value :  8.85843e-07
 Reference value :  8.86249e-07
 Reference value :  8.86826e-07
 Reference value :  8.87336e-07
 Reference value :  8.87851e-07
 Reference value :  8.88228e-07
 Reference value :  8.88615e-07
 Reference value :  8.89062e-07
 Reference value :  8.89659e-07
 Reference value :  8.89761e-07
 Reference value :  8.90131e-07
 Reference value :  8.90684e-07
 Reference value :  8.91176e-07
 Reference value :  8.91604e-07
 Reference value :  8.92097e-07
 Reference value :  8.92602e-07
 Reference value :  8.93150e-07
 Reference value :  8.93691e-07
 Reference value :  8.93988e-07
 Reference value :  8.94135e-07
 Reference value :  8.94571e-07
 Reference value :  8.94936e-07
 Reference value :  8.95543e-07
 Reference value :  8.95973e-07
 Reference value :  8.96573e-07
 Reference value :  8.97000e-07
 Reference value :  8.97480e-07
 Reference value :  8.97785e-07
 Reference value :  8.98102e-07
 Reference value :  8.98562e-07
 Reference value :  8.99320e-07
 Reference value :  8.99986e-07
 Reference value :  9.00424e-07
 Reference value :  9.00666e-07
 Reference value :  9.01070e-07
 Reference value :  9.01600e-07
 Reference value :  9.01962e-07
 Reference value :  9.02540e-07
 Reference value :  9.03032e-07
 Reference value :  9.03451e-07
 Reference value :  9.03611e-07
 Reference value :  9.04199e-07
 Reference value :  9.04818e-07
 Reference value :  9.05431e-07
 Reference value :  9.05794e-07
 Reference value :  9.06033e-07
 Reference value :  9.06436e-07
 Reference value :  9.06927e-07
 Reference value :  9.07546e-07
 Reference value :  9.07927e-07
 Reference value :  9.08455e-07
 Reference value :  9.08866e-07
 Reference value :  9.09102e-07
 Reference value :  9.09470e-07
 Reference value :  9.10063e-07
 Reference value :  9.10562e-07
 Reference value :  9.10944e-07
 Reference value :  9.11472e-07
 Reference value :  9.11902e-07
 Reference value :  9.12452e-07
 Reference value :  9.12951e-07
 Reference value :  9.13578e-07
 Reference value :  9.13945e-07
 Reference value :  9.14527e-07
 Reference value :  9.14994e-07
 Reference value :  9.15626e-07
 Reference value :  9.16099e-07
 Reference value :  9.16725e-07
 Reference value :  9.16969e-07
 Reference value :  9.17545e-07
 Reference value :  9.18070e-07
 Reference value :  9.18501e-07
 Reference value :  9.18953e-07
 Reference value :  9.19417e-07
 Reference value :  9.19928e-07
 Reference value :  9.20374e-07
 Reference value :  9.20807e-07
 Reference value :  9.21362e-07
 Reference value :  9.21890e-07
 Reference value :  9.22443e-07
 Reference value :  9.22924e-07
 Reference value :  9.23523e-07
 Reference value :  9.23959e-07
 Reference value :  9.24512e-07
 Reference value :  9.24867e-07
 Reference value :  9.25395e-07
 Reference value :  9.25810e-07
 Reference value :  9.26527e-07
 Reference value :  9.27184e-07
 Reference value :  9.27749e-07
 Reference value :  9.28330e-07
 Reference value :  9.28841e-07
 Reference value :  9.29380e-07
 Reference value :  9.29790e-07
 Reference value :  9.30296e-07
 Reference value :  9.30941e-07
 Reference value :  9.31573e-07
 Reference value :  9.31879e-07
 Reference value :  9.32128e-07
 Reference value :  9.32717e-07
 Reference value :  9.33360e-07
 Reference value :  9.33863e-07
 Reference value :  9.34468e-07
 Reference value :  9.34838e-07
 Reference value :  9.35309e-07
 Reference value :  9.35422e-07
 Reference value :  9.35847e-07
 Reference value :  9.36452e-07
 Reference value :  9.36889e-07
 Reference value :  9.37368e-07
 Reference value :  9.37751e-07
 Reference value :  9.37899e-07
 Reference value :  9.38458e-07
 Reference value :  9.38915e-07
 Reference value :  9.39449e-07
 Reference value :  9.39823e-07
 Reference value :  9.40369e-07
 Reference value :  9.40836e-07
 Reference value :  9.41197e-07
 Reference value :  9.41346e-07
 Reference value :  9.41982e-07
 Reference value :  9.42588e-07
 Reference value :  9.42965e-07
 Reference value :  9.43600e-07
 Reference value :  9.43887e-07
 Reference value :  9.44186e-07
 Reference value :  9.44706e-07
 Reference value :  9.45292e-07
 Reference value :  9.45662e-07
 Reference value :  9.46320e-07
 Reference value :  9.46811e-07
 Reference value :  9.47298e-07
 Reference value :  9.47768e-07
 Reference value :  9.48087e-07
 Reference value :  9.48674e-07
 Reference value :  9.49225e-07
 Reference value :  9.49675e-07
 Reference value :  9.50214e-07
 Reference value :  9.50593e-07
 Reference value :  9.51013e-07
 Reference value :  9.51523e-07
 Reference value :  9.52143e-07
 Reference value :  9.52633e-07
 Reference value :  9.53180e-07
 Reference value :  9.53564e-07
 Reference value :  9.53995e-07
 Reference value :  9.54145e-07
 Reference value :  9.54314e-07
 Reference value :  9.54737e-07
 Reference value :  9.55333e-07
 Reference value :  9.55790e-07
 Reference value :  9.56315e-07
 Reference value :  9.56725e-07
 Reference value :  9.57250e-07
 Reference value :  9.57669e-07
 Reference value :  9.58183e-07
 Reference value :  9.58680e-07
 Reference value :  9.59253e-07
 Reference value :  9.59698e-07
 Reference value :  9.60301e-07
 Reference value :  9.60820e-07
 Reference value :  9.61144e-07
 Reference value :  9.61684e-07
 Reference value :  9.62190e-07
 Reference value :  9.62837e-07
 Reference value :  9.63424e-07
 Reference value :  9.64188e-07
 Reference value :  9.64554e-07
 Reference value :  9.64615e-07
 Reference value :  9.65099e-07
 Reference value :  9.65609e-07
 Reference value :  9.66129e-07
 Reference value :  9.66660e-07
 Reference value :  9.67110e-07
 Reference value :  9.67634e-07
 Reference value :  9.68141e-07
 Reference value :  9.68412e-07
 Reference value :  9.68641e-07
 Reference value :  9.68901e-07
 Reference value :  9.69325e-07
 Reference value :  9.69772e-07
 Reference value :  9.70571e-07
 Reference value :  9.71236e-07
 Reference value :  9.71898e-07
 Reference value :  9.72668e-07
 Reference value :  9.73271e-07
 Reference value :  9.73440e-07
 Reference value :  9.74051e-07
 Reference value :  9.74878e-07
 Reference value :  9.75435e-07
 Reference value :  9.76085e-07
 Reference value :  9.76706e-07
 Reference value :  9.77284e-07
 Reference value :  9.77736e-07
 Reference value :  9.78296e-07
 Reference value :  9.78635e-07
 Reference value :  9.79183e-07
 Reference value :  9.79737e-07
 Reference value :  9.80245e-07
 Reference value :  9.80860e-07
 Reference value :  9.81383e-07
 Reference value :  9.81693e-07
 Reference value :  9.82048e-07
 Reference value :  9.82594e-07
 Reference value :  9.83190e-07
 Reference value :  9.83348e-07
 Reference value :  9.83872e-07
 Reference value :  9.84226e-07
 Reference value :  9.84615e-07
 Reference value :  9.85259e-07
 Reference value :  9.85667e-07
 Reference value :  9.86404e-07
 Reference value :  9.86798e-07
 Reference value :  9.87119e-07
 Reference value :  9.87680e-07
 Reference value :  9.88328e-07
 Reference value :  9.88813e-07
 Reference value :  9.89351e-07
 Reference value :  9.89552e-07
 Reference value :  9.89657e-07
 Reference value :  9.90189e-07
 Reference value :  9.90645e-07
 Reference value :  9.91172e-07
 Reference value :  9.91644e-07
 Reference value :  9.92099e-07
 Reference value :  9.92334e-07
 Reference value :  9.92737e-07
 Reference value :  9.93186e-07
 Reference value :  9.93559e-07
 Reference value :  9.94181e-07
 Reference value :  9.94610e-07
 Reference value :  9.94770e-07
 Reference value :  9.95212e-07
 Reference value :  9.95725e-07
 Reference value :  9.96464e-07
 Reference value :  9.97157e-07
 Reference value :  9.97645e-07
 Reference value :  9.97976e-07
 Reference value :  9.98373e-07
 Reference value :  9.98769e-07
 Reference value :  9.99316e-07
 Reference value :  9.99777e-07
 Reference value :  1.00021e-06
 Reference value :  1.00073e-06
 Reference value :  1.00100e-06
 Reference value :  1.00131e-06
 Reference value :  1.00178e-06
 Reference value :  1.00224e-06
 Reference value :  1.00277e-06
 Reference value :  1.00323e-06
 Reference value :  1.00376e-06
 Reference value :  1.00426e-06
 Reference value :  1.00463e-06
 Reference value :  1.00501e-06
 Reference value :  1.00519e-06
 Reference value :  1.00559e-06
 Reference value :  1.00610e-06
 Reference value :  1.00655e-06
 Reference value :  1.00712e-06
 Reference value :  1.00723e-06
 Reference value :  1.00776e-06
 Reference value :  1.00836e-06
 Reference value :  1.00878e-06
 Reference value :  1.00919e-06
 Reference value :  1.00964e-06
 Reference value :  1.01037e-06
 Reference value :  1.01063e-06
 Reference value :  1.01104e-06
 Reference value :  1.01154e-06
 Reference value :  1.01208e-06
 Reference value :  1.01255e-06
 Reference value :  1.01297e-06
 Reference value :  1.01314e-06
 Reference value :  1.01349e-06
 Reference value :  1.01406e-06
 Reference value :  1.01445e-06
 Reference value :  1.01501e-06
 Reference value :  1.01549e-06
 Reference value :  1.01595e-06
 Reference value :  1.01637e-06
 Reference value :  1.01672e-06
 Reference value :  1.01739e-06
 Reference value :  1.01798e-06
 Reference value :  1.01837e-06
 Reference value :  1.01861e-06
 Reference value :  1.01933e-06
 Reference value :  1.01986e-06
 Reference value :  1.02037e-06
 Reference value :  1.02080e-06
 Reference value :  1.02100e-06
 Reference value :  1.02121e-06
 Reference value :  1.02195e-06
 Reference value :  1.02238e-06
 Reference value :  1.02303e-06
 Reference value :  1.02331e-06
 Reference value :  1.02366e-06
 Reference value :  1.02415e-06
 Reference value :  1.02476e-06
 Reference value :  1.02536e-06
 Reference value :  1.02563e-06
 Reference value :  1.02609e-06
 Reference value :  1.02645e-06
 Reference value :  1.02713e-06
 Reference value :  1.02747e-06
 Reference value :  1.02810e-06
 Reference value :  1.02843e-06
 Reference value :  1.02876e-06
 Reference value :  1.02894e-06
 Reference value :  1.02974e-06
 Reference value :  1.03041e-06
 Reference value :  1.03099e-06
 Reference value :  1.03148e-06
 Reference value :  1.03194e-06
 Reference value :  1.03225e-06
 Reference value :  1.03257e-06
 Reference value :  1.03309e-06
 Reference value :  1.03340e-06
 Reference value :  1.03389e-06
 Reference value :  1.03426e-06
 Reference value :  1.03491e-06
 Reference value :  1.03549e-06
 Reference value :  1.03614e-06
 Reference value :  1.03667e-06
 Reference value :  1.03703e-06
 Reference value :  1.03729e-06
 Reference value :  1.03788e-06
 Reference value :  1.03848e-06
 Reference value :  1.03901e-06
 Reference value :  1.03962e-06
 Reference value :  1.04007e-06
 Reference value :  1.04051e-06
 Reference value :  1.04074e-06
 Reference value :  1.04123e-06
 Reference value :  1.04176e-06
 Reference value :  1.04226e-06
 Reference value :  1.04271e-06
 Reference value :  1.04292e-06
 Reference value :  1.04309e-06
 Reference value :  1.04358e-06
 Reference value :  1.04414e-06
 Reference value :  1.04469e-06
 Reference value :  1.04524e-06
 Reference value :  1.04538e-06
 Reference value :  1.04596e-06
 Reference value :  1.04657e-06
 Reference value :  1.04708e-06
 Reference value :  1.04763e-06
 Reference value :  1.04827e-06
 Reference value :  1.04878e-06
 Reference value :  1.04909e-06
 Reference value :  1.04924e-06
 Reference value :  1.04979e-06
 Reference value :  1.05020e-06
 Reference value :  1.05078e-06
 Reference value :  1.05129e-06
 Reference value :  1.05186e-06
 Reference value :  1.05226e-06
 Reference value :  1.05257e-06
 Reference value :  1.05306e-06
 Reference value :  1.05352e-06
 Reference value :  1.05411e-06
 Reference value :  1.05462e-06
 Reference value :  1.05513e-06
 Reference value :  1.05573e-06
 Reference value :  1.05588e-06
 Reference value :  1.05619e-06
 Reference value :  1.05673e-06
 Reference value :  1.05713e-06
 Reference value :  1.05746e-06
 Reference value :  1.05778e-06
 Reference value :  1.05802e-06
 Reference value :  1.05858e-06
 Reference value :  1.05909e-06
 Reference value :  1.05963e-06
 Reference value :  1.06015e-06
 Reference value :  1.06059e-06
 Reference value :  1.06116e-06
 Reference value :  1.06158e-06
 Reference value :  1.06169e-06
 Reference value :  1.06220e-06
 Reference value :  1.06268e-06
 Reference value :  1.06311e-06
 Reference value :  1.06366e-06
 Reference value :  1.06407e-06
 Reference value :  1.06433e-06
 Reference value :  1.06468e-06
 Reference value :  1.06505e-06
 Reference value :  1.06560e-06
 Reference value :  1.06618e-06
 Reference value :  1.06662e-06
 Reference value :  1.06705e-06
 Reference value :  1.06741e-06
 Reference value :  1.06768e-06
 Reference value :  1.06828e-06
 Reference value :  1.06879e-06
 Reference value :  1.06922e-06
 Reference value :  1.06946e-06
 Reference value :  1.06983e-06
 Reference value :  1.07047e-06
 Reference value :  1.07088e-06
 Reference value :  1.07134e-06
 Reference value :  1.07172e-06
 Reference value :  1.07199e-06
 Reference value :  1.07250e-06
 Reference value :  1.07289e-06
 Reference value :  1.07321e-06
 Reference value :  1.07360e-06
 Reference value :  1.07397e-06
 Reference value :  1.07447e-06
 Reference value :  1.07464e-06
 Reference value :  1.07512e-06
 Reference value :  1.07574e-06
 Reference value :  1.07632e-06
 Reference value :  1.07672e-06
 Reference value :  1.07713e-06
 Reference value :  1.07752e-06
 Reference value :  1.07806e-06
 Reference value :  1.07866e-06
 Reference value :  1.07906e-06
 Reference value :  1.07951e-06
 Reference value :  1.08024e-06
 Reference value :  1.08088e-06
 Reference value :  1.08150e-06
 Reference value :  1.08200e-06
 Reference value :  1.08260e-06
 Reference value :  1.08314e-06
 Reference value :  1.08362e-06
 Reference value :  1.08400e-06
 Reference value :  1.08471e-06
 Reference value :  1.08514e-06
 Reference value :  1.08557e-06
 Reference value :  1.08622e-06
 Reference value :  1.08664e-06
 Reference value :  1.08704e-06
 Reference value :  1.08765e-06
 Reference value :  1.08809e-06
 Reference value :  1.08843e-06
 Reference value :  1.08881e-06
 Reference value :  1.08929e-06
 Reference value :  1.08989e-06
 Reference value :  1.09062e-06
 Reference value :  1.09109e-06
 Reference value :  1.09172e-06
 Reference value :  1.09241e-06
 Reference value :  1.09272e-06
 Reference value :  1.09336e-06
 Reference value :  1.09393e-06
 Reference value :  1.09446e-06
 Reference value :  1.09459e-06
 Reference value :  1.09507e-06
 Reference value :  1.09582e-06
 Reference value :  1.09616e-06
 Reference value :  1.09677e-06
 Reference value :  1.09739e-06
 Reference value :  1.09793e-06
 Reference value :  1.09856e-06
 Reference value :  1.09917e-06
 Reference value :  1.09995e-06
 Reference value :  1.10040e-06
 Reference value :  1.10100e-06
 Reference value :  1.10149e-06
 Reference value :  1.10197e-06
 Reference value :  1.10252e-06
 Reference value :  1.10296e-06
 Reference value :  1.10349e-06
 Reference value :  1.10397e-06
 Reference value :  1.10461e-06
 Reference value :  1.10497e-06
 Reference value :  1.10541e-06
 Reference value :  1.10587e-06
 Reference value :  1.10636e-06
 Reference value :  1.10677e-06
 Reference value :  1.10739e-06
 Reference value :  1.10798e-06
 Reference value :  1.10848e-06
 Reference value :  1.10892e-06
 Reference value :  1.10953e-06
 Reference value :  1.11026e-06
 Reference value :  1.11070e-06
 Reference value :  1.11130e-06
 Reference value :  1.11175e-06
 Reference value :  1.11231e-06
 Reference value :  1.11278e-06
 Reference value :  1.11335e-06
 Reference value :  1.11386e-06
 Reference value :  1.11439e-06
 Reference value :  1.11490e-06
 Reference value :  1.11539e-06
 Reference value :  1.11596e-06
 Reference value :  1.11652e-06
 Reference value :  1.11696e-06
 Reference value :  1.11764e-06
 Reference value :  1.11821e-06
 Reference value :  1.11877e-06
 Reference value :  1.11938e-06
 Reference value :  1.11975e-06
 Reference value :  1.12024e-06
 Reference value :  1.12070e-06
 Reference value :  1.12133e-06
 Reference value :  1.12187e-06
 Reference value :  1.12239e-06
 Reference value :  1.12280e-06
 Reference value :  1.12323e-06
 Reference value :  1.12367e-06
 Reference value :  1.12415e-06
 Reference value :  1.12460e-06
 Reference value :  1.12517e-06
 Reference value :  1.12585e-06
 Reference value :  1.12639e-06
 Reference value :  1.12685e-06
 Reference value :  1.12734e-06
 Reference value :  1.12775e-06
 Reference value :  1.12830e-06
 Reference value :  1.12875e-06
 Reference value :  1.12929e-06
 Reference value :  1.13002e-06
 Reference value :  1.13038e-06
 Reference value :  1.13110e-06
 Reference value :  1.13160e-06
 Reference value :  1.13219e-06
 Reference value :  1.13256e-06
 Reference value :  1.13304e-06
 Reference value :  1.13358e-06
 Reference value :  1.13422e-06
 Reference value :  1.13470e-06
 Reference value :  1.13529e-06
 Reference value :  1.13566e-06
 Reference value :  1.13621e-06
 Reference value :  1.13656e-06
 Reference value :  1.13692e-06
 Reference value :  1.13748e-06
 Reference value :  1.13801e-06
 Reference value :  1.13848e-06
 Reference value :  1.13907e-06
 Reference value :  1.13965e-06
 Reference value :  1.14011e-06
 Reference value :  1.14061e-06
 Reference value :  1.14113e-06
 Reference value :  1.14148e-06
 Reference value :  1.14200e-06
 Reference value :  1.14247e-06
 Reference value :  1.14297e-06
 Reference value :  1.14342e-06
 Reference value :  1.14392e-06
 Reference value :  1.14436e-06
 Reference value :  1.14489e-06
 Reference value :  1.14537e-06
 Reference value :  1.14591e-06
 Reference value :  1.14638e-06
 Reference value :  1.14696e-06
 Reference value :  1.14746e-06
 Reference value :  1.14799e-06
 Reference value :  1.14849e-06
 Reference value :  1.14902e-06
 Reference value :  1.14955e-06
 Reference value :  1.15008e-06
 Reference value :  1.15054e-06
 Reference value :  1.15109e-06
 Reference value :  1.15152e-06
 Reference value :  1.15216e-06
 Reference value :  1.15279e-06
 Reference value :  1.15334e-06
 Reference value :  1.15393e-06
 Reference value :  1.15432e-06
 Reference value :  1.15487e-06
 Reference value :  1.15535e-06
 Reference value :  1.15591e-06
 Reference value :  1.15639e-06
 Reference value :  1.15691e-06
 Reference value :  1.15754e-06
 Reference value :  1.15811e-06
 Reference value :  1.15862e-06
 Reference value :  1.15888e-06
 Reference value :  1.15932e-06
 Reference value :  1.15998e-06
 Reference value :  1.16041e-06
 Reference value :  1.16107e-06
 Reference value :  1.16143e-06
 Reference value :  1.16206e-06
 Reference value :  1.16253e-06
 Reference value :  1.16321e-06
 Reference value :  1.16376e-06
 Reference value :  1.16414e-06
 Reference value :  1.16472e-06
 Reference value :  1.16527e-06
 Reference value :  1.16596e-06
 Reference value :  1.16634e-06
 Reference value :  1.16713e-06
 Reference value :  1.16750e-06
 Reference value :  1.16807e-06
 Reference value :  1.16870e-06
 Reference value :  1.16932e-06
 Reference value :  1.16998e-06
 Reference value :  1.17045e-06
 Reference value :  1.17115e-06
 Reference value :  1.17164e-06
 Reference value :  1.17209e-06
 Reference value :  1.17261e-06
 Reference value :  1.17314e-06
 Reference value :  1.17334e-06
 Reference value :  1.17381e-06
 Reference value :  1.17446e-06
 Reference value :  1.17493e-06
 Reference value :  1.17560e-06
 Reference value :  1.17606e-06
 Reference value :  1.17661e-06
 Reference value :  1.17706e-06
 Reference value :  1.17764e-06
 Reference value :  1.17831e-06
 Reference value :  1.17903e-06
 Reference value :  1.17963e-06
 Reference value :  1.18016e-06
 Reference value :  1.18071e-06
 Reference value :  1.18120e-06
 Reference value :  1.18189e-06
 Reference value :  1.18239e-06
 Reference value :  1.18315e-06
 Reference value :  1.18374e-06
 Reference value :  1.18421e-06
 Reference value :  1.18480e-06
 Reference value :  1.18526e-06
 Reference value :  1.18582e-06
 Reference value :  1.18638e-06
 Reference value :  1.18724e-06
 Reference value :  1.18789e-06
 Reference value :  1.18857e-06
 Reference value :  1.18904e-06
 Reference value :  1.18960e-06
 Reference value :  1.19010e-06
 Reference value :  1.19070e-06
 Reference value :  1.19117e-06
 Reference value :  1.19172e-06
 Reference value :  1.19215e-06
 Reference value :  1.19265e-06
 Reference value :  1.19326e-06
 Reference value :  1.19386e-06
 Reference value :  1.19412e-06
 Reference value :  1.19477e-06
 Reference value :  1.19552e-06
 Reference value :  1.19613e-06
 Reference value :  1.19690e-06
 Reference value :  1.19763e-06
 Reference value :  1.19807e-06
 Reference value :  1.19875e-06
 Reference value :  1.19923e-06
 Reference value :  1.19983e-06
 Reference value :  1.20029e-06
 Reference value :  1.20074e-06
 Reference value :  1.20118e-06
 Reference value :  1.20180e-06
 Reference value :  1.20234e-06
 Reference value :  1.20298e-06
 Reference value :  1.20361e-06
 Reference value :  1.20398e-06
 Reference value :  1.20447e-06
 Reference value :  1.20495e-06
 Reference value :  1.20554e-06
 Reference value :  1.20594e-06
 Reference value :  1.20654e-06
 Reference value :  1.20698e-06
 Reference value :  1.20741e-06
 Reference value :  1.20790e-06
 Reference value :  1.20828e-06
 Reference value :  1.20900e-06
 Reference value :  1.20966e-06
 Reference value :  1.21048e-06
 Reference value :  1.21101e-06
 Reference value :  1.21156e-06
 Reference value :  1.21196e-06
 Reference value :  1.21273e-06
 Reference value :  1.21310e-06
 Reference value :  1.21363e-06
 Reference value :  1.21406e-06
 Reference value :  1.21457e-06
 Reference value :  1.21519e-06
 Reference value :  1.21561e-06
 Reference value :  1.21594e-06
 Reference value :  1.21652e-06
 Reference value :  1.21729e-06
 Reference value :  1.21793e-06
 Reference value :  1.21851e-06
 Reference value :  1.21900e-06
 Reference value :  1.21949e-06
 Reference value :  1.22007e-06
 Reference value :  1.22063e-06
 Reference value :  1.22117e-06
 Reference value :  1.22171e-06
 Reference value :  1.22239e-06
 Reference value :  1.22292e-06
 Reference value :  1.22359e-06
 Reference value :  1.22401e-06
 Reference value :  1.22457e-06
 Reference value :  1.22499e-06
 Reference value :  1.22553e-06
 Reference value :  1.22623e-06
 Reference value :  1.22686e-06
 Reference value :  1.22750e-06
 Reference value :  1.22794e-06
 Reference value :  1.22845e-06
 Reference value :  1.22902e-06
 Reference value :  1.22920e-06
 Reference value :  1.22962e-06
 Reference value :  1.23036e-06
 Reference value :  1.23082e-06
 Reference value :  1.23133e-06
 Reference value :  1.23185e-06
 Reference value :  1.23236e-06
 Reference value :  1.23287e-06
 Reference value :  1.23336e-06
 Reference value :  1.23390e-06
 Reference value :  1.23467e-06
 Reference value :  1.23540e-06
 Reference value :  1.23582e-06
 Reference value :  1.23633e-06
 Reference value :  1.23690e-06
 Reference value :  1.23746e-06
 Reference value :  1.23801e-06
 Reference value :  1.23850e-06
 Reference value :  1.23918e-06
 Reference value :  1.23965e-06
 Reference value :  1.23992e-06
 Reference value :  1.24009e-06
 Reference value :  1.24074e-06
 Reference value :  1.24133e-06
 Reference value :  1.24176e-06
 Reference value :  1.24241e-06
 Reference value :  1.24296e-06
 Reference value :  1.24340e-06
 Reference value :  1.24411e-06
 Reference value :  1.24482e-06
 Reference value :  1.24562e-06
 Reference value :  1.24645e-06
 Reference value :  1.24692e-06
 Reference value :  1.24746e-06
 Reference value :  1.24791e-06
 Reference value :  1.24862e-06
 Reference value :  1.24903e-06
 Reference value :  1.24958e-06
 Reference value :  1.25008e-06
 Reference value :  1.25057e-06
 Reference value :  1.25097e-06
 Reference value :  1.25151e-06
 Reference value :  1.25203e-06
 Reference value :  1.25256e-06
 Reference value :  1.25305e-06
 Reference value :  1.25376e-06
 Reference value :  1.25432e-06
 Reference value :  1.25483e-06
 Reference value :  1.25547e-06
 Reference value :  1.25590e-06
 Reference value :  1.25641e-06
 Reference value :  1.25688e-06
 Reference value :  1.25743e-06
 Reference value :  1.25803e-06
 Reference value :  1.25857e-06
 Reference value :  1.25899e-06
 Reference value :  1.25950e-06
 Reference value :  1.25991e-06
 Reference value :  1.26046e-06
 Reference value :  1.26089e-06
 Reference value :  1.26143e-06
 Reference value :  1.26181e-06
 Reference value :  1.26236e-06
 Reference value :  1.26285e-06
 Reference value :  1.26345e-06
 Reference value :  1.26390e-06
 Reference value :  1.26456e-06
 Reference value :  1.26514e-06
 Reference value :  1.26559e-06
 Reference value :  1.26631e-06
 Reference value :  1.26674e-06
 Reference value :  1.26727e-06
 Reference value :  1.26771e-06
 Reference value :  1.26828e-06
 Reference value :  1.26878e-06
 Reference value :  1.26925e-06
 Reference value :  1.26971e-06
 Reference value :  1.27028e-06
 Reference value :  1.27076e-06
 Reference value :  1.27127e-06
 Reference value :  1.27172e-06
 Reference value :  1.27230e-06
 Reference value :  1.27290e-06
 Reference value :  1.27366e-06
 Reference value :  1.27426e-06
 Reference value :  1.27478e-06
 Reference value :  1.27541e-06
 Reference value :  1.27582e-06
 Reference value :  1.27641e-06
 Reference value :  1.27718e-06
 Reference value :  1.27770e-06
 Reference value :  1.27833e-06
 Reference value :  1.27890e-06
 Reference value :  1.27939e-06
 Reference value :  1.27977e-06
 Reference value :  1.28031e-06
 Reference value :  1.28083e-06
 Reference value :  1.28134e-06
 Reference value :  1.28174e-06
 Reference value :  1.28228e-06
 Reference value :  1.28289e-06
 Reference value :  1.28336e-06
 Reference value :  1.28412e-06
 Reference value :  1.28486e-06
 Reference value :  1.28506e-06
 Reference value :  1.28541e-06
 Reference value :  1.28604e-06
 Reference value :  1.28669e-06
 Reference value :  1.28725e-06
 Reference value :  1.28770e-06
 Reference value :  1.28825e-06
 Reference value :  1.28889e-06
 Reference value :  1.28942e-06
 Reference value :  1.28981e-06
 Reference value :  1.29029e-06
 Reference value :  1.29075e-06
 Reference value :  1.29127e-06
 Reference value :  1.29180e-06
 Reference value :  1.29235e-06
 Reference value :  1.29291e-06
 Reference value :  1.29358e-06
 Reference value :  1.29415e-06
 Reference value :  1.29458e-06
 Reference value :  1.29512e-06
 Reference value :  1.29539e-06
 Reference value :  1.29579e-06
 Reference value :  1.29632e-06
 Reference value :  1.29686e-06
 Reference value :  1.29720e-06
 Reference value :  1.29764e-06
 Reference value :  1.29816e-06
 Reference value :  1.29856e-06
 Reference value :  1.29915e-06
 Reference value :  1.29959e-06
 Reference value :  1.30006e-06
 Reference value :  1.30047e-06
 Reference value :  1.30102e-06
 Reference value :  1.30145e-06
 Reference value :  1.30208e-06
 Reference value :  1.30250e-06
 Reference value :  1.30303e-06
 Reference value :  1.30350e-06
 Reference value :  1.30390e-06
 Reference value :  1.30416e-06
 Reference value :  1.30458e-06
 Reference value :  1.30511e-06
 Reference value :  1.30562e-06
 Reference value :  1.30624e-06
 Reference value :  1.30652e-06
 Reference value :  1.30707e-06
 Reference value :  1.30751e-06
 Reference value :  1.30811e-06
 Reference value :  1.30852e-06
 Reference value :  1.30915e-06
 Reference value :  1.30953e-06
 Reference value :  1.31006e-06
 Reference value :  1.31052e-06
 Reference value :  1.31100e-06
 Reference value :  1.31148e-06
 Reference value :  1.31202e-06
 Reference value :  1.31248e-06
 Reference value :  1.31303e-06
 Reference value :  1.31347e-06
 Reference value :  1.31395e-06
 Reference value :  1.31437e-06
 Reference value :  1.31485e-06
 Reference value :  1.31537e-06
 Reference value :  1.31575e-06
 Reference value :  1.31620e-06
 Reference value :  1.31647e-06
 Reference value :  1.31697e-06
 Reference value :  1.31737e-06
 Reference value :  1.31788e-06
 Reference value :  1.31842e-06
 Reference value :  1.31882e-06
 Reference value :  1.31938e-06
 Reference value :  1.32008e-06
 Reference value :  1.32060e-06
 Reference value :  1.32149e-06
 Reference value :  1.32215e-06
 Reference value :  1.32275e-06
 Reference value :  1.32343e-06
 Reference value :  1.32402e-06
 Reference value :  1.32447e-06
 Reference value :  1.32513e-06
 Reference value :  1.32581e-06
 Reference value :  1.32647e-06
 Reference value :  1.32698e-06
 Reference value :  1.32747e-06
 Reference value :  1.32805e-06
 Reference value :  1.32866e-06
 Reference value :  1.32949e-06
 Reference value :  1.33008e-06
 Reference value :  1.33061e-06
 Reference value :  1.33111e-06
 Reference value :  1.33165e-06
 Reference value :  1.33230e-06
 Reference value :  1.33290e-06
 Reference value :  1.33340e-06
 Reference value :  1.33398e-06
 Reference value :  1.33440e-06
 Reference value :  1.33497e-06
 Reference value :  1.33535e-06
 Reference value :  1.33557e-06
 Reference value :  1.33603e-06
 Reference value :  1.33648e-06
 Reference value :  1.33698e-06
 Reference value :  1.33739e-06
 Reference value :  1.33798e-06
 Reference value :  1.33852e-06
 Reference value :  1.33908e-06
 Reference value :  1.33975e-06
 Reference value :  1.34036e-06
 Reference value :  1.34097e-06
 Reference value :  1.34144e-06
 Reference value :  1.34212e-06
 Reference value :  1.34262e-06
 Reference value :  1.34311e-06
 Reference value :  1.34367e-06
 Reference value :  1.34430e-06
 Reference value :  1.34499e-06
 Reference value :  1.34565e-06
 Reference value :  1.34643e-06
 Reference value :  1.34699e-06
 Reference value :  1.34762e-06
 Reference value :  1.34829e-06
 Reference value :  1.34873e-06
 Reference value :  1.34941e-06
 Reference value :  1.35001e-06
 Reference value :  1.35052e-06
 Reference value :  1.35104e-06
 Reference value :  1.35152e-06
 Reference value :  1.35194e-06
 Reference value :  1.35239e-06
 Reference value :  1.35293e-06
 Reference value :  1.35337e-06
 Reference value :  1.35397e-06
 Reference value :  1.35444e-06
 Reference value :  1.35499e-06
 Reference value :  1.35545e-06
 Reference value :  1.35593e-06
 Reference value :  1.35652e-06
 Reference value :  1.35701e-06
 Reference value :  1.35748e-06
 Reference value :  1.35802e-06
 Reference value :  1.35852e-06
 Reference value :  1.35901e-06
 Reference value :  1.35935e-06
 Reference value :  1.35988e-06
 Reference value :  1.36034e-06
 Reference value :  1.36093e-06
 Reference value :  1.36139e-06
 Reference value :  1.36213e-06
 Reference value :  1.36261e-06
 Reference value :  1.36338e-06
 Reference value :  1.36385e-06
 Reference value :  1.36450e-06
 Reference value :  1.36506e-06
 Reference value :  1.36582e-06
 Reference value :  1.36634e-06
 Reference value :  1.36696e-06
 Reference value :  1.36746e-06
 Reference value :  1.36809e-06
 Reference value :  1.36874e-06
 Reference value :  1.36925e-06
 Reference value :  1.36974e-06
 Reference value :  1.36990e-06
 Reference value :  1.37054e-06
 Reference value :  1.37106e-06
 Reference value :  1.37164e-06
 Reference value :  1.37239e-06
 Reference value :  1.37296e-06
 Reference value :  1.37348e-06
 Reference value :  1.37403e-06
 Reference value :  1.37468e-06
 Reference value :  1.37526e-06
 Reference value :  1.37603e-06
 Reference value :  1.37659e-06
 Reference value :  1.37709e-06
 Reference value :  1.37782e-06
 Reference value :  1.37843e-06
 Reference value :  1.37902e-06
 Reference value :  1.37947e-06
 Reference value :  1.38021e-06
 Reference value :  1.38098e-06
 Reference value :  1.38152e-06
 Reference value :  1.38232e-06
 Reference value :  1.38290e-06
 Reference value :  1.38339e-06
 Reference value :  1.38397e-06
 Reference value :  1.38449e-06
 Reference value :  1.38512e-06
 Reference value :  1.38596e-06
 Reference value :  1.38652e-06
 Reference value :  1.38723e-06
 Reference value :  1.38787e-06
 Reference value :  1.38856e-06
 Reference value :  1.38921e-06
 Reference value :  1.38972e-06
 Reference value :  1.39022e-06
 Reference value :  1.39061e-06
 Reference value :  1.39129e-06
 Reference value :  1.39176e-06
 Reference value :  1.39256e-06
 Reference value :  1.39343e-06
 Reference value :  1.39402e-06
 Reference value :  1.39475e-06
 Reference value :  1.39544e-06
 Reference value :  1.39612e-06
 Reference value :  1.39674e-06
 Reference value :  1.39725e-06
 Reference value :  1.39783e-06
 Reference value :  1.39824e-06
 Reference value :  1.39892e-06
 Reference value :  1.39932e-06
 Reference value :  1.39964e-06
 Reference value :  1.40008e-06
 Reference value :  1.40059e-06
 Reference value :  1.40111e-06
 Reference value :  1.40168e-06
 Reference value :  1.40242e-06
 Reference value :  1.40278e-06
 Reference value :  1.40343e-06
 Reference value :  1.40387e-06
 Reference value :  1.40445e-06
 Reference value :  1.40497e-06
 Reference value :  1.40548e-06
 Reference value :  1.40614e-06
 Reference value :  1.40660e-06
 Reference value :  1.40708e-06
 Reference value :  1.40752e-06
 Reference value :  1.40804e-06
 Reference value :  1.40851e-06
 Reference value :  1.40914e-06
 Reference value :  1.40973e-06
 Reference value :  1.41004e-06
 Reference value :  1.41056e-06
 Reference value :  1.41122e-06
 Reference value :  1.41203e-06
 Reference value :  1.41266e-06
 Reference value :  1.41325e-06
 Reference value :  1.41377e-06
 Reference value :  1.41424e-06
 Reference value :  1.41474e-06
 Reference value :  1.41517e-06
 Reference value :  1.41571e-06
 Reference value :  1.41613e-06
 Reference value :  1.41667e-06
 Reference value :  1.41721e-06
 Reference value :  1.41777e-06
 Reference value :  1.41831e-06
 Reference value :  1.41905e-06
 Reference value :  1.41953e-06
 Reference value :  1.42027e-06
 Reference value :  1.42073e-06
 Reference value :  1.42136e-06
 Reference value :  1.42211e-06
 Reference value :  1.42261e-06
 Reference value :  1.42313e-06
 Reference value :  1.42353e-06
 Reference value :  1.42406e-06
 Reference value :  1.42456e-06
 Reference value :  1.42523e-06
 Reference value :  1.42584e-06
 Reference value :  1.42639e-06
 Reference value :  1.42697e-06
 Reference value :  1.42746e-06
 Reference value :  1.42795e-06
 Reference value :  1.42819e-06
 Reference value :  1.42858e-06
 Reference value :  1.42903e-06
 Reference value :  1.42951e-06
 Reference value :  1.43021e-06
 Reference value :  1.43076e-06
 Reference value :  1.43140e-06
 Reference value :  1.43212e-06
 Reference value :  1.43273e-06
 Reference value :  1.43337e-06
 Reference value :  1.43400e-06
 Reference value :  1.43475e-06
 Reference value :  1.43542e-06
 Reference value :  1.43599e-06
 Reference value :  1.43674e-06
 Reference value :  1.43735e-06
 Reference value :  1.43788e-06
 Reference value :  1.43841e-06
 Reference value :  1.43901e-06
 Reference value :  1.43941e-06
 Reference value :  1.44025e-06
 Reference value :  1.44078e-06
 Reference value :  1.44138e-06
 Reference value :  1.44189e-06
 Reference value :  1.44232e-06
 Reference value :  1.44283e-06
 Reference value :  1.44319e-06
 Reference value :  1.44384e-06
 Reference value :  1.44431e-06
 Reference value :  1.44483e-06
 Reference value :  1.44534e-06
 Reference value :  1.44588e-06
 Reference value :  1.44643e-06
 Reference value :  1.44695e-06
 Reference value :  1.44734e-06
 Reference value :  1.44784e-06
 Reference value :  1.44828e-06
 Reference value :  1.44889e-06
 Reference value :  1.44923e-06
 Reference value :  1.44971e-06
 Reference value :  1.45015e-06
 Reference value :  1.45071e-06
 Reference value :  1.45124e-06
 Reference value :  1.45188e-06
 Reference value :  1.45228e-06
 Reference value :  1.45278e-06
 Reference value :  1.45328e-06
 Reference value :  1.45385e-06
 Reference value :  1.45432e-06
 Reference value :  1.45482e-06
 Reference value :  1.45526e-06
 Reference value :  1.45588e-06
 Reference value :  1.45640e-06
 Reference value :  1.45696e-06
 Reference value :  1.45749e-06
 Reference value :  1.45817e-06
 Reference value :  1.45869e-06
 Reference value :  1.45923e-06
 Reference value :  1.45976e-06
 Reference value :  1.46029e-06
 Reference value :  1.46086e-06
 Reference value :  1.46150e-06
 Reference value :  1.46189e-06
 Reference value :  1.46240e-06
 Reference value :  1.46289e-06
 Reference value :  1.46323e-06
 Reference value :  1.46378e-06
 Reference value :  1.46428e-06
 Reference value :  1.46487e-06
 Reference value :  1.46537e-06
 Reference value :  1.46595e-06
 Reference value :  1.46649e-06
 Reference value :  1.46696e-06
 Reference value :  1.46743e-06
 Reference value :  1.46781e-06
 Reference value :  1.46848e-06
 Reference value :  1.46910e-06
 Reference value :  1.46977e-06
 Reference value :  1.47022e-06
 Reference value :  1.47074e-06
 Reference value :  1.47115e-06
 Reference value :  1.47179e-06
 Reference value :  1.47235e-06
 Reference value :  1.47269e-06
 Reference value :  1.47323e-06
 Reference value :  1.47373e-06
 Reference value :  1.47420e-06
 Reference value :  1.47473e-06
 Reference value :  1.47517e-06
 Reference value :  1.47569e-06
 Reference value :  1.47614e-06
 Reference value :  1.47664e-06
 Reference value :  1.47706e-06
 Reference value :  1.47764e-06
 Reference value :  1.47810e-06
 Reference value :  1.47859e-06
 Reference value :  1.47900e-06
 Reference value :  1.47959e-06
 Reference value :  1.47993e-06
 Reference value :  1.48056e-06
 Reference value :  1.48111e-06
 Reference value :  1.48178e-06
 Reference value :  1.48212e-06
 Reference value :  1.48265e-06
 Reference value :  1.48304e-06
 Reference value :  1.48362e-06
 Reference value :  1.48405e-06
 Reference value :  1.48462e-06
 Reference value :  1.48510e-06
 Reference value :  1.48573e-06
 Reference value :  1.48614e-06
 Reference value :  1.48663e-06
 Reference value :  1.48722e-06
 Reference value :  1.48784e-06
 Reference value :  1.48840e-06
 Reference value :  1.48885e-06
 Reference value :  1.48948e-06
 Reference value :  1.48992e-06
 Reference value :  1.49038e-06
 Reference value :  1.49088e-06
 Reference value :  1.49160e-06
 Reference value :  1.49215e-06
 Reference value :  1.49265e-06
 Reference value :  1.49348e-06
 Reference value :  1.49395e-06
 Reference value :  1.49469e-06
 Reference value :  1.49504e-06
 Reference value :  1.49564e-06
 Reference value :  1.49630e-06
 Reference value :  1.49696e-06
 Reference value :  1.49759e-06
 Reference value :  1.49818e-06
 Reference value :  1.49865e-06
 Reference value :  1.49903e-06
 Reference value :  1.49963e-06
 Reference value :  1.50004e-06
 Reference value :  1.50065e-06
 Reference value :  1.50117e-06
 Reference value :  1.50183e-06
 Reference value :  1.50238e-06
 Reference value :  1.50280e-06
 Reference value :  1.50338e-06
 Reference value :  1.50381e-06
 Reference value :  1.50434e-06
 Reference value :  1.50472e-06
 Reference value :  1.50527e-06
 Reference value :  1.50582e-06
 Reference value :  1.50636e-06
 Reference value :  1.50681e-06
 Reference value :  1.50734e-06
 Reference value :  1.50778e-06
 Reference value :  1.50839e-06
 Reference value :  1.50884e-06
 Reference value :  1.50951e-06
 Reference value :  1.51000e-06
 Reference value :  1.51054e-06
 Reference value :  1.51107e-06
 Reference value :  1.51154e-06
 Reference value :  1.51206e-06
 Reference value :  1.51256e-06
 Reference value :  1.51296e-06
 Reference value :  1.51340e-06
 Reference value :  1.51390e-06
 Reference value :  1.51433e-06
 Reference value :  1.51477e-06
 Reference value :  1.51533e-06
 Reference value :  1.51584e-06
 Reference value :  1.51649e-06
 Reference value :  1.51712e-06
 Reference value :  1.51775e-06
 Reference value :  1.51826e-06
 Reference value :  1.51869e-06
 Reference value :  1.51925e-06
 Reference value :  1.51969e-06
 Reference value :  1.52016e-06
 Reference value :  1.52050e-06
 Reference value :  1.52094e-06
 Reference value :  1.52145e-06
 Reference value :  1.52184e-06
 Reference value :  1.52250e-06
 Reference value :  1.52324e-06
 Reference value :  1.52370e-06
 Reference value :  1.52422e-06
 Reference value :  1.52470e-06
 Reference value :  1.52525e-06
 Reference value :  1.52569e-06
 Reference value :  1.52631e-06
 Reference value :  1.52671e-06
 Reference value :  1.52726e-06
 Reference value :  1.52766e-06
 Reference value :  1.52819e-06
 Reference value :  1.52860e-06
 Reference value :  1.52913e-06
 Reference value :  1.52970e-06
 Reference value :  1.53026e-06
 Reference value :  1.53080e-06
 Reference value :  1.53135e-06
 Reference value :  1.53191e-06
 Reference value :  1.53242e-06
 Reference value :  1.53298e-06
 Reference value :  1.53350e-06
 Reference value :  1.53389e-06
 Reference value :  1.53433e-06
 Reference value :  1.53488e-06
 Reference value :  1.53553e-06
 Reference value :  1.53606e-06
 Reference value :  1.53637e-06
 Reference value :  1.53687e-06
 Reference value :  1.53754e-06
 Reference value :  1.53791e-06
 Reference value :  1.53807e-06
 Reference value :  1.53824e-06
 Reference value :  1.53864e-06
 Reference value :  1.53921e-06
 Reference value :  1.53973e-06
 Reference value :  1.54021e-06
 Reference value :  1.54053e-06
 Reference value :  1.54111e-06
 Reference value :  1.54162e-06
 Reference value :  1.54210e-06
 Reference value :  1.54249e-06
 Reference value :  1.54263e-06
 Reference value :  1.54287e-06
 Reference value :  1.54328e-06
 Reference value :  1.54372e-06
 Reference value :  1.54421e-06
 Reference value :  1.54458e-06
 Reference value :  1.54526e-06
 Reference value :  1.54571e-06
 Reference value :  1.54608e-06
 Reference value :  1.54649e-06
 Reference value :  1.54691e-06
 Reference value :  1.54711e-06
 Reference value :  1.54749e-06
 Reference value :  1.54808e-06
 Reference value :  1.54854e-06
 Reference value :  1.54905e-06
 Reference value :  1.54952e-06
 Reference value :  1.55009e-06
 Reference value :  1.55059e-06
 Reference value :  1.55088e-06
 Reference value :  1.55106e-06
 Reference value :  1.55156e-06
 Reference value :  1.55205e-06
 Reference value :  1.55259e-06
 Reference value :  1.55317e-06
 Reference value :  1.55375e-06
 Reference value :  1.55436e-06
 Reference value :  1.55498e-06
 Reference value :  1.55544e-06
 Reference value :  1.55624e-06
 Reference value :  1.55665e-06
 Reference value :  1.55723e-06
 Reference value :  1.55767e-06
 Reference value :  1.55806e-06
 Reference value :  1.55815e-06
 Reference value :  1.55861e-06
 Reference value :  1.55923e-06
 Reference value :  1.55979e-06
 Reference value :  1.56005e-06
 Reference value :  1.56050e-06
 Reference value :  1.56112e-06
 Reference value :  1.56157e-06
 Reference value :  1.56211e-06
 Reference value :  1.56246e-06
 Reference value :  1.56272e-06
 Reference value :  1.56324e-06
 Reference value :  1.56394e-06
 Reference value :  1.56432e-06
 Reference value :  1.56459e-06
 Reference value :  1.56510e-06
 Reference value :  1.56556e-06
 Reference value :  1.56610e-06
 Reference value :  1.56657e-06
 Reference value :  1.56718e-06
 Reference value :  1.56768e-06
 Reference value :  1.56830e-06
 Reference value :  1.56882e-06
 Reference value :  1.56941e-06
 Reference value :  1.57000e-06
 Reference value :  1.57051e-06
 Reference value :  1.57097e-06
 Reference value :  1.57139e-06
 Reference value :  1.57199e-06
 Reference value :  1.57266e-06
 Reference value :  1.57327e-06
 Reference value :  1.57366e-06
 Reference value :  1.57383e-06
 Reference value :  1.57448e-06
 Reference value :  1.57508e-06
 Reference value :  1.57539e-06
 Reference value :  1.57602e-06
 Reference value :  1.57656e-06
 Reference value :  1.57699e-06
 Reference value :  1.57740e-06
 Reference value :  1.57816e-06
 Reference value :  1.57858e-06
 Reference value :  1.57950e-06
 Reference value :  1.58013e-06
 Reference value :  1.58061e-06
 Reference value :  1.58143e-06
 Reference value :  1.58163e-06
 Reference value :  1.58208e-06
 Reference value :  1.58257e-06
 Reference value :  1.58333e-06
 Reference value :  1.58378e-06
 Reference value :  1.58453e-06
 Reference value :  1.58525e-06
 Reference value :  1.58588e-06
 Reference value :  1.58601e-06
 Reference value :  1.58646e-06
 Reference value :  1.58701e-06
 Reference value :  1.58747e-06
 Reference value :  1.58809e-06
 Reference value :  1.58856e-06
 Reference value :  1.58902e-06
 Reference value :  1.58937e-06
 Reference value :  1.59005e-06
 Reference value :  1.59040e-06
 Reference value :  1.59104e-06
 Reference value :  1.59120e-06
 Reference value :  1.59153e-06
 Reference value :  1.59209e-06
 Reference value :  1.59267e-06
 Reference value :  1.59341e-06
 Reference value :  1.59413e-06
 Reference value :  1.59451e-06
 Reference value :  1.59502e-06
 Reference value :  1.59556e-06
 Reference value :  1.59605e-06
 Reference value :  1.59651e-06
 Reference value :  1.59694e-06
 Reference value :  1.59722e-06
 Reference value :  1.59777e-06
 Reference value :  1.59818e-06
 Reference value :  1.59869e-06
 Reference value :  1.59927e-06
 Reference value :  1.60000e-06
 Reference value :  1.60026e-06
 Reference value :  1.60058e-06
 Reference value :  1.60116e-06
 Reference value :  1.60163e-06
 Reference value :  1.60212e-06
 Reference value :  1.60250e-06
 Reference value :  1.60302e-06
 Reference value :  1.60345e-06
 Reference value :  1.60399e-06
 Reference value :  1.60443e-06
 Reference value :  1.60514e-06
 Reference value :  1.60555e-06
 Reference value :  1.60595e-06
 Reference value :  1.60646e-06
 Reference value :  1.60704e-06
 Reference value :  1.60749e-06
 Reference value :  1.60805e-06
 Reference value :  1.60827e-06
 Reference value :  1.60857e-06
 Reference value :  1.60897e-06
 Reference value :  1.60943e-06
 Reference value :  1.60992e-06
 Reference value :  1.61021e-06
 Reference value :  1.61054e-06
 Reference value :  1.61114e-06
 Reference value :  1.61163e-06
 Reference value :  1.61210e-06
 Reference value :  1.61265e-06
 Reference value :  1.61317e-06
 Reference value :  1.61370e-06
 Reference value :  1.61412e-06
 Reference value :  1.61446e-06
 Reference value :  1.61509e-06
 Reference value :  1.61564e-06
 Reference value :  1.61624e-06
 Reference value :  1.61676e-06
 Reference value :  1.61726e-06
 Reference value :  1.61762e-06
 Reference value :  1.61791e-06
 Reference value :  1.61812e-06
 Reference value :  1.61859e-06
 Reference value :  1.61927e-06
 Reference value :  1.61981e-06
 Reference value :  1.62028e-06
 Reference value :  1.62085e-06
 Reference value :  1.62120e-06
 Reference value :  1.62148e-06
 Reference value :  1.62204e-06
 Reference value :  1.62248e-06
 Reference value :  1.62307e-06
 Reference value :  1.62340e-06
 Reference value :  1.62389e-06
 Reference value :  1.62424e-06
 Reference value :  1.62438e-06
 Reference value :  1.62472e-06
 Reference value :  1.62529e-06
 Reference value :  1.62584e-06
 Reference value :  1.62625e-06
 Reference value :  1.62681e-06
 Reference value :  1.62728e-06
 Reference value :  1.62757e-06
 Reference value :  1.62817e-06
 Reference value :  1.62862e-06
 Reference value :  1.62916e-06
 Reference value :  1.62959e-06
 Reference value :  1.62992e-06
 Reference value :  1.63017e-06
 Reference value :  1.63033e-06
 Reference value :  1.63080e-06
 Reference value :  1.63125e-06
 Reference value :  1.63183e-06
 Reference value :  1.63230e-06
 Reference value :  1.63247e-06
 Reference value :  1.63283e-06
 Reference value :  1.63337e-06
 Reference value :  1.63386e-06
 Reference value :  1.63440e-06
 Reference value :  1.63520e-06
 Reference value :  1.63549e-06
 Reference value :  1.63589e-06
 Reference value :  1.63635e-06
 Reference value :  1.63684e-06
 Reference value :  1.63721e-06
 Reference value :  1.63769e-06
 Reference value :  1.63796e-06
 Reference value :  1.63843e-06
 Reference value :  1.63891e-06
 Reference value :  1.63949e-06
 Reference value :  1.64001e-06
 Reference value :  1.64033e-06
 Reference value :  1.64073e-06
 Reference value :  1.64136e-06
 Reference value :  1.64213e-06
 Reference value :  1.64279e-06
 Reference value :  1.64329e-06
 Reference value :  1.64395e-06
 Reference value :  1.64428e-06
 Reference value :  1.64459e-06
 Reference value :  1.64527e-06
 Reference value :  1.64587e-06
 Reference value :  1.64633e-06
 Reference value :  1.64694e-06
 Reference value :  1.64722e-06
 Reference value :  1.64785e-06
 Reference value :  1.64823e-06
 Reference value :  1.64877e-06
 Reference value :  1.64919e-06
 Reference value :  1.64967e-06
 Reference value :  1.65000e-06
 Reference value :  1.65010e-06
 Reference value :  1.65065e-06
 Reference value :  1.65112e-06
 Reference value :  1.65177e-06
 Reference value :  1.65230e-06
 Reference value :  1.65289e-06
 Reference value :  1.65322e-06
 Reference value :  1.65370e-06
 Reference value :  1.65392e-06
 Reference value :  1.65406e-06
 Reference value :  1.65461e-06
 Reference value :  1.65503e-06
 Reference value :  1.65560e-06
 Reference value :  1.65596e-06
 Reference value :  1.65609e-06
 Reference value :  1.65673e-06
 Reference value :  1.65719e-06
 Reference value :  1.65775e-06
 Reference value :  1.65812e-06
 Reference value :  1.65865e-06
 Reference value :  1.65910e-06
 Reference value :  1.65965e-06
 Reference value :  1.66005e-06
 Reference value :  1.66071e-06
 Reference value :  1.66116e-06
 Reference value :  1.66166e-06
 Reference value :  1.66193e-06
 Reference value :  1.66237e-06
 Reference value :  1.66273e-06
 Reference value :  1.66307e-06
 Reference value :  1.66363e-06
 Reference value :  1.66407e-06
 Reference value :  1.66429e-06
 Reference value :  1.66445e-06
 Reference value :  1.66493e-06
 Reference value :  1.66528e-06
 Reference value :  1.66573e-06
 Reference value :  1.66604e-06
 Reference value :  1.66659e-06
 Reference value :  1.66699e-06
 Reference value :  1.66768e-06
 Reference value :  1.66824e-06
 Reference value :  1.66886e-06
 Reference value :  1.66930e-06
 Reference value :  1.66973e-06
 Reference value :  1.67005e-06
 Reference value :  1.67045e-06
 Reference value :  1.67060e-06
 Reference value :  1.67105e-06
 Reference value :  1.67160e-06
 Reference value :  1.67207e-06
 Reference value :  1.67263e-06
 Reference value :  1.67290e-06
 Reference value :  1.67307e-06
 Reference value :  1.67369e-06
 Reference value :  1.67409e-06
 Reference value :  1.67457e-06
 Reference value :  1.67520e-06
 Reference value :  1.67557e-06
 Reference value :  1.67596e-06
 Reference value :  1.67623e-06
 Reference value :  1.67689e-06
 Reference value :  1.67746e-06
 Reference value :  1.67794e-06
 Reference value :  1.67847e-06
 Reference value :  1.67888e-06
 Reference value :  1.67939e-06
 Reference value :  1.67977e-06
 Reference value :  1.68026e-06
 Reference value :  1.68084e-06
 Reference value :  1.68134e-06
 Reference value :  1.68187e-06
 Reference value :  1.68213e-06
 Reference value :  1.68285e-06
 Reference value :  1.68334e-06
 Reference value :  1.68377e-06
 Reference value :  1.68439e-06
 Reference value :  1.68480e-06
 Reference value :  1.68487e-06
 Reference value :  1.68505e-06
 Reference value :  1.68543e-06
 Reference value :  1.68601e-06
 Reference value :  1.68659e-06
 Reference value :  1.68690e-06
 Reference value :  1.68715e-06
 Reference value :  1.68761e-06
 Reference value :  1.68796e-06
 Reference value :  1.68853e-06
 Reference value :  1.68892e-06
 Reference value :  1.68950e-06
 Reference value :  1.69007e-06
 Reference value :  1.69058e-06
 Reference value :  1.69079e-06
 Reference value :  1.69105e-06
 Reference value :  1.69176e-06
 Reference value :  1.69229e-06
 Reference value :  1.69268e-06
 Reference value :  1.69306e-06
 Reference value :  1.69344e-06
 Reference value :  1.69388e-06
 Reference value :  1.69442e-06
 Reference value :  1.69499e-06
 Reference value :  1.69547e-06
 Reference value :  1.69600e-06
 Reference value :  1.69670e-06
 Reference value :  1.69718e-06
 Reference value :  1.69759e-06
 Reference value :  1.69800e-06
 Reference value :  1.69832e-06
 Reference value :  1.69877e-06
 Reference value :  1.69934e-06
 Reference value :  1.69972e-06
 Reference value :  1.70018e-06
 Reference value :  1.70036e-06
 Reference value :  1.70081e-06
 Reference value :  1.70120e-06
 Reference value :  1.70163e-06
 Reference value :  1.70222e-06
 Reference value :  1.70302e-06
 Reference value :  1.70344e-06
 Reference value :  1.70375e-06
 Reference value :  1.70438e-06
 Reference value :  1.70494e-06
 Reference value :  1.70563e-06
 Reference value :  1.70619e-06
 Reference value :  1.70678e-06
 Reference value :  1.70726e-06
 Reference value :  1.70768e-06
 Reference value :  1.70828e-06
 Reference value :  1.70896e-06
 Reference value :  1.70957e-06
 Reference value :  1.71017e-06
 Reference value :  1.71076e-06
 Reference value :  1.71126e-06
 Reference value :  1.71162e-06
 Reference value :  1.71219e-06
 Reference value :  1.71277e-06
 Reference value :  1.71322e-06
 Reference value :  1.71367e-06
 Reference value :  1.71412e-06
 Reference value :  1.71460e-06
 Reference value :  1.71521e-06
 Reference value :  1.71561e-06
 Reference value :  1.71622e-06
 Reference value :  1.71673e-06
 Reference value :  1.71699e-06
 Reference value :  1.71717e-06
 Reference value :  1.71761e-06
 Reference value :  1.71814e-06
 Reference value :  1.71856e-06
 Reference value :  1.71883e-06
 Reference value :  1.71916e-06
 Reference value :  1.71955e-06
 Reference value :  1.72013e-06
 Reference value :  1.72051e-06
 Reference value :  1.72112e-06
 Reference value :  1.72154e-06
 Reference value :  1.72203e-06
 Reference value :  1.72239e-06
 Reference value :  1.72263e-06
 Reference value :  1.72326e-06
 Reference value :  1.72370e-06
 Reference value :  1.72425e-06
 Reference value :  1.72464e-06
 Reference value :  1.72520e-06
 Reference value :  1.72555e-06
 Reference value :  1.72621e-06
 Reference value :  1.72664e-06
 Reference value :  1.72721e-06
 Reference value :  1.72770e-06
 Reference value :  1.72840e-06
 Reference value :  1.72862e-06
 Reference value :  1.72914e-06
 Reference value :  1.72946e-06
 Reference value :  1.72972e-06
 Reference value :  1.73032e-06
 Reference value :  1.73077e-06
 Reference value :  1.73131e-06
 Reference value :  1.73178e-06
 Reference value :  1.73211e-06
 Reference value :  1.73240e-06
 Reference value :  1.73299e-06
 Reference value :  1.73342e-06
 Reference value :  1.73406e-06
 Reference value :  1.73448e-06
 Reference value :  1.73476e-06
 Reference value :  1.73512e-06
 Reference value :  1.73559e-06
 Reference value :  1.73611e-06
 Reference value :  1.73648e-06
 Reference value :  1.73672e-06
 Reference value :  1.73724e-06
 Reference value :  1.73759e-06
 Reference value :  1.73805e-06
 Reference value :  1.73850e-06
 Reference value :  1.73903e-06
 Reference value :  1.73933e-06
 Reference value :  1.73959e-06
 Reference value :  1.74014e-06
 Reference value :  1.74057e-06
 Reference value :  1.74105e-06
 Reference value :  1.74122e-06
 Reference value :  1.74179e-06
 Reference value :  1.74240e-06
 Reference value :  1.74300e-06
 Reference value :  1.74348e-06
 Reference value :  1.74394e-06
 Reference value :  1.74441e-06
 Reference value :  1.74475e-06
 Reference value :  1.74506e-06
 Reference value :  1.74547e-06
 Reference value :  1.74604e-06
 Reference value :  1.74657e-06
 Reference value :  1.74693e-06
 Reference value :  1.74718e-06
 Reference value :  1.74739e-06
 Reference value :  1.74797e-06
 Reference value :  1.74849e-06
 Reference value :  1.74901e-06
 Reference value :  1.74954e-06
 Reference value :  1.75004e-06
 Reference value :  1.75063e-06
 Reference value :  1.75116e-06
 Reference value :  1.75158e-06
 Reference value :  1.75201e-06
 Reference value :  1.75241e-06
 Reference value :  1.75307e-06
 Reference value :  1.75362e-06
 Reference value :  1.75425e-06
 Reference value :  1.75485e-06
 Reference value :  1.75532e-06
 Reference value :  1.75593e-06
 Reference value :  1.75633e-06
 Reference value :  1.75688e-06
 Reference value :  1.75724e-06
 Reference value :  1.75785e-06
 Reference value :  1.75824e-06
 Reference value :  1.75878e-06
 Reference value :  1.75921e-06
 Reference value :  1.75975e-06
 Reference value :  1.76031e-06
 Reference value :  1.76082e-06
 Reference value :  1.76126e-06
 Reference value :  1.76184e-06
 Reference value :  1.76232e-06
 Reference value :  1.76282e-06
 Reference value :  1.76326e-06
 Reference value :  1.76384e-06
 Reference value :  1.76434e-06
 Reference value :  1.76493e-06
 Reference value :  1.76536e-06
 Reference value :  1.76590e-06
 Reference value :  1.76621e-06
 Reference value :  1.76677e-06
 Reference value :  1.76719e-06
 Reference value :  1.76778e-06
 Reference value :  1.76818e-06
 Reference value :  1.76875e-06
 Reference value :  1.76920e-06
 Reference value :  1.76974e-06
 Reference value :  1.77015e-06
 Reference value :  1.77063e-06
 Reference value :  1.77117e-06
 Reference value :  1.77175e-06
 Reference value :  1.77220e-06
 Reference value :  1.77279e-06
 Reference value :  1.77329e-06
 Reference value :  1.77364e-06
 Reference value :  1.77417e-06
 Reference value :  1.77464e-06
 Reference value :  1.77511e-06
 Reference value :  1.77567e-06
 Reference value :  1.77612e-06
 Reference value :  1.77661e-06
 Reference value :  1.77706e-06
 Reference value :  1.77764e-06
 Reference value :  1.77816e-06
 Reference value :  1.77870e-06
 Reference value :  1.77913e-06
 Reference value :  1.77966e-06
 Reference value :  1.78020e-06
 Reference value :  1.78069e-06
 Reference value :  1.78108e-06
 Reference value :  1.78161e-06
 Reference value :  1.78194e-06
 Reference value :  1.78219e-06
 Reference value :  1.78280e-06
 Reference value :  1.78313e-06
 Reference value :  1.78375e-06
 Reference value :  1.78443e-06
 Reference value :  1.78497e-06
 Reference value :  1.78565e-06
 Reference value :  1.78611e-06
 Reference value :  1.78683e-06
 Reference value :  1.78754e-06
 Reference value :  1.78804e-06
 Reference value :  1.78845e-06
 Reference value :  1.78904e-06
 Reference value :  1.78958e-06
 Reference value :  1.79013e-06
 Reference value :  1.79081e-06
 Reference value :  1.79139e-06
 Reference value :  1.79193e-06
 Reference value :  1.79239e-06
 Reference value :  1.79294e-06
 Reference value :  1.79358e-06
 Reference value :  1.79413e-06
 Reference value :  1.79469e-06
 Reference value :  1.79512e-06
 Reference value :  1.79576e-06
 Reference value :  1.79608e-06
 Reference value :  1.79653e-06
 Reference value :  1.79697e-06
 Reference value :  1.79745e-06
 Reference value :  1.79796e-06
 Reference value :  1.79856e-06
 Reference value :  1.79898e-06
 Reference value :  1.79943e-06
 Reference value :  1.79985e-06
 Reference value :  1.80039e-06
 Reference value :  1.80093e-06
 Reference value :  1.80144e-06
 Reference value :  1.80190e-06
 Reference value :  1.80251e-06
 Reference value :  1.80301e-06
 Reference value :  1.80344e-06
 Reference value :  1.80390e-06
 Reference value :  1.80442e-06
 Reference value :  1.80487e-06
 Reference value :  1.80536e-06
 Reference value :  1.80580e-06
 Reference value :  1.80635e-06
 Reference value :  1.80682e-06
 Reference value :  1.80735e-06
 Reference value :  1.80787e-06
 Reference value :  1.80844e-06
 Reference value :  1.80890e-06
 Reference value :  1.80953e-06
 Reference value :  1.80996e-06
 Reference value :  1.81020e-06
 Reference value :  1.81064e-06
 Reference value :  1.81105e-06
 Reference value :  1.81154e-06
 Reference value :  1.81206e-06
 Reference value :  1.81255e-06
 Reference value :  1.81298e-06
 Reference value :  1.81356e-06
 Reference value :  1.81406e-06
 Reference value :  1.81466e-06
 Reference value :  1.81520e-06
 Reference value :  1.81572e-06
 Reference value :  1.81619e-06
 Reference value :  1.81654e-06
 Reference value :  1.81716e-06
 Reference value :  1.81776e-06
 Reference value :  1.81840e-06
 Reference value :  1.81892e-06
 Reference value :  1.81970e-06
 Reference value :  1.82028e-06
 Reference value :  1.82080e-06
 Reference value :  1.82127e-06
 Reference value :  1.82185e-06
 Reference value :  1.82238e-06
 Reference value :  1.82284e-06
 Reference value :  1.82351e-06
 Reference value :  1.82414e-06
 Reference value :  1.82467e-06
 Reference value :  1.82524e-06
 Reference value :  1.82566e-06
 Reference value :  1.82613e-06
 Reference value :  1.82666e-06
 Reference value :  1.82718e-06
 Reference value :  1.82769e-06
 Reference value :  1.82817e-06
 Reference value :  1.82859e-06
 Reference value :  1.82913e-06
 Reference value :  1.82962e-06
 Reference value :  1.83015e-06
 Reference value :  1.83059e-06
 Reference value :  1.83120e-06
 Reference value :  1.83163e-06
 Reference value :  1.83217e-06
 Reference value :  1.83257e-06
 Reference value :  1.83322e-06
 Reference value :  1.83371e-06
 Reference value :  1.83441e-06
 Reference value :  1.83502e-06
 Reference value :  1.83557e-06
 Reference value :  1.83614e-06
 Reference value :  1.83654e-06
 Reference value :  1.83706e-06
 Reference value :  1.83759e-06
 Reference value :  1.83807e-06
 Reference value :  1.83851e-06
 Reference value :  1.83908e-06
 Reference value :  1.83951e-06
 Reference value :  1.84042e-06
 Reference value :  1.84104e-06
 Reference value :  1.84162e-06
 Reference value :  1.84221e-06
 Reference value :  1.84264e-06
 Reference value :  1.84322e-06
 Reference value :  1.84382e-06
 Reference value :  1.84447e-06
 Reference value :  1.84516e-06
 Reference value :  1.84541e-06
 Reference value :  1.84583e-06
 Reference value :  1.84629e-06
 Reference value :  1.84663e-06
 Reference value :  1.84731e-06
 Reference value :  1.84785e-06
 Reference value :  1.84856e-06
 Reference value :  1.84894e-06
 Reference value :  1.84928e-06
 Reference value :  1.84968e-06
 Reference value :  1.85010e-06
 Reference value :  1.85034e-06
 Reference value :  1.85066e-06
 Reference value :  1.85108e-06
 Reference value :  1.85137e-06
 Reference value :  1.85174e-06
 Reference value :  1.85218e-06
 Reference value :  1.85237e-06
 Reference value :  1.85279e-06
 Reference value :  1.85332e-06
 Reference value :  1.85406e-06
 Reference value :  1.85457e-06
 Reference value :  1.85517e-06
 Reference value :  1.85589e-06
 Reference value :  1.85644e-06
 Reference value :  1.85697e-06
 Reference value :  1.85758e-06
 Reference value :  1.85839e-06
 Reference value :  1.85909e-06
 Reference value :  1.85964e-06
 Reference value :  1.86024e-06
 Reference value :  1.86080e-06
 Reference value :  1.86151e-06
 Reference value :  1.86190e-06
 Reference value :  1.86271e-06
 Reference value :  1.86324e-06
 Reference value :  1.86348e-06
 Reference value :  1.86413e-06
 Reference value :  1.86472e-06
 Reference value :  1.86524e-06
 Reference value :  1.86585e-06
 Reference value :  1.86636e-06
 Reference value :  1.86676e-06
 Reference value :  1.86729e-06
 Reference value :  1.86776e-06
 Reference value :  1.86825e-06
 Reference value :  1.86865e-06
 Reference value :  1.86905e-06
 Reference value :  1.86961e-06
 Reference value :  1.87020e-06
 Reference value :  1.87064e-06
 Reference value :  1.87117e-06
 Reference value :  1.87166e-06
 Reference value :  1.87217e-06
 Reference value :  1.87259e-06
 Reference value :  1.87314e-06
 Reference value :  1.87361e-06
 Reference value :  1.87408e-06
 Reference value :  1.87466e-06
 Reference value :  1.87523e-06
 Reference value :  1.87573e-06
 Reference value :  1.87627e-06
 Reference value :  1.87662e-06
 Reference value :  1.87717e-06
 Reference value :  1.87763e-06
 Reference value :  1.87822e-06
 Reference value :  1.87865e-06
 Reference value :  1.87919e-06
 Reference value :  1.87955e-06
 Reference value :  1.87975e-06
 Reference value :  1.88020e-06
 Reference value :  1.88058e-06
 Reference value :  1.88127e-06
 Reference value :  1.88174e-06
 Reference value :  1.88218e-06
 Reference value :  1.88258e-06
 Reference value :  1.88308e-06
 Reference value :  1.88354e-06
 Reference value :  1.88420e-06
 Reference value :  1.88456e-06
 Reference value :  1.88510e-06
 Reference value :  1.88547e-06
 Reference value :  1.88604e-06
 Reference value :  1.88648e-06
 Reference value :  1.88707e-06
 Reference value :  1.88764e-06
 Reference value :  1.88816e-06
 Reference value :  1.88877e-06
 Reference value :  1.88938e-06
 Reference value :  1.88978e-06
 Reference value :  1.89034e-06
 Reference value :  1.89088e-06
 Reference value :  1.89134e-06
 Reference value :  1.89188e-06
 Reference value :  1.89226e-06
 Reference value :  1.89277e-06
 Reference value :  1.89334e-06
 Reference value :  1.89393e-06
 Reference value :  1.89439e-06
 Reference value :  1.89495e-06
 Reference value :  1.89553e-06
 Reference value :  1.89606e-06
 Reference value :  1.89655e-06
 Reference value :  1.89709e-06
 Reference value :  1.89759e-06
 Reference value :  1.89811e-06
 Reference value :  1.89834e-06
 Reference value :  1.89894e-06
 Reference value :  1.89940e-06
 Reference value :  1.89991e-06
 Reference value :  1.90042e-06
 Reference value :  1.90092e-06
 Reference value :  1.90141e-06
 Reference value :  1.90195e-06
 Reference value :  1.90240e-06
 Reference value :  1.90294e-06
 Reference value :  1.90344e-06
 Reference value :  1.90409e-06
 Reference value :  1.90450e-06
 Reference value :  1.90524e-06
 Reference value :  1.90586e-06
 Reference value :  1.90633e-06
 Reference value :  1.90694e-06
 Reference value :  1.90739e-06
 Reference value :  1.90786e-06
 Reference value :  1.90814e-06
 Reference value :  1.90848e-06
 Reference value :  1.90897e-06
 Reference value :  1.90941e-06
 Reference value :  1.91009e-06
 Reference value :  1.91051e-06
 Reference value :  1.91104e-06
 Reference value :  1.91161e-06
 Reference value :  1.91202e-06
 Reference value :  1.91268e-06
 Reference value :  1.91317e-06
 Reference value :  1.91350e-06
 Reference value :  1.91412e-06
 Reference value :  1.91449e-06
 Reference value :  1.91498e-06
 Reference value :  1.91536e-06
 Reference value :  1.91586e-06
 Reference value :  1.91624e-06
 Reference value :  1.91679e-06
 Reference value :  1.91729e-06
 Reference value :  1.91778e-06
 Reference value :  1.91824e-06
 Reference value :  1.91876e-06
 Reference value :  1.91942e-06
 Reference value :  1.92020e-06
 Reference value :  1.92086e-06
 Reference value :  1.92136e-06
 Reference value :  1.92215e-06
 Reference value :  1.92283e-06
 Reference value :  1.92339e-06
 Reference value :  1.92385e-06
 Reference value :  1.92446e-06
 Reference value :  1.92528e-06
 Reference value :  1.92597e-06
 Reference value :  1.92699e-06
 Reference value :  1.92747e-06
 Reference value :  1.92827e-06
 Reference value :  1.92853e-06
 Reference value :  1.92937e-06
 Reference value :  1.93001e-06
 Reference value :  1.93041e-06
 Reference value :  1.93106e-06
 Reference value :  1.93150e-06
 Reference value :  1.93210e-06
 Reference value :  1.93254e-06
 Reference value :  1.93316e-06
 Reference value :  1.93375e-06
 Reference value :  1.93436e-06
 Reference value :  1.93495e-06
 Reference value :  1.93550e-06
 Reference value :  1.93604e-06
 Reference value :  1.93651e-06
 Reference value :  1.93708e-06
 Reference value :  1.93773e-06
 Reference value :  1.93826e-06
 Reference value :  1.93881e-06
 Reference value :  1.93924e-06
 Reference value :  1.93981e-06
 Reference value :  1.94025e-06
 Reference value :  1.94083e-06
 Reference value :  1.94132e-06
 Reference value :  1.94196e-06
 Reference value :  1.94257e-06
 Reference value :  1.94305e-06
 Reference value :  1.94347e-06
 Reference value :  1.94411e-06
 Reference value :  1.94459e-06
 Reference value :  1.94520e-06
 Reference value :  1.94573e-06
 Reference value :  1.94621e-06
 Reference value :  1.94673e-06
 Reference value :  1.94694e-06
 Reference value :  1.94743e-06
 Reference value :  1.94783e-06
 Reference value :  1.94840e-06
 Reference value :  1.94895e-06
 Reference value :  1.94936e-06
 Reference value :  1.94982e-06
 Reference value :  1.95018e-06
 Reference value :  1.95071e-06
 Reference value :  1.95112e-06
 Reference value :  1.95178e-06
 Reference value :  1.95218e-06
 Reference value :  1.95277e-06
 Reference value :  1.95320e-06
 Reference value :  1.95365e-06
 Reference value :  1.95408e-06
 Reference value :  1.95457e-06
 Reference value :  1.95507e-06
 Reference value :  1.95552e-06
 Reference value :  1.95603e-06
 Reference value :  1.95649e-06
 Reference value :  1.95719e-06
 Reference value :  1.95773e-06
 Reference value :  1.95817e-06
 Reference value :  1.95872e-06
 Reference value :  1.95918e-06
 Reference value :  1.95973e-06
 Reference value :  1.96027e-06
 Reference value :  1.96091e-06
 Reference value :  1.96122e-06
 Reference value :  1.96203e-06
 Reference value :  1.96261e-06
 Reference value :  1.96310e-06
 Reference value :  1.96341e-06
 Reference value :  1.96389e-06
 Reference value :  1.96426e-06
 Reference value :  1.96472e-06
 Reference value :  1.96516e-06
 Reference value :  1.96576e-06
 Reference value :  1.96620e-06
 Reference value :  1.96664e-06
 Reference value :  1.96709e-06
 Reference value :  1.96761e-06
 Reference value :  1.96799e-06
 Reference value :  1.96853e-06
 Reference value :  1.96904e-06
 Reference value :  1.96958e-06
 Reference value :  1.97011e-06
 Reference value :  1.97064e-06
 Reference value :  1.97117e-06
 Reference value :  1.97174e-06
 Reference value :  1.97204e-06
 Reference value :  1.97270e-06
 Reference value :  1.97331e-06
 Reference value :  1.97377e-06
 Reference value :  1.97443e-06
 Reference value :  1.97497e-06
 Reference value :  1.97514e-06
 Reference value :  1.97571e-06
 Reference value :  1.97614e-06
 Reference value :  1.97679e-06
 Reference value :  1.97741e-06
 Reference value :  1.97793e-06
 Reference value :  1.97866e-06
 Reference value :  1.97915e-06
 Reference value :  1.97973e-06
 Reference value :  1.98026e-06
 Reference value :  1.98099e-06
 Reference value :  1.98149e-06
 Reference value :  1.98195e-06
 Reference value :  1.98253e-06
 Reference value :  1.98312e-06
 Reference value :  1.98354e-06
 Reference value :  1.98394e-06
 Reference value :  1.98453e-06
 Reference value :  1.98500e-06
 Reference value :  1.98562e-06
 Reference value :  1.98608e-06
 Reference value :  1.98675e-06
 Reference value :  1.98711e-06
 Reference value :  1.98751e-06
 Reference value :  1.98798e-06
 Reference value :  1.98850e-06
 Reference value :  1.98893e-06
 Reference value :  1.98946e-06
 Reference value :  1.99002e-06
 Reference value :  1.99050e-06
 Reference value :  1.99092e-06
 Reference value :  1.99149e-06
 Reference value :  1.99187e-06
 Reference value :  1.99242e-06
 Reference value :  1.99291e-06
 Reference value :  1.99348e-06
 Reference value :  1.99414e-06
 Reference value :  1.99460e-06
 Reference value :  1.99498e-06
 Reference value :  1.99545e-06
 Reference value :  1.99600e-06
 Reference value :  1.99665e-06
 Reference value :  1.99709e-06
 Reference value :  1.99766e-06
 Reference value :  1.99821e-06
 Reference value :  1.99872e-06
 Reference value :  1.99921e-06
 Reference value :  1.99974e-06
 Reference value :  2.00025e-06
 Reference value :  2.00078e-06
 Reference value :  2.00123e-06
 Reference value :  2.00168e-06
 Reference value :  2.00222e-06
 Reference value :  2.00279e-06
 Reference value :  2.00334e-06
 Reference value :  2.00384e-06
 Reference value :  2.00446e-06
 Reference value :  2.00483e-06
 Reference value :  2.00543e-06
 Reference value :  2.00597e-06
 Reference value :  2.00644e-06
 Reference value :  2.00685e-06
 Reference value :  2.00740e-06
 Reference value :  2.00786e-06
 Reference value :  2.00840e-06
 Reference value :  2.00899e-06
 Reference value :  2.00952e-06
 Reference value :  2.01016e-06
 Reference value :  2.01062e-06
 Reference value :  2.01100e-06
 Reference value :  2.01147e-06
 Reference value :  2.01191e-06
 Reference value :  2.01235e-06
 Reference value :  2.01298e-06
 Reference value :  2.01365e-06
 Reference value :  2.01427e-06
 Reference value :  2.01465e-06
 Reference value :  2.01526e-06
 Reference value :  2.01568e-06
 Reference value :  2.01622e-06
 Reference value :  2.01672e-06
 Reference value :  2.01731e-06
 Reference value :  2.01779e-06
 Reference value :  2.01837e-06
 Reference value :  2.01892e-06
 Reference value :  2.01946e-06
 Reference value :  2.01991e-06
 Reference value :  2.02039e-06
 Reference value :  2.02084e-06
 Reference value :  2.02136e-06
 Reference value :  2.02175e-06
 Reference value :  2.02223e-06
 Reference value :  2.02271e-06
 Reference value :  2.02321e-06
 Reference value :  2.02372e-06
 Reference value :  2.02449e-06
 Reference value :  2.02511e-06
 Reference value :  2.02554e-06
 Reference value :  2.02611e-06
 Reference value :  2.02667e-06
 Reference value :  2.02720e-06
 Reference value :  2.02778e-06
 Reference value :  2.02855e-06
 Reference value :  2.02917e-06
 Reference value :  2.02962e-06
 Reference value :  2.03037e-06
 Reference value :  2.03108e-06
 Reference value :  2.03167e-06
 Reference value :  2.03219e-06
 Reference value :  2.03278e-06
 Reference value :  2.03344e-06
 Reference value :  2.03393e-06
 Reference value :  2.03452e-06
 Reference value :  2.03518e-06
 Reference value :  2.03568e-06
 Reference value :  2.03632e-06
 Reference value :  2.03680e-06
 Reference value :  2.03733e-06
 Reference value :  2.03761e-06
 Reference value :  2.03816e-06
 Reference value :  2.03862e-06
 Reference value :  2.03920e-06
 Reference value :  2.03991e-06
 Reference value :  2.04050e-06
 Reference value :  2.04104e-06
 Reference value :  2.04141e-06
 Reference value :  2.04220e-06
 Reference value :  2.04286e-06
 Reference value :  2.04343e-06
 Reference value :  2.04370e-06
 Reference value :  2.04427e-06
 Reference value :  2.04472e-06
 Reference value :  2.04545e-06
 Reference value :  2.04617e-06
 Reference value :  2.04686e-06
 Reference value :  2.04742e-06
 Reference value :  2.04809e-06
 Reference value :  2.04864e-06
 Reference value :  2.04906e-06
 Reference value :  2.04956e-06
 Reference value :  2.05006e-06
 Reference value :  2.05047e-06
 Reference value :  2.05099e-06
 Reference value :  2.05145e-06
 Reference value :  2.05193e-06
 Reference value :  2.05259e-06
 Reference value :  2.05312e-06
 Reference value :  2.05364e-06
 Reference value :  2.05422e-06
 Reference value :  2.05465e-06
 Reference value :  2.05523e-06
 Reference value :  2.05563e-06
 Reference value :  2.05613e-06
 Reference value :  2.05660e-06
 Reference value :  2.05710e-06
 Reference value :  2.05751e-06
 Reference value :  2.05810e-06
 Reference value :  2.05855e-06
 Reference value :  2.05881e-06
 Reference value :  2.05944e-06
 Reference value :  2.06008e-06
 Reference value :  2.06060e-06
 Reference value :  2.06128e-06
 Reference value :  2.06175e-06
 Reference value :  2.06248e-06
 Reference value :  2.06320e-06
 Reference value :  2.06372e-06
 Reference value :  2.06436e-06
 Reference value :  2.06497e-06
 Reference value :  2.06536e-06
 Reference value :  2.06592e-06
 Reference value :  2.06647e-06
 Reference value :  2.06706e-06
 Reference value :  2.06751e-06
 Reference value :  2.06803e-06
 Reference value :  2.06844e-06
 Reference value :  2.06896e-06
 Reference value :  2.06944e-06
 Reference value :  2.07015e-06
 Reference value :  2.07053e-06
 Reference value :  2.07112e-06
 Reference value :  2.07165e-06
 Reference value :  2.07227e-06
 Reference value :  2.07287e-06
 Reference value :  2.07331e-06
 Reference value :  2.07395e-06
 Reference value :  2.07448e-06
 Reference value :  2.07489e-06
 Reference value :  2.07536e-06
 Reference value :  2.07592e-06
 Reference value :  2.07641e-06
 Reference value :  2.07692e-06
 Reference value :  2.07745e-06
 Reference value :  2.07810e-06
 Reference value :  2.07860e-06
 Reference value :  2.07930e-06
 Reference value :  2.07985e-06
 Reference value :  2.08027e-06
 Reference value :  2.08086e-06
 Reference value :  2.08116e-06
 Reference value :  2.08157e-06
 Reference value :  2.08226e-06
 Reference value :  2.08283e-06
 Reference value :  2.08334e-06
 Reference value :  2.08392e-06
 Reference value :  2.08441e-06
 Reference value :  2.08477e-06
 Reference value :  2.08522e-06
 Reference value :  2.08582e-06
 Reference value :  2.08631e-06
 Reference value :  2.08687e-06
 Reference value :  2.08728e-06
 Reference value :  2.08784e-06
 Reference value :  2.08832e-06
 Reference value :  2.08884e-06
 Reference value :  2.08924e-06
 Reference value :  2.08979e-06
 Reference value :  2.09028e-06
 Reference value :  2.09079e-06
 Reference value :  2.09121e-06
 Reference value :  2.09175e-06
 Reference value :  2.09221e-06
 Reference value :  2.09271e-06
 Reference value :  2.09319e-06
 Reference value :  2.09370e-06
 Reference value :  2.09431e-06
 Reference value :  2.09482e-06
 Reference value :  2.09532e-06
 Reference value :  2.09592e-06
 Reference value :  2.09648e-06
 Reference value :  2.09685e-06
 Reference value :  2.09736e-06
 Reference value :  2.09811e-06
 Reference value :  2.09862e-06
 Reference value :  2.09917e-06
 Reference value :  2.09975e-06
 Reference value :  2.10000e-06
 Reference value :  2.10020e-06
 Reference value :  2.10069e-06
 Reference value :  2.10108e-06
 Reference value :  2.10162e-06
 Reference value :  2.10218e-06
 Reference value :  2.10276e-06
 Reference value :  2.10323e-06
 Reference value :  2.10385e-06
 Reference value :  2.10426e-06
 Reference value :  2.10479e-06
 Reference value :  2.10560e-06
 Reference value :  2.10615e-06
 Reference value :  2.10665e-06
 Reference value :  2.10714e-06
 Reference value :  2.10764e-06
 Reference value :  2.10813e-06
 Reference value :  2.10876e-06
 Reference value :  2.10931e-06
 Reference value :  2.10990e-06
 Reference value :  2.11040e-06
 Reference value :  2.11095e-06
 Reference value :  2.11143e-06
 Reference value :  2.11201e-06
 Reference value :  2.11263e-06
 Reference value :  2.11318e-06
 Reference value :  2.11360e-06
 Reference value :  2.11398e-06
 Reference value :  2.11449e-06
 Reference value :  2.11491e-06
 Reference value :  2.11546e-06
 Reference value :  2.11591e-06
 Reference value :  2.11648e-06
 Reference value :  2.11698e-06
 Reference value :  2.11756e-06
 Reference value :  2.11794e-06
 Reference value :  2.11848e-06
 Reference value :  2.11892e-06
 Reference value :  2.11945e-06
 Reference value :  2.11991e-06
 Reference value :  2.12039e-06
 Reference value :  2.12091e-06
 Reference value :  2.12145e-06
 Reference value :  2.12193e-06
 Reference value :  2.12244e-06
 Reference value :  2.12290e-06
 Reference value :  2.12339e-06
 Reference value :  2.12394e-06
 Reference value :  2.12444e-06
 Reference value :  2.12507e-06
 Reference value :  2.12559e-06
 Reference value :  2.12605e-06
 Reference value :  2.12657e-06
 Reference value :  2.12705e-06
 Reference value :  2.12767e-06
 Reference value :  2.12812e-06
 Reference value :  2.12863e-06
 Reference value :  2.12907e-06
 Reference value :  2.12961e-06
 Reference value :  2.13001e-06
 Reference value :  2.13051e-06
 Reference value :  2.13097e-06
 Reference value :  2.13160e-06
 Reference value :  2.13218e-06
 Reference value :  2.13265e-06
 Reference value :  2.13336e-06
 Reference value :  2.13382e-06
 Reference value :  2.13437e-06
 Reference value :  2.13481e-06
 Reference value :  2.13539e-06
 Reference value :  2.13597e-06
 Reference value :  2.13640e-06
 Reference value :  2.13685e-06
 Reference value :  2.13750e-06
 Reference value :  2.13798e-06
 Reference value :  2.13858e-06
 Reference value :  2.13900e-06
 Reference value :  2.13971e-06
 Reference value :  2.14041e-06
 Reference value :  2.14095e-06
 Reference value :  2.14149e-06
 Reference value :  2.14206e-06
 Reference value :  2.14247e-06
 Reference value :  2.14286e-06
 Reference value :  2.14342e-06
 Reference value :  2.14365e-06
 Reference value :  2.14428e-06
 Reference value :  2.14475e-06
 Reference value :  2.14534e-06
 Reference value :  2.14576e-06
 Reference value :  2.14626e-06
 Reference value :  2.14665e-06
 Reference value :  2.14727e-06
 Reference value :  2.14776e-06
 Reference value :  2.14833e-06
 Reference value :  2.14878e-06
 Reference value :  2.14929e-06
 Reference value :  2.14977e-06
 Reference value :  2.15023e-06
 Reference value :  2.15072e-06
 Reference value :  2.15131e-06
 Reference value :  2.15158e-06
 Reference value :  2.15184e-06
 Reference value :  2.15237e-06
 Reference value :  2.15276e-06
 Reference value :  2.15331e-06
 Reference value :  2.15375e-06
 Reference value :  2.15419e-06
 Reference value :  2.15460e-06
 Reference value :  2.15490e-06
 Reference value :  2.15561e-06
 Reference value :  2.15622e-06
 Reference value :  2.15678e-06
 Reference value :  2.15733e-06
 Reference value :  2.15783e-06
 Reference value :  2.15839e-06
 Reference value :  2.15882e-06
 Reference value :  2.15931e-06
 Reference value :  2.15977e-06
 Reference value :  2.16035e-06
 Reference value :  2.16075e-06
 Reference value :  2.16131e-06
 Reference value :  2.16180e-06
 Reference value :  2.16233e-06
 Reference value :  2.16272e-06
 Reference value :  2.16326e-06
 Reference value :  2.16373e-06
 Reference value :  2.16425e-06
 Reference value :  2.16460e-06
 Reference value :  2.16513e-06
 Reference value :  2.16555e-06
 Reference value :  2.16613e-06
 Reference value :  2.16657e-06
 Reference value :  2.16717e-06
 Reference value :  2.16761e-06
 Reference value :  2.16815e-06
 Reference value :  2.16860e-06
 Reference value :  2.16913e-06
 Reference value :  2.16959e-06
 Reference value :  2.17015e-06
 Reference value :  2.17060e-06
 Reference value :  2.17131e-06
 Reference value :  2.17201e-06
 Reference value :  2.17252e-06
 Reference value :  2.17301e-06
 Reference value :  2.17348e-06
 Reference value :  2.17382e-06
 Reference value :  2.17444e-06
 Reference value :  2.17505e-06
 Reference value :  2.17554e-06
 Reference value :  2.17592e-06
 Reference value :  2.17637e-06
 Reference value :  2.17691e-06
 Reference value :  2.17741e-06
 Reference value :  2.17795e-06
 Reference value :  2.17839e-06
 Reference value :  2.17888e-06
 Reference value :  2.17937e-06
 Reference value :  2.17995e-06
 Reference value :  2.18040e-06
 Reference value :  2.18097e-06
 Reference value :  2.18146e-06
 Reference value :  2.18196e-06
 Reference value :  2.18244e-06
 Reference value :  2.18293e-06
 Reference value :  2.18338e-06
 Reference value :  2.18394e-06
 Reference value :  2.18439e-06
 Reference value :  2.18502e-06
 Reference value :  2.18559e-06
 Reference value :  2.18609e-06
 Reference value :  2.18658e-06
 Reference value :  2.18705e-06
 Reference value :  2.18732e-06
 Reference value :  2.18787e-06
 Reference value :  2.18823e-06
 Reference value :  2.18860e-06
 Reference value :  2.18928e-06
 Reference value :  2.18981e-06
 Reference value :  2.18991e-06
 Reference value :  2.19040e-06
 Reference value :  2.19095e-06
 Reference value :  2.19139e-06
 Reference value :  2.19188e-06
 Reference value :  2.19220e-06
 Reference value :  2.19246e-06
 Reference value :  2.19295e-06
 Reference value :  2.19348e-06
 Reference value :  2.19396e-06
 Reference value :  2.19445e-06
 Reference value :  2.19493e-06
 Reference value :  2.19539e-06
 Reference value :  2.19594e-06
 Reference value :  2.19649e-06
 Reference value :  2.19706e-06
 Reference value :  2.19750e-06
 Reference value :  2.19803e-06
 Reference value :  2.19843e-06
 Reference value :  2.19903e-06
 Reference value :  2.19940e-06
 Reference value :  2.19996e-06
 Reference value :  2.20034e-06
 Reference value :  2.20080e-06
 Reference value :  2.20122e-06
 Reference value :  2.20178e-06
 Reference value :  2.20225e-06
 Reference value :  2.20279e-06
 Reference value :  2.20336e-06
 Reference value :  2.20377e-06
 Reference value :  2.20402e-06
 Reference value :  2.20438e-06
 Reference value :  2.20518e-06
 Reference value :  2.20558e-06
 Reference value :  2.20600e-06
 Reference value :  2.20651e-06
 Reference value :  2.20716e-06
 Reference value :  2.20762e-06
 Reference value :  2.20780e-06
 Reference value :  2.20825e-06
 Reference value :  2.20893e-06
 Reference value :  2.20943e-06
 Reference value :  2.20985e-06
 Reference value :  2.21023e-06
 Reference value :  2.21071e-06
 Reference value :  2.21118e-06
 Reference value :  2.21140e-06
 Reference value :  2.21192e-06
 Reference value :  2.21226e-06
 Reference value :  2.21272e-06
 Reference value :  2.21318e-06
 Reference value :  2.21370e-06
 Reference value :  2.21389e-06
 Reference value :  2.21438e-06
 Reference value :  2.21499e-06
 Reference value :  2.21551e-06
 Reference value :  2.21592e-06
 Reference value :  2.21658e-06
 Reference value :  2.21707e-06
 Reference value :  2.21741e-06
 Reference value :  2.21765e-06
 Reference value :  2.21822e-06
 Reference value :  2.21885e-06
 Reference value :  2.21931e-06
 Reference value :  2.21985e-06
 Reference value :  2.22034e-06
 Reference value :  2.22061e-06
 Reference value :  2.22110e-06
 Reference value :  2.22169e-06
 Reference value :  2.22210e-06
 Reference value :  2.22263e-06
 Reference value :  2.22315e-06
 Reference value :  2.22385e-06
 Reference value :  2.22458e-06
 Reference value :  2.22503e-06
 Reference value :  2.22554e-06
 Reference value :  2.22620e-06
 Reference value :  2.22656e-06
 Reference value :  2.22684e-06
 Reference value :  2.22711e-06
 Reference value :  2.22769e-06
 Reference value :  2.22817e-06
 Reference value :  2.22901e-06
 Reference value :  2.22966e-06
 Reference value :  2.23001e-06
 Reference value :  2.23061e-06
 Reference value :  2.23081e-06
 Reference value :  2.23159e-06
 Reference value :  2.23209e-06
 Reference value :  2.23279e-06
 Reference value :  2.23321e-06
 Reference value :  2.23387e-06
 Reference value :  2.23411e-06
 Reference value :  2.23470e-06
 Reference value :  2.23512e-06
 Reference value :  2.23566e-06
 Reference value :  2.23607e-06
 Reference value :  2.23663e-06
 Reference value :  2.23709e-06
 Reference value :  2.23718e-06
 Reference value :  2.23770e-06
 Reference value :  2.23817e-06
 Reference value :  2.23881e-06
 Reference value :  2.23941e-06
 Reference value :  2.24010e-06
 Reference value :  2.24066e-06
 Reference value :  2.24119e-06
 Reference value :  2.24176e-06
 Reference value :  2.24211e-06
 Reference value :  2.24270e-06
 Reference value :  2.24313e-06
 Reference value :  2.24368e-06
 Reference value :  2.24405e-06
 Reference value :  2.24432e-06
 Reference value :  2.24461e-06
 Reference value :  2.24506e-06
 Reference value :  2.24561e-06
 Reference value :  2.24597e-06
 Reference value :  2.24660e-06
 Reference value :  2.24698e-06
 Reference value :  2.24724e-06
 Reference value :  2.24780e-06
 Reference value :  2.24829e-06
 Reference value :  2.24864e-06
 Reference value :  2.24901e-06
 Reference value :  2.24949e-06
 Reference value :  2.24960e-06
 Reference value :  2.24975e-06
 Reference value :  2.25010e-06
 Reference value :  2.25064e-06
 Reference value :  2.25105e-06
 Reference value :  2.25164e-06
 Reference value :  2.25204e-06
 Reference value :  2.25212e-06
 Reference value :  2.25262e-06
 Reference value :  2.25304e-06
 Reference value :  2.25365e-06
 Reference value :  2.25422e-06
 Reference value :  2.25494e-06
 Reference value :  2.25520e-06
 Reference value :  2.25549e-06
 Reference value :  2.25598e-06
 Reference value :  2.25653e-06
 Reference value :  2.25702e-06
 Reference value :  2.25755e-06
 Reference value :  2.25800e-06
 Reference value :  2.25852e-06
 Reference value :  2.25906e-06
 Reference value :  2.25989e-06
 Reference value :  2.26058e-06
 Reference value :  2.26092e-06
 Reference value :  2.26102e-06
 Reference value :  2.26153e-06
 Reference value :  2.26206e-06
 Reference value :  2.26269e-06
 Reference value :  2.26324e-06
 Reference value :  2.26367e-06
 Reference value :  2.26403e-06
 Reference value :  2.26455e-06
 Reference value :  2.26498e-06
 Reference value :  2.26550e-06
 Reference value :  2.26596e-06
 Reference value :  2.26630e-06
 Reference value :  2.26682e-06
 Reference value :  2.26718e-06
 Reference value :  2.26778e-06
 Reference value :  2.26794e-06
 Reference value :  2.26854e-06
 Reference value :  2.26900e-06
 Reference value :  2.26958e-06
 Reference value :  2.27002e-06
 Reference value :  2.27007e-06
 Reference value :  2.27026e-06
 Reference value :  2.27077e-06
 Reference value :  2.27137e-06
 Reference value :  2.27170e-06
 Reference value :  2.27183e-06
 Reference value :  2.27197e-06
 Reference value :  2.27251e-06
 Reference value :  2.27292e-06
 Reference value :  2.27347e-06
 Reference value :  2.27394e-06
 Reference value :  2.27451e-06
 Reference value :  2.27484e-06
 Reference value :  2.27540e-06
 Reference value :  2.27592e-06
 Reference value :  2.27654e-06
 Reference value :  2.27695e-06
 Reference value :  2.27723e-06
 Reference value :  2.27765e-06
 Reference value :  2.27793e-06
 Reference value :  2.27838e-06
 Reference value :  2.27891e-06
 Reference value :  2.27953e-06
 Reference value :  2.27995e-06
 Reference value :  2.28051e-06
 Reference value :  2.28108e-06
 Reference value :  2.28150e-06
 Reference value :  2.28165e-06
 Reference value :  2.28218e-06
 Reference value :  2.28255e-06
 Reference value :  2.28305e-06
 Reference value :  2.28346e-06
 Reference value :  2.28387e-06
 Reference value :  2.28405e-06
 Reference value :  2.28464e-06
 Reference value :  2.28504e-06
 Reference value :  2.28561e-06
 Reference value :  2.28608e-06
 Reference value :  2.28666e-06
 Reference value :  2.28714e-06
 Reference value :  2.28747e-06
 Reference value :  2.28796e-06
 Reference value :  2.28845e-06
 Reference value :  2.28886e-06
 Reference value :  2.28909e-06
 Reference value :  2.28942e-06
 Reference value :  2.28980e-06
 Reference value :  2.29037e-06
 Reference value :  2.29081e-06
 Reference value :  2.29137e-06
 Reference value :  2.29160e-06
 Reference value :  2.29199e-06
 Reference value :  2.29266e-06
 Reference value :  2.29293e-06
 Reference value :  2.29350e-06
 Reference value :  2.29383e-06
 Reference value :  2.29409e-06
 Reference value :  2.29462e-06
 Reference value :  2.29529e-06
 Reference value :  2.29583e-06
 Reference value :  2.29654e-06
 Reference value :  2.29704e-06
 Reference value :  2.29744e-06
 Reference value :  2.29757e-06
 Reference value :  2.29795e-06
 Reference value :  2.29854e-06
 Reference value :  2.29914e-06
 Reference value :  2.29958e-06
 Reference value :  2.30006e-06
 Reference value :  2.30025e-06
 Reference value :  2.30063e-06
 Reference value :  2.30105e-06
 Reference value :  2.30154e-06
 Reference value :  2.30198e-06
 Reference value :  2.30255e-06
 Reference value :  2.30276e-06
 Reference value :  2.30306e-06
 Reference value :  2.30345e-06
 Reference value :  2.30385e-06
 Reference value :  2.30442e-06
 Reference value :  2.30488e-06
 Reference value :  2.30531e-06
 Reference value :  2.30579e-06
 Reference value :  2.30633e-06
 Reference value :  2.30668e-06
 Reference value :  2.30733e-06
 Reference value :  2.30772e-06
 Reference value :  2.30780e-06
 Reference value :  2.30805e-06
 Reference value :  2.30861e-06
 Reference value :  2.30915e-06
 Reference value :  2.30962e-06
 Reference value :  2.31025e-06
 Reference value :  2.31071e-06
 Reference value :  2.31123e-06
 Reference value :  2.31164e-06
 Reference value :  2.31217e-06
 Reference value :  2.31265e-06
 Reference value :  2.31312e-06
 Reference value :  2.31352e-06
 Reference value :  2.31374e-06
 Reference value :  2.31411e-06
 Reference value :  2.31464e-06
 Reference value :  2.31526e-06
 Reference value :  2.31558e-06
 Reference value :  2.31583e-06
 Reference value :  2.31624e-06
 Reference value :  2.31667e-06
 Reference value :  2.31726e-06
 Reference value :  2.31773e-06
 Reference value :  2.31830e-06
 Reference value :  2.31872e-06
 Reference value :  2.31903e-06
 Reference value :  2.31948e-06
 Reference value :  2.31992e-06
 Reference value :  2.32038e-06
 Reference value :  2.32058e-06
 Reference value :  2.32078e-06
 Reference value :  2.32133e-06
 Reference value :  2.32176e-06
 Reference value :  2.32226e-06
 Reference value :  2.32271e-06
 Reference value :  2.32324e-06
 Reference value :  2.32354e-06
 Reference value :  2.32413e-06
 Reference value :  2.32437e-06
 Reference value :  2.32480e-06
 Reference value :  2.32535e-06
 Reference value :  2.32589e-06
 Reference value :  2.32638e-06
 Reference value :  2.32674e-06
 Reference value :  2.32706e-06
 Reference value :  2.32741e-06
 Reference value :  2.32806e-06
 Reference value :  2.32852e-06
 Reference value :  2.32911e-06
 Reference value :  2.32953e-06
 Reference value :  2.33004e-06
 Reference value :  2.33067e-06
 Reference value :  2.33114e-06
 Reference value :  2.33166e-06
 Reference value :  2.33212e-06
 Reference value :  2.33262e-06
 Reference value :  2.33298e-06
 Reference value :  2.33353e-06
 Reference value :  2.33405e-06
 Reference value :  2.33450e-06
 Reference value :  2.33514e-06
 Reference value :  2.33555e-06
 Reference value :  2.33632e-06
 Reference value :  2.33679e-06
 Reference value :  2.33715e-06
 Reference value :  2.33747e-06
 Reference value :  2.33787e-06
 Reference value :  2.33833e-06
 Reference value :  2.33852e-06
 Reference value :  2.33875e-06
 Reference value :  2.33909e-06
 Reference value :  2.33953e-06
 Reference value :  2.34017e-06
 Reference value :  2.34069e-06
 Reference value :  2.34128e-06
 Reference value :  2.34168e-06
 Reference value :  2.34198e-06
 Reference value :  2.34238e-06
 Reference value :  2.34303e-06
 Reference value :  2.34352e-06
 Reference value :  2.34420e-06
 Reference value :  2.34456e-06
 Reference value :  2.34508e-06
 Reference value :  2.34554e-06
 Reference value :  2.34615e-06
 Reference value :  2.34659e-06
 Reference value :  2.34719e-06
 Reference value :  2.34771e-06
 Reference value :  2.34821e-06
 Reference value :  2.34880e-06
 Reference value :  2.34907e-06
 Reference value :  2.34933e-06
 Reference value :  2.34995e-06
 Reference value :  2.35043e-06
 Reference value :  2.35094e-06
 Reference value :  2.35134e-06
 Reference value :  2.35168e-06
 Reference value :  2.35206e-06
 Reference value :  2.35260e-06
 Reference value :  2.35303e-06
 Reference value :  2.35362e-06
 Reference value :  2.35416e-06
 Reference value :  2.35483e-06
 Reference value :  2.35512e-06
 Reference value :  2.35547e-06
 Reference value :  2.35586e-06
 Reference value :  2.35629e-06
 Reference value :  2.35686e-06
 Reference value :  2.35728e-06
 Reference value :  2.35751e-06
 Reference value :  2.35796e-06
 Reference value :  2.35837e-06
 Reference value :  2.35891e-06
 Reference value :  2.35934e-06
 Reference value :  2.35986e-06
 Reference value :  2.36042e-06
 Reference value :  2.36073e-06
 Reference value :  2.36100e-06
 Reference value :  2.36136e-06
 Reference value :  2.36200e-06
 Reference value :  2.36248e-06
 Reference value :  2.36285e-06
 Reference value :  2.36340e-06
 Reference value :  2.36426e-06
 Reference value :  2.36490e-06
 Reference value :  2.36543e-06
 Reference value :  2.36578e-06
 Reference value :  2.36598e-06
 Reference value :  2.36645e-06
 Reference value :  2.36679e-06
 Reference value :  2.36720e-06
 Reference value :  2.36742e-06
 Reference value :  2.36795e-06
 Reference value :  2.36829e-06
 Reference value :  2.36880e-06
 Reference value :  2.36918e-06
 Reference value :  2.36955e-06
 Reference value :  2.36983e-06
 Reference value :  2.37013e-06
 Reference value :  2.37074e-06
 Reference value :  2.37121e-06
 Reference value :  2.37193e-06
 Reference value :  2.37231e-06
 Reference value :  2.37282e-06
 Reference value :  2.37322e-06
 Reference value :  2.37389e-06
 Reference value :  2.37425e-06
 Reference value :  2.37491e-06
 Reference value :  2.37532e-06
 Reference value :  2.37572e-06
 Reference value :  2.37609e-06
 Reference value :  2.37640e-06
 Reference value :  2.37686e-06
 Reference value :  2.37722e-06
 Reference value :  2.37760e-06
 Reference value :  2.37815e-06
 Reference value :  2.37871e-06
 Reference value :  2.37923e-06
 Reference value :  2.37939e-06
 Reference value :  2.38011e-06
 Reference value :  2.38056e-06
 Reference value :  2.38097e-06
 Reference value :  2.38135e-06
 Reference value :  2.38178e-06
 Reference value :  2.38235e-06
 Reference value :  2.38281e-06
 Reference value :  2.38313e-06
 Reference value :  2.38343e-06
 Reference value :  2.38388e-06
 Reference value :  2.38433e-06
 Reference value :  2.38476e-06
 Reference value :  2.38510e-06
 Reference value :  2.38540e-06
 Reference value :  2.38565e-06
 Reference value :  2.38628e-06
 Reference value :  2.38663e-06
 Reference value :  2.38697e-06
 Reference value :  2.38733e-06
 Reference value :  2.38772e-06
 Reference value :  2.38815e-06
 Reference value :  2.38863e-06
 Reference value :  2.38905e-06
 Reference value :  2.38963e-06
 Reference value :  2.38978e-06
 Reference value :  2.39018e-06
 Reference value :  2.39083e-06
 Reference value :  2.39121e-06
 Reference value :  2.39189e-06
 Reference value :  2.39216e-06
 Reference value :  2.39276e-06
 Reference value :  2.39319e-06
 Reference value :  2.39366e-06
 Reference value :  2.39421e-06
 Reference value :  2.39469e-06
 Reference value :  2.39522e-06
 Reference value :  2.39577e-06
 Reference value :  2.39604e-06
 Reference value :  2.39659e-06
 Reference value :  2.39703e-06
 Reference value :  2.39756e-06
 Reference value :  2.39801e-06
 Reference value :  2.39854e-06
 Reference value :  2.39897e-06
 Reference value :  2.39950e-06
 Reference value :  2.39996e-06
 Reference value :  2.40053e-06
 Reference value :  2.40100e-06
 Reference value :  2.40148e-06
 Reference value :  2.40193e-06
 Reference value :  2.40250e-06
 Reference value :  2.40290e-06
 Reference value :  2.40344e-06
 Reference value :  2.40391e-06
 Reference value :  2.40442e-06
 Reference value :  2.40474e-06
 Reference value :  2.40545e-06
 Reference value :  2.40597e-06
 Reference value :  2.40643e-06
 Reference value :  2.40687e-06
 Reference value :  2.40733e-06
 Reference value :  2.40775e-06
 Reference value :  2.40819e-06
 Reference value :  2.40858e-06
 Reference value :  2.40894e-06
 Reference value :  2.40940e-06
 Reference value :  2.40996e-06
 Reference value :  2.41055e-06
 Reference value :  2.41101e-06
 Reference value :  2.41167e-06
 Reference value :  2.41208e-06
 Reference value :  2.41251e-06
 Reference value :  2.41312e-06
 Reference value :  2.41355e-06
 Reference value :  2.41431e-06
 Reference value :  2.41485e-06
 Reference value :  2.41561e-06
 Reference value :  2.41606e-06
 Reference value :  2.41675e-06
 Reference value :  2.41731e-06
 Reference value :  2.41785e-06
 Reference value :  2.41837e-06
 Reference value :  2.41862e-06
 Reference value :  2.41898e-06
 Reference value :  2.41968e-06
 Reference value :  2.42024e-06
 Reference value :  2.42084e-06
 Reference value :  2.42143e-06
 Reference value :  2.42179e-06
 Reference value :  2.42191e-06
 Reference value :  2.42259e-06
 Reference value :  2.42333e-06
 Reference value :  2.42382e-06
 Reference value :  2.42437e-06
 Reference value :  2.42487e-06
 Reference value :  2.42543e-06
 Reference value :  2.42613e-06
 Reference value :  2.42672e-06
 Reference value :  2.42740e-06
 Reference value :  2.42799e-06
 Reference value :  2.42880e-06
 Reference value :  2.42934e-06
 Reference value :  2.42983e-06
 Reference value :  2.43053e-06
 Reference value :  2.43118e-06
 Reference value :  2.43187e-06
 Reference value :  2.43245e-06
 Reference value :  2.43291e-06
 Reference value :  2.43360e-06
 Reference value :  2.43429e-06
 Reference value :  2.43501e-06
 Reference value :  2.43557e-06
 Reference value :  2.43616e-06
 Reference value :  2.43675e-06
 Reference value :  2.43764e-06
 Reference value :  2.43823e-06
 Reference value :  2.43859e-06
 Reference value :  2.43917e-06
 Reference value :  2.43982e-06
 Reference value :  2.44000e-06
 Reference value :  2.44049e-06
 Reference value :  2.44107e-06
 Reference value :  2.44167e-06
 Reference value :  2.44238e-06
 Reference value :  2.44319e-06
 Reference value :  2.44383e-06
 Reference value :  2.44441e-06
 Reference value :  2.44489e-06
 Reference value :  2.44563e-06
 Reference value :  2.44619e-06
 Reference value :  2.44674e-06
 Reference value :  2.44731e-06
 Reference value :  2.44787e-06
 Reference value :  2.44844e-06
 Reference value :  2.44909e-06
 Reference value :  2.44949e-06
 Reference value :  2.45001e-06
 Reference value :  2.45033e-06
 Reference value :  2.45074e-06
 Reference value :  2.45118e-06
 Reference value :  2.45181e-06
 Reference value :  2.45221e-06
 Reference value :  2.45284e-06
 Reference value :  2.45335e-06
 Reference value :  2.45400e-06
 Reference value :  2.45464e-06
 Reference value :  2.45517e-06
 Reference value :  2.45563e-06
 Reference value :  2.45611e-06
 Reference value :  2.45672e-06
 Reference value :  2.45705e-06
 Reference value :  2.45771e-06
 Reference value :  2.45821e-06
 Reference value :  2.45884e-06
 Reference value :  2.45934e-06
 Reference value :  2.46003e-06
 Reference value :  2.46061e-06
 Reference value :  2.46101e-06
 Reference value :  2.46160e-06
 Reference value :  2.46213e-06
 Reference value :  2.46263e-06
 Reference value :  2.46315e-06
 Reference value :  2.46376e-06
 Reference value :  2.46425e-06
 Reference value :  2.46473e-06
 Reference value :  2.46530e-06
 Reference value :  2.46570e-06
 Reference value :  2.46620e-06
 Reference value :  2.46668e-06
 Reference value :  2.46707e-06
 Reference value :  2.46763e-06
 Reference value :  2.46802e-06
 Reference value :  2.46856e-06
 Reference value :  2.46907e-06
 Reference value :  2.46966e-06
 Reference value :  2.47027e-06
 Reference value :  2.47085e-06
 Reference value :  2.47138e-06
 Reference value :  2.47187e-06
 Reference value :  2.47217e-06
 Reference value :  2.47265e-06
 Reference value :  2.47307e-06
 Reference value :  2.47364e-06
 Reference value :  2.47424e-06
 Reference value :  2.47481e-06
 Reference value :  2.47522e-06
 Reference value :  2.47582e-06
 Reference value :  2.47636e-06
 Reference value :  2.47691e-06
 Reference value :  2.47755e-06
 Reference value :  2.47794e-06
 Reference value :  2.47850e-06
 Reference value :  2.47897e-06
 Reference value :  2.47945e-06
 Reference value :  2.47992e-06
 Reference value :  2.48032e-06
 Reference value :  2.48081e-06
 Reference value :  2.48135e-06
 Reference value :  2.48187e-06
 Reference value :  2.48251e-06
 Reference value :  2.48291e-06
 Reference value :  2.48362e-06
 Reference value :  2.48413e-06
 Reference value :  2.48468e-06
 Reference value :  2.48511e-06
 Reference value :  2.48557e-06
 Reference value :  2.48596e-06
 Reference value :  2.48649e-06
 Reference value :  2.48699e-06
 Reference value :  2.48777e-06
 Reference value :  2.48815e-06
 Reference value :  2.48860e-06
 Reference value :  2.48900e-06
 Reference value :  2.48961e-06
 Reference value :  2.49009e-06
 Reference value :  2.49062e-06
 Reference value :  2.49101e-06
 Reference value :  2.49143e-06
 Reference value :  2.49180e-06
 Reference value :  2.49236e-06
 Reference value :  2.49275e-06
 Reference value :  2.49329e-06
 Reference value :  2.49390e-06
 Reference value :  2.49449e-06
 Reference value :  2.49501e-06
 Reference value :  2.49555e-06
 Reference value :  2.49619e-06
 Reference value :  2.49684e-06
 Reference value :  2.49762e-06
 Reference value :  2.49821e-06
 Reference value :  2.49873e-06
 Reference value :  2.49927e-06
 Reference value :  2.49986e-06
 Reference value :  2.50037e-06
 Reference value :  2.50050e-06
 Reference value :  2.50091e-06
 Reference value :  2.50145e-06
 Reference value :  2.50189e-06
 Reference value :  2.50244e-06
 Reference value :  2.50288e-06
 Reference value :  2.50354e-06
 Reference value :  2.50402e-06
 Reference value :  2.50444e-06
 Reference value :  2.50498e-06
 Reference value :  2.50549e-06
 Reference value :  2.50599e-06
 Reference value :  2.50646e-06
 Reference value :  2.50699e-06
 Reference value :  2.50770e-06
 Reference value :  2.50832e-06
 Reference value :  2.50883e-06
 Reference value :  2.50944e-06
 Reference value :  2.50986e-06
 Reference value :  2.51027e-06
 Reference value :  2.51076e-06
 Reference value :  2.51129e-06
 Reference value :  2.51183e-06
 Reference value :  2.51240e-06
 Reference value :  2.51294e-06
 Reference value :  2.51357e-06
 Reference value :  2.51401e-06
 Reference value :  2.51441e-06
 Reference value :  2.51466e-06
 Reference value :  2.51521e-06
 Reference value :  2.51568e-06
 Reference value :  2.51626e-06
 Reference value :  2.51667e-06
 Reference value :  2.51724e-06
 Reference value :  2.51775e-06
 Reference value :  2.51828e-06
 Reference value :  2.51869e-06
 Reference value :  2.51921e-06
 Reference value :  2.51973e-06
 Reference value :  2.52025e-06
 Reference value :  2.52075e-06
 Reference value :  2.52132e-06
 Reference value :  2.52193e-06
 Reference value :  2.52245e-06
 Reference value :  2.52306e-06
 Reference value :  2.52351e-06
 Reference value :  2.52408e-06
 Reference value :  2.52449e-06
 Reference value :  2.52502e-06
 Reference value :  2.52547e-06
 Reference value :  2.52602e-06
 Reference value :  2.52656e-06
 Reference value :  2.52718e-06
 Reference value :  2.52763e-06
 Reference value :  2.52805e-06
 Reference value :  2.52850e-06
 Reference value :  2.52900e-06
 Reference value :  2.52956e-06
 Reference value :  2.53024e-06
 Reference value :  2.53093e-06
 Reference value :  2.53151e-06
 Reference value :  2.53209e-06
 Reference value :  2.53252e-06
 Reference value :  2.53311e-06
 Reference value :  2.53363e-06
 Reference value :  2.53406e-06
 Reference value :  2.53459e-06
 Reference value :  2.53514e-06
 Reference value :  2.53557e-06
 Reference value :  2.53610e-06
 Reference value :  2.53657e-06
 Reference value :  2.53709e-06
 Reference value :  2.53771e-06
 Reference value :  2.53827e-06
 Reference value :  2.53893e-06
 Reference value :  2.53948e-06
 Reference value :  2.53996e-06
 Reference value :  2.54041e-06
 Reference value :  2.54096e-06
 Reference value :  2.54131e-06
 Reference value :  2.54174e-06
 Reference value :  2.54224e-06
 Reference value :  2.54271e-06
 Reference value :  2.54343e-06
 Reference value :  2.54390e-06
 Reference value :  2.54441e-06
 Reference value :  2.54490e-06
 Reference value :  2.54553e-06
 Reference value :  2.54628e-06
 Reference value :  2.54706e-06
 Reference value :  2.54763e-06
 Reference value :  2.54793e-06
 Reference value :  2.54853e-06
 Reference value :  2.54904e-06
 Reference value :  2.54975e-06
 Reference value :  2.55020e-06
 Reference value :  2.55065e-06
 Reference value :  2.55123e-06
 Reference value :  2.55180e-06
 Reference value :  2.55237e-06
 Reference value :  2.55285e-06
 Reference value :  2.55340e-06
 Reference value :  2.55400e-06
 Reference value :  2.55460e-06
 Reference value :  2.55500e-06
 Reference value :  2.55560e-06
 Reference value :  2.55614e-06
 Reference value :  2.55687e-06
 Reference value :  2.55738e-06
 Reference value :  2.55792e-06
 Reference value :  2.55843e-06
 Reference value :  2.55917e-06
 Reference value :  2.55979e-06
 Reference value :  2.56029e-06
 Reference value :  2.56104e-06
 Reference value :  2.56149e-06
 Reference value :  2.56201e-06
 Reference value :  2.56237e-06
 Reference value :  2.56287e-06
 Reference value :  2.56329e-06
 Reference value :  2.56378e-06
 Reference value :  2.56429e-06
 Reference value :  2.56481e-06
 Reference value :  2.56521e-06
 Reference value :  2.56572e-06
 Reference value :  2.56627e-06
 Reference value :  2.56674e-06
 Reference value :  2.56720e-06
 Reference value :  2.56767e-06
 Reference value :  2.56812e-06
 Reference value :  2.56857e-06
 Reference value :  2.56911e-06
 Reference value :  2.56968e-06
 Reference value :  2.57016e-06
 Reference value :  2.57074e-06
 Reference value :  2.57120e-06
 Reference value :  2.57180e-06
 Reference value :  2.57224e-06
 Reference value :  2.57296e-06
 Reference value :  2.57347e-06
 Reference value :  2.57403e-06
 Reference value :  2.57456e-06
 Reference value :  2.57507e-06
 Reference value :  2.57567e-06
 Reference value :  2.57622e-06
 Reference value :  2.57665e-06
 Reference value :  2.57718e-06
 Reference value :  2.57771e-06
 Reference value :  2.57817e-06
 Reference value :  2.57868e-06
 Reference value :  2.57915e-06
 Reference value :  2.57981e-06
 Reference value :  2.58015e-06
 Reference value :  2.58063e-06
 Reference value :  2.58102e-06
 Reference value :  2.58158e-06
 Reference value :  2.58206e-06
 Reference value :  2.58256e-06
 Reference value :  2.58302e-06
 Reference value :  2.58346e-06
 Reference value :  2.58391e-06
 Reference value :  2.58433e-06
 Reference value :  2.58478e-06
 Reference value :  2.58539e-06
 Reference value :  2.58583e-06
 Reference value :  2.58649e-06
 Reference value :  2.58702e-06
 Reference value :  2.58754e-06
 Reference value :  2.58804e-06
 Reference value :  2.58842e-06
 Reference value :  2.58906e-06
 Reference value :  2.58969e-06
 Reference value :  2.59021e-06
 Reference value :  2.59067e-06
 Reference value :  2.59113e-06
 Reference value :  2.59168e-06
 Reference value :  2.59214e-06
 Reference value :  2.59260e-06
 Reference value :  2.59314e-06
 Reference value :  2.59368e-06
 Reference value :  2.59410e-06
 Reference value :  2.59486e-06
 Reference value :  2.59535e-06
 Reference value :  2.59606e-06
 Reference value :  2.59680e-06
 Reference value :  2.59750e-06
 Reference value :  2.59799e-06
 Reference value :  2.59853e-06
 Reference value :  2.59900e-06
 Reference value :  2.59948e-06
 Reference value :  2.59989e-06
 Reference value :  2.60041e-06
 Reference value :  2.60091e-06
 Reference value :  2.60146e-06
 Reference value :  2.60186e-06
 Reference value :  2.60249e-06
 Reference value :  2.60294e-06
 Reference value :  2.60353e-06
 Reference value :  2.60404e-06
 Reference value :  2.60456e-06
 Reference value :  2.60499e-06
 Reference value :  2.60552e-06
 Reference value :  2.60598e-06
 Reference value :  2.60649e-06
 Reference value :  2.60702e-06
 Reference value :  2.60732e-06
 Reference value :  2.60784e-06
 Reference value :  2.60840e-06
 Reference value :  2.60888e-06
 Reference value :  2.60941e-06
 Reference value :  2.60985e-06
 Reference value :  2.61047e-06
 Reference value :  2.61087e-06
 Reference value :  2.61144e-06
 Reference value :  2.61180e-06
 Reference value :  2.61227e-06
 Reference value :  2.61268e-06
 Reference value :  2.61295e-06
 Reference value :  2.61364e-06
 Reference value :  2.61437e-06
 Reference value :  2.61479e-06
 Reference value :  2.61532e-06
 Reference value :  2.61585e-06
 Reference value :  2.61630e-06
 Reference value :  2.61698e-06
 Reference value :  2.61760e-06
 Reference value :  2.61810e-06
 Reference value :  2.61880e-06
 Reference value :  2.61946e-06
 Reference value :  2.62005e-06
 Reference value :  2.62078e-06
 Reference value :  2.62134e-06
 Reference value :  2.62181e-06
 Reference value :  2.62241e-06
 Reference value :  2.62289e-06
 Reference value :  2.62337e-06
 Reference value :  2.62382e-06
 Reference value :  2.62441e-06
 Reference value :  2.62494e-06
 Reference value :  2.62566e-06
 Reference value :  2.62613e-06
 Reference value :  2.62672e-06
 Reference value :  2.62724e-06
 Reference value :  2.62776e-06
 Reference value :  2.62858e-06
 Reference value :  2.62907e-06
 Reference value :  2.62964e-06
 Reference value :  2.62999e-06
 Reference value :  2.63077e-06
 Reference value :  2.63128e-06
 Reference value :  2.63181e-06
 Reference value :  2.63252e-06
 Reference value :  2.63313e-06
 Reference value :  2.63391e-06
 Reference value :  2.63465e-06
 Reference value :  2.63531e-06
 Reference value :  2.63599e-06
 Reference value :  2.63682e-06
 Reference value :  2.63760e-06
 Reference value :  2.63826e-06
 Reference value :  2.63884e-06
 Reference value :  2.63945e-06
 Reference value :  2.63983e-06
 Reference value :  2.64058e-06
 Reference value :  2.64133e-06
 Reference value :  2.64188e-06
 Reference value :  2.64255e-06
 Reference value :  2.64313e-06
 Reference value :  2.64366e-06
 Reference value :  2.64417e-06
 Reference value :  2.64479e-06
 Reference value :  2.64533e-06
 Reference value :  2.64583e-06
 Reference value :  2.64640e-06
 Reference value :  2.64694e-06
 Reference value :  2.64757e-06
 Reference value :  2.64784e-06
 Reference value :  2.64843e-06
 Reference value :  2.64896e-06
 Reference value :  2.64946e-06
 Reference value :  2.64992e-06
 Reference value :  2.65047e-06
 Reference value :  2.65091e-06
 Reference value :  2.65152e-06
 Reference value :  2.65201e-06
 Reference value :  2.65245e-06
 Reference value :  2.65290e-06
 Reference value :  2.65352e-06
 Reference value :  2.65393e-06
 Reference value :  2.65469e-06
 Reference value :  2.65507e-06
 Reference value :  2.65547e-06
 Reference value :  2.65591e-06
 Reference value :  2.65639e-06
 Reference value :  2.65687e-06
 Reference value :  2.65749e-06
 Reference value :  2.65825e-06
 Reference value :  2.65877e-06
 Reference value :  2.65942e-06
 Reference value :  2.65986e-06
 Reference value :  2.66056e-06
 Reference value :  2.66116e-06
 Reference value :  2.66167e-06
 Reference value :  2.66225e-06
 Reference value :  2.66273e-06
 Reference value :  2.66328e-06
 Reference value :  2.66376e-06
 Reference value :  2.66420e-06
 Reference value :  2.66465e-06
 Reference value :  2.66527e-06
 Reference value :  2.66574e-06
 Reference value :  2.66622e-06
 Reference value :  2.66670e-06
 Reference value :  2.66739e-06
 Reference value :  2.66778e-06
 Reference value :  2.66841e-06
 Reference value :  2.66896e-06
 Reference value :  2.66930e-06
 Reference value :  2.66980e-06
 Reference value :  2.67021e-06
 Reference value :  2.67077e-06
 Reference value :  2.67118e-06
 Reference value :  2.67170e-06
 Reference value :  2.67238e-06
 Reference value :  2.67300e-06
 Reference value :  2.67341e-06
 Reference value :  2.67417e-06
 Reference value :  2.67467e-06
 Reference value :  2.67527e-06
 Reference value :  2.67581e-06
 Reference value :  2.67648e-06
 Reference value :  2.67701e-06
 Reference value :  2.67776e-06
 Reference value :  2.67860e-06
 Reference value :  2.67915e-06
 Reference value :  2.67979e-06
 Reference value :  2.68057e-06
 Reference value :  2.68121e-06
 Reference value :  2.68185e-06
 Reference value :  2.68255e-06
 Reference value :  2.68333e-06
 Reference value :  2.68358e-06
 Reference value :  2.68426e-06
 Reference value :  2.68477e-06
 Reference value :  2.68525e-06
 Reference value :  2.68614e-06
 Reference value :  2.68668e-06
 Reference value :  2.68721e-06
 Reference value :  2.68770e-06
 Reference value :  2.68828e-06
 Reference value :  2.68921e-06
 Reference value :  2.68984e-06
 Reference value :  2.69055e-06
 Reference value :  2.69125e-06
 Reference value :  2.69169e-06
 Reference value :  2.69240e-06
 Reference value :  2.69328e-06
 Reference value :  2.69414e-06
 Reference value :  2.69487e-06
 Reference value :  2.69547e-06
 Reference value :  2.69609e-06
 Reference value :  2.69690e-06
 Reference value :  2.69765e-06
 Reference value :  2.69834e-06
 Reference value :  2.69897e-06
 Reference value :  2.69965e-06
 Reference value :  2.70030e-06
 Reference value :  2.70086e-06
 Reference value :  2.70135e-06
 Reference value :  2.70181e-06
 Reference value :  2.70243e-06
 Reference value :  2.70295e-06
 Reference value :  2.70351e-06
 Reference value :  2.70397e-06
 Reference value :  2.70448e-06
 Reference value :  2.70494e-06
 Reference value :  2.70549e-06
 Reference value :  2.70607e-06
 Reference value :  2.70645e-06
 Reference value :  2.70679e-06
 Reference value :  2.70729e-06
 Reference value :  2.70766e-06
 Reference value :  2.70807e-06
 Reference value :  2.70871e-06
 Reference value :  2.70929e-06
 Reference value :  2.70980e-06
 Reference value :  2.71033e-06
 Reference value :  2.71093e-06
 Reference value :  2.71126e-06
 Reference value :  2.71171e-06
 Reference value :  2.71218e-06
 Reference value :  2.71271e-06
 Reference value :  2.71321e-06
 Reference value :  2.71371e-06
 Reference value :  2.71434e-06
 Reference value :  2.71477e-06
 Reference value :  2.71537e-06
 Reference value :  2.71563e-06
 Reference value :  2.71623e-06
 Reference value :  2.71667e-06
 Reference value :  2.71715e-06
 Reference value :  2.71764e-06
 Reference value :  2.71817e-06
 Reference value :  2.71863e-06
 Reference value :  2.71925e-06
 Reference value :  2.71961e-06
 Reference value :  2.72014e-06
 Reference value :  2.72056e-06
 Reference value :  2.72124e-06
 Reference value :  2.72182e-06
 Reference value :  2.72231e-06
 Reference value :  2.72276e-06
 Reference value :  2.72335e-06
 Reference value :  2.72391e-06
 Reference value :  2.72449e-06
 Reference value :  2.72512e-06
 Reference value :  2.72568e-06
 Reference value :  2.72621e-06
 Reference value :  2.72656e-06
 Reference value :  2.72708e-06
 Reference value :  2.72754e-06
 Reference value :  2.72804e-06
 Reference value :  2.72858e-06
 Reference value :  2.72914e-06
 Reference value :  2.72977e-06
 Reference value :  2.73044e-06
 Reference value :  2.73096e-06
 Reference value :  2.73148e-06
 Reference value :  2.73216e-06
 Reference value :  2.73282e-06
 Reference value :  2.73368e-06
 Reference value :  2.73430e-06
 Reference value :  2.73491e-06
 Reference value :  2.73534e-06
 Reference value :  2.73593e-06
 Reference value :  2.73650e-06
 Reference value :  2.73700e-06
 Reference value :  2.73738e-06
 Reference value :  2.73784e-06
 Reference value :  2.73851e-06
 Reference value :  2.73889e-06
 Reference value :  2.73931e-06
 Reference value :  2.73991e-06
 Reference value :  2.74038e-06
 Reference value :  2.74098e-06
 Reference value :  2.74152e-06
 Reference value :  2.74227e-06
 Reference value :  2.74273e-06
 Reference value :  2.74336e-06
 Reference value :  2.74386e-06
 Reference value :  2.74455e-06
 Reference value :  2.74503e-06
 Reference value :  2.74553e-06
 Reference value :  2.74622e-06
 Reference value :  2.74674e-06
 Reference value :  2.74738e-06
 Reference value :  2.74790e-06
 Reference value :  2.74873e-06
 Reference value :  2.74913e-06
 Reference value :  2.74962e-06
 Reference value :  2.75010e-06
 Reference value :  2.75057e-06
 Reference value :  2.75112e-06
 Reference value :  2.75153e-06
 Reference value :  2.75211e-06
 Reference value :  2.75263e-06
 Reference value :  2.75319e-06
 Reference value :  2.75361e-06
 Reference value :  2.75414e-06
 Reference value :  2.75460e-06
 Reference value :  2.75529e-06
 Reference value :  2.75572e-06
 Reference value :  2.75621e-06
 Reference value :  2.75664e-06
 Reference value :  2.75730e-06
 Reference value :  2.75768e-06
 Reference value :  2.75828e-06
 Reference value :  2.75873e-06
 Reference value :  2.75925e-06
 Reference value :  2.75984e-06
 Reference value :  2.76034e-06
 Reference value :  2.76104e-06
 Reference value :  2.76158e-06
 Reference value :  2.76214e-06
 Reference value :  2.76258e-06
 Reference value :  2.76309e-06
 Reference value :  2.76357e-06
 Reference value :  2.76432e-06
 Reference value :  2.76493e-06
 Reference value :  2.76548e-06
 Reference value :  2.76606e-06
 Reference value :  2.76652e-06
 Reference value :  2.76701e-06
 Reference value :  2.76743e-06
 Reference value :  2.76795e-06
 Reference value :  2.76849e-06
 Reference value :  2.76905e-06
 Reference value :  2.76964e-06
 Reference value :  2.77022e-06
 Reference value :  2.77064e-06
 Reference value :  2.77128e-06
 Reference value :  2.77182e-06
 Reference value :  2.77243e-06
 Reference value :  2.77265e-06
 Reference value :  2.77311e-06
 Reference value :  2.77381e-06
 Reference value :  2.77447e-06
 Reference value :  2.77506e-06
 Reference value :  2.77587e-06
 Reference value :  2.77651e-06
 Reference value :  2.77711e-06
 Reference value :  2.77754e-06
 Reference value :  2.77817e-06
 Reference value :  2.77855e-06
 Reference value :  2.77909e-06
 Reference value :  2.77959e-06
 Reference value :  2.78023e-06
 Reference value :  2.78100e-06
 Reference value :  2.78153e-06
 Reference value :  2.78210e-06
 Reference value :  2.78265e-06
 Reference value :  2.78343e-06
 Reference value :  2.78374e-06
 Reference value :  2.78450e-06
 Reference value :  2.78506e-06
 Reference value :  2.78556e-06
 Reference value :  2.78635e-06
 Reference value :  2.78685e-06
 Reference value :  2.78747e-06
 Reference value :  2.78804e-06
 Reference value :  2.78856e-06
 Reference value :  2.78915e-06
 Reference value :  2.78962e-06
 Reference value :  2.79037e-06
 Reference value :  2.79095e-06
 Reference value :  2.79145e-06
 Reference value :  2.79200e-06
 Reference value :  2.79248e-06
 Reference value :  2.79321e-06
 Reference value :  2.79384e-06
 Reference value :  2.79462e-06
 Reference value :  2.79508e-06
 Reference value :  2.79563e-06
 Reference value :  2.79614e-06
 Reference value :  2.79662e-06
 Reference value :  2.79719e-06
 Reference value :  2.79776e-06
 Reference value :  2.79832e-06
 Reference value :  2.79872e-06
 Reference value :  2.79931e-06
 Reference value :  2.79984e-06
 Reference value :  2.80048e-06
 Reference value :  2.80102e-06
 Reference value :  2.80150e-06
 Reference value :  2.80201e-06
 Reference value :  2.80245e-06
 Reference value :  2.80279e-06
 Reference value :  2.80323e-06
 Reference value :  2.80362e-06
 Reference value :  2.80435e-06
 Reference value :  2.80470e-06
 Reference value :  2.80529e-06
 Reference value :  2.80573e-06
 Reference value :  2.80636e-06
 Reference value :  2.80690e-06
 Reference value :  2.80740e-06
 Reference value :  2.80788e-06
 Reference value :  2.80840e-06
 Reference value :  2.80890e-06
 Reference value :  2.80933e-06
 Reference value :  2.81004e-06
 Reference value :  2.81054e-06
 Reference value :  2.81105e-06
 Reference value :  2.81157e-06
 Reference value :  2.81216e-06
 Reference value :  2.81262e-06
 Reference value :  2.81313e-06
 Reference value :  2.81360e-06
 Reference value :  2.81429e-06
 Reference value :  2.81481e-06
 Reference value :  2.81531e-06
 Reference value :  2.81577e-06
 Reference value :  2.81600e-06
 Reference value :  2.81649e-06
 Reference value :  2.81695e-06
 Reference value :  2.81747e-06
 Reference value :  2.81821e-06
 Reference value :  2.81894e-06
 Reference value :  2.81941e-06
 Reference value :  2.81996e-06
 Reference value :  2.82051e-06
 Reference value :  2.82139e-06
 Reference value :  2.82199e-06
 Reference value :  2.82269e-06
 Reference value :  2.82319e-06
 Reference value :  2.82369e-06
 Reference value :  2.82423e-06
 Reference value :  2.82493e-06
 Reference value :  2.82544e-06
 Reference value :  2.82599e-06
 Reference value :  2.82648e-06
 Reference value :  2.82719e-06
 Reference value :  2.82788e-06
 Reference value :  2.82854e-06
 Reference value :  2.82921e-06
 Reference value :  2.82971e-06
 Reference value :  2.83041e-06
 Reference value :  2.83087e-06
 Reference value :  2.83141e-06
 Reference value :  2.83170e-06
 Reference value :  2.83248e-06
 Reference value :  2.83314e-06
 Reference value :  2.83371e-06
 Reference value :  2.83441e-06
 Reference value :  2.83492e-06
 Reference value :  2.83544e-06
 Reference value :  2.83580e-06
 Reference value :  2.83647e-06
 Reference value :  2.83738e-06
 Reference value :  2.83804e-06
 Reference value :  2.83852e-06
 Reference value :  2.83905e-06
 Reference value :  2.83954e-06
 Reference value :  2.84012e-06
 Reference value :  2.84068e-06
 Reference value :  2.84134e-06
 Reference value :  2.84194e-06
 Reference value :  2.84250e-06
 Reference value :  2.84310e-06
 Reference value :  2.84371e-06
 Reference value :  2.84434e-06
 Reference value :  2.84486e-06
 Reference value :  2.84537e-06
 Reference value :  2.84601e-06
 Reference value :  2.84650e-06
 Reference value :  2.84717e-06
 Reference value :  2.84764e-06
 Reference value :  2.84826e-06
 Reference value :  2.84859e-06
 Reference value :  2.84924e-06
 Reference value :  2.84973e-06
 Reference value :  2.85044e-06
 Reference value :  2.85098e-06
 Reference value :  2.85147e-06
 Reference value :  2.85208e-06
 Reference value :  2.85246e-06
 Reference value :  2.85296e-06
 Reference value :  2.85342e-06
 Reference value :  2.85400e-06
 Reference value :  2.85446e-06
 Reference value :  2.85495e-06
 Reference value :  2.85509e-06
 Reference value :  2.85539e-06
 Reference value :  2.85563e-06
 Reference value :  2.85623e-06
 Reference value :  2.85672e-06
 Reference value :  2.85713e-06
 Reference value :  2.85753e-06
 Reference value :  2.85807e-06
 Reference value :  2.85845e-06
 Reference value :  2.85902e-06
 Reference value :  2.85944e-06
 Reference value :  2.86005e-06
 Reference value :  2.86050e-06
 Reference value :  2.86110e-06
 Reference value :  2.86141e-06
 Reference value :  2.86194e-06
 Reference value :  2.86234e-06
 Reference value :  2.86279e-06
 Reference value :  2.86315e-06
 Reference value :  2.86361e-06
 Reference value :  2.86422e-06
 Reference value :  2.86479e-06
 Reference value :  2.86540e-06
 Reference value :  2.86563e-06
 Reference value :  2.86607e-06
 Reference value :  2.86653e-06
 Reference value :  2.86704e-06
 Reference value :  2.86737e-06
 Reference value :  2.86787e-06
 Reference value :  2.86831e-06
 Reference value :  2.86882e-06
 Reference value :  2.86899e-06
 Reference value :  2.86942e-06
 Reference value :  2.87015e-06
 Reference value :  2.87037e-06
 Reference value :  2.87086e-06
 Reference value :  2.87125e-06
 Reference value :  2.87190e-06
 Reference value :  2.87244e-06
 Reference value :  2.87284e-06
 Reference value :  2.87329e-06
 Reference value :  2.87386e-06
 Reference value :  2.87439e-06
 Reference value :  2.87508e-06
 Reference value :  2.87527e-06
 Reference value :  2.87594e-06
 Reference value :  2.87661e-06
 Reference value :  2.87724e-06
 Reference value :  2.87790e-06
 Reference value :  2.87842e-06
 Reference value :  2.87861e-06
 Reference value :  2.87905e-06
 Reference value :  2.87942e-06
 Reference value :  2.87991e-06
 Reference value :  2.88044e-06
 Reference value :  2.88103e-06
 Reference value :  2.88142e-06
 Reference value :  2.88183e-06
 Reference value :  2.88230e-06
 Reference value :  2.88274e-06
 Reference value :  2.88336e-06
 Reference value :  2.88388e-06
 Reference value :  2.88419e-06
 Reference value :  2.88439e-06
 Reference value :  2.88503e-06
 Reference value :  2.88580e-06
 Reference value :  2.88633e-06
 Reference value :  2.88724e-06
 Reference value :  2.88792e-06
 Reference value :  2.88839e-06
 Reference value :  2.88889e-06
 Reference value :  2.88931e-06
 Reference value :  2.88984e-06
 Reference value :  2.89035e-06
 Reference value :  2.89084e-06
 Reference value :  2.89095e-06
 Reference value :  2.89140e-06
 Reference value :  2.89200e-06
 Reference value :  2.89244e-06
 Reference value :  2.89315e-06
 Reference value :  2.89377e-06
 Reference value :  2.89401e-06
 Reference value :  2.89459e-06
 Reference value :  2.89511e-06
 Reference value :  2.89577e-06
 Reference value :  2.89629e-06
 Reference value :  2.89693e-06
 Reference value :  2.89741e-06
 Reference value :  2.89759e-06
 Reference value :  2.89791e-06
 Reference value :  2.89837e-06
 Reference value :  2.89881e-06
 Reference value :  2.89933e-06
 Reference value :  2.89996e-06
 Reference value :  2.90006e-06
 Reference value :  2.90028e-06
 Reference value :  2.90083e-06
 Reference value :  2.90123e-06
 Reference value :  2.90175e-06
 Reference value :  2.90211e-06
 Reference value :  2.90236e-06
 Reference value :  2.90278e-06
 Reference value :  2.90328e-06
 Reference value :  2.90393e-06
 Reference value :  2.90432e-06
 Reference value :  2.90465e-06
 Reference value :  2.90512e-06
 Reference value :  2.90573e-06
 Reference value :  2.90616e-06
 Reference value :  2.90662e-06
 Reference value :  2.90671e-06
 Reference value :  2.90706e-06
 Reference value :  2.90758e-06
 Reference value :  2.90808e-06
 Reference value :  2.90862e-06
 Reference value :  2.90904e-06
 Reference value :  2.90918e-06
 Reference value :  2.90976e-06
 Reference value :  2.91016e-06
 Reference value :  2.91087e-06
 Reference value :  2.91140e-06
 Reference value :  2.91208e-06
 Reference value :  2.91243e-06
 Reference value :  2.91263e-06
 Reference value :  2.91284e-06
 Reference value :  2.91322e-06
 Reference value :  2.91393e-06
 Reference value :  2.91418e-06
 Reference value :  2.91466e-06
 Reference value :  2.91504e-06
 Reference value :  2.91566e-06
 Reference value :  2.91612e-06
 Reference value :  2.91677e-06
 Reference value :  2.91737e-06
 Reference value :  2.91787e-06
 Reference value :  2.91825e-06
 Reference value :  2.91859e-06
 Reference value :  2.91892e-06
 Reference value :  2.91970e-06
 Reference value :  2.92032e-06
 Reference value :  2.92092e-06
 Reference value :  2.92131e-06
 Reference value :  2.92164e-06
 Reference value :  2.92237e-06
 Reference value :  2.92288e-06
 Reference value :  2.92318e-06
 Reference value :  2.92373e-06
 Reference value :  2.92422e-06
 Reference value :  2.92437e-06
 Reference value :  2.92471e-06
 Reference value :  2.92524e-06
 Reference value :  2.92565e-06
 Reference value :  2.92616e-06
 Reference value :  2.92667e-06
 Reference value :  2.92709e-06
 Reference value :  2.92774e-06
 Reference value :  2.92813e-06
 Reference value :  2.92881e-06
 Reference value :  2.92927e-06
 Reference value :  2.92988e-06
 Reference value :  2.93043e-06
 Reference value :  2.93097e-06
 Reference value :  2.93153e-06
 Reference value :  2.93192e-06
 Reference value :  2.93211e-06
 Reference value :  2.93269e-06
 Reference value :  2.93311e-06
 Reference value :  2.93369e-06
 Reference value :  2.93418e-06
 Reference value :  2.93451e-06
 Reference value :  2.93480e-06
 Reference value :  2.93553e-06
 Reference value :  2.93603e-06
 Reference value :  2.93683e-06
 Reference value :  2.93743e-06
 Reference value :  2.93795e-06
 Reference value :  2.93854e-06
 Reference value :  2.93882e-06
 Reference value :  2.93895e-06
 Reference value :  2.93954e-06
 Reference value :  2.94008e-06
 Reference value :  2.94079e-06
 Reference value :  2.94138e-06
 Reference value :  2.94200e-06
 Reference value :  2.94232e-06
 Reference value :  2.94269e-06
 Reference value :  2.94329e-06
 Reference value :  2.94390e-06
 Reference value :  2.94456e-06
 Reference value :  2.94507e-06
 Reference value :  2.94541e-06
 Reference value :  2.94587e-06
 Reference value :  2.94640e-06
 Reference value :  2.94674e-06
 Reference value :  2.94725e-06
 Reference value :  2.94787e-06
 Reference value :  2.94827e-06
 Reference value :  2.94857e-06
 Reference value :  2.94899e-06
 Reference value :  2.94951e-06
 Reference value :  2.94998e-06
 Reference value :  2.95053e-06
 Reference value :  2.95082e-06
 Reference value :  2.95108e-06
 Reference value :  2.95156e-06
 Reference value :  2.95212e-06
 Reference value :  2.95265e-06
 Reference value :  2.95325e-06
 Reference value :  2.95383e-06
 Reference value :  2.95404e-06
 Reference value :  2.95456e-06
 Reference value :  2.95498e-06
 Reference value :  2.95559e-06
 Reference value :  2.95626e-06
 Reference value :  2.95669e-06
 Reference value :  2.95687e-06
 Reference value :  2.95742e-06
 Reference value :  2.95788e-06
 Reference value :  2.95841e-06
 Reference value :  2.95877e-06
 Reference value :  2.95917e-06
 Reference value :  2.95962e-06
 Reference value :  2.96016e-06
 Reference value :  2.96057e-06
 Reference value :  2.96101e-06
 Reference value :  2.96141e-06
 Reference value :  2.96160e-06
 Reference value :  2.96205e-06
 Reference value :  2.96258e-06
 Reference value :  2.96309e-06
 Reference value :  2.96350e-06
 Reference value :  2.96382e-06
 Reference value :  2.96448e-06
 Reference value :  2.96493e-06
 Reference value :  2.96551e-06
 Reference value :  2.96610e-06
 Reference value :  2.96663e-06
 Reference value :  2.96690e-06
 Reference value :  2.96722e-06
 Reference value :  2.96748e-06
 Reference value :  2.96807e-06
 Reference value :  2.96846e-06
 Reference value :  2.96891e-06
 Reference value :  2.96949e-06
 Reference value :  2.97001e-06
 Reference value :  2.97062e-06
 Reference value :  2.97114e-06
 Reference value :  2.97177e-06
 Reference value :  2.97240e-06
 Reference value :  2.97296e-06
 Reference value :  2.97352e-06
 Reference value :  2.97403e-06
 Reference value :  2.97449e-06
 Reference value :  2.97493e-06
 Reference value :  2.97565e-06
 Reference value :  2.97629e-06
 Reference value :  2.97672e-06
 Reference value :  2.97727e-06
 Reference value :  2.97770e-06
 Reference value :  2.97825e-06
 Reference value :  2.97867e-06
 Reference value :  2.97929e-06
 Reference value :  2.97983e-06
 Reference value :  2.98044e-06
 Reference value :  2.98087e-06
 Reference value :  2.98141e-06
 Reference value :  2.98195e-06
 Reference value :  2.98242e-06
 Reference value :  2.98271e-06
 Reference value :  2.98322e-06
 Reference value :  2.98367e-06
 Reference value :  2.98403e-06
 Reference value :  2.98445e-06
 Reference value :  2.98497e-06
 Reference value :  2.98548e-06
 Reference value :  2.98592e-06
 Reference value :  2.98635e-06
 Reference value :  2.98674e-06
 Reference value :  2.98721e-06
 Reference value :  2.98774e-06
 Reference value :  2.98819e-06
 Reference value :  2.98867e-06
 Reference value :  2.98916e-06
 Reference value :  2.98965e-06
 Reference value :  2.99022e-06
 Reference value :  2.99076e-06
 Reference value :  2.99129e-06
 Reference value :  2.99169e-06
 Reference value :  2.99222e-06
 Reference value :  2.99279e-06
 Reference value :  2.99352e-06
 Reference value :  2.99397e-06
 Reference value :  2.99453e-06
 Reference value :  2.99517e-06
 Reference value :  2.99565e-06
 Reference value :  2.99619e-06
 Reference value :  2.99665e-06
 Reference value :  2.99730e-06
 Reference value :  2.99770e-06
 Reference value :  2.99833e-06
 Reference value :  2.99877e-06
 Reference value :  2.99942e-06
 Reference value :  2.99981e-06
No. of Data Rows : 47729
sim/harness: analysis complete
Note: Simulation executed from .control section 
