
Note: Compatibility modes selected: hs a


Circuit: ** sch_path: /home/ubuntu/github/sky130-pll/sim/pll-lock/testbench/tb_pll_lock.sch

option SCALE: Scale is set to 1e-06 for instance and model parameters
option SCALE: Scale is set to 1e-06 for instance and model parameters
option SCALE: Scale is set to 1e-06 for instance and model parameters
option SCALE: Scale is set to 1e-06 for instance and model parameters
Doing analysis at TEMP = -40.000000 and TNOM = 27.000000

Using KLU as Direct Linear Solver
 Reference value :  0.00000e+00
 Reference value :  1.60000e-11
 Reference value :  4.56000e-10
 Reference value :  8.28000e-10
 Reference value :  1.00000e-09
 Reference value :  1.19963e-09
 Reference value :  1.79963e-09
 Reference value :  2.59963e-09
 Reference value :  3.39963e-09
 Reference value :  4.39963e-09
 Reference value :  5.02000e-09
 Reference value :  5.50000e-09
 Reference value :  6.02000e-09
 Reference value :  6.50000e-09
 Reference value :  7.30000e-09
 Reference value :  8.10000e-09
 Reference value :  8.90000e-09
 Reference value :  9.70000e-09
 Reference value :  1.05000e-08
 Reference value :  1.13000e-08
 Reference value :  1.21000e-08
 Reference value :  1.29000e-08
 Reference value :  1.37000e-08
 Reference value :  1.45000e-08
 Reference value :  1.53000e-08
 Reference value :  1.61000e-08
 Reference value :  1.69000e-08
 Reference value :  1.77000e-08
 Reference value :  1.83000e-08
 Reference value :  1.89000e-08
 Reference value :  1.97000e-08
 Reference value :  2.05000e-08
 Reference value :  2.11000e-08
 Reference value :  2.19000e-08
 Reference value :  2.29000e-08
 Reference value :  2.41000e-08
 Reference value :  2.53000e-08
 Reference value :  2.65000e-08
 Reference value :  2.73000e-08
 Reference value :  2.85000e-08
 Reference value :  2.95000e-08
 Reference value :  3.05000e-08
 Reference value :  3.15000e-08
 Reference value :  3.25000e-08
 Reference value :  3.35000e-08
 Reference value :  3.45000e-08
 Reference value :  3.55000e-08
 Reference value :  3.65000e-08
 Reference value :  3.77000e-08
 Reference value :  3.87000e-08
 Reference value :  3.97000e-08
 Reference value :  4.07000e-08
 Reference value :  4.17000e-08
 Reference value :  4.25000e-08
 Reference value :  4.35000e-08
 Reference value :  4.45000e-08
 Reference value :  4.55000e-08
 Reference value :  4.65000e-08
 Reference value :  4.73000e-08
 Reference value :  4.81000e-08
 Reference value :  4.88500e-08
 Reference value :  4.93000e-08
 Reference value :  4.98500e-08
 Reference value :  5.00000e-08
 Reference value :  5.01377e-08
 Reference value :  5.06522e-08
 Reference value :  5.12522e-08
 Reference value :  5.18522e-08
 Reference value :  5.24522e-08
 Reference value :  5.32522e-08
 Reference value :  5.40522e-08
 Reference value :  5.50522e-08
 Reference value :  5.60522e-08
 Reference value :  5.68522e-08
 Reference value :  5.78522e-08
 Reference value :  5.86522e-08
 Reference value :  5.96522e-08
 Reference value :  6.08522e-08
 Reference value :  6.20522e-08
 Reference value :  6.30522e-08
 Reference value :  6.42522e-08
 Reference value :  6.54522e-08
 Reference value :  6.66522e-08
 Reference value :  6.78522e-08
 Reference value :  6.88522e-08
 Reference value :  7.00522e-08
 Reference value :  7.12522e-08
 Reference value :  7.24522e-08
 Reference value :  7.34522e-08
 Reference value :  7.46522e-08
 Reference value :  7.56522e-08
 Reference value :  7.64522e-08
 Reference value :  7.72522e-08
 Reference value :  7.82522e-08
 Reference value :  7.92522e-08
 Reference value :  8.02522e-08
 Reference value :  8.14522e-08
 Reference value :  8.26522e-08
 Reference value :  8.38522e-08
 Reference value :  8.50522e-08
 Reference value :  8.62522e-08
 Reference value :  8.74522e-08
 Reference value :  8.86522e-08
 Reference value :  8.96522e-08
 Reference value :  9.08522e-08
 Reference value :  9.20522e-08
 Reference value :  9.32522e-08
 Reference value :  9.44522e-08
 Reference value :  9.56522e-08
 Reference value :  9.68522e-08
 Reference value :  9.80522e-08
 Reference value :  9.90522e-08
 Reference value :  1.00000e-07
 Reference value :  1.00300e-07
 Reference value :  1.00700e-07
 Reference value :  1.00975e-07
 Reference value :  1.01085e-07
 Reference value :  1.01225e-07
 Reference value :  1.01469e-07
 Reference value :  1.01750e-07
 Reference value :  1.01922e-07
 Reference value :  1.02358e-07
 Reference value :  1.02942e-07
 Reference value :  1.03742e-07
 Reference value :  1.04542e-07
 Reference value :  1.05342e-07
 Reference value :  1.06142e-07
 Reference value :  1.06942e-07
 Reference value :  1.07742e-07
 Reference value :  1.08542e-07
 Reference value :  1.09342e-07
 Reference value :  1.10142e-07
 Reference value :  1.10942e-07
 Reference value :  1.11742e-07
 Reference value :  1.12542e-07
 Reference value :  1.13342e-07
 Reference value :  1.13942e-07
 Reference value :  1.14542e-07
 Reference value :  1.15142e-07
 Reference value :  1.15942e-07
 Reference value :  1.16742e-07
 Reference value :  1.17342e-07
 Reference value :  1.17942e-07
 Reference value :  1.18542e-07
 Reference value :  1.19142e-07
 Reference value :  1.19742e-07
 Reference value :  1.20342e-07
 Reference value :  1.20942e-07
 Reference value :  1.21542e-07
 Reference value :  1.21942e-07
 Reference value :  1.22542e-07
 Reference value :  1.23142e-07
 Reference value :  1.23742e-07
 Reference value :  1.24542e-07
 Reference value :  1.25342e-07
 Reference value :  1.26142e-07
 Reference value :  1.26542e-07
 Reference value :  1.27142e-07
 Reference value :  1.27542e-07
 Reference value :  1.28142e-07
 Reference value :  1.28742e-07
 Reference value :  1.29342e-07
 Reference value :  1.29942e-07
 Reference value :  1.30542e-07
 Reference value :  1.31142e-07
 Reference value :  1.31742e-07
 Reference value :  1.32342e-07
 Reference value :  1.32742e-07
 Reference value :  1.33342e-07
 Reference value :  1.34142e-07
 Reference value :  1.34942e-07
 Reference value :  1.35742e-07
 Reference value :  1.36542e-07
 Reference value :  1.37142e-07
 Reference value :  1.37942e-07
 Reference value :  1.38542e-07
 Reference value :  1.39142e-07
 Reference value :  1.39742e-07
 Reference value :  1.40342e-07
 Reference value :  1.41142e-07
 Reference value :  1.41742e-07
 Reference value :  1.42342e-07
 Reference value :  1.43142e-07
 Reference value :  1.43942e-07
 Reference value :  1.44542e-07
 Reference value :  1.45142e-07
 Reference value :  1.45942e-07
 Reference value :  1.46742e-07
 Reference value :  1.47542e-07
 Reference value :  1.48342e-07
 Reference value :  1.49000e-07
 Reference value :  1.49140e-07
 Reference value :  1.49700e-07
 Reference value :  1.50000e-07
 Reference value :  1.50059e-07
 Reference value :  1.50652e-07
 Reference value :  1.51252e-07
 Reference value :  1.51852e-07
 Reference value :  1.52452e-07
 Reference value :  1.53052e-07
 Reference value :  1.53652e-07
 Reference value :  1.54252e-07
 Reference value :  1.55252e-07
 Reference value :  1.56452e-07
 Reference value :  1.57452e-07
 Reference value :  1.58252e-07
 Reference value :  1.58852e-07
 Reference value :  1.59652e-07
 Reference value :  1.60452e-07
 Reference value :  1.61052e-07
 Reference value :  1.61852e-07
 Reference value :  1.62452e-07
 Reference value :  1.63252e-07
 Reference value :  1.64052e-07
 Reference value :  1.65052e-07
 Reference value :  1.66052e-07
 Reference value :  1.67052e-07
 Reference value :  1.68052e-07
 Reference value :  1.68852e-07
 Reference value :  1.69652e-07
 Reference value :  1.70652e-07
 Reference value :  1.71652e-07
 Reference value :  1.72452e-07
 Reference value :  1.73452e-07
 Reference value :  1.74652e-07
 Reference value :  1.75652e-07
 Reference value :  1.76652e-07
 Reference value :  1.77452e-07
 Reference value :  1.78452e-07
 Reference value :  1.79652e-07
 Reference value :  1.80652e-07
 Reference value :  1.81452e-07
 Reference value :  1.82452e-07
 Reference value :  1.83452e-07
 Reference value :  1.84452e-07
 Reference value :  1.85252e-07
 Reference value :  1.86052e-07
 Reference value :  1.86852e-07
 Reference value :  1.87852e-07
 Reference value :  1.89052e-07
 Reference value :  1.90052e-07
 Reference value :  1.90852e-07
 Reference value :  1.91852e-07
 Reference value :  1.92852e-07
 Reference value :  1.93652e-07
 Reference value :  1.94452e-07
 Reference value :  1.95252e-07
 Reference value :  1.95852e-07
 Reference value :  1.96852e-07
 Reference value :  1.97852e-07
 Reference value :  1.98852e-07
 Reference value :  1.99826e-07
 Reference value :  2.00060e-07
 Reference value :  2.00500e-07
 Reference value :  2.00700e-07
 Reference value :  2.00850e-07
 Reference value :  2.00974e-07
 Reference value :  2.01036e-07
 Reference value :  2.01372e-07
 Reference value :  2.01972e-07
 Reference value :  2.02772e-07
 Reference value :  2.03572e-07
 Reference value :  2.04172e-07
 Reference value :  2.04972e-07
 Reference value :  2.05772e-07
 Reference value :  2.06572e-07
 Reference value :  2.07572e-07
 Reference value :  2.08372e-07
 Reference value :  2.09172e-07
 Reference value :  2.09972e-07
 Reference value :  2.10772e-07
 Reference value :  2.11772e-07
 Reference value :  2.12972e-07
 Reference value :  2.13972e-07
 Reference value :  2.14772e-07
 Reference value :  2.15972e-07
 Reference value :  2.17172e-07
 Reference value :  2.18172e-07
 Reference value :  2.19372e-07
 Reference value :  2.20172e-07
 Reference value :  2.21172e-07
 Reference value :  2.22172e-07
 Reference value :  2.22972e-07
 Reference value :  2.23772e-07
 Reference value :  2.24572e-07
 Reference value :  2.25772e-07
 Reference value :  2.26772e-07
 Reference value :  2.27572e-07
 Reference value :  2.28372e-07
 Reference value :  2.29372e-07
 Reference value :  2.30172e-07
 Reference value :  2.31172e-07
 Reference value :  2.31972e-07
 Reference value :  2.32772e-07
 Reference value :  2.33572e-07
 Reference value :  2.34372e-07
 Reference value :  2.35172e-07
 Reference value :  2.36172e-07
 Reference value :  2.36972e-07
 Reference value :  2.37772e-07
 Reference value :  2.38772e-07
 Reference value :  2.39772e-07
 Reference value :  2.40572e-07
 Reference value :  2.41372e-07
 Reference value :  2.42372e-07
 Reference value :  2.43172e-07
 Reference value :  2.44172e-07
 Reference value :  2.45172e-07
 Reference value :  2.46372e-07
 Reference value :  2.47172e-07
 Reference value :  2.48172e-07
 Reference value :  2.49000e-07
 Reference value :  2.49500e-07
 Reference value :  2.49850e-07
 Reference value :  2.50020e-07
 Reference value :  2.50252e-07
 Reference value :  2.51052e-07
 Reference value :  2.51652e-07
 Reference value :  2.52252e-07
 Reference value :  2.53052e-07
 Reference value :  2.53852e-07
 Reference value :  2.54652e-07
 Reference value :  2.55252e-07
 Reference value :  2.56052e-07
 Reference value :  2.57052e-07
 Reference value :  2.58052e-07
 Reference value :  2.59052e-07
 Reference value :  2.60052e-07
 Reference value :  2.61052e-07
 Reference value :  2.62052e-07
 Reference value :  2.62852e-07
 Reference value :  2.63852e-07
 Reference value :  2.65052e-07
 Reference value :  2.66052e-07
 Reference value :  2.67052e-07
 Reference value :  2.68052e-07
 Reference value :  2.68852e-07
 Reference value :  2.69652e-07
 Reference value :  2.70652e-07
 Reference value :  2.71652e-07
 Reference value :  2.72652e-07
 Reference value :  2.73452e-07
 Reference value :  2.74052e-07
 Reference value :  2.74852e-07
 Reference value :  2.75652e-07
 Reference value :  2.76252e-07
 Reference value :  2.77052e-07
 Reference value :  2.77852e-07
 Reference value :  2.78852e-07
 Reference value :  2.79652e-07
 Reference value :  2.80652e-07
 Reference value :  2.81652e-07
 Reference value :  2.82652e-07
 Reference value :  2.83852e-07
 Reference value :  2.85052e-07
 Reference value :  2.85852e-07
 Reference value :  2.86652e-07
 Reference value :  2.87652e-07
 Reference value :  2.88652e-07
 Reference value :  2.89652e-07
 Reference value :  2.90652e-07
 Reference value :  2.91652e-07
 Reference value :  2.92852e-07
 Reference value :  2.93852e-07
 Reference value :  2.94852e-07
 Reference value :  2.95652e-07
 Reference value :  2.96852e-07
 Reference value :  2.98052e-07
 Reference value :  2.99252e-07
 Reference value :  3.00020e-07
 Reference value :  3.00500e-07
 Reference value :  3.00850e-07
 Reference value :  3.01017e-07
 Reference value :  3.01226e-07
 Reference value :  3.01972e-07
 Reference value :  3.02772e-07
 Reference value :  3.03572e-07
 Reference value :  3.04372e-07
 Reference value :  3.05172e-07
 Reference value :  3.05972e-07
 Reference value :  3.06772e-07
 Reference value :  3.07772e-07
 Reference value :  3.08972e-07
 Reference value :  3.09972e-07
 Reference value :  3.10972e-07
 Reference value :  3.11972e-07
 Reference value :  3.13972e-07
 Reference value :  3.19572e-07
 Reference value :  3.22172e-07
 Reference value :  3.22972e-07
 Reference value :  3.23772e-07
 Reference value :  3.24372e-07
 Reference value :  3.25172e-07
 Reference value :  3.25772e-07
 Reference value :  3.26572e-07
 Reference value :  3.27372e-07
 Reference value :  3.28172e-07
 Reference value :  3.29172e-07
 Reference value :  3.29972e-07
 Reference value :  3.30972e-07
 Reference value :  3.32172e-07
 Reference value :  3.33372e-07
 Reference value :  3.34572e-07
 Reference value :  3.35572e-07
 Reference value :  3.36772e-07
 Reference value :  3.37372e-07
 Reference value :  3.38172e-07
 Reference value :  3.39172e-07
 Reference value :  3.39972e-07
 Reference value :  3.40972e-07
 Reference value :  3.41972e-07
 Reference value :  3.43172e-07
 Reference value :  3.44372e-07
 Reference value :  3.45572e-07
 Reference value :  3.46572e-07
 Reference value :  3.47772e-07
 Reference value :  3.48886e-07
 Reference value :  3.49300e-07
 Reference value :  3.49850e-07
 Reference value :  3.50000e-07
 Reference value :  3.50138e-07
 Reference value :  3.50852e-07
 Reference value :  3.51652e-07
 Reference value :  3.52452e-07
 Reference value :  3.53252e-07
 Reference value :  3.54052e-07
 Reference value :  3.55052e-07
 Reference value :  3.56052e-07
 Reference value :  3.56652e-07
 Reference value :  3.57452e-07
 Reference value :  3.58452e-07
 Reference value :  3.59452e-07
 Reference value :  3.60252e-07
 Reference value :  3.61252e-07
 Reference value :  3.62452e-07
 Reference value :  3.63652e-07
 Reference value :  3.64852e-07
 Reference value :  3.65852e-07
 Reference value :  3.67052e-07
 Reference value :  3.68252e-07
 Reference value :  3.69252e-07
 Reference value :  3.70452e-07
 Reference value :  3.71452e-07
 Reference value :  3.72652e-07
 Reference value :  3.73652e-07
 Reference value :  3.74852e-07
 Reference value :  3.76052e-07
 Reference value :  3.77252e-07
 Reference value :  3.78252e-07
 Reference value :  3.79452e-07
 Reference value :  3.80652e-07
 Reference value :  3.81852e-07
 Reference value :  3.83052e-07
 Reference value :  3.84052e-07
 Reference value :  3.85052e-07
 Reference value :  3.86052e-07
 Reference value :  3.86652e-07
 Reference value :  3.87452e-07
 Reference value :  3.88052e-07
 Reference value :  3.88852e-07
 Reference value :  3.89852e-07
 Reference value :  3.91052e-07
 Reference value :  3.92252e-07
 Reference value :  3.93452e-07
 Reference value :  3.94452e-07
 Reference value :  3.95452e-07
 Reference value :  3.96652e-07
 Reference value :  3.97852e-07
 Reference value :  3.99052e-07
 Reference value :  4.00020e-07
 Reference value :  4.00500e-07
 Reference value :  4.00850e-07
 Reference value :  4.01050e-07
 Reference value :  4.01572e-07
 Reference value :  4.02372e-07
 Reference value :  4.03172e-07
 Reference value :  4.03972e-07
 Reference value :  4.04572e-07
 Reference value :  4.05172e-07
 Reference value :  4.05972e-07
 Reference value :  4.06772e-07
 Reference value :  4.07572e-07
 Reference value :  4.08572e-07
 Reference value :  4.09572e-07
 Reference value :  4.10572e-07
 Reference value :  4.11572e-07
 Reference value :  4.12772e-07
 Reference value :  4.13572e-07
 Reference value :  4.14772e-07
 Reference value :  4.15772e-07
 Reference value :  4.16772e-07
 Reference value :  4.17972e-07
 Reference value :  4.18972e-07
 Reference value :  4.20172e-07
 Reference value :  4.21172e-07
 Reference value :  4.22372e-07
 Reference value :  4.23172e-07
 Reference value :  4.23972e-07
 Reference value :  4.24972e-07
 Reference value :  4.25972e-07
 Reference value :  4.26972e-07
 Reference value :  4.28172e-07
 Reference value :  4.28972e-07
 Reference value :  4.29772e-07
 Reference value :  4.30772e-07
 Reference value :  4.31772e-07
 Reference value :  4.32772e-07
 Reference value :  4.33372e-07
 Reference value :  4.34372e-07
 Reference value :  4.35372e-07
 Reference value :  4.36572e-07
 Reference value :  4.37572e-07
 Reference value :  4.38572e-07
 Reference value :  4.39772e-07
 Reference value :  4.40972e-07
 Reference value :  4.42172e-07
 Reference value :  4.42972e-07
 Reference value :  4.43972e-07
 Reference value :  4.45172e-07
 Reference value :  4.46372e-07
 Reference value :  4.47372e-07
 Reference value :  4.48372e-07
 Reference value :  4.49020e-07
 Reference value :  4.49700e-07
 Reference value :  4.50000e-07
 Reference value :  4.50059e-07
 Reference value :  4.50652e-07
 Reference value :  4.51252e-07
 Reference value :  4.51852e-07
 Reference value :  4.52452e-07
 Reference value :  4.53052e-07
 Reference value :  4.53852e-07
 Reference value :  4.54252e-07
 Reference value :  4.54852e-07
 Reference value :  4.55452e-07
 Reference value :  4.56052e-07
 Reference value :  4.57052e-07
 Reference value :  4.57852e-07
 Reference value :  4.58452e-07
 Reference value :  4.59252e-07
 Reference value :  4.60452e-07
 Reference value :  4.61452e-07
 Reference value :  4.62452e-07
 Reference value :  4.63452e-07
 Reference value :  4.64252e-07
 Reference value :  4.65052e-07
 Reference value :  4.65652e-07
 Reference value :  4.66252e-07
 Reference value :  4.67252e-07
 Reference value :  4.68452e-07
 Reference value :  4.69452e-07
 Reference value :  4.70652e-07
 Reference value :  4.71852e-07
 Reference value :  4.73052e-07
 Reference value :  4.74052e-07
 Reference value :  4.75252e-07
 Reference value :  4.76252e-07
 Reference value :  4.77452e-07
 Reference value :  4.78652e-07
 Reference value :  4.79852e-07
 Reference value :  4.81052e-07
 Reference value :  4.82252e-07
 Reference value :  4.83252e-07
 Reference value :  4.84252e-07
 Reference value :  4.85452e-07
 Reference value :  4.86652e-07
 Reference value :  4.87852e-07
 Reference value :  4.88852e-07
 Reference value :  4.90052e-07
 Reference value :  4.91252e-07
 Reference value :  4.92452e-07
 Reference value :  4.93452e-07
 Reference value :  4.94652e-07
 Reference value :  4.95652e-07
 Reference value :  4.96852e-07
 Reference value :  4.98052e-07
 Reference value :  4.99052e-07
 Reference value :  5.00020e-07
 Reference value :  5.00500e-07
 Reference value :  5.00850e-07
 Reference value :  5.01050e-07
 Reference value :  5.02172e-07
 Reference value :  5.02972e-07
 Reference value :  5.03772e-07
 Reference value :  5.04172e-07
 Reference value :  5.04572e-07
 Reference value :  5.04972e-07
 Reference value :  5.05572e-07
 Reference value :  5.06172e-07
 Reference value :  5.06772e-07
 Reference value :  5.07372e-07
 Reference value :  5.07972e-07
 Reference value :  5.08972e-07
 Reference value :  5.09972e-07
 Reference value :  5.10972e-07
 Reference value :  5.11772e-07
 Reference value :  5.12572e-07
 Reference value :  5.13172e-07
 Reference value :  5.13972e-07
 Reference value :  5.14772e-07
 Reference value :  5.15372e-07
 Reference value :  5.16172e-07
 Reference value :  5.16772e-07
 Reference value :  5.17372e-07
 Reference value :  5.18172e-07
 Reference value :  5.18972e-07
 Reference value :  5.19772e-07
 Reference value :  5.20772e-07
 Reference value :  5.21772e-07
 Reference value :  5.22372e-07
 Reference value :  5.23372e-07
 Reference value :  5.24372e-07
 Reference value :  5.25172e-07
 Reference value :  5.26172e-07
 Reference value :  5.27172e-07
 Reference value :  5.28172e-07
 Reference value :  5.29172e-07
 Reference value :  5.30172e-07
 Reference value :  5.31172e-07
 Reference value :  5.32172e-07
 Reference value :  5.33372e-07
 Reference value :  5.34572e-07
 Reference value :  5.35572e-07
 Reference value :  5.36772e-07
 Reference value :  5.37772e-07
 Reference value :  5.38772e-07
 Reference value :  5.39772e-07
 Reference value :  5.40772e-07
 Reference value :  5.41772e-07
 Reference value :  5.42772e-07
 Reference value :  5.43772e-07
 Reference value :  5.44772e-07
 Reference value :  5.45772e-07
 Reference value :  5.46572e-07
 Reference value :  5.47372e-07
 Reference value :  5.49700e-07
 Reference value :  5.50000e-07
 Reference value :  5.50138e-07
 Reference value :  5.50652e-07
 Reference value :  5.51252e-07
 Reference value :  5.51852e-07
 Reference value :  5.52452e-07
 Reference value :  5.53052e-07
 Reference value :  5.53852e-07
 Reference value :  5.54452e-07
 Reference value :  5.55052e-07
 Reference value :  5.55852e-07
 Reference value :  5.56652e-07
 Reference value :  5.57652e-07
 Reference value :  5.58852e-07
 Reference value :  5.59852e-07
 Reference value :  5.61052e-07
 Reference value :  5.62252e-07
 Reference value :  5.63252e-07
 Reference value :  5.64252e-07
 Reference value :  5.65252e-07
 Reference value :  5.66252e-07
 Reference value :  5.67052e-07
 Reference value :  5.68052e-07
 Reference value :  5.69252e-07
 Reference value :  5.70252e-07
 Reference value :  5.71252e-07
 Reference value :  5.72252e-07
 Reference value :  5.73452e-07
 Reference value :  5.74652e-07
 Reference value :  5.75652e-07
 Reference value :  5.76852e-07
 Reference value :  5.77852e-07
 Reference value :  5.79052e-07
 Reference value :  5.80052e-07
 Reference value :  5.81052e-07
 Reference value :  5.82052e-07
 Reference value :  5.82852e-07
 Reference value :  5.83652e-07
 Reference value :  5.84452e-07
 Reference value :  5.85252e-07
 Reference value :  5.86252e-07
 Reference value :  5.87252e-07
 Reference value :  5.88452e-07
 Reference value :  5.89252e-07
 Reference value :  5.90252e-07
 Reference value :  5.91252e-07
 Reference value :  5.92252e-07
 Reference value :  5.93252e-07
 Reference value :  5.94252e-07
 Reference value :  5.95252e-07
 Reference value :  5.96252e-07
 Reference value :  5.97052e-07
 Reference value :  5.98052e-07
 Reference value :  5.98852e-07
 Reference value :  5.99826e-07
 Reference value :  6.00140e-07
 Reference value :  6.00700e-07
 Reference value :  6.00850e-07
 Reference value :  6.01050e-07
 Reference value :  6.01372e-07
 Reference value :  6.01972e-07
 Reference value :  6.02772e-07
 Reference value :  6.03372e-07
 Reference value :  6.04172e-07
 Reference value :  6.04972e-07
 Reference value :  6.05772e-07
 Reference value :  6.06572e-07
 Reference value :  6.07372e-07
 Reference value :  6.08372e-07
 Reference value :  6.09172e-07
 Reference value :  6.09772e-07
 Reference value :  6.10572e-07
 Reference value :  6.11172e-07
 Reference value :  6.11772e-07
 Reference value :  6.12572e-07
 Reference value :  6.13372e-07
 Reference value :  6.14172e-07
 Reference value :  6.14972e-07
 Reference value :  6.15772e-07
 Reference value :  6.16572e-07
 Reference value :  6.17372e-07
 Reference value :  6.18172e-07
 Reference value :  6.18972e-07
 Reference value :  6.19772e-07
 Reference value :  6.20572e-07
 Reference value :  6.21372e-07
 Reference value :  6.22172e-07
 Reference value :  6.22972e-07
 Reference value :  6.23772e-07
 Reference value :  6.24372e-07
 Reference value :  6.25172e-07
 Reference value :  6.26172e-07
 Reference value :  6.26972e-07
 Reference value :  6.27772e-07
 Reference value :  6.28372e-07
 Reference value :  6.28972e-07
 Reference value :  6.29772e-07
 Reference value :  6.30772e-07
 Reference value :  6.31772e-07
 Reference value :  6.32972e-07
 Reference value :  6.33972e-07
 Reference value :  6.34972e-07
 Reference value :  6.35972e-07
 Reference value :  6.37172e-07
 Reference value :  6.38372e-07
 Reference value :  6.39372e-07
 Reference value :  6.40572e-07
 Reference value :  6.41572e-07
 Reference value :  6.42572e-07
 Reference value :  6.43572e-07
 Reference value :  6.44772e-07
 Reference value :  6.45772e-07
 Reference value :  6.46772e-07
 Reference value :  6.47772e-07
 Reference value :  6.48886e-07
 Reference value :  6.49300e-07
 Reference value :  6.49700e-07
 Reference value :  6.49850e-07
 Reference value :  6.50000e-07
 Reference value :  6.50059e-07
 Reference value :  6.50452e-07
 Reference value :  6.51052e-07
 Reference value :  6.51652e-07
 Reference value :  6.52252e-07
 Reference value :  6.53052e-07
 Reference value :  6.54052e-07
 Reference value :  6.55052e-07
 Reference value :  6.56052e-07
 Reference value :  6.57052e-07
 Reference value :  6.58252e-07
 Reference value :  6.59252e-07
 Reference value :  6.60452e-07
 Reference value :  6.61652e-07
 Reference value :  6.62852e-07
 Reference value :  6.63852e-07
 Reference value :  6.64852e-07
 Reference value :  6.65852e-07
 Reference value :  6.66852e-07
 Reference value :  6.67852e-07
 Reference value :  6.68852e-07
 Reference value :  6.69652e-07
 Reference value :  6.70852e-07
 Reference value :  6.71852e-07
 Reference value :  6.75852e-07
 Reference value :  6.77452e-07
 Reference value :  6.78452e-07
 Reference value :  6.79052e-07
 Reference value :  6.80052e-07
 Reference value :  6.81052e-07
 Reference value :  6.82052e-07
 Reference value :  6.82852e-07
 Reference value :  6.83852e-07
 Reference value :  6.84852e-07
 Reference value :  6.85852e-07
 Reference value :  6.87052e-07
 Reference value :  6.88052e-07
 Reference value :  6.88852e-07
 Reference value :  6.90052e-07
 Reference value :  6.91252e-07
 Reference value :  6.92252e-07
 Reference value :  6.93452e-07
 Reference value :  6.94452e-07
 Reference value :  6.95252e-07
 Reference value :  6.96252e-07
 Reference value :  6.97452e-07
 Reference value :  6.98652e-07
 Reference value :  6.99652e-07
 Reference value :  7.00140e-07
 Reference value :  7.00700e-07
 Reference value :  7.00850e-07
 Reference value :  7.01017e-07
 Reference value :  7.01226e-07
 Reference value :  7.01972e-07
 Reference value :  7.02772e-07
 Reference value :  7.03372e-07
 Reference value :  7.04172e-07
 Reference value :  7.04772e-07
 Reference value :  7.05372e-07
 Reference value :  7.06172e-07
 Reference value :  7.06772e-07
 Reference value :  7.07572e-07
 Reference value :  7.08372e-07
 Reference value :  7.09572e-07
 Reference value :  7.10772e-07
 Reference value :  7.11972e-07
 Reference value :  7.13172e-07
 Reference value :  7.14372e-07
 Reference value :  7.15572e-07
 Reference value :  7.16372e-07
 Reference value :  7.17372e-07
 Reference value :  7.18372e-07
 Reference value :  7.19172e-07
 Reference value :  7.20172e-07
 Reference value :  7.21172e-07
 Reference value :  7.22172e-07
 Reference value :  7.23372e-07
 Reference value :  7.24372e-07
 Reference value :  7.25372e-07
 Reference value :  7.26372e-07
 Reference value :  7.27372e-07
 Reference value :  7.28372e-07
 Reference value :  7.29572e-07
 Reference value :  7.30772e-07
 Reference value :  7.31572e-07
 Reference value :  7.32572e-07
 Reference value :  7.33772e-07
 Reference value :  7.34972e-07
 Reference value :  7.35972e-07
 Reference value :  7.37172e-07
 Reference value :  7.38372e-07
 Reference value :  7.39372e-07
 Reference value :  7.40372e-07
 Reference value :  7.41372e-07
 Reference value :  7.42572e-07
 Reference value :  7.43772e-07
 Reference value :  7.44972e-07
 Reference value :  7.45972e-07
 Reference value :  7.46772e-07
 Reference value :  7.47772e-07
 Reference value :  7.48772e-07
 Reference value :  7.49140e-07
 Reference value :  7.49700e-07
 Reference value :  7.50000e-07
 Reference value :  7.50138e-07
 Reference value :  7.50652e-07
 Reference value :  7.51252e-07
 Reference value :  7.51852e-07
 Reference value :  7.52452e-07
 Reference value :  7.53252e-07
 Reference value :  7.54052e-07
 Reference value :  7.55052e-07
 Reference value :  7.56052e-07
 Reference value :  7.57052e-07
 Reference value :  7.58252e-07
 Reference value :  7.59252e-07
 Reference value :  7.60452e-07
 Reference value :  7.61652e-07
 Reference value :  7.62852e-07
 Reference value :  7.64052e-07
 Reference value :  7.65052e-07
 Reference value :  7.66252e-07
 Reference value :  7.67452e-07
 Reference value :  7.68652e-07
 Reference value :  7.69652e-07
 Reference value :  7.70652e-07
 Reference value :  7.71452e-07
 Reference value :  7.72452e-07
 Reference value :  7.73452e-07
 Reference value :  7.74652e-07
 Reference value :  7.75852e-07
 Reference value :  7.76852e-07
 Reference value :  7.77852e-07
 Reference value :  7.78852e-07
 Reference value :  7.80052e-07
 Reference value :  7.81252e-07
 Reference value :  7.82452e-07
 Reference value :  7.83652e-07
 Reference value :  7.84852e-07
 Reference value :  7.86052e-07
 Reference value :  7.87252e-07
 Reference value :  7.88252e-07
 Reference value :  7.89252e-07
 Reference value :  7.90252e-07
 Reference value :  7.91452e-07
 Reference value :  7.92452e-07
 Reference value :  7.93652e-07
 Reference value :  7.94852e-07
 Reference value :  7.95852e-07
 Reference value :  7.96852e-07
 Reference value :  7.97852e-07
 Reference value :  7.99052e-07
 Reference value :  8.00020e-07
 Reference value :  8.00300e-07
 Reference value :  8.00700e-07
 Reference value :  8.00850e-07
 Reference value :  8.01050e-07
 Reference value :  8.01372e-07
 Reference value :  8.02172e-07
 Reference value :  8.02972e-07
 Reference value :  8.03772e-07
 Reference value :  8.04572e-07
 Reference value :  8.05372e-07
 Reference value :  8.06172e-07
 Reference value :  8.07172e-07
 Reference value :  8.08372e-07
 Reference value :  8.09372e-07
 Reference value :  8.10772e-07
 Reference value :  8.11772e-07
 Reference value :  8.15372e-07
 Reference value :  8.20972e-07
 Reference value :  8.22972e-07
 Reference value :  8.24172e-07
 Reference value :  8.25172e-07
 Reference value :  8.26172e-07
 Reference value :  8.27372e-07
 Reference value :  8.30172e-07
 Reference value :  8.31172e-07
 Reference value :  8.32172e-07
 Reference value :  8.33172e-07
 Reference value :  8.34172e-07
 Reference value :  8.34972e-07
 Reference value :  8.35772e-07
 Reference value :  8.36572e-07
 Reference value :  8.37572e-07
 Reference value :  8.38572e-07
 Reference value :  8.39772e-07
 Reference value :  8.40772e-07
 Reference value :  8.41972e-07
 Reference value :  8.42972e-07
 Reference value :  8.44172e-07
 Reference value :  8.45172e-07
 Reference value :  8.46172e-07
 Reference value :  8.47372e-07
 Reference value :  8.48572e-07
 Reference value :  8.49060e-07
 Reference value :  8.49700e-07
 Reference value :  8.50000e-07
 Reference value :  8.50138e-07
 Reference value :  8.50852e-07
 Reference value :  8.51652e-07
 Reference value :  8.52452e-07
 Reference value :  8.53252e-07
 Reference value :  8.54052e-07
 Reference value :  8.55052e-07
 Reference value :  8.56052e-07
 Reference value :  8.57252e-07
 Reference value :  8.58252e-07
 Reference value :  8.59452e-07
 Reference value :  8.60652e-07
 Reference value :  8.61652e-07
 Reference value :  8.62852e-07
 Reference value :  8.64052e-07
 Reference value :  8.65052e-07
 Reference value :  8.66052e-07
 Reference value :  8.67052e-07
 Reference value :  8.68252e-07
 Reference value :  8.69452e-07
 Reference value :  8.70652e-07
 Reference value :  8.71652e-07
 Reference value :  8.72652e-07
 Reference value :  8.73852e-07
 Reference value :  8.74652e-07
 Reference value :  8.75652e-07
 Reference value :  8.76652e-07
 Reference value :  8.77652e-07
 Reference value :  8.78652e-07
 Reference value :  8.79652e-07
 Reference value :  8.80852e-07
 Reference value :  8.82052e-07
 Reference value :  8.83052e-07
 Reference value :  8.83652e-07
 Reference value :  8.84652e-07
 Reference value :  8.85852e-07
 Reference value :  8.86852e-07
 Reference value :  8.88052e-07
 Reference value :  8.89052e-07
 Reference value :  8.90052e-07
 Reference value :  8.91252e-07
 Reference value :  8.92452e-07
 Reference value :  8.93452e-07
 Reference value :  8.94652e-07
 Reference value :  8.95452e-07
 Reference value :  8.96652e-07
 Reference value :  8.97652e-07
 Reference value :  8.98652e-07
 Reference value :  8.99826e-07
 Reference value :  9.00140e-07
 Reference value :  9.00700e-07
 Reference value :  9.00850e-07
 Reference value :  9.01050e-07
 Reference value :  9.01372e-07
 Reference value :  9.01972e-07
 Reference value :  9.02772e-07
 Reference value :  9.03372e-07
 Reference value :  9.03972e-07
 Reference value :  9.04572e-07
 Reference value :  9.05172e-07
 Reference value :  9.05772e-07
 Reference value :  9.06372e-07
 Reference value :  9.06972e-07
 Reference value :  9.07572e-07
 Reference value :  9.08372e-07
 Reference value :  9.09572e-07
 Reference value :  9.10372e-07
 Reference value :  9.10972e-07
 Reference value :  9.11572e-07
 Reference value :  9.12372e-07
 Reference value :  9.13172e-07
 Reference value :  9.14172e-07
 Reference value :  9.14972e-07
 Reference value :  9.15972e-07
 Reference value :  9.16972e-07
 Reference value :  9.17972e-07
 Reference value :  9.18772e-07
 Reference value :  9.19372e-07
 Reference value :  9.20172e-07
 Reference value :  9.20972e-07
 Reference value :  9.21772e-07
 Reference value :  9.22572e-07
 Reference value :  9.23372e-07
 Reference value :  9.24372e-07
 Reference value :  9.25372e-07
 Reference value :  9.26172e-07
 Reference value :  9.26972e-07
 Reference value :  9.27772e-07
 Reference value :  9.28772e-07
 Reference value :  9.29772e-07
 Reference value :  9.30772e-07
 Reference value :  9.31772e-07
 Reference value :  9.32772e-07
 Reference value :  9.33772e-07
 Reference value :  9.34772e-07
 Reference value :  9.35572e-07
 Reference value :  9.36572e-07
 Reference value :  9.37772e-07
 Reference value :  9.38772e-07
 Reference value :  9.39572e-07
 Reference value :  9.40372e-07
 Reference value :  9.41372e-07
 Reference value :  9.42172e-07
 Reference value :  9.42972e-07
 Reference value :  9.43972e-07
 Reference value :  9.44772e-07
 Reference value :  9.45572e-07
 Reference value :  9.46372e-07
 Reference value :  9.47372e-07
 Reference value :  9.48572e-07
 Reference value :  9.49020e-07
 Reference value :  9.49700e-07
 Reference value :  9.50000e-07
 Reference value :  9.50138e-07
 Reference value :  9.50652e-07
 Reference value :  9.51052e-07
 Reference value :  9.51652e-07
 Reference value :  9.52252e-07
 Reference value :  9.52852e-07
 Reference value :  9.53452e-07
 Reference value :  9.54052e-07
 Reference value :  9.54652e-07
 Reference value :  9.55252e-07
 Reference value :  9.55852e-07
 Reference value :  9.56452e-07
 Reference value :  9.57252e-07
 Reference value :  9.58052e-07
 Reference value :  9.58852e-07
 Reference value :  9.59652e-07
 Reference value :  9.60452e-07
 Reference value :  9.61252e-07
 Reference value :  9.62052e-07
 Reference value :  9.62852e-07
 Reference value :  9.63852e-07
 Reference value :  9.64852e-07
 Reference value :  9.65852e-07
 Reference value :  9.66652e-07
 Reference value :  9.67452e-07
 Reference value :  9.68252e-07
 Reference value :  9.69052e-07
 Reference value :  9.70052e-07
 Reference value :  9.71052e-07
 Reference value :  9.71852e-07
 Reference value :  9.72852e-07
 Reference value :  9.73852e-07
 Reference value :  9.75052e-07
 Reference value :  9.76252e-07
 Reference value :  9.77252e-07
 Reference value :  9.78052e-07
 Reference value :  9.78652e-07
 Reference value :  9.79252e-07
 Reference value :  9.80052e-07
 Reference value :  9.81052e-07
 Reference value :  9.81852e-07
 Reference value :  9.82652e-07
 Reference value :  9.83452e-07
 Reference value :  9.84052e-07
 Reference value :  9.85052e-07
 Reference value :  9.86252e-07
 Reference value :  9.87252e-07
 Reference value :  9.88252e-07
 Reference value :  9.89252e-07
 Reference value :  9.90252e-07
 Reference value :  9.91052e-07
 Reference value :  9.92052e-07
 Reference value :  9.93052e-07
 Reference value :  9.93652e-07
 Reference value :  9.94852e-07
 Reference value :  9.95652e-07
 Reference value :  9.96652e-07
 Reference value :  9.97452e-07
 Reference value :  9.98252e-07
 Reference value :  9.99252e-07
 Reference value :  1.00000e-06
 Reference value :  1.00014e-06
 Reference value :  1.00070e-06
 Reference value :  1.00085e-06
 Reference value :  1.00102e-06
 Reference value :  1.00123e-06
 Reference value :  1.00177e-06
 Reference value :  1.00237e-06
 Reference value :  1.00297e-06
 Reference value :  1.00357e-06
 Reference value :  1.00397e-06
 Reference value :  1.00437e-06
 Reference value :  1.00497e-06
 Reference value :  1.00557e-06
 Reference value :  1.00617e-06
 Reference value :  1.00677e-06
 Reference value :  1.00757e-06
 Reference value :  1.00857e-06
 Reference value :  1.00957e-06
 Reference value :  1.01017e-06
 Reference value :  1.01077e-06
 Reference value :  1.01157e-06
 Reference value :  1.01217e-06
 Reference value :  1.01317e-06
 Reference value :  1.01397e-06
 Reference value :  1.01477e-06
 Reference value :  1.01577e-06
 Reference value :  1.01657e-06
 Reference value :  1.01757e-06
 Reference value :  1.01857e-06
 Reference value :  1.01957e-06
 Reference value :  1.02037e-06
 Reference value :  1.02117e-06
 Reference value :  1.02217e-06
 Reference value :  1.02337e-06
 Reference value :  1.02437e-06
 Reference value :  1.02537e-06
 Reference value :  1.02637e-06
 Reference value :  1.02737e-06
 Reference value :  1.02837e-06
 Reference value :  1.02957e-06
 Reference value :  1.03057e-06
 Reference value :  1.03157e-06
 Reference value :  1.03277e-06
 Reference value :  1.03377e-06
 Reference value :  1.03497e-06
 Reference value :  1.03617e-06
 Reference value :  1.03717e-06
 Reference value :  1.03817e-06
 Reference value :  1.03917e-06
 Reference value :  1.04017e-06
 Reference value :  1.04137e-06
 Reference value :  1.04217e-06
 Reference value :  1.04317e-06
 Reference value :  1.04437e-06
 Reference value :  1.04537e-06
 Reference value :  1.04637e-06
 Reference value :  1.04737e-06
 Reference value :  1.04857e-06
 Reference value :  1.04906e-06
 Reference value :  1.04970e-06
 Reference value :  1.05000e-06
 Reference value :  1.05014e-06
 Reference value :  1.05085e-06
 Reference value :  1.05165e-06
 Reference value :  1.05245e-06
 Reference value :  1.05305e-06
 Reference value :  1.05385e-06
 Reference value :  1.05465e-06
 Reference value :  1.05545e-06
 Reference value :  1.05645e-06
 Reference value :  1.05745e-06
 Reference value :  1.05845e-06
 Reference value :  1.05925e-06
 Reference value :  1.05985e-06
 Reference value :  1.06085e-06
 Reference value :  1.06145e-06
 Reference value :  1.06225e-06
 Reference value :  1.06325e-06
 Reference value :  1.06425e-06
 Reference value :  1.06525e-06
 Reference value :  1.06645e-06
 Reference value :  1.06765e-06
 Reference value :  1.06885e-06
 Reference value :  1.06985e-06
 Reference value :  1.07105e-06
 Reference value :  1.07205e-06
 Reference value :  1.07305e-06
 Reference value :  1.07425e-06
 Reference value :  1.07525e-06
 Reference value :  1.07645e-06
 Reference value :  1.07765e-06
 Reference value :  1.07865e-06
 Reference value :  1.07965e-06
 Reference value :  1.08085e-06
 Reference value :  1.08185e-06
 Reference value :  1.08305e-06
 Reference value :  1.08425e-06
 Reference value :  1.08545e-06
 Reference value :  1.08665e-06
 Reference value :  1.08765e-06
 Reference value :  1.08885e-06
 Reference value :  1.09005e-06
 Reference value :  1.09125e-06
 Reference value :  1.09225e-06
 Reference value :  1.09325e-06
 Reference value :  1.09425e-06
 Reference value :  1.09545e-06
 Reference value :  1.09665e-06
 Reference value :  1.09785e-06
 Reference value :  1.09905e-06
 Reference value :  1.10002e-06
 Reference value :  1.10050e-06
 Reference value :  1.10085e-06
 Reference value :  1.10105e-06
 Reference value :  1.10137e-06
 Reference value :  1.10217e-06
 Reference value :  1.10297e-06
 Reference value :  1.10377e-06
 Reference value :  1.10457e-06
 Reference value :  1.10537e-06
 Reference value :  1.10617e-06
 Reference value :  1.10697e-06
 Reference value :  1.10797e-06
 Reference value :  1.10917e-06
 Reference value :  1.11017e-06
 Reference value :  1.11137e-06
 Reference value :  1.11237e-06
 Reference value :  1.11337e-06
 Reference value :  1.11437e-06
 Reference value :  1.11537e-06
 Reference value :  1.11657e-06
 Reference value :  1.11777e-06
 Reference value :  1.11897e-06
 Reference value :  1.12017e-06
 Reference value :  1.12137e-06
 Reference value :  1.12257e-06
 Reference value :  1.12377e-06
 Reference value :  1.12497e-06
 Reference value :  1.12597e-06
 Reference value :  1.12717e-06
 Reference value :  1.12837e-06
 Reference value :  1.12957e-06
 Reference value :  1.13077e-06
 Reference value :  1.13197e-06
 Reference value :  1.13317e-06
 Reference value :  1.13437e-06
 Reference value :  1.13557e-06
 Reference value :  1.13677e-06
 Reference value :  1.13797e-06
 Reference value :  1.13917e-06
 Reference value :  1.14017e-06
 Reference value :  1.14137e-06
 Reference value :  1.14237e-06
 Reference value :  1.14357e-06
 Reference value :  1.14457e-06
 Reference value :  1.14577e-06
 Reference value :  1.14697e-06
 Reference value :  1.14797e-06
 Reference value :  1.14900e-06
 Reference value :  1.14950e-06
 Reference value :  1.14985e-06
 Reference value :  1.15002e-06
 Reference value :  1.15045e-06
 Reference value :  1.15125e-06
 Reference value :  1.15205e-06
 Reference value :  1.15285e-06
 Reference value :  1.15385e-06
 Reference value :  1.15465e-06
 Reference value :  1.15565e-06
 Reference value :  1.15685e-06
 Reference value :  1.15785e-06
 Reference value :  1.15905e-06
 Reference value :  1.16025e-06
 Reference value :  1.16125e-06
 Reference value :  1.16245e-06
 Reference value :  1.16365e-06
 Reference value :  1.16485e-06
 Reference value :  1.16585e-06
 Reference value :  1.16705e-06
 Reference value :  1.16825e-06
 Reference value :  1.16945e-06
 Reference value :  1.17045e-06
 Reference value :  1.17165e-06
 Reference value :  1.17265e-06
 Reference value :  1.17365e-06
 Reference value :  1.17465e-06
 Reference value :  1.17565e-06
 Reference value :  1.17665e-06
 Reference value :  1.17765e-06
 Reference value :  1.17865e-06
 Reference value :  1.17965e-06
 Reference value :  1.18045e-06
 Reference value :  1.18145e-06
 Reference value :  1.18225e-06
 Reference value :  1.18325e-06
 Reference value :  1.18445e-06
 Reference value :  1.18545e-06
 Reference value :  1.18665e-06
 Reference value :  1.18785e-06
 Reference value :  1.18885e-06
 Reference value :  1.18985e-06
 Reference value :  1.19085e-06
 Reference value :  1.19165e-06
 Reference value :  1.19245e-06
 Reference value :  1.19345e-06
 Reference value :  1.19445e-06
 Reference value :  1.19545e-06
 Reference value :  1.19645e-06
 Reference value :  1.19745e-06
 Reference value :  1.19845e-06
 Reference value :  1.19945e-06
 Reference value :  1.20002e-06
 Reference value :  1.20030e-06
 Reference value :  1.20070e-06
 Reference value :  1.20085e-06
 Reference value :  1.20102e-06
 Reference value :  1.20123e-06
 Reference value :  1.20177e-06
 Reference value :  1.20257e-06
 Reference value :  1.20337e-06
 Reference value :  1.20417e-06
 Reference value :  1.20497e-06
 Reference value :  1.20557e-06
 Reference value :  1.20617e-06
 Reference value :  1.20697e-06
 Reference value :  1.20777e-06
 Reference value :  1.20857e-06
 Reference value :  1.20957e-06
 Reference value :  1.21037e-06
 Reference value :  1.21137e-06
 Reference value :  1.21237e-06
 Reference value :  1.21337e-06
 Reference value :  1.21457e-06
 Reference value :  1.21557e-06
 Reference value :  1.21677e-06
 Reference value :  1.21797e-06
 Reference value :  1.21917e-06
 Reference value :  1.22037e-06
 Reference value :  1.22157e-06
 Reference value :  1.22277e-06
 Reference value :  1.22377e-06
 Reference value :  1.22497e-06
 Reference value :  1.22617e-06
 Reference value :  1.22737e-06
 Reference value :  1.22857e-06
 Reference value :  1.22977e-06
 Reference value :  1.23097e-06
 Reference value :  1.23217e-06
 Reference value :  1.23337e-06
 Reference value :  1.23457e-06
 Reference value :  1.23577e-06
 Reference value :  1.23697e-06
 Reference value :  1.23817e-06
 Reference value :  1.23917e-06
 Reference value :  1.24017e-06
 Reference value :  1.24117e-06
 Reference value :  1.24237e-06
 Reference value :  1.24357e-06
 Reference value :  1.24477e-06
 Reference value :  1.24597e-06
 Reference value :  1.24717e-06
 Reference value :  1.24837e-06
 Reference value :  1.24902e-06
 Reference value :  1.24970e-06
 Reference value :  1.25000e-06
 Reference value :  1.25014e-06
 Reference value :  1.25085e-06
 Reference value :  1.25165e-06
 Reference value :  1.25245e-06
 Reference value :  1.25325e-06
 Reference value :  1.25405e-06
 Reference value :  1.25505e-06
 Reference value :  1.25605e-06
 Reference value :  1.25705e-06
 Reference value :  1.25805e-06
 Reference value :  1.25905e-06
 Reference value :  1.26025e-06
 Reference value :  1.26105e-06
 Reference value :  1.26185e-06
 Reference value :  1.26245e-06
 Reference value :  1.26345e-06
 Reference value :  1.26445e-06
 Reference value :  1.26545e-06
 Reference value :  1.26625e-06
 Reference value :  1.26725e-06
 Reference value :  1.26825e-06
 Reference value :  1.26905e-06
 Reference value :  1.27025e-06
 Reference value :  1.27145e-06
 Reference value :  1.27265e-06
 Reference value :  1.27385e-06
 Reference value :  1.27485e-06
 Reference value :  1.27605e-06
 Reference value :  1.27725e-06
 Reference value :  1.27845e-06
 Reference value :  1.27965e-06
 Reference value :  1.28085e-06
 Reference value :  1.28205e-06
 Reference value :  1.28325e-06
 Reference value :  1.28425e-06
 Reference value :  1.28545e-06
 Reference value :  1.28665e-06
 Reference value :  1.28785e-06
 Reference value :  1.28905e-06
 Reference value :  1.28985e-06
 Reference value :  1.29105e-06
 Reference value :  1.29205e-06
 Reference value :  1.29325e-06
 Reference value :  1.29445e-06
 Reference value :  1.29545e-06
 Reference value :  1.29645e-06
 Reference value :  1.29725e-06
 Reference value :  1.29885e-06
 Reference value :  1.30050e-06
 Reference value :  1.30070e-06
 Reference value :  1.30085e-06
 Reference value :  1.30102e-06
 Reference value :  1.30123e-06
 Reference value :  1.30177e-06
 Reference value :  1.30237e-06
 Reference value :  1.30317e-06
 Reference value :  1.30397e-06
 Reference value :  1.30477e-06
 Reference value :  1.30557e-06
 Reference value :  1.30637e-06
 Reference value :  1.30737e-06
 Reference value :  1.30857e-06
 Reference value :  1.30957e-06
 Reference value :  1.31077e-06
 Reference value :  1.31197e-06
 Reference value :  1.31317e-06
 Reference value :  1.31437e-06
 Reference value :  1.31537e-06
 Reference value :  1.31637e-06
 Reference value :  1.31737e-06
 Reference value :  1.31837e-06
 Reference value :  1.31937e-06
 Reference value :  1.32017e-06
 Reference value :  1.32117e-06
 Reference value :  1.32217e-06
 Reference value :  1.32317e-06
 Reference value :  1.32417e-06
 Reference value :  1.32677e-06
 Reference value :  1.32977e-06
 Reference value :  1.33057e-06
 Reference value :  1.33157e-06
 Reference value :  1.33257e-06
 Reference value :  1.33357e-06
 Reference value :  1.33477e-06
 Reference value :  1.33577e-06
 Reference value :  1.33697e-06
 Reference value :  1.33817e-06
 Reference value :  1.33937e-06
 Reference value :  1.34037e-06
 Reference value :  1.34157e-06
 Reference value :  1.34257e-06
 Reference value :  1.34377e-06
 Reference value :  1.34457e-06
 Reference value :  1.34557e-06
 Reference value :  1.34657e-06
 Reference value :  1.34777e-06
 Reference value :  1.34877e-06
 Reference value :  1.34906e-06
 Reference value :  1.34970e-06
 Reference value :  1.35000e-06
 Reference value :  1.35014e-06
 Reference value :  1.35065e-06
 Reference value :  1.35145e-06
 Reference value :  1.35205e-06
 Reference value :  1.35285e-06
 Reference value :  1.35365e-06
 Reference value :  1.35445e-06
 Reference value :  1.35505e-06
 Reference value :  1.35565e-06
 Reference value :  1.35665e-06
 Reference value :  1.35765e-06
 Reference value :  1.35885e-06
 Reference value :  1.36005e-06
 Reference value :  1.36125e-06
 Reference value :  1.36225e-06
 Reference value :  1.36325e-06
 Reference value :  1.36425e-06
 Reference value :  1.36525e-06
 Reference value :  1.36645e-06
 Reference value :  1.36745e-06
 Reference value :  1.36845e-06
 Reference value :  1.36945e-06
 Reference value :  1.37045e-06
 Reference value :  1.37145e-06
 Reference value :  1.37245e-06
 Reference value :  1.37365e-06
 Reference value :  1.37445e-06
 Reference value :  1.37525e-06
 Reference value :  1.37625e-06
 Reference value :  1.37745e-06
 Reference value :  1.37865e-06
 Reference value :  1.37965e-06
 Reference value :  1.38085e-06
 Reference value :  1.38205e-06
 Reference value :  1.38325e-06
 Reference value :  1.38425e-06
 Reference value :  1.38545e-06
 Reference value :  1.39005e-06
 Reference value :  1.39085e-06
 Reference value :  1.39165e-06
 Reference value :  1.39265e-06
 Reference value :  1.39365e-06
 Reference value :  1.39465e-06
 Reference value :  1.39565e-06
 Reference value :  1.39685e-06
 Reference value :  1.39785e-06
 Reference value :  1.39885e-06
 Reference value :  1.40000e-06
 Reference value :  1.40030e-06
 Reference value :  1.40070e-06
 Reference value :  1.40085e-06
 Reference value :  1.40105e-06
 Reference value :  1.40137e-06
 Reference value :  1.40217e-06
 Reference value :  1.40297e-06
 Reference value :  1.40377e-06
 Reference value :  1.40457e-06
 Reference value :  1.40497e-06
 Reference value :  1.40577e-06
 Reference value :  1.40657e-06
 Reference value :  1.40737e-06
 Reference value :  1.40857e-06
 Reference value :  1.40957e-06
 Reference value :  1.41077e-06
 Reference value :  1.41197e-06
 Reference value :  1.41297e-06
 Reference value :  1.41417e-06
 Reference value :  1.41537e-06
 Reference value :  1.41657e-06
 Reference value :  1.41777e-06
 Reference value :  1.41877e-06
 Reference value :  1.41977e-06
 Reference value :  1.42077e-06
 Reference value :  1.42197e-06
 Reference value :  1.42297e-06
 Reference value :  1.42397e-06
 Reference value :  1.42517e-06
 Reference value :  1.42597e-06
 Reference value :  1.42657e-06
 Reference value :  1.42717e-06
 Reference value :  1.42777e-06
 Reference value :  1.42857e-06
 Reference value :  1.42957e-06
 Reference value :  1.43077e-06
 Reference value :  1.43197e-06
 Reference value :  1.43297e-06
 Reference value :  1.43377e-06
 Reference value :  1.43477e-06
 Reference value :  1.43577e-06
 Reference value :  1.43677e-06
 Reference value :  1.43757e-06
 Reference value :  1.43857e-06
 Reference value :  1.43957e-06
 Reference value :  1.44057e-06
 Reference value :  1.44157e-06
 Reference value :  1.44257e-06
 Reference value :  1.44357e-06
 Reference value :  1.44457e-06
 Reference value :  1.44557e-06
 Reference value :  1.44677e-06
 Reference value :  1.44777e-06
 Reference value :  1.44877e-06
 Reference value :  1.44914e-06
 Reference value :  1.44985e-06
 Reference value :  1.45002e-06
 Reference value :  1.45045e-06
 Reference value :  1.45105e-06
 Reference value :  1.45185e-06
 Reference value :  1.45245e-06
 Reference value :  1.45305e-06
 Reference value :  1.45385e-06
 Reference value :  1.45465e-06
 Reference value :  1.45545e-06
 Reference value :  1.45665e-06
 Reference value :  1.45785e-06
 Reference value :  1.45905e-06
 Reference value :  1.46005e-06
 Reference value :  1.46065e-06
 Reference value :  1.46165e-06
 Reference value :  1.46285e-06
 Reference value :  1.46405e-06
 Reference value :  1.46505e-06
 Reference value :  1.46625e-06
 Reference value :  1.46745e-06
 Reference value :  1.46865e-06
 Reference value :  1.46985e-06
 Reference value :  1.47105e-06
 Reference value :  1.47225e-06
 Reference value :  1.47345e-06
 Reference value :  1.47445e-06
 Reference value :  1.47565e-06
 Reference value :  1.47685e-06
 Reference value :  1.47805e-06
 Reference value :  1.47905e-06
 Reference value :  1.47985e-06
 Reference value :  1.48085e-06
 Reference value :  1.48165e-06
 Reference value :  1.48265e-06
 Reference value :  1.48385e-06
 Reference value :  1.48505e-06
 Reference value :  1.48625e-06
 Reference value :  1.48745e-06
 Reference value :  1.48865e-06
 Reference value :  1.48965e-06
 Reference value :  1.49065e-06
 Reference value :  1.49165e-06
 Reference value :  1.49265e-06
 Reference value :  1.49365e-06
 Reference value :  1.49465e-06
 Reference value :  1.49585e-06
 Reference value :  1.49705e-06
 Reference value :  1.49805e-06
 Reference value :  1.49905e-06
 Reference value :  1.50000e-06
 Reference value :  1.50030e-06
 Reference value :  1.50070e-06
 Reference value :  1.50085e-06
 Reference value :  1.50105e-06
 Reference value :  1.50157e-06
 Reference value :  1.50237e-06
 Reference value :  1.50317e-06
 Reference value :  1.50397e-06
 Reference value :  1.50477e-06
 Reference value :  1.50557e-06
 Reference value :  1.50637e-06
 Reference value :  1.50737e-06
 Reference value :  1.50857e-06
 Reference value :  1.50977e-06
 Reference value :  1.51097e-06
 Reference value :  1.51217e-06
 Reference value :  1.51317e-06
 Reference value :  1.51437e-06
 Reference value :  1.51537e-06
 Reference value :  1.51657e-06
 Reference value :  1.51757e-06
 Reference value :  1.51837e-06
 Reference value :  1.51957e-06
 Reference value :  1.52057e-06
 Reference value :  1.52177e-06
 Reference value :  1.52297e-06
 Reference value :  1.52397e-06
 Reference value :  1.52497e-06
 Reference value :  1.52617e-06
 Reference value :  1.52737e-06
 Reference value :  1.52857e-06
 Reference value :  1.52977e-06
 Reference value :  1.53097e-06
 Reference value :  1.53217e-06
 Reference value :  1.53337e-06
 Reference value :  1.53457e-06
 Reference value :  1.53577e-06
 Reference value :  1.53697e-06
 Reference value :  1.53797e-06
 Reference value :  1.53917e-06
 Reference value :  1.54017e-06
 Reference value :  1.54137e-06
 Reference value :  1.54257e-06
 Reference value :  1.54357e-06
 Reference value :  1.54477e-06
 Reference value :  1.54597e-06
 Reference value :  1.54697e-06
 Reference value :  1.54817e-06
 Reference value :  1.54902e-06
 Reference value :  1.54970e-06
 Reference value :  1.55000e-06
 Reference value :  1.55014e-06
 Reference value :  1.55085e-06
 Reference value :  1.55165e-06
 Reference value :  1.55245e-06
 Reference value :  1.55325e-06
 Reference value :  1.55405e-06
 Reference value :  1.55505e-06
 Reference value :  1.55605e-06
 Reference value :  1.55725e-06
 Reference value :  1.55825e-06
 Reference value :  1.55945e-06
 Reference value :  1.56025e-06
 Reference value :  1.56125e-06
 Reference value :  1.56245e-06
 Reference value :  1.56365e-06
 Reference value :  1.56465e-06
 Reference value :  1.56585e-06
 Reference value :  1.56685e-06
 Reference value :  1.56765e-06
 Reference value :  1.56885e-06
 Reference value :  1.57005e-06
 Reference value :  1.57105e-06
 Reference value :  1.57225e-06
 Reference value :  1.57345e-06
 Reference value :  1.57445e-06
 Reference value :  1.57565e-06
 Reference value :  1.57665e-06
 Reference value :  1.57765e-06
 Reference value :  1.57885e-06
 Reference value :  1.58005e-06
 Reference value :  1.58105e-06
 Reference value :  1.58225e-06
 Reference value :  1.58345e-06
 Reference value :  1.58445e-06
 Reference value :  1.58565e-06
 Reference value :  1.58685e-06
 Reference value :  1.58805e-06
 Reference value :  1.58925e-06
 Reference value :  1.59045e-06
 Reference value :  1.59165e-06
 Reference value :  1.59285e-06
 Reference value :  1.59405e-06
 Reference value :  1.59505e-06
 Reference value :  1.59625e-06
 Reference value :  1.59725e-06
 Reference value :  1.59845e-06
 Reference value :  1.59945e-06
 Reference value :  1.60006e-06
 Reference value :  1.60050e-06
 Reference value :  1.60085e-06
 Reference value :  1.60105e-06
 Reference value :  1.60137e-06
 Reference value :  1.60217e-06
 Reference value :  1.60297e-06
 Reference value :  1.60377e-06
 Reference value :  1.60457e-06
 Reference value :  1.60537e-06
 Reference value :  1.60617e-06
 Reference value :  1.60697e-06
 Reference value :  1.60797e-06
 Reference value :  1.60917e-06
 Reference value :  1.61037e-06
 Reference value :  1.61157e-06
 Reference value :  1.61257e-06
 Reference value :  1.61377e-06
 Reference value :  1.61497e-06
 Reference value :  1.61617e-06
 Reference value :  1.61717e-06
 Reference value :  1.61797e-06
 Reference value :  1.61877e-06
 Reference value :  1.61957e-06
 Reference value :  1.62037e-06
 Reference value :  1.62117e-06
 Reference value :  1.62197e-06
 Reference value :  1.62277e-06
 Reference value :  1.62377e-06
 Reference value :  1.62477e-06
 Reference value :  1.62577e-06
 Reference value :  1.62677e-06
 Reference value :  1.62777e-06
 Reference value :  1.62877e-06
 Reference value :  1.62977e-06
 Reference value :  1.63077e-06
 Reference value :  1.63177e-06
 Reference value :  1.63257e-06
 Reference value :  1.63357e-06
 Reference value :  1.63477e-06
 Reference value :  1.63577e-06
 Reference value :  1.63677e-06
 Reference value :  1.63777e-06
 Reference value :  1.63877e-06
 Reference value :  1.63997e-06
 Reference value :  1.64097e-06
 Reference value :  1.64217e-06
 Reference value :  1.64317e-06
 Reference value :  1.64417e-06
 Reference value :  1.64517e-06
 Reference value :  1.64637e-06
 Reference value :  1.64737e-06
 Reference value :  1.64817e-06
 Reference value :  1.64900e-06
 Reference value :  1.64950e-06
 Reference value :  1.64985e-06
 Reference value :  1.65000e-06
 Reference value :  1.65014e-06
 Reference value :  1.65085e-06
 Reference value :  1.65165e-06
 Reference value :  1.65225e-06
 Reference value :  1.65285e-06
 Reference value :  1.65365e-06
 Reference value :  1.65425e-06
 Reference value :  1.65505e-06
 Reference value :  1.65585e-06
 Reference value :  1.65705e-06
 Reference value :  1.65805e-06
 Reference value :  1.65905e-06
 Reference value :  1.66005e-06
 Reference value :  1.66105e-06
 Reference value :  1.66185e-06
 Reference value :  1.66285e-06
 Reference value :  1.66385e-06
 Reference value :  1.66505e-06
 Reference value :  1.66605e-06
 Reference value :  1.66725e-06
 Reference value :  1.66825e-06
 Reference value :  1.66925e-06
 Reference value :  1.67025e-06
 Reference value :  1.67125e-06
 Reference value :  1.67225e-06
 Reference value :  1.67345e-06
 Reference value :  1.67465e-06
 Reference value :  1.67565e-06
 Reference value :  1.67645e-06
 Reference value :  1.67725e-06
 Reference value :  1.67805e-06
 Reference value :  1.67905e-06
 Reference value :  1.68005e-06
 Reference value :  1.68085e-06
 Reference value :  1.68165e-06
 Reference value :  1.68245e-06
 Reference value :  1.68345e-06
 Reference value :  1.68425e-06
 Reference value :  1.68505e-06
 Reference value :  1.68585e-06
 Reference value :  1.68665e-06
 Reference value :  1.68745e-06
 Reference value :  1.68805e-06
 Reference value :  1.68885e-06
 Reference value :  1.68945e-06
 Reference value :  1.69045e-06
 Reference value :  1.69125e-06
 Reference value :  1.69245e-06
 Reference value :  1.69325e-06
 Reference value :  1.69405e-06
 Reference value :  1.69485e-06
 Reference value :  1.69545e-06
 Reference value :  1.69625e-06
 Reference value :  1.69705e-06
 Reference value :  1.69785e-06
 Reference value :  1.69905e-06
 Reference value :  1.70000e-06
 Reference value :  1.70006e-06
 Reference value :  1.70050e-06
 Reference value :  1.70070e-06
 Reference value :  1.70085e-06
 Reference value :  1.70102e-06
 Reference value :  1.70112e-06
 Reference value :  1.70157e-06
 Reference value :  1.70217e-06
 Reference value :  1.70277e-06
 Reference value :  1.70337e-06
 Reference value :  1.70397e-06
 Reference value :  1.70457e-06
 Reference value :  1.70517e-06
 Reference value :  1.70577e-06
 Reference value :  1.70637e-06
 Reference value :  1.70717e-06
 Reference value :  1.70797e-06
 Reference value :  1.70897e-06
 Reference value :  1.70997e-06
 Reference value :  1.71077e-06
 Reference value :  1.71177e-06
 Reference value :  1.71277e-06
 Reference value :  1.71397e-06
 Reference value :  1.71497e-06
 Reference value :  1.71617e-06
 Reference value :  1.71737e-06
 Reference value :  1.71857e-06
 Reference value :  1.71937e-06
 Reference value :  1.72037e-06
 Reference value :  1.72097e-06
 Reference value :  1.72157e-06
 Reference value :  1.72237e-06
 Reference value :  1.72317e-06
 Reference value :  1.72397e-06
 Reference value :  1.72477e-06
 Reference value :  1.72557e-06
 Reference value :  1.72637e-06
 Reference value :  1.72737e-06
 Reference value :  1.72857e-06
 Reference value :  1.72957e-06
 Reference value :  1.73037e-06
 Reference value :  1.73137e-06
 Reference value :  1.73237e-06
 Reference value :  1.73337e-06
 Reference value :  1.73397e-06
 Reference value :  1.73457e-06
 Reference value :  1.73537e-06
 Reference value :  1.73637e-06
 Reference value :  1.73737e-06
 Reference value :  1.73817e-06
 Reference value :  1.73897e-06
 Reference value :  1.73977e-06
 Reference value :  1.74057e-06
 Reference value :  1.74157e-06
 Reference value :  1.74277e-06
 Reference value :  1.74337e-06
 Reference value :  1.74417e-06
 Reference value :  1.74497e-06
 Reference value :  1.74577e-06
 Reference value :  1.74657e-06
 Reference value :  1.74757e-06
 Reference value :  1.74857e-06
 Reference value :  1.74902e-06
 Reference value :  1.74950e-06
 Reference value :  1.74985e-06
 Reference value :  1.75000e-06
 Reference value :  1.75014e-06
 Reference value :  1.75085e-06
 Reference value :  1.75145e-06
 Reference value :  1.75225e-06
 Reference value :  1.75305e-06
 Reference value :  1.75385e-06
 Reference value :  1.75445e-06
 Reference value :  1.75525e-06
 Reference value :  1.75585e-06
 Reference value :  1.75665e-06
 Reference value :  1.75765e-06
 Reference value :  1.75865e-06
 Reference value :  1.75985e-06
 Reference value :  1.76085e-06
 Reference value :  1.76165e-06
 Reference value :  1.76265e-06
 Reference value :  1.76365e-06
 Reference value :  1.76445e-06
 Reference value :  1.76525e-06
 Reference value :  1.76605e-06
 Reference value :  1.76705e-06
 Reference value :  1.76805e-06
 Reference value :  1.76905e-06
 Reference value :  1.76985e-06
 Reference value :  1.77065e-06
 Reference value :  1.77165e-06
 Reference value :  1.77265e-06
 Reference value :  1.77345e-06
 Reference value :  1.77445e-06
 Reference value :  1.77545e-06
 Reference value :  1.77645e-06
 Reference value :  1.77745e-06
 Reference value :  1.77885e-06
 Reference value :  1.77985e-06
 Reference value :  1.78065e-06
 Reference value :  1.78165e-06
 Reference value :  1.78265e-06
 Reference value :  1.78385e-06
 Reference value :  1.78465e-06
 Reference value :  1.78585e-06
 Reference value :  1.78685e-06
 Reference value :  1.78785e-06
 Reference value :  1.78865e-06
 Reference value :  1.78925e-06
 Reference value :  1.78985e-06
 Reference value :  1.79065e-06
 Reference value :  1.79145e-06
 Reference value :  1.79225e-06
 Reference value :  1.79325e-06
 Reference value :  1.79385e-06
 Reference value :  1.79465e-06
 Reference value :  1.79525e-06
 Reference value :  1.79585e-06
 Reference value :  1.79665e-06
 Reference value :  1.79745e-06
 Reference value :  1.79845e-06
 Reference value :  1.79945e-06
 Reference value :  1.80006e-06
 Reference value :  1.80050e-06
 Reference value :  1.80070e-06
 Reference value :  1.80085e-06
 Reference value :  1.80102e-06
 Reference value :  1.80123e-06
 Reference value :  1.80197e-06
 Reference value :  1.80277e-06
 Reference value :  1.80357e-06
 Reference value :  1.80417e-06
 Reference value :  1.80477e-06
 Reference value :  1.80537e-06
 Reference value :  1.80597e-06
 Reference value :  1.80637e-06
 Reference value :  1.80697e-06
 Reference value :  1.80797e-06
 Reference value :  1.80897e-06
 Reference value :  1.80997e-06
 Reference value :  1.81117e-06
 Reference value :  1.81237e-06
 Reference value :  1.81357e-06
 Reference value :  1.81457e-06
 Reference value :  1.81557e-06
 Reference value :  1.81657e-06
 Reference value :  1.81757e-06
 Reference value :  1.81857e-06
 Reference value :  1.81957e-06
 Reference value :  1.82057e-06
 Reference value :  1.82157e-06
 Reference value :  1.82257e-06
 Reference value :  1.82357e-06
 Reference value :  1.82457e-06
 Reference value :  1.82577e-06
 Reference value :  1.82677e-06
 Reference value :  1.82777e-06
 Reference value :  1.82877e-06
 Reference value :  1.82997e-06
 Reference value :  1.83097e-06
 Reference value :  1.83197e-06
 Reference value :  1.83297e-06
 Reference value :  1.83417e-06
 Reference value :  1.83517e-06
 Reference value :  1.83637e-06
 Reference value :  1.83757e-06
 Reference value :  1.83877e-06
 Reference value :  1.83997e-06
 Reference value :  1.84117e-06
 Reference value :  1.84237e-06
 Reference value :  1.84357e-06
 Reference value :  1.84457e-06
 Reference value :  1.84577e-06
 Reference value :  1.84657e-06
 Reference value :  1.84757e-06
 Reference value :  1.84857e-06
 Reference value :  1.84906e-06
 Reference value :  1.84970e-06
 Reference value :  1.85000e-06
 Reference value :  1.85014e-06
 Reference value :  1.85065e-06
 Reference value :  1.85125e-06
 Reference value :  1.85205e-06
 Reference value :  1.85285e-06
 Reference value :  1.85385e-06
 Reference value :  1.85465e-06
 Reference value :  1.85545e-06
 Reference value :  1.85625e-06
 Reference value :  1.85745e-06
 Reference value :  1.85845e-06
 Reference value :  1.85965e-06
 Reference value :  1.86085e-06
 Reference value :  1.86165e-06
 Reference value :  1.86245e-06
 Reference value :  1.86345e-06
 Reference value :  1.86445e-06
 Reference value :  1.86545e-06
 Reference value :  1.86645e-06
 Reference value :  1.86745e-06
 Reference value :  1.86845e-06
 Reference value :  1.86945e-06
 Reference value :  1.87005e-06
 Reference value :  1.87065e-06
 Reference value :  1.87145e-06
 Reference value :  1.87225e-06
 Reference value :  1.87325e-06
 Reference value :  1.87445e-06
 Reference value :  1.87565e-06
 Reference value :  1.87645e-06
 Reference value :  1.87705e-06
 Reference value :  1.87785e-06
 Reference value :  1.87865e-06
 Reference value :  1.87965e-06
 Reference value :  1.88085e-06
 Reference value :  1.88205e-06
 Reference value :  1.88305e-06
 Reference value :  1.88425e-06
 Reference value :  1.88525e-06
 Reference value :  1.88585e-06
 Reference value :  1.88685e-06
 Reference value :  1.88805e-06
 Reference value :  1.88905e-06
 Reference value :  1.89005e-06
 Reference value :  1.89385e-06
 Reference value :  1.89945e-06
 Reference value :  1.90050e-06
 Reference value :  1.90070e-06
 Reference value :  1.90085e-06
 Reference value :  1.90105e-06
 Reference value :  1.90157e-06
 Reference value :  1.90237e-06
 Reference value :  1.90317e-06
 Reference value :  1.90397e-06
 Reference value :  1.90477e-06
 Reference value :  1.90557e-06
 Reference value :  1.90637e-06
 Reference value :  1.90737e-06
 Reference value :  1.90857e-06
 Reference value :  1.90977e-06
 Reference value :  1.91097e-06
 Reference value :  1.91217e-06
 Reference value :  1.91337e-06
 Reference value :  1.91437e-06
 Reference value :  1.91557e-06
 Reference value :  1.91677e-06
 Reference value :  1.91777e-06
 Reference value :  1.91897e-06
 Reference value :  1.91977e-06
 Reference value :  1.92057e-06
 Reference value :  1.92137e-06
 Reference value :  1.92237e-06
 Reference value :  1.92357e-06
 Reference value :  1.92477e-06
 Reference value :  1.92577e-06
 Reference value :  1.92697e-06
 Reference value :  1.92797e-06
 Reference value :  1.92917e-06
 Reference value :  1.93017e-06
 Reference value :  1.93097e-06
 Reference value :  1.93177e-06
 Reference value :  1.93257e-06
 Reference value :  1.93377e-06
 Reference value :  1.93477e-06
 Reference value :  1.93597e-06
 Reference value :  1.93717e-06
 Reference value :  1.93817e-06
 Reference value :  1.93937e-06
 Reference value :  1.94017e-06
 Reference value :  1.94117e-06
 Reference value :  1.94217e-06
 Reference value :  1.94397e-06
 Reference value :  1.94477e-06
 Reference value :  1.94557e-06
 Reference value :  1.94677e-06
 Reference value :  1.94777e-06
 Reference value :  1.94889e-06
 Reference value :  1.94914e-06
 Reference value :  1.94970e-06
 Reference value :  1.95000e-06
 Reference value :  1.95025e-06
 Reference value :  1.95105e-06
 Reference value :  1.95185e-06
 Reference value :  1.95265e-06
 Reference value :  1.95345e-06
 Reference value :  1.95425e-06
 Reference value :  1.95505e-06
 Reference value :  1.95585e-06
 Reference value :  1.95665e-06
 Reference value :  1.95725e-06
 Reference value :  1.95805e-06
 Reference value :  1.95905e-06
 Reference value :  1.96025e-06
 Reference value :  1.96105e-06
 Reference value :  1.96205e-06
 Reference value :  1.96305e-06
 Reference value :  1.96385e-06
 Reference value :  1.96465e-06
 Reference value :  1.96565e-06
 Reference value :  1.96665e-06
 Reference value :  1.96765e-06
 Reference value :  1.96865e-06
 Reference value :  1.96965e-06
 Reference value :  1.97045e-06
 Reference value :  1.97145e-06
 Reference value :  1.97245e-06
 Reference value :  1.97345e-06
 Reference value :  1.97445e-06
 Reference value :  1.97545e-06
 Reference value :  1.97645e-06
 Reference value :  1.97745e-06
 Reference value :  1.97845e-06
 Reference value :  1.97925e-06
 Reference value :  1.97985e-06
 Reference value :  1.98105e-06
 Reference value :  1.98225e-06
 Reference value :  1.98345e-06
 Reference value :  1.98465e-06
 Reference value :  1.98585e-06
 Reference value :  1.98685e-06
 Reference value :  1.98805e-06
 Reference value :  1.98925e-06
 Reference value :  1.99025e-06
 Reference value :  1.99145e-06
 Reference value :  1.99245e-06
 Reference value :  1.99365e-06
 Reference value :  1.99465e-06
 Reference value :  1.99565e-06
 Reference value :  1.99845e-06
 Reference value :  1.99925e-06
 Reference value :  2.00000e-06
 Reference value :  2.00030e-06
 Reference value :  2.00070e-06
 Reference value :  2.00085e-06
 Reference value :  2.00102e-06
 Reference value :  2.00123e-06
 Reference value :  2.00197e-06
 Reference value :  2.00277e-06
 Reference value :  2.00337e-06
 Reference value :  2.00397e-06
 Reference value :  2.00477e-06
 Reference value :  2.00557e-06
 Reference value :  2.00637e-06
 Reference value :  2.00737e-06
 Reference value :  2.00857e-06
 Reference value :  2.00977e-06
 Reference value :  2.01077e-06
 Reference value :  2.01177e-06
 Reference value :  2.01277e-06
 Reference value :  2.01377e-06
 Reference value :  2.01497e-06
 Reference value :  2.01617e-06
 Reference value :  2.01717e-06
 Reference value :  2.01837e-06
 Reference value :  2.01957e-06
 Reference value :  2.02057e-06
 Reference value :  2.02177e-06
 Reference value :  2.02277e-06
 Reference value :  2.02397e-06
 Reference value :  2.02517e-06
 Reference value :  2.02617e-06
 Reference value :  2.02717e-06
 Reference value :  2.02837e-06
 Reference value :  2.02937e-06
 Reference value :  2.03037e-06
 Reference value :  2.03137e-06
 Reference value :  2.03237e-06
 Reference value :  2.03357e-06
 Reference value :  2.03457e-06
 Reference value :  2.03557e-06
 Reference value :  2.03657e-06
 Reference value :  2.03777e-06
 Reference value :  2.03897e-06
 Reference value :  2.04017e-06
 Reference value :  2.04137e-06
 Reference value :  2.04257e-06
 Reference value :  2.04377e-06
 Reference value :  2.04477e-06
 Reference value :  2.04597e-06
 Reference value :  2.04697e-06
 Reference value :  2.04817e-06
 Reference value :  2.04900e-06
 Reference value :  2.04950e-06
 Reference value :  2.04985e-06
 Reference value :  2.05000e-06
 Reference value :  2.05014e-06
 Reference value :  2.05085e-06
 Reference value :  2.05165e-06
 Reference value :  2.05245e-06
 Reference value :  2.05345e-06
 Reference value :  2.05425e-06
 Reference value :  2.05505e-06
 Reference value :  2.05585e-06
 Reference value :  2.05665e-06
 Reference value :  2.05765e-06
 Reference value :  2.05865e-06
 Reference value :  2.05945e-06
 Reference value :  2.06025e-06
 Reference value :  2.06085e-06
 Reference value :  2.06145e-06
 Reference value :  2.06225e-06
 Reference value :  2.06285e-06
 Reference value :  2.06365e-06
 Reference value :  2.06445e-06
 Reference value :  2.06525e-06
 Reference value :  2.06605e-06
 Reference value :  2.06685e-06
 Reference value :  2.06765e-06
 Reference value :  2.06845e-06
 Reference value :  2.06905e-06
 Reference value :  2.06985e-06
 Reference value :  2.07065e-06
 Reference value :  2.07145e-06
 Reference value :  2.07225e-06
 Reference value :  2.07325e-06
 Reference value :  2.07405e-06
 Reference value :  2.07485e-06
 Reference value :  2.07585e-06
 Reference value :  2.07665e-06
 Reference value :  2.07765e-06
 Reference value :  2.07865e-06
 Reference value :  2.07965e-06
 Reference value :  2.08065e-06
 Reference value :  2.08165e-06
 Reference value :  2.08285e-06
 Reference value :  2.08385e-06
 Reference value :  2.08485e-06
 Reference value :  2.08585e-06
 Reference value :  2.08685e-06
 Reference value :  2.08785e-06
 Reference value :  2.08865e-06
 Reference value :  2.08965e-06
 Reference value :  2.09085e-06
 Reference value :  2.09185e-06
 Reference value :  2.09305e-06
 Reference value :  2.09405e-06
 Reference value :  2.09505e-06
 Reference value :  2.09605e-06
 Reference value :  2.09705e-06
 Reference value :  2.09805e-06
 Reference value :  2.09885e-06
 Reference value :  2.09983e-06
 Reference value :  2.10006e-06
 Reference value :  2.10050e-06
 Reference value :  2.10085e-06
 Reference value :  2.10102e-06
 Reference value :  2.10112e-06
 Reference value :  2.10157e-06
 Reference value :  2.10217e-06
 Reference value :  2.10257e-06
 Reference value :  2.10317e-06
 Reference value :  2.10377e-06
 Reference value :  2.10457e-06
 Reference value :  2.10537e-06
 Reference value :  2.10597e-06
 Reference value :  2.10677e-06
 Reference value :  2.10777e-06
 Reference value :  2.10877e-06
 Reference value :  2.10977e-06
 Reference value :  2.11097e-06
 Reference value :  2.11217e-06
 Reference value :  2.11337e-06
 Reference value :  2.11437e-06
 Reference value :  2.11557e-06
 Reference value :  2.11657e-06
 Reference value :  2.11737e-06
 Reference value :  2.11837e-06
 Reference value :  2.11937e-06
 Reference value :  2.12057e-06
 Reference value :  2.12157e-06
 Reference value :  2.12217e-06
 Reference value :  2.12317e-06
 Reference value :  2.12417e-06
 Reference value :  2.12517e-06
 Reference value :  2.12597e-06
 Reference value :  2.12697e-06
 Reference value :  2.12797e-06
 Reference value :  2.12897e-06
 Reference value :  2.12997e-06
 Reference value :  2.13097e-06
 Reference value :  2.13197e-06
 Reference value :  2.13297e-06
 Reference value :  2.13397e-06
 Reference value :  2.13477e-06
 Reference value :  2.13577e-06
 Reference value :  2.13677e-06
 Reference value :  2.13777e-06
 Reference value :  2.13877e-06
 Reference value :  2.13977e-06
 Reference value :  2.14077e-06
 Reference value :  2.14157e-06
 Reference value :  2.14257e-06
 Reference value :  2.14357e-06
 Reference value :  2.14457e-06
 Reference value :  2.14557e-06
 Reference value :  2.14657e-06
 Reference value :  2.14757e-06
 Reference value :  2.14857e-06
 Reference value :  2.14902e-06
 Reference value :  2.14950e-06
 Reference value :  2.14985e-06
 Reference value :  2.15002e-06
 Reference value :  2.15014e-06
 Reference value :  2.15065e-06
 Reference value :  2.15145e-06
 Reference value :  2.15225e-06
 Reference value :  2.15305e-06
 Reference value :  2.15405e-06
 Reference value :  2.15505e-06
 Reference value :  2.15585e-06
 Reference value :  2.15705e-06
 Reference value :  2.15805e-06
 Reference value :  2.15925e-06
 Reference value :  2.16045e-06
 Reference value :  2.16145e-06
 Reference value :  2.16265e-06
 Reference value :  2.16385e-06
 Reference value :  2.16445e-06
 Reference value :  2.16505e-06
 Reference value :  2.16585e-06
 Reference value :  2.16685e-06
 Reference value :  2.16785e-06
 Reference value :  2.16885e-06
 Reference value :  2.16965e-06
 Reference value :  2.17065e-06
 Reference value :  2.17165e-06
 Reference value :  2.17265e-06
 Reference value :  2.17365e-06
 Reference value :  2.17465e-06
 Reference value :  2.17545e-06
 Reference value :  2.17665e-06
 Reference value :  2.17785e-06
 Reference value :  2.17905e-06
 Reference value :  2.18025e-06
 Reference value :  2.18145e-06
 Reference value :  2.18245e-06
 Reference value :  2.18345e-06
 Reference value :  2.18465e-06
 Reference value :  2.18565e-06
 Reference value :  2.18665e-06
 Reference value :  2.18765e-06
 Reference value :  2.18865e-06
 Reference value :  2.18965e-06
 Reference value :  2.19065e-06
 Reference value :  2.19165e-06
 Reference value :  2.19265e-06
 Reference value :  2.19365e-06
 Reference value :  2.19465e-06
 Reference value :  2.19585e-06
 Reference value :  2.19705e-06
 Reference value :  2.19825e-06
 Reference value :  2.19925e-06
 Reference value :  2.20014e-06
 Reference value :  2.20237e-06
 Reference value :  2.20297e-06
 Reference value :  2.20377e-06
 Reference value :  2.20457e-06
 Reference value :  2.20537e-06
 Reference value :  2.20617e-06
 Reference value :  2.20697e-06
 Reference value :  2.20797e-06
 Reference value :  2.20917e-06
 Reference value :  2.21037e-06
 Reference value :  2.21137e-06
 Reference value :  2.21237e-06
 Reference value :  2.21337e-06
 Reference value :  2.21437e-06
 Reference value :  2.21557e-06
 Reference value :  2.21677e-06
 Reference value :  2.21777e-06
 Reference value :  2.21897e-06
 Reference value :  2.21997e-06
 Reference value :  2.22057e-06
 Reference value :  2.22117e-06
 Reference value :  2.22177e-06
 Reference value :  2.22257e-06
 Reference value :  2.22337e-06
 Reference value :  2.22437e-06
 Reference value :  2.22537e-06
 Reference value :  2.22657e-06
 Reference value :  2.22757e-06
 Reference value :  2.22877e-06
 Reference value :  2.22977e-06
 Reference value :  2.23097e-06
 Reference value :  2.23197e-06
 Reference value :  2.23277e-06
 Reference value :  2.23337e-06
 Reference value :  2.23397e-06
 Reference value :  2.23457e-06
 Reference value :  2.23537e-06
 Reference value :  2.23617e-06
 Reference value :  2.23737e-06
 Reference value :  2.23837e-06
 Reference value :  2.23917e-06
 Reference value :  2.23997e-06
 Reference value :  2.24077e-06
 Reference value :  2.24137e-06
 Reference value :  2.24197e-06
 Reference value :  2.24297e-06
 Reference value :  2.24397e-06
 Reference value :  2.24497e-06
 Reference value :  2.24617e-06
 Reference value :  2.24737e-06
 Reference value :  2.24857e-06
 Reference value :  2.24906e-06
 Reference value :  2.24970e-06
 Reference value :  2.25000e-06
 Reference value :  2.25014e-06
 Reference value :  2.25085e-06
 Reference value :  2.25165e-06
 Reference value :  2.25245e-06
 Reference value :  2.25325e-06
 Reference value :  2.25405e-06
 Reference value :  2.25505e-06
 Reference value :  2.25605e-06
 Reference value :  2.25725e-06
 Reference value :  2.25845e-06
 Reference value :  2.25965e-06
 Reference value :  2.26065e-06
 Reference value :  2.26165e-06
 Reference value :  2.26265e-06
 Reference value :  2.26365e-06
 Reference value :  2.26485e-06
 Reference value :  2.26585e-06
 Reference value :  2.26685e-06
 Reference value :  2.26785e-06
 Reference value :  2.26905e-06
 Reference value :  2.27005e-06
 Reference value :  2.27105e-06
 Reference value :  2.27225e-06
 Reference value :  2.27345e-06
 Reference value :  2.27405e-06
 Reference value :  2.27505e-06
 Reference value :  2.27625e-06
 Reference value :  2.27725e-06
 Reference value :  2.27825e-06
 Reference value :  2.27925e-06
 Reference value :  2.28045e-06
 Reference value :  2.28165e-06
 Reference value :  2.28285e-06
 Reference value :  2.28405e-06
 Reference value :  2.28525e-06
 Reference value :  2.28605e-06
 Reference value :  2.28705e-06
 Reference value :  2.28805e-06
 Reference value :  2.28905e-06
 Reference value :  2.28985e-06
 Reference value :  2.29065e-06
 Reference value :  2.29165e-06
 Reference value :  2.29265e-06
 Reference value :  2.29385e-06
 Reference value :  2.29485e-06
 Reference value :  2.29605e-06
 Reference value :  2.29705e-06
 Reference value :  2.29805e-06
 Reference value :  2.29925e-06
 Reference value :  2.30002e-06
 Reference value :  2.30050e-06
 Reference value :  2.30085e-06
 Reference value :  2.30105e-06
 Reference value :  2.30137e-06
 Reference value :  2.30217e-06
 Reference value :  2.30297e-06
 Reference value :  2.30377e-06
 Reference value :  2.30457e-06
 Reference value :  2.30537e-06
 Reference value :  2.30597e-06
 Reference value :  2.30677e-06
 Reference value :  2.30777e-06
 Reference value :  2.30877e-06
 Reference value :  2.30997e-06
 Reference value :  2.31117e-06
 Reference value :  2.31237e-06
 Reference value :  2.31357e-06
 Reference value :  2.31477e-06
 Reference value :  2.31577e-06
 Reference value :  2.31697e-06
 Reference value :  2.31837e-06
 Reference value :  2.31937e-06
 Reference value :  2.32017e-06
 Reference value :  2.32117e-06
 Reference value :  2.32217e-06
 Reference value :  2.32317e-06
 Reference value :  2.32437e-06
 Reference value :  2.32557e-06
 Reference value :  2.32657e-06
 Reference value :  2.32757e-06
 Reference value :  2.32837e-06
 Reference value :  2.32957e-06
 Reference value :  2.33057e-06
 Reference value :  2.33177e-06
 Reference value :  2.33277e-06
 Reference value :  2.33377e-06
 Reference value :  2.33477e-06
 Reference value :  2.33597e-06
 Reference value :  2.33717e-06
 Reference value :  2.33837e-06
 Reference value :  2.33957e-06
 Reference value :  2.34077e-06
 Reference value :  2.34177e-06
 Reference value :  2.34277e-06
 Reference value :  2.34397e-06
 Reference value :  2.34517e-06
 Reference value :  2.34617e-06
 Reference value :  2.34677e-06
 Reference value :  2.34757e-06
 Reference value :  2.34837e-06
 Reference value :  2.34902e-06
 Reference value :  2.34950e-06
 Reference value :  2.34985e-06
 Reference value :  2.35000e-06
 Reference value :  2.35014e-06
 Reference value :  2.35085e-06
 Reference value :  2.35165e-06
 Reference value :  2.35245e-06
 Reference value :  2.35325e-06
 Reference value :  2.35405e-06
 Reference value :  2.35485e-06
 Reference value :  2.35565e-06
 Reference value :  2.35665e-06
 Reference value :  2.35765e-06
 Reference value :  2.35885e-06
 Reference value :  2.36005e-06
 Reference value :  2.36105e-06
 Reference value :  2.36225e-06
 Reference value :  2.36305e-06
 Reference value :  2.36385e-06
 Reference value :  2.36485e-06
 Reference value :  2.36585e-06
 Reference value :  2.36705e-06
 Reference value :  2.36825e-06
 Reference value :  2.36925e-06
 Reference value :  2.37025e-06
 Reference value :  2.37145e-06
 Reference value :  2.37265e-06
 Reference value :  2.37385e-06
 Reference value :  2.37505e-06
 Reference value :  2.37605e-06
 Reference value :  2.37725e-06
 Reference value :  2.37825e-06
 Reference value :  2.37925e-06
 Reference value :  2.38025e-06
 Reference value :  2.38105e-06
 Reference value :  2.38205e-06
 Reference value :  2.38325e-06
 Reference value :  2.38405e-06
 Reference value :  2.38465e-06
 Reference value :  2.38565e-06
 Reference value :  2.38665e-06
 Reference value :  2.38765e-06
 Reference value :  2.38845e-06
 Reference value :  2.38965e-06
 Reference value :  2.39085e-06
 Reference value :  2.39205e-06
 Reference value :  2.39265e-06
 Reference value :  2.39345e-06
 Reference value :  2.39405e-06
 Reference value :  2.39465e-06
 Reference value :  2.39545e-06
 Reference value :  2.39625e-06
 Reference value :  2.39745e-06
 Reference value :  2.39865e-06
 Reference value :  2.39983e-06
 Reference value :  2.40014e-06
 Reference value :  2.40070e-06
 Reference value :  2.40085e-06
 Reference value :  2.40105e-06
 Reference value :  2.40157e-06
 Reference value :  2.40237e-06
 Reference value :  2.40317e-06
 Reference value :  2.40397e-06
 Reference value :  2.40477e-06
 Reference value :  2.40557e-06
 Reference value :  2.40617e-06
 Reference value :  2.40677e-06
 Reference value :  2.40737e-06
 Reference value :  2.40857e-06
 Reference value :  2.40937e-06
 Reference value :  2.41037e-06
 Reference value :  2.41137e-06
 Reference value :  2.41237e-06
 Reference value :  2.41337e-06
 Reference value :  2.41437e-06
 Reference value :  2.41537e-06
 Reference value :  2.41637e-06
 Reference value :  2.41737e-06
 Reference value :  2.41837e-06
 Reference value :  2.41917e-06
 Reference value :  2.42037e-06
 Reference value :  2.42157e-06
 Reference value :  2.42277e-06
 Reference value :  2.42377e-06
 Reference value :  2.42477e-06
 Reference value :  2.42577e-06
 Reference value :  2.42677e-06
 Reference value :  2.42777e-06
 Reference value :  2.42877e-06
 Reference value :  2.42977e-06
 Reference value :  2.43077e-06
 Reference value :  2.43177e-06
 Reference value :  2.43297e-06
 Reference value :  2.43417e-06
 Reference value :  2.43517e-06
 Reference value :  2.43637e-06
 Reference value :  2.43737e-06
 Reference value :  2.43837e-06
 Reference value :  2.43917e-06
 Reference value :  2.44017e-06
 Reference value :  2.44097e-06
 Reference value :  2.44197e-06
 Reference value :  2.44277e-06
 Reference value :  2.44377e-06
 Reference value :  2.44477e-06
 Reference value :  2.44577e-06
 Reference value :  2.44657e-06
 Reference value :  2.44777e-06
 Reference value :  2.44889e-06
 Reference value :  2.44930e-06
 Reference value :  2.44985e-06
 Reference value :  2.45002e-06
 Reference value :  2.45025e-06
 Reference value :  2.45085e-06
 Reference value :  2.45145e-06
 Reference value :  2.45205e-06
 Reference value :  2.45265e-06
 Reference value :  2.45305e-06
 Reference value :  2.45365e-06
 Reference value :  2.45425e-06
 Reference value :  2.45525e-06
 Reference value :  2.45605e-06
 Reference value :  2.45685e-06
 Reference value :  2.45745e-06
 Reference value :  2.45825e-06
 Reference value :  2.45905e-06
 Reference value :  2.45985e-06
 Reference value :  2.46085e-06
 Reference value :  2.46185e-06
 Reference value :  2.46285e-06
 Reference value :  2.46385e-06
 Reference value :  2.46485e-06
 Reference value :  2.46585e-06
 Reference value :  2.46685e-06
 Reference value :  2.46785e-06
 Reference value :  2.46885e-06
 Reference value :  2.46985e-06
 Reference value :  2.47085e-06
 Reference value :  2.47185e-06
 Reference value :  2.47265e-06
 Reference value :  2.47345e-06
 Reference value :  2.47425e-06
 Reference value :  2.47505e-06
 Reference value :  2.47605e-06
 Reference value :  2.47685e-06
 Reference value :  2.47785e-06
 Reference value :  2.47865e-06
 Reference value :  2.47945e-06
 Reference value :  2.48025e-06
 Reference value :  2.48125e-06
 Reference value :  2.48225e-06
 Reference value :  2.48325e-06
 Reference value :  2.48405e-06
 Reference value :  2.48485e-06
 Reference value :  2.48605e-06
 Reference value :  2.48705e-06
 Reference value :  2.48785e-06
 Reference value :  2.48885e-06
 Reference value :  2.48965e-06
 Reference value :  2.49045e-06
 Reference value :  2.49105e-06
 Reference value :  2.49185e-06
 Reference value :  2.49265e-06
 Reference value :  2.49345e-06
 Reference value :  2.49405e-06
 Reference value :  2.49485e-06
 Reference value :  2.49545e-06
 Reference value :  2.49625e-06
 Reference value :  2.49705e-06
 Reference value :  2.49785e-06
 Reference value :  2.49865e-06
 Reference value :  2.49945e-06
 Reference value :  2.50000e-06
 Reference value :  2.50014e-06
 Reference value :  2.50050e-06
 Reference value :  2.50085e-06
 Reference value :  2.50105e-06
 Reference value :  2.50157e-06
 Reference value :  2.50217e-06
 Reference value :  2.50277e-06
 Reference value :  2.50357e-06
 Reference value :  2.50437e-06
 Reference value :  2.50497e-06
 Reference value :  2.50537e-06
 Reference value :  2.50597e-06
 Reference value :  2.50677e-06
 Reference value :  2.50757e-06
 Reference value :  2.50857e-06
 Reference value :  2.50957e-06
 Reference value :  2.51057e-06
 Reference value :  2.51177e-06
 Reference value :  2.51277e-06
 Reference value :  2.51337e-06
 Reference value :  2.51437e-06
 Reference value :  2.51517e-06
 Reference value :  2.51597e-06
 Reference value :  2.51677e-06
 Reference value :  2.51777e-06
 Reference value :  2.51857e-06
 Reference value :  2.51937e-06
 Reference value :  2.52017e-06
 Reference value :  2.52097e-06
 Reference value :  2.52157e-06
 Reference value :  2.52237e-06
 Reference value :  2.52317e-06
 Reference value :  2.52417e-06
 Reference value :  2.52517e-06
 Reference value :  2.52617e-06
 Reference value :  2.52717e-06
 Reference value :  2.52817e-06
 Reference value :  2.52917e-06
 Reference value :  2.53017e-06
 Reference value :  2.53077e-06
 Reference value :  2.53177e-06
 Reference value :  2.53297e-06
 Reference value :  2.53397e-06
 Reference value :  2.53497e-06
 Reference value :  2.53597e-06
 Reference value :  2.53677e-06
 Reference value :  2.53777e-06
 Reference value :  2.53877e-06
 Reference value :  2.53977e-06
 Reference value :  2.54077e-06
 Reference value :  2.54177e-06
 Reference value :  2.54277e-06
 Reference value :  2.54377e-06
 Reference value :  2.54437e-06
 Reference value :  2.54537e-06
 Reference value :  2.54637e-06
 Reference value :  2.54737e-06
 Reference value :  2.54837e-06
 Reference value :  2.54902e-06
 Reference value :  2.54930e-06
 Reference value :  2.54970e-06
 Reference value :  2.55000e-06
 Reference value :  2.55014e-06
 Reference value :  2.55065e-06
 Reference value :  2.55125e-06
 Reference value :  2.55185e-06
 Reference value :  2.55265e-06
 Reference value :  2.55325e-06
 Reference value :  2.55405e-06
 Reference value :  2.55485e-06
 Reference value :  2.55545e-06
 Reference value :  2.55645e-06
 Reference value :  2.55745e-06
 Reference value :  2.55865e-06
 Reference value :  2.55965e-06
 Reference value :  2.56085e-06
 Reference value :  2.56205e-06
 Reference value :  2.56305e-06
 Reference value :  2.56425e-06
 Reference value :  2.56545e-06
 Reference value :  2.56665e-06
 Reference value :  2.56745e-06
 Reference value :  2.56805e-06
 Reference value :  2.56905e-06
 Reference value :  2.57025e-06
 Reference value :  2.57125e-06
 Reference value :  2.57205e-06
 Reference value :  2.57305e-06
 Reference value :  2.57385e-06
 Reference value :  2.57505e-06
 Reference value :  2.57605e-06
 Reference value :  2.57725e-06
 Reference value :  2.57845e-06
 Reference value :  2.57965e-06
 Reference value :  2.58085e-06
 Reference value :  2.58205e-06
 Reference value :  2.58325e-06
 Reference value :  2.58445e-06
 Reference value :  2.58565e-06
 Reference value :  2.58685e-06
 Reference value :  2.58805e-06
 Reference value :  2.58925e-06
 Reference value :  2.59045e-06
 Reference value :  2.59125e-06
 Reference value :  2.59225e-06
 Reference value :  2.59325e-06
 Reference value :  2.59425e-06
 Reference value :  2.59505e-06
 Reference value :  2.59605e-06
 Reference value :  2.59705e-06
 Reference value :  2.59785e-06
 Reference value :  2.59865e-06
 Reference value :  2.59965e-06
 Reference value :  2.60006e-06
 Reference value :  2.60050e-06
 Reference value :  2.60085e-06
 Reference value :  2.60102e-06
 Reference value :  2.60123e-06
 Reference value :  2.60197e-06
 Reference value :  2.60277e-06
 Reference value :  2.60357e-06
 Reference value :  2.60437e-06
 Reference value :  2.60517e-06
 Reference value :  2.60597e-06
 Reference value :  2.60657e-06
 Reference value :  2.60757e-06
 Reference value :  2.60877e-06
 Reference value :  2.60977e-06
 Reference value :  2.61097e-06
 Reference value :  2.61217e-06
 Reference value :  2.61337e-06
 Reference value :  2.61457e-06
 Reference value :  2.61577e-06
 Reference value :  2.61677e-06
 Reference value :  2.61757e-06
 Reference value :  2.61877e-06
 Reference value :  2.61997e-06
 Reference value :  2.62117e-06
 Reference value :  2.62237e-06
 Reference value :  2.62337e-06
 Reference value :  2.62457e-06
 Reference value :  2.62577e-06
 Reference value :  2.62677e-06
 Reference value :  2.62797e-06
 Reference value :  2.62917e-06
 Reference value :  2.63037e-06
 Reference value :  2.63137e-06
 Reference value :  2.63257e-06
 Reference value :  2.63357e-06
 Reference value :  2.63417e-06
 Reference value :  2.63517e-06
 Reference value :  2.63617e-06
 Reference value :  2.63717e-06
 Reference value :  2.63837e-06
 Reference value :  2.63937e-06
 Reference value :  2.64057e-06
 Reference value :  2.64177e-06
 Reference value :  2.64297e-06
 Reference value :  2.64417e-06
 Reference value :  2.64517e-06
 Reference value :  2.64637e-06
 Reference value :  2.64757e-06
 Reference value :  2.64877e-06
 Reference value :  2.64914e-06
 Reference value :  2.64985e-06
 Reference value :  2.65002e-06
 Reference value :  2.65045e-06
 Reference value :  2.65125e-06
 Reference value :  2.65205e-06
 Reference value :  2.65285e-06
 Reference value :  2.65365e-06
 Reference value :  2.65425e-06
 Reference value :  2.65505e-06
 Reference value :  2.65605e-06
 Reference value :  2.65725e-06
 Reference value :  2.65825e-06
 Reference value :  2.65925e-06
 Reference value :  2.66045e-06
 Reference value :  2.66145e-06
 Reference value :  2.66265e-06
 Reference value :  2.66365e-06
 Reference value :  2.66465e-06
 Reference value :  2.66565e-06
 Reference value :  2.66685e-06
 Reference value :  2.66785e-06
 Reference value :  2.66865e-06
 Reference value :  2.66945e-06
 Reference value :  2.67005e-06
 Reference value :  2.67105e-06
 Reference value :  2.67205e-06
 Reference value :  2.67305e-06
 Reference value :  2.67405e-06
 Reference value :  2.67505e-06
 Reference value :  2.67605e-06
 Reference value :  2.67705e-06
 Reference value :  2.67805e-06
 Reference value :  2.67905e-06
 Reference value :  2.68025e-06
 Reference value :  2.68145e-06
 Reference value :  2.68245e-06
 Reference value :  2.68365e-06
 Reference value :  2.68465e-06
 Reference value :  2.68585e-06
 Reference value :  2.68685e-06
 Reference value :  2.68765e-06
 Reference value :  2.68865e-06
 Reference value :  2.68945e-06
 Reference value :  2.69045e-06
 Reference value :  2.69105e-06
 Reference value :  2.69205e-06
 Reference value :  2.69325e-06
 Reference value :  2.69445e-06
 Reference value :  2.69565e-06
 Reference value :  2.69645e-06
 Reference value :  2.69765e-06
 Reference value :  2.69865e-06
 Reference value :  2.69983e-06
 Reference value :  2.70014e-06
 Reference value :  2.70070e-06
 Reference value :  2.70085e-06
 Reference value :  2.70102e-06
 Reference value :  2.70123e-06
 Reference value :  2.70197e-06
 Reference value :  2.70277e-06
 Reference value :  2.70357e-06
 Reference value :  2.70437e-06
 Reference value :  2.70517e-06
 Reference value :  2.70597e-06
 Reference value :  2.70677e-06
 Reference value :  2.70777e-06
 Reference value :  2.70877e-06
 Reference value :  2.70997e-06
 Reference value :  2.71117e-06
 Reference value :  2.71237e-06
 Reference value :  2.71357e-06
 Reference value :  2.71477e-06
 Reference value :  2.71577e-06
 Reference value :  2.71677e-06
 Reference value :  2.71737e-06
 Reference value :  2.71817e-06
 Reference value :  2.71897e-06
 Reference value :  2.71977e-06
 Reference value :  2.72037e-06
 Reference value :  2.72117e-06
 Reference value :  2.72217e-06
 Reference value :  2.72337e-06
 Reference value :  2.72457e-06
 Reference value :  2.72557e-06
 Reference value :  2.72657e-06
 Reference value :  2.72757e-06
 Reference value :  2.72877e-06
 Reference value :  2.72977e-06
 Reference value :  2.73037e-06
 Reference value :  2.73137e-06
 Reference value :  2.73257e-06
 Reference value :  2.73357e-06
 Reference value :  2.73417e-06
 Reference value :  2.73477e-06
 Reference value :  2.73557e-06
 Reference value :  2.73657e-06
 Reference value :  2.73777e-06
 Reference value :  2.73897e-06
 Reference value :  2.73997e-06
 Reference value :  2.74117e-06
 Reference value :  2.74217e-06
 Reference value :  2.74337e-06
 Reference value :  2.74437e-06
 Reference value :  2.74557e-06
 Reference value :  2.74677e-06
 Reference value :  2.74777e-06
 Reference value :  2.74889e-06
 Reference value :  2.74930e-06
 Reference value :  2.74985e-06
 Reference value :  2.75002e-06
 Reference value :  2.75045e-06
 Reference value :  2.75125e-06
 Reference value :  2.75205e-06
 Reference value :  2.75285e-06
 Reference value :  2.75365e-06
 Reference value :  2.75425e-06
 Reference value :  2.75505e-06
 Reference value :  2.75585e-06
 Reference value :  2.75685e-06
 Reference value :  2.75785e-06
 Reference value :  2.75905e-06
 Reference value :  2.76005e-06
 Reference value :  2.76105e-06
 Reference value :  2.76205e-06
 Reference value :  2.76305e-06
 Reference value :  2.76405e-06
 Reference value :  2.76505e-06
 Reference value :  2.76605e-06
 Reference value :  2.76705e-06
 Reference value :  2.76805e-06
 Reference value :  2.76905e-06
 Reference value :  2.77005e-06
 Reference value :  2.77085e-06
 Reference value :  2.77165e-06
 Reference value :  2.77265e-06
 Reference value :  2.77365e-06
 Reference value :  2.77485e-06
 Reference value :  2.77605e-06
 Reference value :  2.77725e-06
 Reference value :  2.77825e-06
 Reference value :  2.77945e-06
 Reference value :  2.78045e-06
 Reference value :  2.78125e-06
 Reference value :  2.78205e-06
 Reference value :  2.78285e-06
 Reference value :  2.78385e-06
 Reference value :  2.78485e-06
 Reference value :  2.78585e-06
 Reference value :  2.78685e-06
 Reference value :  2.78785e-06
 Reference value :  2.78885e-06
 Reference value :  2.78985e-06
 Reference value :  2.79105e-06
 Reference value :  2.79225e-06
 Reference value :  2.79345e-06
 Reference value :  2.79445e-06
 Reference value :  2.79525e-06
 Reference value :  2.79605e-06
 Reference value :  2.79685e-06
 Reference value :  2.79805e-06
 Reference value :  2.79885e-06
 Reference value :  2.80000e-06
 Reference value :  2.80030e-06
 Reference value :  2.80070e-06
 Reference value :  2.80085e-06
 Reference value :  2.80105e-06
 Reference value :  2.80137e-06
 Reference value :  2.80217e-06
 Reference value :  2.80297e-06
 Reference value :  2.80377e-06
 Reference value :  2.80457e-06
 Reference value :  2.80537e-06
 Reference value :  2.80617e-06
 Reference value :  2.80697e-06
 Reference value :  2.80797e-06
 Reference value :  2.80897e-06
 Reference value :  2.81017e-06
 Reference value :  2.81137e-06
 Reference value :  2.81217e-06
 Reference value :  2.81297e-06
 Reference value :  2.81377e-06
 Reference value :  2.81437e-06
 Reference value :  2.81537e-06
 Reference value :  2.81617e-06
 Reference value :  2.81717e-06
 Reference value :  2.81817e-06
 Reference value :  2.81937e-06
 Reference value :  2.82037e-06
 Reference value :  2.82137e-06
 Reference value :  2.82237e-06
 Reference value :  2.82357e-06
 Reference value :  2.82457e-06
 Reference value :  2.82577e-06
 Reference value :  2.82697e-06
 Reference value :  2.82817e-06
 Reference value :  2.82917e-06
 Reference value :  2.83037e-06
 Reference value :  2.83137e-06
 Reference value :  2.83257e-06
 Reference value :  2.83377e-06
 Reference value :  2.83477e-06
 Reference value :  2.83597e-06
 Reference value :  2.83717e-06
 Reference value :  2.83817e-06
 Reference value :  2.83937e-06
 Reference value :  2.84017e-06
 Reference value :  2.84097e-06
 Reference value :  2.84197e-06
 Reference value :  2.84317e-06
 Reference value :  2.84417e-06
 Reference value :  2.84517e-06
 Reference value :  2.84617e-06
 Reference value :  2.84717e-06
 Reference value :  2.84837e-06
 Reference value :  2.84902e-06
 Reference value :  2.84970e-06
 Reference value :  2.85000e-06
 Reference value :  2.85014e-06
 Reference value :  2.85085e-06
 Reference value :  2.85145e-06
 Reference value :  2.85225e-06
 Reference value :  2.85305e-06
 Reference value :  2.85385e-06
 Reference value :  2.85465e-06
 Reference value :  2.85545e-06
 Reference value :  2.85665e-06
 Reference value :  2.85745e-06
 Reference value :  2.85825e-06
 Reference value :  2.85945e-06
 Reference value :  2.86045e-06
 Reference value :  2.86145e-06
 Reference value :  2.86265e-06
 Reference value :  2.86365e-06
 Reference value :  2.86465e-06
 Reference value :  2.86545e-06
 Reference value :  2.86645e-06
 Reference value :  2.86745e-06
 Reference value :  2.86865e-06
 Reference value :  2.86945e-06
 Reference value :  2.87065e-06
 Reference value :  2.87185e-06
 Reference value :  2.87285e-06
 Reference value :  2.87385e-06
 Reference value :  2.87485e-06
 Reference value :  2.87585e-06
 Reference value :  2.87685e-06
 Reference value :  2.87785e-06
 Reference value :  2.87865e-06
 Reference value :  2.87945e-06
 Reference value :  2.88065e-06
 Reference value :  2.88165e-06
 Reference value :  2.88245e-06
 Reference value :  2.88325e-06
 Reference value :  2.88405e-06
 Reference value :  2.88505e-06
 Reference value :  2.88605e-06
 Reference value :  2.88665e-06
 Reference value :  2.88745e-06
 Reference value :  2.88825e-06
 Reference value :  2.88925e-06
 Reference value :  2.89025e-06
 Reference value :  2.89125e-06
 Reference value :  2.89225e-06
 Reference value :  2.89305e-06
 Reference value :  2.89385e-06
 Reference value :  2.89505e-06
 Reference value :  2.89625e-06
 Reference value :  2.89745e-06
 Reference value :  2.89825e-06
 Reference value :  2.89925e-06
 Reference value :  2.90002e-06
 Reference value :  2.90030e-06
 Reference value :  2.90070e-06
 Reference value :  2.90085e-06
 Reference value :  2.90102e-06
 Reference value :  2.90112e-06
 Reference value :  2.90137e-06
 Reference value :  2.90177e-06
 Reference value :  2.90237e-06
 Reference value :  2.90297e-06
 Reference value :  2.90357e-06
 Reference value :  2.90397e-06
 Reference value :  2.90437e-06
 Reference value :  2.90477e-06
 Reference value :  2.90537e-06
 Reference value :  2.90617e-06
 Reference value :  2.90717e-06
 Reference value :  2.90837e-06
 Reference value :  2.90957e-06
 Reference value :  2.91057e-06
 Reference value :  2.91157e-06
 Reference value :  2.91257e-06
 Reference value :  2.91357e-06
 Reference value :  2.91457e-06
 Reference value :  2.91557e-06
 Reference value :  2.91657e-06
 Reference value :  2.91737e-06
 Reference value :  2.91837e-06
 Reference value :  2.91937e-06
 Reference value :  2.92037e-06
 Reference value :  2.92137e-06
 Reference value :  2.92237e-06
 Reference value :  2.92357e-06
 Reference value :  2.92457e-06
 Reference value :  2.92577e-06
 Reference value :  2.92677e-06
 Reference value :  2.92777e-06
 Reference value :  2.92877e-06
 Reference value :  2.92977e-06
 Reference value :  2.93077e-06
 Reference value :  2.93197e-06
 Reference value :  2.93297e-06
 Reference value :  2.93377e-06
 Reference value :  2.93437e-06
 Reference value :  2.93537e-06
 Reference value :  2.93617e-06
 Reference value :  2.93717e-06
 Reference value :  2.93837e-06
 Reference value :  2.93957e-06
 Reference value :  2.94077e-06
 Reference value :  2.94177e-06
 Reference value :  2.94257e-06
 Reference value :  2.94357e-06
 Reference value :  2.94477e-06
 Reference value :  2.94597e-06
 Reference value :  2.94717e-06
 Reference value :  2.94837e-06
 Reference value :  2.94902e-06
 Reference value :  2.94970e-06
 Reference value :  2.95000e-06
 Reference value :  2.95025e-06
 Reference value :  2.95105e-06
 Reference value :  2.95185e-06
 Reference value :  2.95265e-06
 Reference value :  2.95345e-06
 Reference value :  2.95425e-06
 Reference value :  2.95525e-06
 Reference value :  2.95625e-06
 Reference value :  2.95745e-06
 Reference value :  2.95865e-06
 Reference value :  2.95985e-06
 Reference value :  2.96105e-06
 Reference value :  2.96185e-06
 Reference value :  2.96245e-06
 Reference value :  2.96325e-06
 Reference value :  2.96425e-06
 Reference value :  2.96545e-06
 Reference value :  2.96665e-06
 Reference value :  2.96785e-06
 Reference value :  2.96905e-06
 Reference value :  2.97005e-06
 Reference value :  2.97105e-06
 Reference value :  2.97185e-06
 Reference value :  2.97305e-06
 Reference value :  2.97425e-06
 Reference value :  2.97545e-06
 Reference value :  2.97665e-06
 Reference value :  2.97785e-06
 Reference value :  2.97905e-06
 Reference value :  2.98025e-06
 Reference value :  2.98145e-06
 Reference value :  2.98265e-06
 Reference value :  2.98365e-06
 Reference value :  2.98465e-06
 Reference value :  2.98565e-06
 Reference value :  2.98665e-06
 Reference value :  2.98785e-06
 Reference value :  2.98905e-06
 Reference value :  2.99005e-06
 Reference value :  2.99125e-06
 Reference value :  2.99245e-06
 Reference value :  2.99365e-06
 Reference value :  2.99485e-06
 Reference value :  2.99605e-06
 Reference value :  2.99725e-06
 Reference value :  2.99845e-06
 Reference value :  2.99965e-06
No. of Data Rows : 15408
sim/harness: analysis complete
Note: Simulation executed from .control section 
Warning: singular matrix:  check node xxxtop.xxlf.xr1.t1

Note: Starting dynamic gmin stepping
Note: Dynamic gmin stepping completed
