
Note: Compatibility modes selected: hs a


Circuit: ** sch_path: /home/ubuntu/github/sky130-pll/sim/pll-lock/testbench/tb_pll_lock.sch

option SCALE: Scale is set to 1e-06 for instance and model parameters
option SCALE: Scale is set to 1e-06 for instance and model parameters
option SCALE: Scale is set to 1e-06 for instance and model parameters
option SCALE: Scale is set to 1e-06 for instance and model parameters
Doing analysis at TEMP = 125.000000 and TNOM = 27.000000

Using KLU as Direct Linear Solver
 Reference value :  0.00000e+00
 Reference value :  1.60204e-09
 Reference value :  5.02000e-09
 Reference value :  5.54298e-09
 Reference value :  6.05694e-09
 Reference value :  6.64441e-09
 Reference value :  7.33247e-09
 Reference value :  7.87190e-09
 Reference value :  8.27347e-09
 Reference value :  8.96180e-09
 Reference value :  9.48737e-09
 Reference value :  1.01226e-08
 Reference value :  1.06793e-08
 Reference value :  1.14373e-08
 Reference value :  1.19782e-08
 Reference value :  1.26655e-08
 Reference value :  1.27745e-08
 Reference value :  1.32790e-08
 Reference value :  1.39880e-08
 Reference value :  1.46102e-08
 Reference value :  1.53811e-08
 Reference value :  1.58966e-08
 Reference value :  1.66339e-08
 Reference value :  1.70731e-08
 Reference value :  1.77708e-08
 Reference value :  1.83332e-08
 Reference value :  1.90267e-08
 Reference value :  1.95932e-08
 Reference value :  2.01700e-08
 Reference value :  2.07860e-08
 Reference value :  2.14885e-08
 Reference value :  2.20258e-08
 Reference value :  2.26515e-08
 Reference value :  2.31681e-08
 Reference value :  2.38145e-08
 Reference value :  2.42395e-08
 Reference value :  2.46516e-08
 Reference value :  2.53261e-08
 Reference value :  2.59834e-08
 Reference value :  2.65846e-08
 Reference value :  2.70536e-08
 Reference value :  2.71970e-08
 Reference value :  2.74467e-08
 Reference value :  2.79279e-08
 Reference value :  2.85101e-08
 Reference value :  2.93035e-08
 Reference value :  2.96114e-08
 Reference value :  3.00489e-08
 Reference value :  3.06165e-08
 Reference value :  3.12167e-08
 Reference value :  3.18435e-08
 Reference value :  3.24748e-08
 Reference value :  3.31164e-08
 Reference value :  3.40958e-08
 Reference value :  3.46710e-08
 Reference value :  3.50638e-08
 Reference value :  3.57531e-08
 Reference value :  3.63881e-08
 Reference value :  3.70886e-08
 Reference value :  3.78434e-08
 Reference value :  3.84750e-08
 Reference value :  3.92519e-08
 Reference value :  3.97233e-08
 Reference value :  4.01603e-08
 Reference value :  4.13437e-08
 Reference value :  4.23902e-08
 Reference value :  4.33672e-08
 Reference value :  4.43673e-08
 Reference value :  4.55690e-08
 Reference value :  4.61331e-08
 Reference value :  4.66650e-08
 Reference value :  4.76258e-08
 Reference value :  4.84966e-08
 Reference value :  4.91168e-08
 Reference value :  4.99388e-08
 Reference value :  5.06437e-08
 Reference value :  5.12136e-08
 Reference value :  5.16582e-08
 Reference value :  5.24069e-08
 Reference value :  5.29815e-08
 Reference value :  5.37007e-08
 Reference value :  5.42548e-08
 Reference value :  5.49594e-08
 Reference value :  5.55946e-08
 Reference value :  5.60760e-08
 Reference value :  5.65633e-08
 Reference value :  5.75892e-08
 Reference value :  5.84572e-08
 Reference value :  5.91507e-08
 Reference value :  5.95945e-08
 Reference value :  6.01893e-08
 Reference value :  6.09700e-08
 Reference value :  6.17989e-08
 Reference value :  6.24777e-08
 Reference value :  6.31638e-08
 Reference value :  6.35326e-08
 Reference value :  6.40295e-08
 Reference value :  6.46460e-08
 Reference value :  6.54502e-08
 Reference value :  6.59718e-08
 Reference value :  6.66437e-08
 Reference value :  6.71625e-08
 Reference value :  6.84800e-08
 Reference value :  6.91537e-08
 Reference value :  6.97567e-08
 Reference value :  7.03720e-08
 Reference value :  7.05469e-08
 Reference value :  7.06802e-08
 Reference value :  7.17192e-08
 Reference value :  7.24038e-08
 Reference value :  7.32888e-08
 Reference value :  7.37954e-08
 Reference value :  7.42703e-08
 Reference value :  7.46219e-08
 Reference value :  7.52553e-08
 Reference value :  7.61070e-08
 Reference value :  7.68251e-08
 Reference value :  7.77380e-08
 Reference value :  7.85850e-08
 Reference value :  7.89381e-08
 Reference value :  7.94976e-08
 Reference value :  8.01380e-08
 Reference value :  8.11838e-08
 Reference value :  8.21405e-08
 Reference value :  8.34467e-08
 Reference value :  8.42976e-08
 Reference value :  8.48180e-08
 Reference value :  8.51898e-08
 Reference value :  8.60643e-08
 Reference value :  8.66764e-08
 Reference value :  8.78297e-08
 Reference value :  8.85388e-08
 Reference value :  8.92110e-08
 Reference value :  9.02224e-08
 Reference value :  9.09410e-08
 Reference value :  9.10345e-08
 Reference value :  9.17067e-08
 Reference value :  9.25616e-08
 Reference value :  9.31750e-08
 Reference value :  9.39745e-08
 Reference value :  9.41892e-08
 Reference value :  9.44423e-08
 Reference value :  9.51859e-08
 Reference value :  9.59868e-08
 Reference value :  9.67801e-08
 Reference value :  9.76933e-08
 Reference value :  9.81750e-08
 Reference value :  9.84279e-08
 Reference value :  9.86737e-08
 Reference value :  9.93543e-08
 Reference value :  9.99862e-08
 Reference value :  1.00693e-07
 Reference value :  1.01123e-07
 Reference value :  1.01414e-07
 Reference value :  1.02003e-07
 Reference value :  1.02854e-07
 Reference value :  1.03542e-07
 Reference value :  1.04299e-07
 Reference value :  1.04887e-07
 Reference value :  1.05187e-07
 Reference value :  1.05706e-07
 Reference value :  1.06394e-07
 Reference value :  1.07019e-07
 Reference value :  1.07657e-07
 Reference value :  1.07950e-07
 Reference value :  1.08574e-07
 Reference value :  1.09408e-07
 Reference value :  1.10276e-07
 Reference value :  1.10715e-07
 Reference value :  1.11044e-07
 Reference value :  1.12126e-07
 Reference value :  1.13139e-07
 Reference value :  1.13886e-07
 Reference value :  1.14360e-07
 Reference value :  1.14593e-07
 Reference value :  1.15201e-07
 Reference value :  1.15687e-07
 Reference value :  1.16428e-07
 Reference value :  1.16920e-07
 Reference value :  1.17727e-07
 Reference value :  1.18405e-07
 Reference value :  1.18902e-07
 Reference value :  1.19542e-07
 Reference value :  1.20224e-07
 Reference value :  1.20735e-07
 Reference value :  1.21092e-07
 Reference value :  1.21578e-07
 Reference value :  1.22317e-07
 Reference value :  1.23433e-07
 Reference value :  1.24231e-07
 Reference value :  1.24523e-07
 Reference value :  1.25664e-07
 Reference value :  1.26703e-07
 Reference value :  1.26911e-07
 Reference value :  1.27524e-07
 Reference value :  1.28415e-07
 Reference value :  1.29453e-07
 Reference value :  1.30019e-07
 Reference value :  1.30478e-07
 Reference value :  1.30938e-07
 Reference value :  1.31429e-07
 Reference value :  1.32546e-07
 Reference value :  1.33633e-07
 Reference value :  1.34290e-07
 Reference value :  1.34981e-07
 Reference value :  1.35433e-07
 Reference value :  1.35769e-07
 Reference value :  1.36531e-07
 Reference value :  1.37653e-07
 Reference value :  1.38174e-07
 Reference value :  1.38736e-07
 Reference value :  1.39650e-07
 Reference value :  1.40491e-07
 Reference value :  1.41190e-07
 Reference value :  1.41632e-07
 Reference value :  1.42529e-07
 Reference value :  1.43029e-07
 Reference value :  1.43389e-07
 Reference value :  1.44032e-07
 Reference value :  1.44607e-07
 Reference value :  1.45214e-07
 Reference value :  1.45596e-07
 Reference value :  1.46017e-07
 Reference value :  1.46603e-07
 Reference value :  1.47243e-07
 Reference value :  1.47770e-07
 Reference value :  1.47997e-07
 Reference value :  1.48448e-07
 Reference value :  1.48678e-07
 Reference value :  1.49059e-07
 Reference value :  1.49323e-07
 Reference value :  1.49904e-07
 Reference value :  1.50104e-07
 Reference value :  1.50580e-07
 Reference value :  1.51251e-07
 Reference value :  1.51674e-07
 Reference value :  1.51876e-07
 Reference value :  1.52241e-07
 Reference value :  1.52684e-07
 Reference value :  1.53115e-07
 Reference value :  1.53683e-07
 Reference value :  1.54198e-07
 Reference value :  1.54357e-07
 Reference value :  1.55079e-07
 Reference value :  1.55578e-07
 Reference value :  1.56266e-07
 Reference value :  1.56911e-07
 Reference value :  1.57410e-07
 Reference value :  1.57687e-07
 Reference value :  1.58485e-07
 Reference value :  1.59231e-07
 Reference value :  1.59717e-07
 Reference value :  1.60292e-07
 Reference value :  1.60931e-07
 Reference value :  1.61557e-07
 Reference value :  1.61991e-07
 Reference value :  1.62679e-07
 Reference value :  1.63307e-07
 Reference value :  1.63886e-07
 Reference value :  1.64395e-07
 Reference value :  1.65036e-07
 Reference value :  1.65230e-07
 Reference value :  1.65537e-07
 Reference value :  1.66111e-07
 Reference value :  1.66846e-07
 Reference value :  1.67678e-07
 Reference value :  1.68492e-07
 Reference value :  1.69439e-07
 Reference value :  1.70330e-07
 Reference value :  1.70900e-07
 Reference value :  1.71706e-07
 Reference value :  1.72170e-07
 Reference value :  1.73303e-07
 Reference value :  1.73696e-07
 Reference value :  1.74528e-07
 Reference value :  1.75377e-07
 Reference value :  1.76216e-07
 Reference value :  1.76911e-07
 Reference value :  1.77430e-07
 Reference value :  1.78198e-07
 Reference value :  1.78625e-07
 Reference value :  1.78976e-07
 Reference value :  1.79804e-07
 Reference value :  1.80482e-07
 Reference value :  1.81108e-07
 Reference value :  1.81575e-07
 Reference value :  1.81878e-07
 Reference value :  1.82377e-07
 Reference value :  1.83021e-07
 Reference value :  1.83592e-07
 Reference value :  1.84159e-07
 Reference value :  1.84608e-07
 Reference value :  1.85306e-07
 Reference value :  1.86276e-07
 Reference value :  1.87080e-07
 Reference value :  1.87680e-07
 Reference value :  1.88227e-07
 Reference value :  1.88926e-07
 Reference value :  1.89686e-07
 Reference value :  1.90201e-07
 Reference value :  1.91179e-07
 Reference value :  1.91716e-07
 Reference value :  1.92441e-07
 Reference value :  1.92897e-07
 Reference value :  1.93285e-07
 Reference value :  1.94018e-07
 Reference value :  1.94808e-07
 Reference value :  1.95565e-07
 Reference value :  1.96179e-07
 Reference value :  1.96655e-07
 Reference value :  1.97347e-07
 Reference value :  1.98033e-07
 Reference value :  1.98761e-07
 Reference value :  1.99374e-07
 Reference value :  1.99621e-07
 Reference value :  2.00186e-07
 Reference value :  2.00812e-07
 Reference value :  2.01395e-07
 Reference value :  2.01807e-07
 Reference value :  2.01948e-07
 Reference value :  2.02557e-07
 Reference value :  2.03024e-07
 Reference value :  2.03401e-07
 Reference value :  2.03993e-07
 Reference value :  2.04522e-07
 Reference value :  2.05255e-07
 Reference value :  2.05785e-07
 Reference value :  2.05953e-07
 Reference value :  2.06879e-07
 Reference value :  2.07540e-07
 Reference value :  2.08054e-07
 Reference value :  2.08829e-07
 Reference value :  2.09201e-07
 Reference value :  2.10163e-07
 Reference value :  2.10970e-07
 Reference value :  2.11986e-07
 Reference value :  2.12534e-07
 Reference value :  2.13125e-07
 Reference value :  2.13847e-07
 Reference value :  2.14563e-07
 Reference value :  2.15075e-07
 Reference value :  2.15779e-07
 Reference value :  2.16298e-07
 Reference value :  2.16872e-07
 Reference value :  2.17331e-07
 Reference value :  2.18101e-07
 Reference value :  2.18257e-07
 Reference value :  2.18647e-07
 Reference value :  2.19321e-07
 Reference value :  2.19836e-07
 Reference value :  2.20551e-07
 Reference value :  2.20991e-07
 Reference value :  2.21691e-07
 Reference value :  2.22330e-07
 Reference value :  2.23364e-07
 Reference value :  2.23871e-07
 Reference value :  2.24398e-07
 Reference value :  2.25169e-07
 Reference value :  2.25707e-07
 Reference value :  2.26159e-07
 Reference value :  2.26651e-07
 Reference value :  2.26952e-07
 Reference value :  2.27436e-07
 Reference value :  2.27649e-07
 Reference value :  2.28232e-07
 Reference value :  2.28570e-07
 Reference value :  2.28723e-07
 Reference value :  2.29398e-07
 Reference value :  2.30003e-07
 Reference value :  2.30712e-07
 Reference value :  2.31068e-07
 Reference value :  2.31206e-07
 Reference value :  2.31925e-07
 Reference value :  2.32542e-07
 Reference value :  2.33110e-07
 Reference value :  2.33527e-07
 Reference value :  2.33673e-07
 Reference value :  2.33852e-07
 Reference value :  2.34340e-07
 Reference value :  2.34998e-07
 Reference value :  2.35581e-07
 Reference value :  2.35967e-07
 Reference value :  2.36204e-07
 Reference value :  2.36911e-07
 Reference value :  2.37464e-07
 Reference value :  2.38134e-07
 Reference value :  2.38692e-07
 Reference value :  2.39082e-07
 Reference value :  2.39504e-07
 Reference value :  2.40053e-07
 Reference value :  2.40806e-07
 Reference value :  2.41135e-07
 Reference value :  2.41399e-07
 Reference value :  2.42204e-07
 Reference value :  2.42801e-07
 Reference value :  2.43342e-07
 Reference value :  2.43797e-07
 Reference value :  2.44133e-07
 Reference value :  2.44741e-07
 Reference value :  2.45303e-07
 Reference value :  2.45972e-07
 Reference value :  2.46363e-07
 Reference value :  2.46785e-07
 Reference value :  2.47445e-07
 Reference value :  2.47673e-07
 Reference value :  2.48227e-07
 Reference value :  2.48928e-07
 Reference value :  2.49109e-07
 Reference value :  2.49637e-07
 Reference value :  2.50380e-07
 Reference value :  2.51042e-07
 Reference value :  2.51735e-07
 Reference value :  2.52447e-07
 Reference value :  2.53035e-07
 Reference value :  2.53407e-07
 Reference value :  2.53854e-07
 Reference value :  2.54541e-07
 Reference value :  2.55131e-07
 Reference value :  2.55724e-07
 Reference value :  2.55945e-07
 Reference value :  2.56412e-07
 Reference value :  2.57105e-07
 Reference value :  2.57770e-07
 Reference value :  2.58358e-07
 Reference value :  2.58590e-07
 Reference value :  2.59064e-07
 Reference value :  2.59758e-07
 Reference value :  2.60355e-07
 Reference value :  2.61066e-07
 Reference value :  2.61220e-07
 Reference value :  2.61514e-07
 Reference value :  2.62175e-07
 Reference value :  2.62747e-07
 Reference value :  2.63448e-07
 Reference value :  2.63852e-07
 Reference value :  2.64055e-07
 Reference value :  2.64677e-07
 Reference value :  2.65252e-07
 Reference value :  2.65864e-07
 Reference value :  2.66482e-07
 Reference value :  2.66955e-07
 Reference value :  2.67533e-07
 Reference value :  2.67966e-07
 Reference value :  2.68683e-07
 Reference value :  2.69075e-07
 Reference value :  2.69183e-07
 Reference value :  2.69652e-07
 Reference value :  2.69912e-07
 Reference value :  2.70309e-07
 Reference value :  2.70676e-07
 Reference value :  2.71153e-07
 Reference value :  2.71457e-07
 Reference value :  2.71778e-07
 Reference value :  2.72381e-07
 Reference value :  2.72810e-07
 Reference value :  2.73128e-07
 Reference value :  2.73684e-07
 Reference value :  2.74125e-07
 Reference value :  2.74331e-07
 Reference value :  2.75001e-07
 Reference value :  2.75563e-07
 Reference value :  2.76262e-07
 Reference value :  2.76462e-07
 Reference value :  2.77152e-07
 Reference value :  2.78023e-07
 Reference value :  2.78722e-07
 Reference value :  2.79225e-07
 Reference value :  2.79451e-07
 Reference value :  2.80018e-07
 Reference value :  2.80628e-07
 Reference value :  2.81255e-07
 Reference value :  2.81865e-07
 Reference value :  2.82581e-07
 Reference value :  2.83200e-07
 Reference value :  2.83776e-07
 Reference value :  2.84456e-07
 Reference value :  2.85119e-07
 Reference value :  2.85979e-07
 Reference value :  2.86911e-07
 Reference value :  2.87098e-07
 Reference value :  2.87165e-07
 Reference value :  2.87360e-07
 Reference value :  2.88133e-07
 Reference value :  2.88843e-07
 Reference value :  2.89553e-07
 Reference value :  2.90355e-07
 Reference value :  2.90929e-07
 Reference value :  2.91734e-07
 Reference value :  2.92751e-07
 Reference value :  2.93463e-07
 Reference value :  2.94129e-07
 Reference value :  2.94922e-07
 Reference value :  2.95611e-07
 Reference value :  2.96223e-07
 Reference value :  2.97093e-07
 Reference value :  2.98123e-07
 Reference value :  2.98706e-07
 Reference value :  2.99566e-07
 Reference value :  3.00299e-07
 Reference value :  3.00905e-07
 Reference value :  3.01493e-07
 Reference value :  3.02093e-07
 Reference value :  3.02774e-07
 Reference value :  3.03327e-07
 Reference value :  3.03880e-07
 Reference value :  3.04353e-07
 Reference value :  3.04840e-07
 Reference value :  3.05461e-07
 Reference value :  3.05674e-07
 Reference value :  3.06180e-07
 Reference value :  3.06795e-07
 Reference value :  3.07362e-07
 Reference value :  3.08116e-07
 Reference value :  3.08679e-07
 Reference value :  3.09542e-07
 Reference value :  3.10096e-07
 Reference value :  3.10924e-07
 Reference value :  3.11232e-07
 Reference value :  3.11974e-07
 Reference value :  3.12422e-07
 Reference value :  3.13073e-07
 Reference value :  3.13558e-07
 Reference value :  3.13991e-07
 Reference value :  3.14549e-07
 Reference value :  3.15106e-07
 Reference value :  3.15664e-07
 Reference value :  3.16150e-07
 Reference value :  3.16900e-07
 Reference value :  3.17465e-07
 Reference value :  3.18314e-07
 Reference value :  3.18993e-07
 Reference value :  3.19977e-07
 Reference value :  3.20901e-07
 Reference value :  3.21379e-07
 Reference value :  3.22075e-07
 Reference value :  3.22627e-07
 Reference value :  3.23500e-07
 Reference value :  3.24092e-07
 Reference value :  3.24873e-07
 Reference value :  3.25446e-07
 Reference value :  3.25778e-07
 Reference value :  3.26272e-07
 Reference value :  3.26964e-07
 Reference value :  3.27513e-07
 Reference value :  3.27711e-07
 Reference value :  3.28428e-07
 Reference value :  3.29156e-07
 Reference value :  3.30026e-07
 Reference value :  3.30872e-07
 Reference value :  3.31611e-07
 Reference value :  3.32484e-07
 Reference value :  3.33228e-07
 Reference value :  3.33777e-07
 Reference value :  3.34453e-07
 Reference value :  3.35059e-07
 Reference value :  3.35919e-07
 Reference value :  3.36471e-07
 Reference value :  3.37550e-07
 Reference value :  3.38478e-07
 Reference value :  3.39574e-07
 Reference value :  3.40317e-07
 Reference value :  3.41276e-07
 Reference value :  3.42350e-07
 Reference value :  3.42947e-07
 Reference value :  3.43781e-07
 Reference value :  3.44560e-07
 Reference value :  3.45205e-07
 Reference value :  3.46062e-07
 Reference value :  3.46833e-07
 Reference value :  3.47681e-07
 Reference value :  3.48388e-07
 Reference value :  3.49423e-07
 Reference value :  3.50069e-07
 Reference value :  3.50611e-07
 Reference value :  3.51305e-07
 Reference value :  3.51994e-07
 Reference value :  3.52715e-07
 Reference value :  3.53289e-07
 Reference value :  3.53852e-07
 Reference value :  3.54386e-07
 Reference value :  3.55168e-07
 Reference value :  3.55794e-07
 Reference value :  3.56473e-07
 Reference value :  3.57040e-07
 Reference value :  3.57702e-07
 Reference value :  3.57917e-07
 Reference value :  3.58827e-07
 Reference value :  3.59596e-07
 Reference value :  3.60313e-07
 Reference value :  3.60935e-07
 Reference value :  3.61771e-07
 Reference value :  3.62271e-07
 Reference value :  3.63321e-07
 Reference value :  3.63954e-07
 Reference value :  3.64722e-07
 Reference value :  3.65470e-07
 Reference value :  3.65963e-07
 Reference value :  3.66884e-07
 Reference value :  3.67535e-07
 Reference value :  3.68452e-07
 Reference value :  3.69080e-07
 Reference value :  3.70027e-07
 Reference value :  3.70648e-07
 Reference value :  3.71068e-07
 Reference value :  3.71831e-07
 Reference value :  3.72447e-07
 Reference value :  3.73315e-07
 Reference value :  3.73961e-07
 Reference value :  3.74930e-07
 Reference value :  3.75629e-07
 Reference value :  3.76289e-07
 Reference value :  3.76964e-07
 Reference value :  3.77602e-07
 Reference value :  3.78680e-07
 Reference value :  3.79431e-07
 Reference value :  3.80009e-07
 Reference value :  3.80713e-07
 Reference value :  3.81213e-07
 Reference value :  3.81886e-07
 Reference value :  3.82494e-07
 Reference value :  3.83240e-07
 Reference value :  3.83886e-07
 Reference value :  3.84746e-07
 Reference value :  3.85176e-07
 Reference value :  3.86110e-07
 Reference value :  3.86499e-07
 Reference value :  3.87361e-07
 Reference value :  3.87833e-07
 Reference value :  3.88522e-07
 Reference value :  3.89176e-07
 Reference value :  3.90192e-07
 Reference value :  3.91379e-07
 Reference value :  3.92519e-07
 Reference value :  3.93597e-07
 Reference value :  3.94575e-07
 Reference value :  3.95450e-07
 Reference value :  3.96297e-07
 Reference value :  3.97138e-07
 Reference value :  3.98011e-07
 Reference value :  3.99121e-07
 Reference value :  4.00051e-07
 Reference value :  4.00709e-07
 Reference value :  4.01267e-07
 Reference value :  4.01910e-07
 Reference value :  4.02478e-07
 Reference value :  4.03182e-07
 Reference value :  4.03769e-07
 Reference value :  4.04388e-07
 Reference value :  4.04897e-07
 Reference value :  4.05546e-07
 Reference value :  4.06130e-07
 Reference value :  4.06907e-07
 Reference value :  4.07328e-07
 Reference value :  4.07963e-07
 Reference value :  4.08529e-07
 Reference value :  4.08852e-07
 Reference value :  4.09595e-07
 Reference value :  4.10586e-07
 Reference value :  4.11190e-07
 Reference value :  4.11900e-07
 Reference value :  4.12527e-07
 Reference value :  4.13257e-07
 Reference value :  4.13780e-07
 Reference value :  4.14566e-07
 Reference value :  4.15104e-07
 Reference value :  4.15687e-07
 Reference value :  4.16183e-07
 Reference value :  4.16908e-07
 Reference value :  4.17489e-07
 Reference value :  4.18207e-07
 Reference value :  4.18788e-07
 Reference value :  4.19545e-07
 Reference value :  4.20076e-07
 Reference value :  4.20674e-07
 Reference value :  4.21323e-07
 Reference value :  4.21910e-07
 Reference value :  4.22453e-07
 Reference value :  4.23228e-07
 Reference value :  4.23923e-07
 Reference value :  4.24708e-07
 Reference value :  4.25334e-07
 Reference value :  4.25763e-07
 Reference value :  4.26269e-07
 Reference value :  4.26943e-07
 Reference value :  4.27386e-07
 Reference value :  4.27918e-07
 Reference value :  4.28517e-07
 Reference value :  4.29227e-07
 Reference value :  4.29825e-07
 Reference value :  4.30436e-07
 Reference value :  4.31154e-07
 Reference value :  4.31588e-07
 Reference value :  4.32284e-07
 Reference value :  4.32788e-07
 Reference value :  4.33516e-07
 Reference value :  4.34018e-07
 Reference value :  4.34705e-07
 Reference value :  4.35272e-07
 Reference value :  4.35993e-07
 Reference value :  4.36584e-07
 Reference value :  4.37242e-07
 Reference value :  4.37854e-07
 Reference value :  4.38532e-07
 Reference value :  4.39111e-07
 Reference value :  4.39890e-07
 Reference value :  4.40576e-07
 Reference value :  4.41179e-07
 Reference value :  4.41934e-07
 Reference value :  4.42595e-07
 Reference value :  4.43126e-07
 Reference value :  4.43944e-07
 Reference value :  4.44625e-07
 Reference value :  4.45432e-07
 Reference value :  4.46292e-07
 Reference value :  4.46878e-07
 Reference value :  4.47379e-07
 Reference value :  4.47924e-07
 Reference value :  4.48603e-07
 Reference value :  4.49096e-07
 Reference value :  4.49835e-07
 Reference value :  4.50310e-07
 Reference value :  4.51044e-07
 Reference value :  4.51512e-07
 Reference value :  4.52281e-07
 Reference value :  4.52826e-07
 Reference value :  4.53217e-07
 Reference value :  4.53573e-07
 Reference value :  4.54144e-07
 Reference value :  4.54857e-07
 Reference value :  4.55410e-07
 Reference value :  4.56156e-07
 Reference value :  4.56721e-07
 Reference value :  4.57523e-07
 Reference value :  4.57984e-07
 Reference value :  4.58756e-07
 Reference value :  4.59358e-07
 Reference value :  4.60206e-07
 Reference value :  4.60903e-07
 Reference value :  4.61689e-07
 Reference value :  4.62260e-07
 Reference value :  4.62882e-07
 Reference value :  4.63636e-07
 Reference value :  4.64142e-07
 Reference value :  4.64787e-07
 Reference value :  4.65369e-07
 Reference value :  4.66065e-07
 Reference value :  4.66798e-07
 Reference value :  4.67393e-07
 Reference value :  4.68232e-07
 Reference value :  4.68892e-07
 Reference value :  4.69395e-07
 Reference value :  4.70134e-07
 Reference value :  4.70651e-07
 Reference value :  4.71397e-07
 Reference value :  4.71995e-07
 Reference value :  4.72709e-07
 Reference value :  4.73200e-07
 Reference value :  4.73913e-07
 Reference value :  4.74560e-07
 Reference value :  4.75234e-07
 Reference value :  4.75828e-07
 Reference value :  4.76497e-07
 Reference value :  4.77064e-07
 Reference value :  4.77713e-07
 Reference value :  4.78260e-07
 Reference value :  4.78925e-07
 Reference value :  4.79641e-07
 Reference value :  4.80254e-07
 Reference value :  4.80825e-07
 Reference value :  4.81475e-07
 Reference value :  4.82256e-07
 Reference value :  4.82923e-07
 Reference value :  4.83472e-07
 Reference value :  4.84348e-07
 Reference value :  4.85282e-07
 Reference value :  4.85915e-07
 Reference value :  4.86871e-07
 Reference value :  4.87741e-07
 Reference value :  4.88482e-07
 Reference value :  4.89017e-07
 Reference value :  4.89562e-07
 Reference value :  4.90225e-07
 Reference value :  4.90399e-07
 Reference value :  4.90987e-07
 Reference value :  4.91773e-07
 Reference value :  4.92255e-07
 Reference value :  4.92984e-07
 Reference value :  4.93516e-07
 Reference value :  4.94318e-07
 Reference value :  4.94969e-07
 Reference value :  4.95823e-07
 Reference value :  4.96473e-07
 Reference value :  4.97110e-07
 Reference value :  4.97639e-07
 Reference value :  4.98280e-07
 Reference value :  4.99103e-07
 Reference value :  5.00012e-07
 Reference value :  5.00603e-07
 Reference value :  5.01223e-07
 Reference value :  5.01991e-07
 Reference value :  5.02519e-07
 Reference value :  5.03209e-07
 Reference value :  5.03704e-07
 Reference value :  5.04324e-07
 Reference value :  5.05007e-07
 Reference value :  5.05822e-07
 Reference value :  5.06531e-07
 Reference value :  5.07155e-07
 Reference value :  5.07626e-07
 Reference value :  5.08196e-07
 Reference value :  5.08908e-07
 Reference value :  5.09712e-07
 Reference value :  5.10370e-07
 Reference value :  5.10448e-07
 Reference value :  5.11077e-07
 Reference value :  5.11810e-07
 Reference value :  5.12393e-07
 Reference value :  5.13124e-07
 Reference value :  5.13680e-07
 Reference value :  5.14244e-07
 Reference value :  5.14898e-07
 Reference value :  5.15656e-07
 Reference value :  5.16283e-07
 Reference value :  5.17256e-07
 Reference value :  5.17827e-07
 Reference value :  5.18647e-07
 Reference value :  5.19419e-07
 Reference value :  5.20413e-07
 Reference value :  5.21127e-07
 Reference value :  5.21965e-07
 Reference value :  5.22571e-07
 Reference value :  5.23529e-07
 Reference value :  5.24253e-07
 Reference value :  5.24973e-07
 Reference value :  5.25719e-07
 Reference value :  5.26347e-07
 Reference value :  5.27042e-07
 Reference value :  5.27936e-07
 Reference value :  5.28428e-07
 Reference value :  5.28937e-07
 Reference value :  5.29566e-07
 Reference value :  5.30198e-07
 Reference value :  5.30928e-07
 Reference value :  5.31435e-07
 Reference value :  5.32183e-07
 Reference value :  5.33069e-07
 Reference value :  5.33884e-07
 Reference value :  5.34158e-07
 Reference value :  5.34636e-07
 Reference value :  5.35162e-07
 Reference value :  5.35786e-07
 Reference value :  5.36392e-07
 Reference value :  5.37183e-07
 Reference value :  5.37929e-07
 Reference value :  5.38693e-07
 Reference value :  5.39543e-07
 Reference value :  5.40293e-07
 Reference value :  5.40962e-07
 Reference value :  5.41579e-07
 Reference value :  5.42246e-07
 Reference value :  5.42885e-07
 Reference value :  5.43531e-07
 Reference value :  5.44182e-07
 Reference value :  5.44852e-07
 Reference value :  5.45483e-07
 Reference value :  5.46233e-07
 Reference value :  5.46768e-07
 Reference value :  5.47573e-07
 Reference value :  5.48044e-07
 Reference value :  5.48820e-07
 Reference value :  5.49214e-07
 Reference value :  5.50064e-07
 Reference value :  5.50669e-07
 Reference value :  5.51248e-07
 Reference value :  5.51840e-07
 Reference value :  5.52547e-07
 Reference value :  5.53142e-07
 Reference value :  5.53825e-07
 Reference value :  5.54402e-07
 Reference value :  5.55100e-07
 Reference value :  5.55684e-07
 Reference value :  5.56427e-07
 Reference value :  5.56935e-07
 Reference value :  5.57634e-07
 Reference value :  5.58218e-07
 Reference value :  5.59049e-07
 Reference value :  5.59349e-07
 Reference value :  5.60028e-07
 Reference value :  5.60700e-07
 Reference value :  5.61599e-07
 Reference value :  5.62153e-07
 Reference value :  5.63197e-07
 Reference value :  5.63786e-07
 Reference value :  5.64355e-07
 Reference value :  5.64994e-07
 Reference value :  5.65790e-07
 Reference value :  5.66612e-07
 Reference value :  5.66986e-07
 Reference value :  5.67950e-07
 Reference value :  5.68319e-07
 Reference value :  5.69045e-07
 Reference value :  5.69663e-07
 Reference value :  5.70337e-07
 Reference value :  5.70902e-07
 Reference value :  5.71813e-07
 Reference value :  5.72715e-07
 Reference value :  5.73397e-07
 Reference value :  5.74192e-07
 Reference value :  5.74848e-07
 Reference value :  5.75545e-07
 Reference value :  5.76131e-07
 Reference value :  5.76647e-07
 Reference value :  5.77193e-07
 Reference value :  5.78057e-07
 Reference value :  5.78520e-07
 Reference value :  5.79168e-07
 Reference value :  5.79697e-07
 Reference value :  5.80398e-07
 Reference value :  5.80942e-07
 Reference value :  5.81779e-07
 Reference value :  5.82267e-07
 Reference value :  5.82941e-07
 Reference value :  5.83441e-07
 Reference value :  5.84087e-07
 Reference value :  5.84678e-07
 Reference value :  5.85562e-07
 Reference value :  5.86249e-07
 Reference value :  5.86972e-07
 Reference value :  5.87923e-07
 Reference value :  5.88545e-07
 Reference value :  5.89249e-07
 Reference value :  5.89837e-07
 Reference value :  5.90406e-07
 Reference value :  5.91022e-07
 Reference value :  5.91740e-07
 Reference value :  5.92446e-07
 Reference value :  5.93327e-07
 Reference value :  5.93822e-07
 Reference value :  5.94565e-07
 Reference value :  5.95040e-07
 Reference value :  5.95908e-07
 Reference value :  5.96396e-07
 Reference value :  5.96950e-07
 Reference value :  5.97562e-07
 Reference value :  5.98215e-07
 Reference value :  5.98764e-07
 Reference value :  5.99392e-07
 Reference value :  5.99962e-07
 Reference value :  6.00618e-07
 Reference value :  6.01137e-07
 Reference value :  6.01853e-07
 Reference value :  6.02463e-07
 Reference value :  6.03163e-07
 Reference value :  6.03713e-07
 Reference value :  6.04355e-07
 Reference value :  6.04838e-07
 Reference value :  6.04982e-07
 Reference value :  6.06062e-07
 Reference value :  6.06620e-07
 Reference value :  6.07241e-07
 Reference value :  6.07955e-07
 Reference value :  6.08673e-07
 Reference value :  6.09117e-07
 Reference value :  6.09695e-07
 Reference value :  6.10205e-07
 Reference value :  6.11201e-07
 Reference value :  6.11656e-07
 Reference value :  6.12282e-07
 Reference value :  6.12747e-07
 Reference value :  6.13452e-07
 Reference value :  6.14259e-07
 Reference value :  6.14907e-07
 Reference value :  6.15670e-07
 Reference value :  6.16358e-07
 Reference value :  6.17146e-07
 Reference value :  6.17783e-07
 Reference value :  6.18694e-07
 Reference value :  6.19158e-07
 Reference value :  6.19845e-07
 Reference value :  6.20418e-07
 Reference value :  6.20941e-07
 Reference value :  6.21622e-07
 Reference value :  6.22195e-07
 Reference value :  6.22986e-07
 Reference value :  6.23955e-07
 Reference value :  6.24834e-07
 Reference value :  6.25414e-07
 Reference value :  6.26018e-07
 Reference value :  6.26876e-07
 Reference value :  6.27550e-07
 Reference value :  6.28641e-07
 Reference value :  6.29452e-07
 Reference value :  6.30342e-07
 Reference value :  6.31057e-07
 Reference value :  6.32192e-07
 Reference value :  6.32925e-07
 Reference value :  6.33659e-07
 Reference value :  6.34308e-07
 Reference value :  6.35071e-07
 Reference value :  6.35650e-07
 Reference value :  6.36283e-07
 Reference value :  6.37103e-07
 Reference value :  6.37802e-07
 Reference value :  6.38466e-07
 Reference value :  6.39200e-07
 Reference value :  6.39817e-07
 Reference value :  6.40404e-07
 Reference value :  6.40837e-07
 Reference value :  6.41677e-07
 Reference value :  6.42247e-07
 Reference value :  6.43037e-07
 Reference value :  6.43672e-07
 Reference value :  6.44512e-07
 Reference value :  6.45186e-07
 Reference value :  6.45783e-07
 Reference value :  6.46436e-07
 Reference value :  6.46957e-07
 Reference value :  6.47389e-07
 Reference value :  6.48255e-07
 Reference value :  6.48945e-07
 Reference value :  6.49613e-07
 Reference value :  6.50114e-07
 Reference value :  6.50817e-07
 Reference value :  6.51487e-07
 Reference value :  6.52107e-07
 Reference value :  6.52811e-07
 Reference value :  6.53317e-07
 Reference value :  6.53736e-07
 Reference value :  6.54303e-07
 Reference value :  6.55002e-07
 Reference value :  6.55956e-07
 Reference value :  6.56761e-07
 Reference value :  6.57401e-07
 Reference value :  6.58357e-07
 Reference value :  6.58937e-07
 Reference value :  6.59786e-07
 Reference value :  6.60419e-07
 Reference value :  6.61093e-07
 Reference value :  6.61830e-07
 Reference value :  6.62644e-07
 Reference value :  6.63260e-07
 Reference value :  6.63698e-07
 Reference value :  6.64580e-07
 Reference value :  6.65185e-07
 Reference value :  6.65825e-07
 Reference value :  6.66382e-07
 Reference value :  6.67164e-07
 Reference value :  6.67931e-07
 Reference value :  6.68412e-07
 Reference value :  6.69261e-07
 Reference value :  6.69898e-07
 Reference value :  6.70594e-07
 Reference value :  6.71157e-07
 Reference value :  6.71772e-07
 Reference value :  6.72155e-07
 Reference value :  6.73076e-07
 Reference value :  6.73632e-07
 Reference value :  6.74404e-07
 Reference value :  6.74981e-07
 Reference value :  6.75686e-07
 Reference value :  6.76329e-07
 Reference value :  6.77217e-07
 Reference value :  6.77881e-07
 Reference value :  6.78845e-07
 Reference value :  6.79664e-07
 Reference value :  6.80296e-07
 Reference value :  6.81125e-07
 Reference value :  6.81797e-07
 Reference value :  6.82404e-07
 Reference value :  6.82936e-07
 Reference value :  6.83494e-07
 Reference value :  6.83965e-07
 Reference value :  6.84606e-07
 Reference value :  6.85191e-07
 Reference value :  6.85643e-07
 Reference value :  6.86106e-07
 Reference value :  6.86822e-07
 Reference value :  6.87618e-07
 Reference value :  6.88007e-07
 Reference value :  6.88600e-07
 Reference value :  6.89113e-07
 Reference value :  6.90099e-07
 Reference value :  6.90473e-07
 Reference value :  6.91096e-07
 Reference value :  6.91551e-07
 Reference value :  6.92190e-07
 Reference value :  6.92791e-07
 Reference value :  6.93531e-07
 Reference value :  6.94106e-07
 Reference value :  6.94581e-07
 Reference value :  6.95279e-07
 Reference value :  6.95923e-07
 Reference value :  6.96690e-07
 Reference value :  6.97479e-07
 Reference value :  6.98368e-07
 Reference value :  6.99178e-07
 Reference value :  6.99813e-07
 Reference value :  7.00508e-07
 Reference value :  7.01060e-07
 Reference value :  7.01581e-07
 Reference value :  7.01972e-07
 Reference value :  7.02630e-07
 Reference value :  7.03312e-07
 Reference value :  7.04002e-07
 Reference value :  7.04929e-07
 Reference value :  7.05633e-07
 Reference value :  7.06243e-07
 Reference value :  7.06806e-07
 Reference value :  7.07482e-07
 Reference value :  7.08226e-07
 Reference value :  7.08808e-07
 Reference value :  7.09400e-07
 Reference value :  7.10108e-07
 Reference value :  7.10679e-07
 Reference value :  7.11360e-07
 Reference value :  7.11830e-07
 Reference value :  7.12488e-07
 Reference value :  7.12935e-07
 Reference value :  7.13513e-07
 Reference value :  7.13833e-07
 Reference value :  7.14238e-07
 Reference value :  7.14471e-07
 Reference value :  7.14997e-07
 Reference value :  7.15580e-07
 Reference value :  7.16299e-07
 Reference value :  7.16770e-07
 Reference value :  7.17305e-07
 Reference value :  7.17724e-07
 Reference value :  7.18197e-07
 Reference value :  7.18805e-07
 Reference value :  7.19079e-07
 Reference value :  7.19333e-07
 Reference value :  7.19926e-07
 Reference value :  7.20372e-07
 Reference value :  7.20697e-07
 Reference value :  7.21357e-07
 Reference value :  7.21869e-07
 Reference value :  7.22651e-07
 Reference value :  7.23237e-07
 Reference value :  7.23990e-07
 Reference value :  7.24505e-07
 Reference value :  7.25205e-07
 Reference value :  7.25877e-07
 Reference value :  7.26598e-07
 Reference value :  7.27105e-07
 Reference value :  7.27883e-07
 Reference value :  7.28720e-07
 Reference value :  7.29493e-07
 Reference value :  7.30010e-07
 Reference value :  7.30639e-07
 Reference value :  7.31122e-07
 Reference value :  7.31793e-07
 Reference value :  7.32485e-07
 Reference value :  7.33162e-07
 Reference value :  7.33956e-07
 Reference value :  7.34690e-07
 Reference value :  7.35268e-07
 Reference value :  7.35881e-07
 Reference value :  7.36487e-07
 Reference value :  7.37423e-07
 Reference value :  7.38033e-07
 Reference value :  7.38646e-07
 Reference value :  7.39189e-07
 Reference value :  7.39823e-07
 Reference value :  7.40734e-07
 Reference value :  7.41361e-07
 Reference value :  7.42057e-07
 Reference value :  7.42649e-07
 Reference value :  7.43465e-07
 Reference value :  7.43743e-07
 Reference value :  7.43907e-07
 Reference value :  7.44553e-07
 Reference value :  7.45089e-07
 Reference value :  7.45899e-07
 Reference value :  7.46566e-07
 Reference value :  7.46898e-07
 Reference value :  7.47099e-07
 Reference value :  7.47576e-07
 Reference value :  7.48316e-07
 Reference value :  7.48609e-07
 Reference value :  7.49239e-07
 Reference value :  7.49412e-07
 Reference value :  7.50000e-07
 Reference value :  7.50681e-07
 Reference value :  7.51188e-07
 Reference value :  7.51901e-07
 Reference value :  7.52476e-07
 Reference value :  7.53270e-07
 Reference value :  7.53908e-07
 Reference value :  7.54424e-07
 Reference value :  7.54882e-07
 Reference value :  7.55380e-07
 Reference value :  7.55978e-07
 Reference value :  7.56623e-07
 Reference value :  7.57331e-07
 Reference value :  7.57853e-07
 Reference value :  7.58419e-07
 Reference value :  7.58768e-07
 Reference value :  7.59245e-07
 Reference value :  7.59913e-07
 Reference value :  7.60611e-07
 Reference value :  7.61205e-07
 Reference value :  7.61726e-07
 Reference value :  7.62322e-07
 Reference value :  7.62802e-07
 Reference value :  7.63106e-07
 Reference value :  7.63789e-07
 Reference value :  7.64130e-07
 Reference value :  7.64662e-07
 Reference value :  7.65284e-07
 Reference value :  7.65884e-07
 Reference value :  7.66367e-07
 Reference value :  7.67052e-07
 Reference value :  7.67278e-07
 Reference value :  7.67527e-07
 Reference value :  7.68092e-07
 Reference value :  7.68802e-07
 Reference value :  7.69143e-07
 Reference value :  7.69792e-07
 Reference value :  7.70492e-07
 Reference value :  7.70926e-07
 Reference value :  7.71375e-07
 Reference value :  7.72164e-07
 Reference value :  7.72670e-07
 Reference value :  7.73223e-07
 Reference value :  7.73689e-07
 Reference value :  7.73991e-07
 Reference value :  7.74084e-07
 Reference value :  7.74954e-07
 Reference value :  7.75801e-07
 Reference value :  7.76213e-07
 Reference value :  7.77104e-07
 Reference value :  7.77569e-07
 Reference value :  7.77801e-07
 Reference value :  7.78399e-07
 Reference value :  7.79112e-07
 Reference value :  7.79832e-07
 Reference value :  7.80523e-07
 Reference value :  7.81476e-07
 Reference value :  7.82198e-07
 Reference value :  7.82814e-07
 Reference value :  7.82989e-07
 Reference value :  7.83866e-07
 Reference value :  7.84466e-07
 Reference value :  7.85401e-07
 Reference value :  7.85930e-07
 Reference value :  7.86398e-07
 Reference value :  7.86703e-07
 Reference value :  7.87564e-07
 Reference value :  7.88693e-07
 Reference value :  7.89404e-07
 Reference value :  7.89982e-07
 Reference value :  7.90283e-07
 Reference value :  7.91014e-07
 Reference value :  7.91813e-07
 Reference value :  7.92509e-07
 Reference value :  7.93084e-07
 Reference value :  7.93674e-07
 Reference value :  7.94078e-07
 Reference value :  7.94424e-07
 Reference value :  7.95123e-07
 Reference value :  7.96044e-07
 Reference value :  7.96930e-07
 Reference value :  7.97746e-07
 Reference value :  7.98336e-07
 Reference value :  7.99056e-07
 Reference value :  7.99657e-07
 Reference value :  8.00210e-07
 Reference value :  8.00720e-07
 Reference value :  8.01400e-07
 Reference value :  8.01707e-07
 Reference value :  8.02275e-07
 Reference value :  8.02783e-07
 Reference value :  8.03188e-07
 Reference value :  8.03243e-07
 Reference value :  8.03343e-07
 Reference value :  8.03878e-07
 Reference value :  8.04499e-07
 Reference value :  8.05380e-07
 Reference value :  8.05690e-07
 Reference value :  8.05815e-07
 Reference value :  8.06441e-07
 Reference value :  8.06780e-07
 Reference value :  8.07141e-07
 Reference value :  8.07377e-07
 Reference value :  8.07798e-07
 Reference value :  8.08229e-07
 Reference value :  8.08748e-07
 Reference value :  8.09199e-07
 Reference value :  8.09754e-07
 Reference value :  8.10248e-07
 Reference value :  8.10544e-07
 Reference value :  8.11011e-07
 Reference value :  8.11717e-07
 Reference value :  8.12033e-07
 Reference value :  8.12514e-07
 Reference value :  8.12948e-07
 Reference value :  8.13373e-07
 Reference value :  8.13515e-07
 Reference value :  8.14266e-07
 Reference value :  8.14716e-07
 Reference value :  8.15510e-07
 Reference value :  8.16121e-07
 Reference value :  8.16957e-07
 Reference value :  8.17638e-07
 Reference value :  8.18074e-07
 Reference value :  8.18506e-07
 Reference value :  8.19239e-07
 Reference value :  8.19909e-07
 Reference value :  8.20603e-07
 Reference value :  8.21172e-07
 Reference value :  8.21841e-07
 Reference value :  8.22199e-07
 Reference value :  8.22729e-07
 Reference value :  8.23237e-07
 Reference value :  8.23572e-07
 Reference value :  8.24173e-07
 Reference value :  8.24491e-07
 Reference value :  8.24876e-07
 Reference value :  8.25756e-07
 Reference value :  8.26113e-07
 Reference value :  8.26854e-07
 Reference value :  8.27530e-07
 Reference value :  8.27887e-07
 Reference value :  8.28140e-07
 Reference value :  8.28659e-07
 Reference value :  8.29337e-07
 Reference value :  8.29990e-07
 Reference value :  8.30612e-07
 Reference value :  8.31137e-07
 Reference value :  8.31841e-07
 Reference value :  8.32267e-07
 Reference value :  8.32468e-07
 Reference value :  8.33026e-07
 Reference value :  8.33535e-07
 Reference value :  8.33962e-07
 Reference value :  8.34880e-07
 Reference value :  8.35565e-07
 Reference value :  8.35979e-07
 Reference value :  8.36204e-07
 Reference value :  8.36939e-07
 Reference value :  8.37631e-07
 Reference value :  8.38069e-07
 Reference value :  8.38625e-07
 Reference value :  8.39357e-07
 Reference value :  8.39717e-07
 Reference value :  8.40360e-07
 Reference value :  8.40843e-07
 Reference value :  8.41351e-07
 Reference value :  8.42015e-07
 Reference value :  8.42525e-07
 Reference value :  8.43102e-07
 Reference value :  8.43326e-07
 Reference value :  8.43749e-07
 Reference value :  8.44393e-07
 Reference value :  8.45180e-07
 Reference value :  8.46044e-07
 Reference value :  8.46581e-07
 Reference value :  8.47142e-07
 Reference value :  8.48162e-07
 Reference value :  8.49082e-07
 Reference value :  8.49754e-07
 Reference value :  8.50107e-07
 Reference value :  8.50473e-07
 Reference value :  8.51036e-07
 Reference value :  8.51449e-07
 Reference value :  8.52125e-07
 Reference value :  8.52392e-07
 Reference value :  8.52688e-07
 Reference value :  8.53371e-07
 Reference value :  8.53920e-07
 Reference value :  8.54508e-07
 Reference value :  8.54825e-07
 Reference value :  8.55050e-07
 Reference value :  8.55688e-07
 Reference value :  8.56297e-07
 Reference value :  8.57079e-07
 Reference value :  8.57509e-07
 Reference value :  8.57872e-07
 Reference value :  8.58359e-07
 Reference value :  8.58963e-07
 Reference value :  8.59329e-07
 Reference value :  8.60229e-07
 Reference value :  8.61016e-07
 Reference value :  8.61533e-07
 Reference value :  8.61882e-07
 Reference value :  8.62811e-07
 Reference value :  8.63513e-07
 Reference value :  8.64085e-07
 Reference value :  8.64738e-07
 Reference value :  8.65446e-07
 Reference value :  8.66013e-07
 Reference value :  8.66620e-07
 Reference value :  8.67314e-07
 Reference value :  8.67912e-07
 Reference value :  8.68059e-07
 Reference value :  8.68613e-07
 Reference value :  8.68781e-07
 Reference value :  8.69189e-07
 Reference value :  8.69465e-07
 Reference value :  8.69947e-07
 Reference value :  8.70461e-07
 Reference value :  8.70680e-07
 Reference value :  8.71153e-07
 Reference value :  8.71498e-07
 Reference value :  8.71725e-07
 Reference value :  8.72230e-07
 Reference value :  8.72590e-07
 Reference value :  8.73020e-07
 Reference value :  8.73704e-07
 Reference value :  8.74193e-07
 Reference value :  8.74941e-07
 Reference value :  8.75584e-07
 Reference value :  8.76213e-07
 Reference value :  8.76616e-07
 Reference value :  8.76907e-07
 Reference value :  8.77700e-07
 Reference value :  8.78412e-07
 Reference value :  8.79060e-07
 Reference value :  8.79636e-07
 Reference value :  8.80266e-07
 Reference value :  8.80764e-07
 Reference value :  8.81305e-07
 Reference value :  8.81878e-07
 Reference value :  8.82589e-07
 Reference value :  8.83189e-07
 Reference value :  8.83783e-07
 Reference value :  8.84303e-07
 Reference value :  8.84517e-07
 Reference value :  8.85154e-07
 Reference value :  8.85704e-07
 Reference value :  8.86455e-07
 Reference value :  8.86905e-07
 Reference value :  8.87376e-07
 Reference value :  8.88090e-07
 Reference value :  8.88384e-07
 Reference value :  8.89044e-07
 Reference value :  8.89534e-07
 Reference value :  8.90225e-07
 Reference value :  8.90800e-07
 Reference value :  8.91408e-07
 Reference value :  8.91758e-07
 Reference value :  8.92191e-07
 Reference value :  8.92750e-07
 Reference value :  8.93348e-07
 Reference value :  8.94037e-07
 Reference value :  8.94526e-07
 Reference value :  8.95151e-07
 Reference value :  8.95398e-07
 Reference value :  8.96152e-07
 Reference value :  8.96639e-07
 Reference value :  8.97280e-07
 Reference value :  8.98029e-07
 Reference value :  8.98692e-07
 Reference value :  8.99229e-07
 Reference value :  9.00000e-07
 Reference value :  9.00460e-07
 Reference value :  9.01054e-07
 Reference value :  9.01657e-07
 Reference value :  9.02457e-07
 Reference value :  9.02958e-07
 Reference value :  9.03201e-07
 Reference value :  9.03938e-07
 Reference value :  9.04298e-07
 Reference value :  9.04883e-07
 Reference value :  9.05388e-07
 Reference value :  9.05820e-07
 Reference value :  9.06138e-07
 Reference value :  9.06731e-07
 Reference value :  9.07239e-07
 Reference value :  9.07898e-07
 Reference value :  9.08440e-07
 Reference value :  9.08700e-07
 Reference value :  9.09072e-07
 Reference value :  9.09543e-07
 Reference value :  9.10201e-07
 Reference value :  9.10712e-07
 Reference value :  9.10846e-07
 Reference value :  9.11446e-07
 Reference value :  9.12034e-07
 Reference value :  9.12762e-07
 Reference value :  9.13408e-07
 Reference value :  9.14056e-07
 Reference value :  9.14439e-07
 Reference value :  9.14664e-07
 Reference value :  9.15210e-07
 Reference value :  9.15716e-07
 Reference value :  9.16279e-07
 Reference value :  9.16970e-07
 Reference value :  9.17403e-07
 Reference value :  9.17779e-07
 Reference value :  9.18289e-07
 Reference value :  9.19183e-07
 Reference value :  9.19652e-07
 Reference value :  9.19889e-07
 Reference value :  9.20526e-07
 Reference value :  9.21118e-07
 Reference value :  9.21971e-07
 Reference value :  9.22596e-07
 Reference value :  9.23110e-07
 Reference value :  9.23552e-07
 Reference value :  9.24295e-07
 Reference value :  9.24855e-07
 Reference value :  9.25684e-07
 Reference value :  9.26243e-07
 Reference value :  9.26744e-07
 Reference value :  9.27398e-07
 Reference value :  9.28054e-07
 Reference value :  9.28707e-07
 Reference value :  9.29340e-07
 Reference value :  9.29754e-07
 Reference value :  9.30344e-07
 Reference value :  9.31059e-07
 Reference value :  9.31893e-07
 Reference value :  9.32636e-07
 Reference value :  9.33134e-07
 Reference value :  9.33438e-07
 Reference value :  9.33913e-07
 Reference value :  9.34680e-07
 Reference value :  9.35461e-07
 Reference value :  9.36147e-07
 Reference value :  9.36504e-07
 Reference value :  9.37363e-07
 Reference value :  9.37963e-07
 Reference value :  9.38401e-07
 Reference value :  9.39377e-07
 Reference value :  9.39841e-07
 Reference value :  9.40249e-07
 Reference value :  9.41171e-07
 Reference value :  9.41976e-07
 Reference value :  9.42700e-07
 Reference value :  9.43420e-07
 Reference value :  9.43955e-07
 Reference value :  9.44201e-07
 Reference value :  9.44760e-07
 Reference value :  9.45491e-07
 Reference value :  9.46488e-07
 Reference value :  9.47248e-07
 Reference value :  9.47757e-07
 Reference value :  9.48181e-07
 Reference value :  9.49000e-07
 Reference value :  9.49450e-07
 Reference value :  9.50085e-07
 Reference value :  9.50601e-07
 Reference value :  9.51482e-07
 Reference value :  9.51914e-07
 Reference value :  9.52513e-07
 Reference value :  9.52999e-07
 Reference value :  9.53674e-07
 Reference value :  9.54275e-07
 Reference value :  9.54884e-07
 Reference value :  9.55446e-07
 Reference value :  9.56132e-07
 Reference value :  9.56528e-07
 Reference value :  9.56696e-07
 Reference value :  9.57237e-07
 Reference value :  9.57519e-07
 Reference value :  9.58430e-07
 Reference value :  9.59177e-07
 Reference value :  9.59894e-07
 Reference value :  9.60531e-07
 Reference value :  9.60636e-07
 Reference value :  9.61514e-07
 Reference value :  9.62264e-07
 Reference value :  9.63178e-07
 Reference value :  9.64019e-07
 Reference value :  9.64262e-07
 Reference value :  9.64882e-07
 Reference value :  9.65534e-07
 Reference value :  9.65880e-07
 Reference value :  9.66662e-07
 Reference value :  9.67161e-07
 Reference value :  9.67603e-07
 Reference value :  9.68274e-07
 Reference value :  9.68915e-07
 Reference value :  9.69489e-07
 Reference value :  9.70247e-07
 Reference value :  9.70781e-07
 Reference value :  9.71549e-07
 Reference value :  9.72019e-07
 Reference value :  9.72252e-07
 Reference value :  9.73109e-07
 Reference value :  9.73672e-07
 Reference value :  9.74573e-07
 Reference value :  9.75344e-07
 Reference value :  9.76012e-07
 Reference value :  9.76535e-07
 Reference value :  9.77187e-07
 Reference value :  9.77803e-07
 Reference value :  9.78216e-07
 Reference value :  9.78872e-07
 Reference value :  9.79677e-07
 Reference value :  9.80349e-07
 Reference value :  9.81048e-07
 Reference value :  9.81809e-07
 Reference value :  9.82246e-07
 Reference value :  9.83061e-07
 Reference value :  9.83733e-07
 Reference value :  9.84646e-07
 Reference value :  9.85663e-07
 Reference value :  9.86156e-07
 Reference value :  9.86446e-07
 Reference value :  9.87120e-07
 Reference value :  9.87640e-07
 Reference value :  9.88171e-07
 Reference value :  9.88806e-07
 Reference value :  9.89507e-07
 Reference value :  9.89993e-07
 Reference value :  9.90533e-07
 Reference value :  9.90981e-07
 Reference value :  9.91350e-07
 Reference value :  9.91958e-07
 Reference value :  9.92481e-07
 Reference value :  9.93154e-07
 Reference value :  9.93644e-07
 Reference value :  9.93895e-07
 Reference value :  9.94265e-07
 Reference value :  9.94573e-07
 Reference value :  9.95272e-07
 Reference value :  9.95916e-07
 Reference value :  9.96565e-07
 Reference value :  9.97415e-07
 Reference value :  9.97764e-07
 Reference value :  9.98722e-07
 Reference value :  9.99344e-07
 Reference value :  1.00033e-06
 Reference value :  1.00101e-06
 Reference value :  1.00154e-06
 Reference value :  1.00224e-06
 Reference value :  1.00293e-06
 Reference value :  1.00371e-06
 Reference value :  1.00418e-06
 Reference value :  1.00485e-06
 Reference value :  1.00542e-06
 Reference value :  1.00606e-06
 Reference value :  1.00675e-06
 Reference value :  1.00776e-06
 Reference value :  1.00862e-06
 Reference value :  1.00941e-06
 Reference value :  1.01035e-06
 Reference value :  1.01097e-06
 Reference value :  1.01196e-06
 Reference value :  1.01272e-06
 Reference value :  1.01325e-06
 Reference value :  1.01412e-06
 Reference value :  1.01489e-06
 Reference value :  1.01596e-06
 Reference value :  1.01694e-06
 Reference value :  1.01729e-06
 Reference value :  1.01793e-06
 Reference value :  1.01845e-06
 Reference value :  1.01911e-06
 Reference value :  1.01972e-06
 Reference value :  1.02049e-06
 Reference value :  1.02101e-06
 Reference value :  1.02179e-06
 Reference value :  1.02279e-06
 Reference value :  1.02365e-06
 Reference value :  1.02458e-06
 Reference value :  1.02528e-06
 Reference value :  1.02607e-06
 Reference value :  1.02690e-06
 Reference value :  1.02763e-06
 Reference value :  1.02863e-06
 Reference value :  1.02931e-06
 Reference value :  1.02988e-06
 Reference value :  1.03032e-06
 Reference value :  1.03092e-06
 Reference value :  1.03155e-06
 Reference value :  1.03230e-06
 Reference value :  1.03303e-06
 Reference value :  1.03378e-06
 Reference value :  1.03444e-06
 Reference value :  1.03487e-06
 Reference value :  1.03548e-06
 Reference value :  1.03623e-06
 Reference value :  1.03707e-06
 Reference value :  1.03762e-06
 Reference value :  1.03827e-06
 Reference value :  1.03883e-06
 Reference value :  1.03963e-06
 Reference value :  1.04014e-06
 Reference value :  1.04078e-06
 Reference value :  1.04144e-06
 Reference value :  1.04217e-06
 Reference value :  1.04285e-06
 Reference value :  1.04358e-06
 Reference value :  1.04411e-06
 Reference value :  1.04483e-06
 Reference value :  1.04561e-06
 Reference value :  1.04631e-06
 Reference value :  1.04680e-06
 Reference value :  1.04754e-06
 Reference value :  1.04802e-06
 Reference value :  1.04870e-06
 Reference value :  1.04933e-06
 Reference value :  1.04962e-06
 Reference value :  1.05001e-06
 Reference value :  1.05039e-06
 Reference value :  1.05093e-06
 Reference value :  1.05145e-06
 Reference value :  1.05221e-06
 Reference value :  1.05269e-06
 Reference value :  1.05343e-06
 Reference value :  1.05407e-06
 Reference value :  1.05473e-06
 Reference value :  1.05527e-06
 Reference value :  1.05597e-06
 Reference value :  1.05628e-06
 Reference value :  1.05665e-06
 Reference value :  1.05690e-06
 Reference value :  1.05753e-06
 Reference value :  1.05788e-06
 Reference value :  1.05856e-06
 Reference value :  1.05902e-06
 Reference value :  1.05954e-06
 Reference value :  1.06033e-06
 Reference value :  1.06094e-06
 Reference value :  1.06124e-06
 Reference value :  1.06189e-06
 Reference value :  1.06257e-06
 Reference value :  1.06341e-06
 Reference value :  1.06421e-06
 Reference value :  1.06489e-06
 Reference value :  1.06541e-06
 Reference value :  1.06611e-06
 Reference value :  1.06667e-06
 Reference value :  1.06732e-06
 Reference value :  1.06800e-06
 Reference value :  1.06869e-06
 Reference value :  1.06932e-06
 Reference value :  1.07002e-06
 Reference value :  1.07064e-06
 Reference value :  1.07139e-06
 Reference value :  1.07194e-06
 Reference value :  1.07269e-06
 Reference value :  1.07358e-06
 Reference value :  1.07435e-06
 Reference value :  1.07511e-06
 Reference value :  1.07582e-06
 Reference value :  1.07662e-06
 Reference value :  1.07734e-06
 Reference value :  1.07823e-06
 Reference value :  1.07916e-06
 Reference value :  1.08002e-06
 Reference value :  1.08092e-06
 Reference value :  1.08187e-06
 Reference value :  1.08271e-06
 Reference value :  1.08371e-06
 Reference value :  1.08456e-06
 Reference value :  1.08514e-06
 Reference value :  1.08581e-06
 Reference value :  1.08639e-06
 Reference value :  1.08728e-06
 Reference value :  1.08776e-06
 Reference value :  1.08842e-06
 Reference value :  1.08893e-06
 Reference value :  1.08980e-06
 Reference value :  1.09084e-06
 Reference value :  1.09205e-06
 Reference value :  1.09334e-06
 Reference value :  1.09419e-06
 Reference value :  1.09494e-06
 Reference value :  1.09607e-06
 Reference value :  1.09688e-06
 Reference value :  1.09773e-06
 Reference value :  1.09859e-06
 Reference value :  1.09951e-06
 Reference value :  1.10024e-06
 Reference value :  1.10075e-06
 Reference value :  1.10129e-06
 Reference value :  1.10191e-06
 Reference value :  1.10246e-06
 Reference value :  1.10318e-06
 Reference value :  1.10378e-06
 Reference value :  1.10454e-06
 Reference value :  1.10509e-06
 Reference value :  1.10576e-06
 Reference value :  1.10629e-06
 Reference value :  1.10717e-06
 Reference value :  1.10776e-06
 Reference value :  1.10843e-06
 Reference value :  1.10896e-06
 Reference value :  1.10970e-06
 Reference value :  1.11019e-06
 Reference value :  1.11099e-06
 Reference value :  1.11166e-06
 Reference value :  1.11244e-06
 Reference value :  1.11327e-06
 Reference value :  1.11378e-06
 Reference value :  1.11456e-06
 Reference value :  1.11507e-06
 Reference value :  1.11595e-06
 Reference value :  1.11654e-06
 Reference value :  1.11737e-06
 Reference value :  1.11798e-06
 Reference value :  1.11855e-06
 Reference value :  1.11916e-06
 Reference value :  1.11984e-06
 Reference value :  1.12047e-06
 Reference value :  1.12128e-06
 Reference value :  1.12147e-06
 Reference value :  1.12235e-06
 Reference value :  1.12300e-06
 Reference value :  1.12358e-06
 Reference value :  1.12407e-06
 Reference value :  1.12467e-06
 Reference value :  1.12521e-06
 Reference value :  1.12592e-06
 Reference value :  1.12652e-06
 Reference value :  1.12715e-06
 Reference value :  1.12774e-06
 Reference value :  1.12867e-06
 Reference value :  1.12924e-06
 Reference value :  1.12986e-06
 Reference value :  1.13027e-06
 Reference value :  1.13101e-06
 Reference value :  1.13185e-06
 Reference value :  1.13270e-06
 Reference value :  1.13352e-06
 Reference value :  1.13426e-06
 Reference value :  1.13514e-06
 Reference value :  1.13551e-06
 Reference value :  1.13645e-06
 Reference value :  1.13698e-06
 Reference value :  1.13786e-06
 Reference value :  1.13849e-06
 Reference value :  1.13904e-06
 Reference value :  1.13971e-06
 Reference value :  1.14037e-06
 Reference value :  1.14109e-06
 Reference value :  1.14171e-06
 Reference value :  1.14241e-06
 Reference value :  1.14291e-06
 Reference value :  1.14359e-06
 Reference value :  1.14420e-06
 Reference value :  1.14447e-06
 Reference value :  1.14484e-06
 Reference value :  1.14555e-06
 Reference value :  1.14656e-06
 Reference value :  1.14730e-06
 Reference value :  1.14795e-06
 Reference value :  1.14867e-06
 Reference value :  1.14934e-06
 Reference value :  1.15000e-06
 Reference value :  1.15048e-06
 Reference value :  1.15092e-06
 Reference value :  1.15174e-06
 Reference value :  1.15245e-06
 Reference value :  1.15313e-06
 Reference value :  1.15377e-06
 Reference value :  1.15434e-06
 Reference value :  1.15496e-06
 Reference value :  1.15548e-06
 Reference value :  1.15597e-06
 Reference value :  1.15680e-06
 Reference value :  1.15752e-06
 Reference value :  1.15808e-06
 Reference value :  1.15886e-06
 Reference value :  1.15939e-06
 Reference value :  1.15999e-06
 Reference value :  1.16064e-06
 Reference value :  1.16126e-06
 Reference value :  1.16155e-06
 Reference value :  1.16181e-06
 Reference value :  1.16259e-06
 Reference value :  1.16318e-06
 Reference value :  1.16388e-06
 Reference value :  1.16442e-06
 Reference value :  1.16471e-06
 Reference value :  1.16535e-06
 Reference value :  1.16584e-06
 Reference value :  1.16667e-06
 Reference value :  1.16747e-06
 Reference value :  1.16799e-06
 Reference value :  1.16894e-06
 Reference value :  1.16977e-06
 Reference value :  1.17048e-06
 Reference value :  1.17097e-06
 Reference value :  1.17176e-06
 Reference value :  1.17251e-06
 Reference value :  1.17305e-06
 Reference value :  1.17400e-06
 Reference value :  1.17421e-06
 Reference value :  1.17468e-06
 Reference value :  1.17544e-06
 Reference value :  1.17606e-06
 Reference value :  1.17690e-06
 Reference value :  1.17759e-06
 Reference value :  1.17849e-06
 Reference value :  1.17914e-06
 Reference value :  1.17971e-06
 Reference value :  1.18036e-06
 Reference value :  1.18097e-06
 Reference value :  1.18169e-06
 Reference value :  1.18232e-06
 Reference value :  1.18301e-06
 Reference value :  1.18359e-06
 Reference value :  1.18453e-06
 Reference value :  1.18507e-06
 Reference value :  1.18578e-06
 Reference value :  1.18653e-06
 Reference value :  1.18741e-06
 Reference value :  1.18816e-06
 Reference value :  1.18870e-06
 Reference value :  1.18946e-06
 Reference value :  1.19007e-06
 Reference value :  1.19069e-06
 Reference value :  1.19123e-06
 Reference value :  1.19188e-06
 Reference value :  1.19245e-06
 Reference value :  1.19308e-06
 Reference value :  1.19347e-06
 Reference value :  1.19436e-06
 Reference value :  1.19503e-06
 Reference value :  1.19573e-06
 Reference value :  1.19633e-06
 Reference value :  1.19697e-06
 Reference value :  1.19758e-06
 Reference value :  1.19834e-06
 Reference value :  1.19892e-06
 Reference value :  1.19954e-06
 Reference value :  1.20005e-06
 Reference value :  1.20067e-06
 Reference value :  1.20108e-06
 Reference value :  1.20162e-06
 Reference value :  1.20226e-06
 Reference value :  1.20277e-06
 Reference value :  1.20347e-06
 Reference value :  1.20405e-06
 Reference value :  1.20470e-06
 Reference value :  1.20532e-06
 Reference value :  1.20603e-06
 Reference value :  1.20659e-06
 Reference value :  1.20745e-06
 Reference value :  1.20809e-06
 Reference value :  1.20875e-06
 Reference value :  1.20924e-06
 Reference value :  1.21008e-06
 Reference value :  1.21059e-06
 Reference value :  1.21118e-06
 Reference value :  1.21177e-06
 Reference value :  1.21258e-06
 Reference value :  1.21339e-06
 Reference value :  1.21373e-06
 Reference value :  1.21412e-06
 Reference value :  1.21420e-06
 Reference value :  1.21472e-06
 Reference value :  1.21486e-06
 Reference value :  1.21527e-06
 Reference value :  1.21565e-06
 Reference value :  1.21598e-06
 Reference value :  1.21656e-06
 Reference value :  1.21716e-06
 Reference value :  1.21778e-06
 Reference value :  1.21854e-06
 Reference value :  1.21909e-06
 Reference value :  1.21995e-06
 Reference value :  1.22052e-06
 Reference value :  1.22119e-06
 Reference value :  1.22156e-06
 Reference value :  1.22239e-06
 Reference value :  1.22303e-06
 Reference value :  1.22373e-06
 Reference value :  1.22439e-06
 Reference value :  1.22518e-06
 Reference value :  1.22588e-06
 Reference value :  1.22659e-06
 Reference value :  1.22721e-06
 Reference value :  1.22783e-06
 Reference value :  1.22853e-06
 Reference value :  1.22914e-06
 Reference value :  1.22990e-06
 Reference value :  1.23047e-06
 Reference value :  1.23136e-06
 Reference value :  1.23194e-06
 Reference value :  1.23282e-06
 Reference value :  1.23352e-06
 Reference value :  1.23437e-06
 Reference value :  1.23522e-06
 Reference value :  1.23580e-06
 Reference value :  1.23682e-06
 Reference value :  1.23753e-06
 Reference value :  1.23812e-06
 Reference value :  1.23875e-06
 Reference value :  1.23934e-06
 Reference value :  1.24013e-06
 Reference value :  1.24078e-06
 Reference value :  1.24143e-06
 Reference value :  1.24192e-06
 Reference value :  1.24264e-06
 Reference value :  1.24322e-06
 Reference value :  1.24396e-06
 Reference value :  1.24465e-06
 Reference value :  1.24536e-06
 Reference value :  1.24602e-06
 Reference value :  1.24667e-06
 Reference value :  1.24716e-06
 Reference value :  1.24786e-06
 Reference value :  1.24835e-06
 Reference value :  1.24905e-06
 Reference value :  1.24970e-06
 Reference value :  1.25028e-06
 Reference value :  1.25091e-06
 Reference value :  1.25168e-06
 Reference value :  1.25233e-06
 Reference value :  1.25295e-06
 Reference value :  1.25349e-06
 Reference value :  1.25409e-06
 Reference value :  1.25465e-06
 Reference value :  1.25532e-06
 Reference value :  1.25578e-06
 Reference value :  1.25607e-06
 Reference value :  1.25668e-06
 Reference value :  1.25734e-06
 Reference value :  1.25782e-06
 Reference value :  1.25830e-06
 Reference value :  1.25898e-06
 Reference value :  1.25947e-06
 Reference value :  1.25999e-06
 Reference value :  1.26087e-06
 Reference value :  1.26152e-06
 Reference value :  1.26203e-06
 Reference value :  1.26251e-06
 Reference value :  1.26296e-06
 Reference value :  1.26360e-06
 Reference value :  1.26427e-06
 Reference value :  1.26475e-06
 Reference value :  1.26544e-06
 Reference value :  1.26601e-06
 Reference value :  1.26691e-06
 Reference value :  1.26753e-06
 Reference value :  1.26816e-06
 Reference value :  1.26886e-06
 Reference value :  1.26943e-06
 Reference value :  1.27019e-06
 Reference value :  1.27073e-06
 Reference value :  1.27127e-06
 Reference value :  1.27178e-06
 Reference value :  1.27238e-06
 Reference value :  1.27292e-06
 Reference value :  1.27345e-06
 Reference value :  1.27407e-06
 Reference value :  1.27446e-06
 Reference value :  1.27514e-06
 Reference value :  1.27560e-06
 Reference value :  1.27620e-06
 Reference value :  1.27697e-06
 Reference value :  1.27753e-06
 Reference value :  1.27819e-06
 Reference value :  1.27878e-06
 Reference value :  1.27952e-06
 Reference value :  1.28004e-06
 Reference value :  1.28102e-06
 Reference value :  1.28157e-06
 Reference value :  1.28226e-06
 Reference value :  1.28265e-06
 Reference value :  1.28340e-06
 Reference value :  1.28399e-06
 Reference value :  1.28476e-06
 Reference value :  1.28556e-06
 Reference value :  1.28611e-06
 Reference value :  1.28687e-06
 Reference value :  1.28736e-06
 Reference value :  1.28823e-06
 Reference value :  1.28884e-06
 Reference value :  1.28953e-06
 Reference value :  1.29005e-06
 Reference value :  1.29095e-06
 Reference value :  1.29144e-06
 Reference value :  1.29210e-06
 Reference value :  1.29272e-06
 Reference value :  1.29334e-06
 Reference value :  1.29405e-06
 Reference value :  1.29486e-06
 Reference value :  1.29543e-06
 Reference value :  1.29621e-06
 Reference value :  1.29714e-06
 Reference value :  1.29775e-06
 Reference value :  1.29843e-06
 Reference value :  1.29938e-06
 Reference value :  1.30014e-06
 Reference value :  1.30075e-06
 Reference value :  1.30127e-06
 Reference value :  1.30189e-06
 Reference value :  1.30250e-06
 Reference value :  1.30305e-06
 Reference value :  1.30386e-06
 Reference value :  1.30451e-06
 Reference value :  1.30499e-06
 Reference value :  1.30551e-06
 Reference value :  1.30640e-06
 Reference value :  1.30710e-06
 Reference value :  1.30788e-06
 Reference value :  1.30864e-06
 Reference value :  1.30924e-06
 Reference value :  1.30976e-06
 Reference value :  1.31051e-06
 Reference value :  1.31124e-06
 Reference value :  1.31181e-06
 Reference value :  1.31244e-06
 Reference value :  1.31300e-06
 Reference value :  1.31377e-06
 Reference value :  1.31422e-06
 Reference value :  1.31478e-06
 Reference value :  1.31542e-06
 Reference value :  1.31586e-06
 Reference value :  1.31653e-06
 Reference value :  1.31700e-06
 Reference value :  1.31755e-06
 Reference value :  1.31785e-06
 Reference value :  1.31827e-06
 Reference value :  1.31892e-06
 Reference value :  1.31943e-06
 Reference value :  1.31994e-06
 Reference value :  1.32027e-06
 Reference value :  1.32067e-06
 Reference value :  1.32091e-06
 Reference value :  1.32151e-06
 Reference value :  1.32195e-06
 Reference value :  1.32239e-06
 Reference value :  1.32271e-06
 Reference value :  1.32326e-06
 Reference value :  1.32356e-06
 Reference value :  1.32425e-06
 Reference value :  1.32466e-06
 Reference value :  1.32546e-06
 Reference value :  1.32591e-06
 Reference value :  1.32674e-06
 Reference value :  1.32748e-06
 Reference value :  1.32827e-06
 Reference value :  1.32888e-06
 Reference value :  1.32924e-06
 Reference value :  1.32967e-06
 Reference value :  1.33029e-06
 Reference value :  1.33088e-06
 Reference value :  1.33157e-06
 Reference value :  1.33216e-06
 Reference value :  1.33293e-06
 Reference value :  1.33341e-06
 Reference value :  1.33415e-06
 Reference value :  1.33487e-06
 Reference value :  1.33543e-06
 Reference value :  1.33609e-06
 Reference value :  1.33690e-06
 Reference value :  1.33759e-06
 Reference value :  1.33808e-06
 Reference value :  1.33882e-06
 Reference value :  1.33956e-06
 Reference value :  1.34034e-06
 Reference value :  1.34093e-06
 Reference value :  1.34152e-06
 Reference value :  1.34212e-06
 Reference value :  1.34300e-06
 Reference value :  1.34381e-06
 Reference value :  1.34448e-06
 Reference value :  1.34543e-06
 Reference value :  1.34622e-06
 Reference value :  1.34701e-06
 Reference value :  1.34770e-06
 Reference value :  1.34834e-06
 Reference value :  1.34895e-06
 Reference value :  1.34954e-06
 Reference value :  1.35021e-06
 Reference value :  1.35091e-06
 Reference value :  1.35167e-06
 Reference value :  1.35214e-06
 Reference value :  1.35264e-06
 Reference value :  1.35335e-06
 Reference value :  1.35391e-06
 Reference value :  1.35459e-06
 Reference value :  1.35518e-06
 Reference value :  1.35593e-06
 Reference value :  1.35667e-06
 Reference value :  1.35742e-06
 Reference value :  1.35813e-06
 Reference value :  1.35869e-06
 Reference value :  1.35939e-06
 Reference value :  1.35978e-06
 Reference value :  1.36050e-06
 Reference value :  1.36126e-06
 Reference value :  1.36209e-06
 Reference value :  1.36271e-06
 Reference value :  1.36349e-06
 Reference value :  1.36408e-06
 Reference value :  1.36515e-06
 Reference value :  1.36592e-06
 Reference value :  1.36690e-06
 Reference value :  1.36776e-06
 Reference value :  1.36855e-06
 Reference value :  1.36883e-06
 Reference value :  1.36921e-06
 Reference value :  1.37012e-06
 Reference value :  1.37096e-06
 Reference value :  1.37186e-06
 Reference value :  1.37283e-06
 Reference value :  1.37377e-06
 Reference value :  1.37470e-06
 Reference value :  1.37594e-06
 Reference value :  1.37703e-06
 Reference value :  1.37804e-06
 Reference value :  1.37900e-06
 Reference value :  1.37998e-06
 Reference value :  1.38123e-06
 Reference value :  1.38199e-06
 Reference value :  1.38254e-06
 Reference value :  1.38300e-06
 Reference value :  1.38384e-06
 Reference value :  1.38434e-06
 Reference value :  1.38491e-06
 Reference value :  1.38539e-06
 Reference value :  1.38601e-06
 Reference value :  1.38652e-06
 Reference value :  1.38724e-06
 Reference value :  1.38750e-06
 Reference value :  1.38801e-06
 Reference value :  1.38884e-06
 Reference value :  1.38983e-06
 Reference value :  1.39053e-06
 Reference value :  1.39150e-06
 Reference value :  1.39262e-06
 Reference value :  1.39360e-06
 Reference value :  1.39428e-06
 Reference value :  1.39554e-06
 Reference value :  1.39555e-06
 Reference value :  1.39604e-06
 Reference value :  1.39670e-06
 Reference value :  1.39729e-06
 Reference value :  1.39809e-06
 Reference value :  1.39869e-06
 Reference value :  1.39943e-06
 Reference value :  1.40005e-06
 Reference value :  1.40071e-06
 Reference value :  1.40110e-06
 Reference value :  1.40176e-06
 Reference value :  1.40233e-06
 Reference value :  1.40307e-06
 Reference value :  1.40355e-06
 Reference value :  1.40432e-06
 Reference value :  1.40489e-06
 Reference value :  1.40547e-06
 Reference value :  1.40591e-06
 Reference value :  1.40670e-06
 Reference value :  1.40735e-06
 Reference value :  1.40806e-06
 Reference value :  1.40857e-06
 Reference value :  1.40929e-06
 Reference value :  1.40995e-06
 Reference value :  1.41063e-06
 Reference value :  1.41119e-06
 Reference value :  1.41218e-06
 Reference value :  1.41280e-06
 Reference value :  1.41335e-06
 Reference value :  1.41451e-06
 Reference value :  1.41505e-06
 Reference value :  1.41595e-06
 Reference value :  1.41640e-06
 Reference value :  1.41724e-06
 Reference value :  1.41791e-06
 Reference value :  1.41880e-06
 Reference value :  1.41974e-06
 Reference value :  1.42064e-06
 Reference value :  1.42128e-06
 Reference value :  1.42203e-06
 Reference value :  1.42259e-06
 Reference value :  1.42325e-06
 Reference value :  1.42416e-06
 Reference value :  1.42502e-06
 Reference value :  1.42561e-06
 Reference value :  1.42625e-06
 Reference value :  1.42678e-06
 Reference value :  1.42777e-06
 Reference value :  1.42848e-06
 Reference value :  1.42906e-06
 Reference value :  1.42973e-06
 Reference value :  1.43031e-06
 Reference value :  1.43102e-06
 Reference value :  1.43153e-06
 Reference value :  1.43234e-06
 Reference value :  1.43298e-06
 Reference value :  1.43365e-06
 Reference value :  1.43437e-06
 Reference value :  1.43517e-06
 Reference value :  1.43585e-06
 Reference value :  1.43662e-06
 Reference value :  1.43752e-06
 Reference value :  1.43813e-06
 Reference value :  1.43900e-06
 Reference value :  1.43951e-06
 Reference value :  1.44029e-06
 Reference value :  1.44097e-06
 Reference value :  1.44174e-06
 Reference value :  1.44223e-06
 Reference value :  1.44300e-06
 Reference value :  1.44395e-06
 Reference value :  1.44441e-06
 Reference value :  1.44535e-06
 Reference value :  1.44597e-06
 Reference value :  1.44692e-06
 Reference value :  1.44767e-06
 Reference value :  1.44831e-06
 Reference value :  1.44905e-06
 Reference value :  1.44970e-06
 Reference value :  1.45027e-06
 Reference value :  1.45084e-06
 Reference value :  1.45154e-06
 Reference value :  1.45211e-06
 Reference value :  1.45279e-06
 Reference value :  1.45325e-06
 Reference value :  1.45390e-06
 Reference value :  1.45449e-06
 Reference value :  1.45527e-06
 Reference value :  1.45589e-06
 Reference value :  1.45672e-06
 Reference value :  1.45707e-06
 Reference value :  1.45777e-06
 Reference value :  1.45839e-06
 Reference value :  1.45907e-06
 Reference value :  1.45964e-06
 Reference value :  1.46026e-06
 Reference value :  1.46092e-06
 Reference value :  1.46167e-06
 Reference value :  1.46214e-06
 Reference value :  1.46273e-06
 Reference value :  1.46303e-06
 Reference value :  1.46342e-06
 Reference value :  1.46409e-06
 Reference value :  1.46483e-06
 Reference value :  1.46556e-06
 Reference value :  1.46632e-06
 Reference value :  1.46686e-06
 Reference value :  1.46738e-06
 Reference value :  1.46797e-06
 Reference value :  1.46861e-06
 Reference value :  1.46915e-06
 Reference value :  1.46969e-06
 Reference value :  1.47040e-06
 Reference value :  1.47095e-06
 Reference value :  1.47147e-06
 Reference value :  1.47220e-06
 Reference value :  1.47272e-06
 Reference value :  1.47352e-06
 Reference value :  1.47424e-06
 Reference value :  1.47476e-06
 Reference value :  1.47543e-06
 Reference value :  1.47604e-06
 Reference value :  1.47666e-06
 Reference value :  1.47704e-06
 Reference value :  1.47748e-06
 Reference value :  1.47810e-06
 Reference value :  1.47866e-06
 Reference value :  1.47933e-06
 Reference value :  1.48006e-06
 Reference value :  1.48078e-06
 Reference value :  1.48138e-06
 Reference value :  1.48203e-06
 Reference value :  1.48247e-06
 Reference value :  1.48322e-06
 Reference value :  1.48378e-06
 Reference value :  1.48419e-06
 Reference value :  1.48475e-06
 Reference value :  1.48526e-06
 Reference value :  1.48608e-06
 Reference value :  1.48672e-06
 Reference value :  1.48745e-06
 Reference value :  1.48778e-06
 Reference value :  1.48880e-06
 Reference value :  1.48942e-06
 Reference value :  1.49012e-06
 Reference value :  1.49086e-06
 Reference value :  1.49150e-06
 Reference value :  1.49224e-06
 Reference value :  1.49298e-06
 Reference value :  1.49380e-06
 Reference value :  1.49457e-06
 Reference value :  1.49508e-06
 Reference value :  1.49526e-06
 Reference value :  1.49611e-06
 Reference value :  1.49693e-06
 Reference value :  1.49780e-06
 Reference value :  1.49847e-06
 Reference value :  1.49914e-06
 Reference value :  1.50009e-06
 Reference value :  1.50064e-06
 Reference value :  1.50123e-06
 Reference value :  1.50190e-06
 Reference value :  1.50257e-06
 Reference value :  1.50316e-06
 Reference value :  1.50381e-06
 Reference value :  1.50447e-06
 Reference value :  1.50517e-06
 Reference value :  1.50549e-06
 Reference value :  1.50636e-06
 Reference value :  1.50693e-06
 Reference value :  1.50733e-06
 Reference value :  1.50783e-06
 Reference value :  1.50855e-06
 Reference value :  1.50906e-06
 Reference value :  1.50971e-06
 Reference value :  1.51041e-06
 Reference value :  1.51103e-06
 Reference value :  1.51159e-06
 Reference value :  1.51209e-06
 Reference value :  1.51269e-06
 Reference value :  1.51327e-06
 Reference value :  1.51405e-06
 Reference value :  1.51453e-06
 Reference value :  1.51508e-06
 Reference value :  1.51562e-06
 Reference value :  1.51646e-06
 Reference value :  1.51709e-06
 Reference value :  1.51776e-06
 Reference value :  1.51820e-06
 Reference value :  1.51891e-06
 Reference value :  1.51913e-06
 Reference value :  1.51933e-06
 Reference value :  1.52020e-06
 Reference value :  1.52080e-06
 Reference value :  1.52147e-06
 Reference value :  1.52194e-06
 Reference value :  1.52260e-06
 Reference value :  1.52330e-06
 Reference value :  1.52407e-06
 Reference value :  1.52468e-06
 Reference value :  1.52530e-06
 Reference value :  1.52583e-06
 Reference value :  1.52671e-06
 Reference value :  1.52747e-06
 Reference value :  1.52812e-06
 Reference value :  1.52884e-06
 Reference value :  1.52947e-06
 Reference value :  1.53017e-06
 Reference value :  1.53079e-06
 Reference value :  1.53144e-06
 Reference value :  1.53201e-06
 Reference value :  1.53265e-06
 Reference value :  1.53319e-06
 Reference value :  1.53371e-06
 Reference value :  1.53448e-06
 Reference value :  1.53523e-06
 Reference value :  1.53585e-06
 Reference value :  1.53653e-06
 Reference value :  1.53690e-06
 Reference value :  1.53750e-06
 Reference value :  1.53814e-06
 Reference value :  1.53865e-06
 Reference value :  1.53927e-06
 Reference value :  1.53986e-06
 Reference value :  1.54051e-06
 Reference value :  1.54127e-06
 Reference value :  1.54192e-06
 Reference value :  1.54254e-06
 Reference value :  1.54284e-06
 Reference value :  1.54313e-06
 Reference value :  1.54345e-06
 Reference value :  1.54414e-06
 Reference value :  1.54468e-06
 Reference value :  1.54553e-06
 Reference value :  1.54615e-06
 Reference value :  1.54648e-06
 Reference value :  1.54693e-06
 Reference value :  1.54734e-06
 Reference value :  1.54777e-06
 Reference value :  1.54820e-06
 Reference value :  1.54853e-06
 Reference value :  1.54885e-06
 Reference value :  1.54923e-06
 Reference value :  1.54966e-06
 Reference value :  1.54999e-06
 Reference value :  1.55049e-06
 Reference value :  1.55080e-06
 Reference value :  1.55126e-06
 Reference value :  1.55186e-06
 Reference value :  1.55242e-06
 Reference value :  1.55312e-06
 Reference value :  1.55372e-06
 Reference value :  1.55444e-06
 Reference value :  1.55500e-06
 Reference value :  1.55567e-06
 Reference value :  1.55621e-06
 Reference value :  1.55643e-06
 Reference value :  1.55694e-06
 Reference value :  1.55742e-06
 Reference value :  1.55818e-06
 Reference value :  1.55876e-06
 Reference value :  1.55955e-06
 Reference value :  1.56013e-06
 Reference value :  1.56065e-06
 Reference value :  1.56097e-06
 Reference value :  1.56155e-06
 Reference value :  1.56246e-06
 Reference value :  1.56296e-06
 Reference value :  1.56348e-06
 Reference value :  1.56393e-06
 Reference value :  1.56444e-06
 Reference value :  1.56474e-06
 Reference value :  1.56564e-06
 Reference value :  1.56634e-06
 Reference value :  1.56731e-06
 Reference value :  1.56772e-06
 Reference value :  1.56848e-06
 Reference value :  1.56886e-06
 Reference value :  1.56904e-06
 Reference value :  1.56982e-06
 Reference value :  1.57041e-06
 Reference value :  1.57104e-06
 Reference value :  1.57154e-06
 Reference value :  1.57200e-06
 Reference value :  1.57212e-06
 Reference value :  1.57283e-06
 Reference value :  1.57366e-06
 Reference value :  1.57458e-06
 Reference value :  1.57582e-06
 Reference value :  1.57655e-06
 Reference value :  1.57710e-06
 Reference value :  1.57823e-06
 Reference value :  1.57921e-06
 Reference value :  1.58007e-06
 Reference value :  1.58095e-06
 Reference value :  1.58211e-06
 Reference value :  1.58323e-06
 Reference value :  1.58391e-06
 Reference value :  1.58462e-06
 Reference value :  1.58544e-06
 Reference value :  1.58654e-06
 Reference value :  1.58767e-06
 Reference value :  1.58878e-06
 Reference value :  1.58905e-06
 Reference value :  1.58989e-06
 Reference value :  1.59072e-06
 Reference value :  1.59170e-06
 Reference value :  1.59301e-06
 Reference value :  1.59377e-06
 Reference value :  1.59488e-06
 Reference value :  1.59574e-06
 Reference value :  1.59675e-06
 Reference value :  1.59764e-06
 Reference value :  1.59859e-06
 Reference value :  1.59904e-06
 Reference value :  1.59966e-06
 Reference value :  1.60023e-06
 Reference value :  1.60080e-06
 Reference value :  1.60144e-06
 Reference value :  1.60219e-06
 Reference value :  1.60263e-06
 Reference value :  1.60299e-06
 Reference value :  1.60360e-06
 Reference value :  1.60418e-06
 Reference value :  1.60522e-06
 Reference value :  1.60531e-06
 Reference value :  1.60576e-06
 Reference value :  1.60649e-06
 Reference value :  1.60726e-06
 Reference value :  1.60794e-06
 Reference value :  1.60877e-06
 Reference value :  1.60892e-06
 Reference value :  1.60911e-06
 Reference value :  1.60990e-06
 Reference value :  1.61062e-06
 Reference value :  1.61143e-06
 Reference value :  1.61183e-06
 Reference value :  1.61234e-06
 Reference value :  1.61279e-06
 Reference value :  1.61337e-06
 Reference value :  1.61432e-06
 Reference value :  1.61501e-06
 Reference value :  1.61572e-06
 Reference value :  1.61649e-06
 Reference value :  1.61681e-06
 Reference value :  1.61729e-06
 Reference value :  1.61824e-06
 Reference value :  1.61911e-06
 Reference value :  1.61982e-06
 Reference value :  1.62078e-06
 Reference value :  1.62129e-06
 Reference value :  1.62136e-06
 Reference value :  1.62201e-06
 Reference value :  1.62265e-06
 Reference value :  1.62340e-06
 Reference value :  1.62402e-06
 Reference value :  1.62442e-06
 Reference value :  1.62474e-06
 Reference value :  1.62569e-06
 Reference value :  1.62639e-06
 Reference value :  1.62706e-06
 Reference value :  1.62769e-06
 Reference value :  1.62823e-06
 Reference value :  1.62898e-06
 Reference value :  1.62951e-06
 Reference value :  1.62997e-06
 Reference value :  1.63041e-06
 Reference value :  1.63112e-06
 Reference value :  1.63176e-06
 Reference value :  1.63217e-06
 Reference value :  1.63278e-06
 Reference value :  1.63327e-06
 Reference value :  1.63405e-06
 Reference value :  1.63442e-06
 Reference value :  1.63544e-06
 Reference value :  1.63595e-06
 Reference value :  1.63675e-06
 Reference value :  1.63716e-06
 Reference value :  1.63754e-06
 Reference value :  1.63802e-06
 Reference value :  1.63862e-06
 Reference value :  1.63911e-06
 Reference value :  1.63959e-06
 Reference value :  1.63980e-06
 Reference value :  1.64028e-06
 Reference value :  1.64084e-06
 Reference value :  1.64104e-06
 Reference value :  1.64154e-06
 Reference value :  1.64197e-06
 Reference value :  1.64221e-06
 Reference value :  1.64278e-06
 Reference value :  1.64334e-06
 Reference value :  1.64385e-06
 Reference value :  1.64437e-06
 Reference value :  1.64475e-06
 Reference value :  1.64498e-06
 Reference value :  1.64540e-06
 Reference value :  1.64588e-06
 Reference value :  1.64679e-06
 Reference value :  1.64736e-06
 Reference value :  1.64812e-06
 Reference value :  1.64877e-06
 Reference value :  1.64923e-06
 Reference value :  1.64956e-06
 Reference value :  1.65012e-06
 Reference value :  1.65077e-06
 Reference value :  1.65130e-06
 Reference value :  1.65206e-06
 Reference value :  1.65260e-06
 Reference value :  1.65312e-06
 Reference value :  1.65356e-06
 Reference value :  1.65425e-06
 Reference value :  1.65489e-06
 Reference value :  1.65506e-06
 Reference value :  1.65569e-06
 Reference value :  1.65617e-06
 Reference value :  1.65650e-06
 Reference value :  1.65688e-06
 Reference value :  1.65746e-06
 Reference value :  1.65820e-06
 Reference value :  1.65881e-06
 Reference value :  1.65948e-06
 Reference value :  1.65993e-06
 Reference value :  1.66012e-06
 Reference value :  1.66044e-06
 Reference value :  1.66132e-06
 Reference value :  1.66204e-06
 Reference value :  1.66255e-06
 Reference value :  1.66317e-06
 Reference value :  1.66372e-06
 Reference value :  1.66401e-06
 Reference value :  1.66455e-06
 Reference value :  1.66516e-06
 Reference value :  1.66579e-06
 Reference value :  1.66628e-06
 Reference value :  1.66699e-06
 Reference value :  1.66742e-06
 Reference value :  1.66780e-06
 Reference value :  1.66848e-06
 Reference value :  1.66894e-06
 Reference value :  1.66974e-06
 Reference value :  1.67036e-06
 Reference value :  1.67108e-06
 Reference value :  1.67148e-06
 Reference value :  1.67181e-06
 Reference value :  1.67231e-06
 Reference value :  1.67292e-06
 Reference value :  1.67370e-06
 Reference value :  1.67447e-06
 Reference value :  1.67489e-06
 Reference value :  1.67548e-06
 Reference value :  1.67619e-06
 Reference value :  1.67680e-06
 Reference value :  1.67733e-06
 Reference value :  1.67762e-06
 Reference value :  1.67824e-06
 Reference value :  1.67904e-06
 Reference value :  1.67970e-06
 Reference value :  1.68028e-06
 Reference value :  1.68097e-06
 Reference value :  1.68150e-06
 Reference value :  1.68189e-06
 Reference value :  1.68239e-06
 Reference value :  1.68297e-06
 Reference value :  1.68393e-06
 Reference value :  1.68445e-06
 Reference value :  1.68497e-06
 Reference value :  1.68527e-06
 Reference value :  1.68573e-06
 Reference value :  1.68642e-06
 Reference value :  1.68703e-06
 Reference value :  1.68785e-06
 Reference value :  1.68808e-06
 Reference value :  1.68867e-06
 Reference value :  1.68927e-06
 Reference value :  1.68997e-06
 Reference value :  1.69053e-06
 Reference value :  1.69113e-06
 Reference value :  1.69139e-06
 Reference value :  1.69191e-06
 Reference value :  1.69246e-06
 Reference value :  1.69298e-06
 Reference value :  1.69369e-06
 Reference value :  1.69415e-06
 Reference value :  1.69472e-06
 Reference value :  1.69526e-06
 Reference value :  1.69587e-06
 Reference value :  1.69678e-06
 Reference value :  1.69737e-06
 Reference value :  1.69765e-06
 Reference value :  1.69785e-06
 Reference value :  1.69855e-06
 Reference value :  1.69949e-06
 Reference value :  1.70017e-06
 Reference value :  1.70085e-06
 Reference value :  1.70140e-06
 Reference value :  1.70206e-06
 Reference value :  1.70279e-06
 Reference value :  1.70332e-06
 Reference value :  1.70387e-06
 Reference value :  1.70444e-06
 Reference value :  1.70528e-06
 Reference value :  1.70597e-06
 Reference value :  1.70648e-06
 Reference value :  1.70708e-06
 Reference value :  1.70791e-06
 Reference value :  1.70852e-06
 Reference value :  1.70947e-06
 Reference value :  1.70999e-06
 Reference value :  1.71061e-06
 Reference value :  1.71111e-06
 Reference value :  1.71198e-06
 Reference value :  1.71265e-06
 Reference value :  1.71299e-06
 Reference value :  1.71349e-06
 Reference value :  1.71420e-06
 Reference value :  1.71492e-06
 Reference value :  1.71546e-06
 Reference value :  1.71596e-06
 Reference value :  1.71634e-06
 Reference value :  1.71660e-06
 Reference value :  1.71716e-06
 Reference value :  1.71796e-06
 Reference value :  1.71861e-06
 Reference value :  1.71926e-06
 Reference value :  1.71964e-06
 Reference value :  1.72015e-06
 Reference value :  1.72081e-06
 Reference value :  1.72139e-06
 Reference value :  1.72205e-06
 Reference value :  1.72240e-06
 Reference value :  1.72288e-06
 Reference value :  1.72336e-06
 Reference value :  1.72375e-06
 Reference value :  1.72446e-06
 Reference value :  1.72491e-06
 Reference value :  1.72549e-06
 Reference value :  1.72605e-06
 Reference value :  1.72670e-06
 Reference value :  1.72724e-06
 Reference value :  1.72801e-06
 Reference value :  1.72858e-06
 Reference value :  1.72929e-06
 Reference value :  1.72953e-06
 Reference value :  1.72993e-06
 Reference value :  1.73051e-06
 Reference value :  1.73109e-06
 Reference value :  1.73194e-06
 Reference value :  1.73245e-06
 Reference value :  1.73288e-06
 Reference value :  1.73331e-06
 Reference value :  1.73372e-06
 Reference value :  1.73466e-06
 Reference value :  1.73521e-06
 Reference value :  1.73569e-06
 Reference value :  1.73590e-06
 Reference value :  1.73655e-06
 Reference value :  1.73728e-06
 Reference value :  1.73801e-06
 Reference value :  1.73840e-06
 Reference value :  1.73919e-06
 Reference value :  1.73942e-06
 Reference value :  1.73992e-06
 Reference value :  1.74028e-06
 Reference value :  1.74096e-06
 Reference value :  1.74150e-06
 Reference value :  1.74222e-06
 Reference value :  1.74279e-06
 Reference value :  1.74337e-06
 Reference value :  1.74369e-06
 Reference value :  1.74427e-06
 Reference value :  1.74497e-06
 Reference value :  1.74548e-06
 Reference value :  1.74607e-06
 Reference value :  1.74668e-06
 Reference value :  1.74713e-06
 Reference value :  1.74787e-06
 Reference value :  1.74851e-06
 Reference value :  1.74902e-06
 Reference value :  1.74980e-06
 Reference value :  1.75018e-06
 Reference value :  1.75059e-06
 Reference value :  1.75113e-06
 Reference value :  1.75186e-06
 Reference value :  1.75254e-06
 Reference value :  1.75296e-06
 Reference value :  1.75335e-06
 Reference value :  1.75392e-06
 Reference value :  1.75445e-06
 Reference value :  1.75511e-06
 Reference value :  1.75556e-06
 Reference value :  1.75603e-06
 Reference value :  1.75618e-06
 Reference value :  1.75695e-06
 Reference value :  1.75773e-06
 Reference value :  1.75825e-06
 Reference value :  1.75902e-06
 Reference value :  1.75986e-06
 Reference value :  1.76039e-06
 Reference value :  1.76103e-06
 Reference value :  1.76166e-06
 Reference value :  1.76236e-06
 Reference value :  1.76291e-06
 Reference value :  1.76346e-06
 Reference value :  1.76382e-06
 Reference value :  1.76409e-06
 Reference value :  1.76475e-06
 Reference value :  1.76513e-06
 Reference value :  1.76557e-06
 Reference value :  1.76587e-06
 Reference value :  1.76630e-06
 Reference value :  1.76669e-06
 Reference value :  1.76740e-06
 Reference value :  1.76800e-06
 Reference value :  1.76874e-06
 Reference value :  1.76924e-06
 Reference value :  1.76994e-06
 Reference value :  1.77024e-06
 Reference value :  1.77060e-06
 Reference value :  1.77135e-06
 Reference value :  1.77185e-06
 Reference value :  1.77254e-06
 Reference value :  1.77297e-06
 Reference value :  1.77333e-06
 Reference value :  1.77393e-06
 Reference value :  1.77445e-06
 Reference value :  1.77531e-06
 Reference value :  1.77593e-06
 Reference value :  1.77684e-06
 Reference value :  1.77743e-06
 Reference value :  1.77795e-06
 Reference value :  1.77819e-06
 Reference value :  1.77880e-06
 Reference value :  1.77900e-06
 Reference value :  1.77946e-06
 Reference value :  1.78014e-06
 Reference value :  1.78037e-06
 Reference value :  1.78088e-06
 Reference value :  1.78156e-06
 Reference value :  1.78217e-06
 Reference value :  1.78266e-06
 Reference value :  1.78320e-06
 Reference value :  1.78354e-06
 Reference value :  1.78402e-06
 Reference value :  1.78446e-06
 Reference value :  1.78516e-06
 Reference value :  1.78570e-06
 Reference value :  1.78636e-06
 Reference value :  1.78671e-06
 Reference value :  1.78725e-06
 Reference value :  1.78805e-06
 Reference value :  1.78861e-06
 Reference value :  1.78917e-06
 Reference value :  1.78954e-06
 Reference value :  1.78977e-06
 Reference value :  1.79030e-06
 Reference value :  1.79095e-06
 Reference value :  1.79149e-06
 Reference value :  1.79173e-06
 Reference value :  1.79218e-06
 Reference value :  1.79276e-06
 Reference value :  1.79333e-06
 Reference value :  1.79400e-06
 Reference value :  1.79460e-06
 Reference value :  1.79484e-06
 Reference value :  1.79544e-06
 Reference value :  1.79599e-06
 Reference value :  1.79681e-06
 Reference value :  1.79742e-06
 Reference value :  1.79839e-06
 Reference value :  1.79891e-06
 Reference value :  1.79957e-06
 Reference value :  1.80030e-06
 Reference value :  1.80085e-06
 Reference value :  1.80152e-06
 Reference value :  1.80212e-06
 Reference value :  1.80285e-06
 Reference value :  1.80341e-06
 Reference value :  1.80403e-06
 Reference value :  1.80465e-06
 Reference value :  1.80531e-06
 Reference value :  1.80587e-06
 Reference value :  1.80660e-06
 Reference value :  1.80717e-06
 Reference value :  1.80780e-06
 Reference value :  1.80835e-06
 Reference value :  1.80879e-06
 Reference value :  1.80960e-06
 Reference value :  1.81028e-06
 Reference value :  1.81103e-06
 Reference value :  1.81169e-06
 Reference value :  1.81229e-06
 Reference value :  1.81303e-06
 Reference value :  1.81370e-06
 Reference value :  1.81456e-06
 Reference value :  1.81524e-06
 Reference value :  1.81607e-06
 Reference value :  1.81678e-06
 Reference value :  1.81740e-06
 Reference value :  1.81815e-06
 Reference value :  1.81864e-06
 Reference value :  1.81927e-06
 Reference value :  1.81981e-06
 Reference value :  1.82026e-06
 Reference value :  1.82106e-06
 Reference value :  1.82178e-06
 Reference value :  1.82221e-06
 Reference value :  1.82306e-06
 Reference value :  1.82364e-06
 Reference value :  1.82439e-06
 Reference value :  1.82493e-06
 Reference value :  1.82569e-06
 Reference value :  1.82622e-06
 Reference value :  1.82687e-06
 Reference value :  1.82761e-06
 Reference value :  1.82823e-06
 Reference value :  1.82881e-06
 Reference value :  1.82947e-06
 Reference value :  1.82999e-06
 Reference value :  1.83062e-06
 Reference value :  1.83126e-06
 Reference value :  1.83174e-06
 Reference value :  1.83251e-06
 Reference value :  1.83305e-06
 Reference value :  1.83339e-06
 Reference value :  1.83412e-06
 Reference value :  1.83465e-06
 Reference value :  1.83519e-06
 Reference value :  1.83574e-06
 Reference value :  1.83611e-06
 Reference value :  1.83640e-06
 Reference value :  1.83703e-06
 Reference value :  1.83739e-06
 Reference value :  1.83778e-06
 Reference value :  1.83818e-06
 Reference value :  1.83843e-06
 Reference value :  1.83888e-06
 Reference value :  1.83932e-06
 Reference value :  1.83985e-06
 Reference value :  1.84018e-06
 Reference value :  1.84084e-06
 Reference value :  1.84129e-06
 Reference value :  1.84181e-06
 Reference value :  1.84227e-06
 Reference value :  1.84279e-06
 Reference value :  1.84351e-06
 Reference value :  1.84404e-06
 Reference value :  1.84469e-06
 Reference value :  1.84520e-06
 Reference value :  1.84585e-06
 Reference value :  1.84647e-06
 Reference value :  1.84728e-06
 Reference value :  1.84789e-06
 Reference value :  1.84861e-06
 Reference value :  1.84904e-06
 Reference value :  1.84982e-06
 Reference value :  1.85031e-06
 Reference value :  1.85098e-06
 Reference value :  1.85150e-06
 Reference value :  1.85223e-06
 Reference value :  1.85266e-06
 Reference value :  1.85314e-06
 Reference value :  1.85384e-06
 Reference value :  1.85443e-06
 Reference value :  1.85496e-06
 Reference value :  1.85546e-06
 Reference value :  1.85618e-06
 Reference value :  1.85681e-06
 Reference value :  1.85750e-06
 Reference value :  1.85804e-06
 Reference value :  1.85879e-06
 Reference value :  1.85930e-06
 Reference value :  1.85999e-06
 Reference value :  1.86060e-06
 Reference value :  1.86142e-06
 Reference value :  1.86228e-06
 Reference value :  1.86282e-06
 Reference value :  1.86343e-06
 Reference value :  1.86386e-06
 Reference value :  1.86450e-06
 Reference value :  1.86525e-06
 Reference value :  1.86576e-06
 Reference value :  1.86646e-06
 Reference value :  1.86703e-06
 Reference value :  1.86761e-06
 Reference value :  1.86815e-06
 Reference value :  1.86902e-06
 Reference value :  1.86975e-06
 Reference value :  1.87025e-06
 Reference value :  1.87083e-06
 Reference value :  1.87162e-06
 Reference value :  1.87212e-06
 Reference value :  1.87272e-06
 Reference value :  1.87325e-06
 Reference value :  1.87425e-06
 Reference value :  1.87486e-06
 Reference value :  1.87542e-06
 Reference value :  1.87592e-06
 Reference value :  1.87665e-06
 Reference value :  1.87730e-06
 Reference value :  1.87811e-06
 Reference value :  1.87881e-06
 Reference value :  1.87940e-06
 Reference value :  1.88004e-06
 Reference value :  1.88033e-06
 Reference value :  1.88077e-06
 Reference value :  1.88143e-06
 Reference value :  1.88201e-06
 Reference value :  1.88273e-06
 Reference value :  1.88331e-06
 Reference value :  1.88398e-06
 Reference value :  1.88454e-06
 Reference value :  1.88498e-06
 Reference value :  1.88554e-06
 Reference value :  1.88595e-06
 Reference value :  1.88659e-06
 Reference value :  1.88716e-06
 Reference value :  1.88781e-06
 Reference value :  1.88845e-06
 Reference value :  1.88908e-06
 Reference value :  1.88958e-06
 Reference value :  1.88997e-06
 Reference value :  1.89077e-06
 Reference value :  1.89122e-06
 Reference value :  1.89184e-06
 Reference value :  1.89284e-06
 Reference value :  1.89335e-06
 Reference value :  1.89438e-06
 Reference value :  1.89503e-06
 Reference value :  1.89584e-06
 Reference value :  1.89637e-06
 Reference value :  1.89724e-06
 Reference value :  1.89775e-06
 Reference value :  1.89866e-06
 Reference value :  1.89942e-06
 Reference value :  1.90015e-06
 Reference value :  1.90086e-06
 Reference value :  1.90127e-06
 Reference value :  1.90194e-06
 Reference value :  1.90251e-06
 Reference value :  1.90319e-06
 Reference value :  1.90367e-06
 Reference value :  1.90425e-06
 Reference value :  1.90503e-06
 Reference value :  1.90521e-06
 Reference value :  1.90586e-06
 Reference value :  1.90643e-06
 Reference value :  1.90722e-06
 Reference value :  1.90797e-06
 Reference value :  1.90834e-06
 Reference value :  1.90883e-06
 Reference value :  1.90930e-06
 Reference value :  1.90972e-06
 Reference value :  1.91026e-06
 Reference value :  1.91086e-06
 Reference value :  1.91137e-06
 Reference value :  1.91207e-06
 Reference value :  1.91272e-06
 Reference value :  1.91336e-06
 Reference value :  1.91375e-06
 Reference value :  1.91435e-06
 Reference value :  1.91508e-06
 Reference value :  1.91566e-06
 Reference value :  1.91617e-06
 Reference value :  1.91689e-06
 Reference value :  1.91751e-06
 Reference value :  1.91800e-06
 Reference value :  1.91867e-06
 Reference value :  1.91934e-06
 Reference value :  1.91990e-06
 Reference value :  1.92027e-06
 Reference value :  1.92095e-06
 Reference value :  1.92148e-06
 Reference value :  1.92219e-06
 Reference value :  1.92270e-06
 Reference value :  1.92324e-06
 Reference value :  1.92394e-06
 Reference value :  1.92437e-06
 Reference value :  1.92514e-06
 Reference value :  1.92562e-06
 Reference value :  1.92635e-06
 Reference value :  1.92696e-06
 Reference value :  1.92782e-06
 Reference value :  1.92851e-06
 Reference value :  1.92905e-06
 Reference value :  1.92985e-06
 Reference value :  1.93065e-06
 Reference value :  1.93137e-06
 Reference value :  1.93224e-06
 Reference value :  1.93300e-06
 Reference value :  1.93387e-06
 Reference value :  1.93475e-06
 Reference value :  1.93551e-06
 Reference value :  1.93624e-06
 Reference value :  1.93685e-06
 Reference value :  1.93772e-06
 Reference value :  1.93862e-06
 Reference value :  1.93938e-06
 Reference value :  1.94042e-06
 Reference value :  1.94100e-06
 Reference value :  1.94165e-06
 Reference value :  1.94221e-06
 Reference value :  1.94292e-06
 Reference value :  1.94318e-06
 Reference value :  1.94377e-06
 Reference value :  1.94421e-06
 Reference value :  1.94453e-06
 Reference value :  1.94518e-06
 Reference value :  1.94572e-06
 Reference value :  1.94598e-06
 Reference value :  1.94682e-06
 Reference value :  1.94777e-06
 Reference value :  1.94848e-06
 Reference value :  1.94926e-06
 Reference value :  1.94982e-06
 Reference value :  1.95036e-06
 Reference value :  1.95093e-06
 Reference value :  1.95164e-06
 Reference value :  1.95213e-06
 Reference value :  1.95286e-06
 Reference value :  1.95341e-06
 Reference value :  1.95412e-06
 Reference value :  1.95467e-06
 Reference value :  1.95540e-06
 Reference value :  1.95593e-06
 Reference value :  1.95654e-06
 Reference value :  1.95723e-06
 Reference value :  1.95801e-06
 Reference value :  1.95880e-06
 Reference value :  1.95972e-06
 Reference value :  1.95996e-06
 Reference value :  1.96087e-06
 Reference value :  1.96172e-06
 Reference value :  1.96234e-06
 Reference value :  1.96303e-06
 Reference value :  1.96363e-06
 Reference value :  1.96432e-06
 Reference value :  1.96493e-06
 Reference value :  1.96573e-06
 Reference value :  1.96631e-06
 Reference value :  1.96700e-06
 Reference value :  1.96751e-06
 Reference value :  1.96807e-06
 Reference value :  1.96850e-06
 Reference value :  1.96865e-06
 Reference value :  1.96895e-06
 Reference value :  1.96932e-06
 Reference value :  1.96971e-06
 Reference value :  1.97002e-06
 Reference value :  1.97064e-06
 Reference value :  1.97112e-06
 Reference value :  1.97172e-06
 Reference value :  1.97212e-06
 Reference value :  1.97265e-06
 Reference value :  1.97345e-06
 Reference value :  1.97410e-06
 Reference value :  1.97502e-06
 Reference value :  1.97583e-06
 Reference value :  1.97648e-06
 Reference value :  1.97714e-06
 Reference value :  1.97760e-06
 Reference value :  1.97842e-06
 Reference value :  1.97911e-06
 Reference value :  1.98007e-06
 Reference value :  1.98074e-06
 Reference value :  1.98129e-06
 Reference value :  1.98184e-06
 Reference value :  1.98255e-06
 Reference value :  1.98332e-06
 Reference value :  1.98387e-06
 Reference value :  1.98458e-06
 Reference value :  1.98582e-06
 Reference value :  1.98643e-06
 Reference value :  1.98703e-06
 Reference value :  1.98754e-06
 Reference value :  1.98799e-06
 Reference value :  1.98875e-06
 Reference value :  1.98966e-06
 Reference value :  1.99025e-06
 Reference value :  1.99096e-06
 Reference value :  1.99155e-06
 Reference value :  1.99219e-06
 Reference value :  1.99284e-06
 Reference value :  1.99347e-06
 Reference value :  1.99415e-06
 Reference value :  1.99488e-06
 Reference value :  1.99545e-06
 Reference value :  1.99612e-06
 Reference value :  1.99668e-06
 Reference value :  1.99731e-06
 Reference value :  1.99796e-06
 Reference value :  1.99849e-06
 Reference value :  1.99900e-06
 Reference value :  1.99962e-06
 Reference value :  2.00013e-06
 Reference value :  2.00060e-06
 Reference value :  2.00108e-06
 Reference value :  2.00176e-06
 Reference value :  2.00243e-06
 Reference value :  2.00286e-06
 Reference value :  2.00362e-06
 Reference value :  2.00418e-06
 Reference value :  2.00484e-06
 Reference value :  2.00535e-06
 Reference value :  2.00612e-06
 Reference value :  2.00682e-06
 Reference value :  2.00750e-06
 Reference value :  2.00817e-06
 Reference value :  2.00868e-06
 Reference value :  2.00911e-06
 Reference value :  2.00970e-06
 Reference value :  2.01032e-06
 Reference value :  2.01103e-06
 Reference value :  2.01174e-06
 Reference value :  2.01244e-06
 Reference value :  2.01282e-06
 Reference value :  2.01349e-06
 Reference value :  2.01431e-06
 Reference value :  2.01527e-06
 Reference value :  2.01601e-06
 Reference value :  2.01671e-06
 Reference value :  2.01751e-06
 Reference value :  2.01824e-06
 Reference value :  2.01908e-06
 Reference value :  2.01980e-06
 Reference value :  2.02026e-06
 Reference value :  2.02072e-06
 Reference value :  2.02139e-06
 Reference value :  2.02228e-06
 Reference value :  2.02287e-06
 Reference value :  2.02381e-06
 Reference value :  2.02439e-06
 Reference value :  2.02533e-06
 Reference value :  2.02604e-06
 Reference value :  2.02692e-06
 Reference value :  2.02756e-06
 Reference value :  2.02818e-06
 Reference value :  2.02879e-06
 Reference value :  2.02936e-06
 Reference value :  2.03040e-06
 Reference value :  2.03091e-06
 Reference value :  2.03154e-06
 Reference value :  2.03196e-06
 Reference value :  2.03253e-06
 Reference value :  2.03270e-06
 Reference value :  2.03334e-06
 Reference value :  2.03397e-06
 Reference value :  2.03454e-06
 Reference value :  2.03512e-06
 Reference value :  2.03569e-06
 Reference value :  2.03615e-06
 Reference value :  2.03666e-06
 Reference value :  2.03713e-06
 Reference value :  2.03773e-06
 Reference value :  2.03805e-06
 Reference value :  2.03883e-06
 Reference value :  2.03941e-06
 Reference value :  2.04000e-06
 Reference value :  2.04070e-06
 Reference value :  2.04148e-06
 Reference value :  2.04214e-06
 Reference value :  2.04295e-06
 Reference value :  2.04419e-06
 Reference value :  2.04500e-06
 Reference value :  2.04588e-06
 Reference value :  2.04682e-06
 Reference value :  2.04750e-06
 Reference value :  2.04822e-06
 Reference value :  2.04854e-06
 Reference value :  2.04887e-06
 Reference value :  2.04939e-06
 Reference value :  2.05000e-06
 Reference value :  2.05057e-06
 Reference value :  2.05122e-06
 Reference value :  2.05195e-06
 Reference value :  2.05266e-06
 Reference value :  2.05338e-06
 Reference value :  2.05399e-06
 Reference value :  2.05444e-06
 Reference value :  2.05503e-06
 Reference value :  2.05610e-06
 Reference value :  2.05674e-06
 Reference value :  2.05748e-06
 Reference value :  2.05809e-06
 Reference value :  2.05872e-06
 Reference value :  2.05938e-06
 Reference value :  2.05999e-06
 Reference value :  2.06066e-06
 Reference value :  2.06128e-06
 Reference value :  2.06193e-06
 Reference value :  2.06254e-06
 Reference value :  2.06322e-06
 Reference value :  2.06388e-06
 Reference value :  2.06464e-06
 Reference value :  2.06526e-06
 Reference value :  2.06591e-06
 Reference value :  2.06661e-06
 Reference value :  2.06735e-06
 Reference value :  2.06802e-06
 Reference value :  2.06874e-06
 Reference value :  2.06919e-06
 Reference value :  2.06984e-06
 Reference value :  2.07048e-06
 Reference value :  2.07132e-06
 Reference value :  2.07196e-06
 Reference value :  2.07284e-06
 Reference value :  2.07345e-06
 Reference value :  2.07392e-06
 Reference value :  2.07464e-06
 Reference value :  2.07544e-06
 Reference value :  2.07635e-06
 Reference value :  2.07723e-06
 Reference value :  2.07797e-06
 Reference value :  2.07879e-06
 Reference value :  2.07930e-06
 Reference value :  2.07989e-06
 Reference value :  2.08057e-06
 Reference value :  2.08129e-06
 Reference value :  2.08213e-06
 Reference value :  2.08308e-06
 Reference value :  2.08397e-06
 Reference value :  2.08484e-06
 Reference value :  2.08572e-06
 Reference value :  2.08649e-06
 Reference value :  2.08709e-06
 Reference value :  2.08796e-06
 Reference value :  2.08843e-06
 Reference value :  2.08922e-06
 Reference value :  2.08964e-06
 Reference value :  2.09014e-06
 Reference value :  2.09070e-06
 Reference value :  2.09144e-06
 Reference value :  2.09186e-06
 Reference value :  2.09244e-06
 Reference value :  2.09328e-06
 Reference value :  2.09358e-06
 Reference value :  2.09408e-06
 Reference value :  2.09468e-06
 Reference value :  2.09539e-06
 Reference value :  2.09620e-06
 Reference value :  2.09678e-06
 Reference value :  2.09750e-06
 Reference value :  2.09845e-06
 Reference value :  2.09921e-06
 Reference value :  2.09968e-06
 Reference value :  2.09978e-06
 Reference value :  2.10031e-06
 Reference value :  2.10099e-06
 Reference value :  2.10174e-06
 Reference value :  2.10236e-06
 Reference value :  2.10295e-06
 Reference value :  2.10351e-06
 Reference value :  2.10409e-06
 Reference value :  2.10465e-06
 Reference value :  2.10503e-06
 Reference value :  2.10594e-06
 Reference value :  2.10653e-06
 Reference value :  2.10690e-06
 Reference value :  2.10747e-06
 Reference value :  2.10827e-06
 Reference value :  2.10883e-06
 Reference value :  2.10933e-06
 Reference value :  2.10989e-06
 Reference value :  2.11053e-06
 Reference value :  2.11116e-06
 Reference value :  2.11186e-06
 Reference value :  2.11241e-06
 Reference value :  2.11311e-06
 Reference value :  2.11352e-06
 Reference value :  2.11396e-06
 Reference value :  2.11466e-06
 Reference value :  2.11515e-06
 Reference value :  2.11595e-06
 Reference value :  2.11648e-06
 Reference value :  2.11728e-06
 Reference value :  2.11780e-06
 Reference value :  2.11846e-06
 Reference value :  2.11884e-06
 Reference value :  2.11946e-06
 Reference value :  2.12003e-06
 Reference value :  2.12074e-06
 Reference value :  2.12142e-06
 Reference value :  2.12217e-06
 Reference value :  2.12261e-06
 Reference value :  2.12347e-06
 Reference value :  2.12414e-06
 Reference value :  2.12498e-06
 Reference value :  2.12563e-06
 Reference value :  2.12636e-06
 Reference value :  2.12696e-06
 Reference value :  2.12753e-06
 Reference value :  2.12830e-06
 Reference value :  2.12886e-06
 Reference value :  2.12953e-06
 Reference value :  2.13002e-06
 Reference value :  2.13080e-06
 Reference value :  2.13120e-06
 Reference value :  2.13150e-06
 Reference value :  2.13213e-06
 Reference value :  2.13271e-06
 Reference value :  2.13354e-06
 Reference value :  2.13404e-06
 Reference value :  2.13456e-06
 Reference value :  2.13522e-06
 Reference value :  2.13607e-06
 Reference value :  2.13635e-06
 Reference value :  2.13667e-06
 Reference value :  2.13730e-06
 Reference value :  2.13784e-06
 Reference value :  2.13852e-06
 Reference value :  2.13904e-06
 Reference value :  2.13942e-06
 Reference value :  2.13975e-06
 Reference value :  2.14024e-06
 Reference value :  2.14086e-06
 Reference value :  2.14138e-06
 Reference value :  2.14185e-06
 Reference value :  2.14254e-06
 Reference value :  2.14295e-06
 Reference value :  2.14368e-06
 Reference value :  2.14416e-06
 Reference value :  2.14476e-06
 Reference value :  2.14530e-06
 Reference value :  2.14607e-06
 Reference value :  2.14666e-06
 Reference value :  2.14740e-06
 Reference value :  2.14806e-06
 Reference value :  2.14900e-06
 Reference value :  2.14954e-06
 Reference value :  2.15004e-06
 Reference value :  2.15063e-06
 Reference value :  2.15117e-06
 Reference value :  2.15167e-06
 Reference value :  2.15239e-06
 Reference value :  2.15295e-06
 Reference value :  2.15359e-06
 Reference value :  2.15416e-06
 Reference value :  2.15500e-06
 Reference value :  2.15547e-06
 Reference value :  2.15616e-06
 Reference value :  2.15663e-06
 Reference value :  2.15716e-06
 Reference value :  2.15767e-06
 Reference value :  2.15816e-06
 Reference value :  2.15884e-06
 Reference value :  2.15971e-06
 Reference value :  2.16040e-06
 Reference value :  2.16078e-06
 Reference value :  2.16140e-06
 Reference value :  2.16199e-06
 Reference value :  2.16268e-06
 Reference value :  2.16324e-06
 Reference value :  2.16397e-06
 Reference value :  2.16474e-06
 Reference value :  2.16546e-06
 Reference value :  2.16606e-06
 Reference value :  2.16678e-06
 Reference value :  2.16738e-06
 Reference value :  2.16813e-06
 Reference value :  2.16875e-06
 Reference value :  2.16944e-06
 Reference value :  2.17006e-06
 Reference value :  2.17062e-06
 Reference value :  2.17131e-06
 Reference value :  2.17188e-06
 Reference value :  2.17275e-06
 Reference value :  2.17347e-06
 Reference value :  2.17401e-06
 Reference value :  2.17453e-06
 Reference value :  2.17526e-06
 Reference value :  2.17585e-06
 Reference value :  2.17672e-06
 Reference value :  2.17714e-06
 Reference value :  2.17808e-06
 Reference value :  2.17872e-06
 Reference value :  2.17951e-06
 Reference value :  2.18035e-06
 Reference value :  2.18102e-06
 Reference value :  2.18188e-06
 Reference value :  2.18280e-06
 Reference value :  2.18352e-06
 Reference value :  2.18433e-06
 Reference value :  2.18489e-06
 Reference value :  2.18559e-06
 Reference value :  2.18619e-06
 Reference value :  2.18692e-06
 Reference value :  2.18754e-06
 Reference value :  2.18830e-06
 Reference value :  2.18925e-06
 Reference value :  2.18998e-06
 Reference value :  2.19072e-06
 Reference value :  2.19125e-06
 Reference value :  2.19192e-06
 Reference value :  2.19247e-06
 Reference value :  2.19321e-06
 Reference value :  2.19393e-06
 Reference value :  2.19450e-06
 Reference value :  2.19514e-06
 Reference value :  2.19578e-06
 Reference value :  2.19633e-06
 Reference value :  2.19718e-06
 Reference value :  2.19791e-06
 Reference value :  2.19865e-06
 Reference value :  2.19919e-06
 Reference value :  2.20008e-06
 Reference value :  2.20078e-06
 Reference value :  2.20125e-06
 Reference value :  2.20191e-06
 Reference value :  2.20246e-06
 Reference value :  2.20321e-06
 Reference value :  2.20372e-06
 Reference value :  2.20448e-06
 Reference value :  2.20509e-06
 Reference value :  2.20570e-06
 Reference value :  2.20626e-06
 Reference value :  2.20700e-06
 Reference value :  2.20728e-06
 Reference value :  2.20770e-06
 Reference value :  2.20840e-06
 Reference value :  2.20896e-06
 Reference value :  2.20960e-06
 Reference value :  2.21015e-06
 Reference value :  2.21069e-06
 Reference value :  2.21121e-06
 Reference value :  2.21152e-06
 Reference value :  2.21185e-06
 Reference value :  2.21212e-06
 Reference value :  2.21278e-06
 Reference value :  2.21343e-06
 Reference value :  2.21391e-06
 Reference value :  2.21515e-06
 Reference value :  2.21592e-06
 Reference value :  2.21661e-06
 Reference value :  2.21746e-06
 Reference value :  2.21814e-06
 Reference value :  2.21901e-06
 Reference value :  2.21985e-06
 Reference value :  2.22057e-06
 Reference value :  2.22125e-06
 Reference value :  2.22203e-06
 Reference value :  2.22270e-06
 Reference value :  2.22340e-06
 Reference value :  2.22404e-06
 Reference value :  2.22446e-06
 Reference value :  2.22542e-06
 Reference value :  2.22608e-06
 Reference value :  2.22659e-06
 Reference value :  2.22710e-06
 Reference value :  2.22763e-06
 Reference value :  2.22816e-06
 Reference value :  2.22882e-06
 Reference value :  2.22934e-06
 Reference value :  2.22977e-06
 Reference value :  2.23041e-06
 Reference value :  2.23087e-06
 Reference value :  2.23160e-06
 Reference value :  2.23215e-06
 Reference value :  2.23275e-06
 Reference value :  2.23336e-06
 Reference value :  2.23418e-06
 Reference value :  2.23466e-06
 Reference value :  2.23544e-06
 Reference value :  2.23604e-06
 Reference value :  2.23664e-06
 Reference value :  2.23717e-06
 Reference value :  2.23784e-06
 Reference value :  2.23853e-06
 Reference value :  2.23912e-06
 Reference value :  2.23968e-06
 Reference value :  2.24031e-06
 Reference value :  2.24093e-06
 Reference value :  2.24158e-06
 Reference value :  2.24209e-06
 Reference value :  2.24279e-06
 Reference value :  2.24341e-06
 Reference value :  2.24408e-06
 Reference value :  2.24460e-06
 Reference value :  2.24549e-06
 Reference value :  2.24597e-06
 Reference value :  2.24669e-06
 Reference value :  2.24714e-06
 Reference value :  2.24790e-06
 Reference value :  2.24862e-06
 Reference value :  2.24921e-06
 Reference value :  2.24973e-06
 Reference value :  2.25003e-06
 Reference value :  2.25042e-06
 Reference value :  2.25099e-06
 Reference value :  2.25167e-06
 Reference value :  2.25209e-06
 Reference value :  2.25267e-06
 Reference value :  2.25317e-06
 Reference value :  2.25373e-06
 Reference value :  2.25422e-06
 Reference value :  2.25469e-06
 Reference value :  2.25544e-06
 Reference value :  2.25597e-06
 Reference value :  2.25662e-06
 Reference value :  2.25719e-06
 Reference value :  2.25792e-06
 Reference value :  2.25851e-06
 Reference value :  2.25926e-06
 Reference value :  2.25982e-06
 Reference value :  2.26052e-06
 Reference value :  2.26103e-06
 Reference value :  2.26152e-06
 Reference value :  2.26202e-06
 Reference value :  2.26245e-06
 Reference value :  2.26304e-06
 Reference value :  2.26371e-06
 Reference value :  2.26445e-06
 Reference value :  2.26489e-06
 Reference value :  2.26524e-06
 Reference value :  2.26606e-06
 Reference value :  2.26678e-06
 Reference value :  2.26734e-06
 Reference value :  2.26797e-06
 Reference value :  2.26862e-06
 Reference value :  2.26934e-06
 Reference value :  2.26987e-06
 Reference value :  2.27058e-06
 Reference value :  2.27120e-06
 Reference value :  2.27197e-06
 Reference value :  2.27257e-06
 Reference value :  2.27335e-06
 Reference value :  2.27394e-06
 Reference value :  2.27461e-06
 Reference value :  2.27541e-06
 Reference value :  2.27615e-06
 Reference value :  2.27691e-06
 Reference value :  2.27761e-06
 Reference value :  2.27828e-06
 Reference value :  2.27908e-06
 Reference value :  2.27973e-06
 Reference value :  2.28044e-06
 Reference value :  2.28121e-06
 Reference value :  2.28200e-06
 Reference value :  2.28261e-06
 Reference value :  2.28333e-06
 Reference value :  2.28412e-06
 Reference value :  2.28484e-06
 Reference value :  2.28547e-06
 Reference value :  2.28611e-06
 Reference value :  2.28662e-06
 Reference value :  2.28714e-06
 Reference value :  2.28750e-06
 Reference value :  2.28787e-06
 Reference value :  2.28866e-06
 Reference value :  2.28918e-06
 Reference value :  2.28998e-06
 Reference value :  2.29017e-06
 Reference value :  2.29092e-06
 Reference value :  2.29147e-06
 Reference value :  2.29207e-06
 Reference value :  2.29264e-06
 Reference value :  2.29314e-06
 Reference value :  2.29388e-06
 Reference value :  2.29423e-06
 Reference value :  2.29492e-06
 Reference value :  2.29552e-06
 Reference value :  2.29632e-06
 Reference value :  2.29692e-06
 Reference value :  2.29748e-06
 Reference value :  2.29800e-06
 Reference value :  2.29899e-06
 Reference value :  2.29944e-06
 Reference value :  2.30000e-06
 Reference value :  2.30044e-06
 Reference value :  2.30100e-06
 Reference value :  2.30167e-06
 Reference value :  2.30235e-06
 Reference value :  2.30286e-06
 Reference value :  2.30356e-06
 Reference value :  2.30412e-06
 Reference value :  2.30481e-06
 Reference value :  2.30532e-06
 Reference value :  2.30587e-06
 Reference value :  2.30637e-06
 Reference value :  2.30706e-06
 Reference value :  2.30760e-06
 Reference value :  2.30821e-06
 Reference value :  2.30913e-06
 Reference value :  2.30963e-06
 Reference value :  2.31045e-06
 Reference value :  2.31124e-06
 Reference value :  2.31180e-06
 Reference value :  2.31251e-06
 Reference value :  2.31317e-06
 Reference value :  2.31373e-06
 Reference value :  2.31434e-06
 Reference value :  2.31496e-06
 Reference value :  2.31548e-06
 Reference value :  2.31609e-06
 Reference value :  2.31667e-06
 Reference value :  2.31718e-06
 Reference value :  2.31780e-06
 Reference value :  2.31836e-06
 Reference value :  2.31890e-06
 Reference value :  2.31945e-06
 Reference value :  2.32013e-06
 Reference value :  2.32037e-06
 Reference value :  2.32095e-06
 Reference value :  2.32151e-06
 Reference value :  2.32198e-06
 Reference value :  2.32258e-06
 Reference value :  2.32307e-06
 Reference value :  2.32360e-06
 Reference value :  2.32452e-06
 Reference value :  2.32523e-06
 Reference value :  2.32596e-06
 Reference value :  2.32688e-06
 Reference value :  2.32744e-06
 Reference value :  2.32829e-06
 Reference value :  2.32893e-06
 Reference value :  2.32936e-06
 Reference value :  2.32968e-06
 Reference value :  2.33046e-06
 Reference value :  2.33112e-06
 Reference value :  2.33159e-06
 Reference value :  2.33202e-06
 Reference value :  2.33216e-06
 Reference value :  2.33238e-06
 Reference value :  2.33293e-06
 Reference value :  2.33343e-06
 Reference value :  2.33395e-06
 Reference value :  2.33426e-06
 Reference value :  2.33457e-06
 Reference value :  2.33466e-06
 Reference value :  2.33501e-06
 Reference value :  2.33545e-06
 Reference value :  2.33583e-06
 Reference value :  2.33610e-06
 Reference value :  2.33661e-06
 Reference value :  2.33694e-06
 Reference value :  2.33731e-06
 Reference value :  2.33791e-06
 Reference value :  2.33845e-06
 Reference value :  2.33920e-06
 Reference value :  2.33975e-06
 Reference value :  2.34029e-06
 Reference value :  2.34070e-06
 Reference value :  2.34161e-06
 Reference value :  2.34220e-06
 Reference value :  2.34298e-06
 Reference value :  2.34359e-06
 Reference value :  2.34444e-06
 Reference value :  2.34495e-06
 Reference value :  2.34562e-06
 Reference value :  2.34604e-06
 Reference value :  2.34646e-06
 Reference value :  2.34692e-06
 Reference value :  2.34739e-06
 Reference value :  2.34816e-06
 Reference value :  2.34876e-06
 Reference value :  2.34920e-06
 Reference value :  2.34946e-06
 Reference value :  2.34998e-06
 Reference value :  2.35057e-06
 Reference value :  2.35113e-06
 Reference value :  2.35186e-06
 Reference value :  2.35237e-06
 Reference value :  2.35265e-06
 Reference value :  2.35326e-06
 Reference value :  2.35378e-06
 Reference value :  2.35482e-06
 Reference value :  2.35509e-06
 Reference value :  2.35553e-06
 Reference value :  2.35612e-06
 Reference value :  2.35675e-06
 Reference value :  2.35734e-06
 Reference value :  2.35804e-06
 Reference value :  2.35843e-06
 Reference value :  2.35869e-06
 Reference value :  2.35943e-06
 Reference value :  2.36003e-06
 Reference value :  2.36075e-06
 Reference value :  2.36130e-06
 Reference value :  2.36194e-06
 Reference value :  2.36261e-06
 Reference value :  2.36284e-06
 Reference value :  2.36327e-06
 Reference value :  2.36386e-06
 Reference value :  2.36454e-06
 Reference value :  2.36480e-06
 Reference value :  2.36497e-06
 Reference value :  2.36530e-06
 Reference value :  2.36605e-06
 Reference value :  2.36672e-06
 Reference value :  2.36718e-06
 Reference value :  2.36732e-06
 Reference value :  2.36769e-06
 Reference value :  2.36835e-06
 Reference value :  2.36888e-06
 Reference value :  2.36959e-06
 Reference value :  2.37017e-06
 Reference value :  2.37086e-06
 Reference value :  2.37127e-06
 Reference value :  2.37153e-06
 Reference value :  2.37234e-06
 Reference value :  2.37304e-06
 Reference value :  2.37353e-06
 Reference value :  2.37416e-06
 Reference value :  2.37479e-06
 Reference value :  2.37503e-06
 Reference value :  2.37530e-06
 Reference value :  2.37607e-06
 Reference value :  2.37671e-06
 Reference value :  2.37735e-06
 Reference value :  2.37804e-06
 Reference value :  2.37864e-06
 Reference value :  2.37899e-06
 Reference value :  2.37962e-06
 Reference value :  2.38020e-06
 Reference value :  2.38106e-06
 Reference value :  2.38169e-06
 Reference value :  2.38216e-06
 Reference value :  2.38269e-06
 Reference value :  2.38297e-06
 Reference value :  2.38346e-06
 Reference value :  2.38360e-06
 Reference value :  2.38401e-06
 Reference value :  2.38433e-06
 Reference value :  2.38495e-06
 Reference value :  2.38536e-06
 Reference value :  2.38557e-06
 Reference value :  2.38594e-06
 Reference value :  2.38639e-06
 Reference value :  2.38676e-06
 Reference value :  2.38729e-06
 Reference value :  2.38763e-06
 Reference value :  2.38791e-06
 Reference value :  2.38868e-06
 Reference value :  2.38917e-06
 Reference value :  2.38980e-06
 Reference value :  2.39044e-06
 Reference value :  2.39121e-06
 Reference value :  2.39138e-06
 Reference value :  2.39185e-06
 Reference value :  2.39258e-06
 Reference value :  2.39318e-06
 Reference value :  2.39380e-06
 Reference value :  2.39431e-06
 Reference value :  2.39491e-06
 Reference value :  2.39545e-06
 Reference value :  2.39607e-06
 Reference value :  2.39662e-06
 Reference value :  2.39735e-06
 Reference value :  2.39802e-06
 Reference value :  2.39873e-06
 Reference value :  2.39941e-06
 Reference value :  2.39987e-06
 Reference value :  2.40043e-06
 Reference value :  2.40099e-06
 Reference value :  2.40158e-06
 Reference value :  2.40238e-06
 Reference value :  2.40298e-06
 Reference value :  2.40331e-06
 Reference value :  2.40367e-06
 Reference value :  2.40424e-06
 Reference value :  2.40495e-06
 Reference value :  2.40552e-06
 Reference value :  2.40626e-06
 Reference value :  2.40684e-06
 Reference value :  2.40715e-06
 Reference value :  2.40770e-06
 Reference value :  2.40828e-06
 Reference value :  2.40897e-06
 Reference value :  2.40951e-06
 Reference value :  2.41024e-06
 Reference value :  2.41085e-06
 Reference value :  2.41155e-06
 Reference value :  2.41184e-06
 Reference value :  2.41251e-06
 Reference value :  2.41291e-06
 Reference value :  2.41315e-06
 Reference value :  2.41399e-06
 Reference value :  2.41450e-06
 Reference value :  2.41478e-06
 Reference value :  2.41515e-06
 Reference value :  2.41573e-06
 Reference value :  2.41652e-06
 Reference value :  2.41716e-06
 Reference value :  2.41782e-06
 Reference value :  2.41836e-06
 Reference value :  2.41877e-06
 Reference value :  2.41906e-06
 Reference value :  2.41959e-06
 Reference value :  2.42021e-06
 Reference value :  2.42081e-06
 Reference value :  2.42165e-06
 Reference value :  2.42238e-06
 Reference value :  2.42278e-06
 Reference value :  2.42322e-06
 Reference value :  2.42395e-06
 Reference value :  2.42469e-06
 Reference value :  2.42567e-06
 Reference value :  2.42610e-06
 Reference value :  2.42660e-06
 Reference value :  2.42745e-06
 Reference value :  2.42857e-06
 Reference value :  2.42941e-06
 Reference value :  2.42975e-06
 Reference value :  2.43024e-06
 Reference value :  2.43083e-06
 Reference value :  2.43133e-06
 Reference value :  2.43202e-06
 Reference value :  2.43263e-06
 Reference value :  2.43315e-06
 Reference value :  2.43346e-06
 Reference value :  2.43397e-06
 Reference value :  2.43473e-06
 Reference value :  2.43527e-06
 Reference value :  2.43566e-06
 Reference value :  2.43624e-06
 Reference value :  2.43662e-06
 Reference value :  2.43744e-06
 Reference value :  2.43821e-06
 Reference value :  2.43866e-06
 Reference value :  2.43912e-06
 Reference value :  2.43994e-06
 Reference value :  2.44072e-06
 Reference value :  2.44142e-06
 Reference value :  2.44220e-06
 Reference value :  2.44270e-06
 Reference value :  2.44315e-06
 Reference value :  2.44374e-06
 Reference value :  2.44411e-06
 Reference value :  2.44465e-06
 Reference value :  2.44524e-06
 Reference value :  2.44590e-06
 Reference value :  2.44683e-06
 Reference value :  2.44736e-06
 Reference value :  2.44809e-06
 Reference value :  2.44900e-06
 Reference value :  2.44964e-06
 Reference value :  2.45012e-06
 Reference value :  2.45053e-06
 Reference value :  2.45110e-06
 Reference value :  2.45141e-06
 Reference value :  2.45207e-06
 Reference value :  2.45262e-06
 Reference value :  2.45333e-06
 Reference value :  2.45388e-06
 Reference value :  2.45415e-06
 Reference value :  2.45475e-06
 Reference value :  2.45518e-06
 Reference value :  2.45590e-06
 Reference value :  2.45649e-06
 Reference value :  2.45705e-06
 Reference value :  2.45717e-06
 Reference value :  2.45773e-06
 Reference value :  2.45850e-06
 Reference value :  2.45920e-06
 Reference value :  2.45995e-06
 Reference value :  2.46041e-06
 Reference value :  2.46104e-06
 Reference value :  2.46187e-06
 Reference value :  2.46263e-06
 Reference value :  2.46345e-06
 Reference value :  2.46411e-06
 Reference value :  2.46494e-06
 Reference value :  2.46546e-06
 Reference value :  2.46597e-06
 Reference value :  2.46624e-06
 Reference value :  2.46697e-06
 Reference value :  2.46781e-06
 Reference value :  2.46811e-06
 Reference value :  2.46828e-06
 Reference value :  2.46908e-06
 Reference value :  2.46978e-06
 Reference value :  2.47060e-06
 Reference value :  2.47153e-06
 Reference value :  2.47237e-06
 Reference value :  2.47284e-06
 Reference value :  2.47356e-06
 Reference value :  2.47449e-06
 Reference value :  2.47495e-06
 Reference value :  2.47552e-06
 Reference value :  2.47617e-06
 Reference value :  2.47673e-06
 Reference value :  2.47711e-06
 Reference value :  2.47770e-06
 Reference value :  2.47838e-06
 Reference value :  2.47915e-06
 Reference value :  2.48014e-06
 Reference value :  2.48117e-06
 Reference value :  2.48175e-06
 Reference value :  2.48207e-06
 Reference value :  2.48281e-06
 Reference value :  2.48340e-06
 Reference value :  2.48448e-06
 Reference value :  2.48517e-06
 Reference value :  2.48569e-06
 Reference value :  2.48582e-06
 Reference value :  2.48642e-06
 Reference value :  2.48702e-06
 Reference value :  2.48779e-06
 Reference value :  2.48855e-06
 Reference value :  2.48955e-06
 Reference value :  2.49014e-06
 Reference value :  2.49047e-06
 Reference value :  2.49097e-06
 Reference value :  2.49186e-06
 Reference value :  2.49267e-06
 Reference value :  2.49321e-06
 Reference value :  2.49364e-06
 Reference value :  2.49452e-06
 Reference value :  2.49485e-06
 Reference value :  2.49565e-06
 Reference value :  2.49598e-06
 Reference value :  2.49709e-06
 Reference value :  2.49795e-06
 Reference value :  2.49852e-06
 Reference value :  2.49905e-06
 Reference value :  2.49956e-06
 Reference value :  2.50016e-06
 Reference value :  2.50065e-06
 Reference value :  2.50112e-06
 Reference value :  2.50140e-06
 Reference value :  2.50194e-06
 Reference value :  2.50236e-06
 Reference value :  2.50303e-06
 Reference value :  2.50353e-06
 Reference value :  2.50416e-06
 Reference value :  2.50458e-06
 Reference value :  2.50532e-06
 Reference value :  2.50579e-06
 Reference value :  2.50630e-06
 Reference value :  2.50658e-06
 Reference value :  2.50670e-06
 Reference value :  2.50735e-06
 Reference value :  2.50813e-06
 Reference value :  2.50885e-06
 Reference value :  2.50940e-06
 Reference value :  2.50985e-06
 Reference value :  2.51036e-06
 Reference value :  2.51086e-06
 Reference value :  2.51150e-06
 Reference value :  2.51217e-06
 Reference value :  2.51236e-06
 Reference value :  2.51305e-06
 Reference value :  2.51371e-06
 Reference value :  2.51435e-06
 Reference value :  2.51475e-06
 Reference value :  2.51491e-06
 Reference value :  2.51543e-06
 Reference value :  2.51602e-06
 Reference value :  2.51667e-06
 Reference value :  2.51720e-06
 Reference value :  2.51744e-06
 Reference value :  2.51812e-06
 Reference value :  2.51864e-06
 Reference value :  2.51929e-06
 Reference value :  2.51977e-06
 Reference value :  2.52013e-06
 Reference value :  2.52083e-06
 Reference value :  2.52120e-06
 Reference value :  2.52182e-06
 Reference value :  2.52241e-06
 Reference value :  2.52304e-06
 Reference value :  2.52326e-06
 Reference value :  2.52403e-06
 Reference value :  2.52469e-06
 Reference value :  2.52523e-06
 Reference value :  2.52595e-06
 Reference value :  2.52635e-06
 Reference value :  2.52695e-06
 Reference value :  2.52734e-06
 Reference value :  2.52801e-06
 Reference value :  2.52854e-06
 Reference value :  2.52869e-06
 Reference value :  2.52897e-06
 Reference value :  2.52947e-06
 Reference value :  2.52983e-06
 Reference value :  2.53032e-06
 Reference value :  2.53111e-06
 Reference value :  2.53164e-06
 Reference value :  2.53227e-06
 Reference value :  2.53277e-06
 Reference value :  2.53328e-06
 Reference value :  2.53369e-06
 Reference value :  2.53431e-06
 Reference value :  2.53474e-06
 Reference value :  2.53506e-06
 Reference value :  2.53535e-06
 Reference value :  2.53572e-06
 Reference value :  2.53602e-06
 Reference value :  2.53629e-06
 Reference value :  2.53658e-06
 Reference value :  2.53714e-06
 Reference value :  2.53760e-06
 Reference value :  2.53766e-06
 Reference value :  2.53797e-06
 Reference value :  2.53855e-06
 Reference value :  2.53898e-06
 Reference value :  2.53939e-06
 Reference value :  2.53992e-06
 Reference value :  2.54084e-06
 Reference value :  2.54133e-06
 Reference value :  2.54160e-06
 Reference value :  2.54201e-06
 Reference value :  2.54275e-06
 Reference value :  2.54343e-06
 Reference value :  2.54394e-06
 Reference value :  2.54439e-06
 Reference value :  2.54473e-06
 Reference value :  2.54534e-06
 Reference value :  2.54593e-06
 Reference value :  2.54645e-06
 Reference value :  2.54691e-06
 Reference value :  2.54765e-06
 Reference value :  2.54790e-06
 Reference value :  2.54863e-06
 Reference value :  2.54900e-06
 Reference value :  2.54968e-06
 Reference value :  2.55006e-06
 Reference value :  2.55036e-06
 Reference value :  2.55093e-06
 Reference value :  2.55109e-06
 Reference value :  2.55163e-06
 Reference value :  2.55259e-06
 Reference value :  2.55331e-06
 Reference value :  2.55380e-06
 Reference value :  2.55431e-06
 Reference value :  2.55491e-06
 Reference value :  2.55562e-06
 Reference value :  2.55633e-06
 Reference value :  2.55701e-06
 Reference value :  2.55749e-06
 Reference value :  2.55812e-06
 Reference value :  2.55870e-06
 Reference value :  2.55929e-06
 Reference value :  2.56032e-06
 Reference value :  2.56111e-06
 Reference value :  2.56171e-06
 Reference value :  2.56261e-06
 Reference value :  2.56332e-06
 Reference value :  2.56426e-06
 Reference value :  2.56518e-06
 Reference value :  2.56576e-06
 Reference value :  2.56637e-06
 Reference value :  2.56687e-06
 Reference value :  2.56733e-06
 Reference value :  2.56805e-06
 Reference value :  2.56869e-06
 Reference value :  2.56936e-06
 Reference value :  2.57005e-06
 Reference value :  2.57068e-06
 Reference value :  2.57132e-06
 Reference value :  2.57185e-06
 Reference value :  2.57259e-06
 Reference value :  2.57322e-06
 Reference value :  2.57387e-06
 Reference value :  2.57442e-06
 Reference value :  2.57482e-06
 Reference value :  2.57556e-06
 Reference value :  2.57612e-06
 Reference value :  2.57681e-06
 Reference value :  2.57731e-06
 Reference value :  2.57810e-06
 Reference value :  2.57880e-06
 Reference value :  2.57904e-06
 Reference value :  2.57970e-06
 Reference value :  2.58032e-06
 Reference value :  2.58081e-06
 Reference value :  2.58141e-06
 Reference value :  2.58180e-06
 Reference value :  2.58234e-06
 Reference value :  2.58326e-06
 Reference value :  2.58408e-06
 Reference value :  2.58466e-06
 Reference value :  2.58530e-06
 Reference value :  2.58585e-06
 Reference value :  2.58641e-06
 Reference value :  2.58680e-06
 Reference value :  2.58732e-06
 Reference value :  2.58806e-06
 Reference value :  2.58869e-06
 Reference value :  2.58938e-06
 Reference value :  2.59026e-06
 Reference value :  2.59079e-06
 Reference value :  2.59147e-06
 Reference value :  2.59202e-06
 Reference value :  2.59276e-06
 Reference value :  2.59342e-06
 Reference value :  2.59365e-06
 Reference value :  2.59435e-06
 Reference value :  2.59479e-06
 Reference value :  2.59580e-06
 Reference value :  2.59631e-06
 Reference value :  2.59708e-06
 Reference value :  2.59789e-06
 Reference value :  2.59867e-06
 Reference value :  2.59956e-06
 Reference value :  2.60031e-06
 Reference value :  2.60108e-06
 Reference value :  2.60158e-06
 Reference value :  2.60210e-06
 Reference value :  2.60265e-06
 Reference value :  2.60331e-06
 Reference value :  2.60389e-06
 Reference value :  2.60466e-06
 Reference value :  2.60527e-06
 Reference value :  2.60601e-06
 Reference value :  2.60642e-06
 Reference value :  2.60695e-06
 Reference value :  2.60757e-06
 Reference value :  2.60820e-06
 Reference value :  2.60876e-06
 Reference value :  2.60949e-06
 Reference value :  2.61013e-06
 Reference value :  2.61122e-06
 Reference value :  2.61187e-06
 Reference value :  2.61237e-06
 Reference value :  2.61285e-06
 Reference value :  2.61370e-06
 Reference value :  2.61451e-06
 Reference value :  2.61521e-06
 Reference value :  2.61598e-06
 Reference value :  2.61671e-06
 Reference value :  2.61758e-06
 Reference value :  2.61776e-06
 Reference value :  2.61850e-06
 Reference value :  2.61950e-06
 Reference value :  2.61989e-06
 Reference value :  2.62038e-06
 Reference value :  2.62093e-06
 Reference value :  2.62142e-06
 Reference value :  2.62179e-06
 Reference value :  2.62242e-06
 Reference value :  2.62280e-06
 Reference value :  2.62335e-06
 Reference value :  2.62355e-06
 Reference value :  2.62411e-06
 Reference value :  2.62502e-06
 Reference value :  2.62549e-06
 Reference value :  2.62624e-06
 Reference value :  2.62673e-06
 Reference value :  2.62747e-06
 Reference value :  2.62806e-06
 Reference value :  2.62863e-06
 Reference value :  2.62925e-06
 Reference value :  2.62998e-06
 Reference value :  2.63100e-06
 Reference value :  2.63119e-06
 Reference value :  2.63203e-06
 Reference value :  2.63281e-06
 Reference value :  2.63326e-06
 Reference value :  2.63416e-06
 Reference value :  2.63470e-06
 Reference value :  2.63534e-06
 Reference value :  2.63596e-06
 Reference value :  2.63657e-06
 Reference value :  2.63712e-06
 Reference value :  2.63779e-06
 Reference value :  2.63825e-06
 Reference value :  2.63898e-06
 Reference value :  2.63940e-06
 Reference value :  2.64003e-06
 Reference value :  2.64078e-06
 Reference value :  2.64157e-06
 Reference value :  2.64259e-06
 Reference value :  2.64319e-06
 Reference value :  2.64387e-06
 Reference value :  2.64452e-06
 Reference value :  2.64546e-06
 Reference value :  2.64616e-06
 Reference value :  2.64697e-06
 Reference value :  2.64755e-06
 Reference value :  2.64818e-06
 Reference value :  2.64900e-06
 Reference value :  2.64969e-06
 Reference value :  2.65024e-06
 Reference value :  2.65088e-06
 Reference value :  2.65170e-06
 Reference value :  2.65235e-06
 Reference value :  2.65291e-06
 Reference value :  2.65356e-06
 Reference value :  2.65427e-06
 Reference value :  2.65489e-06
 Reference value :  2.65548e-06
 Reference value :  2.65598e-06
 Reference value :  2.65659e-06
 Reference value :  2.65725e-06
 Reference value :  2.65802e-06
 Reference value :  2.65854e-06
 Reference value :  2.65931e-06
 Reference value :  2.66015e-06
 Reference value :  2.66075e-06
 Reference value :  2.66143e-06
 Reference value :  2.66208e-06
 Reference value :  2.66260e-06
 Reference value :  2.66324e-06
 Reference value :  2.66365e-06
 Reference value :  2.66440e-06
 Reference value :  2.66489e-06
 Reference value :  2.66557e-06
 Reference value :  2.66608e-06
 Reference value :  2.66672e-06
 Reference value :  2.66733e-06
 Reference value :  2.66816e-06
 Reference value :  2.66878e-06
 Reference value :  2.66938e-06
 Reference value :  2.67001e-06
 Reference value :  2.67087e-06
 Reference value :  2.67164e-06
 Reference value :  2.67243e-06
 Reference value :  2.67339e-06
 Reference value :  2.67434e-06
 Reference value :  2.67498e-06
 Reference value :  2.67580e-06
 Reference value :  2.67633e-06
 Reference value :  2.67707e-06
 Reference value :  2.67777e-06
 Reference value :  2.67842e-06
 Reference value :  2.67886e-06
 Reference value :  2.67974e-06
 Reference value :  2.68028e-06
 Reference value :  2.68088e-06
 Reference value :  2.68119e-06
 Reference value :  2.68158e-06
 Reference value :  2.68217e-06
 Reference value :  2.68266e-06
 Reference value :  2.68359e-06
 Reference value :  2.68385e-06
 Reference value :  2.68457e-06
 Reference value :  2.68519e-06
 Reference value :  2.68573e-06
 Reference value :  2.68636e-06
 Reference value :  2.68711e-06
 Reference value :  2.68767e-06
 Reference value :  2.68856e-06
 Reference value :  2.68905e-06
 Reference value :  2.68947e-06
 Reference value :  2.69030e-06
 Reference value :  2.69120e-06
 Reference value :  2.69172e-06
 Reference value :  2.69245e-06
 Reference value :  2.69319e-06
 Reference value :  2.69407e-06
 Reference value :  2.69473e-06
 Reference value :  2.69543e-06
 Reference value :  2.69617e-06
 Reference value :  2.69677e-06
 Reference value :  2.69753e-06
 Reference value :  2.69814e-06
 Reference value :  2.69882e-06
 Reference value :  2.69938e-06
 Reference value :  2.70015e-06
 Reference value :  2.70080e-06
 Reference value :  2.70137e-06
 Reference value :  2.70204e-06
 Reference value :  2.70273e-06
 Reference value :  2.70346e-06
 Reference value :  2.70425e-06
 Reference value :  2.70469e-06
 Reference value :  2.70531e-06
 Reference value :  2.70597e-06
 Reference value :  2.70654e-06
 Reference value :  2.70679e-06
 Reference value :  2.70717e-06
 Reference value :  2.70785e-06
 Reference value :  2.70852e-06
 Reference value :  2.70915e-06
 Reference value :  2.70974e-06
 Reference value :  2.71051e-06
 Reference value :  2.71101e-06
 Reference value :  2.71175e-06
 Reference value :  2.71243e-06
 Reference value :  2.71304e-06
 Reference value :  2.71391e-06
 Reference value :  2.71457e-06
 Reference value :  2.71523e-06
 Reference value :  2.71578e-06
 Reference value :  2.71654e-06
 Reference value :  2.71711e-06
 Reference value :  2.71781e-06
 Reference value :  2.71830e-06
 Reference value :  2.71901e-06
 Reference value :  2.71960e-06
 Reference value :  2.72030e-06
 Reference value :  2.72085e-06
 Reference value :  2.72129e-06
 Reference value :  2.72181e-06
 Reference value :  2.72258e-06
 Reference value :  2.72314e-06
 Reference value :  2.72363e-06
 Reference value :  2.72424e-06
 Reference value :  2.72495e-06
 Reference value :  2.72546e-06
 Reference value :  2.72594e-06
 Reference value :  2.72673e-06
 Reference value :  2.72737e-06
 Reference value :  2.72829e-06
 Reference value :  2.72893e-06
 Reference value :  2.72961e-06
 Reference value :  2.73025e-06
 Reference value :  2.73097e-06
 Reference value :  2.73195e-06
 Reference value :  2.73298e-06
 Reference value :  2.73362e-06
 Reference value :  2.73448e-06
 Reference value :  2.73529e-06
 Reference value :  2.73605e-06
 Reference value :  2.73670e-06
 Reference value :  2.73728e-06
 Reference value :  2.73810e-06
 Reference value :  2.73868e-06
 Reference value :  2.73902e-06
 Reference value :  2.73941e-06
 Reference value :  2.73992e-06
 Reference value :  2.74061e-06
 Reference value :  2.74118e-06
 Reference value :  2.74182e-06
 Reference value :  2.74236e-06
 Reference value :  2.74277e-06
 Reference value :  2.74322e-06
 Reference value :  2.74372e-06
 Reference value :  2.74433e-06
 Reference value :  2.74483e-06
 Reference value :  2.74542e-06
 Reference value :  2.74588e-06
 Reference value :  2.74622e-06
 Reference value :  2.74685e-06
 Reference value :  2.74737e-06
 Reference value :  2.74785e-06
 Reference value :  2.74869e-06
 Reference value :  2.74920e-06
 Reference value :  2.74991e-06
 Reference value :  2.75024e-06
 Reference value :  2.75099e-06
 Reference value :  2.75145e-06
 Reference value :  2.75203e-06
 Reference value :  2.75273e-06
 Reference value :  2.75346e-06
 Reference value :  2.75445e-06
 Reference value :  2.75505e-06
 Reference value :  2.75580e-06
 Reference value :  2.75642e-06
 Reference value :  2.75698e-06
 Reference value :  2.75767e-06
 Reference value :  2.75863e-06
 Reference value :  2.75923e-06
 Reference value :  2.75977e-06
 Reference value :  2.76028e-06
 Reference value :  2.76108e-06
 Reference value :  2.76184e-06
 Reference value :  2.76268e-06
 Reference value :  2.76356e-06
 Reference value :  2.76420e-06
 Reference value :  2.76483e-06
 Reference value :  2.76532e-06
 Reference value :  2.76607e-06
 Reference value :  2.76671e-06
 Reference value :  2.76747e-06
 Reference value :  2.76822e-06
 Reference value :  2.76909e-06
 Reference value :  2.76977e-06
 Reference value :  2.77045e-06
 Reference value :  2.77116e-06
 Reference value :  2.77184e-06
 Reference value :  2.77263e-06
 Reference value :  2.77341e-06
 Reference value :  2.77426e-06
 Reference value :  2.77507e-06
 Reference value :  2.77569e-06
 Reference value :  2.77644e-06
 Reference value :  2.77707e-06
 Reference value :  2.77783e-06
 Reference value :  2.77856e-06
 Reference value :  2.77936e-06
 Reference value :  2.77998e-06
 Reference value :  2.78053e-06
 Reference value :  2.78107e-06
 Reference value :  2.78189e-06
 Reference value :  2.78257e-06
 Reference value :  2.78322e-06
 Reference value :  2.78385e-06
 Reference value :  2.78449e-06
 Reference value :  2.78516e-06
 Reference value :  2.78543e-06
 Reference value :  2.78602e-06
 Reference value :  2.78697e-06
 Reference value :  2.78771e-06
 Reference value :  2.78831e-06
 Reference value :  2.78901e-06
 Reference value :  2.78965e-06
 Reference value :  2.79035e-06
 Reference value :  2.79082e-06
 Reference value :  2.79157e-06
 Reference value :  2.79261e-06
 Reference value :  2.79353e-06
 Reference value :  2.79426e-06
 Reference value :  2.79519e-06
 Reference value :  2.79608e-06
 Reference value :  2.79689e-06
 Reference value :  2.79742e-06
 Reference value :  2.79834e-06
 Reference value :  2.79955e-06
 Reference value :  2.80021e-06
 Reference value :  2.80081e-06
 Reference value :  2.80123e-06
 Reference value :  2.80192e-06
 Reference value :  2.80251e-06
 Reference value :  2.80320e-06
 Reference value :  2.80376e-06
 Reference value :  2.80447e-06
 Reference value :  2.80506e-06
 Reference value :  2.80588e-06
 Reference value :  2.80658e-06
 Reference value :  2.80708e-06
 Reference value :  2.80769e-06
 Reference value :  2.80849e-06
 Reference value :  2.80892e-06
 Reference value :  2.80965e-06
 Reference value :  2.81021e-06
 Reference value :  2.81094e-06
 Reference value :  2.81149e-06
 Reference value :  2.81214e-06
 Reference value :  2.81279e-06
 Reference value :  2.81344e-06
 Reference value :  2.81391e-06
 Reference value :  2.81478e-06
 Reference value :  2.81556e-06
 Reference value :  2.81630e-06
 Reference value :  2.81666e-06
 Reference value :  2.81748e-06
 Reference value :  2.81789e-06
 Reference value :  2.81873e-06
 Reference value :  2.81938e-06
 Reference value :  2.82007e-06
 Reference value :  2.82055e-06
 Reference value :  2.82123e-06
 Reference value :  2.82168e-06
 Reference value :  2.82229e-06
 Reference value :  2.82298e-06
 Reference value :  2.82380e-06
 Reference value :  2.82446e-06
 Reference value :  2.82514e-06
 Reference value :  2.82569e-06
 Reference value :  2.82618e-06
 Reference value :  2.82693e-06
 Reference value :  2.82777e-06
 Reference value :  2.82854e-06
 Reference value :  2.82911e-06
 Reference value :  2.82987e-06
 Reference value :  2.83036e-06
 Reference value :  2.83118e-06
 Reference value :  2.83189e-06
 Reference value :  2.83266e-06
 Reference value :  2.83326e-06
 Reference value :  2.83389e-06
 Reference value :  2.83436e-06
 Reference value :  2.83501e-06
 Reference value :  2.83550e-06
 Reference value :  2.83616e-06
 Reference value :  2.83674e-06
 Reference value :  2.83746e-06
 Reference value :  2.83807e-06
 Reference value :  2.83882e-06
 Reference value :  2.83928e-06
 Reference value :  2.83993e-06
 Reference value :  2.84042e-06
 Reference value :  2.84099e-06
 Reference value :  2.84145e-06
 Reference value :  2.84189e-06
 Reference value :  2.84290e-06
 Reference value :  2.84381e-06
 Reference value :  2.84435e-06
 Reference value :  2.84502e-06
 Reference value :  2.84558e-06
 Reference value :  2.84606e-06
 Reference value :  2.84683e-06
 Reference value :  2.84749e-06
 Reference value :  2.84816e-06
 Reference value :  2.84886e-06
 Reference value :  2.84957e-06
 Reference value :  2.85017e-06
 Reference value :  2.85074e-06
 Reference value :  2.85139e-06
 Reference value :  2.85195e-06
 Reference value :  2.85257e-06
 Reference value :  2.85313e-06
 Reference value :  2.85351e-06
 Reference value :  2.85370e-06
 Reference value :  2.85382e-06
 Reference value :  2.85404e-06
 Reference value :  2.85448e-06
 Reference value :  2.85513e-06
 Reference value :  2.85560e-06
 Reference value :  2.85587e-06
 Reference value :  2.85635e-06
 Reference value :  2.85662e-06
 Reference value :  2.85713e-06
 Reference value :  2.85764e-06
 Reference value :  2.85810e-06
 Reference value :  2.85822e-06
 Reference value :  2.85893e-06
 Reference value :  2.85952e-06
 Reference value :  2.86027e-06
 Reference value :  2.86100e-06
 Reference value :  2.86181e-06
 Reference value :  2.86267e-06
 Reference value :  2.86352e-06
 Reference value :  2.86445e-06
 Reference value :  2.86537e-06
 Reference value :  2.86597e-06
 Reference value :  2.86669e-06
 Reference value :  2.86731e-06
 Reference value :  2.86832e-06
 Reference value :  2.86905e-06
 Reference value :  2.86979e-06
 Reference value :  2.87054e-06
 Reference value :  2.87120e-06
 Reference value :  2.87189e-06
 Reference value :  2.87234e-06
 Reference value :  2.87289e-06
 Reference value :  2.87359e-06
 Reference value :  2.87435e-06
 Reference value :  2.87499e-06
 Reference value :  2.87566e-06
 Reference value :  2.87625e-06
 Reference value :  2.87685e-06
 Reference value :  2.87745e-06
 Reference value :  2.87758e-06
 Reference value :  2.87858e-06
 Reference value :  2.87931e-06
 Reference value :  2.87990e-06
 Reference value :  2.88059e-06
 Reference value :  2.88104e-06
 Reference value :  2.88151e-06
 Reference value :  2.88212e-06
 Reference value :  2.88283e-06
 Reference value :  2.88359e-06
 Reference value :  2.88429e-06
 Reference value :  2.88484e-06
 Reference value :  2.88553e-06
 Reference value :  2.88624e-06
 Reference value :  2.88694e-06
 Reference value :  2.88752e-06
 Reference value :  2.88840e-06
 Reference value :  2.88898e-06
 Reference value :  2.88975e-06
 Reference value :  2.89042e-06
 Reference value :  2.89130e-06
 Reference value :  2.89201e-06
 Reference value :  2.89254e-06
 Reference value :  2.89337e-06
 Reference value :  2.89451e-06
 Reference value :  2.89561e-06
 Reference value :  2.89666e-06
 Reference value :  2.89775e-06
 Reference value :  2.89883e-06
 Reference value :  2.89942e-06
 Reference value :  2.90007e-06
 Reference value :  2.90069e-06
 Reference value :  2.90130e-06
 Reference value :  2.90195e-06
 Reference value :  2.90275e-06
 Reference value :  2.90346e-06
 Reference value :  2.90405e-06
 Reference value :  2.90481e-06
 Reference value :  2.90523e-06
 Reference value :  2.90575e-06
 Reference value :  2.90644e-06
 Reference value :  2.90701e-06
 Reference value :  2.90764e-06
 Reference value :  2.90819e-06
 Reference value :  2.90888e-06
 Reference value :  2.90959e-06
 Reference value :  2.91030e-06
 Reference value :  2.91095e-06
 Reference value :  2.91166e-06
 Reference value :  2.91217e-06
 Reference value :  2.91295e-06
 Reference value :  2.91331e-06
 Reference value :  2.91412e-06
 Reference value :  2.91482e-06
 Reference value :  2.91546e-06
 Reference value :  2.91605e-06
 Reference value :  2.91693e-06
 Reference value :  2.91747e-06
 Reference value :  2.91808e-06
 Reference value :  2.91872e-06
 Reference value :  2.91952e-06
 Reference value :  2.91995e-06
 Reference value :  2.92049e-06
 Reference value :  2.92102e-06
 Reference value :  2.92180e-06
 Reference value :  2.92229e-06
 Reference value :  2.92316e-06
 Reference value :  2.92379e-06
 Reference value :  2.92475e-06
 Reference value :  2.92540e-06
 Reference value :  2.92609e-06
 Reference value :  2.92693e-06
 Reference value :  2.92752e-06
 Reference value :  2.92821e-06
 Reference value :  2.92885e-06
 Reference value :  2.92954e-06
 Reference value :  2.93015e-06
 Reference value :  2.93084e-06
 Reference value :  2.93127e-06
 Reference value :  2.93175e-06
 Reference value :  2.93210e-06
 Reference value :  2.93263e-06
 Reference value :  2.93316e-06
 Reference value :  2.93367e-06
 Reference value :  2.93434e-06
 Reference value :  2.93485e-06
 Reference value :  2.93534e-06
 Reference value :  2.93582e-06
 Reference value :  2.93647e-06
 Reference value :  2.93711e-06
 Reference value :  2.93747e-06
 Reference value :  2.93818e-06
 Reference value :  2.93873e-06
 Reference value :  2.93901e-06
 Reference value :  2.93946e-06
 Reference value :  2.94013e-06
 Reference value :  2.94088e-06
 Reference value :  2.94132e-06
 Reference value :  2.94244e-06
 Reference value :  2.94338e-06
 Reference value :  2.94401e-06
 Reference value :  2.94478e-06
 Reference value :  2.94534e-06
 Reference value :  2.94629e-06
 Reference value :  2.94720e-06
 Reference value :  2.94783e-06
 Reference value :  2.94865e-06
 Reference value :  2.94913e-06
 Reference value :  2.94989e-06
 Reference value :  2.95033e-06
 Reference value :  2.95114e-06
 Reference value :  2.95161e-06
 Reference value :  2.95242e-06
 Reference value :  2.95315e-06
 Reference value :  2.95372e-06
 Reference value :  2.95411e-06
 Reference value :  2.95470e-06
 Reference value :  2.95526e-06
 Reference value :  2.95604e-06
 Reference value :  2.95657e-06
 Reference value :  2.95722e-06
 Reference value :  2.95788e-06
 Reference value :  2.95857e-06
 Reference value :  2.95932e-06
 Reference value :  2.95999e-06
 Reference value :  2.96026e-06
 Reference value :  2.96127e-06
 Reference value :  2.96183e-06
 Reference value :  2.96258e-06
 Reference value :  2.96309e-06
 Reference value :  2.96393e-06
 Reference value :  2.96446e-06
 Reference value :  2.96504e-06
 Reference value :  2.96563e-06
 Reference value :  2.96631e-06
 Reference value :  2.96687e-06
 Reference value :  2.96767e-06
 Reference value :  2.96814e-06
 Reference value :  2.96892e-06
 Reference value :  2.96935e-06
 Reference value :  2.96998e-06
 Reference value :  2.97055e-06
 Reference value :  2.97135e-06
 Reference value :  2.97198e-06
 Reference value :  2.97257e-06
 Reference value :  2.97346e-06
 Reference value :  2.97411e-06
 Reference value :  2.97487e-06
 Reference value :  2.97553e-06
 Reference value :  2.97643e-06
 Reference value :  2.97712e-06
 Reference value :  2.97771e-06
 Reference value :  2.97819e-06
 Reference value :  2.97898e-06
 Reference value :  2.97958e-06
 Reference value :  2.98027e-06
 Reference value :  2.98086e-06
 Reference value :  2.98099e-06
 Reference value :  2.98171e-06
 Reference value :  2.98247e-06
 Reference value :  2.98331e-06
 Reference value :  2.98393e-06
 Reference value :  2.98461e-06
 Reference value :  2.98527e-06
 Reference value :  2.98586e-06
 Reference value :  2.98650e-06
 Reference value :  2.98713e-06
 Reference value :  2.98778e-06
 Reference value :  2.98833e-06
 Reference value :  2.98905e-06
 Reference value :  2.98953e-06
 Reference value :  2.99034e-06
 Reference value :  2.99090e-06
 Reference value :  2.99162e-06
 Reference value :  2.99220e-06
 Reference value :  2.99281e-06
 Reference value :  2.99340e-06
 Reference value :  2.99394e-06
 Reference value :  2.99443e-06
 Reference value :  2.99492e-06
 Reference value :  2.99543e-06
 Reference value :  2.99598e-06
 Reference value :  2.99682e-06
 Reference value :  2.99733e-06
 Reference value :  2.99805e-06
 Reference value :  2.99862e-06
 Reference value :  2.99928e-06
 Reference value :  2.99981e-06
No. of Data Rows : 36491
sim/harness: analysis complete
Note: Simulation executed from .control section 
