
Note: Compatibility modes selected: hs a


Circuit: ** sch_path: /home/ubuntu/github/sky130-pll/.loom/worktrees/issue-210/sim/vco/testbench/tb_vco.sch

option SCALE: Scale is set to 1e-06 for instance and model parameters
option SCALE: Scale is set to 1e-06 for instance and model parameters
option SCALE: Scale is set to 1e-06 for instance and model parameters
option SCALE: Scale is set to 1e-06 for instance and model parameters
Doing analysis at TEMP = 27.000000 and TNOM = 27.000000

Using KLU as Direct Linear Solver
Operating point simulation skipped by 'uic',
  now using transient initial conditions.
 Reference value :  5.00000e-13
 Reference value :  5.30415e-13
 Reference value :  7.12902e-13
 Reference value :  1.28473e-12
 Reference value :  2.87312e-12
 Reference value :  8.03307e-12
 Reference value :  2.83274e-11
 Reference value :  5.00000e-11
 Reference value :  8.25089e-11
 Reference value :  1.32858e-10
 Reference value :  2.06168e-10
 Reference value :  3.06168e-10
 Reference value :  4.06168e-10
 Reference value :  5.06168e-10
 Reference value :  6.06168e-10
 Reference value :  7.01297e-10
 Reference value :  8.01297e-10
 Reference value :  9.01297e-10
 Reference value :  1.00130e-09
 Reference value :  1.10130e-09
 Reference value :  1.20130e-09
 Reference value :  1.30130e-09
 Reference value :  1.40130e-09
 Reference value :  1.50130e-09
 Reference value :  1.60130e-09
 Reference value :  1.70130e-09
 Reference value :  1.80130e-09
 Reference value :  1.90130e-09
 Reference value :  2.00130e-09
 Reference value :  2.10130e-09
 Reference value :  2.20130e-09
 Reference value :  2.30130e-09
 Reference value :  2.40130e-09
 Reference value :  2.50130e-09
 Reference value :  2.60130e-09
 Reference value :  2.68784e-09
 Reference value :  2.77657e-09
 Reference value :  2.87657e-09
 Reference value :  2.97657e-09
 Reference value :  3.07657e-09
 Reference value :  3.17657e-09
 Reference value :  3.27657e-09
 Reference value :  3.37657e-09
 Reference value :  3.47657e-09
 Reference value :  3.57657e-09
 Reference value :  3.67657e-09
 Reference value :  3.77657e-09
 Reference value :  3.87657e-09
 Reference value :  3.97657e-09
 Reference value :  4.07657e-09
 Reference value :  4.17657e-09
 Reference value :  4.26242e-09
 Reference value :  4.35153e-09
 Reference value :  4.45153e-09
 Reference value :  4.55153e-09
 Reference value :  4.65153e-09
 Reference value :  4.75153e-09
 Reference value :  4.85153e-09
 Reference value :  4.95153e-09
 Reference value :  5.05153e-09
 Reference value :  5.15153e-09
 Reference value :  5.25153e-09
 Reference value :  5.40153e-09
 Reference value :  5.50153e-09
 Reference value :  5.60153e-09
 Reference value :  5.70153e-09
 Reference value :  5.79360e-09
 Reference value :  5.82892e-09
 Reference value :  5.90813e-09
 Reference value :  6.00813e-09
 Reference value :  6.10813e-09
 Reference value :  6.20813e-09
 Reference value :  6.30813e-09
 Reference value :  6.40813e-09
 Reference value :  6.50813e-09
 Reference value :  6.60813e-09
 Reference value :  6.70813e-09
 Reference value :  6.80813e-09
 Reference value :  6.95813e-09
 Reference value :  7.05813e-09
 Reference value :  7.15813e-09
 Reference value :  7.25813e-09
 Reference value :  7.35813e-09
 Reference value :  7.39289e-09
 Reference value :  7.47273e-09
 Reference value :  7.56700e-09
 Reference value :  7.66700e-09
 Reference value :  7.76700e-09
 Reference value :  7.86700e-09
 Reference value :  7.96700e-09
 Reference value :  8.06700e-09
 Reference value :  8.16700e-09
 Reference value :  8.26700e-09
 Reference value :  8.36700e-09
 Reference value :  8.46700e-09
 Reference value :  8.56700e-09
 Reference value :  8.66700e-09
 Reference value :  8.76700e-09
 Reference value :  8.86700e-09
 Reference value :  8.95054e-09
 Reference value :  9.02868e-09
 Reference value :  9.12116e-09
 Reference value :  9.22116e-09
 Reference value :  9.32116e-09
 Reference value :  9.42116e-09
 Reference value :  9.52116e-09
 Reference value :  9.62116e-09
 Reference value :  9.72116e-09
 Reference value :  9.82116e-09
 Reference value :  9.92116e-09
 Reference value :  1.00212e-08
 Reference value :  1.01212e-08
 Reference value :  1.02212e-08
 Reference value :  1.03212e-08
 Reference value :  1.04212e-08
 Reference value :  1.05212e-08
 Reference value :  1.05588e-08
 Reference value :  1.06490e-08
 Reference value :  1.07490e-08
 Reference value :  1.08490e-08
 Reference value :  1.09490e-08
 Reference value :  1.10490e-08
 Reference value :  1.11490e-08
 Reference value :  1.12490e-08
 Reference value :  1.13490e-08
 Reference value :  1.14490e-08
 Reference value :  1.15490e-08
 Reference value :  1.16490e-08
 Reference value :  1.17490e-08
 Reference value :  1.18490e-08
 Reference value :  1.19490e-08
 Reference value :  1.20490e-08
 Reference value :  1.20873e-08
 Reference value :  1.21621e-08
 Reference value :  1.22526e-08
 Reference value :  1.23526e-08
 Reference value :  1.24526e-08
 Reference value :  1.25526e-08
 Reference value :  1.26526e-08
 Reference value :  1.27526e-08
 Reference value :  1.28526e-08
 Reference value :  1.29526e-08
 Reference value :  1.30526e-08
 Reference value :  1.31526e-08
 Reference value :  1.32526e-08
 Reference value :  1.33526e-08
 Reference value :  1.34526e-08
 Reference value :  1.35526e-08
 Reference value :  1.36526e-08
 Reference value :  1.36881e-08
 Reference value :  1.37765e-08
 Reference value :  1.39265e-08
 Reference value :  1.40265e-08
 Reference value :  1.41265e-08
 Reference value :  1.42265e-08
 Reference value :  1.43265e-08
 Reference value :  1.44265e-08
 Reference value :  1.45265e-08
 Reference value :  1.46265e-08
 Reference value :  1.47265e-08
 Reference value :  1.48265e-08
 Reference value :  1.49265e-08
 Reference value :  1.50265e-08
 Reference value :  1.51265e-08
 Reference value :  1.52265e-08
 Reference value :  1.52641e-08
 Reference value :  1.53507e-08
 Reference value :  1.54507e-08
 Reference value :  1.55507e-08
 Reference value :  1.56507e-08
 Reference value :  1.57507e-08
 Reference value :  1.58507e-08
 Reference value :  1.59507e-08
 Reference value :  1.60507e-08
 Reference value :  1.61507e-08
 Reference value :  1.62507e-08
 Reference value :  1.63507e-08
 Reference value :  1.64507e-08
 Reference value :  1.65507e-08
 Reference value :  1.66507e-08
 Reference value :  1.67507e-08
 Reference value :  1.68386e-08
 Reference value :  1.69284e-08
 Reference value :  1.70284e-08
 Reference value :  1.71284e-08
 Reference value :  1.72284e-08
 Reference value :  1.73284e-08
 Reference value :  1.74284e-08
 Reference value :  1.75784e-08
 Reference value :  1.77284e-08
 Reference value :  1.78284e-08
 Reference value :  1.79284e-08
 Reference value :  1.80284e-08
 Reference value :  1.81784e-08
 Reference value :  1.82784e-08
 Reference value :  1.84171e-08
 Reference value :  1.85036e-08
 Reference value :  1.86036e-08
 Reference value :  1.87036e-08
 Reference value :  1.88036e-08
 Reference value :  1.89536e-08
 Reference value :  1.90536e-08
 Reference value :  1.91536e-08
 Reference value :  1.92536e-08
 Reference value :  1.94036e-08
 Reference value :  1.95536e-08
 Reference value :  1.97036e-08
 Reference value :  1.98536e-08
 Reference value :  1.99536e-08
 Reference value :  1.99961e-08
 Reference value :  2.01369e-08
 Reference value :  2.02369e-08
 Reference value :  2.03369e-08
 Reference value :  2.04869e-08
 Reference value :  2.05869e-08
 Reference value :  2.07369e-08
 Reference value :  2.08369e-08
 Reference value :  2.09869e-08
 Reference value :  2.11369e-08
 Reference value :  2.12869e-08
 Reference value :  2.14369e-08
 Reference value :  2.15263e-08
 Reference value :  2.16094e-08
 Reference value :  2.17518e-08
 Reference value :  2.18518e-08
 Reference value :  2.20018e-08
 Reference value :  2.21018e-08
 Reference value :  2.22018e-08
 Reference value :  2.23518e-08
 Reference value :  2.24518e-08
 Reference value :  2.25518e-08
 Reference value :  2.27018e-08
 Reference value :  2.28518e-08
 Reference value :  2.30018e-08
 Reference value :  2.31013e-08
 Reference value :  2.31451e-08
 Reference value :  2.32874e-08
 Reference value :  2.34374e-08
 Reference value :  2.35374e-08
 Reference value :  2.36374e-08
 Reference value :  2.37374e-08
 Reference value :  2.38374e-08
 Reference value :  2.39874e-08
 Reference value :  2.40874e-08
 Reference value :  2.42374e-08
 Reference value :  2.43874e-08
 Reference value :  2.45374e-08
 Reference value :  2.46374e-08
 Reference value :  2.46737e-08
 Reference value :  2.47600e-08
 Reference value :  2.49018e-08
 Reference value :  2.50018e-08
 Reference value :  2.51518e-08
 Reference value :  2.53018e-08
 Reference value :  2.54018e-08
 Reference value :  2.55018e-08
 Reference value :  2.56018e-08
 Reference value :  2.57018e-08
 Reference value :  2.58018e-08
 Reference value :  2.59518e-08
 Reference value :  2.61018e-08
 Reference value :  2.62018e-08
 Reference value :  2.62428e-08
 Reference value :  2.62818e-08
 Reference value :  2.64145e-08
 Reference value :  2.65645e-08
 Reference value :  2.66645e-08
 Reference value :  2.68145e-08
 Reference value :  2.69145e-08
 Reference value :  2.70645e-08
 Reference value :  2.71645e-08
 Reference value :  2.73145e-08
 Reference value :  2.74645e-08
 Reference value :  2.76145e-08
 Reference value :  2.77145e-08
 Reference value :  2.78114e-08
 Reference value :  2.78516e-08
 Reference value :  2.79360e-08
 Reference value :  2.80360e-08
 Reference value :  2.81360e-08
 Reference value :  2.82860e-08
 Reference value :  2.83860e-08
 Reference value :  2.84860e-08
 Reference value :  2.85860e-08
 Reference value :  2.86860e-08
 Reference value :  2.88360e-08
 Reference value :  2.89860e-08
 Reference value :  2.90860e-08
 Reference value :  2.91860e-08
 Reference value :  2.93360e-08
 Reference value :  2.94310e-08
 Reference value :  2.95263e-08
 Reference value :  2.96763e-08
 Reference value :  2.97763e-08
 Reference value :  2.99263e-08
 Reference value :  3.00263e-08
 Reference value :  3.01763e-08
 Reference value :  3.02763e-08
 Reference value :  3.03763e-08
 Reference value :  3.05263e-08
 Reference value :  3.06763e-08
 Reference value :  3.07763e-08
 Reference value :  3.08763e-08
 Reference value :  3.09626e-08
 Reference value :  3.10492e-08
 Reference value :  3.11910e-08
 Reference value :  3.12910e-08
 Reference value :  3.14410e-08
 Reference value :  3.15910e-08
 Reference value :  3.16910e-08
 Reference value :  3.17910e-08
 Reference value :  3.18910e-08
 Reference value :  3.20410e-08
 Reference value :  3.21910e-08
 Reference value :  3.23410e-08
 Reference value :  3.24410e-08
 Reference value :  3.25313e-08
 Reference value :  3.25710e-08
 Reference value :  3.27039e-08
 Reference value :  3.28039e-08
 Reference value :  3.29039e-08
 Reference value :  3.30039e-08
 Reference value :  3.31039e-08
 Reference value :  3.32539e-08
 Reference value :  3.34039e-08
 Reference value :  3.36039e-08
 Reference value :  3.37539e-08
 Reference value :  3.39039e-08
 Reference value :  3.40539e-08
 Reference value :  3.41442e-08
 Reference value :  3.42313e-08
 Reference value :  3.43813e-08
 Reference value :  3.44813e-08
 Reference value :  3.46313e-08
 Reference value :  3.47313e-08
 Reference value :  3.48313e-08
 Reference value :  3.49813e-08
 Reference value :  3.51313e-08
 Reference value :  3.52313e-08
 Reference value :  3.53813e-08
 Reference value :  3.55313e-08
 Reference value :  3.56313e-08
 Reference value :  3.56757e-08
 Reference value :  3.57236e-08
 Reference value :  3.58179e-08
 Reference value :  3.59679e-08
 Reference value :  3.60679e-08
 Reference value :  3.62179e-08
 Reference value :  3.63179e-08
 Reference value :  3.64179e-08
 Reference value :  3.65679e-08
 Reference value :  3.66679e-08
 Reference value :  3.67679e-08
 Reference value :  3.69179e-08
 Reference value :  3.70679e-08
 Reference value :  3.71679e-08
 Reference value :  3.72537e-08
 Reference value :  3.73364e-08
 Reference value :  3.74305e-08
 Reference value :  3.75305e-08
 Reference value :  3.76305e-08
 Reference value :  3.77805e-08
 Reference value :  3.78805e-08
 Reference value :  3.80305e-08
 Reference value :  3.81305e-08
 Reference value :  3.82805e-08
 Reference value :  3.84305e-08
 Reference value :  3.85805e-08
 Reference value :  3.87305e-08
 Reference value :  3.88192e-08
 Reference value :  3.88580e-08
 Reference value :  3.89884e-08
 Reference value :  3.91384e-08
 Reference value :  3.92384e-08
 Reference value :  3.93884e-08
 Reference value :  3.94884e-08
 Reference value :  3.96384e-08
 Reference value :  3.97384e-08
 Reference value :  3.98884e-08
 Reference value :  4.00384e-08
 Reference value :  4.01884e-08
 Reference value :  4.02884e-08
 Reference value :  4.03881e-08
 Reference value :  4.04780e-08
 Reference value :  4.06280e-08
 Reference value :  4.07280e-08
 Reference value :  4.08780e-08
 Reference value :  4.09780e-08
 Reference value :  4.11280e-08
 Reference value :  4.12280e-08
 Reference value :  4.13280e-08
 Reference value :  4.14280e-08
 Reference value :  4.15280e-08
 Reference value :  4.16280e-08
 Reference value :  4.17780e-08
 Reference value :  4.18780e-08
 Reference value :  4.19633e-08
 Reference value :  4.20430e-08
 Reference value :  4.21834e-08
 Reference value :  4.22834e-08
 Reference value :  4.23834e-08
 Reference value :  4.24834e-08
 Reference value :  4.25834e-08
 Reference value :  4.26834e-08
 Reference value :  4.28334e-08
 Reference value :  4.29834e-08
 Reference value :  4.30834e-08
 Reference value :  4.31834e-08
 Reference value :  4.32834e-08
 Reference value :  4.34334e-08
 Reference value :  4.35279e-08
 Reference value :  4.36138e-08
 Reference value :  4.37102e-08
 Reference value :  4.38102e-08
 Reference value :  4.39102e-08
 Reference value :  4.40102e-08
 Reference value :  4.41602e-08
 Reference value :  4.42602e-08
 Reference value :  4.44102e-08
 Reference value :  4.45602e-08
 Reference value :  4.47102e-08
 Reference value :  4.48602e-08
 Reference value :  4.49602e-08
 Reference value :  4.50602e-08
 Reference value :  4.51553e-08
 Reference value :  4.52522e-08
 Reference value :  4.53522e-08
 Reference value :  4.54522e-08
 Reference value :  4.56022e-08
 Reference value :  4.57022e-08
 Reference value :  4.58022e-08
 Reference value :  4.59522e-08
 Reference value :  4.60522e-08
 Reference value :  4.62022e-08
 Reference value :  4.63522e-08
 Reference value :  4.65022e-08
 Reference value :  4.66022e-08
 Reference value :  4.66877e-08
 Reference value :  4.67769e-08
 Reference value :  4.69228e-08
 Reference value :  4.70228e-08
 Reference value :  4.71728e-08
 Reference value :  4.72728e-08
 Reference value :  4.73728e-08
 Reference value :  4.75228e-08
 Reference value :  4.76728e-08
 Reference value :  4.78228e-08
 Reference value :  4.79728e-08
 Reference value :  4.81228e-08
 Reference value :  4.82228e-08
 Reference value :  4.82556e-08
 Reference value :  4.83283e-08
 Reference value :  4.84671e-08
 Reference value :  4.85671e-08
 Reference value :  4.86671e-08
 Reference value :  4.88171e-08
 Reference value :  4.89671e-08
 Reference value :  4.91171e-08
 Reference value :  4.92671e-08
 Reference value :  4.94171e-08
 Reference value :  4.95671e-08
 Reference value :  4.97171e-08
 Reference value :  4.98147e-08
 Reference value :  4.98549e-08
 Reference value :  4.99402e-08
 Reference value :  5.00402e-08
 Reference value :  5.01402e-08
 Reference value :  5.02902e-08
 Reference value :  5.03902e-08
 Reference value :  5.04902e-08
 Reference value :  5.06402e-08
 Reference value :  5.07402e-08
 Reference value :  5.08902e-08
 Reference value :  5.10402e-08
 Reference value :  5.11902e-08
 Reference value :  5.13402e-08
 Reference value :  5.14402e-08
 Reference value :  5.15353e-08
 Reference value :  5.16353e-08
 Reference value :  5.17853e-08
 Reference value :  5.19353e-08
 Reference value :  5.20353e-08
 Reference value :  5.21353e-08
 Reference value :  5.22853e-08
 Reference value :  5.23853e-08
 Reference value :  5.24853e-08
 Reference value :  5.26353e-08
 Reference value :  5.27353e-08
 Reference value :  5.28853e-08
 Reference value :  5.29711e-08
 Reference value :  5.30543e-08
 Reference value :  5.31990e-08
 Reference value :  5.32990e-08
 Reference value :  5.34490e-08
 Reference value :  5.35990e-08
 Reference value :  5.37490e-08
 Reference value :  5.38490e-08
 Reference value :  5.39990e-08
 Reference value :  5.41490e-08
 Reference value :  5.42990e-08
 Reference value :  5.43990e-08
 Reference value :  5.44990e-08
 Reference value :  5.45360e-08
 Reference value :  5.45735e-08
 Reference value :  5.47020e-08
 Reference value :  5.48520e-08
 Reference value :  5.49520e-08
 Reference value :  5.50520e-08
 Reference value :  5.51520e-08
 Reference value :  5.52520e-08
 Reference value :  5.54020e-08
 Reference value :  5.55520e-08
 Reference value :  5.56520e-08
 Reference value :  5.58020e-08
 Reference value :  5.59020e-08
 Reference value :  5.60020e-08
 Reference value :  5.61013e-08
 Reference value :  5.61898e-08
 Reference value :  5.63386e-08
 Reference value :  5.64386e-08
 Reference value :  5.65386e-08
 Reference value :  5.66886e-08
 Reference value :  5.67886e-08
 Reference value :  5.69386e-08
 Reference value :  5.70886e-08
 Reference value :  5.72386e-08
 Reference value :  5.73886e-08
 Reference value :  5.74886e-08
 Reference value :  5.75886e-08
 Reference value :  5.76793e-08
 Reference value :  5.77629e-08
 Reference value :  5.78581e-08
 Reference value :  5.80081e-08
 Reference value :  5.81081e-08
 Reference value :  5.82081e-08
 Reference value :  5.83081e-08
 Reference value :  5.84081e-08
 Reference value :  5.85081e-08
 Reference value :  5.86081e-08
 Reference value :  5.87081e-08
 Reference value :  5.88581e-08
 Reference value :  5.90081e-08
 Reference value :  5.91081e-08
 Reference value :  5.92081e-08
 Reference value :  5.92465e-08
 Reference value :  5.92845e-08
 Reference value :  5.93620e-08
 Reference value :  5.94620e-08
 Reference value :  5.95620e-08
 Reference value :  5.96620e-08
 Reference value :  5.98120e-08
 Reference value :  5.99620e-08
 Reference value :  6.00620e-08
 Reference value :  6.01620e-08
 Reference value :  6.02620e-08
 Reference value :  6.04120e-08
 Reference value :  6.05120e-08
 Reference value :  6.06120e-08
 Reference value :  6.07120e-08
 Reference value :  6.08120e-08
 Reference value :  6.08512e-08
 Reference value :  6.09923e-08
 Reference value :  6.10923e-08
 Reference value :  6.11923e-08
 Reference value :  6.12923e-08
 Reference value :  6.13923e-08
 Reference value :  6.15423e-08
 Reference value :  6.16423e-08
 Reference value :  6.17923e-08
 Reference value :  6.18923e-08
 Reference value :  6.19923e-08
 Reference value :  6.21423e-08
 Reference value :  6.22923e-08
 Reference value :  6.23907e-08
 Reference value :  6.24316e-08
 Reference value :  6.25205e-08
 Reference value :  6.26705e-08
 Reference value :  6.27705e-08
 Reference value :  6.29205e-08
 Reference value :  6.30205e-08
 Reference value :  6.31205e-08
 Reference value :  6.32205e-08
 Reference value :  6.33205e-08
 Reference value :  6.34205e-08
 Reference value :  6.35205e-08
 Reference value :  6.36705e-08
 Reference value :  6.38205e-08
 Reference value :  6.39205e-08
 Reference value :  6.40205e-08
 Reference value :  6.41678e-08
 Reference value :  6.42678e-08
 Reference value :  6.43678e-08
 Reference value :  6.45178e-08
 Reference value :  6.46178e-08
 Reference value :  6.47678e-08
 Reference value :  6.48678e-08
 Reference value :  6.50178e-08
 Reference value :  6.51178e-08
 Reference value :  6.52178e-08
 Reference value :  6.53678e-08
 Reference value :  6.54678e-08
 Reference value :  6.55535e-08
 Reference value :  6.56921e-08
 Reference value :  6.57921e-08
 Reference value :  6.58921e-08
 Reference value :  6.60421e-08
 Reference value :  6.61421e-08
 Reference value :  6.62921e-08
 Reference value :  6.63921e-08
 Reference value :  6.64921e-08
 Reference value :  6.65921e-08
 Reference value :  6.67421e-08
 Reference value :  6.68421e-08
 Reference value :  6.69421e-08
 Reference value :  6.70421e-08
 Reference value :  6.71250e-08
 Reference value :  6.72019e-08
 Reference value :  6.72937e-08
 Reference value :  6.74437e-08
 Reference value :  6.75937e-08
 Reference value :  6.76937e-08
 Reference value :  6.77937e-08
 Reference value :  6.78937e-08
 Reference value :  6.79937e-08
 Reference value :  6.80937e-08
 Reference value :  6.81937e-08
 Reference value :  6.82937e-08
 Reference value :  6.84437e-08
 Reference value :  6.85937e-08
 Reference value :  6.86813e-08
 Reference value :  6.87201e-08
 Reference value :  6.87988e-08
 Reference value :  6.88988e-08
 Reference value :  6.89988e-08
 Reference value :  6.90988e-08
 Reference value :  6.91988e-08
 Reference value :  6.92988e-08
 Reference value :  6.93988e-08
 Reference value :  6.94988e-08
 Reference value :  6.95988e-08
 Reference value :  6.97488e-08
 Reference value :  6.98488e-08
 Reference value :  6.99488e-08
 Reference value :  7.00988e-08
 Reference value :  7.01988e-08
 Reference value :  7.02488e-08
 Reference value :  7.02900e-08
 Reference value :  7.03833e-08
 Reference value :  7.05333e-08
 Reference value :  7.06333e-08
 Reference value :  7.07833e-08
 Reference value :  7.08833e-08
 Reference value :  7.09833e-08
 Reference value :  7.11333e-08
 Reference value :  7.12333e-08
 Reference value :  7.13333e-08
 Reference value :  7.14333e-08
 Reference value :  7.15333e-08
 Reference value :  7.16833e-08
 Reference value :  7.17833e-08
 Reference value :  7.18731e-08
 Reference value :  7.19588e-08
 Reference value :  7.21088e-08
 Reference value :  7.22088e-08
 Reference value :  7.23088e-08
 Reference value :  7.24088e-08
 Reference value :  7.25088e-08
 Reference value :  7.26088e-08
 Reference value :  7.27088e-08
 Reference value :  7.28088e-08
 Reference value :  7.29088e-08
 Reference value :  7.30088e-08
 Reference value :  7.31088e-08
 Reference value :  7.32588e-08
 Reference value :  7.33588e-08
 Reference value :  7.34001e-08
 Reference value :  7.34460e-08
 Reference value :  7.35865e-08
 Reference value :  7.37365e-08
 Reference value :  7.38865e-08
 Reference value :  7.39865e-08
 Reference value :  7.41365e-08
 Reference value :  7.42865e-08
 Reference value :  7.44365e-08
 Reference value :  7.45865e-08
 Reference value :  7.47365e-08
 Reference value :  7.48865e-08
 Reference value :  7.49733e-08
 Reference value :  7.50577e-08
 Reference value :  7.51497e-08
 Reference value :  7.52497e-08
 Reference value :  7.53497e-08
 Reference value :  7.54497e-08
 Reference value :  7.55497e-08
 Reference value :  7.56497e-08
 Reference value :  7.57997e-08
 Reference value :  7.58997e-08
 Reference value :  7.60497e-08
 Reference value :  7.61997e-08
 Reference value :  7.63497e-08
 Reference value :  7.64997e-08
 Reference value :  7.65972e-08
 Reference value :  7.66945e-08
 Reference value :  7.67945e-08
 Reference value :  7.68945e-08
 Reference value :  7.69945e-08
 Reference value :  7.70945e-08
 Reference value :  7.71945e-08
 Reference value :  7.73445e-08
 Reference value :  7.74945e-08
 Reference value :  7.76445e-08
 Reference value :  7.77945e-08
 Reference value :  7.79445e-08
 Reference value :  7.80445e-08
 Reference value :  7.81301e-08
 Reference value :  7.82191e-08
 Reference value :  7.83174e-08
 Reference value :  7.84174e-08
 Reference value :  7.85174e-08
 Reference value :  7.86674e-08
 Reference value :  7.87674e-08
 Reference value :  7.89174e-08
 Reference value :  7.90174e-08
 Reference value :  7.91674e-08
 Reference value :  7.92674e-08
 Reference value :  7.94174e-08
 Reference value :  7.95674e-08
 Reference value :  7.96674e-08
 Reference value :  7.97001e-08
 Reference value :  7.97747e-08
 Reference value :  7.98649e-08
 Reference value :  8.00149e-08
 Reference value :  8.01149e-08
 Reference value :  8.02649e-08
 Reference value :  8.03649e-08
 Reference value :  8.05149e-08
 Reference value :  8.06149e-08
 Reference value :  8.07649e-08
 Reference value :  8.09149e-08
 Reference value :  8.10649e-08
 Reference value :  8.11649e-08
 Reference value :  8.12618e-08
 Reference value :  8.13454e-08
 Reference value :  8.14398e-08
 Reference value :  8.15398e-08
 Reference value :  8.16398e-08
 Reference value :  8.17398e-08
 Reference value :  8.18898e-08
 Reference value :  8.19898e-08
 Reference value :  8.20898e-08
 Reference value :  8.21898e-08
 Reference value :  8.22898e-08
 Reference value :  8.24398e-08
 Reference value :  8.25398e-08
 Reference value :  8.26398e-08
 Reference value :  8.27398e-08
 Reference value :  8.28318e-08
 Reference value :  8.28776e-08
 Reference value :  8.29688e-08
 Reference value :  8.30688e-08
 Reference value :  8.31688e-08
 Reference value :  8.33188e-08
 Reference value :  8.34188e-08
 Reference value :  8.35688e-08
 Reference value :  8.37188e-08
 Reference value :  8.38188e-08
 Reference value :  8.39688e-08
 Reference value :  8.41188e-08
 Reference value :  8.42688e-08
 Reference value :  8.43688e-08
 Reference value :  8.44054e-08
 Reference value :  8.45327e-08
 Reference value :  8.46327e-08
 Reference value :  8.47327e-08
 Reference value :  8.48827e-08
 Reference value :  8.50327e-08
 Reference value :  8.51327e-08
 Reference value :  8.52327e-08
 Reference value :  8.53327e-08
 Reference value :  8.54327e-08
 Reference value :  8.55827e-08
 Reference value :  8.57327e-08
 Reference value :  8.58827e-08
 Reference value :  8.59761e-08
 Reference value :  8.60669e-08
 Reference value :  8.61668e-08
 Reference value :  8.63168e-08
 Reference value :  8.64168e-08
 Reference value :  8.65168e-08
 Reference value :  8.66168e-08
 Reference value :  8.67668e-08
 Reference value :  8.69168e-08
 Reference value :  8.70668e-08
 Reference value :  8.72168e-08
 Reference value :  8.73668e-08
 Reference value :  8.74668e-08
 Reference value :  8.75530e-08
 Reference value :  8.76359e-08
 Reference value :  8.77792e-08
 Reference value :  8.78792e-08
 Reference value :  8.79792e-08
 Reference value :  8.80792e-08
 Reference value :  8.81792e-08
 Reference value :  8.82792e-08
 Reference value :  8.83792e-08
 Reference value :  8.84792e-08
 Reference value :  8.85792e-08
 Reference value :  8.86792e-08
 Reference value :  8.88292e-08
 Reference value :  8.89792e-08
 Reference value :  8.90792e-08
 Reference value :  8.91202e-08
 Reference value :  8.91658e-08
 Reference value :  8.93046e-08
 Reference value :  8.94046e-08
 Reference value :  8.95046e-08
 Reference value :  8.96546e-08
 Reference value :  8.97546e-08
 Reference value :  8.99046e-08
 Reference value :  9.00046e-08
 Reference value :  9.01546e-08
 Reference value :  9.03046e-08
 Reference value :  9.04046e-08
 Reference value :  9.05546e-08
 Reference value :  9.06546e-08
 Reference value :  9.06919e-08
 Reference value :  9.07753e-08
 Reference value :  9.09177e-08
 Reference value :  9.10177e-08
 Reference value :  9.11177e-08
 Reference value :  9.12677e-08
 Reference value :  9.13677e-08
 Reference value :  9.15177e-08
 Reference value :  9.16677e-08
 Reference value :  9.18177e-08
 Reference value :  9.19677e-08
 Reference value :  9.20677e-08
 Reference value :  9.22177e-08
 Reference value :  9.23177e-08
 Reference value :  9.24158e-08
 Reference value :  9.25658e-08
 Reference value :  9.26658e-08
 Reference value :  9.28158e-08
 Reference value :  9.29158e-08
 Reference value :  9.30158e-08
 Reference value :  9.31158e-08
 Reference value :  9.32158e-08
 Reference value :  9.33158e-08
 Reference value :  9.34658e-08
 Reference value :  9.35658e-08
 Reference value :  9.37158e-08
 Reference value :  9.38158e-08
 Reference value :  9.38515e-08
 Reference value :  9.39404e-08
 Reference value :  9.40899e-08
 Reference value :  9.41899e-08
 Reference value :  9.43399e-08
 Reference value :  9.44899e-08
 Reference value :  9.45899e-08
 Reference value :  9.46899e-08
 Reference value :  9.47899e-08
 Reference value :  9.48899e-08
 Reference value :  9.50399e-08
 Reference value :  9.51899e-08
 Reference value :  9.52899e-08
 Reference value :  9.53899e-08
 Reference value :  9.54227e-08
 Reference value :  9.54994e-08
 Reference value :  9.55910e-08
 Reference value :  9.57410e-08
 Reference value :  9.58410e-08
 Reference value :  9.59910e-08
 Reference value :  9.61410e-08
 Reference value :  9.62910e-08
 Reference value :  9.63910e-08
 Reference value :  9.64910e-08
 Reference value :  9.66410e-08
 Reference value :  9.67410e-08
 Reference value :  9.68910e-08
 Reference value :  9.69787e-08
 Reference value :  9.70167e-08
 Reference value :  9.70945e-08
 Reference value :  9.71945e-08
 Reference value :  9.72945e-08
 Reference value :  9.73945e-08
 Reference value :  9.74945e-08
 Reference value :  9.76445e-08
 Reference value :  9.77945e-08
 Reference value :  9.78945e-08
 Reference value :  9.80445e-08
 Reference value :  9.81945e-08
 Reference value :  9.82945e-08
 Reference value :  9.83945e-08
 Reference value :  9.84945e-08
 Reference value :  9.85845e-08
 Reference value :  9.87264e-08
 Reference value :  9.88764e-08
 Reference value :  9.89764e-08
 Reference value :  9.90764e-08
 Reference value :  9.91764e-08
 Reference value :  9.92764e-08
 Reference value :  9.93764e-08
 Reference value :  9.94764e-08
 Reference value :  9.95764e-08
 Reference value :  9.97264e-08
 Reference value :  9.98264e-08
 Reference value :  9.99764e-08
 Reference value :  1.00076e-07
 Reference value :  1.00169e-07
 Reference value :  1.00257e-07
 Reference value :  1.00407e-07
 Reference value :  1.00507e-07
 Reference value :  1.00607e-07
 Reference value :  1.00757e-07
 Reference value :  1.00857e-07
 Reference value :  1.00957e-07
 Reference value :  1.01057e-07
 Reference value :  1.01157e-07
 Reference value :  1.01307e-07
 Reference value :  1.01457e-07
 Reference value :  1.01607e-07
 Reference value :  1.01698e-07
 Reference value :  1.01786e-07
 Reference value :  1.01935e-07
 Reference value :  1.02035e-07
 Reference value :  1.02135e-07
 Reference value :  1.02235e-07
 Reference value :  1.02335e-07
 Reference value :  1.02435e-07
 Reference value :  1.02585e-07
 Reference value :  1.02685e-07
 Reference value :  1.02835e-07
 Reference value :  1.02985e-07
 Reference value :  1.03135e-07
 Reference value :  1.03235e-07
 Reference value :  1.03272e-07
 Reference value :  1.03357e-07
 Reference value :  1.03449e-07
 Reference value :  1.03549e-07
 Reference value :  1.03649e-07
 Reference value :  1.03749e-07
 Reference value :  1.03849e-07
 Reference value :  1.03949e-07
 Reference value :  1.04049e-07
 Reference value :  1.04149e-07
 Reference value :  1.04299e-07
 Reference value :  1.04449e-07
 Reference value :  1.04549e-07
 Reference value :  1.04699e-07
 Reference value :  1.04799e-07
 Reference value :  1.04843e-07
 Reference value :  1.04935e-07
 Reference value :  1.05035e-07
 Reference value :  1.05185e-07
 Reference value :  1.05335e-07
 Reference value :  1.05435e-07
 Reference value :  1.05535e-07
 Reference value :  1.05635e-07
 Reference value :  1.05735e-07
 Reference value :  1.05835e-07
 Reference value :  1.05985e-07
 Reference value :  1.06085e-07
 Reference value :  1.06235e-07
 Reference value :  1.06385e-07
 Reference value :  1.06421e-07
 Reference value :  1.06504e-07
 Reference value :  1.06598e-07
 Reference value :  1.06698e-07
 Reference value :  1.06798e-07
 Reference value :  1.06998e-07
 Reference value :  1.07098e-07
 Reference value :  1.07248e-07
 Reference value :  1.07348e-07
 Reference value :  1.07498e-07
 Reference value :  1.07598e-07
 Reference value :  1.07698e-07
 Reference value :  1.07848e-07
 Reference value :  1.07987e-07
 Reference value :  1.08071e-07
 Reference value :  1.08216e-07
 Reference value :  1.08316e-07
 Reference value :  1.08416e-07
 Reference value :  1.08516e-07
 Reference value :  1.08616e-07
 Reference value :  1.08716e-07
 Reference value :  1.08816e-07
 Reference value :  1.08916e-07
 Reference value :  1.09016e-07
 Reference value :  1.09166e-07
 Reference value :  1.09266e-07
 Reference value :  1.09416e-07
 Reference value :  1.09516e-07
 Reference value :  1.09597e-07
 Reference value :  1.09727e-07
 Reference value :  1.09827e-07
 Reference value :  1.09927e-07
 Reference value :  1.10077e-07
 Reference value :  1.10227e-07
 Reference value :  1.10377e-07
 Reference value :  1.10477e-07
 Reference value :  1.10627e-07
 Reference value :  1.10777e-07
 Reference value :  1.10927e-07
 Reference value :  1.11077e-07
 Reference value :  1.11169e-07
 Reference value :  1.11314e-07
 Reference value :  1.11464e-07
 Reference value :  1.11564e-07
 Reference value :  1.11664e-07
 Reference value :  1.11764e-07
 Reference value :  1.11914e-07
 Reference value :  1.12014e-07
 Reference value :  1.12164e-07
 Reference value :  1.12264e-07
 Reference value :  1.12414e-07
 Reference value :  1.12514e-07
 Reference value :  1.12614e-07
 Reference value :  1.12703e-07
 Reference value :  1.12742e-07
 Reference value :  1.12871e-07
 Reference value :  1.12971e-07
 Reference value :  1.13071e-07
 Reference value :  1.13171e-07
 Reference value :  1.13321e-07
 Reference value :  1.13471e-07
 Reference value :  1.13571e-07
 Reference value :  1.13671e-07
 Reference value :  1.13821e-07
 Reference value :  1.13971e-07
 Reference value :  1.14071e-07
 Reference value :  1.14171e-07
 Reference value :  1.14271e-07
 Reference value :  1.14313e-07
 Reference value :  1.14456e-07
 Reference value :  1.14606e-07
 Reference value :  1.14706e-07
 Reference value :  1.14856e-07
 Reference value :  1.14956e-07
 Reference value :  1.15106e-07
 Reference value :  1.15206e-07
 Reference value :  1.15356e-07
 Reference value :  1.15506e-07
 Reference value :  1.15606e-07
 Reference value :  1.15706e-07
 Reference value :  1.15806e-07
 Reference value :  1.15850e-07
 Reference value :  1.15934e-07
 Reference value :  1.16078e-07
 Reference value :  1.16178e-07
 Reference value :  1.16328e-07
 Reference value :  1.16478e-07
 Reference value :  1.16578e-07
 Reference value :  1.16678e-07
 Reference value :  1.16778e-07
 Reference value :  1.16878e-07
 Reference value :  1.17028e-07
 Reference value :  1.17178e-07
 Reference value :  1.17328e-07
 Reference value :  1.17428e-07
 Reference value :  1.17527e-07
 Reference value :  1.17677e-07
 Reference value :  1.17777e-07
 Reference value :  1.17877e-07
 Reference value :  1.17977e-07
 Reference value :  1.18127e-07
 Reference value :  1.18277e-07
 Reference value :  1.18377e-07
 Reference value :  1.18477e-07
 Reference value :  1.18627e-07
 Reference value :  1.18777e-07
 Reference value :  1.18877e-07
 Reference value :  1.18977e-07
 Reference value :  1.19013e-07
 Reference value :  1.19152e-07
 Reference value :  1.19252e-07
 Reference value :  1.19352e-07
 Reference value :  1.19452e-07
 Reference value :  1.19602e-07
 Reference value :  1.19702e-07
 Reference value :  1.19852e-07
 Reference value :  1.19952e-07
 Reference value :  1.20102e-07
 Reference value :  1.20252e-07
 Reference value :  1.20402e-07
 Reference value :  1.20502e-07
 Reference value :  1.20585e-07
 Reference value :  1.20718e-07
 Reference value :  1.20868e-07
 Reference value :  1.20968e-07
 Reference value :  1.21118e-07
 Reference value :  1.21218e-07
 Reference value :  1.21368e-07
 Reference value :  1.21518e-07
 Reference value :  1.21618e-07
 Reference value :  1.21768e-07
 Reference value :  1.21868e-07
 Reference value :  1.22018e-07
 Reference value :  1.22118e-07
 Reference value :  1.22153e-07
 Reference value :  1.22242e-07
 Reference value :  1.22342e-07
 Reference value :  1.22442e-07
 Reference value :  1.22542e-07
 Reference value :  1.22692e-07
 Reference value :  1.22842e-07
 Reference value :  1.22942e-07
 Reference value :  1.23042e-07
 Reference value :  1.23192e-07
 Reference value :  1.23342e-07
 Reference value :  1.23442e-07
 Reference value :  1.23542e-07
 Reference value :  1.23642e-07
 Reference value :  1.23725e-07
 Reference value :  1.23802e-07
 Reference value :  1.23945e-07
 Reference value :  1.24045e-07
 Reference value :  1.24145e-07
 Reference value :  1.24245e-07
 Reference value :  1.24345e-07
 Reference value :  1.24445e-07
 Reference value :  1.24595e-07
 Reference value :  1.24695e-07
 Reference value :  1.24845e-07
 Reference value :  1.24945e-07
 Reference value :  1.25095e-07
 Reference value :  1.25195e-07
 Reference value :  1.25282e-07
 Reference value :  1.25365e-07
 Reference value :  1.25506e-07
 Reference value :  1.25606e-07
 Reference value :  1.25756e-07
 Reference value :  1.25856e-07
 Reference value :  1.25956e-07
 Reference value :  1.26106e-07
 Reference value :  1.26206e-07
 Reference value :  1.26356e-07
 Reference value :  1.26506e-07
 Reference value :  1.26656e-07
 Reference value :  1.26806e-07
 Reference value :  1.26900e-07
 Reference value :  1.27044e-07
 Reference value :  1.27144e-07
 Reference value :  1.27294e-07
 Reference value :  1.27394e-07
 Reference value :  1.27544e-07
 Reference value :  1.27694e-07
 Reference value :  1.27794e-07
 Reference value :  1.27894e-07
 Reference value :  1.27994e-07
 Reference value :  1.28144e-07
 Reference value :  1.28244e-07
 Reference value :  1.28344e-07
 Reference value :  1.28430e-07
 Reference value :  1.28517e-07
 Reference value :  1.28609e-07
 Reference value :  1.28709e-07
 Reference value :  1.28859e-07
 Reference value :  1.28959e-07
 Reference value :  1.29109e-07
 Reference value :  1.29259e-07
 Reference value :  1.29359e-07
 Reference value :  1.29509e-07
 Reference value :  1.29659e-07
 Reference value :  1.29809e-07
 Reference value :  1.29959e-07
 Reference value :  1.29998e-07
 Reference value :  1.30038e-07
 Reference value :  1.30169e-07
 Reference value :  1.30319e-07
 Reference value :  1.30469e-07
 Reference value :  1.30569e-07
 Reference value :  1.30669e-07
 Reference value :  1.30769e-07
 Reference value :  1.30919e-07
 Reference value :  1.31069e-07
 Reference value :  1.31169e-07
 Reference value :  1.31319e-07
 Reference value :  1.31469e-07
 Reference value :  1.31563e-07
 Reference value :  1.31604e-07
 Reference value :  1.31687e-07
 Reference value :  1.31837e-07
 Reference value :  1.31937e-07
 Reference value :  1.32037e-07
 Reference value :  1.32187e-07
 Reference value :  1.32287e-07
 Reference value :  1.32387e-07
 Reference value :  1.32537e-07
 Reference value :  1.32687e-07
 Reference value :  1.32837e-07
 Reference value :  1.33037e-07
 Reference value :  1.33137e-07
 Reference value :  1.33179e-07
 Reference value :  1.33272e-07
 Reference value :  1.33372e-07
 Reference value :  1.33472e-07
 Reference value :  1.33572e-07
 Reference value :  1.33672e-07
 Reference value :  1.33772e-07
 Reference value :  1.33872e-07
 Reference value :  1.33972e-07
 Reference value :  1.34072e-07
 Reference value :  1.34172e-07
 Reference value :  1.34322e-07
 Reference value :  1.34422e-07
 Reference value :  1.34572e-07
 Reference value :  1.34672e-07
 Reference value :  1.34712e-07
 Reference value :  1.34750e-07
 Reference value :  1.34828e-07
 Reference value :  1.34928e-07
 Reference value :  1.35028e-07
 Reference value :  1.35128e-07
 Reference value :  1.35228e-07
 Reference value :  1.35378e-07
 Reference value :  1.35528e-07
 Reference value :  1.35628e-07
 Reference value :  1.35778e-07
 Reference value :  1.35928e-07
 Reference value :  1.36028e-07
 Reference value :  1.36178e-07
 Reference value :  1.36278e-07
 Reference value :  1.36317e-07
 Reference value :  1.36459e-07
 Reference value :  1.36609e-07
 Reference value :  1.36709e-07
 Reference value :  1.36809e-07
 Reference value :  1.36909e-07
 Reference value :  1.37059e-07
 Reference value :  1.37159e-07
 Reference value :  1.37309e-07
 Reference value :  1.37459e-07
 Reference value :  1.37559e-07
 Reference value :  1.37709e-07
 Reference value :  1.37809e-07
 Reference value :  1.37900e-07
 Reference value :  1.37989e-07
 Reference value :  1.38139e-07
 Reference value :  1.38239e-07
 Reference value :  1.38339e-07
 Reference value :  1.38439e-07
 Reference value :  1.38539e-07
 Reference value :  1.38689e-07
 Reference value :  1.38789e-07
 Reference value :  1.38889e-07
 Reference value :  1.38989e-07
 Reference value :  1.39139e-07
 Reference value :  1.39239e-07
 Reference value :  1.39389e-07
 Reference value :  1.39433e-07
 Reference value :  1.39525e-07
 Reference value :  1.39675e-07
 Reference value :  1.39825e-07
 Reference value :  1.39975e-07
 Reference value :  1.40075e-07
 Reference value :  1.40225e-07
 Reference value :  1.40325e-07
 Reference value :  1.40425e-07
 Reference value :  1.40575e-07
 Reference value :  1.40675e-07
 Reference value :  1.40775e-07
 Reference value :  1.40925e-07
 Reference value :  1.41011e-07
 Reference value :  1.41093e-07
 Reference value :  1.41187e-07
 Reference value :  1.41287e-07
 Reference value :  1.41437e-07
 Reference value :  1.41537e-07
 Reference value :  1.41637e-07
 Reference value :  1.41787e-07
 Reference value :  1.41887e-07
 Reference value :  1.42037e-07
 Reference value :  1.42137e-07
 Reference value :  1.42287e-07
 Reference value :  1.42437e-07
 Reference value :  1.42537e-07
 Reference value :  1.42576e-07
 Reference value :  1.42616e-07
 Reference value :  1.42748e-07
 Reference value :  1.42848e-07
 Reference value :  1.42948e-07
 Reference value :  1.43098e-07
 Reference value :  1.43198e-07
 Reference value :  1.43348e-07
 Reference value :  1.43448e-07
 Reference value :  1.43598e-07
 Reference value :  1.43748e-07
 Reference value :  1.43848e-07
 Reference value :  1.43948e-07
 Reference value :  1.44048e-07
 Reference value :  1.44148e-07
 Reference value :  1.44237e-07
 Reference value :  1.44335e-07
 Reference value :  1.44435e-07
 Reference value :  1.44535e-07
 Reference value :  1.44685e-07
 Reference value :  1.44785e-07
 Reference value :  1.44935e-07
 Reference value :  1.45035e-07
 Reference value :  1.45135e-07
 Reference value :  1.45235e-07
 Reference value :  1.45385e-07
 Reference value :  1.45535e-07
 Reference value :  1.45685e-07
 Reference value :  1.45721e-07
 Reference value :  1.45800e-07
 Reference value :  1.45941e-07
 Reference value :  1.46041e-07
 Reference value :  1.46141e-07
 Reference value :  1.46241e-07
 Reference value :  1.46341e-07
 Reference value :  1.46491e-07
 Reference value :  1.46591e-07
 Reference value :  1.46691e-07
 Reference value :  1.46841e-07
 Reference value :  1.46991e-07
 Reference value :  1.47141e-07
 Reference value :  1.47241e-07
 Reference value :  1.47285e-07
 Reference value :  1.47372e-07
 Reference value :  1.47519e-07
 Reference value :  1.47619e-07
 Reference value :  1.47719e-07
 Reference value :  1.47869e-07
 Reference value :  1.47969e-07
 Reference value :  1.48069e-07
 Reference value :  1.48169e-07
 Reference value :  1.48319e-07
 Reference value :  1.48469e-07
 Reference value :  1.48619e-07
 Reference value :  1.48769e-07
 Reference value :  1.48862e-07
 Reference value :  1.48954e-07
 Reference value :  1.49053e-07
 Reference value :  1.49203e-07
 Reference value :  1.49303e-07
 Reference value :  1.49403e-07
 Reference value :  1.49503e-07
 Reference value :  1.49603e-07
 Reference value :  1.49703e-07
 Reference value :  1.49803e-07
 Reference value :  1.49953e-07
 Reference value :  1.50053e-07
 Reference value :  1.50153e-07
 Reference value :  1.50303e-07
 Reference value :  1.50403e-07
 Reference value :  1.50439e-07
 Reference value :  1.50522e-07
 Reference value :  1.50665e-07
 Reference value :  1.50765e-07
 Reference value :  1.50915e-07
 Reference value :  1.51065e-07
 Reference value :  1.51165e-07
 Reference value :  1.51265e-07
 Reference value :  1.51415e-07
 Reference value :  1.51565e-07
 Reference value :  1.51715e-07
 Reference value :  1.51865e-07
 Reference value :  1.51965e-07
 Reference value :  1.52006e-07
 Reference value :  1.52052e-07
 Reference value :  1.52192e-07
 Reference value :  1.52292e-07
 Reference value :  1.52392e-07
 Reference value :  1.52542e-07
 Reference value :  1.52642e-07
 Reference value :  1.52792e-07
 Reference value :  1.52942e-07
 Reference value :  1.53092e-07
 Reference value :  1.53192e-07
 Reference value :  1.53292e-07
 Reference value :  1.53442e-07
 Reference value :  1.53542e-07
 Reference value :  1.53579e-07
 Reference value :  1.53705e-07
 Reference value :  1.53805e-07
 Reference value :  1.53905e-07
 Reference value :  1.54055e-07
 Reference value :  1.54155e-07
 Reference value :  1.54255e-07
 Reference value :  1.54405e-07
 Reference value :  1.54505e-07
 Reference value :  1.54655e-07
 Reference value :  1.54755e-07
 Reference value :  1.54905e-07
 Reference value :  1.55055e-07
 Reference value :  1.55155e-07
 Reference value :  1.55253e-07
 Reference value :  1.55353e-07
 Reference value :  1.55453e-07
 Reference value :  1.55553e-07
 Reference value :  1.55653e-07
 Reference value :  1.55753e-07
 Reference value :  1.55853e-07
 Reference value :  1.55953e-07
 Reference value :  1.56053e-07
 Reference value :  1.56203e-07
 Reference value :  1.56303e-07
 Reference value :  1.56453e-07
 Reference value :  1.56603e-07
 Reference value :  1.56703e-07
 Reference value :  1.56739e-07
 Reference value :  1.56878e-07
 Reference value :  1.56978e-07
 Reference value :  1.57078e-07
 Reference value :  1.57228e-07
 Reference value :  1.57328e-07
 Reference value :  1.57478e-07
 Reference value :  1.57578e-07
 Reference value :  1.57678e-07
 Reference value :  1.57778e-07
 Reference value :  1.57928e-07
 Reference value :  1.58078e-07
 Reference value :  1.58178e-07
 Reference value :  1.58278e-07
 Reference value :  1.58311e-07
 Reference value :  1.58390e-07
 Reference value :  1.58533e-07
 Reference value :  1.58633e-07
 Reference value :  1.58733e-07
 Reference value :  1.58833e-07
 Reference value :  1.58933e-07
 Reference value :  1.59033e-07
 Reference value :  1.59183e-07
 Reference value :  1.59283e-07
 Reference value :  1.59383e-07
 Reference value :  1.59533e-07
 Reference value :  1.59683e-07
 Reference value :  1.59783e-07
 Reference value :  1.59870e-07
 Reference value :  1.59955e-07
 Reference value :  1.60047e-07
 Reference value :  1.60147e-07
 Reference value :  1.60247e-07
 Reference value :  1.60397e-07
 Reference value :  1.60497e-07
 Reference value :  1.60647e-07
 Reference value :  1.60747e-07
 Reference value :  1.60897e-07
 Reference value :  1.61047e-07
 Reference value :  1.61147e-07
 Reference value :  1.61247e-07
 Reference value :  1.61397e-07
 Reference value :  1.61439e-07
 Reference value :  1.61480e-07
 Reference value :  1.61565e-07
 Reference value :  1.61665e-07
 Reference value :  1.61765e-07
 Reference value :  1.61915e-07
 Reference value :  1.62015e-07
 Reference value :  1.62115e-07
 Reference value :  1.62265e-07
 Reference value :  1.62365e-07
 Reference value :  1.62515e-07
 Reference value :  1.62665e-07
 Reference value :  1.62765e-07
 Reference value :  1.62915e-07
 Reference value :  1.63007e-07
 Reference value :  1.63046e-07
 Reference value :  1.63176e-07
 Reference value :  1.63276e-07
 Reference value :  1.63376e-07
 Reference value :  1.63476e-07
 Reference value :  1.63626e-07
 Reference value :  1.63726e-07
 Reference value :  1.63876e-07
 Reference value :  1.63976e-07
 Reference value :  1.64126e-07
 Reference value :  1.64276e-07
 Reference value :  1.64426e-07
 Reference value :  1.64526e-07
 Reference value :  1.64617e-07
 Reference value :  1.64710e-07
 Reference value :  1.64860e-07
 Reference value :  1.64960e-07
 Reference value :  1.65060e-07
 Reference value :  1.65160e-07
 Reference value :  1.65260e-07
 Reference value :  1.65360e-07
 Reference value :  1.65460e-07
 Reference value :  1.65610e-07
 Reference value :  1.65710e-07
 Reference value :  1.65810e-07
 Reference value :  1.65910e-07
 Reference value :  1.66060e-07
 Reference value :  1.66152e-07
 Reference value :  1.66191e-07
 Reference value :  1.66321e-07
 Reference value :  1.66421e-07
 Reference value :  1.66521e-07
 Reference value :  1.66671e-07
 Reference value :  1.66821e-07
 Reference value :  1.66921e-07
 Reference value :  1.67021e-07
 Reference value :  1.67121e-07
 Reference value :  1.67271e-07
 Reference value :  1.67371e-07
 Reference value :  1.67521e-07
 Reference value :  1.67621e-07
 Reference value :  1.67721e-07
 Reference value :  1.67762e-07
 Reference value :  1.67905e-07
 Reference value :  1.68055e-07
 Reference value :  1.68155e-07
 Reference value :  1.68305e-07
 Reference value :  1.68405e-07
 Reference value :  1.68505e-07
 Reference value :  1.68605e-07
 Reference value :  1.68755e-07
 Reference value :  1.68855e-07
 Reference value :  1.69005e-07
 Reference value :  1.69105e-07
 Reference value :  1.69255e-07
 Reference value :  1.69350e-07
 Reference value :  1.69488e-07
 Reference value :  1.69588e-07
 Reference value :  1.69738e-07
 Reference value :  1.69838e-07
 Reference value :  1.69938e-07
 Reference value :  1.70088e-07
 Reference value :  1.70188e-07
 Reference value :  1.70288e-07
 Reference value :  1.70438e-07
 Reference value :  1.70588e-07
 Reference value :  1.70688e-07
 Reference value :  1.70838e-07
 Reference value :  1.70874e-07
 Reference value :  1.70955e-07
 Reference value :  1.71046e-07
 Reference value :  1.71196e-07
 Reference value :  1.71296e-07
 Reference value :  1.71446e-07
 Reference value :  1.71596e-07
 Reference value :  1.71696e-07
 Reference value :  1.71796e-07
 Reference value :  1.71896e-07
 Reference value :  1.72046e-07
 Reference value :  1.72146e-07
 Reference value :  1.72246e-07
 Reference value :  1.72346e-07
 Reference value :  1.72446e-07
 Reference value :  1.72535e-07
 Reference value :  1.72633e-07
 Reference value :  1.72733e-07
 Reference value :  1.72833e-07
 Reference value :  1.72933e-07
 Reference value :  1.73033e-07
 Reference value :  1.73183e-07
 Reference value :  1.73283e-07
 Reference value :  1.73383e-07
 Reference value :  1.73483e-07
 Reference value :  1.73583e-07
 Reference value :  1.73733e-07
 Reference value :  1.73833e-07
 Reference value :  1.73933e-07
 Reference value :  1.74017e-07
 Reference value :  1.74098e-07
 Reference value :  1.74187e-07
 Reference value :  1.74337e-07
 Reference value :  1.74437e-07
 Reference value :  1.74537e-07
 Reference value :  1.74637e-07
 Reference value :  1.74737e-07
 Reference value :  1.74887e-07
 Reference value :  1.74987e-07
 Reference value :  1.75137e-07
 Reference value :  1.75237e-07
 Reference value :  1.75337e-07
 Reference value :  1.75437e-07
 Reference value :  1.75537e-07
 Reference value :  1.75581e-07
 Reference value :  1.75715e-07
 Reference value :  1.75865e-07
 Reference value :  1.76015e-07
 Reference value :  1.76115e-07
 Reference value :  1.76265e-07
 Reference value :  1.76365e-07
 Reference value :  1.76465e-07
 Reference value :  1.76565e-07
 Reference value :  1.76665e-07
 Reference value :  1.76815e-07
 Reference value :  1.76965e-07
 Reference value :  1.77115e-07
 Reference value :  1.77158e-07
 Reference value :  1.77250e-07
 Reference value :  1.77350e-07
 Reference value :  1.77500e-07
 Reference value :  1.77600e-07
 Reference value :  1.77750e-07
 Reference value :  1.77900e-07
 Reference value :  1.78050e-07
 Reference value :  1.78150e-07
 Reference value :  1.78300e-07
 Reference value :  1.78400e-07
 Reference value :  1.78550e-07
 Reference value :  1.78700e-07
 Reference value :  1.78736e-07
 Reference value :  1.78818e-07
 Reference value :  1.78962e-07
 Reference value :  1.79062e-07
 Reference value :  1.79212e-07
 Reference value :  1.79312e-07
 Reference value :  1.79412e-07
 Reference value :  1.79512e-07
 Reference value :  1.79612e-07
 Reference value :  1.79762e-07
 Reference value :  1.79912e-07
 Reference value :  1.80012e-07
 Reference value :  1.80112e-07
 Reference value :  1.80262e-07
 Reference value :  1.80302e-07
 Reference value :  1.80388e-07
 Reference value :  1.80485e-07
 Reference value :  1.80635e-07
 Reference value :  1.80735e-07
 Reference value :  1.80885e-07
 Reference value :  1.80985e-07
 Reference value :  1.81135e-07
 Reference value :  1.81285e-07
 Reference value :  1.81385e-07
 Reference value :  1.81535e-07
 Reference value :  1.81685e-07
 Reference value :  1.81785e-07
 Reference value :  1.81872e-07
 Reference value :  1.81911e-07
 Reference value :  1.81990e-07
 Reference value :  1.82090e-07
 Reference value :  1.82190e-07
 Reference value :  1.82290e-07
 Reference value :  1.82440e-07
 Reference value :  1.82540e-07
 Reference value :  1.82640e-07
 Reference value :  1.82740e-07
 Reference value :  1.82840e-07
 Reference value :  1.82990e-07
 Reference value :  1.83140e-07
 Reference value :  1.83290e-07
 Reference value :  1.83440e-07
 Reference value :  1.83481e-07
 Reference value :  1.83624e-07
 Reference value :  1.83774e-07
 Reference value :  1.83874e-07
 Reference value :  1.83974e-07
 Reference value :  1.84074e-07
 Reference value :  1.84224e-07
 Reference value :  1.84374e-07
 Reference value :  1.84524e-07
 Reference value :  1.84674e-07
 Reference value :  1.84774e-07
 Reference value :  1.84924e-07
 Reference value :  1.85018e-07
 Reference value :  1.85102e-07
 Reference value :  1.85247e-07
 Reference value :  1.85347e-07
 Reference value :  1.85497e-07
 Reference value :  1.85597e-07
 Reference value :  1.85697e-07
 Reference value :  1.85847e-07
 Reference value :  1.85947e-07
 Reference value :  1.86047e-07
 Reference value :  1.86147e-07
 Reference value :  1.86297e-07
 Reference value :  1.86447e-07
 Reference value :  1.86597e-07
 Reference value :  1.86647e-07
 Reference value :  1.86746e-07
 Reference value :  1.86896e-07
 Reference value :  1.86996e-07
 Reference value :  1.87096e-07
 Reference value :  1.87196e-07
 Reference value :  1.87296e-07
 Reference value :  1.87396e-07
 Reference value :  1.87496e-07
 Reference value :  1.87596e-07
 Reference value :  1.87746e-07
 Reference value :  1.87846e-07
 Reference value :  1.87946e-07
 Reference value :  1.88046e-07
 Reference value :  1.88182e-07
 Reference value :  1.88271e-07
 Reference value :  1.88371e-07
 Reference value :  1.88471e-07
 Reference value :  1.88571e-07
 Reference value :  1.88671e-07
 Reference value :  1.88771e-07
 Reference value :  1.88871e-07
 Reference value :  1.88971e-07
 Reference value :  1.89071e-07
 Reference value :  1.89171e-07
 Reference value :  1.89321e-07
 Reference value :  1.89471e-07
 Reference value :  1.89621e-07
 Reference value :  1.89721e-07
 Reference value :  1.89753e-07
 Reference value :  1.89835e-07
 Reference value :  1.89930e-07
 Reference value :  1.90080e-07
 Reference value :  1.90180e-07
 Reference value :  1.90280e-07
 Reference value :  1.90380e-07
 Reference value :  1.90530e-07
 Reference value :  1.90630e-07
 Reference value :  1.90780e-07
 Reference value :  1.90930e-07
 Reference value :  1.91030e-07
 Reference value :  1.91180e-07
 Reference value :  1.91280e-07
 Reference value :  1.91316e-07
 Reference value :  1.91398e-07
 Reference value :  1.91492e-07
 Reference value :  1.91592e-07
 Reference value :  1.91692e-07
 Reference value :  1.91842e-07
 Reference value :  1.91992e-07
 Reference value :  1.92142e-07
 Reference value :  1.92242e-07
 Reference value :  1.92392e-07
 Reference value :  1.92542e-07
 Reference value :  1.92692e-07
 Reference value :  1.92842e-07
 Reference value :  1.92880e-07
 Reference value :  1.92917e-07
 Reference value :  1.93045e-07
 Reference value :  1.93145e-07
 Reference value :  1.93245e-07
 Reference value :  1.93345e-07
 Reference value :  1.93445e-07
 Reference value :  1.93595e-07
 Reference value :  1.93745e-07
 Reference value :  1.93895e-07
 Reference value :  1.94045e-07
 Reference value :  1.94145e-07
 Reference value :  1.94295e-07
 Reference value :  1.94445e-07
 Reference value :  1.94584e-07
 Reference value :  1.94684e-07
 Reference value :  1.94784e-07
 Reference value :  1.94934e-07
 Reference value :  1.95084e-07
 Reference value :  1.95184e-07
 Reference value :  1.95334e-07
 Reference value :  1.95484e-07
 Reference value :  1.95584e-07
 Reference value :  1.95684e-07
 Reference value :  1.95784e-07
 Reference value :  1.95884e-07
 Reference value :  1.95984e-07
 Reference value :  1.96067e-07
 Reference value :  1.96202e-07
 Reference value :  1.96352e-07
 Reference value :  1.96452e-07
 Reference value :  1.96552e-07
 Reference value :  1.96652e-07
 Reference value :  1.96802e-07
 Reference value :  1.96902e-07
 Reference value :  1.97052e-07
 Reference value :  1.97202e-07
 Reference value :  1.97302e-07
 Reference value :  1.97452e-07
 Reference value :  1.97552e-07
 Reference value :  1.97591e-07
 Reference value :  1.97629e-07
 Reference value :  1.97708e-07
 Reference value :  1.97808e-07
 Reference value :  1.97908e-07
 Reference value :  1.98058e-07
 Reference value :  1.98208e-07
 Reference value :  1.98358e-07
 Reference value :  1.98458e-07
 Reference value :  1.98558e-07
 Reference value :  1.98658e-07
 Reference value :  1.98808e-07
 Reference value :  1.98958e-07
 Reference value :  1.99108e-07
 Reference value :  1.99197e-07
 Reference value :  1.99339e-07
 Reference value :  1.99489e-07
 Reference value :  1.99589e-07
 Reference value :  1.99739e-07
 Reference value :  1.99889e-07
 Reference value :  2.00000e-07
No. of Data Rows : 4090
Doing analysis at TEMP = 27.000000 and TNOM = 27.000000

Using KLU as Direct Linear Solver
Operating point simulation skipped by 'uic',
  now using transient initial conditions.
 Reference value :  5.27771e-13
 Reference value :  9.16558e-13
 Reference value :  2.72928e-12
 Reference value :  1.33738e-11
 Reference value :  5.00000e-11
 Reference value :  7.79666e-11
 Reference value :  1.57798e-10
 Reference value :  2.57798e-10
 Reference value :  3.57798e-10
 Reference value :  4.56019e-10
 Reference value :  5.56019e-10
 Reference value :  6.56019e-10
 Reference value :  7.56019e-10
 Reference value :  8.56019e-10
 Reference value :  8.94714e-10
 Reference value :  9.26782e-10
 Reference value :  9.89425e-10
 Reference value :  1.08942e-09
 Reference value :  1.18942e-09
 Reference value :  1.28010e-09
 Reference value :  1.35768e-09
 Reference value :  1.43089e-09
 Reference value :  1.53089e-09
 Reference value :  1.63089e-09
 Reference value :  1.73089e-09
 Reference value :  1.83089e-09
 Reference value :  1.86887e-09
 Reference value :  1.90077e-09
 Reference value :  1.96321e-09
 Reference value :  2.01321e-09
 Reference value :  2.11321e-09
 Reference value :  2.21321e-09
 Reference value :  2.25126e-09
 Reference value :  2.33969e-09
 Reference value :  2.41920e-09
 Reference value :  2.51920e-09
 Reference value :  2.61920e-09
 Reference value :  2.71920e-09
 Reference value :  2.81920e-09
 Reference value :  2.85230e-09
 Reference value :  2.92292e-09
 Reference value :  3.00625e-09
 Reference value :  3.10625e-09
 Reference value :  3.20625e-09
 Reference value :  3.24550e-09
 Reference value :  3.27105e-09
 Reference value :  3.32478e-09
 Reference value :  3.39358e-09
 Reference value :  3.48735e-09
 Reference value :  3.58735e-09
 Reference value :  3.68735e-09
 Reference value :  3.78735e-09
 Reference value :  3.81987e-09
 Reference value :  3.89569e-09
 Reference value :  3.98195e-09
 Reference value :  4.13195e-09
 Reference value :  4.23195e-09
 Reference value :  4.26255e-09
 Reference value :  4.34097e-09
 Reference value :  4.43730e-09
 Reference value :  4.53730e-09
 Reference value :  4.63730e-09
 Reference value :  4.73730e-09
 Reference value :  4.81843e-09
 Reference value :  4.88543e-09
 Reference value :  4.98543e-09
 Reference value :  5.08543e-09
 Reference value :  5.17775e-09
 Reference value :  5.20600e-09
 Reference value :  5.27157e-09
 Reference value :  5.35313e-09
 Reference value :  5.45313e-09
 Reference value :  5.55313e-09
 Reference value :  5.65313e-09
 Reference value :  5.75313e-09
 Reference value :  5.85311e-09
 Reference value :  5.95311e-09
 Reference value :  6.05311e-09
 Reference value :  6.15311e-09
 Reference value :  6.17915e-09
 Reference value :  6.24599e-09
 Reference value :  6.33172e-09
 Reference value :  6.43172e-09
 Reference value :  6.53172e-09
 Reference value :  6.63172e-09
 Reference value :  6.67650e-09
 Reference value :  6.70293e-09
 Reference value :  6.72928e-09
 Reference value :  6.78282e-09
 Reference value :  6.88282e-09
 Reference value :  6.98282e-09
 Reference value :  7.08282e-09
 Reference value :  7.12695e-09
 Reference value :  7.15337e-09
 Reference value :  7.20872e-09
 Reference value :  7.27436e-09
 Reference value :  7.36248e-09
 Reference value :  7.46248e-09
 Reference value :  7.56248e-09
 Reference value :  7.66248e-09
 Reference value :  7.69735e-09
 Reference value :  7.77396e-09
 Reference value :  7.86150e-09
 Reference value :  7.96150e-09
 Reference value :  8.06150e-09
 Reference value :  8.11069e-09
 Reference value :  8.15133e-09
 Reference value :  8.23652e-09
 Reference value :  8.33652e-09
 Reference value :  8.43652e-09
 Reference value :  8.53652e-09
 Reference value :  8.63652e-09
 Reference value :  8.66949e-09
 Reference value :  8.74446e-09
 Reference value :  8.83542e-09
 Reference value :  8.93542e-09
 Reference value :  9.03542e-09
 Reference value :  9.06734e-09
 Reference value :  9.09233e-09
 Reference value :  9.15507e-09
 Reference value :  9.25352e-09
 Reference value :  9.35352e-09
 Reference value :  9.45352e-09
 Reference value :  9.55352e-09
 Reference value :  9.63587e-09
 Reference value :  9.71002e-09
 Reference value :  9.80126e-09
 Reference value :  9.90126e-09
 Reference value :  1.00013e-08
 Reference value :  1.00373e-08
 Reference value :  1.00656e-08
 Reference value :  1.01325e-08
 Reference value :  1.02325e-08
 Reference value :  1.03325e-08
 Reference value :  1.04325e-08
 Reference value :  1.05716e-08
 Reference value :  1.06018e-08
 Reference value :  1.06713e-08
 Reference value :  1.07713e-08
 Reference value :  1.08713e-08
 Reference value :  1.09713e-08
 Reference value :  1.10503e-08
 Reference value :  1.11276e-08
 Reference value :  1.12276e-08
 Reference value :  1.13276e-08
 Reference value :  1.14276e-08
 Reference value :  1.15201e-08
 Reference value :  1.15758e-08
 Reference value :  1.16801e-08
 Reference value :  1.17801e-08
 Reference value :  1.18801e-08
 Reference value :  1.19801e-08
 Reference value :  1.20096e-08
 Reference value :  1.20876e-08
 Reference value :  1.21787e-08
 Reference value :  1.22787e-08
 Reference value :  1.23787e-08
 Reference value :  1.24787e-08
 Reference value :  1.25629e-08
 Reference value :  1.26342e-08
 Reference value :  1.27342e-08
 Reference value :  1.28342e-08
 Reference value :  1.29277e-08
 Reference value :  1.29556e-08
 Reference value :  1.30118e-08
 Reference value :  1.30827e-08
 Reference value :  1.31769e-08
 Reference value :  1.32769e-08
 Reference value :  1.33769e-08
 Reference value :  1.34769e-08
 Reference value :  1.35166e-08
 Reference value :  1.36084e-08
 Reference value :  1.37084e-08
 Reference value :  1.38084e-08
 Reference value :  1.39084e-08
 Reference value :  1.39349e-08
 Reference value :  1.39977e-08
 Reference value :  1.40800e-08
 Reference value :  1.41789e-08
 Reference value :  1.42789e-08
 Reference value :  1.43789e-08
 Reference value :  1.44596e-08
 Reference value :  1.45238e-08
 Reference value :  1.46079e-08
 Reference value :  1.47079e-08
 Reference value :  1.48079e-08
 Reference value :  1.48518e-08
 Reference value :  1.48796e-08
 Reference value :  1.49360e-08
 Reference value :  1.50067e-08
 Reference value :  1.51003e-08
 Reference value :  1.52003e-08
 Reference value :  1.53003e-08
 Reference value :  1.54003e-08
 Reference value :  1.54384e-08
 Reference value :  1.55291e-08
 Reference value :  1.56283e-08
 Reference value :  1.57283e-08
 Reference value :  1.58283e-08
 Reference value :  1.58555e-08
 Reference value :  1.59172e-08
 Reference value :  1.59936e-08
 Reference value :  1.60880e-08
 Reference value :  1.61880e-08
 Reference value :  1.62880e-08
 Reference value :  1.63285e-08
 Reference value :  1.63616e-08
 Reference value :  1.64350e-08
 Reference value :  1.65234e-08
 Reference value :  1.66234e-08
 Reference value :  1.67234e-08
 Reference value :  1.68140e-08
 Reference value :  1.68956e-08
 Reference value :  1.69887e-08
 Reference value :  1.70887e-08
 Reference value :  1.71887e-08
 Reference value :  1.72887e-08
 Reference value :  1.73310e-08
 Reference value :  1.73612e-08
 Reference value :  1.74330e-08
 Reference value :  1.75330e-08
 Reference value :  1.76330e-08
 Reference value :  1.77330e-08
 Reference value :  1.77632e-08
 Reference value :  1.77889e-08
 Reference value :  1.78478e-08
 Reference value :  1.79478e-08
 Reference value :  1.80478e-08
 Reference value :  1.81478e-08
 Reference value :  1.82478e-08
 Reference value :  1.82909e-08
 Reference value :  1.83206e-08
 Reference value :  1.83891e-08
 Reference value :  1.84775e-08
 Reference value :  1.85775e-08
 Reference value :  1.86775e-08
 Reference value :  1.87218e-08
 Reference value :  1.87497e-08
 Reference value :  1.88065e-08
 Reference value :  1.88755e-08
 Reference value :  1.89662e-08
 Reference value :  1.90662e-08
 Reference value :  1.91662e-08
 Reference value :  1.92624e-08
 Reference value :  1.93027e-08
 Reference value :  1.93915e-08
 Reference value :  1.94915e-08
 Reference value :  1.95915e-08
 Reference value :  1.96855e-08
 Reference value :  1.97121e-08
 Reference value :  1.97690e-08
 Reference value :  1.98392e-08
 Reference value :  1.99307e-08
 Reference value :  2.00307e-08
 Reference value :  2.01307e-08
 Reference value :  2.02274e-08
 Reference value :  2.03139e-08
 Reference value :  2.04127e-08
 Reference value :  2.05127e-08
 Reference value :  2.06127e-08
 Reference value :  2.06901e-08
 Reference value :  2.07602e-08
 Reference value :  2.08496e-08
 Reference value :  2.09496e-08
 Reference value :  2.10496e-08
 Reference value :  2.11496e-08
 Reference value :  2.11853e-08
 Reference value :  2.12119e-08
 Reference value :  2.13226e-08
 Reference value :  2.14226e-08
 Reference value :  2.15226e-08
 Reference value :  2.16554e-08
 Reference value :  2.17169e-08
 Reference value :  2.17944e-08
 Reference value :  2.18914e-08
 Reference value :  2.19914e-08
 Reference value :  2.20914e-08
 Reference value :  2.21317e-08
 Reference value :  2.21586e-08
 Reference value :  2.21850e-08
 Reference value :  2.22380e-08
 Reference value :  2.23380e-08
 Reference value :  2.24380e-08
 Reference value :  2.25380e-08
 Reference value :  2.26178e-08
 Reference value :  2.26906e-08
 Reference value :  2.27791e-08
 Reference value :  2.28791e-08
 Reference value :  2.29791e-08
 Reference value :  2.30791e-08
 Reference value :  2.31655e-08
 Reference value :  2.32437e-08
 Reference value :  2.33437e-08
 Reference value :  2.34437e-08
 Reference value :  2.35372e-08
 Reference value :  2.35645e-08
 Reference value :  2.36198e-08
 Reference value :  2.36868e-08
 Reference value :  2.37763e-08
 Reference value :  2.38263e-08
 Reference value :  2.39263e-08
 Reference value :  2.40263e-08
 Reference value :  2.41103e-08
 Reference value :  2.41869e-08
 Reference value :  2.42731e-08
 Reference value :  2.43731e-08
 Reference value :  2.44731e-08
 Reference value :  2.45231e-08
 Reference value :  2.45551e-08
 Reference value :  2.46340e-08
 Reference value :  2.47340e-08
 Reference value :  2.48340e-08
 Reference value :  2.49340e-08
 Reference value :  2.50340e-08
 Reference value :  2.50709e-08
 Reference value :  2.51021e-08
 Reference value :  2.51305e-08
 Reference value :  2.52099e-08
 Reference value :  2.53099e-08
 Reference value :  2.54099e-08
 Reference value :  2.54519e-08
 Reference value :  2.55385e-08
 Reference value :  2.56177e-08
 Reference value :  2.57177e-08
 Reference value :  2.58177e-08
 Reference value :  2.59177e-08
 Reference value :  2.60177e-08
 Reference value :  2.60518e-08
 Reference value :  2.60881e-08
 Reference value :  2.61528e-08
 Reference value :  2.62528e-08
 Reference value :  2.63528e-08
 Reference value :  2.64439e-08
 Reference value :  2.64725e-08
 Reference value :  2.65366e-08
 Reference value :  2.66194e-08
 Reference value :  2.67194e-08
 Reference value :  2.68194e-08
 Reference value :  2.69194e-08
 Reference value :  2.70130e-08
 Reference value :  2.71053e-08
 Reference value :  2.72053e-08
 Reference value :  2.73053e-08
 Reference value :  2.74053e-08
 Reference value :  2.74482e-08
 Reference value :  2.75342e-08
 Reference value :  2.76342e-08
 Reference value :  2.77842e-08
 Reference value :  2.78842e-08
 Reference value :  2.79842e-08
 Reference value :  2.80830e-08
 Reference value :  2.81830e-08
 Reference value :  2.82830e-08
 Reference value :  2.83830e-08
 Reference value :  2.84095e-08
 Reference value :  2.84771e-08
 Reference value :  2.85616e-08
 Reference value :  2.86616e-08
 Reference value :  2.87616e-08
 Reference value :  2.88616e-08
 Reference value :  2.89405e-08
 Reference value :  2.89675e-08
 Reference value :  2.90768e-08
 Reference value :  2.91768e-08
 Reference value :  2.92768e-08
 Reference value :  2.93268e-08
 Reference value :  2.93768e-08
 Reference value :  2.94060e-08
 Reference value :  2.94678e-08
 Reference value :  2.95438e-08
 Reference value :  2.96382e-08
 Reference value :  2.97382e-08
 Reference value :  2.98382e-08
 Reference value :  2.99223e-08
 Reference value :  2.99546e-08
 Reference value :  3.00167e-08
 Reference value :  3.01167e-08
 Reference value :  3.02167e-08
 Reference value :  3.03167e-08
 Reference value :  3.03571e-08
 Reference value :  3.04455e-08
 Reference value :  3.05410e-08
 Reference value :  3.06410e-08
 Reference value :  3.07410e-08
 Reference value :  3.08410e-08
 Reference value :  3.09253e-08
 Reference value :  3.10113e-08
 Reference value :  3.11113e-08
 Reference value :  3.12113e-08
 Reference value :  3.13113e-08
 Reference value :  3.13392e-08
 Reference value :  3.14093e-08
 Reference value :  3.14957e-08
 Reference value :  3.15957e-08
 Reference value :  3.16957e-08
 Reference value :  3.17957e-08
 Reference value :  3.18864e-08
 Reference value :  3.19753e-08
 Reference value :  3.20753e-08
 Reference value :  3.21753e-08
 Reference value :  3.22753e-08
 Reference value :  3.23024e-08
 Reference value :  3.23641e-08
 Reference value :  3.24395e-08
 Reference value :  3.25328e-08
 Reference value :  3.26328e-08
 Reference value :  3.27328e-08
 Reference value :  3.28189e-08
 Reference value :  3.28934e-08
 Reference value :  3.29764e-08
 Reference value :  3.30764e-08
 Reference value :  3.31764e-08
 Reference value :  3.32170e-08
 Reference value :  3.32469e-08
 Reference value :  3.33144e-08
 Reference value :  3.33977e-08
 Reference value :  3.34977e-08
 Reference value :  3.35977e-08
 Reference value :  3.36977e-08
 Reference value :  3.37881e-08
 Reference value :  3.38733e-08
 Reference value :  3.39684e-08
 Reference value :  3.40684e-08
 Reference value :  3.41684e-08
 Reference value :  3.42184e-08
 Reference value :  3.42488e-08
 Reference value :  3.43218e-08
 Reference value :  3.44145e-08
 Reference value :  3.45145e-08
 Reference value :  3.46145e-08
 Reference value :  3.47145e-08
 Reference value :  3.47523e-08
 Reference value :  3.47832e-08
 Reference value :  3.48982e-08
 Reference value :  3.49982e-08
 Reference value :  3.51482e-08
 Reference value :  3.51838e-08
 Reference value :  3.52087e-08
 Reference value :  3.52760e-08
 Reference value :  3.53658e-08
 Reference value :  3.54658e-08
 Reference value :  3.55658e-08
 Reference value :  3.56658e-08
 Reference value :  3.57471e-08
 Reference value :  3.58162e-08
 Reference value :  3.59031e-08
 Reference value :  3.60031e-08
 Reference value :  3.61031e-08
 Reference value :  3.61531e-08
 Reference value :  3.61800e-08
 Reference value :  3.62422e-08
 Reference value :  3.63199e-08
 Reference value :  3.64150e-08
 Reference value :  3.65150e-08
 Reference value :  3.66150e-08
 Reference value :  3.66990e-08
 Reference value :  3.67323e-08
 Reference value :  3.67949e-08
 Reference value :  3.68949e-08
 Reference value :  3.69949e-08
 Reference value :  3.70878e-08
 Reference value :  3.71717e-08
 Reference value :  3.72527e-08
 Reference value :  3.73527e-08
 Reference value :  3.74527e-08
 Reference value :  3.75527e-08
 Reference value :  3.76527e-08
 Reference value :  3.76854e-08
 Reference value :  3.77587e-08
 Reference value :  3.78424e-08
 Reference value :  3.79424e-08
 Reference value :  3.80424e-08
 Reference value :  3.81191e-08
 Reference value :  3.81864e-08
 Reference value :  3.82672e-08
 Reference value :  3.83672e-08
 Reference value :  3.84672e-08
 Reference value :  3.85672e-08
 Reference value :  3.86507e-08
 Reference value :  3.87264e-08
 Reference value :  3.88135e-08
 Reference value :  3.89135e-08
 Reference value :  3.90135e-08
 Reference value :  3.90635e-08
 Reference value :  3.90898e-08
 Reference value :  3.91590e-08
 Reference value :  3.92426e-08
 Reference value :  3.93426e-08
 Reference value :  3.94426e-08
 Reference value :  3.95426e-08
 Reference value :  3.96255e-08
 Reference value :  3.97029e-08
 Reference value :  3.97948e-08
 Reference value :  3.98948e-08
 Reference value :  3.99948e-08
 Reference value :  4.00247e-08
 Reference value :  4.00502e-08
 Reference value :  4.01091e-08
 Reference value :  4.02091e-08
 Reference value :  4.03091e-08
 Reference value :  4.03591e-08
 Reference value :  4.04591e-08
 Reference value :  4.05591e-08
 Reference value :  4.05913e-08
 Reference value :  4.06659e-08
 Reference value :  4.07570e-08
 Reference value :  4.08570e-08
 Reference value :  4.09570e-08
 Reference value :  4.09881e-08
 Reference value :  4.10136e-08
 Reference value :  4.10755e-08
 Reference value :  4.11755e-08
 Reference value :  4.12755e-08
 Reference value :  4.13755e-08
 Reference value :  4.14755e-08
 Reference value :  4.15184e-08
 Reference value :  4.15480e-08
 Reference value :  4.16171e-08
 Reference value :  4.17056e-08
 Reference value :  4.18056e-08
 Reference value :  4.19056e-08
 Reference value :  4.19843e-08
 Reference value :  4.20464e-08
 Reference value :  4.22169e-08
 Reference value :  4.23169e-08
 Reference value :  4.24599e-08
 Reference value :  4.24940e-08
 Reference value :  4.25228e-08
 Reference value :  4.26323e-08
 Reference value :  4.27323e-08
 Reference value :  4.28323e-08
 Reference value :  4.29323e-08
 Reference value :  4.29704e-08
 Reference value :  4.30547e-08
 Reference value :  4.31547e-08
 Reference value :  4.32547e-08
 Reference value :  4.33547e-08
 Reference value :  4.34547e-08
 Reference value :  4.34880e-08
 Reference value :  4.35589e-08
 Reference value :  4.36432e-08
 Reference value :  4.37432e-08
 Reference value :  4.38432e-08
 Reference value :  4.39198e-08
 Reference value :  4.39824e-08
 Reference value :  4.40584e-08
 Reference value :  4.41570e-08
 Reference value :  4.42570e-08
 Reference value :  4.43570e-08
 Reference value :  4.44429e-08
 Reference value :  4.45223e-08
 Reference value :  4.46095e-08
 Reference value :  4.47095e-08
 Reference value :  4.48095e-08
 Reference value :  4.48542e-08
 Reference value :  4.48805e-08
 Reference value :  4.49439e-08
 Reference value :  4.50222e-08
 Reference value :  4.51217e-08
 Reference value :  4.52217e-08
 Reference value :  4.53217e-08
 Reference value :  4.54095e-08
 Reference value :  4.55433e-08
 Reference value :  4.56433e-08
 Reference value :  4.57433e-08
 Reference value :  4.58433e-08
 Reference value :  4.58751e-08
 Reference value :  4.59591e-08
 Reference value :  4.60571e-08
 Reference value :  4.61571e-08
 Reference value :  4.62571e-08
 Reference value :  4.63571e-08
 Reference value :  4.63878e-08
 Reference value :  4.64559e-08
 Reference value :  4.65363e-08
 Reference value :  4.66363e-08
 Reference value :  4.67363e-08
 Reference value :  4.68134e-08
 Reference value :  4.68416e-08
 Reference value :  4.69487e-08
 Reference value :  4.70476e-08
 Reference value :  4.71476e-08
 Reference value :  4.72476e-08
 Reference value :  4.73353e-08
 Reference value :  4.73640e-08
 Reference value :  4.74311e-08
 Reference value :  4.75688e-08
 Reference value :  4.76688e-08
 Reference value :  4.77633e-08
 Reference value :  4.77895e-08
 Reference value :  4.78447e-08
 Reference value :  4.79093e-08
 Reference value :  4.79964e-08
 Reference value :  4.80964e-08
 Reference value :  4.81964e-08
 Reference value :  4.82964e-08
 Reference value :  4.83286e-08
 Reference value :  4.83966e-08
 Reference value :  4.84805e-08
 Reference value :  4.85805e-08
 Reference value :  4.86805e-08
 Reference value :  4.87580e-08
 Reference value :  4.88198e-08
 Reference value :  4.88928e-08
 Reference value :  4.89842e-08
 Reference value :  4.90842e-08
 Reference value :  4.91842e-08
 Reference value :  4.92645e-08
 Reference value :  4.92927e-08
 Reference value :  4.93596e-08
 Reference value :  4.94596e-08
 Reference value :  4.95596e-08
 Reference value :  4.96596e-08
 Reference value :  4.97444e-08
 Reference value :  4.98173e-08
 Reference value :  4.99089e-08
 Reference value :  5.00089e-08
 Reference value :  5.01589e-08
 Reference value :  5.02462e-08
 Reference value :  5.02752e-08
 Reference value :  5.03881e-08
 Reference value :  5.04881e-08
 Reference value :  5.05881e-08
 Reference value :  5.06881e-08
 Reference value :  5.07286e-08
 Reference value :  5.08127e-08
 Reference value :  5.09127e-08
 Reference value :  5.10127e-08
 Reference value :  5.11127e-08
 Reference value :  5.12058e-08
 Reference value :  5.12358e-08
 Reference value :  5.13036e-08
 Reference value :  5.13910e-08
 Reference value :  5.15410e-08
 Reference value :  5.16410e-08
 Reference value :  5.16737e-08
 Reference value :  5.17348e-08
 Reference value :  5.18104e-08
 Reference value :  5.19057e-08
 Reference value :  5.20057e-08
 Reference value :  5.21057e-08
 Reference value :  5.21496e-08
 Reference value :  5.21826e-08
 Reference value :  5.22448e-08
 Reference value :  5.23264e-08
 Reference value :  5.24264e-08
 Reference value :  5.25264e-08
 Reference value :  5.26250e-08
 Reference value :  5.26635e-08
 Reference value :  5.27467e-08
 Reference value :  5.28467e-08
 Reference value :  5.29467e-08
 Reference value :  5.30467e-08
 Reference value :  5.31467e-08
 Reference value :  5.31790e-08
 Reference value :  5.32481e-08
 Reference value :  5.33341e-08
 Reference value :  5.34341e-08
 Reference value :  5.35341e-08
 Reference value :  5.35722e-08
 Reference value :  5.35971e-08
 Reference value :  5.36486e-08
 Reference value :  5.37130e-08
 Reference value :  5.38021e-08
 Reference value :  5.39021e-08
 Reference value :  5.40021e-08
 Reference value :  5.41021e-08
 Reference value :  5.41327e-08
 Reference value :  5.41611e-08
 Reference value :  5.42662e-08
 Reference value :  5.43650e-08
 Reference value :  5.44650e-08
 Reference value :  5.45650e-08
 Reference value :  5.45975e-08
 Reference value :  5.46656e-08
 Reference value :  5.47546e-08
 Reference value :  5.48546e-08
 Reference value :  5.50046e-08
 Reference value :  5.50989e-08
 Reference value :  5.51290e-08
 Reference value :  5.52029e-08
 Reference value :  5.53029e-08
 Reference value :  5.54529e-08
 Reference value :  5.55407e-08
 Reference value :  5.56149e-08
 Reference value :  5.56990e-08
 Reference value :  5.57990e-08
 Reference value :  5.58990e-08
 Reference value :  5.59990e-08
 Reference value :  5.60796e-08
 Reference value :  5.61443e-08
 Reference value :  5.62278e-08
 Reference value :  5.63278e-08
 Reference value :  5.64278e-08
 Reference value :  5.64677e-08
 Reference value :  5.64982e-08
 Reference value :  5.65560e-08
 Reference value :  5.66321e-08
 Reference value :  5.67779e-08
 Reference value :  5.68779e-08
 Reference value :  5.69779e-08
 Reference value :  5.70769e-08
 Reference value :  5.71719e-08
 Reference value :  5.72719e-08
 Reference value :  5.73719e-08
 Reference value :  5.74561e-08
 Reference value :  5.74813e-08
 Reference value :  5.75462e-08
 Reference value :  5.76441e-08
 Reference value :  5.77441e-08
 Reference value :  5.78441e-08
 Reference value :  5.79441e-08
 Reference value :  5.79855e-08
 Reference value :  5.80142e-08
 Reference value :  5.80828e-08
 Reference value :  5.81716e-08
 Reference value :  5.83216e-08
 Reference value :  5.84216e-08
 Reference value :  5.84527e-08
 Reference value :  5.85135e-08
 Reference value :  5.85890e-08
 Reference value :  5.86841e-08
 Reference value :  5.87841e-08
 Reference value :  5.88841e-08
 Reference value :  5.89270e-08
 Reference value :  5.89608e-08
 Reference value :  5.89898e-08
 Reference value :  5.91000e-08
 Reference value :  5.92000e-08
 Reference value :  5.93000e-08
 Reference value :  5.94000e-08
 Reference value :  5.94349e-08
 Reference value :  5.95153e-08
 Reference value :  5.96153e-08
 Reference value :  5.97153e-08
 Reference value :  5.98153e-08
 Reference value :  5.99153e-08
 Reference value :  5.99495e-08
 Reference value :  6.00103e-08
 Reference value :  6.00898e-08
 Reference value :  6.01898e-08
 Reference value :  6.02898e-08
 Reference value :  6.03276e-08
 Reference value :  6.04129e-08
 Reference value :  6.04907e-08
 Reference value :  6.05907e-08
 Reference value :  6.06907e-08
 Reference value :  6.07907e-08
 Reference value :  6.08907e-08
 Reference value :  6.09240e-08
 Reference value :  6.09962e-08
 Reference value :  6.10782e-08
 Reference value :  6.11782e-08
 Reference value :  6.12782e-08
 Reference value :  6.13222e-08
 Reference value :  6.13490e-08
 Reference value :  6.14102e-08
 Reference value :  6.14862e-08
 Reference value :  6.15838e-08
 Reference value :  6.16838e-08
 Reference value :  6.17838e-08
 Reference value :  6.18838e-08
 Reference value :  6.19838e-08
 Reference value :  6.20838e-08
 Reference value :  6.21838e-08
 Reference value :  6.22838e-08
 Reference value :  6.23094e-08
 Reference value :  6.23738e-08
 Reference value :  6.24590e-08
 Reference value :  6.26090e-08
 Reference value :  6.27090e-08
 Reference value :  6.28039e-08
 Reference value :  6.28314e-08
 Reference value :  6.28569e-08
 Reference value :  6.29675e-08
 Reference value :  6.30675e-08
 Reference value :  6.31675e-08
 Reference value :  6.32601e-08
 Reference value :  6.32862e-08
 Reference value :  6.33402e-08
 Reference value :  6.34414e-08
 Reference value :  6.35414e-08
 Reference value :  6.36414e-08
 Reference value :  6.37414e-08
 Reference value :  6.38222e-08
 Reference value :  6.38887e-08
 Reference value :  6.39701e-08
 Reference value :  6.40701e-08
 Reference value :  6.41701e-08
 Reference value :  6.42494e-08
 Reference value :  6.43069e-08
 Reference value :  6.43777e-08
 Reference value :  6.44688e-08
 Reference value :  6.45688e-08
 Reference value :  6.46688e-08
 Reference value :  6.47580e-08
 Reference value :  6.47892e-08
 Reference value :  6.48559e-08
 Reference value :  6.49427e-08
 Reference value :  6.50427e-08
 Reference value :  6.51427e-08
 Reference value :  6.51821e-08
 Reference value :  6.52072e-08
 Reference value :  6.52588e-08
 Reference value :  6.53193e-08
 Reference value :  6.54047e-08
 Reference value :  6.55047e-08
 Reference value :  6.56047e-08
 Reference value :  6.56990e-08
 Reference value :  6.57290e-08
 Reference value :  6.57793e-08
 Reference value :  6.59104e-08
 Reference value :  6.60104e-08
 Reference value :  6.61104e-08
 Reference value :  6.61546e-08
 Reference value :  6.61838e-08
 Reference value :  6.62384e-08
 Reference value :  6.63023e-08
 Reference value :  6.63897e-08
 Reference value :  6.64897e-08
 Reference value :  6.65897e-08
 Reference value :  6.66897e-08
 Reference value :  6.67273e-08
 Reference value :  6.67987e-08
 Reference value :  6.68862e-08
 Reference value :  6.69862e-08
 Reference value :  6.70862e-08
 Reference value :  6.71691e-08
 Reference value :  6.72499e-08
 Reference value :  6.73454e-08
 Reference value :  6.74454e-08
 Reference value :  6.75954e-08
 Reference value :  6.76828e-08
 Reference value :  6.77135e-08
 Reference value :  6.78237e-08
 Reference value :  6.79737e-08
 Reference value :  6.80650e-08
 Reference value :  6.81491e-08
 Reference value :  6.82278e-08
 Reference value :  6.83278e-08
 Reference value :  6.84278e-08
 Reference value :  6.85278e-08
 Reference value :  6.86278e-08
 Reference value :  6.86629e-08
 Reference value :  6.86947e-08
 Reference value :  6.87523e-08
 Reference value :  6.88523e-08
 Reference value :  6.89523e-08
 Reference value :  6.90456e-08
 Reference value :  6.90938e-08
 Reference value :  6.91317e-08
 Reference value :  6.92124e-08
 Reference value :  6.93124e-08
 Reference value :  6.94124e-08
 Reference value :  6.95124e-08
 Reference value :  6.96124e-08
 Reference value :  6.96455e-08
 Reference value :  6.97186e-08
 Reference value :  6.98016e-08
 Reference value :  6.99016e-08
 Reference value :  7.00016e-08
 Reference value :  7.00463e-08
 Reference value :  7.00726e-08
 Reference value :  7.01342e-08
 Reference value :  7.02088e-08
 Reference value :  7.03053e-08
 Reference value :  7.04053e-08
 Reference value :  7.05053e-08
 Reference value :  7.05996e-08
 Reference value :  7.06933e-08
 Reference value :  7.07933e-08
 Reference value :  7.08933e-08
 Reference value :  7.09933e-08
 Reference value :  7.10334e-08
 Reference value :  7.10705e-08
 Reference value :  7.11526e-08
 Reference value :  7.12526e-08
 Reference value :  7.13526e-08
 Reference value :  7.14526e-08
 Reference value :  7.15526e-08
 Reference value :  7.15820e-08
 Reference value :  7.16465e-08
 Reference value :  7.17268e-08
 Reference value :  7.18268e-08
 Reference value :  7.19768e-08
 Reference value :  7.20033e-08
 Reference value :  7.20667e-08
 Reference value :  7.21451e-08
 Reference value :  7.22951e-08
 Reference value :  7.23951e-08
 Reference value :  7.24951e-08
 Reference value :  7.25265e-08
 Reference value :  7.25543e-08
 Reference value :  7.26237e-08
 Reference value :  7.27206e-08
 Reference value :  7.28206e-08
 Reference value :  7.29206e-08
 Reference value :  7.30025e-08
 Reference value :  7.30695e-08
 Reference value :  7.31566e-08
 Reference value :  7.32566e-08
 Reference value :  7.33566e-08
 Reference value :  7.34566e-08
 Reference value :  7.35388e-08
 Reference value :  7.36723e-08
 Reference value :  7.37723e-08
 Reference value :  7.38723e-08
 Reference value :  7.39572e-08
 Reference value :  7.40210e-08
 Reference value :  7.40969e-08
 Reference value :  7.41908e-08
 Reference value :  7.42908e-08
 Reference value :  7.43908e-08
 Reference value :  7.44697e-08
 Reference value :  7.45004e-08
 Reference value :  7.45601e-08
 Reference value :  7.46601e-08
 Reference value :  7.47601e-08
 Reference value :  7.48601e-08
 Reference value :  7.49478e-08
 Reference value :  7.50310e-08
 Reference value :  7.51310e-08
 Reference value :  7.52310e-08
 Reference value :  7.53310e-08
 Reference value :  7.54310e-08
 Reference value :  7.54635e-08
 Reference value :  7.55322e-08
 Reference value :  7.56179e-08
 Reference value :  7.57179e-08
 Reference value :  7.58179e-08
 Reference value :  7.58592e-08
 Reference value :  7.58866e-08
 Reference value :  7.59408e-08
 Reference value :  7.60076e-08
 Reference value :  7.61476e-08
 Reference value :  7.62476e-08
 Reference value :  7.63476e-08
 Reference value :  7.64391e-08
 Reference value :  7.65147e-08
 Reference value :  7.66031e-08
 Reference value :  7.67031e-08
 Reference value :  7.68031e-08
 Reference value :  7.68840e-08
 Reference value :  7.69599e-08
 Reference value :  7.70599e-08
 Reference value :  7.71599e-08
 Reference value :  7.73099e-08
 Reference value :  7.73906e-08
 Reference value :  7.74556e-08
 Reference value :  7.75380e-08
 Reference value :  7.76380e-08
 Reference value :  7.77380e-08
 Reference value :  7.77791e-08
 Reference value :  7.78104e-08
 Reference value :  7.78730e-08
 Reference value :  7.79535e-08
 Reference value :  7.80535e-08
 Reference value :  7.81535e-08
 Reference value :  7.82535e-08
 Reference value :  7.82953e-08
 Reference value :  7.83354e-08
 Reference value :  7.83734e-08
 Reference value :  7.85045e-08
 Reference value :  7.86045e-08
 Reference value :  7.87045e-08
 Reference value :  7.87488e-08
 Reference value :  7.87770e-08
 Reference value :  7.88398e-08
 Reference value :  7.89167e-08
 Reference value :  7.90633e-08
 Reference value :  7.91633e-08
 Reference value :  7.92561e-08
 Reference value :  7.93465e-08
 Reference value :  7.94877e-08
 Reference value :  7.95877e-08
 Reference value :  7.96877e-08
 Reference value :  7.97643e-08
 Reference value :  7.98320e-08
 Reference value :  7.99685e-08
 Reference value :  8.00685e-08
 Reference value :  8.01685e-08
 Reference value :  8.02685e-08
 Reference value :  8.02996e-08
 Reference value :  8.03820e-08
 Reference value :  8.04277e-08
 Reference value :  8.05277e-08
 Reference value :  8.06277e-08
 Reference value :  8.07060e-08
 Reference value :  8.07636e-08
 Reference value :  8.08334e-08
 Reference value :  8.09731e-08
 Reference value :  8.10731e-08
 Reference value :  8.11731e-08
 Reference value :  8.12160e-08
 Reference value :  8.12488e-08
 Reference value :  8.13164e-08
 Reference value :  8.14035e-08
 Reference value :  8.15035e-08
 Reference value :  8.16035e-08
 Reference value :  8.16438e-08
 Reference value :  8.16693e-08
 Reference value :  8.17216e-08
 Reference value :  8.17841e-08
 Reference value :  8.18710e-08
 Reference value :  8.19710e-08
 Reference value :  8.20710e-08
 Reference value :  8.21710e-08
 Reference value :  8.22023e-08
 Reference value :  8.22313e-08
 Reference value :  8.22875e-08
 Reference value :  8.23875e-08
 Reference value :  8.25375e-08
 Reference value :  8.26375e-08
 Reference value :  8.26735e-08
 Reference value :  8.27549e-08
 Reference value :  8.28490e-08
 Reference value :  8.29490e-08
 Reference value :  8.30490e-08
 Reference value :  8.31490e-08
 Reference value :  8.31924e-08
 Reference value :  8.32302e-08
 Reference value :  8.32616e-08
 Reference value :  8.33446e-08
 Reference value :  8.34446e-08
 Reference value :  8.35446e-08
 Reference value :  8.35825e-08
 Reference value :  8.36090e-08
 Reference value :  8.36673e-08
 Reference value :  8.37437e-08
 Reference value :  8.38418e-08
 Reference value :  8.39418e-08
 Reference value :  8.40418e-08
 Reference value :  8.41418e-08
 Reference value :  8.41866e-08
 Reference value :  8.42821e-08
 Reference value :  8.43821e-08
 Reference value :  8.44821e-08
 Reference value :  8.45749e-08
 Reference value :  8.46014e-08
 Reference value :  8.46770e-08
 Reference value :  8.47697e-08
 Reference value :  8.48697e-08
 Reference value :  8.49697e-08
 Reference value :  8.50697e-08
 Reference value :  8.51021e-08
 Reference value :  8.51281e-08
 Reference value :  8.52412e-08
 Reference value :  8.53412e-08
 Reference value :  8.54412e-08
 Reference value :  8.55412e-08
 Reference value :  8.55714e-08
 Reference value :  8.56350e-08
 Reference value :  8.57183e-08
 Reference value :  8.58183e-08
 Reference value :  8.59183e-08
 Reference value :  8.60183e-08
 Reference value :  8.60992e-08
 Reference value :  8.61693e-08
 Reference value :  8.62581e-08
 Reference value :  8.63581e-08
 Reference value :  8.64581e-08
 Reference value :  8.65386e-08
 Reference value :  8.66045e-08
 Reference value :  8.66908e-08
 Reference value :  8.67908e-08
 Reference value :  8.69408e-08
 Reference value :  8.70408e-08
 Reference value :  8.71065e-08
 Reference value :  8.71497e-08
 Reference value :  8.72443e-08
 Reference value :  8.73943e-08
 Reference value :  8.74828e-08
 Reference value :  8.75533e-08
 Reference value :  8.76385e-08
 Reference value :  8.77385e-08
 Reference value :  8.78385e-08
 Reference value :  8.79385e-08
 Reference value :  8.80190e-08
 Reference value :  8.80848e-08
 Reference value :  8.81699e-08
 Reference value :  8.82699e-08
 Reference value :  8.83699e-08
 Reference value :  8.84135e-08
 Reference value :  8.84437e-08
 Reference value :  8.84996e-08
 Reference value :  8.86062e-08
 Reference value :  8.87062e-08
 Reference value :  8.88562e-08
 Reference value :  8.89562e-08
 Reference value :  8.89978e-08
 Reference value :  8.90776e-08
 Reference value :  8.91688e-08
 Reference value :  8.92688e-08
 Reference value :  8.93588e-08
 Reference value :  8.94333e-08
 Reference value :  8.95018e-08
 Reference value :  8.96018e-08
 Reference value :  8.97018e-08
 Reference value :  8.98018e-08
 Reference value :  8.98921e-08
 Reference value :  8.99207e-08
 Reference value :  8.99486e-08
 Reference value :  9.00538e-08
 Reference value :  9.01538e-08
 Reference value :  9.02538e-08
 Reference value :  9.03538e-08
 Reference value :  9.03833e-08
 Reference value :  9.04607e-08
 Reference value :  9.05520e-08
 Reference value :  9.06520e-08
 Reference value :  9.07520e-08
 Reference value :  9.08520e-08
 Reference value :  9.09378e-08
 Reference value :  9.10105e-08
 Reference value :  9.11105e-08
 Reference value :  9.12605e-08
 Reference value :  9.13000e-08
 Reference value :  9.13266e-08
 Reference value :  9.13829e-08
 Reference value :  9.14556e-08
 Reference value :  9.15515e-08
 Reference value :  9.16515e-08
 Reference value :  9.17515e-08
 Reference value :  9.18515e-08
 Reference value :  9.18900e-08
 Reference value :  9.19808e-08
 Reference value :  9.20808e-08
 Reference value :  9.21808e-08
 Reference value :  9.22808e-08
 Reference value :  9.23077e-08
 Reference value :  9.23713e-08
 Reference value :  9.24511e-08
 Reference value :  9.25510e-08
 Reference value :  9.26510e-08
 Reference value :  9.27510e-08
 Reference value :  9.28314e-08
 Reference value :  9.28970e-08
 Reference value :  9.29783e-08
 Reference value :  9.30783e-08
 Reference value :  9.31783e-08
 Reference value :  9.32200e-08
 Reference value :  9.32495e-08
 Reference value :  9.33169e-08
 Reference value :  9.33998e-08
 Reference value :  9.34998e-08
 Reference value :  9.35998e-08
 Reference value :  9.36998e-08
 Reference value :  9.37902e-08
 Reference value :  9.38710e-08
 Reference value :  9.39624e-08
 Reference value :  9.40624e-08
 Reference value :  9.41624e-08
 Reference value :  9.42022e-08
 Reference value :  9.42277e-08
 Reference value :  9.42861e-08
 Reference value :  9.43581e-08
 Reference value :  9.44536e-08
 Reference value :  9.45536e-08
 Reference value :  9.47036e-08
 Reference value :  9.48036e-08
 Reference value :  9.48988e-08
 Reference value :  9.49988e-08
 Reference value :  9.50988e-08
 Reference value :  9.51881e-08
 Reference value :  9.52245e-08
 Reference value :  9.53045e-08
 Reference value :  9.54045e-08
 Reference value :  9.55045e-08
 Reference value :  9.56545e-08
 Reference value :  9.56972e-08
 Reference value :  9.57250e-08
 Reference value :  9.57503e-08
 Reference value :  9.58518e-08
 Reference value :  9.59518e-08
 Reference value :  9.61018e-08
 Reference value :  9.61444e-08
 Reference value :  9.61724e-08
 Reference value :  9.62261e-08
 Reference value :  9.62899e-08
 Reference value :  9.64277e-08
 Reference value :  9.65777e-08
 Reference value :  9.66777e-08
 Reference value :  9.67497e-08
 Reference value :  9.67806e-08
 Reference value :  9.68641e-08
 Reference value :  9.69641e-08
 Reference value :  9.71141e-08
 Reference value :  9.71417e-08
 Reference value :  9.72028e-08
 Reference value :  9.72747e-08
 Reference value :  9.74154e-08
 Reference value :  9.75154e-08
 Reference value :  9.76087e-08
 Reference value :  9.76404e-08
 Reference value :  9.76669e-08
 Reference value :  9.77304e-08
 Reference value :  9.78166e-08
 Reference value :  9.79166e-08
 Reference value :  9.80166e-08
 Reference value :  9.80608e-08
 Reference value :  9.80918e-08
 Reference value :  9.81471e-08
 Reference value :  9.82135e-08
 Reference value :  9.83022e-08
 Reference value :  9.84022e-08
 Reference value :  9.85522e-08
 Reference value :  9.86385e-08
 Reference value :  9.87073e-08
 Reference value :  9.87915e-08
 Reference value :  9.88915e-08
 Reference value :  9.90352e-08
 Reference value :  9.90643e-08
 Reference value :  9.91191e-08
 Reference value :  9.91840e-08
 Reference value :  9.93222e-08
 Reference value :  9.95222e-08
 Reference value :  9.96111e-08
 Reference value :  9.96826e-08
 Reference value :  9.97700e-08
 Reference value :  9.98700e-08
 Reference value :  9.99700e-08
 Reference value :  1.00052e-07
 Reference value :  1.00127e-07
 Reference value :  1.00220e-07
 Reference value :  1.00320e-07
 Reference value :  1.00420e-07
 Reference value :  1.00520e-07
 Reference value :  1.00561e-07
 Reference value :  1.00625e-07
 Reference value :  1.00708e-07
 Reference value :  1.00858e-07
 Reference value :  1.00949e-07
 Reference value :  1.01029e-07
 Reference value :  1.01103e-07
 Reference value :  1.01203e-07
 Reference value :  1.01303e-07
 Reference value :  1.01403e-07
 Reference value :  1.01503e-07
 Reference value :  1.01541e-07
 Reference value :  1.01575e-07
 Reference value :  1.01605e-07
 Reference value :  1.01686e-07
 Reference value :  1.01786e-07
 Reference value :  1.01924e-07
 Reference value :  1.02002e-07
 Reference value :  1.02076e-07
 Reference value :  1.02176e-07
 Reference value :  1.02326e-07
 Reference value :  1.02476e-07
 Reference value :  1.02546e-07
 Reference value :  1.02658e-07
 Reference value :  1.02758e-07
 Reference value :  1.02901e-07
 Reference value :  1.02990e-07
 Reference value :  1.03126e-07
 Reference value :  1.03226e-07
 Reference value :  1.03326e-07
 Reference value :  1.03476e-07
 Reference value :  1.03509e-07
 Reference value :  1.03595e-07
 Reference value :  1.03793e-07
 Reference value :  1.03919e-07
 Reference value :  1.03985e-07
 Reference value :  1.04062e-07
 Reference value :  1.04160e-07
 Reference value :  1.04260e-07
 Reference value :  1.04360e-07
 Reference value :  1.04438e-07
 Reference value :  1.04466e-07
 Reference value :  1.04624e-07
 Reference value :  1.04724e-07
 Reference value :  1.04824e-07
 Reference value :  1.04903e-07
 Reference value :  1.04971e-07
 Reference value :  1.05056e-07
 Reference value :  1.05155e-07
 Reference value :  1.05305e-07
 Reference value :  1.05436e-07
 Reference value :  1.05510e-07
 Reference value :  1.05602e-07
 Reference value :  1.05702e-07
 Reference value :  1.05802e-07
 Reference value :  1.05844e-07
 Reference value :  1.05875e-07
 Reference value :  1.05947e-07
 Reference value :  1.06047e-07
 Reference value :  1.06147e-07
 Reference value :  1.06297e-07
 Reference value :  1.06375e-07
 Reference value :  1.06402e-07
 Reference value :  1.06465e-07
 Reference value :  1.06565e-07
 Reference value :  1.06665e-07
 Reference value :  1.06765e-07
 Reference value :  1.06815e-07
 Reference value :  1.06847e-07
 Reference value :  1.06926e-07
 Reference value :  1.07022e-07
 Reference value :  1.07122e-07
 Reference value :  1.07272e-07
 Reference value :  1.07361e-07
 Reference value :  1.07453e-07
 Reference value :  1.07603e-07
 Reference value :  1.07703e-07
 Reference value :  1.07801e-07
 Reference value :  1.07890e-07
 Reference value :  1.07986e-07
 Reference value :  1.08086e-07
 Reference value :  1.08186e-07
 Reference value :  1.08286e-07
 Reference value :  1.08316e-07
 Reference value :  1.08370e-07
 Reference value :  1.08454e-07
 Reference value :  1.08554e-07
 Reference value :  1.08654e-07
 Reference value :  1.08749e-07
 Reference value :  1.08776e-07
 Reference value :  1.08834e-07
 Reference value :  1.08907e-07
 Reference value :  1.09000e-07
 Reference value :  1.09100e-07
 Reference value :  1.09244e-07
 Reference value :  1.09327e-07
 Reference value :  1.09411e-07
 Reference value :  1.09511e-07
 Reference value :  1.09611e-07
 Reference value :  1.09704e-07
 Reference value :  1.09731e-07
 Reference value :  1.09789e-07
 Reference value :  1.09857e-07
 Reference value :  1.09997e-07
 Reference value :  1.10147e-07
 Reference value :  1.10291e-07
 Reference value :  1.10383e-07
 Reference value :  1.10483e-07
 Reference value :  1.10583e-07
 Reference value :  1.10683e-07
 Reference value :  1.10709e-07
 Reference value :  1.10774e-07
 Reference value :  1.10858e-07
 Reference value :  1.10958e-07
 Reference value :  1.11058e-07
 Reference value :  1.11158e-07
 Reference value :  1.11239e-07
 Reference value :  1.11310e-07
 Reference value :  1.11450e-07
 Reference value :  1.11600e-07
 Reference value :  1.11678e-07
 Reference value :  1.11748e-07
 Reference value :  1.11887e-07
 Reference value :  1.11987e-07
 Reference value :  1.12137e-07
 Reference value :  1.12174e-07
 Reference value :  1.12201e-07
 Reference value :  1.12270e-07
 Reference value :  1.12412e-07
 Reference value :  1.12562e-07
 Reference value :  1.12612e-07
 Reference value :  1.12648e-07
 Reference value :  1.12715e-07
 Reference value :  1.12797e-07
 Reference value :  1.12895e-07
 Reference value :  1.13045e-07
 Reference value :  1.13145e-07
 Reference value :  1.13176e-07
 Reference value :  1.13250e-07
 Reference value :  1.13341e-07
 Reference value :  1.13441e-07
 Reference value :  1.13535e-07
 Reference value :  1.13618e-07
 Reference value :  1.13690e-07
 Reference value :  1.13782e-07
 Reference value :  1.13882e-07
 Reference value :  1.13982e-07
 Reference value :  1.14082e-07
 Reference value :  1.14126e-07
 Reference value :  1.14191e-07
 Reference value :  1.14276e-07
 Reference value :  1.14376e-07
 Reference value :  1.14476e-07
 Reference value :  1.14512e-07
 Reference value :  1.14589e-07
 Reference value :  1.14660e-07
 Reference value :  1.14760e-07
 Reference value :  1.14860e-07
 Reference value :  1.15010e-07
 Reference value :  1.15055e-07
 Reference value :  1.15129e-07
 Reference value :  1.15244e-07
 Reference value :  1.15344e-07
 Reference value :  1.15484e-07
 Reference value :  1.15570e-07
 Reference value :  1.15649e-07
 Reference value :  1.15749e-07
 Reference value :  1.15849e-07
 Reference value :  1.15949e-07
 Reference value :  1.16049e-07
 Reference value :  1.16082e-07
 Reference value :  1.16151e-07
 Reference value :  1.16236e-07
 Reference value :  1.16336e-07
 Reference value :  1.16436e-07
 Reference value :  1.16512e-07
 Reference value :  1.16574e-07
 Reference value :  1.16651e-07
 Reference value :  1.16746e-07
 Reference value :  1.16846e-07
 Reference value :  1.16946e-07
 Reference value :  1.17035e-07
 Reference value :  1.17122e-07
 Reference value :  1.17212e-07
 Reference value :  1.17312e-07
 Reference value :  1.17412e-07
 Reference value :  1.17488e-07
 Reference value :  1.17554e-07
 Reference value :  1.17638e-07
 Reference value :  1.17738e-07
 Reference value :  1.17838e-07
 Reference value :  1.17938e-07
 Reference value :  1.18018e-07
 Reference value :  1.18091e-07
 Reference value :  1.18179e-07
 Reference value :  1.18279e-07
 Reference value :  1.18379e-07
 Reference value :  1.18455e-07
 Reference value :  1.18522e-07
 Reference value :  1.18608e-07
 Reference value :  1.18708e-07
 Reference value :  1.18808e-07
 Reference value :  1.18958e-07
 Reference value :  1.18988e-07
 Reference value :  1.19062e-07
 Reference value :  1.19203e-07
 Reference value :  1.19303e-07
 Reference value :  1.19390e-07
 Reference value :  1.19415e-07
 Reference value :  1.19482e-07
 Reference value :  1.19571e-07
 Reference value :  1.19671e-07
 Reference value :  1.19771e-07
 Reference value :  1.19871e-07
 Reference value :  1.19951e-07
 Reference value :  1.20019e-07
 Reference value :  1.20105e-07
 Reference value :  1.20205e-07
 Reference value :  1.20305e-07
 Reference value :  1.20350e-07
 Reference value :  1.20376e-07
 Reference value :  1.20433e-07
 Reference value :  1.20500e-07
 Reference value :  1.20590e-07
 Reference value :  1.20690e-07
 Reference value :  1.20790e-07
 Reference value :  1.20890e-07
 Reference value :  1.20929e-07
 Reference value :  1.21020e-07
 Reference value :  1.21115e-07
 Reference value :  1.21215e-07
 Reference value :  1.21305e-07
 Reference value :  1.21331e-07
 Reference value :  1.21384e-07
 Reference value :  1.21451e-07
 Reference value :  1.21541e-07
 Reference value :  1.21641e-07
 Reference value :  1.21741e-07
 Reference value :  1.21841e-07
 Reference value :  1.21874e-07
 Reference value :  1.21940e-07
 Reference value :  1.22021e-07
 Reference value :  1.22121e-07
 Reference value :  1.22221e-07
 Reference value :  1.22271e-07
 Reference value :  1.22301e-07
 Reference value :  1.22359e-07
 Reference value :  1.22427e-07
 Reference value :  1.22517e-07
 Reference value :  1.22617e-07
 Reference value :  1.22717e-07
 Reference value :  1.22807e-07
 Reference value :  1.22839e-07
 Reference value :  1.22905e-07
 Reference value :  1.22992e-07
 Reference value :  1.23092e-07
 Reference value :  1.23192e-07
 Reference value :  1.23231e-07
 Reference value :  1.23256e-07
 Reference value :  1.23307e-07
 Reference value :  1.23368e-07
 Reference value :  1.23454e-07
 Reference value :  1.23554e-07
 Reference value :  1.23654e-07
 Reference value :  1.23754e-07
 Reference value :  1.23786e-07
 Reference value :  1.23814e-07
 Reference value :  1.23870e-07
 Reference value :  1.23970e-07
 Reference value :  1.24070e-07
 Reference value :  1.24170e-07
 Reference value :  1.24255e-07
 Reference value :  1.24326e-07
 Reference value :  1.24414e-07
 Reference value :  1.24514e-07
 Reference value :  1.24614e-07
 Reference value :  1.24714e-07
 Reference value :  1.24796e-07
 Reference value :  1.24871e-07
 Reference value :  1.24971e-07
 Reference value :  1.25071e-07
 Reference value :  1.25163e-07
 Reference value :  1.25192e-07
 Reference value :  1.25248e-07
 Reference value :  1.25321e-07
 Reference value :  1.25413e-07
 Reference value :  1.25513e-07
 Reference value :  1.25613e-07
 Reference value :  1.25713e-07
 Reference value :  1.25752e-07
 Reference value :  1.25835e-07
 Reference value :  1.25928e-07
 Reference value :  1.26028e-07
 Reference value :  1.26117e-07
 Reference value :  1.26152e-07
 Reference value :  1.26183e-07
 Reference value :  1.26245e-07
 Reference value :  1.26345e-07
 Reference value :  1.26445e-07
 Reference value :  1.26545e-07
 Reference value :  1.26639e-07
 Reference value :  1.26678e-07
 Reference value :  1.26757e-07
 Reference value :  1.26850e-07
 Reference value :  1.26950e-07
 Reference value :  1.27050e-07
 Reference value :  1.27094e-07
 Reference value :  1.27121e-07
 Reference value :  1.27178e-07
 Reference value :  1.27248e-07
 Reference value :  1.27342e-07
 Reference value :  1.27442e-07
 Reference value :  1.27542e-07
 Reference value :  1.27642e-07
 Reference value :  1.27683e-07
 Reference value :  1.27776e-07
 Reference value :  1.27876e-07
 Reference value :  1.27976e-07
 Reference value :  1.28076e-07
 Reference value :  1.28103e-07
 Reference value :  1.28169e-07
 Reference value :  1.28256e-07
 Reference value :  1.28356e-07
 Reference value :  1.28456e-07
 Reference value :  1.28556e-07
 Reference value :  1.28636e-07
 Reference value :  1.28714e-07
 Reference value :  1.28758e-07
 Reference value :  1.28858e-07
 Reference value :  1.28958e-07
 Reference value :  1.29037e-07
 Reference value :  1.29066e-07
 Reference value :  1.29124e-07
 Reference value :  1.29224e-07
 Reference value :  1.29324e-07
 Reference value :  1.29424e-07
 Reference value :  1.29524e-07
 Reference value :  1.29561e-07
 Reference value :  1.29590e-07
 Reference value :  1.29664e-07
 Reference value :  1.29756e-07
 Reference value :  1.29856e-07
 Reference value :  1.29956e-07
 Reference value :  1.30040e-07
 Reference value :  1.30112e-07
 Reference value :  1.30203e-07
 Reference value :  1.30303e-07
 Reference value :  1.30403e-07
 Reference value :  1.30503e-07
 Reference value :  1.30547e-07
 Reference value :  1.30579e-07
 Reference value :  1.30648e-07
 Reference value :  1.30748e-07
 Reference value :  1.30848e-07
 Reference value :  1.30939e-07
 Reference value :  1.30978e-07
 Reference value :  1.31009e-07
 Reference value :  1.31075e-07
 Reference value :  1.31175e-07
 Reference value :  1.31275e-07
 Reference value :  1.31375e-07
 Reference value :  1.31469e-07
 Reference value :  1.31548e-07
 Reference value :  1.31621e-07
 Reference value :  1.31721e-07
 Reference value :  1.31821e-07
 Reference value :  1.31916e-07
 Reference value :  1.31946e-07
 Reference value :  1.31979e-07
 Reference value :  1.32009e-07
 Reference value :  1.32089e-07
 Reference value :  1.32189e-07
 Reference value :  1.32289e-07
 Reference value :  1.32389e-07
 Reference value :  1.32477e-07
 Reference value :  1.32554e-07
 Reference value :  1.32643e-07
 Reference value :  1.32743e-07
 Reference value :  1.32843e-07
 Reference value :  1.32893e-07
 Reference value :  1.32921e-07
 Reference value :  1.32987e-07
 Reference value :  1.33115e-07
 Reference value :  1.33215e-07
 Reference value :  1.33315e-07
 Reference value :  1.33365e-07
 Reference value :  1.33452e-07
 Reference value :  1.33526e-07
 Reference value :  1.33613e-07
 Reference value :  1.33713e-07
 Reference value :  1.33813e-07
 Reference value :  1.33854e-07
 Reference value :  1.33882e-07
 Reference value :  1.33941e-07
 Reference value :  1.34014e-07
 Reference value :  1.34109e-07
 Reference value :  1.34209e-07
 Reference value :  1.34309e-07
 Reference value :  1.34409e-07
 Reference value :  1.34507e-07
 Reference value :  1.34607e-07
 Reference value :  1.34707e-07
 Reference value :  1.34807e-07
 Reference value :  1.34835e-07
 Reference value :  1.34901e-07
 Reference value :  1.34984e-07
 Reference value :  1.35084e-07
 Reference value :  1.35184e-07
 Reference value :  1.35284e-07
 Reference value :  1.35365e-07
 Reference value :  1.35392e-07
 Reference value :  1.35456e-07
 Reference value :  1.35556e-07
 Reference value :  1.35656e-07
 Reference value :  1.35756e-07
 Reference value :  1.35806e-07
 Reference value :  1.35833e-07
 Reference value :  1.35898e-07
 Reference value :  1.35983e-07
 Reference value :  1.36083e-07
 Reference value :  1.36183e-07
 Reference value :  1.36283e-07
 Reference value :  1.36364e-07
 Reference value :  1.36435e-07
 Reference value :  1.36524e-07
 Reference value :  1.36624e-07
 Reference value :  1.36724e-07
 Reference value :  1.36802e-07
 Reference value :  1.36870e-07
 Reference value :  1.36958e-07
 Reference value :  1.37058e-07
 Reference value :  1.37158e-07
 Reference value :  1.37258e-07
 Reference value :  1.37299e-07
 Reference value :  1.37328e-07
 Reference value :  1.37399e-07
 Reference value :  1.37489e-07
 Reference value :  1.37589e-07
 Reference value :  1.37689e-07
 Reference value :  1.37769e-07
 Reference value :  1.37833e-07
 Reference value :  1.37916e-07
 Reference value :  1.38015e-07
 Reference value :  1.38115e-07
 Reference value :  1.38215e-07
 Reference value :  1.38296e-07
 Reference value :  1.38365e-07
 Reference value :  1.38452e-07
 Reference value :  1.38552e-07
 Reference value :  1.38652e-07
 Reference value :  1.38702e-07
 Reference value :  1.38733e-07
 Reference value :  1.38795e-07
 Reference value :  1.38919e-07
 Reference value :  1.39019e-07
 Reference value :  1.39119e-07
 Reference value :  1.39219e-07
 Reference value :  1.39253e-07
 Reference value :  1.39315e-07
 Reference value :  1.39395e-07
 Reference value :  1.39495e-07
 Reference value :  1.39595e-07
 Reference value :  1.39639e-07
 Reference value :  1.39717e-07
 Reference value :  1.39793e-07
 Reference value :  1.39893e-07
 Reference value :  1.39993e-07
 Reference value :  1.40093e-07
 Reference value :  1.40193e-07
 Reference value :  1.40226e-07
 Reference value :  1.40258e-07
 Reference value :  1.40287e-07
 Reference value :  1.40367e-07
 Reference value :  1.40467e-07
 Reference value :  1.40567e-07
 Reference value :  1.40607e-07
 Reference value :  1.40657e-07
 Reference value :  1.40695e-07
 Reference value :  1.40774e-07
 Reference value :  1.40874e-07
 Reference value :  1.40974e-07
 Reference value :  1.41074e-07
 Reference value :  1.41174e-07
 Reference value :  1.41208e-07
 Reference value :  1.41280e-07
 Reference value :  1.41362e-07
 Reference value :  1.41462e-07
 Reference value :  1.41562e-07
 Reference value :  1.41599e-07
 Reference value :  1.41626e-07
 Reference value :  1.41688e-07
 Reference value :  1.41768e-07
 Reference value :  1.41868e-07
 Reference value :  1.41968e-07
 Reference value :  1.42068e-07
 Reference value :  1.42168e-07
 Reference value :  1.42268e-07
 Reference value :  1.42368e-07
 Reference value :  1.42468e-07
 Reference value :  1.42568e-07
 Reference value :  1.42594e-07
 Reference value :  1.42660e-07
 Reference value :  1.42745e-07
 Reference value :  1.42845e-07
 Reference value :  1.42945e-07
 Reference value :  1.43045e-07
 Reference value :  1.43089e-07
 Reference value :  1.43116e-07
 Reference value :  1.43141e-07
 Reference value :  1.43249e-07
 Reference value :  1.43349e-07
 Reference value :  1.43449e-07
 Reference value :  1.43541e-07
 Reference value :  1.43566e-07
 Reference value :  1.43620e-07
 Reference value :  1.43683e-07
 Reference value :  1.43770e-07
 Reference value :  1.43870e-07
 Reference value :  1.43970e-07
 Reference value :  1.44064e-07
 Reference value :  1.44093e-07
 Reference value :  1.44119e-07
 Reference value :  1.44222e-07
 Reference value :  1.44322e-07
 Reference value :  1.44422e-07
 Reference value :  1.44514e-07
 Reference value :  1.44540e-07
 Reference value :  1.44593e-07
 Reference value :  1.44656e-07
 Reference value :  1.44743e-07
 Reference value :  1.44843e-07
 Reference value :  1.44943e-07
 Reference value :  1.45043e-07
 Reference value :  1.45077e-07
 Reference value :  1.45142e-07
 Reference value :  1.45223e-07
 Reference value :  1.45323e-07
 Reference value :  1.45423e-07
 Reference value :  1.45506e-07
 Reference value :  1.45564e-07
 Reference value :  1.45637e-07
 Reference value :  1.45729e-07
 Reference value :  1.45829e-07
 Reference value :  1.45929e-07
 Reference value :  1.46025e-07
 Reference value :  1.46060e-07
 Reference value :  1.46146e-07
 Reference value :  1.46246e-07
 Reference value :  1.46346e-07
 Reference value :  1.46446e-07
 Reference value :  1.46480e-07
 Reference value :  1.46542e-07
 Reference value :  1.46617e-07
 Reference value :  1.46711e-07
 Reference value :  1.46811e-07
 Reference value :  1.46911e-07
 Reference value :  1.46950e-07
 Reference value :  1.46981e-07
 Reference value :  1.47035e-07
 Reference value :  1.47118e-07
 Reference value :  1.47218e-07
 Reference value :  1.47318e-07
 Reference value :  1.47418e-07
 Reference value :  1.47448e-07
 Reference value :  1.47519e-07
 Reference value :  1.47606e-07
 Reference value :  1.47706e-07
 Reference value :  1.47806e-07
 Reference value :  1.47906e-07
 Reference value :  1.47992e-07
 Reference value :  1.48074e-07
 Reference value :  1.48174e-07
 Reference value :  1.48274e-07
 Reference value :  1.48364e-07
 Reference value :  1.48392e-07
 Reference value :  1.48446e-07
 Reference value :  1.48512e-07
 Reference value :  1.48602e-07
 Reference value :  1.48702e-07
 Reference value :  1.48802e-07
 Reference value :  1.48902e-07
 Reference value :  1.48974e-07
 Reference value :  1.49004e-07
 Reference value :  1.49087e-07
 Reference value :  1.49187e-07
 Reference value :  1.49287e-07
 Reference value :  1.49367e-07
 Reference value :  1.49428e-07
 Reference value :  1.49498e-07
 Reference value :  1.49587e-07
 Reference value :  1.49687e-07
 Reference value :  1.49787e-07
 Reference value :  1.49832e-07
 Reference value :  1.49868e-07
 Reference value :  1.49897e-07
 Reference value :  1.49965e-07
 Reference value :  1.50054e-07
 Reference value :  1.50154e-07
 Reference value :  1.50254e-07
 Reference value :  1.50298e-07
 Reference value :  1.50327e-07
 Reference value :  1.50383e-07
 Reference value :  1.50450e-07
 Reference value :  1.50539e-07
 Reference value :  1.50639e-07
 Reference value :  1.50739e-07
 Reference value :  1.50832e-07
 Reference value :  1.50868e-07
 Reference value :  1.50940e-07
 Reference value :  1.51030e-07
 Reference value :  1.51080e-07
 Reference value :  1.51180e-07
 Reference value :  1.51280e-07
 Reference value :  1.51316e-07
 Reference value :  1.51397e-07
 Reference value :  1.51547e-07
 Reference value :  1.51647e-07
 Reference value :  1.51747e-07
 Reference value :  1.51797e-07
 Reference value :  1.51832e-07
 Reference value :  1.51897e-07
 Reference value :  1.51980e-07
 Reference value :  1.52080e-07
 Reference value :  1.52180e-07
 Reference value :  1.52223e-07
 Reference value :  1.52252e-07
 Reference value :  1.52306e-07
 Reference value :  1.52373e-07
 Reference value :  1.52462e-07
 Reference value :  1.52562e-07
 Reference value :  1.52662e-07
 Reference value :  1.52762e-07
 Reference value :  1.52800e-07
 Reference value :  1.52869e-07
 Reference value :  1.52954e-07
 Reference value :  1.53054e-07
 Reference value :  1.53154e-07
 Reference value :  1.53234e-07
 Reference value :  1.53301e-07
 Reference value :  1.53380e-07
 Reference value :  1.53475e-07
 Reference value :  1.53575e-07
 Reference value :  1.53675e-07
 Reference value :  1.53718e-07
 Reference value :  1.53747e-07
 Reference value :  1.53808e-07
 Reference value :  1.53886e-07
 Reference value :  1.53986e-07
 Reference value :  1.54086e-07
 Reference value :  1.54131e-07
 Reference value :  1.54215e-07
 Reference value :  1.54294e-07
 Reference value :  1.54386e-07
 Reference value :  1.54486e-07
 Reference value :  1.54586e-07
 Reference value :  1.54686e-07
 Reference value :  1.54730e-07
 Reference value :  1.54764e-07
 Reference value :  1.54830e-07
 Reference value :  1.54930e-07
 Reference value :  1.55030e-07
 Reference value :  1.55115e-07
 Reference value :  1.55185e-07
 Reference value :  1.55252e-07
 Reference value :  1.55352e-07
 Reference value :  1.55452e-07
 Reference value :  1.55552e-07
 Reference value :  1.55652e-07
 Reference value :  1.55740e-07
 Reference value :  1.55814e-07
 Reference value :  1.55914e-07
 Reference value :  1.56014e-07
 Reference value :  1.56100e-07
 Reference value :  1.56125e-07
 Reference value :  1.56178e-07
 Reference value :  1.56245e-07
 Reference value :  1.56337e-07
 Reference value :  1.56437e-07
 Reference value :  1.56537e-07
 Reference value :  1.56637e-07
 Reference value :  1.56668e-07
 Reference value :  1.56736e-07
 Reference value :  1.56817e-07
 Reference value :  1.56917e-07
 Reference value :  1.57017e-07
 Reference value :  1.57067e-07
 Reference value :  1.57093e-07
 Reference value :  1.57153e-07
 Reference value :  1.57223e-07
 Reference value :  1.57313e-07
 Reference value :  1.57413e-07
 Reference value :  1.57513e-07
 Reference value :  1.57604e-07
 Reference value :  1.57635e-07
 Reference value :  1.57703e-07
 Reference value :  1.57789e-07
 Reference value :  1.57889e-07
 Reference value :  1.57989e-07
 Reference value :  1.58023e-07
 Reference value :  1.58047e-07
 Reference value :  1.58098e-07
 Reference value :  1.58166e-07
 Reference value :  1.58257e-07
 Reference value :  1.58357e-07
 Reference value :  1.58457e-07
 Reference value :  1.58551e-07
 Reference value :  1.58580e-07
 Reference value :  1.58606e-07
 Reference value :  1.58708e-07
 Reference value :  1.58808e-07
 Reference value :  1.58908e-07
 Reference value :  1.59008e-07
 Reference value :  1.59043e-07
 Reference value :  1.59105e-07
 Reference value :  1.59177e-07
 Reference value :  1.59269e-07
 Reference value :  1.59369e-07
 Reference value :  1.59469e-07
 Reference value :  1.59509e-07
 Reference value :  1.59543e-07
 Reference value :  1.59572e-07
 Reference value :  1.59637e-07
 Reference value :  1.59737e-07
 Reference value :  1.59837e-07
 Reference value :  1.59937e-07
 Reference value :  1.59987e-07
 Reference value :  1.60021e-07
 Reference value :  1.60102e-07
 Reference value :  1.60202e-07
 Reference value :  1.60252e-07
 Reference value :  1.60352e-07
 Reference value :  1.60452e-07
 Reference value :  1.60538e-07
 Reference value :  1.60571e-07
 Reference value :  1.60600e-07
 Reference value :  1.60680e-07
 Reference value :  1.60780e-07
 Reference value :  1.60880e-07
 Reference value :  1.60920e-07
 Reference value :  1.60997e-07
 Reference value :  1.61072e-07
 Reference value :  1.61172e-07
 Reference value :  1.61272e-07
 Reference value :  1.61372e-07
 Reference value :  1.61472e-07
 Reference value :  1.61507e-07
 Reference value :  1.61543e-07
 Reference value :  1.61609e-07
 Reference value :  1.61709e-07
 Reference value :  1.61809e-07
 Reference value :  1.61893e-07
 Reference value :  1.61968e-07
 Reference value :  1.62041e-07
 Reference value :  1.62141e-07
 Reference value :  1.62241e-07
 Reference value :  1.62341e-07
 Reference value :  1.62441e-07
 Reference value :  1.62536e-07
 Reference value :  1.62632e-07
 Reference value :  1.62732e-07
 Reference value :  1.62832e-07
 Reference value :  1.62882e-07
 Reference value :  1.62908e-07
 Reference value :  1.62974e-07
 Reference value :  1.63060e-07
 Reference value :  1.63110e-07
 Reference value :  1.63210e-07
 Reference value :  1.63310e-07
 Reference value :  1.63404e-07
 Reference value :  1.63430e-07
 Reference value :  1.63456e-07
 Reference value :  1.63561e-07
 Reference value :  1.63661e-07
 Reference value :  1.63761e-07
 Reference value :  1.63853e-07
 Reference value :  1.63879e-07
 Reference value :  1.63933e-07
 Reference value :  1.63997e-07
 Reference value :  1.64084e-07
 Reference value :  1.64184e-07
 Reference value :  1.64284e-07
 Reference value :  1.64384e-07
 Reference value :  1.64415e-07
 Reference value :  1.64445e-07
 Reference value :  1.64472e-07
 Reference value :  1.64550e-07
 Reference value :  1.64650e-07
 Reference value :  1.64750e-07
 Reference value :  1.64839e-07
 Reference value :  1.64864e-07
 Reference value :  1.64933e-07
 Reference value :  1.65019e-07
 Reference value :  1.65119e-07
 Reference value :  1.65219e-07
 Reference value :  1.65319e-07
 Reference value :  1.65400e-07
 Reference value :  1.65469e-07
 Reference value :  1.65556e-07
 Reference value :  1.65656e-07
 Reference value :  1.65756e-07
 Reference value :  1.65796e-07
 Reference value :  1.65821e-07
 Reference value :  1.65873e-07
 Reference value :  1.65936e-07
 Reference value :  1.66023e-07
 Reference value :  1.66123e-07
 Reference value :  1.66223e-07
 Reference value :  1.66323e-07
 Reference value :  1.66354e-07
 Reference value :  1.66384e-07
 Reference value :  1.66490e-07
 Reference value :  1.66590e-07
 Reference value :  1.66690e-07
 Reference value :  1.66790e-07
 Reference value :  1.66824e-07
 Reference value :  1.66904e-07
 Reference value :  1.66998e-07
 Reference value :  1.67098e-07
 Reference value :  1.67198e-07
 Reference value :  1.67298e-07
 Reference value :  1.67340e-07
 Reference value :  1.67375e-07
 Reference value :  1.67406e-07
 Reference value :  1.67488e-07
 Reference value :  1.67588e-07
 Reference value :  1.67688e-07
 Reference value :  1.67728e-07
 Reference value :  1.67796e-07
 Reference value :  1.67859e-07
 Reference value :  1.67959e-07
 Reference value :  1.68059e-07
 Reference value :  1.68159e-07
 Reference value :  1.68259e-07
 Reference value :  1.68343e-07
 Reference value :  1.68417e-07
 Reference value :  1.68517e-07
 Reference value :  1.68617e-07
 Reference value :  1.68707e-07
 Reference value :  1.68733e-07
 Reference value :  1.68787e-07
 Reference value :  1.68855e-07
 Reference value :  1.68949e-07
 Reference value :  1.69049e-07
 Reference value :  1.69149e-07
 Reference value :  1.69249e-07
 Reference value :  1.69282e-07
 Reference value :  1.69358e-07
 Reference value :  1.69444e-07
 Reference value :  1.69544e-07
 Reference value :  1.69644e-07
 Reference value :  1.69694e-07
 Reference value :  1.69727e-07
 Reference value :  1.69805e-07
 Reference value :  1.69902e-07
 Reference value :  1.70002e-07
 Reference value :  1.70102e-07
 Reference value :  1.70197e-07
 Reference value :  1.70276e-07
 Reference value :  1.70342e-07
 Reference value :  1.70442e-07
 Reference value :  1.70542e-07
 Reference value :  1.70626e-07
 Reference value :  1.70701e-07
 Reference value :  1.70773e-07
 Reference value :  1.70873e-07
 Reference value :  1.70973e-07
 Reference value :  1.71073e-07
 Reference value :  1.71173e-07
 Reference value :  1.71215e-07
 Reference value :  1.71257e-07
 Reference value :  1.71336e-07
 Reference value :  1.71386e-07
 Reference value :  1.71486e-07
 Reference value :  1.71586e-07
 Reference value :  1.71662e-07
 Reference value :  1.71731e-07
 Reference value :  1.71814e-07
 Reference value :  1.71914e-07
 Reference value :  1.72014e-07
 Reference value :  1.72114e-07
 Reference value :  1.72196e-07
 Reference value :  1.72272e-07
 Reference value :  1.72362e-07
 Reference value :  1.72462e-07
 Reference value :  1.72562e-07
 Reference value :  1.72602e-07
 Reference value :  1.72628e-07
 Reference value :  1.72745e-07
 Reference value :  1.72895e-07
 Reference value :  1.72995e-07
 Reference value :  1.73095e-07
 Reference value :  1.73129e-07
 Reference value :  1.73156e-07
 Reference value :  1.73225e-07
 Reference value :  1.73318e-07
 Reference value :  1.73418e-07
 Reference value :  1.73518e-07
 Reference value :  1.73568e-07
 Reference value :  1.73597e-07
 Reference value :  1.73659e-07
 Reference value :  1.73736e-07
 Reference value :  1.73832e-07
 Reference value :  1.73932e-07
 Reference value :  1.74032e-07
 Reference value :  1.74076e-07
 Reference value :  1.74109e-07
 Reference value :  1.74139e-07
 Reference value :  1.74199e-07
 Reference value :  1.74299e-07
 Reference value :  1.74399e-07
 Reference value :  1.74499e-07
 Reference value :  1.74549e-07
 Reference value :  1.74592e-07
 Reference value :  1.74679e-07
 Reference value :  1.74779e-07
 Reference value :  1.74879e-07
 Reference value :  1.74979e-07
 Reference value :  1.75079e-07
 Reference value :  1.75113e-07
 Reference value :  1.75193e-07
 Reference value :  1.75288e-07
 Reference value :  1.75388e-07
 Reference value :  1.75488e-07
 Reference value :  1.75516e-07
 Reference value :  1.75575e-07
 Reference value :  1.75648e-07
 Reference value :  1.75738e-07
 Reference value :  1.75838e-07
 Reference value :  1.75988e-07
 Reference value :  1.76026e-07
 Reference value :  1.76055e-07
 Reference value :  1.76121e-07
 Reference value :  1.76208e-07
 Reference value :  1.76358e-07
 Reference value :  1.76458e-07
 Reference value :  1.76486e-07
 Reference value :  1.76546e-07
 Reference value :  1.76656e-07
 Reference value :  1.76756e-07
 Reference value :  1.76856e-07
 Reference value :  1.77002e-07
 Reference value :  1.77082e-07
 Reference value :  1.77177e-07
 Reference value :  1.77277e-07
 Reference value :  1.77377e-07
 Reference value :  1.77427e-07
 Reference value :  1.77454e-07
 Reference value :  1.77516e-07
 Reference value :  1.77595e-07
 Reference value :  1.77692e-07
 Reference value :  1.77842e-07
 Reference value :  1.77942e-07
 Reference value :  1.77973e-07
 Reference value :  1.78007e-07
 Reference value :  1.78036e-07
 Reference value :  1.78116e-07
 Reference value :  1.78216e-07
 Reference value :  1.78316e-07
 Reference value :  1.78361e-07
 Reference value :  1.78453e-07
 Reference value :  1.78542e-07
 Reference value :  1.78692e-07
 Reference value :  1.78792e-07
 Reference value :  1.78892e-07
 Reference value :  1.78927e-07
 Reference value :  1.78956e-07
 Reference value :  1.79025e-07
 Reference value :  1.79125e-07
 Reference value :  1.79225e-07
 Reference value :  1.79325e-07
 Reference value :  1.79366e-07
 Reference value :  1.79392e-07
 Reference value :  1.79505e-07
 Reference value :  1.79605e-07
 Reference value :  1.79705e-07
 Reference value :  1.79805e-07
 Reference value :  1.79894e-07
 Reference value :  1.79953e-07
 Reference value :  1.80031e-07
 Reference value :  1.80131e-07
 Reference value :  1.80281e-07
 Reference value :  1.80360e-07
 Reference value :  1.80422e-07
 Reference value :  1.80498e-07
 Reference value :  1.80593e-07
 Reference value :  1.80693e-07
 Reference value :  1.80793e-07
 Reference value :  1.80836e-07
 Reference value :  1.80870e-07
 Reference value :  1.80928e-07
 Reference value :  1.81059e-07
 Reference value :  1.81159e-07
 Reference value :  1.81259e-07
 Reference value :  1.81347e-07
 Reference value :  1.81431e-07
 Reference value :  1.81531e-07
 Reference value :  1.81631e-07
 Reference value :  1.81731e-07
 Reference value :  1.81831e-07
 Reference value :  1.81864e-07
 Reference value :  1.81935e-07
 Reference value :  1.82019e-07
 Reference value :  1.82119e-07
 Reference value :  1.82269e-07
 Reference value :  1.82296e-07
 Reference value :  1.82358e-07
 Reference value :  1.82479e-07
 Reference value :  1.82579e-07
 Reference value :  1.82679e-07
 Reference value :  1.82819e-07
 Reference value :  1.82899e-07
 Reference value :  1.82987e-07
 Reference value :  1.83137e-07
 Reference value :  1.83237e-07
 Reference value :  1.83264e-07
 Reference value :  1.83332e-07
 Reference value :  1.83414e-07
 Reference value :  1.83514e-07
 Reference value :  1.83614e-07
 Reference value :  1.83764e-07
 Reference value :  1.83833e-07
 Reference value :  1.83874e-07
 Reference value :  1.83964e-07
 Reference value :  1.84064e-07
 Reference value :  1.84164e-07
 Reference value :  1.84244e-07
 Reference value :  1.84327e-07
 Reference value :  1.84427e-07
 Reference value :  1.84527e-07
 Reference value :  1.84627e-07
 Reference value :  1.84727e-07
 Reference value :  1.84757e-07
 Reference value :  1.84787e-07
 Reference value :  1.84841e-07
 Reference value :  1.84991e-07
 Reference value :  1.85091e-07
 Reference value :  1.85180e-07
 Reference value :  1.85205e-07
 Reference value :  1.85275e-07
 Reference value :  1.85361e-07
 Reference value :  1.85461e-07
 Reference value :  1.85561e-07
 Reference value :  1.85661e-07
 Reference value :  1.85742e-07
 Reference value :  1.85810e-07
 Reference value :  1.85947e-07
 Reference value :  1.86047e-07
 Reference value :  1.86134e-07
 Reference value :  1.86159e-07
 Reference value :  1.86209e-07
 Reference value :  1.86269e-07
 Reference value :  1.86405e-07
 Reference value :  1.86505e-07
 Reference value :  1.86605e-07
 Reference value :  1.86686e-07
 Reference value :  1.86712e-07
 Reference value :  1.86768e-07
 Reference value :  1.86868e-07
 Reference value :  1.86968e-07
 Reference value :  1.87118e-07
 Reference value :  1.87152e-07
 Reference value :  1.87215e-07
 Reference value :  1.87339e-07
 Reference value :  1.87439e-07
 Reference value :  1.87539e-07
 Reference value :  1.87630e-07
 Reference value :  1.87658e-07
 Reference value :  1.87746e-07
 Reference value :  1.87846e-07
 Reference value :  1.87946e-07
 Reference value :  1.88046e-07
 Reference value :  1.88132e-07
 Reference value :  1.88266e-07
 Reference value :  1.88366e-07
 Reference value :  1.88516e-07
 Reference value :  1.88616e-07
 Reference value :  1.88649e-07
 Reference value :  1.88718e-07
 Reference value :  1.88804e-07
 Reference value :  1.88954e-07
 Reference value :  1.89045e-07
 Reference value :  1.89070e-07
 Reference value :  1.89124e-07
 Reference value :  1.89228e-07
 Reference value :  1.89328e-07
 Reference value :  1.89428e-07
 Reference value :  1.89528e-07
 Reference value :  1.89612e-07
 Reference value :  1.89677e-07
 Reference value :  1.89758e-07
 Reference value :  1.89858e-07
 Reference value :  1.89958e-07
 Reference value :  1.90037e-07
 Reference value :  1.90096e-07
 Reference value :  1.90206e-07
 Reference value :  1.90306e-07
 Reference value :  1.90456e-07
 Reference value :  1.90543e-07
 Reference value :  1.90606e-07
 Reference value :  1.90677e-07
 Reference value :  1.90777e-07
 Reference value :  1.90927e-07
 Reference value :  1.90969e-07
 Reference value :  1.90997e-07
 Reference value :  1.91050e-07
 Reference value :  1.91111e-07
 Reference value :  1.91247e-07
 Reference value :  1.91347e-07
 Reference value :  1.91447e-07
 Reference value :  1.91528e-07
 Reference value :  1.91587e-07
 Reference value :  1.91713e-07
 Reference value :  1.91863e-07
 Reference value :  1.91963e-07
 Reference value :  1.91999e-07
 Reference value :  1.92076e-07
 Reference value :  1.92170e-07
 Reference value :  1.92270e-07
 Reference value :  1.92370e-07
 Reference value :  1.92513e-07
 Reference value :  1.92582e-07
 Reference value :  1.92663e-07
 Reference value :  1.92813e-07
 Reference value :  1.92900e-07
 Reference value :  1.92964e-07
 Reference value :  1.93075e-07
 Reference value :  1.93225e-07
 Reference value :  1.93375e-07
 Reference value :  1.93474e-07
 Reference value :  1.93517e-07
 Reference value :  1.93649e-07
 Reference value :  1.93799e-07
 Reference value :  1.93894e-07
 Reference value :  1.93920e-07
 Reference value :  1.93978e-07
 Reference value :  1.94057e-07
 Reference value :  1.94154e-07
 Reference value :  1.94254e-07
 Reference value :  1.94354e-07
 Reference value :  1.94440e-07
 Reference value :  1.94477e-07
 Reference value :  1.94545e-07
 Reference value :  1.94645e-07
 Reference value :  1.94745e-07
 Reference value :  1.94832e-07
 Reference value :  1.94908e-07
 Reference value :  1.95034e-07
 Reference value :  1.95134e-07
 Reference value :  1.95284e-07
 Reference value :  1.95384e-07
 Reference value :  1.95458e-07
 Reference value :  1.95528e-07
 Reference value :  1.95628e-07
 Reference value :  1.95778e-07
 Reference value :  1.95815e-07
 Reference value :  1.95841e-07
 Reference value :  1.95899e-07
 Reference value :  1.95975e-07
 Reference value :  1.96125e-07
 Reference value :  1.96225e-07
 Reference value :  1.96375e-07
 Reference value :  1.96475e-07
 Reference value :  1.96575e-07
 Reference value :  1.96675e-07
 Reference value :  1.96775e-07
 Reference value :  1.96801e-07
 Reference value :  1.96868e-07
 Reference value :  1.96952e-07
 Reference value :  1.97052e-07
 Reference value :  1.97152e-07
 Reference value :  1.97252e-07
 Reference value :  1.97331e-07
 Reference value :  1.97358e-07
 Reference value :  1.97467e-07
 Reference value :  1.97567e-07
 Reference value :  1.97667e-07
 Reference value :  1.97767e-07
 Reference value :  1.97796e-07
 Reference value :  1.97858e-07
 Reference value :  1.97981e-07
 Reference value :  1.98081e-07
 Reference value :  1.98231e-07
 Reference value :  1.98275e-07
 Reference value :  1.98338e-07
 Reference value :  1.98448e-07
 Reference value :  1.98548e-07
 Reference value :  1.98648e-07
 Reference value :  1.98748e-07
 Reference value :  1.98791e-07
 Reference value :  1.98880e-07
 Reference value :  1.98980e-07
 Reference value :  1.99080e-07
 Reference value :  1.99180e-07
 Reference value :  1.99274e-07
 Reference value :  1.99306e-07
 Reference value :  1.99380e-07
 Reference value :  1.99473e-07
 Reference value :  1.99623e-07
 Reference value :  1.99708e-07
 Reference value :  1.99733e-07
 Reference value :  1.99839e-07
 Reference value :  1.99969e-07
No. of Data Rows : 4583
sim/harness: analysis complete
Note: Simulation executed from .control section 
