
Note: Compatibility modes selected: hs a


Circuit: ** sch_path: /home/ubuntu/github/sky130-pll/.loom/worktrees/issue-210/sim/vco/testbench/tb_vco.sch

option SCALE: Scale is set to 1e-06 for instance and model parameters
option SCALE: Scale is set to 1e-06 for instance and model parameters
option SCALE: Scale is set to 1e-06 for instance and model parameters
option SCALE: Scale is set to 1e-06 for instance and model parameters
Doing analysis at TEMP = 27.000000 and TNOM = 27.000000

Using KLU as Direct Linear Solver
Operating point simulation skipped by 'uic',
  now using transient initial conditions.
 Reference value :  5.00000e-14
 Reference value :  5.15831e-14
 Reference value :  7.37463e-14
 Reference value :  1.88028e-13
 Reference value :  4.18387e-13
 Reference value :  9.42249e-13
 Reference value :  2.11875e-12
 Reference value :  5.00000e-12
 Reference value :  8.14774e-12
 Reference value :  1.68305e-11
 Reference value :  3.74351e-11
 Reference value :  6.77099e-11
 Reference value :  7.54291e-11
 Reference value :  1.05852e-10
 Reference value :  1.52002e-10
 Reference value :  2.74985e-10
 Reference value :  4.24985e-10
 Reference value :  4.68302e-10
 Reference value :  5.08116e-10
 Reference value :  5.40533e-10
 Reference value :  5.50832e-10
 Reference value :  5.73168e-10
 Reference value :  6.52857e-10
 Reference value :  7.96169e-10
 Reference value :  9.46169e-10
 Reference value :  1.09617e-09
 Reference value :  1.19617e-09
 Reference value :  1.29617e-09
 Reference value :  1.44617e-09
 Reference value :  1.54617e-09
 Reference value :  1.64617e-09
 Reference value :  1.74617e-09
 Reference value :  1.84617e-09
 Reference value :  1.94617e-09
 Reference value :  2.09617e-09
 Reference value :  2.24617e-09
 Reference value :  2.34617e-09
 Reference value :  2.44617e-09
 Reference value :  2.56479e-09
 Reference value :  2.57765e-09
 Reference value :  2.60359e-09
 Reference value :  2.62579e-09
 Reference value :  2.63251e-09
 Reference value :  2.65998e-09
 Reference value :  2.70667e-09
 Reference value :  2.77690e-09
 Reference value :  2.84751e-09
 Reference value :  2.94751e-09
 Reference value :  3.04751e-09
 Reference value :  3.14751e-09
 Reference value :  3.29751e-09
 Reference value :  3.39751e-09
 Reference value :  3.49751e-09
 Reference value :  3.59751e-09
 Reference value :  3.69751e-09
 Reference value :  3.84751e-09
 Reference value :  3.99751e-09
 Reference value :  4.09751e-09
 Reference value :  4.13816e-09
 Reference value :  4.15929e-09
 Reference value :  4.18291e-09
 Reference value :  4.20219e-09
 Reference value :  4.20851e-09
 Reference value :  4.22301e-09
 Reference value :  4.26306e-09
 Reference value :  4.36850e-09
 Reference value :  4.50113e-09
 Reference value :  4.60113e-09
 Reference value :  4.75113e-09
 Reference value :  4.85113e-09
 Reference value :  4.95113e-09
 Reference value :  5.10113e-09
 Reference value :  5.20113e-09
 Reference value :  5.35113e-09
 Reference value :  5.50113e-09
 Reference value :  5.65113e-09
 Reference value :  5.69127e-09
 Reference value :  5.71820e-09
 Reference value :  5.74517e-09
 Reference value :  5.75416e-09
 Reference value :  5.76017e-09
 Reference value :  5.77568e-09
 Reference value :  5.80785e-09
 Reference value :  5.89064e-09
 Reference value :  5.95547e-09
 Reference value :  6.05547e-09
 Reference value :  6.15547e-09
 Reference value :  6.25547e-09
 Reference value :  6.40547e-09
 Reference value :  6.50547e-09
 Reference value :  6.60547e-09
 Reference value :  6.70547e-09
 Reference value :  6.80547e-09
 Reference value :  6.95547e-09
 Reference value :  7.10547e-09
 Reference value :  7.20547e-09
 Reference value :  7.27475e-09
 Reference value :  7.28751e-09
 Reference value :  7.30779e-09
 Reference value :  7.32808e-09
 Reference value :  7.34640e-09
 Reference value :  7.35264e-09
 Reference value :  7.36736e-09
 Reference value :  7.40583e-09
 Reference value :  7.51099e-09
 Reference value :  7.64306e-09
 Reference value :  7.74306e-09
 Reference value :  7.84306e-09
 Reference value :  7.94306e-09
 Reference value :  8.04306e-09
 Reference value :  8.19306e-09
 Reference value :  8.29306e-09
 Reference value :  8.44306e-09
 Reference value :  8.59306e-09
 Reference value :  8.69306e-09
 Reference value :  8.79306e-09
 Reference value :  8.83423e-09
 Reference value :  8.85004e-09
 Reference value :  8.87752e-09
 Reference value :  8.89736e-09
 Reference value :  8.90344e-09
 Reference value :  8.92917e-09
 Reference value :  8.95284e-09
 Reference value :  9.03566e-09
 Reference value :  9.10110e-09
 Reference value :  9.20110e-09
 Reference value :  9.30110e-09
 Reference value :  9.40110e-09
 Reference value :  9.55110e-09
 Reference value :  9.65110e-09
 Reference value :  9.75110e-09
 Reference value :  9.85110e-09
 Reference value :  9.95110e-09
 Reference value :  1.01011e-08
 Reference value :  1.02011e-08
 Reference value :  1.03011e-08
 Reference value :  1.04011e-08
 Reference value :  1.04205e-08
 Reference value :  1.04328e-08
 Reference value :  1.04429e-08
 Reference value :  1.04537e-08
 Reference value :  1.04761e-08
 Reference value :  1.04929e-08
 Reference value :  1.04994e-08
 Reference value :  1.05219e-08
 Reference value :  1.05624e-08
 Reference value :  1.06732e-08
 Reference value :  1.08116e-08
 Reference value :  1.09116e-08
 Reference value :  1.10116e-08
 Reference value :  1.11116e-08
 Reference value :  1.12616e-08
 Reference value :  1.13616e-08
 Reference value :  1.14616e-08
 Reference value :  1.15616e-08
 Reference value :  1.17116e-08
 Reference value :  1.18616e-08
 Reference value :  1.19616e-08
 Reference value :  1.19802e-08
 Reference value :  1.19932e-08
 Reference value :  1.20177e-08
 Reference value :  1.20391e-08
 Reference value :  1.20455e-08
 Reference value :  1.20614e-08
 Reference value :  1.20934e-08
 Reference value :  1.21730e-08
 Reference value :  1.22372e-08
 Reference value :  1.23372e-08
 Reference value :  1.24872e-08
 Reference value :  1.26372e-08
 Reference value :  1.27872e-08
 Reference value :  1.29372e-08
 Reference value :  1.30372e-08
 Reference value :  1.31872e-08
 Reference value :  1.33372e-08
 Reference value :  1.34872e-08
 Reference value :  1.35581e-08
 Reference value :  1.35816e-08
 Reference value :  1.36033e-08
 Reference value :  1.36123e-08
 Reference value :  1.36312e-08
 Reference value :  1.36375e-08
 Reference value :  1.36532e-08
 Reference value :  1.36914e-08
 Reference value :  1.37983e-08
 Reference value :  1.38808e-08
 Reference value :  1.39808e-08
 Reference value :  1.40808e-08
 Reference value :  1.41808e-08
 Reference value :  1.42808e-08
 Reference value :  1.43808e-08
 Reference value :  1.44808e-08
 Reference value :  1.45808e-08
 Reference value :  1.46808e-08
 Reference value :  1.47808e-08
 Reference value :  1.49308e-08
 Reference value :  1.50808e-08
 Reference value :  1.51178e-08
 Reference value :  1.51335e-08
 Reference value :  1.51612e-08
 Reference value :  1.51829e-08
 Reference value :  1.51891e-08
 Reference value :  1.52047e-08
 Reference value :  1.52372e-08
 Reference value :  1.53164e-08
 Reference value :  1.53807e-08
 Reference value :  1.54807e-08
 Reference value :  1.55807e-08
 Reference value :  1.57307e-08
 Reference value :  1.58307e-08
 Reference value :  1.59307e-08
 Reference value :  1.60307e-08
 Reference value :  1.61307e-08
 Reference value :  1.62307e-08
 Reference value :  1.63807e-08
 Reference value :  1.64807e-08
 Reference value :  1.65807e-08
 Reference value :  1.67013e-08
 Reference value :  1.67141e-08
 Reference value :  1.67247e-08
 Reference value :  1.67463e-08
 Reference value :  1.67653e-08
 Reference value :  1.67734e-08
 Reference value :  1.67797e-08
 Reference value :  1.67953e-08
 Reference value :  1.68322e-08
 Reference value :  1.69378e-08
 Reference value :  1.70196e-08
 Reference value :  1.71196e-08
 Reference value :  1.72196e-08
 Reference value :  1.73196e-08
 Reference value :  1.74196e-08
 Reference value :  1.75196e-08
 Reference value :  1.76696e-08
 Reference value :  1.77696e-08
 Reference value :  1.79196e-08
 Reference value :  1.80196e-08
 Reference value :  1.81196e-08
 Reference value :  1.82629e-08
 Reference value :  1.82792e-08
 Reference value :  1.83069e-08
 Reference value :  1.83267e-08
 Reference value :  1.83331e-08
 Reference value :  1.83593e-08
 Reference value :  1.84054e-08
 Reference value :  1.84786e-08
 Reference value :  1.86010e-08
 Reference value :  1.87010e-08
 Reference value :  1.88010e-08
 Reference value :  1.89510e-08
 Reference value :  1.90510e-08
 Reference value :  1.91510e-08
 Reference value :  1.92510e-08
 Reference value :  1.93510e-08
 Reference value :  1.95010e-08
 Reference value :  1.96510e-08
 Reference value :  1.97510e-08
 Reference value :  1.98415e-08
 Reference value :  1.98558e-08
 Reference value :  1.98667e-08
 Reference value :  1.98885e-08
 Reference value :  1.99075e-08
 Reference value :  1.99152e-08
 Reference value :  1.99214e-08
 Reference value :  1.99438e-08
 Reference value :  2.00074e-08
 Reference value :  2.01199e-08
 Reference value :  2.02147e-08
 Reference value :  2.03147e-08
 Reference value :  2.04147e-08
 Reference value :  2.05147e-08
 Reference value :  2.06147e-08
 Reference value :  2.07147e-08
 Reference value :  2.08647e-08
 Reference value :  2.10147e-08
 Reference value :  2.11647e-08
 Reference value :  2.12647e-08
 Reference value :  2.13647e-08
 Reference value :  2.14019e-08
 Reference value :  2.14175e-08
 Reference value :  2.14452e-08
 Reference value :  2.14572e-08
 Reference value :  2.14667e-08
 Reference value :  2.14730e-08
 Reference value :  2.14885e-08
 Reference value :  2.15212e-08
 Reference value :  2.16047e-08
 Reference value :  2.16699e-08
 Reference value :  2.17699e-08
 Reference value :  2.18699e-08
 Reference value :  2.19699e-08
 Reference value :  2.21199e-08
 Reference value :  2.22199e-08
 Reference value :  2.23199e-08
 Reference value :  2.24199e-08
 Reference value :  2.25699e-08
 Reference value :  2.27199e-08
 Reference value :  2.28699e-08
 Reference value :  2.29891e-08
 Reference value :  2.30118e-08
 Reference value :  2.30338e-08
 Reference value :  2.30545e-08
 Reference value :  2.30616e-08
 Reference value :  2.30749e-08
 Reference value :  2.30820e-08
 Reference value :  2.31297e-08
 Reference value :  2.32406e-08
 Reference value :  2.33282e-08
 Reference value :  2.34282e-08
 Reference value :  2.35282e-08
 Reference value :  2.36782e-08
 Reference value :  2.37782e-08
 Reference value :  2.38782e-08
 Reference value :  2.39782e-08
 Reference value :  2.40782e-08
 Reference value :  2.41782e-08
 Reference value :  2.43282e-08
 Reference value :  2.44782e-08
 Reference value :  2.45477e-08
 Reference value :  2.45612e-08
 Reference value :  2.45863e-08
 Reference value :  2.46088e-08
 Reference value :  2.46153e-08
 Reference value :  2.46313e-08
 Reference value :  2.46632e-08
 Reference value :  2.47443e-08
 Reference value :  2.48089e-08
 Reference value :  2.49089e-08
 Reference value :  2.50089e-08
 Reference value :  2.51089e-08
 Reference value :  2.52589e-08
 Reference value :  2.53589e-08
 Reference value :  2.54589e-08
 Reference value :  2.55589e-08
 Reference value :  2.56589e-08
 Reference value :  2.58089e-08
 Reference value :  2.59089e-08
 Reference value :  2.60089e-08
 Reference value :  2.61089e-08
 Reference value :  2.61291e-08
 Reference value :  2.61419e-08
 Reference value :  2.61525e-08
 Reference value :  2.61739e-08
 Reference value :  2.61822e-08
 Reference value :  2.62008e-08
 Reference value :  2.62071e-08
 Reference value :  2.62226e-08
 Reference value :  2.62590e-08
 Reference value :  2.63652e-08
 Reference value :  2.64469e-08
 Reference value :  2.65469e-08
 Reference value :  2.66469e-08
 Reference value :  2.67469e-08
 Reference value :  2.68469e-08
 Reference value :  2.69469e-08
 Reference value :  2.70969e-08
 Reference value :  2.71969e-08
 Reference value :  2.72969e-08
 Reference value :  2.73969e-08
 Reference value :  2.74969e-08
 Reference value :  2.75969e-08
 Reference value :  2.76904e-08
 Reference value :  2.77065e-08
 Reference value :  2.77340e-08
 Reference value :  2.77457e-08
 Reference value :  2.77603e-08
 Reference value :  2.77864e-08
 Reference value :  2.78114e-08
 Reference value :  2.78726e-08
 Reference value :  2.79049e-08
 Reference value :  2.79769e-08
 Reference value :  2.80769e-08
 Reference value :  2.81769e-08
 Reference value :  2.82769e-08
 Reference value :  2.83769e-08
 Reference value :  2.84769e-08
 Reference value :  2.85769e-08
 Reference value :  2.86769e-08
 Reference value :  2.87769e-08
 Reference value :  2.88769e-08
 Reference value :  2.90269e-08
 Reference value :  2.91269e-08
 Reference value :  2.92269e-08
 Reference value :  2.92861e-08
 Reference value :  2.92967e-08
 Reference value :  2.93078e-08
 Reference value :  2.93306e-08
 Reference value :  2.93402e-08
 Reference value :  2.93470e-08
 Reference value :  2.93536e-08
 Reference value :  2.93686e-08
 Reference value :  2.93918e-08
 Reference value :  2.94884e-08
 Reference value :  2.95674e-08
 Reference value :  2.96674e-08
 Reference value :  2.97674e-08
 Reference value :  2.98674e-08
 Reference value :  2.99674e-08
 Reference value :  3.00674e-08
 Reference value :  3.01674e-08
 Reference value :  3.02674e-08
 Reference value :  3.03674e-08
 Reference value :  3.04674e-08
 Reference value :  3.06174e-08
 Reference value :  3.07674e-08
 Reference value :  3.08356e-08
 Reference value :  3.08483e-08
 Reference value :  3.08592e-08
 Reference value :  3.08844e-08
 Reference value :  3.08942e-08
 Reference value :  3.09006e-08
 Reference value :  3.09082e-08
 Reference value :  3.09259e-08
 Reference value :  3.09495e-08
 Reference value :  3.10328e-08
 Reference value :  3.10641e-08
 Reference value :  3.11482e-08
 Reference value :  3.12482e-08
 Reference value :  3.13482e-08
 Reference value :  3.14482e-08
 Reference value :  3.15482e-08
 Reference value :  3.16482e-08
 Reference value :  3.17482e-08
 Reference value :  3.18482e-08
 Reference value :  3.19482e-08
 Reference value :  3.20482e-08
 Reference value :  3.21482e-08
 Reference value :  3.22482e-08
 Reference value :  3.23482e-08
 Reference value :  3.24176e-08
 Reference value :  3.24299e-08
 Reference value :  3.24399e-08
 Reference value :  3.24509e-08
 Reference value :  3.24734e-08
 Reference value :  3.24832e-08
 Reference value :  3.24900e-08
 Reference value :  3.24966e-08
 Reference value :  3.25194e-08
 Reference value :  3.25600e-08
 Reference value :  3.26295e-08
 Reference value :  3.27084e-08
 Reference value :  3.28077e-08
 Reference value :  3.29077e-08
 Reference value :  3.30077e-08
 Reference value :  3.31077e-08
 Reference value :  3.32077e-08
 Reference value :  3.33077e-08
 Reference value :  3.34077e-08
 Reference value :  3.35077e-08
 Reference value :  3.36077e-08
 Reference value :  3.37077e-08
 Reference value :  3.38077e-08
 Reference value :  3.39077e-08
 Reference value :  3.39764e-08
 Reference value :  3.39897e-08
 Reference value :  3.40002e-08
 Reference value :  3.40245e-08
 Reference value :  3.40414e-08
 Reference value :  3.40492e-08
 Reference value :  3.40668e-08
 Reference value :  3.40894e-08
 Reference value :  3.41407e-08
 Reference value :  3.41700e-08
 Reference value :  3.42007e-08
 Reference value :  3.42845e-08
 Reference value :  3.43845e-08
 Reference value :  3.44845e-08
 Reference value :  3.45845e-08
 Reference value :  3.46845e-08
 Reference value :  3.47845e-08
 Reference value :  3.48845e-08
 Reference value :  3.49845e-08
 Reference value :  3.50845e-08
 Reference value :  3.51845e-08
 Reference value :  3.52845e-08
 Reference value :  3.53845e-08
 Reference value :  3.54845e-08
 Reference value :  3.55552e-08
 Reference value :  3.55681e-08
 Reference value :  3.55787e-08
 Reference value :  3.55882e-08
 Reference value :  3.56093e-08
 Reference value :  3.56200e-08
 Reference value :  3.56282e-08
 Reference value :  3.56345e-08
 Reference value :  3.56500e-08
 Reference value :  3.56674e-08
 Reference value :  3.57219e-08
 Reference value :  3.57957e-08
 Reference value :  3.58783e-08
 Reference value :  3.59783e-08
 Reference value :  3.60783e-08
 Reference value :  3.61783e-08
 Reference value :  3.62783e-08
 Reference value :  3.63783e-08
 Reference value :  3.64783e-08
 Reference value :  3.65783e-08
 Reference value :  3.66783e-08
 Reference value :  3.67783e-08
 Reference value :  3.68783e-08
 Reference value :  3.69783e-08
 Reference value :  3.70783e-08
 Reference value :  3.71145e-08
 Reference value :  3.71301e-08
 Reference value :  3.71410e-08
 Reference value :  3.71705e-08
 Reference value :  3.71802e-08
 Reference value :  3.71866e-08
 Reference value :  3.71941e-08
 Reference value :  3.72218e-08
 Reference value :  3.72533e-08
 Reference value :  3.73170e-08
 Reference value :  3.73481e-08
 Reference value :  3.74321e-08
 Reference value :  3.75321e-08
 Reference value :  3.76321e-08
 Reference value :  3.77321e-08
 Reference value :  3.78321e-08
 Reference value :  3.79321e-08
 Reference value :  3.80321e-08
 Reference value :  3.81321e-08
 Reference value :  3.82321e-08
 Reference value :  3.83321e-08
 Reference value :  3.84321e-08
 Reference value :  3.85321e-08
 Reference value :  3.86321e-08
 Reference value :  3.87021e-08
 Reference value :  3.87145e-08
 Reference value :  3.87246e-08
 Reference value :  3.87351e-08
 Reference value :  3.87568e-08
 Reference value :  3.87672e-08
 Reference value :  3.87744e-08
 Reference value :  3.87807e-08
 Reference value :  3.87946e-08
 Reference value :  3.88168e-08
 Reference value :  3.88774e-08
 Reference value :  3.89909e-08
 Reference value :  3.90909e-08
 Reference value :  3.91909e-08
 Reference value :  3.92909e-08
 Reference value :  3.93909e-08
 Reference value :  3.94909e-08
 Reference value :  3.95909e-08
 Reference value :  3.96909e-08
 Reference value :  3.97909e-08
 Reference value :  3.98909e-08
 Reference value :  4.00409e-08
 Reference value :  4.01409e-08
 Reference value :  4.02409e-08
 Reference value :  4.02605e-08
 Reference value :  4.02741e-08
 Reference value :  4.02845e-08
 Reference value :  4.03113e-08
 Reference value :  4.03288e-08
 Reference value :  4.03447e-08
 Reference value :  4.03767e-08
 Reference value :  4.04543e-08
 Reference value :  4.05183e-08
 Reference value :  4.06183e-08
 Reference value :  4.07183e-08
 Reference value :  4.08183e-08
 Reference value :  4.09683e-08
 Reference value :  4.10683e-08
 Reference value :  4.11683e-08
 Reference value :  4.12683e-08
 Reference value :  4.13683e-08
 Reference value :  4.14683e-08
 Reference value :  4.16183e-08
 Reference value :  4.17183e-08
 Reference value :  4.18183e-08
 Reference value :  4.18403e-08
 Reference value :  4.18532e-08
 Reference value :  4.18640e-08
 Reference value :  4.18735e-08
 Reference value :  4.18955e-08
 Reference value :  4.19064e-08
 Reference value :  4.19145e-08
 Reference value :  4.19208e-08
 Reference value :  4.19365e-08
 Reference value :  4.19544e-08
 Reference value :  4.20089e-08
 Reference value :  4.20835e-08
 Reference value :  4.21665e-08
 Reference value :  4.22665e-08
 Reference value :  4.23665e-08
 Reference value :  4.25165e-08
 Reference value :  4.26165e-08
 Reference value :  4.27665e-08
 Reference value :  4.28665e-08
 Reference value :  4.29665e-08
 Reference value :  4.30665e-08
 Reference value :  4.31665e-08
 Reference value :  4.32665e-08
 Reference value :  4.33997e-08
 Reference value :  4.34151e-08
 Reference value :  4.34407e-08
 Reference value :  4.34539e-08
 Reference value :  4.34723e-08
 Reference value :  4.34881e-08
 Reference value :  4.35078e-08
 Reference value :  4.35706e-08
 Reference value :  4.35983e-08
 Reference value :  4.36288e-08
 Reference value :  4.37125e-08
 Reference value :  4.38125e-08
 Reference value :  4.39125e-08
 Reference value :  4.40125e-08
 Reference value :  4.41125e-08
 Reference value :  4.42125e-08
 Reference value :  4.43125e-08
 Reference value :  4.44125e-08
 Reference value :  4.45625e-08
 Reference value :  4.47125e-08
 Reference value :  4.48625e-08
 Reference value :  4.49625e-08
 Reference value :  4.49837e-08
 Reference value :  4.49967e-08
 Reference value :  4.50074e-08
 Reference value :  4.50170e-08
 Reference value :  4.50382e-08
 Reference value :  4.50571e-08
 Reference value :  4.50634e-08
 Reference value :  4.50861e-08
 Reference value :  4.51491e-08
 Reference value :  4.52612e-08
 Reference value :  4.53556e-08
 Reference value :  4.54556e-08
 Reference value :  4.55556e-08
 Reference value :  4.56556e-08
 Reference value :  4.57556e-08
 Reference value :  4.58556e-08
 Reference value :  4.59556e-08
 Reference value :  4.60556e-08
 Reference value :  4.62056e-08
 Reference value :  4.63056e-08
 Reference value :  4.64056e-08
 Reference value :  4.65056e-08
 Reference value :  4.65443e-08
 Reference value :  4.65601e-08
 Reference value :  4.65876e-08
 Reference value :  4.66080e-08
 Reference value :  4.66216e-08
 Reference value :  4.66387e-08
 Reference value :  4.66791e-08
 Reference value :  4.67387e-08
 Reference value :  4.68027e-08
 Reference value :  4.69027e-08
 Reference value :  4.70027e-08
 Reference value :  4.71027e-08
 Reference value :  4.72027e-08
 Reference value :  4.73027e-08
 Reference value :  4.74027e-08
 Reference value :  4.75027e-08
 Reference value :  4.76027e-08
 Reference value :  4.77027e-08
 Reference value :  4.78527e-08
 Reference value :  4.79527e-08
 Reference value :  4.80527e-08
 Reference value :  4.81251e-08
 Reference value :  4.81488e-08
 Reference value :  4.81708e-08
 Reference value :  4.81916e-08
 Reference value :  4.81996e-08
 Reference value :  4.82059e-08
 Reference value :  4.82208e-08
 Reference value :  4.82594e-08
 Reference value :  4.83652e-08
 Reference value :  4.84474e-08
 Reference value :  4.85474e-08
 Reference value :  4.86474e-08
 Reference value :  4.87974e-08
 Reference value :  4.88974e-08
 Reference value :  4.89974e-08
 Reference value :  4.90974e-08
 Reference value :  4.91974e-08
 Reference value :  4.92974e-08
 Reference value :  4.94474e-08
 Reference value :  4.95474e-08
 Reference value :  4.96474e-08
 Reference value :  4.96867e-08
 Reference value :  4.97025e-08
 Reference value :  4.97300e-08
 Reference value :  4.97407e-08
 Reference value :  4.97498e-08
 Reference value :  4.97559e-08
 Reference value :  4.97635e-08
 Reference value :  4.97805e-08
 Reference value :  4.98033e-08
 Reference value :  4.98522e-08
 Reference value :  4.98813e-08
 Reference value :  4.99454e-08
 Reference value :  5.00454e-08
 Reference value :  5.01454e-08
 Reference value :  5.02454e-08
 Reference value :  5.03454e-08
 Reference value :  5.04454e-08
 Reference value :  5.05454e-08
 Reference value :  5.06454e-08
 Reference value :  5.07454e-08
 Reference value :  5.08454e-08
 Reference value :  5.09954e-08
 Reference value :  5.11454e-08
 Reference value :  5.12454e-08
 Reference value :  5.12674e-08
 Reference value :  5.12804e-08
 Reference value :  5.12912e-08
 Reference value :  5.13006e-08
 Reference value :  5.13226e-08
 Reference value :  5.13416e-08
 Reference value :  5.13479e-08
 Reference value :  5.13629e-08
 Reference value :  5.14011e-08
 Reference value :  5.14678e-08
 Reference value :  5.15888e-08
 Reference value :  5.16888e-08
 Reference value :  5.17888e-08
 Reference value :  5.18888e-08
 Reference value :  5.19888e-08
 Reference value :  5.20888e-08
 Reference value :  5.22388e-08
 Reference value :  5.23388e-08
 Reference value :  5.24388e-08
 Reference value :  5.25388e-08
 Reference value :  5.26388e-08
 Reference value :  5.27888e-08
 Reference value :  5.28294e-08
 Reference value :  5.28452e-08
 Reference value :  5.28726e-08
 Reference value :  5.28835e-08
 Reference value :  5.28924e-08
 Reference value :  5.28984e-08
 Reference value :  5.29139e-08
 Reference value :  5.29335e-08
 Reference value :  5.29966e-08
 Reference value :  5.30254e-08
 Reference value :  5.30896e-08
 Reference value :  5.31896e-08
 Reference value :  5.32896e-08
 Reference value :  5.33896e-08
 Reference value :  5.34896e-08
 Reference value :  5.35896e-08
 Reference value :  5.36896e-08
 Reference value :  5.37896e-08
 Reference value :  5.38896e-08
 Reference value :  5.39896e-08
 Reference value :  5.41396e-08
 Reference value :  5.42896e-08
 Reference value :  5.43896e-08
 Reference value :  5.44105e-08
 Reference value :  5.44234e-08
 Reference value :  5.44342e-08
 Reference value :  5.44559e-08
 Reference value :  5.44646e-08
 Reference value :  5.44834e-08
 Reference value :  5.44897e-08
 Reference value :  5.45054e-08
 Reference value :  5.45432e-08
 Reference value :  5.46099e-08
 Reference value :  5.46865e-08
 Reference value :  5.47805e-08
 Reference value :  5.48805e-08
 Reference value :  5.49805e-08
 Reference value :  5.50805e-08
 Reference value :  5.51805e-08
 Reference value :  5.52805e-08
 Reference value :  5.53805e-08
 Reference value :  5.54805e-08
 Reference value :  5.56305e-08
 Reference value :  5.57305e-08
 Reference value :  5.58305e-08
 Reference value :  5.59305e-08
 Reference value :  5.59720e-08
 Reference value :  5.59879e-08
 Reference value :  5.59992e-08
 Reference value :  5.60265e-08
 Reference value :  5.60413e-08
 Reference value :  5.60572e-08
 Reference value :  5.60769e-08
 Reference value :  5.61454e-08
 Reference value :  5.61735e-08
 Reference value :  5.62390e-08
 Reference value :  5.63390e-08
 Reference value :  5.64390e-08
 Reference value :  5.65390e-08
 Reference value :  5.66890e-08
 Reference value :  5.67890e-08
 Reference value :  5.68890e-08
 Reference value :  5.69890e-08
 Reference value :  5.70890e-08
 Reference value :  5.72390e-08
 Reference value :  5.73890e-08
 Reference value :  5.74890e-08
 Reference value :  5.75584e-08
 Reference value :  5.75707e-08
 Reference value :  5.75807e-08
 Reference value :  5.76034e-08
 Reference value :  5.76241e-08
 Reference value :  5.76309e-08
 Reference value :  5.76375e-08
 Reference value :  5.76603e-08
 Reference value :  5.77365e-08
 Reference value :  5.78510e-08
 Reference value :  5.79510e-08
 Reference value :  5.80510e-08
 Reference value :  5.81510e-08
 Reference value :  5.82510e-08
 Reference value :  5.83510e-08
 Reference value :  5.84510e-08
 Reference value :  5.85510e-08
 Reference value :  5.86510e-08
 Reference value :  5.88010e-08
 Reference value :  5.89010e-08
 Reference value :  5.90010e-08
 Reference value :  5.91010e-08
 Reference value :  5.91191e-08
 Reference value :  5.91318e-08
 Reference value :  5.91563e-08
 Reference value :  5.91778e-08
 Reference value :  5.91918e-08
 Reference value :  5.92193e-08
 Reference value :  5.92506e-08
 Reference value :  5.93128e-08
 Reference value :  5.93435e-08
 Reference value :  5.94773e-08
 Reference value :  5.95773e-08
 Reference value :  5.96773e-08
 Reference value :  5.98273e-08
 Reference value :  5.99273e-08
 Reference value :  6.00273e-08
 Reference value :  6.01273e-08
 Reference value :  6.02273e-08
 Reference value :  6.03273e-08
 Reference value :  6.04773e-08
 Reference value :  6.05773e-08
 Reference value :  6.06773e-08
 Reference value :  6.06980e-08
 Reference value :  6.07106e-08
 Reference value :  6.07210e-08
 Reference value :  6.07425e-08
 Reference value :  6.07621e-08
 Reference value :  6.07697e-08
 Reference value :  6.07759e-08
 Reference value :  6.07902e-08
 Reference value :  6.08086e-08
 Reference value :  6.08638e-08
 Reference value :  6.09388e-08
 Reference value :  6.10220e-08
 Reference value :  6.11220e-08
 Reference value :  6.12220e-08
 Reference value :  6.13220e-08
 Reference value :  6.14220e-08
 Reference value :  6.15220e-08
 Reference value :  6.16720e-08
 Reference value :  6.17720e-08
 Reference value :  6.19220e-08
 Reference value :  6.20220e-08
 Reference value :  6.21220e-08
 Reference value :  6.22539e-08
 Reference value :  6.22691e-08
 Reference value :  6.22940e-08
 Reference value :  6.23291e-08
 Reference value :  6.23369e-08
 Reference value :  6.23546e-08
 Reference value :  6.23995e-08
 Reference value :  6.24622e-08
 Reference value :  6.24953e-08
 Reference value :  6.25799e-08
 Reference value :  6.26799e-08
 Reference value :  6.27799e-08
 Reference value :  6.28799e-08
 Reference value :  6.29799e-08
 Reference value :  6.30799e-08
 Reference value :  6.31799e-08
 Reference value :  6.32799e-08
 Reference value :  6.33799e-08
 Reference value :  6.35299e-08
 Reference value :  6.36799e-08
 Reference value :  6.37799e-08
 Reference value :  6.38475e-08
 Reference value :  6.38595e-08
 Reference value :  6.38838e-08
 Reference value :  6.39077e-08
 Reference value :  6.39222e-08
 Reference value :  6.39364e-08
 Reference value :  6.39588e-08
 Reference value :  6.40209e-08
 Reference value :  6.41369e-08
 Reference value :  6.42369e-08
 Reference value :  6.43369e-08
 Reference value :  6.44869e-08
 Reference value :  6.45869e-08
 Reference value :  6.46869e-08
 Reference value :  6.47869e-08
 Reference value :  6.48869e-08
 Reference value :  6.49869e-08
 Reference value :  6.51369e-08
 Reference value :  6.52369e-08
 Reference value :  6.53369e-08
 Reference value :  6.54061e-08
 Reference value :  6.54186e-08
 Reference value :  6.54295e-08
 Reference value :  6.54548e-08
 Reference value :  6.54646e-08
 Reference value :  6.54709e-08
 Reference value :  6.54869e-08
 Reference value :  6.55217e-08
 Reference value :  6.55807e-08
 Reference value :  6.56112e-08
 Reference value :  6.56823e-08
 Reference value :  6.57823e-08
 Reference value :  6.58823e-08
 Reference value :  6.59823e-08
 Reference value :  6.60823e-08
 Reference value :  6.61823e-08
 Reference value :  6.62823e-08
 Reference value :  6.63823e-08
 Reference value :  6.64823e-08
 Reference value :  6.65823e-08
 Reference value :  6.67323e-08
 Reference value :  6.68323e-08
 Reference value :  6.69323e-08
 Reference value :  6.69990e-08
 Reference value :  6.70098e-08
 Reference value :  6.70334e-08
 Reference value :  6.70446e-08
 Reference value :  6.70537e-08
 Reference value :  6.70603e-08
 Reference value :  6.70673e-08
 Reference value :  6.70818e-08
 Reference value :  6.71347e-08
 Reference value :  6.72063e-08
 Reference value :  6.72857e-08
 Reference value :  6.74357e-08
 Reference value :  6.75357e-08
 Reference value :  6.76357e-08
 Reference value :  6.77357e-08
 Reference value :  6.78357e-08
 Reference value :  6.79357e-08
 Reference value :  6.80357e-08
 Reference value :  6.81857e-08
 Reference value :  6.82857e-08
 Reference value :  6.83857e-08
 Reference value :  6.84857e-08
 Reference value :  6.85532e-08
 Reference value :  6.85784e-08
 Reference value :  6.86136e-08
 Reference value :  6.86213e-08
 Reference value :  6.86496e-08
 Reference value :  6.87252e-08
 Reference value :  6.87563e-08
 Reference value :  6.88282e-08
 Reference value :  6.89282e-08
 Reference value :  6.90282e-08
 Reference value :  6.91282e-08
 Reference value :  6.92282e-08
 Reference value :  6.93282e-08
 Reference value :  6.94782e-08
 Reference value :  6.95782e-08
 Reference value :  6.97282e-08
 Reference value :  6.98782e-08
 Reference value :  6.99782e-08
 Reference value :  7.00782e-08
 Reference value :  7.01443e-08
 Reference value :  7.01695e-08
 Reference value :  7.01802e-08
 Reference value :  7.01910e-08
 Reference value :  7.01984e-08
 Reference value :  7.02047e-08
 Reference value :  7.02186e-08
 Reference value :  7.02660e-08
 Reference value :  7.03338e-08
 Reference value :  7.04105e-08
 Reference value :  7.05066e-08
 Reference value :  7.06066e-08
 Reference value :  7.07066e-08
 Reference value :  7.08066e-08
 Reference value :  7.09066e-08
 Reference value :  7.10066e-08
 Reference value :  7.11066e-08
 Reference value :  7.12066e-08
 Reference value :  7.13066e-08
 Reference value :  7.14566e-08
 Reference value :  7.15566e-08
 Reference value :  7.16817e-08
 Reference value :  7.16962e-08
 Reference value :  7.17194e-08
 Reference value :  7.17545e-08
 Reference value :  7.17624e-08
 Reference value :  7.17806e-08
 Reference value :  7.18034e-08
 Reference value :  7.18597e-08
 Reference value :  7.18877e-08
 Reference value :  7.19194e-08
 Reference value :  7.20036e-08
 Reference value :  7.21036e-08
 Reference value :  7.22036e-08
 Reference value :  7.23536e-08
 Reference value :  7.24536e-08
 Reference value :  7.25536e-08
 Reference value :  7.26536e-08
 Reference value :  7.27536e-08
 Reference value :  7.29036e-08
 Reference value :  7.30536e-08
 Reference value :  7.31536e-08
 Reference value :  7.32536e-08
 Reference value :  7.32726e-08
 Reference value :  7.32850e-08
 Reference value :  7.32951e-08
 Reference value :  7.33059e-08
 Reference value :  7.33283e-08
 Reference value :  7.33382e-08
 Reference value :  7.33451e-08
 Reference value :  7.33517e-08
 Reference value :  7.33667e-08
 Reference value :  7.34151e-08
 Reference value :  7.34854e-08
 Reference value :  7.35643e-08
 Reference value :  7.36643e-08
 Reference value :  7.37643e-08
 Reference value :  7.38643e-08
 Reference value :  7.39643e-08
 Reference value :  7.40643e-08
 Reference value :  7.41643e-08
 Reference value :  7.42643e-08
 Reference value :  7.43643e-08
 Reference value :  7.45143e-08
 Reference value :  7.46143e-08
 Reference value :  7.47143e-08
 Reference value :  7.48328e-08
 Reference value :  7.48458e-08
 Reference value :  7.48564e-08
 Reference value :  7.48813e-08
 Reference value :  7.48982e-08
 Reference value :  7.49139e-08
 Reference value :  7.49462e-08
 Reference value :  7.50283e-08
 Reference value :  7.50590e-08
 Reference value :  7.51429e-08
 Reference value :  7.52429e-08
 Reference value :  7.53429e-08
 Reference value :  7.54429e-08
 Reference value :  7.55429e-08
 Reference value :  7.56429e-08
 Reference value :  7.57929e-08
 Reference value :  7.58929e-08
 Reference value :  7.59929e-08
 Reference value :  7.60929e-08
 Reference value :  7.62429e-08
 Reference value :  7.63429e-08
 Reference value :  7.64131e-08
 Reference value :  7.64257e-08
 Reference value :  7.64361e-08
 Reference value :  7.64576e-08
 Reference value :  7.64775e-08
 Reference value :  7.64850e-08
 Reference value :  7.64913e-08
 Reference value :  7.65053e-08
 Reference value :  7.65476e-08
 Reference value :  7.66559e-08
 Reference value :  7.67396e-08
 Reference value :  7.68396e-08
 Reference value :  7.69396e-08
 Reference value :  7.70896e-08
 Reference value :  7.71896e-08
 Reference value :  7.72896e-08
 Reference value :  7.73896e-08
 Reference value :  7.74896e-08
 Reference value :  7.75896e-08
 Reference value :  7.77396e-08
 Reference value :  7.78396e-08
 Reference value :  7.79396e-08
 Reference value :  7.79683e-08
 Reference value :  7.79833e-08
 Reference value :  7.79941e-08
 Reference value :  7.80070e-08
 Reference value :  7.80418e-08
 Reference value :  7.80583e-08
 Reference value :  7.80904e-08
 Reference value :  7.81699e-08
 Reference value :  7.82010e-08
 Reference value :  7.82849e-08
 Reference value :  7.83849e-08
 Reference value :  7.84849e-08
 Reference value :  7.85849e-08
 Reference value :  7.86849e-08
 Reference value :  7.87849e-08
 Reference value :  7.88849e-08
 Reference value :  7.89849e-08
 Reference value :  7.90849e-08
 Reference value :  7.91849e-08
 Reference value :  7.93349e-08
 Reference value :  7.94349e-08
 Reference value :  7.95349e-08
 Reference value :  7.95552e-08
 Reference value :  7.95679e-08
 Reference value :  7.95785e-08
 Reference value :  7.95882e-08
 Reference value :  7.96083e-08
 Reference value :  7.96268e-08
 Reference value :  7.96331e-08
 Reference value :  7.96486e-08
 Reference value :  7.96854e-08
 Reference value :  7.97909e-08
 Reference value :  7.98726e-08
 Reference value :  7.99726e-08
 Reference value :  8.00726e-08
 Reference value :  8.01726e-08
 Reference value :  8.02726e-08
 Reference value :  8.03726e-08
 Reference value :  8.04726e-08
 Reference value :  8.05726e-08
 Reference value :  8.06726e-08
 Reference value :  8.08226e-08
 Reference value :  8.09226e-08
 Reference value :  8.10226e-08
 Reference value :  8.11166e-08
 Reference value :  8.11329e-08
 Reference value :  8.11606e-08
 Reference value :  8.11804e-08
 Reference value :  8.11870e-08
 Reference value :  8.12135e-08
 Reference value :  8.12392e-08
 Reference value :  8.13018e-08
 Reference value :  8.13719e-08
 Reference value :  8.14625e-08
 Reference value :  8.15625e-08
 Reference value :  8.16625e-08
 Reference value :  8.17625e-08
 Reference value :  8.18625e-08
 Reference value :  8.20125e-08
 Reference value :  8.21125e-08
 Reference value :  8.22125e-08
 Reference value :  8.23125e-08
 Reference value :  8.24125e-08
 Reference value :  8.25125e-08
 Reference value :  8.26125e-08
 Reference value :  8.26915e-08
 Reference value :  8.27050e-08
 Reference value :  8.27165e-08
 Reference value :  8.27261e-08
 Reference value :  8.27498e-08
 Reference value :  8.27690e-08
 Reference value :  8.27754e-08
 Reference value :  8.27899e-08
 Reference value :  8.28300e-08
 Reference value :  8.28963e-08
 Reference value :  8.29733e-08
 Reference value :  8.30686e-08
 Reference value :  8.31686e-08
 Reference value :  8.32686e-08
 Reference value :  8.33686e-08
 Reference value :  8.34686e-08
 Reference value :  8.35686e-08
 Reference value :  8.36686e-08
 Reference value :  8.37686e-08
 Reference value :  8.38686e-08
 Reference value :  8.39686e-08
 Reference value :  8.40686e-08
 Reference value :  8.41686e-08
 Reference value :  8.42546e-08
 Reference value :  8.42702e-08
 Reference value :  8.42980e-08
 Reference value :  8.43203e-08
 Reference value :  8.43267e-08
 Reference value :  8.43422e-08
 Reference value :  8.43754e-08
 Reference value :  8.44321e-08
 Reference value :  8.44604e-08
 Reference value :  8.44921e-08
 Reference value :  8.45764e-08
 Reference value :  8.46764e-08
 Reference value :  8.47764e-08
 Reference value :  8.49264e-08
 Reference value :  8.50264e-08
 Reference value :  8.51264e-08
 Reference value :  8.52264e-08
 Reference value :  8.53264e-08
 Reference value :  8.54264e-08
 Reference value :  8.55264e-08
 Reference value :  8.56264e-08
 Reference value :  8.57264e-08
 Reference value :  8.58264e-08
 Reference value :  8.58448e-08
 Reference value :  8.58570e-08
 Reference value :  8.58669e-08
 Reference value :  8.58909e-08
 Reference value :  8.59118e-08
 Reference value :  8.59184e-08
 Reference value :  8.59335e-08
 Reference value :  8.59726e-08
 Reference value :  8.60785e-08
 Reference value :  8.61611e-08
 Reference value :  8.62611e-08
 Reference value :  8.63611e-08
 Reference value :  8.64611e-08
 Reference value :  8.65611e-08
 Reference value :  8.66611e-08
 Reference value :  8.68111e-08
 Reference value :  8.69111e-08
 Reference value :  8.70611e-08
 Reference value :  8.71611e-08
 Reference value :  8.72611e-08
 Reference value :  8.73611e-08
 Reference value :  8.73981e-08
 Reference value :  8.74137e-08
 Reference value :  8.74414e-08
 Reference value :  8.74631e-08
 Reference value :  8.74693e-08
 Reference value :  8.74848e-08
 Reference value :  8.75175e-08
 Reference value :  8.76007e-08
 Reference value :  8.76658e-08
 Reference value :  8.77658e-08
 Reference value :  8.78658e-08
 Reference value :  8.79658e-08
 Reference value :  8.81158e-08
 Reference value :  8.82158e-08
 Reference value :  8.83158e-08
 Reference value :  8.84158e-08
 Reference value :  8.85158e-08
 Reference value :  8.86658e-08
 Reference value :  8.88158e-08
 Reference value :  8.89158e-08
 Reference value :  8.89852e-08
 Reference value :  8.89977e-08
 Reference value :  8.90079e-08
 Reference value :  8.90298e-08
 Reference value :  8.90505e-08
 Reference value :  8.90576e-08
 Reference value :  8.90640e-08
 Reference value :  8.90779e-08
 Reference value :  8.91259e-08
 Reference value :  8.92364e-08
 Reference value :  8.93240e-08
 Reference value :  8.94240e-08
 Reference value :  8.95240e-08
 Reference value :  8.96240e-08
 Reference value :  8.97240e-08
 Reference value :  8.98240e-08
 Reference value :  8.99240e-08
 Reference value :  9.00240e-08
 Reference value :  9.01240e-08
 Reference value :  9.02240e-08
 Reference value :  9.03240e-08
 Reference value :  9.04240e-08
 Reference value :  9.05437e-08
 Reference value :  9.05573e-08
 Reference value :  9.05677e-08
 Reference value :  9.05946e-08
 Reference value :  9.06121e-08
 Reference value :  9.06279e-08
 Reference value :  9.06599e-08
 Reference value :  9.07397e-08
 Reference value :  9.07703e-08
 Reference value :  9.08540e-08
 Reference value :  9.09540e-08
 Reference value :  9.10540e-08
 Reference value :  9.11540e-08
 Reference value :  9.13040e-08
 Reference value :  9.14540e-08
 Reference value :  9.15540e-08
 Reference value :  9.16540e-08
 Reference value :  9.18040e-08
 Reference value :  9.19040e-08
 Reference value :  9.20040e-08
 Reference value :  9.21040e-08
 Reference value :  9.21247e-08
 Reference value :  9.21375e-08
 Reference value :  9.21481e-08
 Reference value :  9.21698e-08
 Reference value :  9.21786e-08
 Reference value :  9.21894e-08
 Reference value :  9.21975e-08
 Reference value :  9.22038e-08
 Reference value :  9.22194e-08
 Reference value :  9.22573e-08
 Reference value :  9.23636e-08
 Reference value :  9.24458e-08
 Reference value :  9.25458e-08
 Reference value :  9.26458e-08
 Reference value :  9.27458e-08
 Reference value :  9.28458e-08
 Reference value :  9.29458e-08
 Reference value :  9.30458e-08
 Reference value :  9.31458e-08
 Reference value :  9.32458e-08
 Reference value :  9.33958e-08
 Reference value :  9.34958e-08
 Reference value :  9.35958e-08
 Reference value :  9.36850e-08
 Reference value :  9.37007e-08
 Reference value :  9.37282e-08
 Reference value :  9.37390e-08
 Reference value :  9.37482e-08
 Reference value :  9.37543e-08
 Reference value :  9.37698e-08
 Reference value :  9.37896e-08
 Reference value :  9.38509e-08
 Reference value :  9.38799e-08
 Reference value :  9.39441e-08
 Reference value :  9.40441e-08
 Reference value :  9.41441e-08
 Reference value :  9.42441e-08
 Reference value :  9.43941e-08
 Reference value :  9.44941e-08
 Reference value :  9.45941e-08
 Reference value :  9.46941e-08
 Reference value :  9.47941e-08
 Reference value :  9.49441e-08
 Reference value :  9.50941e-08
 Reference value :  9.51941e-08
 Reference value :  9.52658e-08
 Reference value :  9.52788e-08
 Reference value :  9.52896e-08
 Reference value :  9.53115e-08
 Reference value :  9.53209e-08
 Reference value :  9.53399e-08
 Reference value :  9.53462e-08
 Reference value :  9.53619e-08
 Reference value :  9.54014e-08
 Reference value :  9.55072e-08
 Reference value :  9.55899e-08
 Reference value :  9.56899e-08
 Reference value :  9.57899e-08
 Reference value :  9.58899e-08
 Reference value :  9.59899e-08
 Reference value :  9.60899e-08
 Reference value :  9.62399e-08
 Reference value :  9.63399e-08
 Reference value :  9.64399e-08
 Reference value :  9.65899e-08
 Reference value :  9.66899e-08
 Reference value :  9.68262e-08
 Reference value :  9.68418e-08
 Reference value :  9.68695e-08
 Reference value :  9.68820e-08
 Reference value :  9.68917e-08
 Reference value :  9.68980e-08
 Reference value :  9.69135e-08
 Reference value :  9.69332e-08
 Reference value :  9.69645e-08
 Reference value :  9.70266e-08
 Reference value :  9.70913e-08
 Reference value :  9.71913e-08
 Reference value :  9.72913e-08
 Reference value :  9.73913e-08
 Reference value :  9.74913e-08
 Reference value :  9.75913e-08
 Reference value :  9.76913e-08
 Reference value :  9.77913e-08
 Reference value :  9.78913e-08
 Reference value :  9.79913e-08
 Reference value :  9.81413e-08
 Reference value :  9.82413e-08
 Reference value :  9.83413e-08
 Reference value :  9.84114e-08
 Reference value :  9.84346e-08
 Reference value :  9.84562e-08
 Reference value :  9.84755e-08
 Reference value :  9.84831e-08
 Reference value :  9.84894e-08
 Reference value :  9.85039e-08
 Reference value :  9.85430e-08
 Reference value :  9.86490e-08
 Reference value :  9.87313e-08
 Reference value :  9.88313e-08
 Reference value :  9.89313e-08
 Reference value :  9.90313e-08
 Reference value :  9.91313e-08
 Reference value :  9.92313e-08
 Reference value :  9.93313e-08
 Reference value :  9.94313e-08
 Reference value :  9.95313e-08
 Reference value :  9.96813e-08
 Reference value :  9.97813e-08
 Reference value :  9.98813e-08
 Reference value :  9.99697e-08
 Reference value :  9.99854e-08
 Reference value :  1.00013e-07
 Reference value :  1.00024e-07
 Reference value :  1.00040e-07
 Reference value :  1.00047e-07
 Reference value :  1.00064e-07
 Reference value :  1.00087e-07
 Reference value :  1.00164e-07
 Reference value :  1.00228e-07
 Reference value :  1.00328e-07
 Reference value :  1.00428e-07
 Reference value :  1.00528e-07
 Reference value :  1.00678e-07
 Reference value :  1.00778e-07
 Reference value :  1.00878e-07
 Reference value :  1.00978e-07
 Reference value :  1.01078e-07
 Reference value :  1.01178e-07
 Reference value :  1.01278e-07
 Reference value :  1.01428e-07
 Reference value :  1.01528e-07
 Reference value :  1.01551e-07
 Reference value :  1.01564e-07
 Reference value :  1.01574e-07
 Reference value :  1.01584e-07
 Reference value :  1.01606e-07
 Reference value :  1.01625e-07
 Reference value :  1.01631e-07
 Reference value :  1.01646e-07
 Reference value :  1.01685e-07
 Reference value :  1.01791e-07
 Reference value :  1.01873e-07
 Reference value :  1.01973e-07
 Reference value :  1.02073e-07
 Reference value :  1.02173e-07
 Reference value :  1.02273e-07
 Reference value :  1.02373e-07
 Reference value :  1.02473e-07
 Reference value :  1.02573e-07
 Reference value :  1.02673e-07
 Reference value :  1.02823e-07
 Reference value :  1.02923e-07
 Reference value :  1.03023e-07
 Reference value :  1.03112e-07
 Reference value :  1.03128e-07
 Reference value :  1.03139e-07
 Reference value :  1.03166e-07
 Reference value :  1.03175e-07
 Reference value :  1.03181e-07
 Reference value :  1.03197e-07
 Reference value :  1.03217e-07
 Reference value :  1.03246e-07
 Reference value :  1.03306e-07
 Reference value :  1.03337e-07
 Reference value :  1.03420e-07
 Reference value :  1.03520e-07
 Reference value :  1.03620e-07
 Reference value :  1.03720e-07
 Reference value :  1.03820e-07
 Reference value :  1.03920e-07
 Reference value :  1.04020e-07
 Reference value :  1.04120e-07
 Reference value :  1.04220e-07
 Reference value :  1.04320e-07
 Reference value :  1.04470e-07
 Reference value :  1.04570e-07
 Reference value :  1.04670e-07
 Reference value :  1.04693e-07
 Reference value :  1.04706e-07
 Reference value :  1.04716e-07
 Reference value :  1.04738e-07
 Reference value :  1.04759e-07
 Reference value :  1.04767e-07
 Reference value :  1.04774e-07
 Reference value :  1.04788e-07
 Reference value :  1.04827e-07
 Reference value :  1.04894e-07
 Reference value :  1.05015e-07
 Reference value :  1.05115e-07
 Reference value :  1.05215e-07
 Reference value :  1.05315e-07
 Reference value :  1.05415e-07
 Reference value :  1.05565e-07
 Reference value :  1.05715e-07
 Reference value :  1.05865e-07
 Reference value :  1.06015e-07
 Reference value :  1.06115e-07
 Reference value :  1.06255e-07
 Reference value :  1.06270e-07
 Reference value :  1.06298e-07
 Reference value :  1.06317e-07
 Reference value :  1.06323e-07
 Reference value :  1.06331e-07
 Reference value :  1.06348e-07
 Reference value :  1.06371e-07
 Reference value :  1.06420e-07
 Reference value :  1.06449e-07
 Reference value :  1.06514e-07
 Reference value :  1.06614e-07
 Reference value :  1.06714e-07
 Reference value :  1.06814e-07
 Reference value :  1.06914e-07
 Reference value :  1.07014e-07
 Reference value :  1.07114e-07
 Reference value :  1.07214e-07
 Reference value :  1.07314e-07
 Reference value :  1.07414e-07
 Reference value :  1.07564e-07
 Reference value :  1.07714e-07
 Reference value :  1.07835e-07
 Reference value :  1.07848e-07
 Reference value :  1.07859e-07
 Reference value :  1.07869e-07
 Reference value :  1.07890e-07
 Reference value :  1.07901e-07
 Reference value :  1.07909e-07
 Reference value :  1.07915e-07
 Reference value :  1.07931e-07
 Reference value :  1.07970e-07
 Reference value :  1.08037e-07
 Reference value :  1.08114e-07
 Reference value :  1.08208e-07
 Reference value :  1.08308e-07
 Reference value :  1.08408e-07
 Reference value :  1.08508e-07
 Reference value :  1.08608e-07
 Reference value :  1.08708e-07
 Reference value :  1.08808e-07
 Reference value :  1.08908e-07
 Reference value :  1.09058e-07
 Reference value :  1.09158e-07
 Reference value :  1.09258e-07
 Reference value :  1.09358e-07
 Reference value :  1.09396e-07
 Reference value :  1.09412e-07
 Reference value :  1.09439e-07
 Reference value :  1.09460e-07
 Reference value :  1.09466e-07
 Reference value :  1.09482e-07
 Reference value :  1.09514e-07
 Reference value :  1.09593e-07
 Reference value :  1.09657e-07
 Reference value :  1.09757e-07
 Reference value :  1.09857e-07
 Reference value :  1.09957e-07
 Reference value :  1.10107e-07
 Reference value :  1.10207e-07
 Reference value :  1.10357e-07
 Reference value :  1.10457e-07
 Reference value :  1.10557e-07
 Reference value :  1.10657e-07
 Reference value :  1.10757e-07
 Reference value :  1.10857e-07
 Reference value :  1.10957e-07
 Reference value :  1.10978e-07
 Reference value :  1.10991e-07
 Reference value :  1.11002e-07
 Reference value :  1.11024e-07
 Reference value :  1.11043e-07
 Reference value :  1.11051e-07
 Reference value :  1.11058e-07
 Reference value :  1.11073e-07
 Reference value :  1.11111e-07
 Reference value :  1.11216e-07
 Reference value :  1.11298e-07
 Reference value :  1.11398e-07
 Reference value :  1.11498e-07
 Reference value :  1.11598e-07
 Reference value :  1.11698e-07
 Reference value :  1.11798e-07
 Reference value :  1.11948e-07
 Reference value :  1.12048e-07
 Reference value :  1.12198e-07
 Reference value :  1.12298e-07
 Reference value :  1.12398e-07
 Reference value :  1.12540e-07
 Reference value :  1.12556e-07
 Reference value :  1.12584e-07
 Reference value :  1.12604e-07
 Reference value :  1.12610e-07
 Reference value :  1.12636e-07
 Reference value :  1.12679e-07
 Reference value :  1.12746e-07
 Reference value :  1.12779e-07
 Reference value :  1.12864e-07
 Reference value :  1.12964e-07
 Reference value :  1.13064e-07
 Reference value :  1.13164e-07
 Reference value :  1.13264e-07
 Reference value :  1.13364e-07
 Reference value :  1.13464e-07
 Reference value :  1.13564e-07
 Reference value :  1.13664e-07
 Reference value :  1.13814e-07
 Reference value :  1.13914e-07
 Reference value :  1.14014e-07
 Reference value :  1.14114e-07
 Reference value :  1.14131e-07
 Reference value :  1.14152e-07
 Reference value :  1.14176e-07
 Reference value :  1.14195e-07
 Reference value :  1.14202e-07
 Reference value :  1.14216e-07
 Reference value :  1.14235e-07
 Reference value :  1.14324e-07
 Reference value :  1.14402e-07
 Reference value :  1.14498e-07
 Reference value :  1.14598e-07
 Reference value :  1.14698e-07
 Reference value :  1.14798e-07
 Reference value :  1.14898e-07
 Reference value :  1.14998e-07
 Reference value :  1.15098e-07
 Reference value :  1.15198e-07
 Reference value :  1.15298e-07
 Reference value :  1.15448e-07
 Reference value :  1.15548e-07
 Reference value :  1.15679e-07
 Reference value :  1.15695e-07
 Reference value :  1.15720e-07
 Reference value :  1.15755e-07
 Reference value :  1.15771e-07
 Reference value :  1.15805e-07
 Reference value :  1.15868e-07
 Reference value :  1.15900e-07
 Reference value :  1.15973e-07
 Reference value :  1.16073e-07
 Reference value :  1.16173e-07
 Reference value :  1.16273e-07
 Reference value :  1.16373e-07
 Reference value :  1.16473e-07
 Reference value :  1.16573e-07
 Reference value :  1.16673e-07
 Reference value :  1.16773e-07
 Reference value :  1.16873e-07
 Reference value :  1.17023e-07
 Reference value :  1.17123e-07
 Reference value :  1.17223e-07
 Reference value :  1.17278e-07
 Reference value :  1.17299e-07
 Reference value :  1.17320e-07
 Reference value :  1.17338e-07
 Reference value :  1.17344e-07
 Reference value :  1.17358e-07
 Reference value :  1.17401e-07
 Reference value :  1.17468e-07
 Reference value :  1.17546e-07
 Reference value :  1.17643e-07
 Reference value :  1.17743e-07
 Reference value :  1.17843e-07
 Reference value :  1.17943e-07
 Reference value :  1.18043e-07
 Reference value :  1.18143e-07
 Reference value :  1.18243e-07
 Reference value :  1.18343e-07
 Reference value :  1.18493e-07
 Reference value :  1.18593e-07
 Reference value :  1.18693e-07
 Reference value :  1.18793e-07
 Reference value :  1.18821e-07
 Reference value :  1.18836e-07
 Reference value :  1.18860e-07
 Reference value :  1.18887e-07
 Reference value :  1.18895e-07
 Reference value :  1.18911e-07
 Reference value :  1.18944e-07
 Reference value :  1.19028e-07
 Reference value :  1.19094e-07
 Reference value :  1.19194e-07
 Reference value :  1.19294e-07
 Reference value :  1.19394e-07
 Reference value :  1.19494e-07
 Reference value :  1.19594e-07
 Reference value :  1.19744e-07
 Reference value :  1.19844e-07
 Reference value :  1.19944e-07
 Reference value :  1.20044e-07
 Reference value :  1.20194e-07
 Reference value :  1.20294e-07
 Reference value :  1.20394e-07
 Reference value :  1.20425e-07
 Reference value :  1.20435e-07
 Reference value :  1.20458e-07
 Reference value :  1.20479e-07
 Reference value :  1.20485e-07
 Reference value :  1.20492e-07
 Reference value :  1.20507e-07
 Reference value :  1.20557e-07
 Reference value :  1.20668e-07
 Reference value :  1.20757e-07
 Reference value :  1.20907e-07
 Reference value :  1.21007e-07
 Reference value :  1.21107e-07
 Reference value :  1.21207e-07
 Reference value :  1.21357e-07
 Reference value :  1.21507e-07
 Reference value :  1.21657e-07
 Reference value :  1.21807e-07
 Reference value :  1.21957e-07
 Reference value :  1.21975e-07
 Reference value :  1.21987e-07
 Reference value :  1.22012e-07
 Reference value :  1.22033e-07
 Reference value :  1.22040e-07
 Reference value :  1.22066e-07
 Reference value :  1.22112e-07
 Reference value :  1.22185e-07
 Reference value :  1.22308e-07
 Reference value :  1.22408e-07
 Reference value :  1.22508e-07
 Reference value :  1.22658e-07
 Reference value :  1.22758e-07
 Reference value :  1.22858e-07
 Reference value :  1.22958e-07
 Reference value :  1.23058e-07
 Reference value :  1.23208e-07
 Reference value :  1.23358e-07
 Reference value :  1.23508e-07
 Reference value :  1.23563e-07
 Reference value :  1.23573e-07
 Reference value :  1.23583e-07
 Reference value :  1.23604e-07
 Reference value :  1.23614e-07
 Reference value :  1.23622e-07
 Reference value :  1.23628e-07
 Reference value :  1.23643e-07
 Reference value :  1.23681e-07
 Reference value :  1.23786e-07
 Reference value :  1.23868e-07
 Reference value :  1.23968e-07
 Reference value :  1.24068e-07
 Reference value :  1.24168e-07
 Reference value :  1.24268e-07
 Reference value :  1.24368e-07
 Reference value :  1.24518e-07
 Reference value :  1.24618e-07
 Reference value :  1.24718e-07
 Reference value :  1.24868e-07
 Reference value :  1.24968e-07
 Reference value :  1.25068e-07
 Reference value :  1.25111e-07
 Reference value :  1.25127e-07
 Reference value :  1.25154e-07
 Reference value :  1.25175e-07
 Reference value :  1.25181e-07
 Reference value :  1.25207e-07
 Reference value :  1.25232e-07
 Reference value :  1.25295e-07
 Reference value :  1.25328e-07
 Reference value :  1.25400e-07
 Reference value :  1.25500e-07
 Reference value :  1.25600e-07
 Reference value :  1.25700e-07
 Reference value :  1.25850e-07
 Reference value :  1.25950e-07
 Reference value :  1.26050e-07
 Reference value :  1.26150e-07
 Reference value :  1.26250e-07
 Reference value :  1.26400e-07
 Reference value :  1.26550e-07
 Reference value :  1.26650e-07
 Reference value :  1.26703e-07
 Reference value :  1.26714e-07
 Reference value :  1.26736e-07
 Reference value :  1.26744e-07
 Reference value :  1.26754e-07
 Reference value :  1.26762e-07
 Reference value :  1.26769e-07
 Reference value :  1.26784e-07
 Reference value :  1.26821e-07
 Reference value :  1.26928e-07
 Reference value :  1.27010e-07
 Reference value :  1.27110e-07
 Reference value :  1.27210e-07
 Reference value :  1.27360e-07
 Reference value :  1.27460e-07
 Reference value :  1.27560e-07
 Reference value :  1.27710e-07
 Reference value :  1.27810e-07
 Reference value :  1.27960e-07
 Reference value :  1.28060e-07
 Reference value :  1.28160e-07
 Reference value :  1.28251e-07
 Reference value :  1.28267e-07
 Reference value :  1.28294e-07
 Reference value :  1.28314e-07
 Reference value :  1.28320e-07
 Reference value :  1.28336e-07
 Reference value :  1.28370e-07
 Reference value :  1.28424e-07
 Reference value :  1.28452e-07
 Reference value :  1.28518e-07
 Reference value :  1.28618e-07
 Reference value :  1.28718e-07
 Reference value :  1.28818e-07
 Reference value :  1.28968e-07
 Reference value :  1.29068e-07
 Reference value :  1.29218e-07
 Reference value :  1.29318e-07
 Reference value :  1.29418e-07
 Reference value :  1.29568e-07
 Reference value :  1.29718e-07
 Reference value :  1.29818e-07
 Reference value :  1.29850e-07
 Reference value :  1.29860e-07
 Reference value :  1.29882e-07
 Reference value :  1.29893e-07
 Reference value :  1.29910e-07
 Reference value :  1.29916e-07
 Reference value :  1.29939e-07
 Reference value :  1.30014e-07
 Reference value :  1.30090e-07
 Reference value :  1.30178e-07
 Reference value :  1.30278e-07
 Reference value :  1.30378e-07
 Reference value :  1.30528e-07
 Reference value :  1.30628e-07
 Reference value :  1.30728e-07
 Reference value :  1.30828e-07
 Reference value :  1.30978e-07
 Reference value :  1.31078e-07
 Reference value :  1.31178e-07
 Reference value :  1.31278e-07
 Reference value :  1.31378e-07
 Reference value :  1.31397e-07
 Reference value :  1.31410e-07
 Reference value :  1.31421e-07
 Reference value :  1.31445e-07
 Reference value :  1.31462e-07
 Reference value :  1.31470e-07
 Reference value :  1.31487e-07
 Reference value :  1.31528e-07
 Reference value :  1.31589e-07
 Reference value :  1.31620e-07
 Reference value :  1.31704e-07
 Reference value :  1.31804e-07
 Reference value :  1.31904e-07
 Reference value :  1.32004e-07
 Reference value :  1.32104e-07
 Reference value :  1.32204e-07
 Reference value :  1.32304e-07
 Reference value :  1.32404e-07
 Reference value :  1.32504e-07
 Reference value :  1.32654e-07
 Reference value :  1.32804e-07
 Reference value :  1.32904e-07
 Reference value :  1.32975e-07
 Reference value :  1.32988e-07
 Reference value :  1.32998e-07
 Reference value :  1.33008e-07
 Reference value :  1.33029e-07
 Reference value :  1.33040e-07
 Reference value :  1.33054e-07
 Reference value :  1.33077e-07
 Reference value :  1.33142e-07
 Reference value :  1.33253e-07
 Reference value :  1.33349e-07
 Reference value :  1.33449e-07
 Reference value :  1.33549e-07
 Reference value :  1.33649e-07
 Reference value :  1.33749e-07
 Reference value :  1.33849e-07
 Reference value :  1.33949e-07
 Reference value :  1.34049e-07
 Reference value :  1.34199e-07
 Reference value :  1.34299e-07
 Reference value :  1.34449e-07
 Reference value :  1.34534e-07
 Reference value :  1.34550e-07
 Reference value :  1.34561e-07
 Reference value :  1.34591e-07
 Reference value :  1.34600e-07
 Reference value :  1.34607e-07
 Reference value :  1.34622e-07
 Reference value :  1.34655e-07
 Reference value :  1.34737e-07
 Reference value :  1.34768e-07
 Reference value :  1.34852e-07
 Reference value :  1.34952e-07
 Reference value :  1.35052e-07
 Reference value :  1.35152e-07
 Reference value :  1.35302e-07
 Reference value :  1.35402e-07
 Reference value :  1.35502e-07
 Reference value :  1.35602e-07
 Reference value :  1.35702e-07
 Reference value :  1.35852e-07
 Reference value :  1.36002e-07
 Reference value :  1.36122e-07
 Reference value :  1.36134e-07
 Reference value :  1.36145e-07
 Reference value :  1.36166e-07
 Reference value :  1.36187e-07
 Reference value :  1.36201e-07
 Reference value :  1.36215e-07
 Reference value :  1.36237e-07
 Reference value :  1.36332e-07
 Reference value :  1.36461e-07
 Reference value :  1.36561e-07
 Reference value :  1.36661e-07
 Reference value :  1.36761e-07
 Reference value :  1.36861e-07
 Reference value :  1.36961e-07
 Reference value :  1.37061e-07
 Reference value :  1.37161e-07
 Reference value :  1.37261e-07
 Reference value :  1.37411e-07
 Reference value :  1.37511e-07
 Reference value :  1.37661e-07
 Reference value :  1.37680e-07
 Reference value :  1.37694e-07
 Reference value :  1.37704e-07
 Reference value :  1.37731e-07
 Reference value :  1.37749e-07
 Reference value :  1.37765e-07
 Reference value :  1.37784e-07
 Reference value :  1.37845e-07
 Reference value :  1.37904e-07
 Reference value :  1.37988e-07
 Reference value :  1.38088e-07
 Reference value :  1.38188e-07
 Reference value :  1.38288e-07
 Reference value :  1.38388e-07
 Reference value :  1.38488e-07
 Reference value :  1.38588e-07
 Reference value :  1.38688e-07
 Reference value :  1.38788e-07
 Reference value :  1.38938e-07
 Reference value :  1.39038e-07
 Reference value :  1.39138e-07
 Reference value :  1.39260e-07
 Reference value :  1.39273e-07
 Reference value :  1.39284e-07
 Reference value :  1.39306e-07
 Reference value :  1.39326e-07
 Reference value :  1.39335e-07
 Reference value :  1.39341e-07
 Reference value :  1.39356e-07
 Reference value :  1.39373e-07
 Reference value :  1.39427e-07
 Reference value :  1.39539e-07
 Reference value :  1.39634e-07
 Reference value :  1.39734e-07
 Reference value :  1.39834e-07
 Reference value :  1.39934e-07
 Reference value :  1.40034e-07
 Reference value :  1.40184e-07
 Reference value :  1.40284e-07
 Reference value :  1.40384e-07
 Reference value :  1.40484e-07
 Reference value :  1.40584e-07
 Reference value :  1.40734e-07
 Reference value :  1.40820e-07
 Reference value :  1.40836e-07
 Reference value :  1.40864e-07
 Reference value :  1.40886e-07
 Reference value :  1.40900e-07
 Reference value :  1.40928e-07
 Reference value :  1.40992e-07
 Reference value :  1.41020e-07
 Reference value :  1.41085e-07
 Reference value :  1.41285e-07
 Reference value :  1.41385e-07
 Reference value :  1.41485e-07
 Reference value :  1.41585e-07
 Reference value :  1.41685e-07
 Reference value :  1.41785e-07
 Reference value :  1.41885e-07
 Reference value :  1.41985e-07
 Reference value :  1.42085e-07
 Reference value :  1.42235e-07
 Reference value :  1.42335e-07
 Reference value :  1.42405e-07
 Reference value :  1.42418e-07
 Reference value :  1.42429e-07
 Reference value :  1.42450e-07
 Reference value :  1.42459e-07
 Reference value :  1.42477e-07
 Reference value :  1.42483e-07
 Reference value :  1.42499e-07
 Reference value :  1.42538e-07
 Reference value :  1.42644e-07
 Reference value :  1.42726e-07
 Reference value :  1.42826e-07
 Reference value :  1.42926e-07
 Reference value :  1.43026e-07
 Reference value :  1.43126e-07
 Reference value :  1.43226e-07
 Reference value :  1.43376e-07
 Reference value :  1.43476e-07
 Reference value :  1.43576e-07
 Reference value :  1.43726e-07
 Reference value :  1.43826e-07
 Reference value :  1.43926e-07
 Reference value :  1.43964e-07
 Reference value :  1.43979e-07
 Reference value :  1.44007e-07
 Reference value :  1.44028e-07
 Reference value :  1.44035e-07
 Reference value :  1.44042e-07
 Reference value :  1.44059e-07
 Reference value :  1.44100e-07
 Reference value :  1.44159e-07
 Reference value :  1.44189e-07
 Reference value :  1.44273e-07
 Reference value :  1.44373e-07
 Reference value :  1.44473e-07
 Reference value :  1.44573e-07
 Reference value :  1.44673e-07
 Reference value :  1.44773e-07
 Reference value :  1.44873e-07
 Reference value :  1.44973e-07
 Reference value :  1.45073e-07
 Reference value :  1.45223e-07
 Reference value :  1.45373e-07
 Reference value :  1.45473e-07
 Reference value :  1.45545e-07
 Reference value :  1.45558e-07
 Reference value :  1.45569e-07
 Reference value :  1.45591e-07
 Reference value :  1.45612e-07
 Reference value :  1.45620e-07
 Reference value :  1.45626e-07
 Reference value :  1.45641e-07
 Reference value :  1.45679e-07
 Reference value :  1.45746e-07
 Reference value :  1.45823e-07
 Reference value :  1.45918e-07
 Reference value :  1.46018e-07
 Reference value :  1.46168e-07
 Reference value :  1.46268e-07
 Reference value :  1.46368e-07
 Reference value :  1.46468e-07
 Reference value :  1.46568e-07
 Reference value :  1.46668e-07
 Reference value :  1.46818e-07
 Reference value :  1.46918e-07
 Reference value :  1.47068e-07
 Reference value :  1.47106e-07
 Reference value :  1.47122e-07
 Reference value :  1.47133e-07
 Reference value :  1.47161e-07
 Reference value :  1.47170e-07
 Reference value :  1.47176e-07
 Reference value :  1.47192e-07
 Reference value :  1.47224e-07
 Reference value :  1.47301e-07
 Reference value :  1.47365e-07
 Reference value :  1.47465e-07
 Reference value :  1.47565e-07
 Reference value :  1.47665e-07
 Reference value :  1.47765e-07
 Reference value :  1.47865e-07
 Reference value :  1.47965e-07
 Reference value :  1.48065e-07
 Reference value :  1.48165e-07
 Reference value :  1.48265e-07
 Reference value :  1.48365e-07
 Reference value :  1.48515e-07
 Reference value :  1.48615e-07
 Reference value :  1.48687e-07
 Reference value :  1.48711e-07
 Reference value :  1.48733e-07
 Reference value :  1.48754e-07
 Reference value :  1.48762e-07
 Reference value :  1.48768e-07
 Reference value :  1.48783e-07
 Reference value :  1.48821e-07
 Reference value :  1.48888e-07
 Reference value :  1.48965e-07
 Reference value :  1.49110e-07
 Reference value :  1.49260e-07
 Reference value :  1.49360e-07
 Reference value :  1.49460e-07
 Reference value :  1.49560e-07
 Reference value :  1.49710e-07
 Reference value :  1.49810e-07
 Reference value :  1.49960e-07
 Reference value :  1.50060e-07
 Reference value :  1.50160e-07
 Reference value :  1.50249e-07
 Reference value :  1.50265e-07
 Reference value :  1.50292e-07
 Reference value :  1.50312e-07
 Reference value :  1.50318e-07
 Reference value :  1.50326e-07
 Reference value :  1.50353e-07
 Reference value :  1.50414e-07
 Reference value :  1.50443e-07
 Reference value :  1.50508e-07
 Reference value :  1.50608e-07
 Reference value :  1.50708e-07
 Reference value :  1.50808e-07
 Reference value :  1.50958e-07
 Reference value :  1.51058e-07
 Reference value :  1.51158e-07
 Reference value :  1.51258e-07
 Reference value :  1.51358e-07
 Reference value :  1.51508e-07
 Reference value :  1.51658e-07
 Reference value :  1.51758e-07
 Reference value :  1.51830e-07
 Reference value :  1.51853e-07
 Reference value :  1.51863e-07
 Reference value :  1.51885e-07
 Reference value :  1.51904e-07
 Reference value :  1.51910e-07
 Reference value :  1.51925e-07
 Reference value :  1.51995e-07
 Reference value :  1.52107e-07
 Reference value :  1.52201e-07
 Reference value :  1.52301e-07
 Reference value :  1.52401e-07
 Reference value :  1.52501e-07
 Reference value :  1.52601e-07
 Reference value :  1.52751e-07
 Reference value :  1.52851e-07
 Reference value :  1.53001e-07
 Reference value :  1.53151e-07
 Reference value :  1.53251e-07
 Reference value :  1.53392e-07
 Reference value :  1.53407e-07
 Reference value :  1.53435e-07
 Reference value :  1.53455e-07
 Reference value :  1.53461e-07
 Reference value :  1.53468e-07
 Reference value :  1.53496e-07
 Reference value :  1.53559e-07
 Reference value :  1.53618e-07
 Reference value :  1.53702e-07
 Reference value :  1.53802e-07
 Reference value :  1.53902e-07
 Reference value :  1.54052e-07
 Reference value :  1.54152e-07
 Reference value :  1.54302e-07
 Reference value :  1.54402e-07
 Reference value :  1.54502e-07
 Reference value :  1.54652e-07
 Reference value :  1.54752e-07
 Reference value :  1.54852e-07
 Reference value :  1.54952e-07
 Reference value :  1.54973e-07
 Reference value :  1.54986e-07
 Reference value :  1.54996e-07
 Reference value :  1.55018e-07
 Reference value :  1.55037e-07
 Reference value :  1.55052e-07
 Reference value :  1.55068e-07
 Reference value :  1.55105e-07
 Reference value :  1.55210e-07
 Reference value :  1.55292e-07
 Reference value :  1.55392e-07
 Reference value :  1.55492e-07
 Reference value :  1.55592e-07
 Reference value :  1.55742e-07
 Reference value :  1.55892e-07
 Reference value :  1.56042e-07
 Reference value :  1.56192e-07
 Reference value :  1.56342e-07
 Reference value :  1.56492e-07
 Reference value :  1.56534e-07
 Reference value :  1.56562e-07
 Reference value :  1.56590e-07
 Reference value :  1.56604e-07
 Reference value :  1.56630e-07
 Reference value :  1.56673e-07
 Reference value :  1.56740e-07
 Reference value :  1.56857e-07
 Reference value :  1.56957e-07
 Reference value :  1.57057e-07
 Reference value :  1.57207e-07
 Reference value :  1.57307e-07
 Reference value :  1.57457e-07
 Reference value :  1.57607e-07
 Reference value :  1.57757e-07
 Reference value :  1.57907e-07
 Reference value :  1.58057e-07
 Reference value :  1.58124e-07
 Reference value :  1.58136e-07
 Reference value :  1.58171e-07
 Reference value :  1.58191e-07
 Reference value :  1.58198e-07
 Reference value :  1.58212e-07
 Reference value :  1.58264e-07
 Reference value :  1.58413e-07
 Reference value :  1.58563e-07
 Reference value :  1.58713e-07
 Reference value :  1.58813e-07
 Reference value :  1.58913e-07
 Reference value :  1.59063e-07
 Reference value :  1.59213e-07
 Reference value :  1.59363e-07
 Reference value :  1.59463e-07
 Reference value :  1.59613e-07
 Reference value :  1.59681e-07
 Reference value :  1.59694e-07
 Reference value :  1.59718e-07
 Reference value :  1.59740e-07
 Reference value :  1.59754e-07
 Reference value :  1.59782e-07
 Reference value :  1.59850e-07
 Reference value :  1.59910e-07
 Reference value :  1.59994e-07
 Reference value :  1.60094e-07
 Reference value :  1.60194e-07
 Reference value :  1.60294e-07
 Reference value :  1.60394e-07
 Reference value :  1.60494e-07
 Reference value :  1.60594e-07
 Reference value :  1.60694e-07
 Reference value :  1.60844e-07
 Reference value :  1.61044e-07
 Reference value :  1.61144e-07
 Reference value :  1.61263e-07
 Reference value :  1.61276e-07
 Reference value :  1.61297e-07
 Reference value :  1.61319e-07
 Reference value :  1.61336e-07
 Reference value :  1.61342e-07
 Reference value :  1.61365e-07
 Reference value :  1.61440e-07
 Reference value :  1.61554e-07
 Reference value :  1.61704e-07
 Reference value :  1.61854e-07
 Reference value :  1.61954e-07
 Reference value :  1.62054e-07
 Reference value :  1.62204e-07
 Reference value :  1.62304e-07
 Reference value :  1.62404e-07
 Reference value :  1.62554e-07
 Reference value :  1.62654e-07
 Reference value :  1.62804e-07
 Reference value :  1.62823e-07
 Reference value :  1.62836e-07
 Reference value :  1.62860e-07
 Reference value :  1.62882e-07
 Reference value :  1.62888e-07
 Reference value :  1.62913e-07
 Reference value :  1.62954e-07
 Reference value :  1.63019e-07
 Reference value :  1.63083e-07
 Reference value :  1.63183e-07
 Reference value :  1.63283e-07
 Reference value :  1.63433e-07
 Reference value :  1.63533e-07
 Reference value :  1.63633e-07
 Reference value :  1.63783e-07
 Reference value :  1.63883e-07
 Reference value :  1.64083e-07
 Reference value :  1.64233e-07
 Reference value :  1.64333e-07
 Reference value :  1.64403e-07
 Reference value :  1.64416e-07
 Reference value :  1.64437e-07
 Reference value :  1.64457e-07
 Reference value :  1.64475e-07
 Reference value :  1.64482e-07
 Reference value :  1.64496e-07
 Reference value :  1.64570e-07
 Reference value :  1.64727e-07
 Reference value :  1.64877e-07
 Reference value :  1.65027e-07
 Reference value :  1.65127e-07
 Reference value :  1.65227e-07
 Reference value :  1.65377e-07
 Reference value :  1.65477e-07
 Reference value :  1.65627e-07
 Reference value :  1.65777e-07
 Reference value :  1.65877e-07
 Reference value :  1.65960e-07
 Reference value :  1.65975e-07
 Reference value :  1.66000e-07
 Reference value :  1.66035e-07
 Reference value :  1.66051e-07
 Reference value :  1.66107e-07
 Reference value :  1.66180e-07
 Reference value :  1.66302e-07
 Reference value :  1.66402e-07
 Reference value :  1.66502e-07
 Reference value :  1.66652e-07
 Reference value :  1.66802e-07
 Reference value :  1.66902e-07
 Reference value :  1.67052e-07
 Reference value :  1.67202e-07
 Reference value :  1.67352e-07
 Reference value :  1.67502e-07
 Reference value :  1.67558e-07
 Reference value :  1.67579e-07
 Reference value :  1.67600e-07
 Reference value :  1.67618e-07
 Reference value :  1.67625e-07
 Reference value :  1.67638e-07
 Reference value :  1.67682e-07
 Reference value :  1.67789e-07
 Reference value :  1.67874e-07
 Reference value :  1.68024e-07
 Reference value :  1.68224e-07
 Reference value :  1.68324e-07
 Reference value :  1.68474e-07
 Reference value :  1.68574e-07
 Reference value :  1.68674e-07
 Reference value :  1.68824e-07
 Reference value :  1.68924e-07
 Reference value :  1.69074e-07
 Reference value :  1.69102e-07
 Reference value :  1.69127e-07
 Reference value :  1.69154e-07
 Reference value :  1.69175e-07
 Reference value :  1.69192e-07
 Reference value :  1.69224e-07
 Reference value :  1.69308e-07
 Reference value :  1.69374e-07
 Reference value :  1.69474e-07
 Reference value :  1.69624e-07
 Reference value :  1.69774e-07
 Reference value :  1.69974e-07
 Reference value :  1.70074e-07
 Reference value :  1.70174e-07
 Reference value :  1.70324e-07
 Reference value :  1.70474e-07
 Reference value :  1.70624e-07
 Reference value :  1.70705e-07
 Reference value :  1.70715e-07
 Reference value :  1.70749e-07
 Reference value :  1.70765e-07
 Reference value :  1.70779e-07
 Reference value :  1.70810e-07
 Reference value :  1.70907e-07
 Reference value :  1.70986e-07
 Reference value :  1.71136e-07
 Reference value :  1.71286e-07
 Reference value :  1.71386e-07
 Reference value :  1.71486e-07
 Reference value :  1.71636e-07
 Reference value :  1.71786e-07
 Reference value :  1.71936e-07
 Reference value :  1.72086e-07
 Reference value :  1.72254e-07
 Reference value :  1.72278e-07
 Reference value :  1.72313e-07
 Reference value :  1.72319e-07
 Reference value :  1.72345e-07
 Reference value :  1.72427e-07
 Reference value :  1.72457e-07
 Reference value :  1.72525e-07
 Reference value :  1.72625e-07
 Reference value :  1.72775e-07
 Reference value :  1.72925e-07
 Reference value :  1.73025e-07
 Reference value :  1.73125e-07
 Reference value :  1.73275e-07
 Reference value :  1.73425e-07
 Reference value :  1.73625e-07
 Reference value :  1.73775e-07
 Reference value :  1.73842e-07
 Reference value :  1.73853e-07
 Reference value :  1.73876e-07
 Reference value :  1.73896e-07
 Reference value :  1.73904e-07
 Reference value :  1.73910e-07
 Reference value :  1.73925e-07
 Reference value :  1.73964e-07
 Reference value :  1.74069e-07
 Reference value :  1.74152e-07
 Reference value :  1.74252e-07
 Reference value :  1.74352e-07
 Reference value :  1.74452e-07
 Reference value :  1.74602e-07
 Reference value :  1.74702e-07
 Reference value :  1.74852e-07
 Reference value :  1.74952e-07
 Reference value :  1.75152e-07
 Reference value :  1.75302e-07
 Reference value :  1.75391e-07
 Reference value :  1.75407e-07
 Reference value :  1.75435e-07
 Reference value :  1.75454e-07
 Reference value :  1.75476e-07
 Reference value :  1.75508e-07
 Reference value :  1.75591e-07
 Reference value :  1.75656e-07
 Reference value :  1.75806e-07
 Reference value :  1.75956e-07
 Reference value :  1.76156e-07
 Reference value :  1.76306e-07
 Reference value :  1.76406e-07
 Reference value :  1.76506e-07
 Reference value :  1.76656e-07
 Reference value :  1.76806e-07
 Reference value :  1.76956e-07
 Reference value :  1.76988e-07
 Reference value :  1.77008e-07
 Reference value :  1.77039e-07
 Reference value :  1.77053e-07
 Reference value :  1.77075e-07
 Reference value :  1.77136e-07
 Reference value :  1.77248e-07
 Reference value :  1.77392e-07
 Reference value :  1.77542e-07
 Reference value :  1.77642e-07
 Reference value :  1.77742e-07
 Reference value :  1.77942e-07
 Reference value :  1.78042e-07
 Reference value :  1.78242e-07
 Reference value :  1.78392e-07
 Reference value :  1.78535e-07
 Reference value :  1.78551e-07
 Reference value :  1.78578e-07
 Reference value :  1.78599e-07
 Reference value :  1.78605e-07
 Reference value :  1.78631e-07
 Reference value :  1.78715e-07
 Reference value :  1.78782e-07
 Reference value :  1.78916e-07
 Reference value :  1.79066e-07
 Reference value :  1.79216e-07
 Reference value :  1.79316e-07
 Reference value :  1.79466e-07
 Reference value :  1.79616e-07
 Reference value :  1.79766e-07
 Reference value :  1.79916e-07
 Reference value :  1.80016e-07
 Reference value :  1.80132e-07
 Reference value :  1.80143e-07
 Reference value :  1.80167e-07
 Reference value :  1.80187e-07
 Reference value :  1.80193e-07
 Reference value :  1.80201e-07
 Reference value :  1.80224e-07
 Reference value :  1.80304e-07
 Reference value :  1.80422e-07
 Reference value :  1.80522e-07
 Reference value :  1.80622e-07
 Reference value :  1.80722e-07
 Reference value :  1.80822e-07
 Reference value :  1.80972e-07
 Reference value :  1.81072e-07
 Reference value :  1.81172e-07
 Reference value :  1.81272e-07
 Reference value :  1.81422e-07
 Reference value :  1.81622e-07
 Reference value :  1.81690e-07
 Reference value :  1.81719e-07
 Reference value :  1.81731e-07
 Reference value :  1.81745e-07
 Reference value :  1.81771e-07
 Reference value :  1.81814e-07
 Reference value :  1.81880e-07
 Reference value :  1.81946e-07
 Reference value :  1.82046e-07
 Reference value :  1.82146e-07
 Reference value :  1.82246e-07
 Reference value :  1.82346e-07
 Reference value :  1.82446e-07
 Reference value :  1.82596e-07
 Reference value :  1.82696e-07
 Reference value :  1.82846e-07
 Reference value :  1.82996e-07
 Reference value :  1.83146e-07
 Reference value :  1.83264e-07
 Reference value :  1.83286e-07
 Reference value :  1.83299e-07
 Reference value :  1.83323e-07
 Reference value :  1.83338e-07
 Reference value :  1.83360e-07
 Reference value :  1.83425e-07
 Reference value :  1.83500e-07
 Reference value :  1.83634e-07
 Reference value :  1.83784e-07
 Reference value :  1.83934e-07
 Reference value :  1.84084e-07
 Reference value :  1.84234e-07
 Reference value :  1.84384e-07
 Reference value :  1.84534e-07
 Reference value :  1.84634e-07
 Reference value :  1.84784e-07
 Reference value :  1.84815e-07
 Reference value :  1.84831e-07
 Reference value :  1.84855e-07
 Reference value :  1.84891e-07
 Reference value :  1.84916e-07
 Reference value :  1.84962e-07
 Reference value :  1.85035e-07
 Reference value :  1.85107e-07
 Reference value :  1.85207e-07
 Reference value :  1.85307e-07
 Reference value :  1.85457e-07
 Reference value :  1.85707e-07
 Reference value :  1.85907e-07
 Reference value :  1.86057e-07
 Reference value :  1.86257e-07
 Reference value :  1.86401e-07
 Reference value :  1.86427e-07
 Reference value :  1.86450e-07
 Reference value :  1.86470e-07
 Reference value :  1.86477e-07
 Reference value :  1.86491e-07
 Reference value :  1.86549e-07
 Reference value :  1.86658e-07
 Reference value :  1.86798e-07
 Reference value :  1.86948e-07
 Reference value :  1.87098e-07
 Reference value :  1.87298e-07
 Reference value :  1.87448e-07
 Reference value :  1.87598e-07
 Reference value :  1.87748e-07
 Reference value :  1.87898e-07
 Reference value :  1.87966e-07
 Reference value :  1.87989e-07
 Reference value :  1.88015e-07
 Reference value :  1.88031e-07
 Reference value :  1.88057e-07
 Reference value :  1.88100e-07
 Reference value :  1.88166e-07
 Reference value :  1.88198e-07
 Reference value :  1.88282e-07
 Reference value :  1.88432e-07
 Reference value :  1.88532e-07
 Reference value :  1.88732e-07
 Reference value :  1.88882e-07
 Reference value :  1.88982e-07
 Reference value :  1.89132e-07
 Reference value :  1.89282e-07
 Reference value :  1.89432e-07
 Reference value :  1.89532e-07
 Reference value :  1.89550e-07
 Reference value :  1.89572e-07
 Reference value :  1.89596e-07
 Reference value :  1.89617e-07
 Reference value :  1.89623e-07
 Reference value :  1.89645e-07
 Reference value :  1.89745e-07
 Reference value :  1.89868e-07
 Reference value :  1.90018e-07
 Reference value :  1.90168e-07
 Reference value :  1.90268e-07
 Reference value :  1.90368e-07
 Reference value :  1.90518e-07
 Reference value :  1.90668e-07
 Reference value :  1.90818e-07
 Reference value :  1.91018e-07
 Reference value :  1.91101e-07
 Reference value :  1.91117e-07
 Reference value :  1.91143e-07
 Reference value :  1.91167e-07
 Reference value :  1.91174e-07
 Reference value :  1.91199e-07
 Reference value :  1.91222e-07
 Reference value :  1.91308e-07
 Reference value :  1.91424e-07
 Reference value :  1.91574e-07
 Reference value :  1.91674e-07
 Reference value :  1.91824e-07
 Reference value :  1.91974e-07
 Reference value :  1.92124e-07
 Reference value :  1.92224e-07
 Reference value :  1.92374e-07
 Reference value :  1.92524e-07
 Reference value :  1.92674e-07
 Reference value :  1.92704e-07
 Reference value :  1.92726e-07
 Reference value :  1.92759e-07
 Reference value :  1.92766e-07
 Reference value :  1.92781e-07
 Reference value :  1.92853e-07
 Reference value :  1.92964e-07
 Reference value :  1.93160e-07
 Reference value :  1.93260e-07
 Reference value :  1.93360e-07
 Reference value :  1.93510e-07
 Reference value :  1.93660e-07
 Reference value :  1.93760e-07
 Reference value :  1.93910e-07
 Reference value :  1.94060e-07
 Reference value :  1.94245e-07
 Reference value :  1.94272e-07
 Reference value :  1.94318e-07
 Reference value :  1.94333e-07
 Reference value :  1.94367e-07
 Reference value :  1.94452e-07
 Reference value :  1.94518e-07
 Reference value :  1.94668e-07
 Reference value :  1.94768e-07
 Reference value :  1.94868e-07
 Reference value :  1.95018e-07
 Reference value :  1.95118e-07
 Reference value :  1.95218e-07
 Reference value :  1.95368e-07
 Reference value :  1.95568e-07
 Reference value :  1.95718e-07
 Reference value :  1.95818e-07
 Reference value :  1.95848e-07
 Reference value :  1.95870e-07
 Reference value :  1.95903e-07
 Reference value :  1.95910e-07
 Reference value :  1.95942e-07
 Reference value :  1.96030e-07
 Reference value :  1.96107e-07
 Reference value :  1.96253e-07
 Reference value :  1.96353e-07
 Reference value :  1.96453e-07
 Reference value :  1.96553e-07
 Reference value :  1.96653e-07
 Reference value :  1.96803e-07
 Reference value :  1.96903e-07
 Reference value :  1.97053e-07
 Reference value :  1.97153e-07
 Reference value :  1.97253e-07
 Reference value :  1.97389e-07
 Reference value :  1.97404e-07
 Reference value :  1.97445e-07
 Reference value :  1.97461e-07
 Reference value :  1.97476e-07
 Reference value :  1.97509e-07
 Reference value :  1.97594e-07
 Reference value :  1.97660e-07
 Reference value :  1.97810e-07
 Reference value :  1.97960e-07
 Reference value :  1.98110e-07
 Reference value :  1.98260e-07
 Reference value :  1.98410e-07
 Reference value :  1.98510e-07
 Reference value :  1.98760e-07
 Reference value :  1.98860e-07
 Reference value :  1.98960e-07
 Reference value :  1.98978e-07
 Reference value :  1.99001e-07
 Reference value :  1.99024e-07
 Reference value :  1.99046e-07
 Reference value :  1.99061e-07
 Reference value :  1.99086e-07
 Reference value :  1.99173e-07
 Reference value :  1.99295e-07
 Reference value :  1.99395e-07
 Reference value :  1.99545e-07
 Reference value :  1.99695e-07
 Reference value :  1.99845e-07
 Reference value :  2.00000e-07
No. of Data Rows : 5479
Doing analysis at TEMP = 27.000000 and TNOM = 27.000000

Using KLU as Direct Linear Solver
Operating point simulation skipped by 'uic',
  now using transient initial conditions.
 Reference value :  5.10515e-14
 Reference value :  8.25979e-14
 Reference value :  2.47155e-13
 Reference value :  7.06129e-13
 Reference value :  1.62691e-12
 Reference value :  3.96518e-12
 Reference value :  5.62089e-12
 Reference value :  1.14159e-11
 Reference value :  1.66416e-11
 Reference value :  3.65372e-11
 Reference value :  6.80189e-11
 Reference value :  1.31941e-10
 Reference value :  1.53085e-10
 Reference value :  1.76396e-10
 Reference value :  2.35444e-10
 Reference value :  2.97734e-10
 Reference value :  3.17976e-10
 Reference value :  3.27631e-10
 Reference value :  3.46876e-10
 Reference value :  3.96665e-10
 Reference value :  4.17721e-10
 Reference value :  4.60010e-10
 Reference value :  5.02533e-10
 Reference value :  5.81927e-10
 Reference value :  6.16911e-10
 Reference value :  6.83552e-10
 Reference value :  7.45482e-10
 Reference value :  7.98709e-10
 Reference value :  8.10022e-10
 Reference value :  8.26391e-10
 Reference value :  8.50303e-10
 Reference value :  8.73314e-10
 Reference value :  9.21835e-10
 Reference value :  9.88058e-10
 Reference value :  1.00769e-09
 Reference value :  1.04177e-09
 Reference value :  1.11285e-09
 Reference value :  1.17153e-09
 Reference value :  1.21668e-09
 Reference value :  1.25756e-09
 Reference value :  1.26913e-09
 Reference value :  1.27998e-09
 Reference value :  1.28835e-09
 Reference value :  1.30201e-09
 Reference value :  1.33745e-09
 Reference value :  1.37740e-09
 Reference value :  1.41205e-09
 Reference value :  1.45689e-09
 Reference value :  1.51076e-09
 Reference value :  1.53375e-09
 Reference value :  1.56969e-09
 Reference value :  1.63665e-09
 Reference value :  1.68953e-09
 Reference value :  1.76094e-09
 Reference value :  1.77741e-09
 Reference value :  1.80225e-09
 Reference value :  1.81216e-09
 Reference value :  1.85496e-09
 Reference value :  1.91445e-09
 Reference value :  1.95759e-09
 Reference value :  2.00980e-09
 Reference value :  2.09023e-09
 Reference value :  2.15123e-09
 Reference value :  2.17574e-09
 Reference value :  2.19855e-09
 Reference value :  2.21270e-09
 Reference value :  2.22415e-09
 Reference value :  2.23648e-09
 Reference value :  2.24481e-09
 Reference value :  2.25306e-09
 Reference value :  2.27654e-09
 Reference value :  2.33733e-09
 Reference value :  2.37223e-09
 Reference value :  2.45109e-09
 Reference value :  2.49586e-09
 Reference value :  2.53036e-09
 Reference value :  2.60317e-09
 Reference value :  2.63130e-09
 Reference value :  2.71450e-09
 Reference value :  2.73139e-09
 Reference value :  2.75212e-09
 Reference value :  2.76383e-09
 Reference value :  2.78302e-09
 Reference value :  2.81384e-09
 Reference value :  2.89992e-09
 Reference value :  2.93579e-09
 Reference value :  2.97325e-09
 Reference value :  3.02742e-09
 Reference value :  3.08393e-09
 Reference value :  3.12767e-09
 Reference value :  3.16070e-09
 Reference value :  3.17230e-09
 Reference value :  3.18371e-09
 Reference value :  3.19551e-09
 Reference value :  3.20383e-09
 Reference value :  3.21245e-09
 Reference value :  3.27144e-09
 Reference value :  3.28989e-09
 Reference value :  3.32525e-09
 Reference value :  3.42894e-09
 Reference value :  3.46473e-09
 Reference value :  3.52746e-09
 Reference value :  3.58324e-09
 Reference value :  3.64427e-09
 Reference value :  3.68296e-09
 Reference value :  3.70188e-09
 Reference value :  3.71581e-09
 Reference value :  3.73315e-09
 Reference value :  3.76146e-09
 Reference value :  3.79499e-09
 Reference value :  3.86560e-09
 Reference value :  3.90044e-09
 Reference value :  3.96873e-09
 Reference value :  4.05671e-09
 Reference value :  4.10526e-09
 Reference value :  4.11437e-09
 Reference value :  4.12641e-09
 Reference value :  4.13998e-09
 Reference value :  4.15463e-09
 Reference value :  4.16748e-09
 Reference value :  4.20517e-09
 Reference value :  4.24600e-09
 Reference value :  4.28172e-09
 Reference value :  4.32908e-09
 Reference value :  4.38442e-09
 Reference value :  4.42020e-09
 Reference value :  4.51203e-09
 Reference value :  4.59986e-09
 Reference value :  4.62824e-09
 Reference value :  4.63911e-09
 Reference value :  4.66685e-09
 Reference value :  4.67200e-09
 Reference value :  4.68325e-09
 Reference value :  4.70671e-09
 Reference value :  4.75385e-09
 Reference value :  4.82064e-09
 Reference value :  4.85452e-09
 Reference value :  4.89733e-09
 Reference value :  4.98715e-09
 Reference value :  5.01092e-09
 Reference value :  5.06046e-09
 Reference value :  5.06980e-09
 Reference value :  5.08185e-09
 Reference value :  5.10218e-09
 Reference value :  5.10659e-09
 Reference value :  5.11454e-09
 Reference value :  5.12909e-09
 Reference value :  5.16072e-09
 Reference value :  5.20146e-09
 Reference value :  5.23714e-09
 Reference value :  5.31517e-09
 Reference value :  5.36005e-09
 Reference value :  5.37568e-09
 Reference value :  5.43854e-09
 Reference value :  5.52442e-09
 Reference value :  5.58382e-09
 Reference value :  5.59471e-09
 Reference value :  5.60292e-09
 Reference value :  5.62249e-09
 Reference value :  5.63308e-09
 Reference value :  5.65407e-09
 Reference value :  5.69002e-09
 Reference value :  5.73102e-09
 Reference value :  5.77653e-09
 Reference value :  5.81033e-09
 Reference value :  5.85299e-09
 Reference value :  5.90754e-09
 Reference value :  5.96621e-09
 Reference value :  5.99243e-09
 Reference value :  6.02509e-09
 Reference value :  6.03717e-09
 Reference value :  6.05017e-09
 Reference value :  6.06491e-09
 Reference value :  6.07845e-09
 Reference value :  6.13503e-09
 Reference value :  6.20980e-09
 Reference value :  6.28923e-09
 Reference value :  6.32832e-09
 Reference value :  6.36432e-09
 Reference value :  6.43760e-09
 Reference value :  6.46569e-09
 Reference value :  6.52428e-09
 Reference value :  6.53751e-09
 Reference value :  6.55395e-09
 Reference value :  6.57219e-09
 Reference value :  6.58368e-09
 Reference value :  6.60168e-09
 Reference value :  6.64775e-09
 Reference value :  6.71380e-09
 Reference value :  6.74976e-09
 Reference value :  6.78612e-09
 Reference value :  6.83858e-09
 Reference value :  6.92708e-09
 Reference value :  6.95176e-09
 Reference value :  6.97511e-09
 Reference value :  6.98947e-09
 Reference value :  7.00085e-09
 Reference value :  7.01779e-09
 Reference value :  7.02580e-09
 Reference value :  7.03426e-09
 Reference value :  7.07603e-09
 Reference value :  7.11362e-09
 Reference value :  7.13018e-09
 Reference value :  7.19708e-09
 Reference value :  7.25200e-09
 Reference value :  7.28757e-09
 Reference value :  7.34961e-09
 Reference value :  7.40664e-09
 Reference value :  7.49116e-09
 Reference value :  7.50834e-09
 Reference value :  7.53727e-09
 Reference value :  7.54213e-09
 Reference value :  7.56963e-09
 Reference value :  7.59412e-09
 Reference value :  7.63256e-09
 Reference value :  7.68162e-09
 Reference value :  7.71787e-09
 Reference value :  7.78594e-09
 Reference value :  7.87626e-09
 Reference value :  7.90130e-09
 Reference value :  7.93715e-09
 Reference value :  7.94891e-09
 Reference value :  7.96181e-09
 Reference value :  7.97298e-09
 Reference value :  7.97667e-09
 Reference value :  7.98520e-09
 Reference value :  8.00771e-09
 Reference value :  8.02758e-09
 Reference value :  8.06846e-09
 Reference value :  8.10429e-09
 Reference value :  8.15203e-09
 Reference value :  8.20676e-09
 Reference value :  8.24248e-09
 Reference value :  8.33426e-09
 Reference value :  8.39148e-09
 Reference value :  8.45067e-09
 Reference value :  8.46969e-09
 Reference value :  8.48922e-09
 Reference value :  8.49981e-09
 Reference value :  8.52109e-09
 Reference value :  8.55727e-09
 Reference value :  8.59877e-09
 Reference value :  8.64395e-09
 Reference value :  8.67766e-09
 Reference value :  8.72011e-09
 Reference value :  8.77432e-09
 Reference value :  8.83314e-09
 Reference value :  8.85932e-09
 Reference value :  8.89175e-09
 Reference value :  8.90378e-09
 Reference value :  8.91747e-09
 Reference value :  8.92845e-09
 Reference value :  8.93211e-09
 Reference value :  8.94045e-09
 Reference value :  8.96309e-09
 Reference value :  8.98276e-09
 Reference value :  9.02358e-09
 Reference value :  9.05932e-09
 Reference value :  9.13721e-09
 Reference value :  9.18204e-09
 Reference value :  9.21715e-09
 Reference value :  9.28949e-09
 Reference value :  9.34659e-09
 Reference value :  9.40595e-09
 Reference value :  9.41678e-09
 Reference value :  9.42502e-09
 Reference value :  9.44458e-09
 Reference value :  9.45513e-09
 Reference value :  9.47638e-09
 Reference value :  9.51261e-09
 Reference value :  9.55397e-09
 Reference value :  9.57808e-09
 Reference value :  9.61572e-09
 Reference value :  9.65082e-09
 Reference value :  9.72955e-09
 Reference value :  9.78827e-09
 Reference value :  9.81451e-09
 Reference value :  9.84702e-09
 Reference value :  9.85907e-09
 Reference value :  9.87282e-09
 Reference value :  9.88379e-09
 Reference value :  9.89175e-09
 Reference value :  9.90026e-09
 Reference value :  9.93794e-09
 Reference value :  9.97865e-09
 Reference value :  1.00143e-08
 Reference value :  1.00924e-08
 Reference value :  1.01372e-08
 Reference value :  1.01724e-08
 Reference value :  1.02157e-08
 Reference value :  1.02717e-08
 Reference value :  1.03326e-08
 Reference value :  1.03611e-08
 Reference value :  1.03802e-08
 Reference value :  1.04049e-08
 Reference value :  1.04397e-08
 Reference value :  1.05085e-08
 Reference value :  1.05326e-08
 Reference value :  1.05707e-08
 Reference value :  1.06056e-08
 Reference value :  1.07196e-08
 Reference value :  1.07696e-08
 Reference value :  1.08022e-08
 Reference value :  1.08143e-08
 Reference value :  1.08273e-08
 Reference value :  1.08383e-08
 Reference value :  1.08467e-08
 Reference value :  1.08611e-08
 Reference value :  1.09116e-08
 Reference value :  1.09316e-08
 Reference value :  1.09664e-08
 Reference value :  1.10374e-08
 Reference value :  1.11076e-08
 Reference value :  1.11690e-08
 Reference value :  1.12218e-08
 Reference value :  1.12811e-08
 Reference value :  1.13086e-08
 Reference value :  1.13286e-08
 Reference value :  1.13551e-08
 Reference value :  1.13603e-08
 Reference value :  1.13783e-08
 Reference value :  1.14084e-08
 Reference value :  1.14671e-08
 Reference value :  1.15108e-08
 Reference value :  1.15268e-08
 Reference value :  1.15884e-08
 Reference value :  1.16798e-08
 Reference value :  1.17289e-08
 Reference value :  1.17604e-08
 Reference value :  1.17666e-08
 Reference value :  1.17781e-08
 Reference value :  1.17895e-08
 Reference value :  1.17940e-08
 Reference value :  1.18022e-08
 Reference value :  1.18172e-08
 Reference value :  1.18900e-08
 Reference value :  1.19070e-08
 Reference value :  1.19463e-08
 Reference value :  1.20285e-08
 Reference value :  1.20486e-08
 Reference value :  1.20836e-08
 Reference value :  1.21560e-08
 Reference value :  1.21831e-08
 Reference value :  1.22442e-08
 Reference value :  1.22712e-08
 Reference value :  1.22899e-08
 Reference value :  1.23092e-08
 Reference value :  1.23194e-08
 Reference value :  1.23472e-08
 Reference value :  1.24379e-08
 Reference value :  1.24940e-08
 Reference value :  1.25613e-08
 Reference value :  1.26502e-08
 Reference value :  1.26738e-08
 Reference value :  1.27111e-08
 Reference value :  1.27176e-08
 Reference value :  1.27236e-08
 Reference value :  1.27290e-08
 Reference value :  1.27526e-08
 Reference value :  1.27610e-08
 Reference value :  1.27800e-08
 Reference value :  1.28380e-08
 Reference value :  1.28736e-08
 Reference value :  1.29399e-08
 Reference value :  1.30151e-08
 Reference value :  1.30504e-08
 Reference value :  1.31231e-08
 Reference value :  1.31826e-08
 Reference value :  1.32107e-08
 Reference value :  1.32335e-08
 Reference value :  1.32510e-08
 Reference value :  1.32598e-08
 Reference value :  1.32716e-08
 Reference value :  1.32896e-08
 Reference value :  1.33199e-08
 Reference value :  1.34024e-08
 Reference value :  1.34221e-08
 Reference value :  1.34561e-08
 Reference value :  1.35265e-08
 Reference value :  1.36151e-08
 Reference value :  1.36630e-08
 Reference value :  1.36771e-08
 Reference value :  1.36945e-08
 Reference value :  1.37058e-08
 Reference value :  1.37179e-08
 Reference value :  1.37429e-08
 Reference value :  1.38033e-08
 Reference value :  1.38382e-08
 Reference value :  1.39431e-08
 Reference value :  1.39783e-08
 Reference value :  1.40388e-08
 Reference value :  1.41007e-08
 Reference value :  1.41814e-08
 Reference value :  1.41908e-08
 Reference value :  1.42081e-08
 Reference value :  1.42225e-08
 Reference value :  1.42326e-08
 Reference value :  1.42536e-08
 Reference value :  1.42934e-08
 Reference value :  1.43595e-08
 Reference value :  1.43947e-08
 Reference value :  1.44319e-08
 Reference value :  1.44831e-08
 Reference value :  1.45719e-08
 Reference value :  1.46180e-08
 Reference value :  1.46319e-08
 Reference value :  1.46432e-08
 Reference value :  1.46556e-08
 Reference value :  1.46602e-08
 Reference value :  1.46639e-08
 Reference value :  1.46722e-08
 Reference value :  1.46957e-08
 Reference value :  1.47561e-08
 Reference value :  1.47909e-08
 Reference value :  1.48401e-08
 Reference value :  1.48946e-08
 Reference value :  1.49301e-08
 Reference value :  1.50218e-08
 Reference value :  1.50496e-08
 Reference value :  1.51136e-08
 Reference value :  1.51335e-08
 Reference value :  1.51504e-08
 Reference value :  1.51793e-08
 Reference value :  1.51901e-08
 Reference value :  1.52117e-08
 Reference value :  1.52551e-08
 Reference value :  1.53016e-08
 Reference value :  1.53233e-08
 Reference value :  1.53599e-08
 Reference value :  1.53996e-08
 Reference value :  1.54564e-08
 Reference value :  1.55181e-08
 Reference value :  1.55685e-08
 Reference value :  1.55851e-08
 Reference value :  1.55985e-08
 Reference value :  1.56153e-08
 Reference value :  1.56232e-08
 Reference value :  1.56318e-08
 Reference value :  1.56707e-08
 Reference value :  1.57114e-08
 Reference value :  1.57472e-08
 Reference value :  1.58250e-08
 Reference value :  1.58698e-08
 Reference value :  1.59045e-08
 Reference value :  1.59474e-08
 Reference value :  1.60048e-08
 Reference value :  1.60895e-08
 Reference value :  1.61071e-08
 Reference value :  1.61340e-08
 Reference value :  1.61385e-08
 Reference value :  1.61570e-08
 Reference value :  1.61874e-08
 Reference value :  1.62530e-08
 Reference value :  1.62753e-08
 Reference value :  1.62949e-08
 Reference value :  1.63493e-08
 Reference value :  1.64373e-08
 Reference value :  1.64827e-08
 Reference value :  1.65046e-08
 Reference value :  1.65362e-08
 Reference value :  1.65425e-08
 Reference value :  1.65540e-08
 Reference value :  1.65647e-08
 Reference value :  1.65732e-08
 Reference value :  1.65818e-08
 Reference value :  1.66211e-08
 Reference value :  1.66618e-08
 Reference value :  1.66965e-08
 Reference value :  1.67413e-08
 Reference value :  1.68179e-08
 Reference value :  1.68537e-08
 Reference value :  1.69200e-08
 Reference value :  1.69451e-08
 Reference value :  1.69733e-08
 Reference value :  1.70315e-08
 Reference value :  1.70541e-08
 Reference value :  1.70715e-08
 Reference value :  1.70873e-08
 Reference value :  1.70918e-08
 Reference value :  1.71030e-08
 Reference value :  1.71272e-08
 Reference value :  1.71763e-08
 Reference value :  1.72239e-08
 Reference value :  1.72597e-08
 Reference value :  1.73212e-08
 Reference value :  1.73765e-08
 Reference value :  1.74376e-08
 Reference value :  1.74617e-08
 Reference value :  1.74905e-08
 Reference value :  1.75019e-08
 Reference value :  1.75132e-08
 Reference value :  1.75248e-08
 Reference value :  1.75286e-08
 Reference value :  1.75368e-08
 Reference value :  1.75481e-08
 Reference value :  1.75818e-08
 Reference value :  1.76206e-08
 Reference value :  1.76556e-08
 Reference value :  1.77342e-08
 Reference value :  1.77790e-08
 Reference value :  1.78333e-08
 Reference value :  1.78863e-08
 Reference value :  1.79777e-08
 Reference value :  1.79980e-08
 Reference value :  1.80152e-08
 Reference value :  1.80359e-08
 Reference value :  1.80484e-08
 Reference value :  1.80680e-08
 Reference value :  1.80995e-08
 Reference value :  1.81367e-08
 Reference value :  1.81844e-08
 Reference value :  1.82203e-08
 Reference value :  1.82579e-08
 Reference value :  1.83161e-08
 Reference value :  1.83698e-08
 Reference value :  1.83910e-08
 Reference value :  1.84365e-08
 Reference value :  1.84449e-08
 Reference value :  1.84565e-08
 Reference value :  1.84677e-08
 Reference value :  1.84786e-08
 Reference value :  1.84866e-08
 Reference value :  1.85008e-08
 Reference value :  1.85499e-08
 Reference value :  1.85861e-08
 Reference value :  1.86236e-08
 Reference value :  1.86990e-08
 Reference value :  1.87424e-08
 Reference value :  1.87766e-08
 Reference value :  1.88491e-08
 Reference value :  1.88783e-08
 Reference value :  1.89380e-08
 Reference value :  1.89621e-08
 Reference value :  1.89800e-08
 Reference value :  1.89966e-08
 Reference value :  1.90012e-08
 Reference value :  1.90190e-08
 Reference value :  1.90671e-08
 Reference value :  1.91336e-08
 Reference value :  1.91533e-08
 Reference value :  1.91691e-08
 Reference value :  1.92306e-08
 Reference value :  1.92576e-08
 Reference value :  1.93185e-08
 Reference value :  1.93654e-08
 Reference value :  1.93883e-08
 Reference value :  1.94035e-08
 Reference value :  1.94164e-08
 Reference value :  1.94285e-08
 Reference value :  1.94330e-08
 Reference value :  1.94411e-08
 Reference value :  1.94497e-08
 Reference value :  1.94873e-08
 Reference value :  1.95279e-08
 Reference value :  1.95840e-08
 Reference value :  1.96665e-08
 Reference value :  1.97023e-08
 Reference value :  1.97652e-08
 Reference value :  1.98211e-08
 Reference value :  1.98820e-08
 Reference value :  1.99209e-08
 Reference value :  1.99291e-08
 Reference value :  1.99486e-08
 Reference value :  1.99538e-08
 Reference value :  1.99646e-08
 Reference value :  1.99880e-08
 Reference value :  2.00806e-08
 Reference value :  2.01190e-08
 Reference value :  2.01536e-08
 Reference value :  2.02344e-08
 Reference value :  2.02935e-08
 Reference value :  2.03428e-08
 Reference value :  2.03520e-08
 Reference value :  2.03584e-08
 Reference value :  2.03777e-08
 Reference value :  2.03887e-08
 Reference value :  2.03966e-08
 Reference value :  2.04052e-08
 Reference value :  2.04429e-08
 Reference value :  2.04838e-08
 Reference value :  2.05195e-08
 Reference value :  2.05974e-08
 Reference value :  2.06222e-08
 Reference value :  2.06579e-08
 Reference value :  2.06972e-08
 Reference value :  2.07768e-08
 Reference value :  2.08661e-08
 Reference value :  2.08769e-08
 Reference value :  2.08959e-08
 Reference value :  2.09098e-08
 Reference value :  2.09280e-08
 Reference value :  2.09577e-08
 Reference value :  2.10137e-08
 Reference value :  2.10379e-08
 Reference value :  2.10758e-08
 Reference value :  2.10929e-08
 Reference value :  2.11603e-08
 Reference value :  2.12483e-08
 Reference value :  2.12745e-08
 Reference value :  2.13072e-08
 Reference value :  2.13193e-08
 Reference value :  2.13322e-08
 Reference value :  2.13432e-08
 Reference value :  2.13470e-08
 Reference value :  2.13769e-08
 Reference value :  2.14367e-08
 Reference value :  2.14717e-08
 Reference value :  2.15169e-08
 Reference value :  2.15956e-08
 Reference value :  2.16135e-08
 Reference value :  2.16328e-08
 Reference value :  2.16771e-08
 Reference value :  2.17319e-08
 Reference value :  2.17928e-08
 Reference value :  2.18323e-08
 Reference value :  2.18513e-08
 Reference value :  2.18652e-08
 Reference value :  2.18916e-08
 Reference value :  2.19274e-08
 Reference value :  2.19682e-08
 Reference value :  2.19925e-08
 Reference value :  2.20308e-08
 Reference value :  2.20478e-08
 Reference value :  2.20905e-08
 Reference value :  2.21802e-08
 Reference value :  2.22302e-08
 Reference value :  2.22628e-08
 Reference value :  2.22692e-08
 Reference value :  2.22828e-08
 Reference value :  2.22953e-08
 Reference value :  2.22997e-08
 Reference value :  2.23034e-08
 Reference value :  2.23116e-08
 Reference value :  2.23535e-08
 Reference value :  2.23941e-08
 Reference value :  2.24296e-08
 Reference value :  2.24765e-08
 Reference value :  2.25329e-08
 Reference value :  2.25687e-08
 Reference value :  2.26317e-08
 Reference value :  2.27175e-08
 Reference value :  2.27769e-08
 Reference value :  2.27878e-08
 Reference value :  2.27960e-08
 Reference value :  2.28156e-08
 Reference value :  2.28262e-08
 Reference value :  2.28471e-08
 Reference value :  2.29028e-08
 Reference value :  2.29482e-08
 Reference value :  2.29695e-08
 Reference value :  2.29864e-08
 Reference value :  2.30213e-08
 Reference value :  2.31007e-08
 Reference value :  2.31593e-08
 Reference value :  2.31856e-08
 Reference value :  2.32182e-08
 Reference value :  2.32246e-08
 Reference value :  2.32382e-08
 Reference value :  2.32507e-08
 Reference value :  2.32551e-08
 Reference value :  2.32588e-08
 Reference value :  2.32671e-08
 Reference value :  2.32897e-08
 Reference value :  2.33306e-08
 Reference value :  2.33670e-08
 Reference value :  2.34057e-08
 Reference value :  2.34883e-08
 Reference value :  2.35241e-08
 Reference value :  2.35870e-08
 Reference value :  2.36428e-08
 Reference value :  2.37036e-08
 Reference value :  2.37322e-08
 Reference value :  2.37431e-08
 Reference value :  2.37621e-08
 Reference value :  2.37760e-08
 Reference value :  2.37873e-08
 Reference value :  2.38107e-08
 Reference value :  2.38576e-08
 Reference value :  2.39030e-08
 Reference value :  2.39245e-08
 Reference value :  2.39584e-08
 Reference value :  2.40267e-08
 Reference value :  2.40912e-08
 Reference value :  2.41412e-08
 Reference value :  2.41738e-08
 Reference value :  2.41858e-08
 Reference value :  2.41996e-08
 Reference value :  2.42106e-08
 Reference value :  2.42142e-08
 Reference value :  2.42225e-08
 Reference value :  2.42451e-08
 Reference value :  2.42858e-08
 Reference value :  2.43223e-08
 Reference value :  2.43875e-08
 Reference value :  2.44438e-08
 Reference value :  2.44796e-08
 Reference value :  2.45715e-08
 Reference value :  2.46283e-08
 Reference value :  2.46878e-08
 Reference value :  2.46987e-08
 Reference value :  2.47069e-08
 Reference value :  2.47265e-08
 Reference value :  2.47371e-08
 Reference value :  2.47580e-08
 Reference value :  2.47939e-08
 Reference value :  2.48347e-08
 Reference value :  2.48589e-08
 Reference value :  2.48972e-08
 Reference value :  2.49321e-08
 Reference value :  2.50116e-08
 Reference value :  2.50703e-08
 Reference value :  2.51198e-08
 Reference value :  2.51355e-08
 Reference value :  2.51492e-08
 Reference value :  2.51661e-08
 Reference value :  2.51780e-08
 Reference value :  2.52006e-08
 Reference value :  2.52415e-08
 Reference value :  2.52779e-08
 Reference value :  2.53744e-08
 Reference value :  2.54193e-08
 Reference value :  2.54546e-08
 Reference value :  2.55269e-08
 Reference value :  2.55836e-08
 Reference value :  2.56431e-08
 Reference value :  2.56540e-08
 Reference value :  2.56731e-08
 Reference value :  2.56869e-08
 Reference value :  2.56924e-08
 Reference value :  2.57131e-08
 Reference value :  2.57342e-08
 Reference value :  2.57684e-08
 Reference value :  2.58138e-08
 Reference value :  2.58524e-08
 Reference value :  2.58871e-08
 Reference value :  2.59376e-08
 Reference value :  2.60259e-08
 Reference value :  2.60754e-08
 Reference value :  2.60911e-08
 Reference value :  2.61105e-08
 Reference value :  2.61215e-08
 Reference value :  2.61335e-08
 Reference value :  2.61560e-08
 Reference value :  2.61754e-08
 Reference value :  2.62160e-08
 Reference value :  2.62515e-08
 Reference value :  2.62984e-08
 Reference value :  2.63547e-08
 Reference value :  2.63906e-08
 Reference value :  2.64536e-08
 Reference value :  2.65094e-08
 Reference value :  2.65703e-08
 Reference value :  2.66097e-08
 Reference value :  2.66288e-08
 Reference value :  2.66426e-08
 Reference value :  2.66610e-08
 Reference value :  2.66775e-08
 Reference value :  2.67249e-08
 Reference value :  2.67916e-08
 Reference value :  2.68433e-08
 Reference value :  2.69224e-08
 Reference value :  2.69811e-08
 Reference value :  2.70073e-08
 Reference value :  2.70399e-08
 Reference value :  2.70463e-08
 Reference value :  2.70592e-08
 Reference value :  2.70715e-08
 Reference value :  2.70761e-08
 Reference value :  2.70844e-08
 Reference value :  2.70988e-08
 Reference value :  2.71491e-08
 Reference value :  2.71859e-08
 Reference value :  2.72237e-08
 Reference value :  2.72746e-08
 Reference value :  2.73267e-08
 Reference value :  2.73630e-08
 Reference value :  2.74324e-08
 Reference value :  2.74570e-08
 Reference value :  2.74853e-08
 Reference value :  2.75421e-08
 Reference value :  2.75540e-08
 Reference value :  2.75630e-08
 Reference value :  2.75798e-08
 Reference value :  2.75945e-08
 Reference value :  2.76049e-08
 Reference value :  2.76257e-08
 Reference value :  2.76854e-08
 Reference value :  2.77503e-08
 Reference value :  2.77840e-08
 Reference value :  2.78267e-08
 Reference value :  2.79198e-08
 Reference value :  2.79687e-08
 Reference value :  2.79975e-08
 Reference value :  2.80038e-08
 Reference value :  2.80151e-08
 Reference value :  2.80264e-08
 Reference value :  2.80310e-08
 Reference value :  2.80393e-08
 Reference value :  2.80481e-08
 Reference value :  2.80658e-08
 Reference value :  2.81056e-08
 Reference value :  2.81413e-08
 Reference value :  2.81791e-08
 Reference value :  2.82322e-08
 Reference value :  2.82806e-08
 Reference value :  2.83154e-08
 Reference value :  2.83823e-08
 Reference value :  2.84353e-08
 Reference value :  2.84937e-08
 Reference value :  2.85070e-08
 Reference value :  2.85161e-08
 Reference value :  2.85333e-08
 Reference value :  2.85486e-08
 Reference value :  2.85585e-08
 Reference value :  2.85800e-08
 Reference value :  2.86176e-08
 Reference value :  2.86839e-08
 Reference value :  2.87196e-08
 Reference value :  2.87808e-08
 Reference value :  2.88730e-08
 Reference value :  2.89219e-08
 Reference value :  2.89447e-08
 Reference value :  2.89589e-08
 Reference value :  2.89703e-08
 Reference value :  2.89827e-08
 Reference value :  2.89910e-08
 Reference value :  2.89992e-08
 Reference value :  2.90227e-08
 Reference value :  2.90833e-08
 Reference value :  2.91401e-08
 Reference value :  2.92218e-08
 Reference value :  2.92573e-08
 Reference value :  2.93190e-08
 Reference value :  2.93769e-08
 Reference value :  2.94606e-08
 Reference value :  2.94775e-08
 Reference value :  2.94993e-08
 Reference value :  2.95112e-08
 Reference value :  2.95310e-08
 Reference value :  2.95630e-08
 Reference value :  2.96012e-08
 Reference value :  2.96497e-08
 Reference value :  2.96697e-08
 Reference value :  2.97052e-08
 Reference value :  2.97830e-08
 Reference value :  2.98436e-08
 Reference value :  2.98677e-08
 Reference value :  2.99041e-08
 Reference value :  2.99163e-08
 Reference value :  2.99283e-08
 Reference value :  2.99401e-08
 Reference value :  2.99479e-08
 Reference value :  2.99563e-08
 Reference value :  2.99700e-08
 Reference value :  3.00048e-08
 Reference value :  3.00427e-08
 Reference value :  3.00600e-08
 Reference value :  3.01029e-08
 Reference value :  3.01553e-08
 Reference value :  3.01999e-08
 Reference value :  3.02339e-08
 Reference value :  3.03373e-08
 Reference value :  3.04184e-08
 Reference value :  3.04278e-08
 Reference value :  3.04453e-08
 Reference value :  3.04593e-08
 Reference value :  3.04636e-08
 Reference value :  3.04749e-08
 Reference value :  3.04985e-08
 Reference value :  3.05474e-08
 Reference value :  3.05933e-08
 Reference value :  3.06305e-08
 Reference value :  3.06671e-08
 Reference value :  3.07202e-08
 Reference value :  3.07846e-08
 Reference value :  3.08334e-08
 Reference value :  3.08647e-08
 Reference value :  3.08762e-08
 Reference value :  3.08883e-08
 Reference value :  3.08995e-08
 Reference value :  3.09075e-08
 Reference value :  3.09163e-08
 Reference value :  3.09592e-08
 Reference value :  3.09974e-08
 Reference value :  3.10325e-08
 Reference value :  3.10856e-08
 Reference value :  3.11375e-08
 Reference value :  3.11726e-08
 Reference value :  3.12661e-08
 Reference value :  3.12962e-08
 Reference value :  3.13728e-08
 Reference value :  3.13892e-08
 Reference value :  3.14087e-08
 Reference value :  3.14205e-08
 Reference value :  3.14315e-08
 Reference value :  3.14563e-08
 Reference value :  3.15064e-08
 Reference value :  3.15520e-08
 Reference value :  3.15871e-08
 Reference value :  3.16239e-08
 Reference value :  3.16769e-08
 Reference value :  3.17375e-08
 Reference value :  3.17850e-08
 Reference value :  3.18168e-08
 Reference value :  3.18287e-08
 Reference value :  3.18418e-08
 Reference value :  3.18529e-08
 Reference value :  3.18566e-08
 Reference value :  3.18695e-08
 Reference value :  3.19070e-08
 Reference value :  3.19477e-08
 Reference value :  3.20039e-08
 Reference value :  3.20864e-08
 Reference value :  3.21222e-08
 Reference value :  3.21850e-08
 Reference value :  3.22410e-08
 Reference value :  3.23020e-08
 Reference value :  3.23302e-08
 Reference value :  3.23492e-08
 Reference value :  3.23739e-08
 Reference value :  3.23920e-08
 Reference value :  3.24215e-08
 Reference value :  3.24561e-08
 Reference value :  3.25015e-08
 Reference value :  3.25397e-08
 Reference value :  3.25746e-08
 Reference value :  3.26245e-08
 Reference value :  3.26890e-08
 Reference value :  3.27390e-08
 Reference value :  3.27716e-08
 Reference value :  3.27837e-08
 Reference value :  3.28042e-08
 Reference value :  3.28122e-08
 Reference value :  3.28250e-08
 Reference value :  3.28629e-08
 Reference value :  3.29037e-08
 Reference value :  3.29395e-08
 Reference value :  3.30174e-08
 Reference value :  3.30623e-08
 Reference value :  3.30779e-08
 Reference value :  3.31405e-08
 Reference value :  3.31968e-08
 Reference value :  3.32862e-08
 Reference value :  3.33053e-08
 Reference value :  3.33248e-08
 Reference value :  3.33353e-08
 Reference value :  3.33651e-08
 Reference value :  3.34136e-08
 Reference value :  3.34591e-08
 Reference value :  3.34963e-08
 Reference value :  3.35582e-08
 Reference value :  3.36501e-08
 Reference value :  3.36744e-08
 Reference value :  3.37222e-08
 Reference value :  3.37364e-08
 Reference value :  3.37478e-08
 Reference value :  3.37605e-08
 Reference value :  3.37650e-08
 Reference value :  3.37730e-08
 Reference value :  3.37816e-08
 Reference value :  3.38458e-08
 Reference value :  3.38793e-08
 Reference value :  3.39221e-08
 Reference value :  3.40020e-08
 Reference value :  3.40372e-08
 Reference value :  3.40978e-08
 Reference value :  3.41592e-08
 Reference value :  3.42401e-08
 Reference value :  3.42570e-08
 Reference value :  3.42811e-08
 Reference value :  3.42908e-08
 Reference value :  3.43117e-08
 Reference value :  3.43492e-08
 Reference value :  3.44159e-08
 Reference value :  3.44363e-08
 Reference value :  3.44711e-08
 Reference value :  3.45418e-08
 Reference value :  3.46307e-08
 Reference value :  3.46776e-08
 Reference value :  3.46916e-08
 Reference value :  3.47086e-08
 Reference value :  3.47200e-08
 Reference value :  3.47320e-08
 Reference value :  3.47558e-08
 Reference value :  3.48165e-08
 Reference value :  3.48513e-08
 Reference value :  3.49551e-08
 Reference value :  3.49905e-08
 Reference value :  3.50286e-08
 Reference value :  3.50822e-08
 Reference value :  3.51438e-08
 Reference value :  3.51935e-08
 Reference value :  3.52103e-08
 Reference value :  3.52309e-08
 Reference value :  3.52425e-08
 Reference value :  3.52615e-08
 Reference value :  3.52922e-08
 Reference value :  3.53787e-08
 Reference value :  3.54146e-08
 Reference value :  3.55062e-08
 Reference value :  3.55626e-08
 Reference value :  3.56063e-08
 Reference value :  3.56394e-08
 Reference value :  3.56510e-08
 Reference value :  3.56625e-08
 Reference value :  3.56743e-08
 Reference value :  3.56826e-08
 Reference value :  3.56912e-08
 Reference value :  3.57292e-08
 Reference value :  3.57687e-08
 Reference value :  3.58041e-08
 Reference value :  3.58828e-08
 Reference value :  3.59279e-08
 Reference value :  3.59630e-08
 Reference value :  3.60353e-08
 Reference value :  3.60621e-08
 Reference value :  3.61231e-08
 Reference value :  3.61618e-08
 Reference value :  3.61807e-08
 Reference value :  3.61894e-08
 Reference value :  3.61997e-08
 Reference value :  3.62203e-08
 Reference value :  3.62744e-08
 Reference value :  3.63475e-08
 Reference value :  3.63838e-08
 Reference value :  3.64538e-08
 Reference value :  3.65425e-08
 Reference value :  3.65883e-08
 Reference value :  3.66022e-08
 Reference value :  3.66136e-08
 Reference value :  3.66258e-08
 Reference value :  3.66342e-08
 Reference value :  3.66424e-08
 Reference value :  3.66659e-08
 Reference value :  3.67258e-08
 Reference value :  3.67605e-08
 Reference value :  3.68088e-08
 Reference value :  3.68642e-08
 Reference value :  3.68998e-08
 Reference value :  3.69622e-08
 Reference value :  3.70186e-08
 Reference value :  3.70797e-08
 Reference value :  3.71068e-08
 Reference value :  3.71255e-08
 Reference value :  3.71448e-08
 Reference value :  3.71550e-08
 Reference value :  3.71750e-08
 Reference value :  3.72078e-08
 Reference value :  3.72472e-08
 Reference value :  3.72965e-08
 Reference value :  3.73317e-08
 Reference value :  3.73727e-08
 Reference value :  3.74657e-08
 Reference value :  3.75159e-08
 Reference value :  3.75487e-08
 Reference value :  3.75608e-08
 Reference value :  3.75736e-08
 Reference value :  3.75884e-08
 Reference value :  3.76073e-08
 Reference value :  3.76778e-08
 Reference value :  3.77126e-08
 Reference value :  3.77825e-08
 Reference value :  3.78527e-08
 Reference value :  3.79376e-08
 Reference value :  3.79903e-08
 Reference value :  3.80486e-08
 Reference value :  3.80707e-08
 Reference value :  3.80956e-08
 Reference value :  3.81069e-08
 Reference value :  3.81182e-08
 Reference value :  3.81419e-08
 Reference value :  3.81911e-08
 Reference value :  3.82368e-08
 Reference value :  3.82735e-08
 Reference value :  3.83353e-08
 Reference value :  3.84272e-08
 Reference value :  3.84761e-08
 Reference value :  3.84995e-08
 Reference value :  3.85076e-08
 Reference value :  3.85191e-08
 Reference value :  3.85379e-08
 Reference value :  3.85462e-08
 Reference value :  3.85546e-08
 Reference value :  3.86021e-08
 Reference value :  3.86401e-08
 Reference value :  3.87004e-08
 Reference value :  3.87803e-08
 Reference value :  3.87998e-08
 Reference value :  3.88154e-08
 Reference value :  3.88759e-08
 Reference value :  3.89387e-08
 Reference value :  3.90156e-08
 Reference value :  3.90321e-08
 Reference value :  3.90516e-08
 Reference value :  3.90634e-08
 Reference value :  3.90745e-08
 Reference value :  3.91119e-08
 Reference value :  3.91950e-08
 Reference value :  3.92146e-08
 Reference value :  3.92484e-08
 Reference value :  3.93200e-08
 Reference value :  3.93805e-08
 Reference value :  3.94278e-08
 Reference value :  3.94596e-08
 Reference value :  3.94716e-08
 Reference value :  3.94848e-08
 Reference value :  3.94958e-08
 Reference value :  3.95039e-08
 Reference value :  3.95184e-08
 Reference value :  3.95500e-08
 Reference value :  3.95907e-08
 Reference value :  3.96264e-08
 Reference value :  3.97046e-08
 Reference value :  3.97495e-08
 Reference value :  3.97846e-08
 Reference value :  3.98570e-08
 Reference value :  3.98840e-08
 Reference value :  3.99449e-08
 Reference value :  3.99732e-08
 Reference value :  3.99840e-08
 Reference value :  4.00117e-08
 Reference value :  4.00224e-08
 Reference value :  4.00646e-08
 Reference value :  4.01447e-08
 Reference value :  4.01828e-08
 Reference value :  4.02177e-08
 Reference value :  4.02674e-08
 Reference value :  4.03318e-08
 Reference value :  4.03556e-08
 Reference value :  4.03817e-08
 Reference value :  4.04144e-08
 Reference value :  4.04208e-08
 Reference value :  4.04265e-08
 Reference value :  4.04395e-08
 Reference value :  4.04505e-08
 Reference value :  4.04588e-08
 Reference value :  4.04732e-08
 Reference value :  4.05244e-08
 Reference value :  4.05444e-08
 Reference value :  4.05794e-08
 Reference value :  4.06525e-08
 Reference value :  4.07006e-08
 Reference value :  4.07353e-08
 Reference value :  4.08273e-08
 Reference value :  4.08860e-08
 Reference value :  4.09138e-08
 Reference value :  4.09360e-08
 Reference value :  4.09532e-08
 Reference value :  4.09685e-08
 Reference value :  4.09784e-08
 Reference value :  4.09994e-08
 Reference value :  4.10369e-08
 Reference value :  4.10801e-08
 Reference value :  4.11031e-08
 Reference value :  4.11392e-08
 Reference value :  4.11756e-08
 Reference value :  4.12560e-08
 Reference value :  4.13167e-08
 Reference value :  4.13647e-08
 Reference value :  4.13790e-08
 Reference value :  4.13962e-08
 Reference value :  4.14075e-08
 Reference value :  4.14155e-08
 Reference value :  4.14241e-08
 Reference value :  4.14664e-08
 Reference value :  4.15042e-08
 Reference value :  4.15389e-08
 Reference value :  4.16180e-08
 Reference value :  4.16626e-08
 Reference value :  4.17162e-08
 Reference value :  4.17983e-08
 Reference value :  4.18810e-08
 Reference value :  4.18979e-08
 Reference value :  4.19252e-08
 Reference value :  4.19412e-08
 Reference value :  4.19670e-08
 Reference value :  4.20169e-08
 Reference value :  4.20656e-08
 Reference value :  4.20851e-08
 Reference value :  4.21194e-08
 Reference value :  4.21921e-08
 Reference value :  4.22493e-08
 Reference value :  4.22933e-08
 Reference value :  4.23332e-08
 Reference value :  4.23451e-08
 Reference value :  4.23499e-08
 Reference value :  4.23617e-08
 Reference value :  4.23741e-08
 Reference value :  4.24169e-08
 Reference value :  4.24564e-08
 Reference value :  4.25393e-08
 Reference value :  4.25952e-08
 Reference value :  4.26153e-08
 Reference value :  4.26309e-08
 Reference value :  4.26936e-08
 Reference value :  4.27495e-08
 Reference value :  4.28105e-08
 Reference value :  4.28384e-08
 Reference value :  4.28573e-08
 Reference value :  4.28768e-08
 Reference value :  4.28871e-08
 Reference value :  4.29077e-08
 Reference value :  4.29418e-08
 Reference value :  4.30098e-08
 Reference value :  4.30711e-08
 Reference value :  4.31411e-08
 Reference value :  4.32297e-08
 Reference value :  4.32758e-08
 Reference value :  4.32898e-08
 Reference value :  4.33011e-08
 Reference value :  4.33065e-08
 Reference value :  4.33179e-08
 Reference value :  4.33299e-08
 Reference value :  4.33759e-08
 Reference value :  4.34136e-08
 Reference value :  4.34482e-08
 Reference value :  4.35271e-08
 Reference value :  4.35719e-08
 Reference value :  4.36068e-08
 Reference value :  4.36792e-08
 Reference value :  4.37064e-08
 Reference value :  4.37677e-08
 Reference value :  4.38047e-08
 Reference value :  4.38234e-08
 Reference value :  4.38374e-08
 Reference value :  4.38475e-08
 Reference value :  4.38805e-08
 Reference value :  4.39122e-08
 Reference value :  4.39800e-08
 Reference value :  4.40167e-08
 Reference value :  4.40836e-08
 Reference value :  4.41722e-08
 Reference value :  4.42204e-08
 Reference value :  4.42339e-08
 Reference value :  4.42465e-08
 Reference value :  4.42579e-08
 Reference value :  4.42756e-08
 Reference value :  4.42842e-08
 Reference value :  4.43180e-08
 Reference value :  4.43796e-08
 Reference value :  4.44423e-08
 Reference value :  4.45177e-08
 Reference value :  4.45366e-08
 Reference value :  4.45710e-08
 Reference value :  4.46436e-08
 Reference value :  4.46724e-08
 Reference value :  4.47322e-08
 Reference value :  4.47469e-08
 Reference value :  4.47559e-08
 Reference value :  4.47829e-08
 Reference value :  4.47948e-08
 Reference value :  4.48059e-08
 Reference value :  4.48307e-08
 Reference value :  4.48810e-08
 Reference value :  4.49261e-08
 Reference value :  4.49612e-08
 Reference value :  4.49978e-08
 Reference value :  4.50507e-08
 Reference value :  4.51396e-08
 Reference value :  4.51855e-08
 Reference value :  4.51994e-08
 Reference value :  4.52108e-08
 Reference value :  4.52229e-08
 Reference value :  4.52275e-08
 Reference value :  4.52356e-08
 Reference value :  4.52507e-08
 Reference value :  4.53050e-08
 Reference value :  4.53392e-08
 Reference value :  4.54051e-08
 Reference value :  4.54610e-08
 Reference value :  4.54967e-08
 Reference value :  4.55594e-08
 Reference value :  4.56152e-08
 Reference value :  4.56762e-08
 Reference value :  4.57147e-08
 Reference value :  4.57336e-08
 Reference value :  4.57475e-08
 Reference value :  4.57579e-08
 Reference value :  4.57805e-08
 Reference value :  4.58248e-08
 Reference value :  4.58947e-08
 Reference value :  4.59297e-08
 Reference value :  4.59983e-08
 Reference value :  4.60874e-08
 Reference value :  4.61134e-08
 Reference value :  4.61461e-08
 Reference value :  4.61525e-08
 Reference value :  4.61654e-08
 Reference value :  4.61821e-08
 Reference value :  4.61905e-08
 Reference value :  4.62049e-08
 Reference value :  4.62557e-08
 Reference value :  4.62759e-08
 Reference value :  4.63309e-08
 Reference value :  4.64131e-08
 Reference value :  4.64534e-08
 Reference value :  4.65197e-08
 Reference value :  4.65783e-08
 Reference value :  4.66596e-08
 Reference value :  4.66765e-08
 Reference value :  4.66942e-08
 Reference value :  4.67048e-08
 Reference value :  4.67161e-08
 Reference value :  4.67404e-08
 Reference value :  4.68129e-08
 Reference value :  4.68564e-08
 Reference value :  4.69090e-08
 Reference value :  4.69896e-08
 Reference value :  4.70458e-08
 Reference value :  4.70929e-08
 Reference value :  4.71083e-08
 Reference value :  4.71216e-08
 Reference value :  4.71340e-08
 Reference value :  4.71384e-08
 Reference value :  4.71464e-08
 Reference value :  4.71549e-08
 Reference value :  4.71957e-08
 Reference value :  4.72352e-08
 Reference value :  4.72920e-08
 Reference value :  4.73737e-08
 Reference value :  4.73936e-08
 Reference value :  4.74092e-08
 Reference value :  4.74710e-08
 Reference value :  4.75291e-08
 Reference value :  4.76129e-08
 Reference value :  4.76226e-08
 Reference value :  4.76413e-08
 Reference value :  4.76505e-08
 Reference value :  4.76618e-08
 Reference value :  4.76806e-08
 Reference value :  4.77111e-08
 Reference value :  4.77761e-08
 Reference value :  4.78179e-08
 Reference value :  4.78345e-08
 Reference value :  4.78977e-08
 Reference value :  4.79839e-08
 Reference value :  4.80051e-08
 Reference value :  4.80506e-08
 Reference value :  4.80653e-08
 Reference value :  4.80771e-08
 Reference value :  4.80882e-08
 Reference value :  4.80966e-08
 Reference value :  4.81103e-08
 Reference value :  4.81460e-08
 Reference value :  4.81859e-08
 Reference value :  4.82404e-08
 Reference value :  4.82917e-08
 Reference value :  4.83438e-08
 Reference value :  4.83804e-08
 Reference value :  4.84509e-08
 Reference value :  4.85048e-08
 Reference value :  4.85619e-08
 Reference value :  4.85815e-08
 Reference value :  4.86074e-08
 Reference value :  4.86178e-08
 Reference value :  4.86367e-08
 Reference value :  4.86685e-08
 Reference value :  4.87058e-08
 Reference value :  4.87545e-08
 Reference value :  4.87911e-08
 Reference value :  4.88295e-08
 Reference value :  4.88871e-08
 Reference value :  4.89429e-08
 Reference value :  4.89868e-08
 Reference value :  4.90180e-08
 Reference value :  4.90237e-08
 Reference value :  4.90366e-08
 Reference value :  4.90478e-08
 Reference value :  4.90606e-08
 Reference value :  4.90814e-08
 Reference value :  4.91224e-08
 Reference value :  4.91420e-08
 Reference value :  4.91774e-08
 Reference value :  4.92566e-08
 Reference value :  4.92824e-08
 Reference value :  4.93185e-08
 Reference value :  4.94107e-08
 Reference value :  4.94383e-08
 Reference value :  4.95224e-08
 Reference value :  4.95327e-08
 Reference value :  4.95513e-08
 Reference value :  4.95662e-08
 Reference value :  4.95765e-08
 Reference value :  4.95970e-08
 Reference value :  4.96384e-08
 Reference value :  4.97067e-08
 Reference value :  4.97429e-08
 Reference value :  4.98057e-08
 Reference value :  4.98640e-08
 Reference value :  4.99123e-08
 Reference value :  4.99589e-08
 Reference value :  4.99742e-08
 Reference value :  4.99911e-08
 Reference value :  5.00028e-08
 Reference value :  5.00152e-08
 Reference value :  5.00586e-08
 Reference value :  5.00987e-08
 Reference value :  5.01342e-08
 Reference value :  5.02123e-08
 Reference value :  5.02572e-08
 Reference value :  5.02919e-08
 Reference value :  5.03645e-08
 Reference value :  5.03921e-08
 Reference value :  5.04764e-08
 Reference value :  5.04860e-08
 Reference value :  5.05155e-08
 Reference value :  5.05272e-08
 Reference value :  5.05471e-08
 Reference value :  5.05792e-08
 Reference value :  5.06172e-08
 Reference value :  5.06659e-08
 Reference value :  5.07028e-08
 Reference value :  5.07993e-08
 Reference value :  5.08604e-08
 Reference value :  5.08849e-08
 Reference value :  5.09209e-08
 Reference value :  5.09330e-08
 Reference value :  5.09456e-08
 Reference value :  5.09567e-08
 Reference value :  5.09605e-08
 Reference value :  5.09687e-08
 Reference value :  5.09876e-08
 Reference value :  5.10473e-08
 Reference value :  5.10827e-08
 Reference value :  5.11498e-08
 Reference value :  5.12023e-08
 Reference value :  5.12377e-08
 Reference value :  5.12999e-08
 Reference value :  5.13287e-08
 Reference value :  5.13576e-08
 Reference value :  5.14175e-08
 Reference value :  5.14413e-08
 Reference value :  5.14591e-08
 Reference value :  5.14757e-08
 Reference value :  5.14856e-08
 Reference value :  5.15161e-08
 Reference value :  5.15663e-08
 Reference value :  5.16316e-08
 Reference value :  5.16841e-08
 Reference value :  5.17650e-08
 Reference value :  5.18196e-08
 Reference value :  5.18663e-08
 Reference value :  5.18820e-08
 Reference value :  5.18948e-08
 Reference value :  5.19071e-08
 Reference value :  5.19154e-08
 Reference value :  5.19290e-08
 Reference value :  5.20050e-08
 Reference value :  5.20398e-08
 Reference value :  5.20850e-08
 Reference value :  5.21402e-08
 Reference value :  5.21630e-08
 Reference value :  5.21997e-08
 Reference value :  5.22704e-08
 Reference value :  5.23248e-08
 Reference value :  5.23830e-08
 Reference value :  5.24028e-08
 Reference value :  5.24217e-08
 Reference value :  5.24348e-08
 Reference value :  5.24527e-08
 Reference value :  5.24832e-08
 Reference value :  5.25441e-08
 Reference value :  5.25862e-08
 Reference value :  5.26019e-08
 Reference value :  5.26388e-08
 Reference value :  5.26922e-08
 Reference value :  5.27513e-08
 Reference value :  5.27741e-08
 Reference value :  5.27983e-08
 Reference value :  5.28210e-08
 Reference value :  5.28367e-08
 Reference value :  5.28494e-08
 Reference value :  5.28616e-08
 Reference value :  5.28662e-08
 Reference value :  5.28742e-08
 Reference value :  5.56987e-08
 Reference value :  5.85319e-08
 Reference value :  6.21896e-08
 Reference value :  6.45332e-08
 Reference value :  6.72936e-08
 Reference value :  7.01623e-08
 Reference value :  7.30567e-08
 Reference value :  7.38206e-08
 Reference value :  7.38361e-08
 Reference value :  7.38496e-08
 Reference value :  7.38619e-08
 Reference value :  7.38663e-08
 Reference value :  7.38700e-08
 Reference value :  7.38783e-08
 Reference value :  7.39011e-08
 Reference value :  7.39434e-08
 Reference value :  7.39621e-08
 Reference value :  7.39979e-08
 Reference value :  7.40757e-08
 Reference value :  7.41005e-08
 Reference value :  7.41361e-08
 Reference value :  7.41750e-08
 Reference value :  7.42555e-08
 Reference value :  7.43194e-08
 Reference value :  7.43401e-08
 Reference value :  7.43573e-08
 Reference value :  7.43781e-08
 Reference value :  7.43896e-08
 Reference value :  7.44164e-08
 Reference value :  7.44573e-08
 Reference value :  7.45241e-08
 Reference value :  7.45597e-08
 Reference value :  7.46217e-08
 Reference value :  7.46781e-08
 Reference value :  7.47295e-08
 Reference value :  7.47776e-08
 Reference value :  7.47930e-08
 Reference value :  7.48092e-08
 Reference value :  7.48199e-08
 Reference value :  7.48279e-08
 Reference value :  7.48526e-08
 Reference value :  7.49113e-08
 Reference value :  7.49652e-08
 Reference value :  7.50131e-08
 Reference value :  7.50651e-08
 Reference value :  7.51003e-08
 Reference value :  7.51908e-08
 Reference value :  7.52795e-08
 Reference value :  7.52945e-08
 Reference value :  7.53037e-08
 Reference value :  7.53310e-08
 Reference value :  7.53428e-08
 Reference value :  7.53605e-08
 Reference value :  7.54089e-08
 Reference value :  7.54760e-08
 Reference value :  7.55118e-08
 Reference value :  7.55734e-08
 Reference value :  7.56004e-08
 Reference value :  7.56602e-08
 Reference value :  7.57062e-08
 Reference value :  7.57291e-08
 Reference value :  7.57446e-08
 Reference value :  7.57639e-08
 Reference value :  7.57748e-08
 Reference value :  7.57868e-08
 Reference value :  7.58096e-08
 Reference value :  7.58519e-08
 Reference value :  7.58878e-08
 Reference value :  7.59274e-08
 Reference value :  7.60090e-08
 Reference value :  7.60446e-08
 Reference value :  7.60835e-08
 Reference value :  7.61641e-08
 Reference value :  7.62486e-08
 Reference value :  7.62658e-08
 Reference value :  7.62935e-08
 Reference value :  7.63095e-08
 Reference value :  7.63478e-08
 Reference value :  7.64107e-08
 Reference value :  7.64521e-08
 Reference value :  7.64862e-08
 Reference value :  7.65302e-08
 Reference value :  7.65574e-08
 Reference value :  7.66160e-08
 Reference value :  7.66609e-08
 Reference value :  7.66953e-08
 Reference value :  7.67015e-08
 Reference value :  7.67131e-08
 Reference value :  7.67238e-08
 Reference value :  7.67322e-08
 Reference value :  7.67453e-08
 Reference value :  7.67792e-08
 Reference value :  7.68198e-08
 Reference value :  7.68541e-08
 Reference value :  7.69216e-08
 Reference value :  7.69736e-08
 Reference value :  7.70088e-08
 Reference value :  7.70711e-08
 Reference value :  7.71284e-08
 Reference value :  7.72031e-08
 Reference value :  7.72123e-08
 Reference value :  7.72395e-08
 Reference value :  7.72513e-08
 Reference value :  7.72690e-08
 Reference value :  7.72992e-08
 Reference value :  7.73617e-08
 Reference value :  7.73845e-08
 Reference value :  7.74043e-08
 Reference value :  7.74384e-08
 Reference value :  7.75089e-08
 Reference value :  7.75687e-08
 Reference value :  7.76147e-08
 Reference value :  7.76468e-08
 Reference value :  7.76588e-08
 Reference value :  7.76789e-08
 Reference value :  7.76870e-08
 Reference value :  7.76953e-08
 Reference value :  7.77059e-08
 Reference value :  7.77604e-08
 Reference value :  7.77963e-08
 Reference value :  7.78633e-08
 Reference value :  7.79175e-08
 Reference value :  7.79531e-08
 Reference value :  7.80153e-08
 Reference value :  7.80726e-08
 Reference value :  7.81571e-08
 Reference value :  7.81743e-08
 Reference value :  7.81952e-08
 Reference value :  7.82066e-08
 Reference value :  7.82256e-08
 Reference value :  7.82563e-08
 Reference value :  7.82929e-08
 Reference value :  7.83411e-08
 Reference value :  7.83767e-08
 Reference value :  7.84388e-08
 Reference value :  7.84659e-08
 Reference value :  7.85245e-08
 Reference value :  7.85466e-08
 Reference value :  7.85695e-08
 Reference value :  7.86038e-08
 Reference value :  7.86100e-08
 Reference value :  7.86216e-08
 Reference value :  7.86323e-08
 Reference value :  7.86370e-08
 Reference value :  7.86450e-08
 Reference value :  7.86591e-08
 Reference value :  7.87084e-08
 Reference value :  7.87447e-08
 Reference value :  7.88067e-08
 Reference value :  7.88576e-08
 Reference value :  7.89011e-08
 Reference value :  7.89352e-08
 Reference value :  7.90078e-08
 Reference value :  7.90965e-08
 Reference value :  7.91208e-08
 Reference value :  7.91388e-08
 Reference value :  7.91552e-08
 Reference value :  7.91652e-08
 Reference value :  7.91955e-08
 Reference value :  7.92702e-08
 Reference value :  7.92930e-08
 Reference value :  7.93129e-08
 Reference value :  7.93469e-08
 Reference value :  7.93905e-08
 Reference value :  7.94175e-08
 Reference value :  7.94772e-08
 Reference value :  7.95232e-08
 Reference value :  7.95461e-08
 Reference value :  7.95616e-08
 Reference value :  7.95751e-08
 Reference value :  7.95875e-08
 Reference value :  7.95955e-08
 Reference value :  7.96038e-08
 Reference value :  7.96266e-08
 Reference value :  7.96689e-08
 Reference value :  7.96877e-08
 Reference value :  7.97234e-08
 Reference value :  7.98013e-08
 Reference value :  7.98461e-08
 Reference value :  7.98809e-08
 Reference value :  7.99534e-08
 Reference value :  8.00450e-08
 Reference value :  8.00753e-08
 Reference value :  8.00942e-08
 Reference value :  8.01105e-08
 Reference value :  8.01266e-08
 Reference value :  8.01648e-08
 Reference value :  8.01828e-08
 Reference value :  8.02277e-08
 Reference value :  8.02691e-08
 Reference value :  8.03032e-08
 Reference value :  8.03744e-08
 Reference value :  8.04331e-08
 Reference value :  8.04780e-08
 Reference value :  8.05123e-08
 Reference value :  8.05238e-08
 Reference value :  8.05347e-08
 Reference value :  8.05455e-08
 Reference value :  8.05535e-08
 Reference value :  8.05676e-08
 Reference value :  8.06169e-08
 Reference value :  8.06532e-08
 Reference value :  8.06907e-08
 Reference value :  8.07387e-08
 Reference value :  8.07906e-08
 Reference value :  8.08258e-08
 Reference value :  8.08881e-08
 Reference value :  8.09454e-08
 Reference value :  8.10201e-08
 Reference value :  8.10293e-08
 Reference value :  8.10565e-08
 Reference value :  8.10683e-08
 Reference value :  8.10794e-08
 Reference value :  8.11040e-08
 Reference value :  8.11787e-08
 Reference value :  8.12214e-08
 Reference value :  8.12373e-08
 Reference value :  8.12746e-08
 Reference value :  8.13260e-08
 Reference value :  8.13858e-08
 Reference value :  8.14318e-08
 Reference value :  8.14546e-08
 Reference value :  8.14701e-08
 Reference value :  8.14894e-08
 Reference value :  8.15004e-08
 Reference value :  8.15083e-08
 Reference value :  8.15168e-08
 Reference value :  8.15555e-08
 Reference value :  8.15962e-08
 Reference value :  8.16319e-08
 Reference value :  8.17098e-08
 Reference value :  8.17546e-08
 Reference value :  8.17702e-08
 Reference value :  8.18324e-08
 Reference value :  8.18896e-08
 Reference value :  8.19742e-08
 Reference value :  8.19838e-08
 Reference value :  8.20122e-08
 Reference value :  8.20191e-08
 Reference value :  8.20296e-08
 Reference value :  8.20505e-08
 Reference value :  8.20914e-08
 Reference value :  8.21362e-08
 Reference value :  8.21776e-08
 Reference value :  8.22309e-08
 Reference value :  8.23121e-08
 Reference value :  8.23636e-08
 Reference value :  8.24208e-08
 Reference value :  8.24323e-08
 Reference value :  8.24493e-08
 Reference value :  8.24578e-08
 Reference value :  8.24664e-08
 Reference value :  8.25048e-08
 Reference value :  8.25454e-08
 Reference value :  8.25797e-08
 Reference value :  8.26472e-08
 Reference value :  8.26991e-08
 Reference value :  8.27181e-08
 Reference value :  8.27522e-08
 Reference value :  8.28249e-08
 Reference value :  8.28540e-08
 Reference value :  8.29135e-08
 Reference value :  8.29378e-08
 Reference value :  8.29650e-08
 Reference value :  8.29768e-08
 Reference value :  8.29946e-08
 Reference value :  8.30247e-08
 Reference value :  8.31101e-08
 Reference value :  8.31458e-08
 Reference value :  8.31832e-08
 Reference value :  8.32345e-08
 Reference value :  8.32943e-08
 Reference value :  8.33403e-08
 Reference value :  8.33723e-08
 Reference value :  8.33843e-08
 Reference value :  8.33979e-08
 Reference value :  8.34089e-08
 Reference value :  8.34209e-08
 Reference value :  8.34640e-08
 Reference value :  8.35047e-08
 Reference value :  8.35615e-08
 Reference value :  8.36431e-08
 Reference value :  8.36787e-08
 Reference value :  8.37409e-08
 Reference value :  8.37981e-08
 Reference value :  8.38827e-08
 Reference value :  8.38999e-08
 Reference value :  8.39207e-08
 Reference value :  8.39322e-08
 Reference value :  8.39590e-08
 Reference value :  8.39999e-08
 Reference value :  8.40667e-08
 Reference value :  8.41023e-08
 Reference value :  8.41394e-08
 Reference value :  8.41914e-08
 Reference value :  8.42501e-08
 Reference value :  8.42721e-08
 Reference value :  8.42950e-08
 Reference value :  8.43356e-08
 Reference value :  8.43472e-08
 Reference value :  8.43625e-08
 Reference value :  8.43705e-08
 Reference value :  8.43846e-08
 Reference value :  8.44339e-08
 Reference value :  8.44702e-08
 Reference value :  8.45323e-08
 Reference value :  8.45831e-08
 Reference value :  8.46077e-08
 Reference value :  8.46266e-08
 Reference value :  8.46800e-08
 Reference value :  8.47334e-08
 Reference value :  8.47939e-08
 Reference value :  8.48371e-08
 Reference value :  8.48463e-08
 Reference value :  8.48643e-08
 Reference value :  8.48735e-08
 Reference value :  8.48807e-08
 Reference value :  8.48908e-08
 Reference value :  8.49210e-08
 Reference value :  8.49957e-08
 Reference value :  8.50384e-08
 Reference value :  8.50543e-08
 Reference value :  8.50917e-08
 Reference value :  8.51430e-08
 Reference value :  8.52028e-08
 Reference value :  8.52253e-08
 Reference value :  8.52488e-08
 Reference value :  8.52808e-08
 Reference value :  8.52928e-08
 Reference value :  8.53064e-08
 Reference value :  8.53174e-08
 Reference value :  8.53253e-08
 Reference value :  8.53338e-08
 Reference value :  8.53725e-08
 Reference value :  8.54132e-08
 Reference value :  8.54490e-08
 Reference value :  8.55268e-08
 Reference value :  8.55716e-08
 Reference value :  8.55872e-08
 Reference value :  8.56494e-08
 Reference value :  8.57066e-08
 Reference value :  8.57705e-08
 Reference value :  8.57912e-08
 Reference value :  8.58084e-08
 Reference value :  8.58292e-08
 Reference value :  8.58361e-08
 Reference value :  8.58407e-08
 Reference value :  8.58596e-08
 Reference value :  8.58903e-08
 Reference value :  8.59270e-08
 Reference value :  8.59752e-08
 Reference value :  8.60108e-08
 Reference value :  8.60728e-08
 Reference value :  8.61000e-08
 Reference value :  8.61586e-08
 Reference value :  8.61806e-08
 Reference value :  8.62287e-08
 Reference value :  8.62441e-08
 Reference value :  8.62557e-08
 Reference value :  8.62664e-08
 Reference value :  8.62748e-08
 Reference value :  8.62834e-08
 Reference value :  8.63218e-08
 Reference value :  8.63624e-08
 Reference value :  8.64163e-08
 Reference value :  8.64916e-08
 Reference value :  8.65162e-08
 Reference value :  8.65514e-08
 Reference value :  8.66419e-08
 Reference value :  8.67025e-08
 Reference value :  8.67456e-08
 Reference value :  8.67622e-08
 Reference value :  8.67821e-08
 Reference value :  8.67939e-08
 Reference value :  8.68050e-08
 Reference value :  8.68418e-08
 Reference value :  8.69271e-08
 Reference value :  8.69628e-08
 Reference value :  8.70002e-08
 Reference value :  8.70515e-08
 Reference value :  8.71113e-08
 Reference value :  8.71338e-08
 Reference value :  8.71802e-08
 Reference value :  8.71957e-08
 Reference value :  8.72150e-08
 Reference value :  8.72259e-08
 Reference value :  8.72339e-08
 Reference value :  8.72485e-08
 Reference value :  8.73030e-08
 Reference value :  8.73389e-08
 Reference value :  8.73785e-08
 Reference value :  8.74601e-08
 Reference value :  8.74957e-08
 Reference value :  8.75579e-08
 Reference value :  8.76151e-08
 Reference value :  8.76997e-08
 Reference value :  8.77093e-08
 Reference value :  8.77283e-08
 Reference value :  8.77377e-08
 Reference value :  8.77446e-08
 Reference value :  8.77492e-08
 Reference value :  8.77681e-08
 Reference value :  8.77989e-08
 Reference value :  8.78355e-08
 Reference value :  8.78837e-08
 Reference value :  8.79193e-08
 Reference value :  8.79565e-08
 Reference value :  8.80085e-08
 Reference value :  8.80671e-08
 Reference value :  8.81120e-08
 Reference value :  8.81463e-08
 Reference value :  8.81526e-08
 Reference value :  8.81642e-08
 Reference value :  8.81749e-08
 Reference value :  8.81833e-08
 Reference value :  8.81964e-08
 Reference value :  8.82303e-08
 Reference value :  8.82709e-08
 Reference value :  8.83248e-08
 Reference value :  8.84001e-08
 Reference value :  8.84436e-08
 Reference value :  8.85222e-08
 Reference value :  8.85504e-08
 Reference value :  8.86110e-08
 Reference value :  8.86391e-08
 Reference value :  8.86633e-08
 Reference value :  8.86906e-08
 Reference value :  8.87024e-08
 Reference value :  8.87135e-08
 Reference value :  8.87503e-08
 Reference value :  8.88128e-08
 Reference value :  8.88554e-08
 Reference value :  8.88713e-08
 Reference value :  8.89087e-08
 Reference value :  8.89600e-08
 Reference value :  8.90423e-08
 Reference value :  8.90887e-08
 Reference value :  8.91042e-08
 Reference value :  8.91177e-08
 Reference value :  8.91300e-08
 Reference value :  8.91344e-08
 Reference value :  8.91464e-08
 Reference value :  8.91692e-08
 Reference value :  8.91896e-08
 Reference value :  8.92302e-08
 Reference value :  8.92660e-08
 Reference value :  8.93438e-08
 Reference value :  8.93886e-08
 Reference value :  8.94234e-08
 Reference value :  8.94959e-08
 Reference value :  8.95573e-08
 Reference value :  8.96082e-08
 Reference value :  8.96178e-08
 Reference value :  8.96368e-08
 Reference value :  8.96462e-08
 Reference value :  8.96531e-08
 Reference value :  8.96577e-08
 Reference value :  8.96766e-08
 Reference value :  8.97074e-08
 Reference value :  8.97254e-08
 Reference value :  8.97922e-08
 Reference value :  8.98278e-08
 Reference value :  8.98650e-08
 Reference value :  8.99170e-08
 Reference value :  8.99756e-08
 Reference value :  8.99976e-08
 Reference value :  9.00205e-08
 Reference value :  9.00549e-08
 Reference value :  9.00663e-08
 Reference value :  9.00773e-08
 Reference value :  9.00880e-08
 Reference value :  9.00960e-08
 Reference value :  9.01102e-08
 Reference value :  9.01595e-08
 Reference value :  9.01958e-08
 Reference value :  9.02333e-08
 Reference value :  9.02812e-08
 Reference value :  9.03332e-08
 Reference value :  9.03521e-08
 Reference value :  9.03862e-08
 Reference value :  9.04589e-08
 Reference value :  9.04880e-08
 Reference value :  9.05476e-08
 Reference value :  9.05626e-08
 Reference value :  9.05718e-08
 Reference value :  9.05898e-08
 Reference value :  9.06063e-08
 Reference value :  9.06109e-08
 Reference value :  9.06286e-08
 Reference value :  9.06770e-08
 Reference value :  9.07441e-08
 Reference value :  9.07639e-08
 Reference value :  9.07980e-08
 Reference value :  9.08415e-08
 Reference value :  9.09283e-08
 Reference value :  9.09508e-08
 Reference value :  9.09972e-08
 Reference value :  9.10127e-08
 Reference value :  9.10262e-08
 Reference value :  9.10429e-08
 Reference value :  9.10509e-08
 Reference value :  9.10594e-08
 Reference value :  9.10981e-08
 Reference value :  9.11387e-08
 Reference value :  9.11955e-08
 Reference value :  9.12771e-08
 Reference value :  9.13127e-08
 Reference value :  9.13749e-08
 Reference value :  9.14322e-08
 Reference value :  9.15167e-08
 Reference value :  9.15339e-08
 Reference value :  9.15548e-08
 Reference value :  9.15616e-08
 Reference value :  9.15662e-08
 Reference value :  9.15852e-08
 Reference value :  9.16159e-08
 Reference value :  9.16525e-08
 Reference value :  9.17007e-08
 Reference value :  9.17363e-08
 Reference value :  9.17735e-08
 Reference value :  9.18255e-08
 Reference value :  9.18841e-08
 Reference value :  9.19290e-08
 Reference value :  9.19634e-08
 Reference value :  9.19749e-08
 Reference value :  9.19858e-08
 Reference value :  9.19965e-08
 Reference value :  9.20045e-08
 Reference value :  9.20473e-08
 Reference value :  9.20879e-08
 Reference value :  9.21418e-08
 Reference value :  9.21897e-08
 Reference value :  9.22417e-08
 Reference value :  9.22769e-08
 Reference value :  9.23392e-08
 Reference value :  9.23674e-08
 Reference value :  9.23965e-08
 Reference value :  9.24561e-08
 Reference value :  9.24804e-08
 Reference value :  9.25076e-08
 Reference value :  9.25194e-08
 Reference value :  9.25305e-08
 Reference value :  9.25551e-08
 Reference value :  9.26298e-08
 Reference value :  9.26526e-08
 Reference value :  9.26884e-08
 Reference value :  9.27257e-08
 Reference value :  9.27771e-08
 Reference value :  9.28368e-08
 Reference value :  9.28828e-08
 Reference value :  9.29149e-08
 Reference value :  9.29269e-08
 Reference value :  9.29470e-08
 Reference value :  9.29514e-08
 Reference value :  9.29594e-08
 Reference value :  9.29679e-08
 Reference value :  9.30066e-08
 Reference value :  9.30473e-08
 Reference value :  9.30830e-08
 Reference value :  9.31609e-08
 Reference value :  9.32056e-08
 Reference value :  9.32212e-08
 Reference value :  9.32834e-08
 Reference value :  9.33407e-08
 Reference value :  9.34252e-08
 Reference value :  9.34349e-08
 Reference value :  9.34538e-08
 Reference value :  9.34633e-08
 Reference value :  9.34747e-08
 Reference value :  9.34937e-08
 Reference value :  9.35424e-08
 Reference value :  9.36092e-08
 Reference value :  9.36448e-08
 Reference value :  9.37069e-08
 Reference value :  9.37340e-08
 Reference value :  9.37926e-08
 Reference value :  9.38147e-08
 Reference value :  9.38628e-08
 Reference value :  9.38781e-08
 Reference value :  9.38897e-08
 Reference value :  9.38943e-08
 Reference value :  9.39051e-08
 Reference value :  9.39131e-08
 Reference value :  9.39272e-08
 Reference value :  9.39765e-08
 Reference value :  9.40128e-08
 Reference value :  9.40503e-08
 Reference value :  9.40982e-08
 Reference value :  9.41502e-08
 Reference value :  9.41854e-08
 Reference value :  9.42477e-08
 Reference value :  9.43050e-08
 Reference value :  9.43646e-08
 Reference value :  9.43797e-08
 Reference value :  9.43889e-08
 Reference value :  9.44069e-08
 Reference value :  9.44233e-08
 Reference value :  9.44279e-08
 Reference value :  9.44456e-08
 Reference value :  9.44758e-08
 Reference value :  9.45383e-08
 Reference value :  9.45611e-08
 Reference value :  9.45969e-08
 Reference value :  9.46586e-08
 Reference value :  9.47142e-08
 Reference value :  9.47453e-08
 Reference value :  9.47679e-08
 Reference value :  9.47913e-08
 Reference value :  9.48142e-08
 Reference value :  9.48297e-08
 Reference value :  9.48490e-08
 Reference value :  9.48599e-08
 Reference value :  9.48636e-08
 Reference value :  9.48719e-08
 Reference value :  9.48947e-08
 Reference value :  9.49558e-08
 Reference value :  9.50125e-08
 Reference value :  9.50941e-08
 Reference value :  9.51298e-08
 Reference value :  9.51919e-08
 Reference value :  9.52492e-08
 Reference value :  9.53338e-08
 Reference value :  9.53434e-08
 Reference value :  9.53623e-08
 Reference value :  9.53786e-08
 Reference value :  9.53833e-08
 Reference value :  9.54206e-08
 Reference value :  9.54695e-08
 Reference value :  9.55177e-08
 Reference value :  9.55533e-08
 Reference value :  9.56154e-08
 Reference value :  9.57012e-08
 Reference value :  9.57232e-08
 Reference value :  9.57713e-08
 Reference value :  9.57866e-08
 Reference value :  9.57982e-08
 Reference value :  9.58089e-08
 Reference value :  9.58136e-08
 Reference value :  9.58216e-08
 Reference value :  9.58357e-08
 Reference value :  9.58850e-08
 Reference value :  9.59213e-08
 Reference value :  9.60068e-08
 Reference value :  9.60587e-08
 Reference value :  9.60939e-08
 Reference value :  9.61844e-08
 Reference value :  9.62450e-08
 Reference value :  9.62882e-08
 Reference value :  9.63048e-08
 Reference value :  9.63318e-08
 Reference value :  9.63364e-08
 Reference value :  9.63475e-08
 Reference value :  9.63721e-08
 Reference value :  9.64216e-08
 Reference value :  9.64895e-08
 Reference value :  9.65235e-08
 Reference value :  9.65941e-08
 Reference value :  9.66539e-08
 Reference value :  9.66999e-08
 Reference value :  9.67319e-08
 Reference value :  9.67439e-08
 Reference value :  9.67641e-08
 Reference value :  9.67685e-08
 Reference value :  9.67721e-08
 Reference value :  9.67804e-08
 Reference value :  9.68033e-08
 Reference value :  9.68455e-08
 Reference value :  9.68814e-08
 Reference value :  9.69779e-08
 Reference value :  9.70227e-08
 Reference value :  9.70383e-08
 Reference value :  9.71005e-08
 Reference value :  9.71577e-08
 Reference value :  9.72423e-08
 Reference value :  9.72519e-08
 Reference value :  9.72708e-08
 Reference value :  9.72872e-08
 Reference value :  9.72918e-08
 Reference value :  9.73186e-08
 Reference value :  9.73595e-08
 Reference value :  9.74263e-08
 Reference value :  9.74619e-08
 Reference value :  9.75239e-08
 Reference value :  9.75510e-08
 Reference value :  9.76097e-08
 Reference value :  9.76317e-08
 Reference value :  9.76798e-08
 Reference value :  9.76952e-08
 Reference value :  9.77068e-08
 Reference value :  9.77174e-08
 Reference value :  9.77259e-08
 Reference value :  9.77301e-08
 Reference value :  9.77442e-08
 Reference value :  9.77935e-08
 Reference value :  9.78298e-08
 Reference value :  9.78918e-08
 Reference value :  9.79672e-08
 Reference value :  9.80024e-08
 Reference value :  9.80647e-08
 Reference value :  9.80930e-08
 Reference value :  9.81221e-08
 Reference value :  9.81816e-08
 Reference value :  9.81967e-08
 Reference value :  9.82133e-08
 Reference value :  9.82403e-08
 Reference value :  9.82504e-08
 Reference value :  9.82806e-08
 Reference value :  9.83553e-08
 Reference value :  9.83782e-08
 Reference value :  9.83980e-08
 Reference value :  9.84321e-08
 Reference value :  9.84756e-08
 Reference value :  9.85026e-08
 Reference value :  9.85624e-08
 Reference value :  9.86084e-08
 Reference value :  9.86312e-08
 Reference value :  9.86468e-08
 Reference value :  9.86602e-08
 Reference value :  9.86726e-08
 Reference value :  9.86770e-08
 Reference value :  9.86849e-08
 Reference value :  9.86934e-08
 Reference value :  9.87321e-08
 Reference value :  9.87728e-08
 Reference value :  9.88085e-08
 Reference value :  9.88864e-08
 Reference value :  9.89312e-08
 Reference value :  9.89660e-08
 Reference value :  9.90385e-08
 Reference value :  9.91301e-08
 Reference value :  9.91604e-08
 Reference value :  9.91793e-08
 Reference value :  9.91957e-08
 Reference value :  9.92062e-08
 Reference value :  9.92376e-08
 Reference value :  9.92680e-08
 Reference value :  9.93348e-08
 Reference value :  9.93542e-08
 Reference value :  9.93883e-08
 Reference value :  9.94324e-08
 Reference value :  9.94596e-08
 Reference value :  9.95182e-08
 Reference value :  9.95402e-08
 Reference value :  9.95883e-08
 Reference value :  9.96037e-08
 Reference value :  9.96198e-08
 Reference value :  9.96306e-08
 Reference value :  9.96386e-08
 Reference value :  9.96527e-08
 Reference value :  9.97020e-08
 Reference value :  9.97383e-08
 Reference value :  9.98004e-08
 Reference value :  9.98512e-08
 Reference value :  9.98758e-08
 Reference value :  9.99110e-08
 Reference value :  1.00001e-07
 Reference value :  1.00062e-07
 Reference value :  1.00105e-07
 Reference value :  1.00114e-07
 Reference value :  1.00132e-07
 Reference value :  1.00149e-07
 Reference value :  1.00159e-07
 Reference value :  1.00201e-07
 Reference value :  1.00287e-07
 Reference value :  1.00322e-07
 Reference value :  1.00384e-07
 Reference value :  1.00471e-07
 Reference value :  1.00517e-07
 Reference value :  1.00540e-07
 Reference value :  1.00555e-07
 Reference value :  1.00575e-07
 Reference value :  1.00585e-07
 Reference value :  1.00593e-07
 Reference value :  1.00602e-07
 Reference value :  1.00641e-07
 Reference value :  1.00681e-07
 Reference value :  1.00717e-07
 Reference value :  1.00795e-07
 Reference value :  1.00840e-07
 Reference value :  1.00855e-07
 Reference value :  1.00917e-07
 Reference value :  1.00975e-07
 Reference value :  1.01039e-07
 Reference value :  1.01059e-07
 Reference value :  1.01076e-07
 Reference value :  1.01104e-07
 Reference value :  1.01115e-07
 Reference value :  1.01136e-07
 Reference value :  1.01176e-07
 Reference value :  1.01243e-07
 Reference value :  1.01279e-07
 Reference value :  1.01316e-07
 Reference value :  1.01368e-07
 Reference value :  1.01427e-07
 Reference value :  1.01472e-07
 Reference value :  1.01506e-07
 Reference value :  1.01517e-07
 Reference value :  1.01528e-07
 Reference value :  1.01539e-07
 Reference value :  1.01543e-07
 Reference value :  1.01552e-07
 Reference value :  1.01590e-07
 Reference value :  1.01630e-07
 Reference value :  1.01665e-07
 Reference value :  1.01709e-07
 Reference value :  1.01732e-07
 Reference value :  1.01784e-07
 Reference value :  1.01819e-07
 Reference value :  1.01857e-07
 Reference value :  1.01910e-07
 Reference value :  1.01939e-07
 Reference value :  1.01999e-07
 Reference value :  1.02023e-07
 Reference value :  1.02041e-07
 Reference value :  1.02057e-07
 Reference value :  1.02067e-07
 Reference value :  1.02098e-07
 Reference value :  1.02195e-07
 Reference value :  1.02231e-07
 Reference value :  1.02293e-07
 Reference value :  1.02348e-07
 Reference value :  1.02379e-07
 Reference value :  1.02402e-07
 Reference value :  1.02448e-07
 Reference value :  1.02457e-07
 Reference value :  1.02464e-07
 Reference value :  1.02477e-07
 Reference value :  1.02490e-07
 Reference value :  1.02498e-07
 Reference value :  1.02506e-07
 Reference value :  1.02529e-07
 Reference value :  1.02571e-07
 Reference value :  1.02607e-07
 Reference value :  1.02674e-07
 Reference value :  1.02728e-07
 Reference value :  1.02764e-07
 Reference value :  1.02826e-07
 Reference value :  1.02883e-07
 Reference value :  1.02968e-07
 Reference value :  1.02985e-07
 Reference value :  1.03006e-07
 Reference value :  1.03017e-07
 Reference value :  1.03029e-07
 Reference value :  1.03055e-07
 Reference value :  1.03085e-07
 Reference value :  1.03152e-07
 Reference value :  1.03171e-07
 Reference value :  1.03205e-07
 Reference value :  1.03277e-07
 Reference value :  1.03335e-07
 Reference value :  1.03357e-07
 Reference value :  1.03380e-07
 Reference value :  1.03414e-07
 Reference value :  1.03426e-07
 Reference value :  1.03443e-07
 Reference value :  1.03451e-07
 Reference value :  1.03464e-07
 Reference value :  1.03519e-07
 Reference value :  1.03555e-07
 Reference value :  1.03617e-07
 Reference value :  1.03693e-07
 Reference value :  1.03728e-07
 Reference value :  1.03818e-07
 Reference value :  1.03879e-07
 Reference value :  1.03922e-07
 Reference value :  1.03939e-07
 Reference value :  1.03959e-07
 Reference value :  1.03970e-07
 Reference value :  1.03982e-07
 Reference value :  1.04006e-07
 Reference value :  1.04056e-07
 Reference value :  1.04104e-07
 Reference value :  1.04139e-07
 Reference value :  1.04201e-07
 Reference value :  1.04257e-07
 Reference value :  1.04310e-07
 Reference value :  1.04357e-07
 Reference value :  1.04372e-07
 Reference value :  1.04386e-07
 Reference value :  1.04398e-07
 Reference value :  1.04406e-07
 Reference value :  1.04414e-07
 Reference value :  1.04458e-07
 Reference value :  1.04498e-07
 Reference value :  1.04534e-07
 Reference value :  1.04612e-07
 Reference value :  1.04657e-07
 Reference value :  1.04672e-07
 Reference value :  1.04711e-07
 Reference value :  1.04792e-07
 Reference value :  1.04856e-07
 Reference value :  1.04886e-07
 Reference value :  1.04914e-07
 Reference value :  1.04926e-07
 Reference value :  1.04953e-07
 Reference value :  1.04994e-07
 Reference value :  1.05080e-07
 Reference value :  1.05114e-07
 Reference value :  1.05185e-07
 Reference value :  1.05244e-07
 Reference value :  1.05289e-07
 Reference value :  1.05323e-07
 Reference value :  1.05334e-07
 Reference value :  1.05345e-07
 Reference value :  1.05356e-07
 Reference value :  1.05360e-07
 Reference value :  1.05369e-07
 Reference value :  1.05389e-07
 Reference value :  1.05448e-07
 Reference value :  1.05482e-07
 Reference value :  1.05526e-07
 Reference value :  1.05549e-07
 Reference value :  1.05601e-07
 Reference value :  1.05620e-07
 Reference value :  1.05674e-07
 Reference value :  1.05727e-07
 Reference value :  1.05756e-07
 Reference value :  1.05816e-07
 Reference value :  1.05840e-07
 Reference value :  1.05867e-07
 Reference value :  1.05879e-07
 Reference value :  1.05897e-07
 Reference value :  1.05927e-07
 Reference value :  1.05989e-07
 Reference value :  1.06032e-07
 Reference value :  1.06066e-07
 Reference value :  1.06110e-07
 Reference value :  1.06137e-07
 Reference value :  1.06196e-07
 Reference value :  1.06242e-07
 Reference value :  1.06274e-07
 Reference value :  1.06286e-07
 Reference value :  1.06311e-07
 Reference value :  1.06319e-07
 Reference value :  1.06327e-07
 Reference value :  1.06366e-07
 Reference value :  1.06407e-07
 Reference value :  1.06443e-07
 Reference value :  1.06520e-07
 Reference value :  1.06545e-07
 Reference value :  1.06565e-07
 Reference value :  1.06600e-07
 Reference value :  1.06673e-07
 Reference value :  1.06700e-07
 Reference value :  1.06785e-07
 Reference value :  1.06802e-07
 Reference value :  1.06823e-07
 Reference value :  1.06830e-07
 Reference value :  1.06840e-07
 Reference value :  1.06861e-07
 Reference value :  1.06902e-07
 Reference value :  1.06969e-07
 Reference value :  1.07004e-07
 Reference value :  1.07066e-07
 Reference value :  1.07123e-07
 Reference value :  1.07174e-07
 Reference value :  1.07197e-07
 Reference value :  1.07231e-07
 Reference value :  1.07243e-07
 Reference value :  1.07254e-07
 Reference value :  1.07265e-07
 Reference value :  1.07273e-07
 Reference value :  1.07297e-07
 Reference value :  1.07356e-07
 Reference value :  1.07390e-07
 Reference value :  1.07434e-07
 Reference value :  1.07485e-07
 Reference value :  1.07510e-07
 Reference value :  1.07545e-07
 Reference value :  1.07607e-07
 Reference value :  1.07636e-07
 Reference value :  1.07665e-07
 Reference value :  1.07724e-07
 Reference value :  1.07748e-07
 Reference value :  1.07776e-07
 Reference value :  1.07783e-07
 Reference value :  1.07793e-07
 Reference value :  1.07814e-07
 Reference value :  1.07854e-07
 Reference value :  1.07921e-07
 Reference value :  1.07941e-07
 Reference value :  1.07956e-07
 Reference value :  1.07994e-07
 Reference value :  1.08045e-07
 Reference value :  1.08105e-07
 Reference value :  1.08151e-07
 Reference value :  1.08174e-07
 Reference value :  1.08189e-07
 Reference value :  1.08203e-07
 Reference value :  1.08220e-07
 Reference value :  1.08227e-07
 Reference value :  1.08236e-07
 Reference value :  1.08275e-07
 Reference value :  1.08315e-07
 Reference value :  1.08351e-07
 Reference value :  1.08429e-07
 Reference value :  1.08474e-07
 Reference value :  1.08489e-07
 Reference value :  1.08528e-07
 Reference value :  1.08609e-07
 Reference value :  1.08693e-07
 Reference value :  1.08711e-07
 Reference value :  1.08731e-07
 Reference value :  1.08743e-07
 Reference value :  1.08762e-07
 Reference value :  1.08793e-07
 Reference value :  1.08829e-07
 Reference value :  1.08877e-07
 Reference value :  1.08913e-07
 Reference value :  1.08950e-07
 Reference value :  1.09002e-07
 Reference value :  1.09061e-07
 Reference value :  1.09083e-07
 Reference value :  1.09106e-07
 Reference value :  1.09140e-07
 Reference value :  1.09146e-07
 Reference value :  1.09158e-07
 Reference value :  1.09162e-07
 Reference value :  1.09173e-07
 Reference value :  1.09177e-07
 Reference value :  1.09186e-07
 Reference value :  1.09206e-07
 Reference value :  1.09265e-07
 Reference value :  1.09299e-07
 Reference value :  1.09366e-07
 Reference value :  1.09418e-07
 Reference value :  1.09454e-07
 Reference value :  1.09516e-07
 Reference value :  1.09544e-07
 Reference value :  1.09633e-07
 Reference value :  1.09648e-07
 Reference value :  1.09657e-07
 Reference value :  1.09684e-07
 Reference value :  1.09696e-07
 Reference value :  1.09707e-07
 Reference value :  1.09732e-07
 Reference value :  1.09781e-07
 Reference value :  1.09829e-07
 Reference value :  1.09865e-07
 Reference value :  1.09902e-07
 Reference value :  1.09954e-07
 Reference value :  1.10013e-07
 Reference value :  1.10059e-07
 Reference value :  1.10091e-07
 Reference value :  1.10098e-07
 Reference value :  1.10103e-07
 Reference value :  1.10117e-07
 Reference value :  1.10128e-07
 Reference value :  1.10132e-07
 Reference value :  1.10151e-07
 Reference value :  1.10183e-07
 Reference value :  1.10241e-07
 Reference value :  1.10337e-07
 Reference value :  1.10382e-07
 Reference value :  1.10398e-07
 Reference value :  1.10437e-07
 Reference value :  1.10517e-07
 Reference value :  1.10602e-07
 Reference value :  1.10619e-07
 Reference value :  1.10640e-07
 Reference value :  1.10651e-07
 Reference value :  1.10678e-07
 Reference value :  1.10719e-07
 Reference value :  1.10786e-07
 Reference value :  1.10821e-07
 Reference value :  1.10911e-07
 Reference value :  1.10991e-07
 Reference value :  1.11039e-07
 Reference value :  1.11055e-07
 Reference value :  1.11071e-07
 Reference value :  1.11082e-07
 Reference value :  1.11090e-07
 Reference value :  1.11114e-07
 Reference value :  1.11173e-07
 Reference value :  1.11207e-07
 Reference value :  1.11275e-07
 Reference value :  1.11327e-07
 Reference value :  1.11362e-07
 Reference value :  1.11453e-07
 Reference value :  1.11482e-07
 Reference value :  1.11541e-07
 Reference value :  1.11556e-07
 Reference value :  1.11565e-07
 Reference value :  1.11583e-07
 Reference value :  1.11600e-07
 Reference value :  1.11605e-07
 Reference value :  1.11616e-07
 Reference value :  1.11640e-07
 Reference value :  1.11690e-07
 Reference value :  1.11738e-07
 Reference value :  1.11758e-07
 Reference value :  1.11811e-07
 Reference value :  1.11862e-07
 Reference value :  1.11944e-07
 Reference value :  1.11991e-07
 Reference value :  1.12006e-07
 Reference value :  1.12020e-07
 Reference value :  1.12032e-07
 Reference value :  1.12037e-07
 Reference value :  1.12045e-07
 Reference value :  1.12053e-07
 Reference value :  1.12092e-07
 Reference value :  1.12132e-07
 Reference value :  1.12168e-07
 Reference value :  1.12246e-07
 Reference value :  1.12271e-07
 Reference value :  1.12306e-07
 Reference value :  1.12369e-07
 Reference value :  1.12426e-07
 Reference value :  1.12510e-07
 Reference value :  1.12520e-07
 Reference value :  1.12539e-07
 Reference value :  1.12548e-07
 Reference value :  1.12560e-07
 Reference value :  1.12579e-07
 Reference value :  1.12610e-07
 Reference value :  1.12628e-07
 Reference value :  1.12694e-07
 Reference value :  1.12730e-07
 Reference value :  1.12792e-07
 Reference value :  1.12848e-07
 Reference value :  1.12900e-07
 Reference value :  1.12957e-07
 Reference value :  1.12968e-07
 Reference value :  1.12979e-07
 Reference value :  1.12990e-07
 Reference value :  1.12998e-07
 Reference value :  1.13012e-07
 Reference value :  1.13041e-07
 Reference value :  1.13082e-07
 Reference value :  1.13116e-07
 Reference value :  1.13160e-07
 Reference value :  1.13211e-07
 Reference value :  1.13254e-07
 Reference value :  1.13288e-07
 Reference value :  1.13361e-07
 Reference value :  1.13390e-07
 Reference value :  1.13450e-07
 Reference value :  1.13474e-07
 Reference value :  1.13492e-07
 Reference value :  1.13508e-07
 Reference value :  1.13513e-07
 Reference value :  1.13524e-07
 Reference value :  1.13549e-07
 Reference value :  1.13646e-07
 Reference value :  1.13666e-07
 Reference value :  1.13700e-07
 Reference value :  1.13744e-07
 Reference value :  1.13830e-07
 Reference value :  1.13853e-07
 Reference value :  1.13876e-07
 Reference value :  1.13909e-07
 Reference value :  1.13921e-07
 Reference value :  1.13941e-07
 Reference value :  1.13945e-07
 Reference value :  1.13953e-07
 Reference value :  1.13962e-07
 Reference value :  1.13980e-07
 Reference value :  1.14000e-07
 Reference value :  1.14041e-07
 Reference value :  1.14098e-07
 Reference value :  1.14179e-07
 Reference value :  1.14215e-07
 Reference value :  1.14307e-07
 Reference value :  1.14368e-07
 Reference value :  1.14419e-07
 Reference value :  1.14436e-07
 Reference value :  1.14457e-07
 Reference value :  1.14468e-07
 Reference value :  1.14487e-07
 Reference value :  1.14536e-07
 Reference value :  1.14603e-07
 Reference value :  1.14638e-07
 Reference value :  1.14700e-07
 Reference value :  1.14728e-07
 Reference value :  1.14786e-07
 Reference value :  1.14808e-07
 Reference value :  1.14831e-07
 Reference value :  1.14866e-07
 Reference value :  1.14877e-07
 Reference value :  1.14894e-07
 Reference value :  1.14902e-07
 Reference value :  1.14911e-07
 Reference value :  1.14931e-07
 Reference value :  1.14990e-07
 Reference value :  1.15024e-07
 Reference value :  1.15068e-07
 Reference value :  1.15092e-07
 Reference value :  1.15144e-07
 Reference value :  1.15179e-07
 Reference value :  1.15241e-07
 Reference value :  1.15270e-07
 Reference value :  1.15299e-07
 Reference value :  1.15358e-07
 Reference value :  1.15383e-07
 Reference value :  1.15401e-07
 Reference value :  1.15417e-07
 Reference value :  1.15427e-07
 Reference value :  1.15448e-07
 Reference value :  1.15488e-07
 Reference value :  1.15555e-07
 Reference value :  1.15591e-07
 Reference value :  1.15652e-07
 Reference value :  1.15679e-07
 Reference value :  1.15739e-07
 Reference value :  1.15785e-07
 Reference value :  1.15817e-07
 Reference value :  1.15829e-07
 Reference value :  1.15849e-07
 Reference value :  1.15854e-07
 Reference value :  1.15862e-07
 Reference value :  1.15870e-07
 Reference value :  1.15909e-07
 Reference value :  1.15949e-07
 Reference value :  1.15985e-07
 Reference value :  1.16063e-07
 Reference value :  1.16088e-07
 Reference value :  1.16108e-07
 Reference value :  1.16123e-07
 Reference value :  1.16162e-07
 Reference value :  1.16243e-07
 Reference value :  1.16327e-07
 Reference value :  1.16337e-07
 Reference value :  1.16365e-07
 Reference value :  1.16372e-07
 Reference value :  1.16377e-07
 Reference value :  1.16396e-07
 Reference value :  1.16427e-07
 Reference value :  1.16463e-07
 Reference value :  1.16511e-07
 Reference value :  1.16547e-07
 Reference value :  1.16609e-07
 Reference value :  1.16636e-07
 Reference value :  1.16695e-07
 Reference value :  1.16740e-07
 Reference value :  1.16774e-07
 Reference value :  1.16786e-07
 Reference value :  1.16796e-07
 Reference value :  1.16807e-07
 Reference value :  1.16815e-07
 Reference value :  1.16829e-07
 Reference value :  1.16879e-07
 Reference value :  1.16915e-07
 Reference value :  1.16977e-07
 Reference value :  1.17028e-07
 Reference value :  1.17052e-07
 Reference value :  1.17088e-07
 Reference value :  1.17178e-07
 Reference value :  1.17239e-07
 Reference value :  1.17267e-07
 Reference value :  1.17291e-07
 Reference value :  1.17309e-07
 Reference value :  1.17318e-07
 Reference value :  1.17325e-07
 Reference value :  1.17335e-07
 Reference value :  1.17356e-07
 Reference value :  1.17396e-07
 Reference value :  1.17463e-07
 Reference value :  1.17483e-07
 Reference value :  1.17517e-07
 Reference value :  1.17561e-07
 Reference value :  1.17588e-07
 Reference value :  1.17647e-07
 Reference value :  1.17693e-07
 Reference value :  1.17716e-07
 Reference value :  1.17726e-07
 Reference value :  1.17738e-07
 Reference value :  1.17758e-07
 Reference value :  1.17762e-07
 Reference value :  1.17770e-07
 Reference value :  1.17779e-07
 Reference value :  1.17817e-07
 Reference value :  1.17858e-07
 Reference value :  1.17894e-07
 Reference value :  1.17972e-07
 Reference value :  1.18016e-07
 Reference value :  1.18071e-07
 Reference value :  1.18151e-07
 Reference value :  1.18236e-07
 Reference value :  1.18253e-07
 Reference value :  1.18274e-07
 Reference value :  1.18281e-07
 Reference value :  1.18285e-07
 Reference value :  1.18297e-07
 Reference value :  1.18323e-07
 Reference value :  1.18353e-07
 Reference value :  1.18420e-07
 Reference value :  1.18455e-07
 Reference value :  1.18493e-07
 Reference value :  1.18545e-07
 Reference value :  1.18603e-07
 Reference value :  1.18648e-07
 Reference value :  1.18683e-07
 Reference value :  1.18694e-07
 Reference value :  1.18705e-07
 Reference value :  1.18716e-07
 Reference value :  1.18724e-07
 Reference value :  1.18748e-07
 Reference value :  1.18807e-07
 Reference value :  1.18861e-07
 Reference value :  1.18909e-07
 Reference value :  1.18961e-07
 Reference value :  1.18980e-07
 Reference value :  1.19033e-07
 Reference value :  1.19087e-07
 Reference value :  1.19147e-07
 Reference value :  1.19190e-07
 Reference value :  1.19207e-07
 Reference value :  1.19227e-07
 Reference value :  1.19239e-07
 Reference value :  1.19250e-07
 Reference value :  1.19265e-07
 Reference value :  1.19286e-07
 Reference value :  1.19349e-07
 Reference value :  1.19372e-07
 Reference value :  1.19392e-07
 Reference value :  1.19426e-07
 Reference value :  1.19496e-07
 Reference value :  1.19556e-07
 Reference value :  1.19602e-07
 Reference value :  1.19625e-07
 Reference value :  1.19640e-07
 Reference value :  1.19654e-07
 Reference value :  1.19666e-07
 Reference value :  1.19674e-07
 Reference value :  1.19683e-07
 Reference value :  1.19705e-07
 Reference value :  1.19726e-07
 Reference value :  1.19766e-07
 Reference value :  1.19802e-07
 Reference value :  1.19880e-07
 Reference value :  1.19925e-07
 Reference value :  1.19940e-07
 Reference value :  1.20003e-07
 Reference value :  1.20060e-07
 Reference value :  1.20144e-07
 Reference value :  1.20154e-07
 Reference value :  1.20173e-07
 Reference value :  1.20189e-07
 Reference value :  1.20200e-07
 Reference value :  1.20221e-07
 Reference value :  1.20244e-07
 Reference value :  1.20262e-07
 Reference value :  1.20328e-07
 Reference value :  1.20364e-07
 Reference value :  1.20453e-07
 Reference value :  1.20512e-07
 Reference value :  1.20557e-07
 Reference value :  1.20591e-07
 Reference value :  1.20603e-07
 Reference value :  1.20613e-07
 Reference value :  1.20624e-07
 Reference value :  1.20628e-07
 Reference value :  1.20637e-07
 Reference value :  1.20675e-07
 Reference value :  1.20716e-07
 Reference value :  1.20750e-07
 Reference value :  1.20817e-07
 Reference value :  1.20869e-07
 Reference value :  1.20905e-07
 Reference value :  1.20995e-07
 Reference value :  1.21056e-07
 Reference value :  1.21084e-07
 Reference value :  1.21099e-07
 Reference value :  1.21115e-07
 Reference value :  1.21142e-07
 Reference value :  1.21153e-07
 Reference value :  1.21173e-07
 Reference value :  1.21213e-07
 Reference value :  1.21280e-07
 Reference value :  1.21316e-07
 Reference value :  1.21378e-07
 Reference value :  1.21433e-07
 Reference value :  1.21465e-07
 Reference value :  1.21487e-07
 Reference value :  1.21511e-07
 Reference value :  1.21533e-07
 Reference value :  1.21543e-07
 Reference value :  1.21549e-07
 Reference value :  1.21562e-07
 Reference value :  1.21575e-07
 Reference value :  1.21579e-07
 Reference value :  1.21583e-07
 Reference value :  1.21591e-07
 Reference value :  1.21614e-07
 Reference value :  1.21656e-07
 Reference value :  1.21675e-07
 Reference value :  1.21711e-07
 Reference value :  1.21789e-07
 Reference value :  1.21813e-07
 Reference value :  1.21849e-07
 Reference value :  1.21911e-07
 Reference value :  1.21968e-07
 Reference value :  1.22032e-07
 Reference value :  1.22053e-07
 Reference value :  1.22063e-07
 Reference value :  1.22081e-07
 Reference value :  1.22091e-07
 Reference value :  1.22098e-07
 Reference value :  1.22108e-07
 Reference value :  1.22140e-07
 Reference value :  1.22170e-07
 Reference value :  1.22237e-07
 Reference value :  1.22273e-07
 Reference value :  1.22335e-07
 Reference value :  1.22362e-07
 Reference value :  1.22420e-07
 Reference value :  1.22442e-07
 Reference value :  1.22465e-07
 Reference value :  1.22500e-07
 Reference value :  1.22506e-07
 Reference value :  1.22522e-07
 Reference value :  1.22533e-07
 Reference value :  1.22541e-07
 Reference value :  1.22555e-07
 Reference value :  1.22604e-07
 Reference value :  1.22640e-07
 Reference value :  1.22678e-07
 Reference value :  1.22726e-07
 Reference value :  1.22778e-07
 Reference value :  1.22813e-07
 Reference value :  1.22875e-07
 Reference value :  1.22933e-07
 Reference value :  1.22992e-07
 Reference value :  1.23007e-07
 Reference value :  1.23017e-07
 Reference value :  1.23035e-07
 Reference value :  1.23044e-07
 Reference value :  1.23056e-07
 Reference value :  1.23067e-07
 Reference value :  1.23104e-07
 Reference value :  1.23166e-07
 Reference value :  1.23209e-07
 Reference value :  1.23225e-07
 Reference value :  1.23262e-07
 Reference value :  1.23313e-07
 Reference value :  1.23373e-07
 Reference value :  1.23419e-07
 Reference value :  1.23442e-07
 Reference value :  1.23451e-07
 Reference value :  1.23463e-07
 Reference value :  1.23483e-07
 Reference value :  1.23491e-07
 Reference value :  1.23500e-07
 Reference value :  1.23510e-07
 Reference value :  1.23543e-07
 Reference value :  1.23583e-07
 Reference value :  1.23619e-07
 Reference value :  1.23668e-07
 Reference value :  1.23722e-07
 Reference value :  1.23757e-07
 Reference value :  1.23820e-07
 Reference value :  1.23877e-07
 Reference value :  1.23961e-07
 Reference value :  1.23971e-07
 Reference value :  1.23990e-07
 Reference value :  1.24006e-07
 Reference value :  1.24022e-07
 Reference value :  1.24061e-07
 Reference value :  1.24097e-07
 Reference value :  1.24145e-07
 Reference value :  1.24181e-07
 Reference value :  1.24243e-07
 Reference value :  1.24299e-07
 Reference value :  1.24351e-07
 Reference value :  1.24399e-07
 Reference value :  1.24414e-07
 Reference value :  1.24426e-07
 Reference value :  1.24437e-07
 Reference value :  1.24441e-07
 Reference value :  1.24449e-07
 Reference value :  1.24463e-07
 Reference value :  1.24533e-07
 Reference value :  1.24567e-07
 Reference value :  1.24611e-07
 Reference value :  1.24662e-07
 Reference value :  1.24686e-07
 Reference value :  1.24705e-07
 Reference value :  1.24739e-07
 Reference value :  1.24812e-07
 Reference value :  1.24901e-07
 Reference value :  1.24925e-07
 Reference value :  1.24952e-07
 Reference value :  1.24964e-07
 Reference value :  1.24975e-07
 Reference value :  1.25049e-07
 Reference value :  1.25117e-07
 Reference value :  1.25170e-07
 Reference value :  1.25222e-07
 Reference value :  1.25282e-07
 Reference value :  1.25328e-07
 Reference value :  1.25350e-07
 Reference value :  1.25366e-07
 Reference value :  1.25385e-07
 Reference value :  1.25396e-07
 Reference value :  1.25400e-07
 Reference value :  1.25408e-07
 Reference value :  1.25451e-07
 Reference value :  1.25492e-07
 Reference value :  1.25509e-07
 Reference value :  1.25576e-07
 Reference value :  1.25630e-07
 Reference value :  1.25666e-07
 Reference value :  1.25728e-07
 Reference value :  1.25785e-07
 Reference value :  1.25870e-07
 Reference value :  1.25880e-07
 Reference value :  1.25899e-07
 Reference value :  1.25908e-07
 Reference value :  1.25919e-07
 Reference value :  1.25938e-07
 Reference value :  1.25957e-07
 Reference value :  1.25987e-07
 Reference value :  1.26054e-07
 Reference value :  1.26073e-07
 Reference value :  1.26108e-07
 Reference value :  1.26179e-07
 Reference value :  1.26237e-07
 Reference value :  1.26282e-07
 Reference value :  1.26317e-07
 Reference value :  1.26328e-07
 Reference value :  1.26339e-07
 Reference value :  1.26345e-07
 Reference value :  1.26354e-07
 Reference value :  1.26362e-07
 Reference value :  1.26421e-07
 Reference value :  1.26441e-07
 Reference value :  1.26475e-07
 Reference value :  1.26520e-07
 Reference value :  1.26543e-07
 Reference value :  1.26595e-07
 Reference value :  1.26630e-07
 Reference value :  1.26692e-07
 Reference value :  1.26721e-07
 Reference value :  1.26809e-07
 Reference value :  1.26834e-07
 Reference value :  1.26861e-07
 Reference value :  1.26873e-07
 Reference value :  1.26884e-07
 Reference value :  1.26921e-07
 Reference value :  1.27006e-07
 Reference value :  1.27026e-07
 Reference value :  1.27060e-07
 Reference value :  1.27103e-07
 Reference value :  1.27130e-07
 Reference value :  1.27190e-07
 Reference value :  1.27236e-07
 Reference value :  1.27259e-07
 Reference value :  1.27274e-07
 Reference value :  1.27288e-07
 Reference value :  1.27300e-07
 Reference value :  1.27305e-07
 Reference value :  1.27313e-07
 Reference value :  1.27321e-07
 Reference value :  1.27360e-07
 Reference value :  1.27400e-07
 Reference value :  1.27436e-07
 Reference value :  1.27485e-07
 Reference value :  1.27539e-07
 Reference value :  1.27574e-07
 Reference value :  1.27666e-07
 Reference value :  1.27694e-07
 Reference value :  1.27778e-07
 Reference value :  1.27788e-07
 Reference value :  1.27807e-07
 Reference value :  1.27823e-07
 Reference value :  1.27828e-07
 Reference value :  1.27839e-07
 Reference value :  1.27865e-07
 Reference value :  1.27896e-07
 Reference value :  1.27941e-07
 Reference value :  1.27982e-07
 Reference value :  1.28035e-07
 Reference value :  1.28087e-07
 Reference value :  1.28146e-07
 Reference value :  1.28191e-07
 Reference value :  1.28225e-07
 Reference value :  1.28237e-07
 Reference value :  1.28248e-07
 Reference value :  1.28258e-07
 Reference value :  1.28266e-07
 Reference value :  1.28280e-07
 Reference value :  1.28309e-07
 Reference value :  1.28350e-07
 Reference value :  1.28384e-07
 Reference value :  1.28451e-07
 Reference value :  1.28503e-07
 Reference value :  1.28539e-07
 Reference value :  1.28629e-07
 Reference value :  1.28658e-07
 Reference value :  1.28718e-07
 Reference value :  1.28742e-07
 Reference value :  1.28769e-07
 Reference value :  1.28781e-07
 Reference value :  1.28799e-07
 Reference value :  1.28829e-07
 Reference value :  1.28892e-07
 Reference value :  1.28914e-07
 Reference value :  1.28950e-07
 Reference value :  1.28987e-07
 Reference value :  1.29039e-07
 Reference value :  1.29099e-07
 Reference value :  1.29145e-07
 Reference value :  1.29167e-07
 Reference value :  1.29183e-07
 Reference value :  1.29196e-07
 Reference value :  1.29209e-07
 Reference value :  1.29217e-07
 Reference value :  1.29225e-07
 Reference value :  1.29248e-07
 Reference value :  1.29290e-07
 Reference value :  1.29309e-07
 Reference value :  1.29345e-07
 Reference value :  1.29423e-07
 Reference value :  1.29467e-07
 Reference value :  1.29502e-07
 Reference value :  1.29575e-07
 Reference value :  1.29602e-07
 Reference value :  1.29687e-07
 Reference value :  1.29697e-07
 Reference value :  1.29716e-07
 Reference value :  1.29725e-07
 Reference value :  1.29736e-07
 Reference value :  1.29755e-07
 Reference value :  1.29786e-07
 Reference value :  1.29823e-07
 Reference value :  1.29871e-07
 Reference value :  1.29907e-07
 Reference value :  1.29944e-07
 Reference value :  1.29996e-07
 Reference value :  1.30054e-07
 Reference value :  1.30099e-07
 Reference value :  1.30134e-07
 Reference value :  1.30145e-07
 Reference value :  1.30156e-07
 Reference value :  1.30167e-07
 Reference value :  1.30171e-07
 Reference value :  1.30179e-07
 Reference value :  1.30199e-07
 Reference value :  1.30258e-07
 Reference value :  1.30312e-07
 Reference value :  1.30360e-07
 Reference value :  1.30412e-07
 Reference value :  1.30447e-07
 Reference value :  1.30538e-07
 Reference value :  1.30598e-07
 Reference value :  1.30641e-07
 Reference value :  1.30651e-07
 Reference value :  1.30669e-07
 Reference value :  1.30685e-07
 Reference value :  1.30690e-07
 Reference value :  1.30701e-07
 Reference value :  1.30738e-07
 Reference value :  1.30823e-07
 Reference value :  1.30843e-07
 Reference value :  1.30877e-07
 Reference value :  1.30947e-07
 Reference value :  1.31007e-07
 Reference value :  1.31053e-07
 Reference value :  1.31076e-07
 Reference value :  1.31085e-07
 Reference value :  1.31097e-07
 Reference value :  1.31117e-07
 Reference value :  1.31122e-07
 Reference value :  1.31130e-07
 Reference value :  1.31156e-07
 Reference value :  1.31199e-07
 Reference value :  1.31218e-07
 Reference value :  1.31253e-07
 Reference value :  1.31331e-07
 Reference value :  1.31376e-07
 Reference value :  1.31391e-07
 Reference value :  1.31454e-07
 Reference value :  1.31511e-07
 Reference value :  1.31595e-07
 Reference value :  1.31605e-07
 Reference value :  1.31624e-07
 Reference value :  1.31640e-07
 Reference value :  1.31645e-07
 Reference value :  1.31672e-07
 Reference value :  1.31713e-07
 Reference value :  1.31779e-07
 Reference value :  1.31799e-07
 Reference value :  1.31833e-07
 Reference value :  1.31904e-07
 Reference value :  1.31963e-07
 Reference value :  1.31985e-07
 Reference value :  1.32033e-07
 Reference value :  1.32048e-07
 Reference value :  1.32065e-07
 Reference value :  1.32075e-07
 Reference value :  1.32083e-07
 Reference value :  1.32097e-07
 Reference value :  1.32147e-07
 Reference value :  1.32183e-07
 Reference value :  1.32245e-07
 Reference value :  1.32296e-07
 Reference value :  1.32320e-07
 Reference value :  1.32356e-07
 Reference value :  1.32418e-07
 Reference value :  1.32446e-07
 Reference value :  1.32475e-07
 Reference value :  1.32535e-07
 Reference value :  1.32550e-07
 Reference value :  1.32559e-07
 Reference value :  1.32577e-07
 Reference value :  1.32586e-07
 Reference value :  1.32594e-07
 Reference value :  1.32604e-07
 Reference value :  1.32616e-07
 Reference value :  1.32646e-07
 Reference value :  1.32709e-07
 Reference value :  1.32751e-07
 Reference value :  1.32767e-07
 Reference value :  1.32829e-07
 Reference value :  1.32884e-07
 Reference value :  1.32916e-07
 Reference value :  1.32962e-07
 Reference value :  1.32984e-07
 Reference value :  1.33000e-07
 Reference value :  1.33013e-07
 Reference value :  1.33026e-07
 Reference value :  1.33034e-07
 Reference value :  1.33042e-07
 Reference value :  1.33065e-07
 Reference value :  1.33107e-07
 Reference value :  1.33143e-07
 Reference value :  1.33210e-07
 Reference value :  1.33264e-07
 Reference value :  1.33300e-07
 Reference value :  1.33339e-07
 Reference value :  1.33392e-07
 Reference value :  1.33453e-07
 Reference value :  1.33504e-07
 Reference value :  1.33514e-07
 Reference value :  1.33521e-07
 Reference value :  1.33542e-07
 Reference value :  1.33554e-07
 Reference value :  1.33580e-07
 Reference value :  1.33621e-07
 Reference value :  1.33688e-07
 Reference value :  1.33724e-07
 Reference value :  1.33786e-07
 Reference value :  1.33842e-07
 Reference value :  1.33893e-07
 Reference value :  1.33942e-07
 Reference value :  1.33951e-07
 Reference value :  1.33962e-07
 Reference value :  1.33979e-07
 Reference value :  1.33988e-07
 Reference value :  1.33996e-07
 Reference value :  1.34035e-07
 Reference value :  1.34092e-07
 Reference value :  1.34129e-07
 Reference value :  1.34177e-07
 Reference value :  1.34229e-07
 Reference value :  1.34248e-07
 Reference value :  1.34282e-07
 Reference value :  1.34355e-07
 Reference value :  1.34384e-07
 Reference value :  1.34443e-07
 Reference value :  1.34468e-07
 Reference value :  1.34486e-07
 Reference value :  1.34502e-07
 Reference value :  1.34507e-07
 Reference value :  1.34518e-07
 Reference value :  1.34542e-07
 Reference value :  1.34592e-07
 Reference value :  1.34640e-07
 Reference value :  1.34660e-07
 Reference value :  1.34694e-07
 Reference value :  1.34764e-07
 Reference value :  1.34824e-07
 Reference value :  1.34870e-07
 Reference value :  1.34893e-07
 Reference value :  1.34909e-07
 Reference value :  1.34928e-07
 Reference value :  1.34939e-07
 Reference value :  1.34947e-07
 Reference value :  1.34961e-07
 Reference value :  1.35016e-07
 Reference value :  1.35052e-07
 Reference value :  1.35091e-07
 Reference value :  1.35173e-07
 Reference value :  1.35209e-07
 Reference value :  1.35271e-07
 Reference value :  1.35328e-07
 Reference value :  1.35413e-07
 Reference value :  1.35422e-07
 Reference value :  1.35441e-07
 Reference value :  1.35451e-07
 Reference value :  1.35457e-07
 Reference value :  1.35468e-07
 Reference value :  1.35499e-07
 Reference value :  1.35530e-07
 Reference value :  1.35597e-07
 Reference value :  1.35632e-07
 Reference value :  1.35669e-07
 Reference value :  1.35721e-07
 Reference value :  1.35802e-07
 Reference value :  1.35850e-07
 Reference value :  1.35859e-07
 Reference value :  1.35865e-07
 Reference value :  1.35882e-07
 Reference value :  1.35892e-07
 Reference value :  1.35896e-07
 Reference value :  1.35905e-07
 Reference value :  1.35925e-07
 Reference value :  1.35984e-07
 Reference value :  1.36018e-07
 Reference value :  1.36086e-07
 Reference value :  1.36137e-07
 Reference value :  1.36173e-07
 Reference value :  1.36263e-07
 Reference value :  1.36324e-07
 Reference value :  1.36352e-07
 Reference value :  1.36367e-07
 Reference value :  1.36384e-07
 Reference value :  1.36403e-07
 Reference value :  1.36415e-07
 Reference value :  1.36421e-07
 Reference value :  1.36451e-07
 Reference value :  1.36500e-07
 Reference value :  1.36548e-07
 Reference value :  1.36568e-07
 Reference value :  1.36602e-07
 Reference value :  1.36646e-07
 Reference value :  1.36701e-07
 Reference value :  1.36733e-07
 Reference value :  1.36755e-07
 Reference value :  1.36779e-07
 Reference value :  1.36801e-07
 Reference value :  1.36817e-07
 Reference value :  1.36830e-07
 Reference value :  1.36843e-07
 Reference value :  1.36847e-07
 Reference value :  1.36855e-07
 Reference value :  1.36864e-07
 Reference value :  1.36902e-07
 Reference value :  1.36943e-07
 Reference value :  1.36979e-07
 Reference value :  1.37027e-07
 Reference value :  1.37081e-07
 Reference value :  1.37101e-07
 Reference value :  1.37117e-07
 Reference value :  1.37179e-07
 Reference value :  1.37236e-07
 Reference value :  1.37321e-07
 Reference value :  1.37331e-07
 Reference value :  1.37350e-07
 Reference value :  1.37359e-07
 Reference value :  1.37371e-07
 Reference value :  1.37382e-07
 Reference value :  1.37408e-07
 Reference value :  1.37438e-07
 Reference value :  1.37505e-07
 Reference value :  1.37541e-07
 Reference value :  1.37578e-07
 Reference value :  1.37630e-07
 Reference value :  1.37688e-07
 Reference value :  1.37710e-07
 Reference value :  1.37759e-07
 Reference value :  1.37774e-07
 Reference value :  1.37790e-07
 Reference value :  1.37801e-07
 Reference value :  1.37809e-07
 Reference value :  1.37833e-07
 Reference value :  1.37892e-07
 Reference value :  1.37927e-07
 Reference value :  1.37994e-07
 Reference value :  1.38046e-07
 Reference value :  1.38081e-07
 Reference value :  1.38143e-07
 Reference value :  1.38172e-07
 Reference value :  1.38201e-07
 Reference value :  1.38260e-07
 Reference value :  1.38285e-07
 Reference value :  1.38312e-07
 Reference value :  1.38324e-07
 Reference value :  1.38335e-07
 Reference value :  1.38359e-07
 Reference value :  1.38409e-07
 Reference value :  1.38457e-07
 Reference value :  1.38477e-07
 Reference value :  1.38511e-07
 Reference value :  1.38554e-07
 Reference value :  1.38581e-07
 Reference value :  1.38641e-07
 Reference value :  1.38687e-07
 Reference value :  1.38719e-07
 Reference value :  1.38731e-07
 Reference value :  1.38751e-07
 Reference value :  1.38756e-07
 Reference value :  1.38759e-07
 Reference value :  1.38772e-07
 Reference value :  1.38811e-07
 Reference value :  1.38852e-07
 Reference value :  1.38887e-07
 Reference value :  1.38965e-07
 Reference value :  1.38990e-07
 Reference value :  1.39026e-07
 Reference value :  1.39064e-07
 Reference value :  1.39145e-07
 Reference value :  1.39230e-07
 Reference value :  1.39239e-07
 Reference value :  1.39258e-07
 Reference value :  1.39268e-07
 Reference value :  1.39279e-07
 Reference value :  1.39306e-07
 Reference value :  1.39347e-07
 Reference value :  1.39414e-07
 Reference value :  1.39433e-07
 Reference value :  1.39467e-07
 Reference value :  1.39538e-07
 Reference value :  1.39597e-07
 Reference value :  1.39619e-07
 Reference value :  1.39667e-07
 Reference value :  1.39682e-07
 Reference value :  1.39694e-07
 Reference value :  1.39705e-07
 Reference value :  1.39713e-07
 Reference value :  1.39726e-07
 Reference value :  1.39781e-07
 Reference value :  1.39801e-07
 Reference value :  1.39835e-07
 Reference value :  1.39903e-07
 Reference value :  1.39955e-07
 Reference value :  1.39973e-07
 Reference value :  1.40008e-07
 Reference value :  1.40080e-07
 Reference value :  1.40141e-07
 Reference value :  1.40184e-07
 Reference value :  1.40193e-07
 Reference value :  1.40220e-07
 Reference value :  1.40232e-07
 Reference value :  1.40243e-07
 Reference value :  1.40268e-07
 Reference value :  1.40317e-07
 Reference value :  1.40365e-07
 Reference value :  1.40401e-07
 Reference value :  1.40439e-07
 Reference value :  1.40490e-07
 Reference value :  1.40550e-07
 Reference value :  1.40596e-07
 Reference value :  1.40628e-07
 Reference value :  1.40640e-07
 Reference value :  1.40653e-07
 Reference value :  1.40664e-07
 Reference value :  1.40672e-07
 Reference value :  1.40676e-07
 Reference value :  1.40699e-07
 Reference value :  1.40741e-07
 Reference value :  1.40760e-07
 Reference value :  1.40796e-07
 Reference value :  1.40874e-07
 Reference value :  1.40918e-07
 Reference value :  1.40953e-07
 Reference value :  1.41026e-07
 Reference value :  1.41087e-07
 Reference value :  1.41138e-07
 Reference value :  1.41155e-07
 Reference value :  1.41176e-07
 Reference value :  1.41188e-07
 Reference value :  1.41214e-07
 Reference value :  1.41255e-07
 Reference value :  1.41322e-07
 Reference value :  1.41358e-07
 Reference value :  1.41420e-07
 Reference value :  1.41476e-07
 Reference value :  1.41527e-07
 Reference value :  1.41576e-07
 Reference value :  1.41591e-07
 Reference value :  1.41607e-07
 Reference value :  1.41618e-07
 Reference value :  1.41626e-07
 Reference value :  1.41640e-07
 Reference value :  1.41689e-07
 Reference value :  1.41726e-07
 Reference value :  1.41763e-07
 Reference value :  1.41811e-07
 Reference value :  1.41863e-07
 Reference value :  1.41882e-07
 Reference value :  1.41916e-07
 Reference value :  1.41989e-07
 Reference value :  1.42077e-07
 Reference value :  1.42092e-07
 Reference value :  1.42109e-07
 Reference value :  1.42129e-07
 Reference value :  1.42141e-07
 Reference value :  1.42158e-07
 Reference value :  1.42189e-07
 Reference value :  1.42274e-07
 Reference value :  1.42310e-07
 Reference value :  1.42371e-07
 Reference value :  1.42398e-07
 Reference value :  1.42458e-07
 Reference value :  1.42504e-07
 Reference value :  1.42536e-07
 Reference value :  1.42548e-07
 Reference value :  1.42562e-07
 Reference value :  1.42573e-07
 Reference value :  1.42581e-07
 Reference value :  1.42589e-07
 Reference value :  1.42628e-07
 Reference value :  1.42669e-07
 Reference value :  1.42725e-07
 Reference value :  1.42807e-07
 Reference value :  1.42843e-07
 Reference value :  1.42905e-07
 Reference value :  1.42962e-07
 Reference value :  1.43047e-07
 Reference value :  1.43056e-07
 Reference value :  1.43075e-07
 Reference value :  1.43091e-07
 Reference value :  1.43102e-07
 Reference value :  1.43123e-07
 Reference value :  1.43164e-07
 Reference value :  1.43231e-07
 Reference value :  1.43266e-07
 Reference value :  1.43328e-07
 Reference value :  1.43385e-07
 Reference value :  1.43436e-07
 Reference value :  1.43484e-07
 Reference value :  1.43499e-07
 Reference value :  1.43511e-07
 Reference value :  1.43522e-07
 Reference value :  1.43526e-07
 Reference value :  1.43534e-07
 Reference value :  1.43549e-07
 Reference value :  1.43618e-07
 Reference value :  1.43652e-07
 Reference value :  1.43720e-07
 Reference value :  1.43790e-07
 Reference value :  1.43844e-07
 Reference value :  1.43926e-07
 Reference value :  1.44001e-07
 Reference value :  1.44018e-07
 Reference value :  1.44045e-07
 Reference value :  1.44055e-07
 Reference value :  1.44075e-07
 Reference value :  1.44134e-07
 Reference value :  1.44182e-07
 Reference value :  1.44218e-07
 Reference value :  1.44256e-07
 Reference value :  1.44307e-07
 Reference value :  1.44367e-07
 Reference value :  1.44413e-07
 Reference value :  1.44445e-07
 Reference value :  1.44457e-07
 Reference value :  1.44470e-07
 Reference value :  1.44481e-07
 Reference value :  1.44485e-07
 Reference value :  1.44493e-07
 Reference value :  1.44516e-07
 Reference value :  1.44558e-07
 Reference value :  1.44594e-07
 Reference value :  1.44634e-07
 Reference value :  1.44691e-07
 Reference value :  1.44735e-07
 Reference value :  1.44770e-07
 Reference value :  1.44843e-07
 Reference value :  1.44904e-07
 Reference value :  1.44955e-07
 Reference value :  1.44972e-07
 Reference value :  1.45000e-07
 Reference value :  1.45005e-07
 Reference value :  1.45024e-07
 Reference value :  1.45054e-07
 Reference value :  1.45072e-07
 Reference value :  1.45117e-07
 Reference value :  1.45139e-07
 Reference value :  1.45175e-07
 Reference value :  1.45212e-07
 Reference value :  1.45264e-07
 Reference value :  1.45322e-07
 Reference value :  1.45367e-07
 Reference value :  1.45402e-07
 Reference value :  1.45413e-07
 Reference value :  1.45430e-07
 Reference value :  1.45439e-07
 Reference value :  1.45452e-07
 Reference value :  1.45486e-07
 Reference value :  1.45526e-07
 Reference value :  1.45561e-07
 Reference value :  1.45628e-07
 Reference value :  1.45680e-07
 Reference value :  1.45715e-07
 Reference value :  1.45806e-07
 Reference value :  1.45835e-07
 Reference value :  1.45894e-07
 Reference value :  1.45919e-07
 Reference value :  1.45937e-07
 Reference value :  1.45953e-07
 Reference value :  1.45958e-07
 Reference value :  1.45969e-07
 Reference value :  1.45993e-07
 Reference value :  1.46068e-07
 Reference value :  1.46091e-07
 Reference value :  1.46127e-07
 Reference value :  1.46188e-07
 Reference value :  1.46275e-07
 Reference value :  1.46321e-07
 Reference value :  1.46353e-07
 Reference value :  1.46365e-07
 Reference value :  1.46379e-07
 Reference value :  1.46390e-07
 Reference value :  1.46398e-07
 Reference value :  1.46412e-07
 Reference value :  1.46445e-07
 Reference value :  1.46486e-07
 Reference value :  1.46542e-07
 Reference value :  1.46624e-07
 Reference value :  1.46660e-07
 Reference value :  1.46722e-07
 Reference value :  1.46779e-07
 Reference value :  1.46864e-07
 Reference value :  1.46873e-07
 Reference value :  1.46892e-07
 Reference value :  1.46908e-07
 Reference value :  1.46924e-07
 Reference value :  1.46963e-07
 Reference value :  1.46999e-07
 Reference value :  1.47048e-07
 Reference value :  1.47083e-07
 Reference value :  1.47120e-07
 Reference value :  1.47172e-07
 Reference value :  1.47231e-07
 Reference value :  1.47253e-07
 Reference value :  1.47301e-07
 Reference value :  1.47316e-07
 Reference value :  1.47333e-07
 Reference value :  1.47343e-07
 Reference value :  1.47351e-07
 Reference value :  1.47366e-07
 Reference value :  1.47415e-07
 Reference value :  1.47451e-07
 Reference value :  1.47489e-07
 Reference value :  1.47537e-07
 Reference value :  1.47589e-07
 Reference value :  1.47608e-07
 Reference value :  1.47642e-07
 Reference value :  1.47714e-07
 Reference value :  1.47743e-07
 Reference value :  1.47803e-07
 Reference value :  1.47818e-07
 Reference value :  1.47827e-07
 Reference value :  1.47835e-07
 Reference value :  1.47854e-07
 Reference value :  1.47866e-07
 Reference value :  1.47877e-07
 Reference value :  1.47902e-07
 Reference value :  1.47951e-07
 Reference value :  1.48000e-07
 Reference value :  1.48019e-07
 Reference value :  1.48053e-07
 Reference value :  1.48097e-07
 Reference value :  1.48124e-07
 Reference value :  1.48184e-07
 Reference value :  1.48206e-07
 Reference value :  1.48230e-07
 Reference value :  1.48262e-07
 Reference value :  1.48274e-07
 Reference value :  1.48294e-07
 Reference value :  1.48302e-07
 Reference value :  1.48315e-07
 Reference value :  1.48353e-07
 Reference value :  1.48394e-07
 Reference value :  1.48430e-07
 Reference value :  1.48532e-07
 Reference value :  1.48568e-07
 Reference value :  1.48630e-07
 Reference value :  1.48688e-07
 Reference value :  1.48772e-07
 Reference value :  1.48782e-07
 Reference value :  1.48810e-07
 Reference value :  1.48817e-07
 Reference value :  1.48822e-07
 Reference value :  1.48833e-07
 Reference value :  1.48859e-07
 Reference value :  1.48889e-07
 Reference value :  1.48956e-07
 Reference value :  1.48992e-07
 Reference value :  1.49029e-07
 Reference value :  1.49081e-07
 Reference value :  1.49140e-07
 Reference value :  1.49162e-07
 Reference value :  1.49210e-07
 Reference value :  1.49225e-07
 Reference value :  1.49241e-07
 Reference value :  1.49252e-07
 Reference value :  1.49264e-07
 Reference value :  1.49285e-07
 Reference value :  1.49343e-07
 Reference value :  1.49378e-07
 Reference value :  1.49445e-07
 Reference value :  1.49497e-07
 Reference value :  1.49516e-07
 Reference value :  1.49550e-07
 Reference value :  1.49623e-07
 Reference value :  1.49683e-07
 Reference value :  1.49727e-07
 Reference value :  1.49736e-07
 Reference value :  1.49754e-07
 Reference value :  1.49770e-07
 Reference value :  1.49780e-07
 Reference value :  1.49801e-07
 Reference value :  1.49841e-07
 Reference value :  1.49908e-07
 Reference value :  1.49944e-07
 Reference value :  1.50005e-07
 Reference value :  1.50061e-07
 Reference value :  1.50092e-07
 Reference value :  1.50138e-07
 Reference value :  1.50161e-07
 Reference value :  1.50177e-07
 Reference value :  1.50190e-07
 Reference value :  1.50202e-07
 Reference value :  1.50207e-07
 Reference value :  1.50215e-07
 Reference value :  1.50223e-07
 Reference value :  1.50262e-07
 Reference value :  1.50320e-07
 Reference value :  1.50387e-07
 Reference value :  1.50441e-07
 Reference value :  1.50477e-07
 Reference value :  1.50515e-07
 Reference value :  1.50568e-07
 Reference value :  1.50630e-07
 Reference value :  1.50681e-07
 Reference value :  1.50690e-07
 Reference value :  1.50709e-07
 Reference value :  1.50719e-07
 Reference value :  1.50730e-07
 Reference value :  1.50749e-07
 Reference value :  1.50780e-07
 Reference value :  1.50816e-07
 Reference value :  1.50865e-07
 Reference value :  1.50900e-07
 Reference value :  1.50962e-07
 Reference value :  1.51019e-07
 Reference value :  1.51070e-07
 Reference value :  1.51093e-07
 Reference value :  1.51127e-07
 Reference value :  1.51134e-07
 Reference value :  1.51145e-07
 Reference value :  1.51156e-07
 Reference value :  1.51164e-07
 Reference value :  1.51173e-07
 Reference value :  1.51193e-07
 Reference value :  1.51252e-07
 Reference value :  1.51286e-07
 Reference value :  1.51354e-07
 Reference value :  1.51406e-07
 Reference value :  1.51425e-07
 Reference value :  1.51459e-07
 Reference value :  1.51531e-07
 Reference value :  1.51592e-07
 Reference value :  1.51620e-07
 Reference value :  1.51635e-07
 Reference value :  1.51644e-07
 Reference value :  1.51662e-07
 Reference value :  1.51679e-07
 Reference value :  1.51689e-07
 Reference value :  1.51710e-07
 Reference value :  1.51768e-07
 Reference value :  1.51817e-07
 Reference value :  1.51836e-07
 Reference value :  1.51852e-07
 Reference value :  1.51890e-07
 Reference value :  1.51941e-07
 Reference value :  1.52001e-07
 Reference value :  1.52023e-07
 Reference value :  1.52047e-07
 Reference value :  1.52070e-07
 Reference value :  1.52079e-07
 Reference value :  1.52091e-07
 Reference value :  1.52104e-07
 Reference value :  1.52115e-07
 Reference value :  1.52127e-07
 Reference value :  1.52170e-07
 Reference value :  1.52211e-07
 Reference value :  1.52247e-07
 Reference value :  1.52325e-07
 Reference value :  1.52370e-07
 Reference value :  1.52404e-07
 Reference value :  1.52477e-07
 Reference value :  1.52538e-07
 Reference value :  1.52589e-07
 Reference value :  1.52606e-07
 Reference value :  1.52627e-07
 Reference value :  1.52634e-07
 Reference value :  1.52645e-07
 Reference value :  1.52665e-07
 Reference value :  1.52706e-07
 Reference value :  1.52773e-07
 Reference value :  1.52809e-07
 Reference value :  1.52846e-07
 Reference value :  1.52927e-07
 Reference value :  1.52979e-07
 Reference value :  1.53027e-07
 Reference value :  1.53042e-07
 Reference value :  1.53054e-07
 Reference value :  1.53064e-07
 Reference value :  1.53073e-07
 Reference value :  1.53081e-07
 Reference value :  1.53140e-07
 Reference value :  1.53177e-07
 Reference value :  1.53239e-07
 Reference value :  1.53290e-07
 Reference value :  1.53314e-07
 Reference value :  1.53349e-07
 Reference value :  1.53412e-07
 Reference value :  1.53440e-07
 Reference value :  1.53500e-07
 Reference value :  1.53544e-07
 Reference value :  1.53560e-07
 Reference value :  1.53580e-07
 Reference value :  1.53592e-07
 Reference value :  1.53603e-07
 Reference value :  1.53627e-07
 Reference value :  1.53677e-07
 Reference value :  1.53725e-07
 Reference value :  1.53761e-07
 Reference value :  1.53798e-07
 Reference value :  1.55896e-07
 Reference value :  1.58414e-07
 Reference value :  1.59269e-07
 Reference value :  1.59278e-07
 Reference value :  1.59296e-07
 Reference value :  1.59313e-07
 Reference value :  1.59323e-07
 Reference value :  1.59344e-07
 Reference value :  1.59383e-07
 Reference value :  1.59451e-07
 Reference value :  1.59486e-07
 Reference value :  1.59548e-07
 Reference value :  1.59604e-07
 Reference value :  1.59657e-07
 Reference value :  1.59704e-07
 Reference value :  1.59719e-07
 Reference value :  1.59738e-07
 Reference value :  1.59749e-07
 Reference value :  1.59753e-07
 Reference value :  1.59761e-07
 Reference value :  1.59784e-07
 Reference value :  1.59826e-07
 Reference value :  1.59845e-07
 Reference value :  1.59881e-07
 Reference value :  1.59929e-07
 Reference value :  1.59984e-07
 Reference value :  1.60019e-07
 Reference value :  1.60111e-07
 Reference value :  1.60172e-07
 Reference value :  1.60223e-07
 Reference value :  1.60233e-07
 Reference value :  1.60240e-07
 Reference value :  1.60261e-07
 Reference value :  1.60268e-07
 Reference value :  1.60279e-07
 Reference value :  1.60299e-07
 Reference value :  1.60340e-07
 Reference value :  1.60407e-07
 Reference value :  1.60443e-07
 Reference value :  1.60532e-07
 Reference value :  1.60591e-07
 Reference value :  1.60613e-07
 Reference value :  1.60661e-07
 Reference value :  1.60676e-07
 Reference value :  1.60692e-07
 Reference value :  1.60703e-07
 Reference value :  1.60707e-07
 Reference value :  1.60720e-07
 Reference value :  1.60774e-07
 Reference value :  1.60811e-07
 Reference value :  1.60848e-07
 Reference value :  1.60896e-07
 Reference value :  1.60948e-07
 Reference value :  1.60967e-07
 Reference value :  1.61001e-07
 Reference value :  1.61074e-07
 Reference value :  1.61103e-07
 Reference value :  1.61163e-07
 Reference value :  1.61187e-07
 Reference value :  1.61205e-07
 Reference value :  1.61221e-07
 Reference value :  1.61231e-07
 Reference value :  1.61252e-07
 Reference value :  1.61292e-07
 Reference value :  1.61359e-07
 Reference value :  1.61395e-07
 Reference value :  1.61457e-07
 Reference value :  1.61512e-07
 Reference value :  1.61566e-07
 Reference value :  1.61612e-07
 Reference value :  1.61628e-07
 Reference value :  1.61641e-07
 Reference value :  1.61653e-07
 Reference value :  1.61662e-07
 Reference value :  1.61670e-07
 Reference value :  1.61693e-07
 Reference value :  1.61754e-07
 Reference value :  1.61789e-07
 Reference value :  1.61838e-07
 Reference value :  1.61912e-07
 Reference value :  1.61947e-07
 Reference value :  1.62047e-07
 Reference value :  1.62132e-07
 Reference value :  1.62141e-07
 Reference value :  1.62160e-07
 Reference value :  1.62170e-07
 Reference value :  1.62181e-07
 Reference value :  1.62200e-07
 Reference value :  1.62249e-07
 Reference value :  1.62294e-07
 Reference value :  1.62316e-07
 Reference value :  1.62351e-07
 Reference value :  1.62440e-07
 Reference value :  1.62499e-07
 Reference value :  1.62544e-07
 Reference value :  1.62585e-07
 Reference value :  1.62596e-07
 Reference value :  1.62607e-07
 Reference value :  1.62615e-07
 Reference value :  1.62624e-07
 Reference value :  1.62662e-07
 Reference value :  1.62703e-07
 Reference value :  1.62737e-07
 Reference value :  1.62805e-07
 Reference value :  1.62857e-07
 Reference value :  1.62892e-07
 Reference value :  1.62982e-07
 Reference value :  1.63043e-07
 Reference value :  1.63086e-07
 Reference value :  1.63095e-07
 Reference value :  1.63113e-07
 Reference value :  1.63130e-07
 Reference value :  1.63134e-07
 Reference value :  1.63145e-07
 Reference value :  1.63170e-07
 Reference value :  1.63219e-07
 Reference value :  1.63268e-07
 Reference value :  1.63303e-07
 Reference value :  1.63365e-07
 Reference value :  1.63421e-07
 Reference value :  1.63474e-07
 Reference value :  1.63521e-07
 Reference value :  1.63542e-07
 Reference value :  1.63562e-07
 Reference value :  1.63570e-07
 Reference value :  1.63578e-07
 Reference value :  1.63622e-07
 Reference value :  1.63662e-07
 Reference value :  1.63698e-07
 Reference value :  1.63746e-07
 Reference value :  1.63801e-07
 Reference value :  1.63836e-07
 Reference value :  1.63928e-07
 Reference value :  1.64020e-07
 Reference value :  1.64040e-07
 Reference value :  1.64057e-07
 Reference value :  1.64085e-07
 Reference value :  1.64096e-07
 Reference value :  1.64117e-07
 Reference value :  1.64157e-07
 Reference value :  1.64224e-07
 Reference value :  1.64244e-07
 Reference value :  1.64297e-07
 Reference value :  1.64349e-07
 Reference value :  1.64408e-07
 Reference value :  1.64430e-07
 Reference value :  1.64478e-07
 Reference value :  1.64493e-07
 Reference value :  1.64498e-07
 Reference value :  1.64515e-07
 Reference value :  1.64524e-07
 Reference value :  1.64537e-07
 Reference value :  1.64571e-07
 Reference value :  1.64611e-07
 Reference value :  1.64646e-07
 Reference value :  1.64690e-07
 Reference value :  1.64741e-07
 Reference value :  1.64784e-07
 Reference value :  1.64838e-07
 Reference value :  1.64891e-07
 Reference value :  1.64920e-07
 Reference value :  1.64980e-07
 Reference value :  1.64995e-07
 Reference value :  1.65004e-07
 Reference value :  1.65011e-07
 Reference value :  1.65031e-07
 Reference value :  1.65043e-07
 Reference value :  1.65048e-07
 Reference value :  1.65069e-07
 Reference value :  1.65109e-07
 Reference value :  1.65176e-07
 Reference value :  1.65212e-07
 Reference value :  1.65301e-07
 Reference value :  1.65360e-07
 Reference value :  1.65406e-07
 Reference value :  1.65429e-07
 Reference value :  1.65445e-07
 Reference value :  1.65450e-07
 Reference value :  1.65464e-07
 Reference value :  1.65475e-07
 Reference value :  1.65483e-07
 Reference value :  1.65497e-07
 Reference value :  1.65530e-07
 Reference value :  1.65571e-07
 Reference value :  1.65628e-07
 Reference value :  1.65684e-07
 Reference value :  1.65729e-07
 Reference value :  1.65784e-07
 Reference value :  1.65864e-07
 Reference value :  1.65949e-07
 Reference value :  1.65966e-07
 Reference value :  1.65987e-07
 Reference value :  1.65998e-07
 Reference value :  1.66017e-07
 Reference value :  1.66048e-07
 Reference value :  1.66084e-07
 Reference value :  1.66133e-07
 Reference value :  1.66168e-07
 Reference value :  1.66230e-07
 Reference value :  1.66257e-07
 Reference value :  1.66316e-07
 Reference value :  1.66338e-07
 Reference value :  1.66386e-07
 Reference value :  1.66402e-07
 Reference value :  1.66413e-07
 Reference value :  1.66424e-07
 Reference value :  1.66429e-07
 Reference value :  1.66437e-07
 Reference value :  1.66461e-07
 Reference value :  1.66500e-07
 Reference value :  1.66536e-07
 Reference value :  1.66598e-07
 Reference value :  1.66649e-07
 Reference value :  1.66693e-07
 Reference value :  1.66727e-07
 Reference value :  1.66771e-07
 Reference value :  1.66799e-07
 Reference value :  1.66829e-07
 Reference value :  1.66888e-07
 Reference value :  1.66903e-07
 Reference value :  1.66912e-07
 Reference value :  1.66940e-07
 Reference value :  1.66951e-07
 Reference value :  1.66969e-07
 Reference value :  1.67017e-07
 Reference value :  1.67085e-07
 Reference value :  1.67120e-07
 Reference value :  1.67158e-07
 Reference value :  1.67209e-07
 Reference value :  1.67269e-07
 Reference value :  1.67315e-07
 Reference value :  1.67338e-07
 Reference value :  1.67347e-07
 Reference value :  1.67359e-07
 Reference value :  1.67372e-07
 Reference value :  1.67383e-07
 Reference value :  1.67391e-07
 Reference value :  1.67400e-07
 Reference value :  1.67418e-07
 Reference value :  1.67439e-07
 Reference value :  1.67479e-07
 Reference value :  1.67515e-07
 Reference value :  1.67563e-07
 Reference value :  1.67618e-07
 Reference value :  1.67653e-07
 Reference value :  1.67715e-07
 Reference value :  1.67773e-07
 Reference value :  1.67857e-07
 Reference value :  1.67874e-07
 Reference value :  1.67895e-07
 Reference value :  1.67907e-07
 Reference value :  1.67918e-07
 Reference value :  1.67944e-07
 Reference value :  1.67974e-07
 Reference value :  1.68041e-07
 Reference value :  1.68077e-07
 Reference value :  1.68139e-07
 Reference value :  1.68195e-07
 Reference value :  1.68225e-07
 Reference value :  1.68247e-07
 Reference value :  1.68295e-07
 Reference value :  1.68310e-07
 Reference value :  1.68326e-07
 Reference value :  1.68337e-07
 Reference value :  1.68345e-07
 Reference value :  1.68370e-07
 Reference value :  1.68428e-07
 Reference value :  1.68463e-07
 Reference value :  1.68530e-07
 Reference value :  1.68582e-07
 Reference value :  1.68601e-07
 Reference value :  1.68635e-07
 Reference value :  1.68680e-07
 Reference value :  1.68737e-07
 Reference value :  1.68812e-07
 Reference value :  1.68828e-07
 Reference value :  1.68848e-07
 Reference value :  1.68860e-07
 Reference value :  1.68871e-07
 Reference value :  1.68896e-07
 Reference value :  1.68993e-07
 Reference value :  1.69029e-07
 Reference value :  1.69118e-07
 Reference value :  1.69177e-07
 Reference value :  1.69223e-07
 Reference value :  1.69255e-07
 Reference value :  1.69267e-07
 Reference value :  1.69288e-07
 Reference value :  1.69296e-07
 Reference value :  1.69304e-07
 Reference value :  1.69347e-07
 Reference value :  1.69405e-07
 Reference value :  1.69472e-07
 Reference value :  1.69526e-07
 Reference value :  1.69562e-07
 Reference value :  1.69624e-07
 Reference value :  1.69681e-07
 Reference value :  1.69766e-07
 Reference value :  1.69783e-07
 Reference value :  1.69804e-07
 Reference value :  1.69815e-07
 Reference value :  1.69834e-07
 Reference value :  1.69865e-07
 Reference value :  1.69928e-07
 Reference value :  1.69969e-07
 Reference value :  1.70003e-07
 Reference value :  1.70075e-07
 Reference value :  1.70133e-07
 Reference value :  1.70178e-07
 Reference value :  1.70219e-07
 Reference value :  1.70230e-07
 Reference value :  1.70241e-07
 Reference value :  1.70249e-07
 Reference value :  1.70262e-07
 Reference value :  1.70296e-07
 Reference value :  1.70337e-07
 Reference value :  1.70371e-07
 Reference value :  1.70439e-07
 Reference value :  1.70491e-07
 Reference value :  1.70526e-07
 Reference value :  1.70616e-07
 Reference value :  1.70705e-07
 Reference value :  1.70729e-07
 Reference value :  1.70747e-07
 Reference value :  1.70764e-07
 Reference value :  1.70774e-07
 Reference value :  1.70804e-07
 Reference value :  1.70854e-07
 Reference value :  1.70902e-07
 Reference value :  1.70937e-07
 Reference value :  1.70999e-07
 Reference value :  1.71026e-07
 Reference value :  1.71086e-07
 Reference value :  1.71108e-07
 Reference value :  1.71155e-07
 Reference value :  1.71170e-07
 Reference value :  1.71190e-07
 Reference value :  1.71200e-07
 Reference value :  1.71208e-07
 Reference value :  1.71223e-07
 Reference value :  1.71278e-07
 Reference value :  1.71296e-07
 Reference value :  1.71353e-07
 Reference value :  1.71435e-07
 Reference value :  1.71470e-07
 Reference value :  1.71532e-07
 Reference value :  1.71590e-07
 Reference value :  1.71654e-07
 Reference value :  1.71674e-07
 Reference value :  1.71684e-07
 Reference value :  1.71703e-07
 Reference value :  1.71712e-07
 Reference value :  1.71724e-07
 Reference value :  1.71743e-07
 Reference value :  1.71773e-07
 Reference value :  1.71810e-07
 Reference value :  1.71858e-07
 Reference value :  1.71894e-07
 Reference value :  1.71931e-07
 Reference value :  1.71983e-07
 Reference value :  1.72042e-07
 Reference value :  1.72087e-07
 Reference value :  1.72127e-07
 Reference value :  1.72143e-07
 Reference value :  1.72154e-07
 Reference value :  1.72162e-07
 Reference value :  1.72176e-07
 Reference value :  1.72226e-07
 Reference value :  1.72262e-07
 Reference value :  1.72299e-07
 Reference value :  1.72347e-07
 Reference value :  1.72399e-07
 Reference value :  1.72418e-07
 Reference value :  1.72452e-07
 Reference value :  1.72525e-07
 Reference value :  1.72554e-07
 Reference value :  1.72614e-07
 Reference value :  1.72638e-07
 Reference value :  1.72665e-07
 Reference value :  1.72677e-07
 Reference value :  1.72688e-07
 Reference value :  1.72725e-07
 Reference value :  1.72787e-07
 Reference value :  1.72830e-07
 Reference value :  1.72864e-07
 Reference value :  1.72935e-07
 Reference value :  1.72994e-07
 Reference value :  1.73040e-07
 Reference value :  1.73072e-07
 Reference value :  1.73084e-07
 Reference value :  1.73109e-07
 Reference value :  1.73117e-07
 Reference value :  1.73132e-07
 Reference value :  1.73164e-07
 Reference value :  1.73222e-07
 Reference value :  1.73262e-07
 Reference value :  1.73343e-07
 Reference value :  1.73379e-07
 Reference value :  1.73441e-07
 Reference value :  1.73498e-07
 Reference value :  1.73583e-07
 Reference value :  1.73592e-07
 Reference value :  1.73611e-07
 Reference value :  1.73628e-07
 Reference value :  1.73632e-07
 Reference value :  1.73651e-07
 Reference value :  1.73682e-07
 Reference value :  1.73700e-07
 Reference value :  1.73767e-07
 Reference value :  1.73802e-07
 Reference value :  1.73840e-07
 Reference value :  1.73892e-07
 Reference value :  1.73950e-07
 Reference value :  1.73995e-07
 Reference value :  1.74029e-07
 Reference value :  1.74041e-07
 Reference value :  1.74058e-07
 Reference value :  1.74066e-07
 Reference value :  1.74075e-07
 Reference value :  1.74095e-07
 Reference value :  1.74134e-07
 Reference value :  1.74154e-07
 Reference value :  1.74188e-07
 Reference value :  1.74232e-07
 Reference value :  1.74283e-07
 Reference value :  1.74327e-07
 Reference value :  1.74380e-07
 Reference value :  1.74433e-07
 Reference value :  1.74463e-07
 Reference value :  1.74537e-07
 Reference value :  1.74554e-07
 Reference value :  1.74581e-07
 Reference value :  1.74597e-07
 Reference value :  1.74621e-07
 Reference value :  1.74696e-07
 Reference value :  1.74738e-07
 Reference value :  1.74773e-07
 Reference value :  1.74843e-07
 Reference value :  1.74903e-07
 Reference value :  1.74949e-07
 Reference value :  1.74987e-07
 Reference value :  1.75001e-07
 Reference value :  1.75013e-07
 Reference value :  1.75017e-07
 Reference value :  1.75025e-07
 Reference value :  1.75034e-07
 Reference value :  1.75073e-07
 Reference value :  1.75113e-07
 Reference value :  1.75149e-07
 Reference value :  1.75227e-07
 Reference value :  1.75272e-07
 Reference value :  1.75307e-07
 Reference value :  1.75379e-07
 Reference value :  1.75407e-07
 Reference value :  1.75491e-07
 Reference value :  1.75501e-07
 Reference value :  1.75508e-07
 Reference value :  1.75529e-07
 Reference value :  1.75541e-07
 Reference value :  1.75560e-07
 Reference value :  1.75608e-07
 Reference value :  1.75675e-07
 Reference value :  1.75711e-07
 Reference value :  1.75748e-07
 Reference value :  1.75800e-07
 Reference value :  1.75881e-07
 Reference value :  1.75938e-07
 Reference value :  1.75949e-07
 Reference value :  1.75966e-07
 Reference value :  1.75971e-07
 Reference value :  1.75979e-07
 Reference value :  1.75993e-07
 Reference value :  1.76043e-07
 Reference value :  1.76079e-07
 Reference value :  1.76141e-07
 Reference value :  1.76192e-07
 Reference value :  1.76235e-07
 Reference value :  1.76289e-07
 Reference value :  1.76371e-07
 Reference value :  1.76431e-07
 Reference value :  1.76455e-07
 Reference value :  1.76473e-07
 Reference value :  1.76489e-07
 Reference value :  1.76499e-07
 Reference value :  1.76530e-07
 Reference value :  1.76579e-07
 Reference value :  1.76627e-07
 Reference value :  1.76663e-07
 Reference value :  1.76700e-07
 Reference value :  1.76752e-07
 Reference value :  1.76811e-07
 Reference value :  1.76857e-07
 Reference value :  1.76889e-07
 Reference value :  1.76901e-07
 Reference value :  1.76915e-07
 Reference value :  1.76926e-07
 Reference value :  1.76934e-07
 Reference value :  1.76942e-07
 Reference value :  1.76981e-07
 Reference value :  1.77039e-07
 Reference value :  1.77106e-07
 Reference value :  1.77160e-07
 Reference value :  1.77196e-07
 Reference value :  1.77258e-07
 Reference value :  1.77349e-07
 Reference value :  1.77409e-07
 Reference value :  1.77428e-07
 Reference value :  1.77438e-07
 Reference value :  1.77449e-07
 Reference value :  1.77468e-07
 Reference value :  1.77499e-07
 Reference value :  1.77517e-07
 Reference value :  1.77584e-07
 Reference value :  1.77603e-07
 Reference value :  1.77637e-07
 Reference value :  1.77681e-07
 Reference value :  1.77738e-07
 Reference value :  1.77767e-07
 Reference value :  1.77812e-07
 Reference value :  1.77846e-07
 Reference value :  1.77858e-07
 Reference value :  1.77869e-07
 Reference value :  1.77880e-07
 Reference value :  1.77888e-07
 Reference value :  1.77902e-07
 Reference value :  1.77951e-07
 Reference value :  1.77987e-07
 Reference value :  1.78049e-07
 Reference value :  1.78100e-07
 Reference value :  1.78125e-07
 Reference value :  1.78144e-07
 Reference value :  1.78178e-07
 Reference value :  1.78250e-07
 Reference value :  1.78339e-07
 Reference value :  1.78363e-07
 Reference value :  1.78391e-07
 Reference value :  1.78398e-07
 Reference value :  1.78402e-07
 Reference value :  1.78414e-07
 Reference value :  1.78450e-07
 Reference value :  1.78513e-07
 Reference value :  1.78536e-07
 Reference value :  1.78571e-07
 Reference value :  1.78609e-07
 Reference value :  1.78660e-07
 Reference value :  1.78720e-07
 Reference value :  1.78742e-07
 Reference value :  1.78766e-07
 Reference value :  1.78789e-07
 Reference value :  1.78804e-07
 Reference value :  1.78824e-07
 Reference value :  1.78835e-07
 Reference value :  1.78842e-07
 Reference value :  1.78857e-07
 Reference value :  1.78890e-07
 Reference value :  1.78930e-07
 Reference value :  1.78987e-07
 Reference value :  1.79069e-07
 Reference value :  1.79104e-07
 Reference value :  1.79167e-07
 Reference value :  1.79224e-07
 Reference value :  1.79308e-07
 Reference value :  1.79325e-07
 Reference value :  1.79346e-07
 Reference value :  1.79358e-07
 Reference value :  1.79377e-07
 Reference value :  1.79426e-07
 Reference value :  1.79492e-07
 Reference value :  1.79528e-07
 Reference value :  1.79590e-07
 Reference value :  1.79646e-07
 Reference value :  1.79698e-07
 Reference value :  1.79746e-07
 Reference value :  1.79761e-07
 Reference value :  1.79766e-07
 Reference value :  1.79777e-07
 Reference value :  1.79788e-07
 Reference value :  1.79792e-07
 Reference value :  1.79801e-07
 Reference value :  1.79839e-07
 Reference value :  1.79880e-07
 Reference value :  1.79933e-07
 Reference value :  1.79981e-07
 Reference value :  1.80033e-07
 Reference value :  1.80052e-07
 Reference value :  1.80068e-07
 Reference value :  1.80131e-07
 Reference value :  1.80159e-07
 Reference value :  1.80220e-07
 Reference value :  1.80248e-07
 Reference value :  1.80272e-07
 Reference value :  1.80299e-07
 Reference value :  1.80311e-07
 Reference value :  1.80329e-07
 Reference value :  1.80377e-07
 Reference value :  1.80444e-07
 Reference value :  1.80480e-07
 Reference value :  1.80569e-07
 Reference value :  1.80651e-07
 Reference value :  1.80674e-07
 Reference value :  1.80697e-07
 Reference value :  1.80706e-07
 Reference value :  1.80713e-07
 Reference value :  1.80726e-07
 Reference value :  1.80739e-07
 Reference value :  1.80743e-07
 Reference value :  1.80751e-07
 Reference value :  1.80766e-07
 Reference value :  1.80798e-07
 Reference value :  1.80839e-07
 Reference value :  1.80875e-07
 Reference value :  1.80977e-07
 Reference value :  1.81013e-07
 Reference value :  1.81052e-07
 Reference value :  1.81132e-07
 Reference value :  1.81196e-07
 Reference value :  1.81217e-07
 Reference value :  1.81226e-07
 Reference value :  1.81245e-07
 Reference value :  1.81262e-07
 Reference value :  1.81293e-07
 Reference value :  1.81353e-07
 Reference value :  1.81420e-07
 Reference value :  1.81454e-07
 Reference value :  1.81526e-07
 Reference value :  1.81584e-07
 Reference value :  1.81606e-07
 Reference value :  1.81654e-07
 Reference value :  1.81670e-07
 Reference value :  1.81681e-07
 Reference value :  1.81692e-07
 Reference value :  1.81700e-07
 Reference value :  1.81709e-07
 Reference value :  1.81729e-07
 Reference value :  1.81788e-07
 Reference value :  1.81822e-07
 Reference value :  1.81866e-07
 Reference value :  1.81942e-07
 Reference value :  1.81995e-07
 Reference value :  1.82097e-07
 Reference value :  1.82180e-07
 Reference value :  1.82215e-07
 Reference value :  1.82225e-07
 Reference value :  1.82246e-07
 Reference value :  1.82286e-07
 Reference value :  1.82353e-07
 Reference value :  1.82373e-07
 Reference value :  1.82388e-07
 Reference value :  1.82426e-07
 Reference value :  1.82506e-07
 Reference value :  1.82559e-07
 Reference value :  1.82606e-07
 Reference value :  1.82621e-07
 Reference value :  1.82635e-07
 Reference value :  1.82647e-07
 Reference value :  1.82655e-07
 Reference value :  1.82668e-07
 Reference value :  1.82707e-07
 Reference value :  1.82747e-07
 Reference value :  1.82765e-07
 Reference value :  1.82831e-07
 Reference value :  1.82886e-07
 Reference value :  1.82921e-07
 Reference value :  1.82984e-07
 Reference value :  1.83041e-07
 Reference value :  1.83125e-07
 Reference value :  1.83143e-07
 Reference value :  1.83163e-07
 Reference value :  1.83175e-07
 Reference value :  1.83194e-07
 Reference value :  1.83243e-07
 Reference value :  1.83309e-07
 Reference value :  1.83345e-07
 Reference value :  1.83407e-07
 Reference value :  1.83434e-07
 Reference value :  1.83493e-07
 Reference value :  1.83538e-07
 Reference value :  1.83572e-07
 Reference value :  1.83583e-07
 Reference value :  1.83601e-07
 Reference value :  1.83609e-07
 Reference value :  1.83618e-07
 Reference value :  1.83656e-07
 Reference value :  1.83697e-07
 Reference value :  1.83750e-07
 Reference value :  1.83826e-07
 Reference value :  1.83869e-07
 Reference value :  1.83948e-07
 Reference value :  1.83976e-07
 Reference value :  1.84005e-07
 Reference value :  1.84080e-07
 Reference value :  1.84096e-07
 Reference value :  1.84116e-07
 Reference value :  1.84128e-07
 Reference value :  1.84139e-07
 Reference value :  1.84164e-07
 Reference value :  1.84213e-07
 Reference value :  1.84281e-07
 Reference value :  1.84315e-07
 Reference value :  1.84386e-07
 Reference value :  1.84445e-07
 Reference value :  1.84491e-07
 Reference value :  1.84523e-07
 Reference value :  1.84530e-07
 Reference value :  1.84549e-07
 Reference value :  1.84560e-07
 Reference value :  1.84568e-07
 Reference value :  1.84576e-07
 Reference value :  1.84615e-07
 Reference value :  1.84656e-07
 Reference value :  1.84692e-07
 Reference value :  1.84769e-07
 Reference value :  1.84794e-07
 Reference value :  1.84830e-07
 Reference value :  1.84892e-07
 Reference value :  1.84949e-07
 Reference value :  1.85013e-07
 Reference value :  1.85034e-07
 Reference value :  1.85043e-07
 Reference value :  1.85062e-07
 Reference value :  1.85079e-07
 Reference value :  1.85089e-07
 Reference value :  1.85110e-07
 Reference value :  1.85151e-07
 Reference value :  1.85218e-07
 Reference value :  1.85237e-07
 Reference value :  1.85271e-07
 Reference value :  1.85315e-07
 Reference value :  1.85372e-07
 Reference value :  1.85423e-07
 Reference value :  1.85480e-07
 Reference value :  1.85492e-07
 Reference value :  1.85503e-07
 Reference value :  1.85514e-07
 Reference value :  1.85522e-07
 Reference value :  1.85531e-07
 Reference value :  1.85564e-07
 Reference value :  1.85605e-07
 Reference value :  1.85639e-07
 Reference value :  1.85707e-07
 Reference value :  1.85759e-07
 Reference value :  1.85794e-07
 Reference value :  1.85885e-07
 Reference value :  1.85945e-07
 Reference value :  1.85988e-07
 Reference value :  1.86005e-07
 Reference value :  1.86025e-07
 Reference value :  1.86037e-07
 Reference value :  1.86054e-07
 Reference value :  1.86084e-07
 Reference value :  1.86147e-07
 Reference value :  1.86190e-07
 Reference value :  1.86224e-07
 Reference value :  1.86294e-07
 Reference value :  1.86354e-07
 Reference value :  1.86400e-07
 Reference value :  1.86432e-07
 Reference value :  1.86444e-07
 Reference value :  1.86464e-07
 Reference value :  1.86472e-07
 Reference value :  1.86481e-07
 Reference value :  1.86491e-07
 Reference value :  1.86524e-07
 Reference value :  1.86564e-07
 Reference value :  1.86582e-07
 Reference value :  1.86621e-07
 Reference value :  1.86703e-07
 Reference value :  1.86723e-07
 Reference value :  1.86738e-07
 Reference value :  1.86801e-07
 Reference value :  1.86858e-07
 Reference value :  1.86922e-07
 Reference value :  1.86942e-07
 Reference value :  1.86952e-07
 Reference value :  1.86971e-07
 Reference value :  1.86987e-07
 Reference value :  1.86998e-07
 Reference value :  1.87019e-07
 Reference value :  1.87060e-07
 Reference value :  1.87126e-07
 Reference value :  1.87162e-07
 Reference value :  1.87199e-07
 Reference value :  1.87251e-07
 Reference value :  1.87310e-07
 Reference value :  1.87355e-07
 Reference value :  1.87389e-07
 Reference value :  1.87395e-07
 Reference value :  1.87407e-07
 Reference value :  1.87418e-07
 Reference value :  1.87426e-07
 Reference value :  1.87444e-07
 Reference value :  1.87514e-07
 Reference value :  1.87567e-07
 Reference value :  1.87615e-07
 Reference value :  1.87667e-07
 Reference value :  1.87703e-07
 Reference value :  1.87740e-07
 Reference value :  1.87793e-07
 Reference value :  1.87854e-07
 Reference value :  1.87897e-07
 Reference value :  1.87913e-07
 Reference value :  1.87933e-07
 Reference value :  1.87940e-07
 Reference value :  1.87945e-07
 Reference value :  1.87956e-07
 Reference value :  1.87981e-07
 Reference value :  1.88030e-07
 Reference value :  1.88078e-07
 Reference value :  1.88098e-07
 Reference value :  1.88132e-07
 Reference value :  1.88176e-07
 Reference value :  1.88231e-07
 Reference value :  1.88285e-07
 Reference value :  1.88331e-07
 Reference value :  1.88347e-07
 Reference value :  1.88366e-07
 Reference value :  1.88377e-07
 Reference value :  1.88385e-07
 Reference value :  1.88394e-07
 Reference value :  1.88432e-07
 Reference value :  1.88490e-07
 Reference value :  1.88557e-07
 Reference value :  1.88611e-07
 Reference value :  1.88647e-07
 Reference value :  1.88739e-07
 Reference value :  1.88800e-07
 Reference value :  1.88851e-07
 Reference value :  1.88868e-07
 Reference value :  1.88896e-07
 Reference value :  1.88900e-07
 Reference value :  1.88927e-07
 Reference value :  1.88968e-07
 Reference value :  1.89035e-07
 Reference value :  1.89070e-07
 Reference value :  1.89132e-07
 Reference value :  1.89160e-07
 Reference value :  1.89218e-07
 Reference value :  1.89240e-07
 Reference value :  1.89263e-07
 Reference value :  1.89298e-07
 Reference value :  1.89309e-07
 Reference value :  1.89326e-07
 Reference value :  1.89334e-07
 Reference value :  1.89343e-07
 Reference value :  1.89381e-07
 Reference value :  1.89422e-07
 Reference value :  1.89500e-07
 Reference value :  1.89576e-07
 Reference value :  1.89595e-07
 Reference value :  1.89629e-07
 Reference value :  1.89702e-07
 Reference value :  1.89731e-07
 Reference value :  1.89790e-07
 Reference value :  1.89805e-07
 Reference value :  1.89822e-07
 Reference value :  1.89842e-07
 Reference value :  1.89854e-07
 Reference value :  1.89871e-07
 Reference value :  1.89901e-07
 Reference value :  1.89964e-07
 Reference value :  1.90007e-07
 Reference value :  1.90041e-07
 Reference value :  1.90111e-07
 Reference value :  1.90171e-07
 Reference value :  1.90217e-07
 Reference value :  1.90249e-07
 Reference value :  1.90269e-07
 Reference value :  1.90286e-07
 Reference value :  1.90298e-07
 Reference value :  1.90341e-07
 Reference value :  1.90381e-07
 Reference value :  1.90417e-07
 Reference value :  1.90495e-07
 Reference value :  1.90540e-07
 Reference value :  1.90594e-07
 Reference value :  1.90708e-07
 Reference value :  1.90769e-07
 Reference value :  1.90797e-07
 Reference value :  1.90815e-07
 Reference value :  1.90836e-07
 Reference value :  1.90877e-07
 Reference value :  1.90943e-07
 Reference value :  1.90979e-07
 Reference value :  1.91016e-07
 Reference value :  1.91068e-07
 Reference value :  1.91127e-07
 Reference value :  1.91149e-07
 Reference value :  1.91172e-07
 Reference value :  1.91206e-07
 Reference value :  1.91218e-07
 Reference value :  1.91228e-07
 Reference value :  1.91235e-07
 Reference value :  1.91243e-07
 Reference value :  1.91252e-07
 Reference value :  1.91261e-07
 Reference value :  1.91311e-07
 Reference value :  1.91347e-07
 Reference value :  1.91409e-07
 Reference value :  1.91460e-07
 Reference value :  1.91484e-07
 Reference value :  1.91520e-07
 Reference value :  1.91582e-07
 Reference value :  1.91639e-07
 Reference value :  1.91699e-07
 Reference value :  1.91723e-07
 Reference value :  1.91730e-07
 Reference value :  1.91750e-07
 Reference value :  1.91762e-07
 Reference value :  1.91780e-07
 Reference value :  1.91810e-07
 Reference value :  1.91895e-07
 Reference value :  1.91915e-07
 Reference value :  1.91949e-07
 Reference value :  1.91993e-07
 Reference value :  1.92048e-07
 Reference value :  1.92102e-07
 Reference value :  1.92148e-07
 Reference value :  1.92164e-07
 Reference value :  1.92177e-07
 Reference value :  1.92190e-07
 Reference value :  1.92198e-07
 Reference value :  1.92206e-07
 Reference value :  1.92229e-07
 Reference value :  1.92290e-07
 Reference value :  1.92326e-07
 Reference value :  1.92404e-07
 Reference value :  1.92448e-07
 Reference value :  1.92483e-07
 Reference value :  1.92556e-07
 Reference value :  1.92617e-07
 Reference value :  1.92668e-07
 Reference value :  1.92678e-07
 Reference value :  1.92696e-07
 Reference value :  1.92706e-07
 Reference value :  1.92713e-07
 Reference value :  1.92717e-07
 Reference value :  1.92736e-07
 Reference value :  1.92767e-07
 Reference value :  1.92804e-07
 Reference value :  1.92852e-07
 Reference value :  1.92887e-07
 Reference value :  1.92925e-07
 Reference value :  1.92977e-07
 Reference value :  1.93035e-07
 Reference value :  1.93080e-07
 Reference value :  1.93115e-07
 Reference value :  1.93121e-07
 Reference value :  1.93132e-07
 Reference value :  1.93143e-07
 Reference value :  1.93148e-07
 Reference value :  1.93156e-07
 Reference value :  1.93165e-07
 Reference value :  1.93198e-07
 Reference value :  1.93239e-07
 Reference value :  1.93273e-07
 Reference value :  1.93341e-07
 Reference value :  1.93393e-07
 Reference value :  1.93428e-07
 Reference value :  1.93490e-07
 Reference value :  1.93519e-07
 Reference value :  1.93579e-07
 Reference value :  1.93622e-07
 Reference value :  1.93632e-07
 Reference value :  1.93639e-07
 Reference value :  1.93659e-07
 Reference value :  1.93666e-07
 Reference value :  1.93671e-07
 Reference value :  1.93682e-07
 Reference value :  1.93706e-07
 Reference value :  1.93756e-07
 Reference value :  1.93804e-07
 Reference value :  1.93840e-07
 Reference value :  1.93901e-07
 Reference value :  1.93928e-07
 Reference value :  1.93988e-07
 Reference value :  1.94034e-07
 Reference value :  1.94057e-07
 Reference value :  1.94066e-07
 Reference value :  1.94072e-07
 Reference value :  1.94078e-07
 Reference value :  1.94092e-07
 Reference value :  1.94106e-07
 Reference value :  1.94115e-07
 Reference value :  1.94125e-07
 Reference value :  1.94158e-07
 Reference value :  1.94198e-07
 Reference value :  1.94216e-07
 Reference value :  1.94255e-07
 Reference value :  1.94337e-07
 Reference value :  1.94372e-07
 Reference value :  1.94435e-07
 Reference value :  1.94492e-07
 Reference value :  1.94576e-07
 Reference value :  1.94594e-07
 Reference value :  1.94614e-07
 Reference value :  1.94626e-07
 Reference value :  1.94663e-07
 Reference value :  1.94694e-07
 Reference value :  1.94760e-07
 Reference value :  1.94796e-07
 Reference value :  1.94885e-07
 Reference value :  1.94966e-07
 Reference value :  1.95014e-07
 Reference value :  1.95029e-07
 Reference value :  1.95041e-07
 Reference value :  1.95052e-07
 Reference value :  1.95060e-07
 Reference value :  1.95073e-07
 Reference value :  1.95107e-07
 Reference value :  1.95148e-07
 Reference value :  1.95182e-07
 Reference value :  1.95226e-07
 Reference value :  1.95277e-07
 Reference value :  1.95301e-07
 Reference value :  1.95320e-07
 Reference value :  1.95374e-07
 Reference value :  1.95427e-07
 Reference value :  1.95488e-07
 Reference value :  1.95531e-07
 Reference value :  1.95547e-07
 Reference value :  1.95567e-07
 Reference value :  1.95574e-07
 Reference value :  1.95584e-07
 Reference value :  1.95605e-07
 Reference value :  1.95664e-07
 Reference value :  1.95732e-07
 Reference value :  1.95766e-07
 Reference value :  1.95837e-07
 Reference value :  1.95897e-07
 Reference value :  1.95943e-07
 Reference value :  1.95965e-07
 Reference value :  1.95975e-07
 Reference value :  1.95981e-07
 Reference value :  1.95994e-07
 Reference value :  1.96011e-07
 Reference value :  1.96019e-07
 Reference value :  1.96028e-07
 Reference value :  1.96066e-07
 Reference value :  1.96124e-07
 Reference value :  1.96221e-07
 Reference value :  1.96265e-07
 Reference value :  1.96300e-07
 Reference value :  1.96400e-07
 Reference value :  1.96485e-07
 Reference value :  1.96502e-07
 Reference value :  1.96523e-07
 Reference value :  1.96534e-07
 Reference value :  1.96561e-07
 Reference value :  1.96602e-07
 Reference value :  1.96669e-07
 Reference value :  1.96705e-07
 Reference value :  1.96767e-07
 Reference value :  1.96852e-07
 Reference value :  1.96874e-07
 Reference value :  1.96932e-07
 Reference value :  1.96943e-07
 Reference value :  1.96960e-07
 Reference value :  1.96969e-07
 Reference value :  1.96987e-07
 Reference value :  1.97036e-07
 Reference value :  1.97056e-07
 Reference value :  1.97090e-07
 Reference value :  1.97158e-07
 Reference value :  1.97229e-07
 Reference value :  1.97282e-07
 Reference value :  1.97336e-07
 Reference value :  1.97365e-07
 Reference value :  1.97424e-07
 Reference value :  1.97449e-07
 Reference value :  1.97476e-07
 Reference value :  1.97488e-07
 Reference value :  1.97499e-07
 Reference value :  1.97523e-07
 Reference value :  1.97573e-07
 Reference value :  1.97621e-07
 Reference value :  1.97641e-07
 Reference value :  1.97657e-07
 Reference value :  1.97694e-07
 Reference value :  1.97745e-07
 Reference value :  1.97805e-07
 Reference value :  1.97851e-07
 Reference value :  1.97883e-07
 Reference value :  1.97895e-07
 Reference value :  1.97909e-07
 Reference value :  1.97923e-07
 Reference value :  1.97932e-07
 Reference value :  1.97954e-07
 Reference value :  1.97997e-07
 Reference value :  1.98033e-07
 Reference value :  1.98129e-07
 Reference value :  1.98174e-07
 Reference value :  1.98209e-07
 Reference value :  1.98309e-07
 Reference value :  1.98393e-07
 Reference value :  1.98403e-07
 Reference value :  1.98431e-07
 Reference value :  1.98443e-07
 Reference value :  1.98454e-07
 Reference value :  1.98480e-07
 Reference value :  1.98529e-07
 Reference value :  1.98597e-07
 Reference value :  1.98650e-07
 Reference value :  1.98702e-07
 Reference value :  1.98761e-07
 Reference value :  1.98783e-07
 Reference value :  1.98806e-07
 Reference value :  1.98840e-07
 Reference value :  1.98852e-07
 Reference value :  1.98869e-07
 Reference value :  1.98877e-07
 Reference value :  1.98886e-07
 Reference value :  1.98906e-07
 Reference value :  1.98965e-07
 Reference value :  1.98999e-07
 Reference value :  1.99043e-07
 Reference value :  1.99066e-07
 Reference value :  1.99118e-07
 Reference value :  1.99137e-07
 Reference value :  1.99171e-07
 Reference value :  1.99244e-07
 Reference value :  1.99273e-07
 Reference value :  1.99333e-07
 Reference value :  1.99357e-07
 Reference value :  1.99384e-07
 Reference value :  1.99396e-07
 Reference value :  1.99407e-07
 Reference value :  1.99444e-07
 Reference value :  1.99507e-07
 Reference value :  1.99549e-07
 Reference value :  1.99565e-07
 Reference value :  1.99627e-07
 Reference value :  1.99654e-07
 Reference value :  1.99714e-07
 Reference value :  1.99760e-07
 Reference value :  1.99792e-07
 Reference value :  1.99804e-07
 Reference value :  1.99817e-07
 Reference value :  1.99832e-07
 Reference value :  1.99851e-07
 Reference value :  1.99905e-07
 Reference value :  1.99941e-07
 Reference value :  1.99981e-07
No. of Data Rows : 12447
sim/harness: analysis complete
Note: Simulation executed from .control section 
