
Note: Compatibility modes selected: hs a


Circuit: ** sch_path: /home/ubuntu/github/sky130-pll/.loom/worktrees/issue-130/sim/divider-n64/testbench/tb_divider_n64.sch

option SCALE: Scale is set to 1e-06 for instance and model parameters
option SCALE: Scale is set to 1e-06 for instance and model parameters
option SCALE: Scale is set to 1e-06 for instance and model parameters
option SCALE: Scale is set to 1e-06 for instance and model parameters
Doing analysis at TEMP = -40.000000 and TNOM = 27.000000

Using KLU as Direct Linear Solver
 Reference value :  0.00000e+00
 Reference value :  1.33000e-11
 Reference value :  1.82900e-10
 Reference value :  5.82900e-10
 Reference value :  1.06290e-09
 Reference value :  1.46290e-09
 Reference value :  1.86290e-09
 Reference value :  2.01513e-09
 Reference value :  2.26762e-09
 Reference value :  2.62762e-09
 Reference value :  3.38762e-09
 Reference value :  4.00375e-09
 Reference value :  4.01513e-09
 Reference value :  4.46762e-09
 Reference value :  5.10000e-09
 Reference value :  5.78000e-09
 Reference value :  6.06763e-09
 Reference value :  6.62762e-09
 Reference value :  7.34762e-09
 Reference value :  8.00375e-09
 Reference value :  8.26763e-09
 Reference value :  8.70763e-09
 Reference value :  9.42763e-09
 Reference value :  1.00125e-08
 Reference value :  1.03876e-08
 Reference value :  1.10676e-08
 Reference value :  1.18276e-08
 Reference value :  1.21067e-08
 Reference value :  1.25067e-08
 Reference value :  1.26267e-08
 Reference value :  1.29867e-08
 Reference value :  1.37467e-08
 Reference value :  1.41076e-08
 Reference value :  1.45476e-08
 Reference value :  1.51476e-08
 Reference value :  1.58676e-08
 Reference value :  1.61076e-08
 Reference value :  1.64676e-08
 Reference value :  1.71876e-08
 Reference value :  1.79476e-08
 Reference value :  1.82276e-08
 Reference value :  1.89476e-08
 Reference value :  1.96676e-08
 Reference value :  2.00256e-08
 Reference value :  2.03867e-08
 Reference value :  2.07467e-08
 Reference value :  2.11467e-08
 Reference value :  2.16667e-08
 Reference value :  2.18667e-08
 Reference value :  2.19467e-08
 Reference value :  2.20012e-08
 Reference value :  2.20081e-08
 Reference value :  2.20186e-08
 Reference value :  2.23076e-08
 Reference value :  2.29076e-08
 Reference value :  2.37076e-08
 Reference value :  2.40676e-08
 Reference value :  2.44276e-08
 Reference value :  2.48276e-08
 Reference value :  2.56276e-08
 Reference value :  2.60186e-08
 Reference value :  2.64676e-08
 Reference value :  2.72676e-08
 Reference value :  2.79738e-08
 Reference value :  2.81867e-08
 Reference value :  2.86667e-08
 Reference value :  2.90267e-08
 Reference value :  2.98267e-08
 Reference value :  3.01076e-08
 Reference value :  3.06676e-08
 Reference value :  3.11876e-08
 Reference value :  3.19738e-08
 Reference value :  3.21876e-08
 Reference value :  3.25876e-08
 Reference value :  3.33476e-08
 Reference value :  3.40038e-08
 Reference value :  3.43476e-08
 Reference value :  3.47876e-08
 Reference value :  3.55476e-08
 Reference value :  3.60186e-08
 Reference value :  3.63867e-08
 Reference value :  3.67867e-08
 Reference value :  3.74267e-08
 Reference value :  3.80081e-08
 Reference value :  3.82676e-08
 Reference value :  3.89876e-08
 Reference value :  3.96676e-08
 Reference value :  4.00676e-08
 Reference value :  4.03876e-08
 Reference value :  4.09076e-08
 Reference value :  4.16276e-08
 Reference value :  4.20396e-08
 Reference value :  4.25076e-08
 Reference value :  4.32676e-08
 Reference value :  4.40000e-08
 Reference value :  4.41467e-08
 Reference value :  4.45867e-08
 Reference value :  4.49467e-08
 Reference value :  4.56667e-08
 Reference value :  4.60396e-08
 Reference value :  4.65876e-08
 Reference value :  4.73076e-08
 Reference value :  4.75876e-08
 Reference value :  4.77876e-08
 Reference value :  4.80038e-08
 Reference value :  4.81076e-08
 Reference value :  4.83476e-08
 Reference value :  4.85476e-08
 Reference value :  4.90676e-08
 Reference value :  4.95476e-08
 Reference value :  4.97076e-08
 Reference value :  5.00013e-08
 Reference value :  5.01476e-08
 Reference value :  5.05076e-08
 Reference value :  5.09076e-08
 Reference value :  5.11476e-08
 Reference value :  5.13876e-08
 Reference value :  5.15076e-08
 Reference value :  5.16276e-08
 Reference value :  5.20038e-08
 Reference value :  5.23067e-08
 Reference value :  5.27067e-08
 Reference value :  5.33467e-08
 Reference value :  5.39067e-08
 Reference value :  5.41876e-08
 Reference value :  5.47876e-08
 Reference value :  5.55476e-08
 Reference value :  5.60125e-08
 Reference value :  5.63076e-08
 Reference value :  5.68276e-08
 Reference value :  5.75876e-08
 Reference value :  5.80396e-08
 Reference value :  5.84676e-08
 Reference value :  5.92276e-08
 Reference value :  5.98276e-08
 Reference value :  6.01467e-08
 Reference value :  6.05867e-08
 Reference value :  6.09867e-08
 Reference value :  6.16267e-08
 Reference value :  6.20396e-08
 Reference value :  6.25876e-08
 Reference value :  6.29476e-08
 Reference value :  6.33876e-08
 Reference value :  6.38676e-08
 Reference value :  6.40134e-08
 Reference value :  6.41476e-08
 Reference value :  6.42276e-08
 Reference value :  6.43076e-08
 Reference value :  6.43476e-08
 Reference value :  6.44276e-08
 Reference value :  6.47076e-08
 Reference value :  6.52276e-08
 Reference value :  6.55076e-08
 Reference value :  6.60125e-08
 Reference value :  6.64276e-08
 Reference value :  6.71876e-08
 Reference value :  6.76276e-08
 Reference value :  6.80256e-08
 Reference value :  6.84267e-08
 Reference value :  6.88267e-08
 Reference value :  6.90667e-08
 Reference value :  6.97467e-08
 Reference value :  7.01076e-08
 Reference value :  7.07076e-08
 Reference value :  7.13876e-08
 Reference value :  7.16676e-08
 Reference value :  7.20389e-08
 Reference value :  7.24261e-08
 Reference value :  7.31861e-08
 Reference value :  7.39061e-08
 Reference value :  7.41876e-08
 Reference value :  7.48676e-08
 Reference value :  7.55476e-08
 Reference value :  7.60134e-08
 Reference value :  7.63467e-08
 Reference value :  7.67067e-08
 Reference value :  7.72667e-08
 Reference value :  7.80013e-08
 Reference value :  7.82276e-08
 Reference value :  7.89876e-08
 Reference value :  7.97076e-08
 Reference value :  8.00676e-08
 Reference value :  8.04676e-08
 Reference value :  8.11476e-08
 Reference value :  8.19076e-08
 Reference value :  8.21076e-08
 Reference value :  8.21876e-08
 Reference value :  8.29076e-08
 Reference value :  8.36676e-08
 Reference value :  8.40661e-08
 Reference value :  8.45452e-08
 Reference value :  8.49052e-08
 Reference value :  8.52652e-08
 Reference value :  8.56652e-08
 Reference value :  8.60676e-08
 Reference value :  8.66676e-08
 Reference value :  8.71076e-08
 Reference value :  8.74276e-08
 Reference value :  8.78276e-08
 Reference value :  8.80151e-08
 Reference value :  8.81476e-08
 Reference value :  8.83876e-08
 Reference value :  8.87876e-08
 Reference value :  8.93876e-08
 Reference value :  8.95476e-08
 Reference value :  9.00000e-08
 Reference value :  9.00125e-08
 Reference value :  9.03476e-08
 Reference value :  9.11076e-08
 Reference value :  9.18676e-08
 Reference value :  9.21467e-08
 Reference value :  9.25867e-08
 Reference value :  9.29867e-08
 Reference value :  9.37067e-08
 Reference value :  9.41076e-08
 Reference value :  9.47476e-08
 Reference value :  9.54676e-08
 Reference value :  9.58276e-08
 Reference value :  9.60396e-08
 Reference value :  9.64276e-08
 Reference value :  9.70676e-08
 Reference value :  9.74276e-08
 Reference value :  9.80000e-08
 Reference value :  9.80125e-08
 Reference value :  9.80186e-08
 Reference value :  9.80396e-08
 Reference value :  9.83076e-08
 Reference value :  9.86676e-08
 Reference value :  9.90676e-08
 Reference value :  9.93076e-08
 Reference value :  9.98676e-08
 Reference value :  9.99738e-08
 Reference value :  1.00004e-07
 Reference value :  1.00019e-07
 Reference value :  1.00147e-07
 Reference value :  1.00427e-07
 Reference value :  1.00707e-07
 Reference value :  1.00867e-07
 Reference value :  1.00947e-07
 Reference value :  1.01187e-07
 Reference value :  1.01307e-07
 Reference value :  1.01427e-07
 Reference value :  1.01627e-07
 Reference value :  1.02004e-07
 Reference value :  1.02308e-07
 Reference value :  1.02908e-07
 Reference value :  1.03188e-07
 Reference value :  1.03468e-07
 Reference value :  1.03708e-07
 Reference value :  1.04013e-07
 Reference value :  1.04348e-07
 Reference value :  1.04508e-07
 Reference value :  1.05028e-07
 Reference value :  1.05748e-07
 Reference value :  1.06068e-07
 Reference value :  1.06708e-07
 Reference value :  1.07348e-07
 Reference value :  1.07588e-07
 Reference value :  1.07708e-07
 Reference value :  1.08004e-07
 Reference value :  1.08107e-07
 Reference value :  1.08347e-07
 Reference value :  1.08547e-07
 Reference value :  1.08627e-07
 Reference value :  1.08867e-07
 Reference value :  1.09387e-07
 Reference value :  1.09667e-07
 Reference value :  1.09947e-07
 Reference value :  1.10188e-07
 Reference value :  1.10668e-07
 Reference value :  1.11148e-07
 Reference value :  1.11868e-07
 Reference value :  1.12226e-07
 Reference value :  1.12746e-07
 Reference value :  1.13106e-07
 Reference value :  1.13626e-07
 Reference value :  1.13973e-07
 Reference value :  1.14188e-07
 Reference value :  1.14868e-07
 Reference value :  1.15348e-07
 Reference value :  1.15708e-07
 Reference value :  1.16107e-07
 Reference value :  1.16547e-07
 Reference value :  1.16947e-07
 Reference value :  1.17707e-07
 Reference value :  1.18013e-07
 Reference value :  1.18108e-07
 Reference value :  1.18468e-07
 Reference value :  1.19148e-07
 Reference value :  1.19828e-07
 Reference value :  1.20068e-07
 Reference value :  1.20388e-07
 Reference value :  1.20748e-07
 Reference value :  1.21308e-07
 Reference value :  1.21548e-07
 Reference value :  1.22013e-07
 Reference value :  1.22348e-07
 Reference value :  1.23108e-07
 Reference value :  1.23788e-07
 Reference value :  1.24012e-07
 Reference value :  1.24147e-07
 Reference value :  1.24587e-07
 Reference value :  1.24907e-07
 Reference value :  1.25667e-07
 Reference value :  1.26068e-07
 Reference value :  1.26188e-07
 Reference value :  1.26828e-07
 Reference value :  1.27348e-07
 Reference value :  1.28008e-07
 Reference value :  1.28308e-07
 Reference value :  1.28868e-07
 Reference value :  1.29308e-07
 Reference value :  1.30000e-07
 Reference value :  1.30268e-07
 Reference value :  1.30948e-07
 Reference value :  1.31628e-07
 Reference value :  1.31974e-07
 Reference value :  1.32068e-07
 Reference value :  1.32507e-07
 Reference value :  1.32867e-07
 Reference value :  1.33227e-07
 Reference value :  1.33867e-07
 Reference value :  1.34004e-07
 Reference value :  1.34148e-07
 Reference value :  1.34428e-07
 Reference value :  1.35188e-07
 Reference value :  1.35428e-07
 Reference value :  1.35788e-07
 Reference value :  1.36013e-07
 Reference value :  1.36019e-07
 Reference value :  1.36068e-07
 Reference value :  1.36148e-07
 Reference value :  1.36228e-07
 Reference value :  1.36308e-07
 Reference value :  1.36428e-07
 Reference value :  1.36548e-07
 Reference value :  1.36668e-07
 Reference value :  1.36948e-07
 Reference value :  1.37348e-07
 Reference value :  1.37788e-07
 Reference value :  1.38013e-07
 Reference value :  1.38108e-07
 Reference value :  1.38188e-07
 Reference value :  1.38268e-07
 Reference value :  1.38468e-07
 Reference value :  1.38788e-07
 Reference value :  1.39508e-07
 Reference value :  1.39974e-07
 Reference value :  1.40019e-07
 Reference value :  1.40387e-07
 Reference value :  1.40707e-07
 Reference value :  1.40867e-07
 Reference value :  1.41387e-07
 Reference value :  1.42008e-07
 Reference value :  1.42348e-07
 Reference value :  1.42708e-07
 Reference value :  1.42828e-07
 Reference value :  1.43308e-07
 Reference value :  1.44004e-07
 Reference value :  1.44268e-07
 Reference value :  1.44788e-07
 Reference value :  1.45588e-07
 Reference value :  1.46026e-07
 Reference value :  1.46508e-07
 Reference value :  1.47068e-07
 Reference value :  1.47588e-07
 Reference value :  1.48008e-07
 Reference value :  1.48187e-07
 Reference value :  1.48427e-07
 Reference value :  1.48867e-07
 Reference value :  1.49587e-07
 Reference value :  1.50019e-07
 Reference value :  1.50548e-07
 Reference value :  1.50948e-07
 Reference value :  1.51588e-07
 Reference value :  1.52026e-07
 Reference value :  1.52388e-07
 Reference value :  1.53028e-07
 Reference value :  1.53828e-07
 Reference value :  1.54108e-07
 Reference value :  1.54508e-07
 Reference value :  1.54948e-07
 Reference value :  1.55308e-07
 Reference value :  1.55828e-07
 Reference value :  1.56040e-07
 Reference value :  1.56347e-07
 Reference value :  1.56627e-07
 Reference value :  1.56747e-07
 Reference value :  1.56947e-07
 Reference value :  1.57107e-07
 Reference value :  1.57867e-07
 Reference value :  1.58148e-07
 Reference value :  1.58748e-07
 Reference value :  1.59468e-07
 Reference value :  1.59828e-07
 Reference value :  1.60013e-07
 Reference value :  1.60348e-07
 Reference value :  1.60948e-07
 Reference value :  1.61588e-07
 Reference value :  1.62026e-07
 Reference value :  1.62388e-07
 Reference value :  1.62628e-07
 Reference value :  1.62948e-07
 Reference value :  1.63308e-07
 Reference value :  1.63628e-07
 Reference value :  1.64000e-07
 Reference value :  1.64068e-07
 Reference value :  1.64267e-07
 Reference value :  1.64547e-07
 Reference value :  1.64667e-07
 Reference value :  1.64787e-07
 Reference value :  1.64947e-07
 Reference value :  1.65147e-07
 Reference value :  1.65787e-07
 Reference value :  1.66108e-07
 Reference value :  1.66468e-07
 Reference value :  1.66668e-07
 Reference value :  1.67028e-07
 Reference value :  1.67548e-07
 Reference value :  1.68019e-07
 Reference value :  1.68348e-07
 Reference value :  1.68708e-07
 Reference value :  1.69508e-07
 Reference value :  1.70015e-07
 Reference value :  1.70428e-07
 Reference value :  1.71108e-07
 Reference value :  1.71788e-07
 Reference value :  1.72008e-07
 Reference value :  1.72267e-07
 Reference value :  1.72547e-07
 Reference value :  1.72627e-07
 Reference value :  1.72987e-07
 Reference value :  1.73427e-07
 Reference value :  1.73787e-07
 Reference value :  1.74148e-07
 Reference value :  1.74548e-07
 Reference value :  1.75228e-07
 Reference value :  1.75788e-07
 Reference value :  1.76108e-07
 Reference value :  1.76548e-07
 Reference value :  1.76828e-07
 Reference value :  1.77308e-07
 Reference value :  1.77548e-07
 Reference value :  1.78019e-07
 Reference value :  1.78548e-07
 Reference value :  1.79268e-07
 Reference value :  1.79974e-07
 Reference value :  1.80107e-07
 Reference value :  1.80307e-07
 Reference value :  1.80707e-07
 Reference value :  1.81267e-07
 Reference value :  1.81947e-07
 Reference value :  1.82026e-07
 Reference value :  1.82228e-07
 Reference value :  1.82908e-07
 Reference value :  1.83668e-07
 Reference value :  1.84026e-07
 Reference value :  1.84268e-07
 Reference value :  1.84428e-07
 Reference value :  1.84508e-07
 Reference value :  1.84588e-07
 Reference value :  1.84668e-07
 Reference value :  1.84868e-07
 Reference value :  1.85028e-07
 Reference value :  1.85468e-07
 Reference value :  1.86000e-07
 Reference value :  1.86148e-07
 Reference value :  1.86268e-07
 Reference value :  1.86468e-07
 Reference value :  1.86548e-07
 Reference value :  1.87228e-07
 Reference value :  1.87948e-07
 Reference value :  1.88147e-07
 Reference value :  1.88427e-07
 Reference value :  1.88707e-07
 Reference value :  1.88987e-07
 Reference value :  1.89347e-07
 Reference value :  1.90001e-07
 Reference value :  1.90268e-07
 Reference value :  1.90748e-07
 Reference value :  1.91428e-07
 Reference value :  1.91948e-07
 Reference value :  1.92148e-07
 Reference value :  1.92548e-07
 Reference value :  1.93308e-07
 Reference value :  1.94001e-07
 Reference value :  1.94268e-07
 Reference value :  1.94588e-07
 Reference value :  1.94988e-07
 Reference value :  1.95788e-07
 Reference value :  1.96068e-07
 Reference value :  1.96507e-07
 Reference value :  1.96947e-07
 Reference value :  1.97307e-07
 Reference value :  1.97587e-07
 Reference value :  1.98013e-07
 Reference value :  1.98388e-07
 Reference value :  1.99068e-07
 Reference value :  1.99828e-07
 Reference value :  2.00008e-07
 Reference value :  2.00308e-07
 Reference value :  2.00628e-07
 Reference value :  2.00908e-07
 Reference value :  2.01668e-07
 Reference value :  2.02040e-07
 Reference value :  2.02548e-07
 Reference value :  2.03108e-07
 Reference value :  2.03428e-07
 Reference value :  2.03788e-07
 Reference value :  2.03974e-07
 Reference value :  2.04068e-07
 Reference value :  2.04427e-07
 Reference value :  2.04787e-07
 Reference value :  2.05267e-07
 Reference value :  2.05907e-07
 Reference value :  2.06040e-07
 Reference value :  2.06388e-07
 Reference value :  2.06868e-07
 Reference value :  2.07548e-07
 Reference value :  2.08015e-07
 Reference value :  2.08348e-07
 Reference value :  2.08988e-07
 Reference value :  2.09628e-07
 Reference value :  2.10040e-07
 Reference value :  2.10388e-07
 Reference value :  2.11068e-07
 Reference value :  2.11788e-07
 Reference value :  2.12107e-07
 Reference value :  2.12587e-07
 Reference value :  2.12827e-07
 Reference value :  2.13547e-07
 Reference value :  2.14015e-07
 Reference value :  2.14468e-07
 Reference value :  2.15188e-07
 Reference value :  2.15908e-07
 Reference value :  2.16008e-07
 Reference value :  2.16308e-07
 Reference value :  2.16828e-07
 Reference value :  2.17548e-07
 Reference value :  2.18013e-07
 Reference value :  2.18188e-07
 Reference value :  2.18708e-07
 Reference value :  2.19228e-07
 Reference value :  2.19828e-07
 Reference value :  2.20147e-07
 Reference value :  2.20627e-07
 Reference value :  2.20987e-07
 Reference value :  2.21267e-07
 Reference value :  2.21747e-07
 Reference value :  2.22000e-07
 Reference value :  2.22068e-07
 Reference value :  2.22228e-07
 Reference value :  2.22668e-07
 Reference value :  2.22788e-07
 Reference value :  2.22908e-07
 Reference value :  2.23388e-07
 Reference value :  2.23548e-07
 Reference value :  2.24026e-07
 Reference value :  2.24348e-07
 Reference value :  2.24948e-07
 Reference value :  2.25668e-07
 Reference value :  2.26068e-07
 Reference value :  2.26588e-07
 Reference value :  2.27308e-07
 Reference value :  2.27948e-07
 Reference value :  2.28147e-07
 Reference value :  2.28587e-07
 Reference value :  2.29027e-07
 Reference value :  2.29747e-07
 Reference value :  2.30068e-07
 Reference value :  2.30588e-07
 Reference value :  2.31348e-07
 Reference value :  2.31828e-07
 Reference value :  2.32068e-07
 Reference value :  2.32428e-07
 Reference value :  2.33148e-07
 Reference value :  2.33868e-07
 Reference value :  2.34188e-07
 Reference value :  2.34868e-07
 Reference value :  2.35548e-07
 Reference value :  2.36000e-07
 Reference value :  2.36019e-07
 Reference value :  2.36387e-07
 Reference value :  2.36587e-07
 Reference value :  2.37027e-07
 Reference value :  2.37587e-07
 Reference value :  2.37867e-07
 Reference value :  2.38015e-07
 Reference value :  2.38188e-07
 Reference value :  2.38828e-07
 Reference value :  2.39548e-07
 Reference value :  2.40019e-07
 Reference value :  2.40348e-07
 Reference value :  2.40908e-07
 Reference value :  2.41628e-07
 Reference value :  2.42040e-07
 Reference value :  2.42628e-07
 Reference value :  2.43388e-07
 Reference value :  2.44012e-07
 Reference value :  2.44307e-07
 Reference value :  2.44747e-07
 Reference value :  2.45347e-07
 Reference value :  2.46000e-07
 Reference value :  2.46188e-07
 Reference value :  2.46908e-07
 Reference value :  2.47668e-07
 Reference value :  2.48039e-07
 Reference value :  2.48426e-07
 Reference value :  2.49106e-07
 Reference value :  2.49586e-07
 Reference value :  2.50008e-07
 Reference value :  2.50188e-07
 Reference value :  2.50508e-07
 Reference value :  2.50828e-07
 Reference value :  2.51148e-07
 Reference value :  2.51788e-07
 Reference value :  2.52013e-07
 Reference value :  2.52066e-07
 Reference value :  2.52145e-07
 Reference value :  2.52225e-07
 Reference value :  2.52265e-07
 Reference value :  2.52345e-07
 Reference value :  2.52385e-07
 Reference value :  2.52465e-07
 Reference value :  2.52545e-07
 Reference value :  2.52625e-07
 Reference value :  2.52665e-07
 Reference value :  2.52705e-07
 Reference value :  2.52745e-07
 Reference value :  2.52825e-07
 Reference value :  2.52865e-07
 Reference value :  2.52985e-07
 Reference value :  2.53105e-07
 Reference value :  2.53225e-07
 Reference value :  2.53345e-07
 Reference value :  2.53465e-07
 Reference value :  2.53585e-07
 Reference value :  2.53865e-07
 Reference value :  2.54004e-07
 Reference value :  2.54019e-07
 Reference value :  2.54068e-07
 Reference value :  2.54268e-07
 Reference value :  2.54548e-07
 Reference value :  2.55068e-07
 Reference value :  2.55828e-07
 Reference value :  2.56068e-07
 Reference value :  2.56308e-07
 Reference value :  2.56708e-07
 Reference value :  2.57428e-07
 Reference value :  2.58008e-07
 Reference value :  2.58308e-07
 Reference value :  2.59068e-07
 Reference value :  2.59748e-07
 Reference value :  2.60068e-07
 Reference value :  2.60467e-07
 Reference value :  2.60827e-07
 Reference value :  2.61227e-07
 Reference value :  2.61907e-07
 Reference value :  2.62188e-07
 Reference value :  2.62788e-07
 Reference value :  2.63428e-07
 Reference value :  2.63748e-07
 Reference value :  2.63948e-07
 Reference value :  2.64186e-07
 Reference value :  2.64586e-07
 Reference value :  2.65386e-07
 Reference value :  2.66001e-07
 Reference value :  2.66268e-07
 Reference value :  2.66988e-07
 Reference value :  2.67748e-07
 Reference value :  2.68068e-07
 Reference value :  2.68467e-07
 Reference value :  2.68707e-07
 Reference value :  2.69187e-07
 Reference value :  2.69947e-07
 Reference value :  2.70188e-07
 Reference value :  2.70908e-07
 Reference value :  2.71628e-07
 Reference value :  2.72026e-07
 Reference value :  2.72148e-07
 Reference value :  2.72508e-07
 Reference value :  2.73268e-07
 Reference value :  2.74000e-07
 Reference value :  2.74268e-07
 Reference value :  2.74988e-07
 Reference value :  2.75668e-07
 Reference value :  2.75948e-07
 Reference value :  2.76066e-07
 Reference value :  2.76265e-07
 Reference value :  2.76505e-07
 Reference value :  2.76705e-07
 Reference value :  2.76785e-07
 Reference value :  2.76865e-07
 Reference value :  2.76985e-07
 Reference value :  2.77385e-07
 Reference value :  2.77625e-07
 Reference value :  2.77785e-07
 Reference value :  2.78015e-07
 Reference value :  2.78148e-07
 Reference value :  2.78828e-07
 Reference value :  2.79588e-07
 Reference value :  2.80019e-07
 Reference value :  2.80388e-07
 Reference value :  2.81028e-07
 Reference value :  2.81788e-07
 Reference value :  2.82108e-07
 Reference value :  2.82748e-07
 Reference value :  2.83468e-07
 Reference value :  2.83588e-07
 Reference value :  2.83748e-07
 Reference value :  2.84026e-07
 Reference value :  2.84427e-07
 Reference value :  2.84787e-07
 Reference value :  2.85267e-07
 Reference value :  2.85507e-07
 Reference value :  2.86015e-07
 Reference value :  2.86508e-07
 Reference value :  2.87268e-07
 Reference value :  2.88004e-07
 Reference value :  2.88266e-07
 Reference value :  2.88746e-07
 Reference value :  2.89426e-07
 Reference value :  2.90013e-07
 Reference value :  2.90348e-07
 Reference value :  2.90988e-07
 Reference value :  2.91748e-07
 Reference value :  2.92107e-07
 Reference value :  2.92547e-07
 Reference value :  2.92947e-07
 Reference value :  2.93627e-07
 Reference value :  2.94019e-07
 Reference value :  2.94468e-07
 Reference value :  2.95268e-07
 Reference value :  2.96000e-07
 Reference value :  2.96268e-07
 Reference value :  2.96708e-07
 Reference value :  2.97468e-07
 Reference value :  2.98013e-07
 Reference value :  2.98019e-07
 Reference value :  2.98188e-07
 Reference value :  2.98628e-07
 Reference value :  2.99068e-07
 Reference value :  2.99508e-07
 Reference value :  2.99974e-07
 Reference value :  3.00039e-07
 Reference value :  3.00105e-07
 Reference value :  3.00305e-07
 Reference value :  3.00545e-07
 Reference value :  3.00825e-07
 Reference value :  3.01585e-07
 Reference value :  3.02040e-07
 Reference value :  3.02588e-07
 Reference value :  3.03308e-07
 Reference value :  3.04000e-07
 Reference value :  3.04268e-07
 Reference value :  3.04748e-07
 Reference value :  3.05188e-07
 Reference value :  3.05468e-07
 Reference value :  3.06013e-07
 Reference value :  3.06468e-07
 Reference value :  3.07228e-07
 Reference value :  3.08000e-07
 Reference value :  3.08040e-07
 Reference value :  3.08427e-07
 Reference value :  3.08827e-07
 Reference value :  3.09547e-07
 Reference value :  3.10026e-07
 Reference value :  3.10508e-07
 Reference value :  3.11108e-07
 Reference value :  3.11868e-07
 Reference value :  3.12226e-07
 Reference value :  3.12706e-07
 Reference value :  3.13506e-07
 Reference value :  3.14013e-07
 Reference value :  3.14388e-07
 Reference value :  3.15108e-07
 Reference value :  3.15508e-07
 Reference value :  3.16019e-07
 Reference value :  3.16387e-07
 Reference value :  3.16787e-07
 Reference value :  3.17467e-07
 Reference value :  3.18013e-07
 Reference value :  3.18388e-07
 Reference value :  3.19108e-07
 Reference value :  3.19908e-07
 Reference value :  3.20148e-07
 Reference value :  3.20548e-07
 Reference value :  3.21308e-07
 Reference value :  3.21948e-07
 Reference value :  3.22013e-07
 Reference value :  3.22228e-07
 Reference value :  3.22908e-07
 Reference value :  3.23628e-07
 Reference value :  3.24066e-07
 Reference value :  3.24505e-07
 Reference value :  3.24945e-07
 Reference value :  3.25505e-07
 Reference value :  3.26013e-07
 Reference value :  3.26428e-07
 Reference value :  3.27028e-07
 Reference value :  3.27828e-07
 Reference value :  3.28108e-07
 Reference value :  3.28468e-07
 Reference value :  3.29148e-07
 Reference value :  3.29948e-07
 Reference value :  3.30228e-07
 Reference value :  3.30948e-07
 Reference value :  3.31708e-07
 Reference value :  3.32040e-07
 Reference value :  3.32467e-07
 Reference value :  3.32787e-07
 Reference value :  3.33027e-07
 Reference value :  3.33787e-07
 Reference value :  3.34108e-07
 Reference value :  3.34748e-07
 Reference value :  3.35468e-07
 Reference value :  3.36015e-07
 Reference value :  3.36346e-07
 Reference value :  3.36586e-07
 Reference value :  3.36826e-07
 Reference value :  3.37106e-07
 Reference value :  3.37506e-07
 Reference value :  3.38019e-07
 Reference value :  3.38548e-07
 Reference value :  3.39308e-07
 Reference value :  3.40001e-07
 Reference value :  3.40187e-07
 Reference value :  3.40467e-07
 Reference value :  3.40867e-07
 Reference value :  3.41587e-07
 Reference value :  3.42026e-07
 Reference value :  3.42508e-07
 Reference value :  3.43268e-07
 Reference value :  3.44000e-07
 Reference value :  3.44268e-07
 Reference value :  3.44628e-07
 Reference value :  3.45108e-07
 Reference value :  3.45828e-07
 Reference value :  3.46108e-07
 Reference value :  3.46268e-07
 Reference value :  3.46988e-07
 Reference value :  3.47788e-07
 Reference value :  3.48105e-07
 Reference value :  3.48585e-07
 Reference value :  3.48945e-07
 Reference value :  3.49625e-07
 Reference value :  3.49973e-07
 Reference value :  3.50228e-07
 Reference value :  3.50988e-07
 Reference value :  3.51708e-07
 Reference value :  3.52068e-07
 Reference value :  3.52428e-07
 Reference value :  3.53068e-07
 Reference value :  3.53788e-07
 Reference value :  3.54108e-07
 Reference value :  3.54708e-07
 Reference value :  3.55468e-07
 Reference value :  3.56013e-07
 Reference value :  3.56307e-07
 Reference value :  3.56587e-07
 Reference value :  3.56867e-07
 Reference value :  3.57147e-07
 Reference value :  3.57667e-07
 Reference value :  3.58001e-07
 Reference value :  3.58148e-07
 Reference value :  3.58548e-07
 Reference value :  3.58868e-07
 Reference value :  3.58948e-07
 Reference value :  3.59068e-07
 Reference value :  3.59188e-07
 Reference value :  3.59308e-07
 Reference value :  3.59428e-07
 Reference value :  3.59548e-07
 Reference value :  3.59668e-07
 Reference value :  3.59788e-07
 Reference value :  3.59908e-07
 Reference value :  3.60000e-07
 Reference value :  3.60008e-07
 Reference value :  3.60015e-07
 Reference value :  3.60040e-07
 Reference value :  3.60108e-07
 Reference value :  3.60148e-07
 Reference value :  3.60228e-07
 Reference value :  3.60308e-07
 Reference value :  3.60388e-07
 Reference value :  3.60428e-07
 Reference value :  3.60988e-07
 Reference value :  3.61428e-07
 Reference value :  3.61974e-07
 Reference value :  3.62188e-07
 Reference value :  3.62908e-07
 Reference value :  3.63628e-07
 Reference value :  3.64026e-07
 Reference value :  3.64427e-07
 Reference value :  3.64747e-07
 Reference value :  3.65427e-07
 Reference value :  3.66000e-07
 Reference value :  3.66228e-07
 Reference value :  3.66908e-07
 Reference value :  3.67668e-07
 Reference value :  3.68040e-07
 Reference value :  3.68428e-07
 Reference value :  3.69188e-07
 Reference value :  3.69868e-07
 Reference value :  3.70188e-07
 Reference value :  3.70748e-07
 Reference value :  3.71508e-07
 Reference value :  3.72013e-07
 Reference value :  3.72307e-07
 Reference value :  3.72707e-07
 Reference value :  3.73107e-07
 Reference value :  3.73867e-07
 Reference value :  3.74148e-07
 Reference value :  3.74828e-07
 Reference value :  3.75508e-07
 Reference value :  3.76013e-07
 Reference value :  3.76348e-07
 Reference value :  3.76908e-07
 Reference value :  3.77668e-07
 Reference value :  3.78013e-07
 Reference value :  3.78388e-07
 Reference value :  3.79068e-07
 Reference value :  3.79628e-07
 Reference value :  3.79974e-07
 Reference value :  3.80040e-07
 Reference value :  3.80387e-07
 Reference value :  3.80747e-07
 Reference value :  3.81427e-07
 Reference value :  3.82008e-07
 Reference value :  3.82388e-07
 Reference value :  3.83148e-07
 Reference value :  3.83948e-07
 Reference value :  3.84188e-07
 Reference value :  3.84588e-07
 Reference value :  3.85388e-07
 Reference value :  3.86004e-07
 Reference value :  3.86348e-07
 Reference value :  3.86948e-07
 Reference value :  3.87668e-07
 Reference value :  3.88068e-07
 Reference value :  3.88507e-07
 Reference value :  3.88907e-07
 Reference value :  3.89347e-07
 Reference value :  3.90001e-07
 Reference value :  3.90228e-07
 Reference value :  3.90988e-07
 Reference value :  3.91748e-07
 Reference value :  3.92108e-07
 Reference value :  3.92508e-07
 Reference value :  3.93228e-07
 Reference value :  3.93974e-07
 Reference value :  3.94148e-07
 Reference value :  3.94868e-07
 Reference value :  3.95388e-07
 Reference value :  3.96008e-07
 Reference value :  3.96267e-07
 Reference value :  3.96627e-07
 Reference value :  3.97107e-07
 Reference value :  3.97787e-07
 Reference value :  3.98148e-07
 Reference value :  3.98308e-07
 Reference value :  3.98828e-07
 Reference value :  3.99348e-07
 Reference value :  3.99828e-07
 Reference value :  4.00008e-07
 Reference value :  4.00106e-07
 Reference value :  4.00386e-07
 Reference value :  4.00786e-07
 Reference value :  4.01026e-07
 Reference value :  4.01746e-07
 Reference value :  4.02026e-07
 Reference value :  4.02548e-07
 Reference value :  4.03068e-07
 Reference value :  4.03788e-07
 Reference value :  4.04147e-07
 Reference value :  4.04587e-07
 Reference value :  4.05027e-07
 Reference value :  4.05707e-07
 Reference value :  4.06108e-07
 Reference value :  4.06668e-07
 Reference value :  4.07468e-07
 Reference value :  4.08015e-07
 Reference value :  4.08308e-07
 Reference value :  4.08788e-07
 Reference value :  4.09508e-07
 Reference value :  4.10015e-07
 Reference value :  4.10468e-07
 Reference value :  4.11068e-07
 Reference value :  4.11628e-07
 Reference value :  4.12066e-07
 Reference value :  4.12545e-07
 Reference value :  4.12905e-07
 Reference value :  4.13705e-07
 Reference value :  4.14026e-07
 Reference value :  4.14548e-07
 Reference value :  4.15228e-07
 Reference value :  4.16000e-07
 Reference value :  4.16268e-07
 Reference value :  4.16748e-07
 Reference value :  4.17508e-07
 Reference value :  4.18013e-07
 Reference value :  4.18388e-07
 Reference value :  4.19028e-07
 Reference value :  4.19788e-07
 Reference value :  4.20147e-07
 Reference value :  4.20587e-07
 Reference value :  4.21027e-07
 Reference value :  4.21707e-07
 Reference value :  4.22108e-07
 Reference value :  4.22708e-07
 Reference value :  4.23388e-07
 Reference value :  4.24008e-07
 Reference value :  4.24226e-07
 Reference value :  4.24346e-07
 Reference value :  4.24626e-07
 Reference value :  4.25146e-07
 Reference value :  4.25586e-07
 Reference value :  4.26004e-07
 Reference value :  4.26188e-07
 Reference value :  4.26388e-07
 Reference value :  4.26748e-07
 Reference value :  4.26868e-07
 Reference value :  4.27188e-07
 Reference value :  4.27588e-07
 Reference value :  4.28000e-07
 Reference value :  4.28107e-07
 Reference value :  4.28347e-07
 Reference value :  4.28427e-07
 Reference value :  4.28507e-07
 Reference value :  4.28587e-07
 Reference value :  4.28787e-07
 Reference value :  4.29227e-07
 Reference value :  4.29347e-07
 Reference value :  4.29827e-07
 Reference value :  4.29947e-07
 Reference value :  4.30001e-07
 Reference value :  4.30015e-07
 Reference value :  4.30188e-07
 Reference value :  4.30948e-07
 Reference value :  4.31548e-07
 Reference value :  4.32001e-07
 Reference value :  4.32228e-07
 Reference value :  4.32708e-07
 Reference value :  4.33468e-07
 Reference value :  4.34013e-07
 Reference value :  4.34068e-07
 Reference value :  4.34548e-07
 Reference value :  4.35268e-07
 Reference value :  4.35974e-07
 Reference value :  4.36265e-07
 Reference value :  4.36665e-07
 Reference value :  4.37225e-07
 Reference value :  4.37825e-07
 Reference value :  4.38148e-07
 Reference value :  4.38788e-07
 Reference value :  4.39468e-07
 Reference value :  4.40013e-07
 Reference value :  4.40308e-07
 Reference value :  4.40828e-07
 Reference value :  4.41508e-07
 Reference value :  4.42013e-07
 Reference value :  4.42428e-07
 Reference value :  4.43148e-07
 Reference value :  4.43908e-07
 Reference value :  4.44147e-07
 Reference value :  4.44587e-07
 Reference value :  4.44867e-07
 Reference value :  4.45587e-07
 Reference value :  4.46019e-07
 Reference value :  4.46428e-07
 Reference value :  4.47148e-07
 Reference value :  4.47588e-07
 Reference value :  4.48039e-07
 Reference value :  4.48426e-07
 Reference value :  4.49146e-07
 Reference value :  4.49866e-07
 Reference value :  4.50188e-07
 Reference value :  4.50788e-07
 Reference value :  4.51468e-07
 Reference value :  4.52013e-07
 Reference value :  4.52347e-07
 Reference value :  4.52787e-07
 Reference value :  4.53227e-07
 Reference value :  4.53973e-07
 Reference value :  4.54188e-07
 Reference value :  4.54828e-07
 Reference value :  4.55428e-07
 Reference value :  4.56012e-07
 Reference value :  4.56348e-07
 Reference value :  4.56868e-07
 Reference value :  4.57628e-07
 Reference value :  4.58019e-07
 Reference value :  4.58468e-07
 Reference value :  4.59148e-07
 Reference value :  4.59908e-07
 Reference value :  4.60225e-07
 Reference value :  4.60625e-07
 Reference value :  4.61145e-07
 Reference value :  4.61825e-07
 Reference value :  4.62148e-07
 Reference value :  4.62788e-07
 Reference value :  4.63548e-07
 Reference value :  4.64019e-07
 Reference value :  4.64388e-07
 Reference value :  4.64988e-07
 Reference value :  4.65548e-07
 Reference value :  4.66026e-07
 Reference value :  4.66508e-07
 Reference value :  4.66748e-07
 Reference value :  4.67188e-07
 Reference value :  4.67708e-07
 Reference value :  4.68008e-07
 Reference value :  4.68147e-07
 Reference value :  4.68427e-07
 Reference value :  4.68707e-07
 Reference value :  4.68947e-07
 Reference value :  4.69227e-07
 Reference value :  4.69507e-07
 Reference value :  4.69907e-07
 Reference value :  4.70013e-07
 Reference value :  4.70188e-07
 Reference value :  4.70628e-07
 Reference value :  4.71148e-07
 Reference value :  4.71628e-07
 Reference value :  4.72013e-07
 Reference value :  4.72146e-07
 Reference value :  4.72386e-07
 Reference value :  4.72546e-07
 Reference value :  4.72666e-07
 Reference value :  4.72866e-07
 Reference value :  4.73266e-07
 Reference value :  4.73973e-07
 Reference value :  4.74228e-07
 Reference value :  4.74908e-07
 Reference value :  4.75108e-07
 Reference value :  4.75228e-07
 Reference value :  4.75828e-07
 Reference value :  4.76147e-07
 Reference value :  4.76627e-07
 Reference value :  4.77067e-07
 Reference value :  4.77667e-07
 Reference value :  4.78000e-07
 Reference value :  4.78108e-07
 Reference value :  4.78748e-07
 Reference value :  4.79428e-07
 Reference value :  4.79868e-07
 Reference value :  4.80004e-07
 Reference value :  4.80268e-07
 Reference value :  4.80748e-07
 Reference value :  4.81268e-07
 Reference value :  4.82000e-07
 Reference value :  4.82228e-07
 Reference value :  4.82988e-07
 Reference value :  4.83748e-07
 Reference value :  4.84068e-07
 Reference value :  4.84507e-07
 Reference value :  4.84907e-07
 Reference value :  4.85587e-07
 Reference value :  4.86015e-07
 Reference value :  4.86188e-07
 Reference value :  4.86828e-07
 Reference value :  4.87588e-07
 Reference value :  4.88019e-07
 Reference value :  4.88388e-07
 Reference value :  4.88668e-07
 Reference value :  4.89108e-07
 Reference value :  4.89468e-07
 Reference value :  4.89948e-07
 Reference value :  4.90068e-07
 Reference value :  4.90308e-07
 Reference value :  4.90908e-07
 Reference value :  4.91308e-07
 Reference value :  4.91974e-07
 Reference value :  4.92227e-07
 Reference value :  4.92627e-07
 Reference value :  4.93187e-07
 Reference value :  4.93787e-07
 Reference value :  4.94008e-07
 Reference value :  4.94188e-07
 Reference value :  4.94668e-07
 Reference value :  4.94788e-07
 Reference value :  4.95348e-07
 Reference value :  4.95868e-07
 Reference value :  4.96186e-07
 Reference value :  4.96546e-07
 Reference value :  4.97266e-07
 Reference value :  4.97973e-07
 Reference value :  4.98188e-07
 Reference value :  4.98908e-07
 Reference value :  4.99268e-07
 Reference value :  4.99908e-07
 Reference value :  5.00185e-07
 Reference value :  5.00625e-07
 Reference value :  5.00985e-07
 Reference value :  5.01745e-07
 Reference value :  5.02108e-07
 Reference value :  5.02628e-07
 Reference value :  5.03388e-07
 Reference value :  5.04004e-07
 Reference value :  5.04308e-07
 Reference value :  5.04788e-07
 Reference value :  5.05588e-07
 Reference value :  5.06019e-07
 Reference value :  5.06468e-07
 Reference value :  5.06988e-07
 Reference value :  5.07108e-07
 Reference value :  5.07228e-07
 Reference value :  5.07348e-07
 Reference value :  5.07468e-07
 Reference value :  5.07588e-07
 Reference value :  5.07708e-07
 Reference value :  5.08001e-07
 Reference value :  5.08107e-07
 Reference value :  5.08307e-07
 Reference value :  5.08627e-07
 Reference value :  5.08707e-07
 Reference value :  5.08747e-07
 Reference value :  5.08947e-07
 Reference value :  5.09107e-07
 Reference value :  5.09307e-07
 Reference value :  5.09667e-07
 Reference value :  5.10068e-07
 Reference value :  5.10588e-07
 Reference value :  5.11268e-07
 Reference value :  5.11588e-07
 Reference value :  5.11748e-07
 Reference value :  5.12004e-07
 Reference value :  5.12308e-07
 Reference value :  5.12788e-07
 Reference value :  5.13468e-07
 Reference value :  5.14000e-07
 Reference value :  5.14268e-07
 Reference value :  5.14948e-07
 Reference value :  5.15348e-07
 Reference value :  5.15668e-07
 Reference value :  5.16000e-07
 Reference value :  5.16019e-07
 Reference value :  5.16387e-07
 Reference value :  5.16827e-07
 Reference value :  5.17267e-07
 Reference value :  5.17787e-07
 Reference value :  5.18108e-07
 Reference value :  5.18748e-07
 Reference value :  5.19548e-07
 Reference value :  5.20026e-07
 Reference value :  5.20308e-07
 Reference value :  5.20468e-07
 Reference value :  5.20668e-07
 Reference value :  5.21468e-07
 Reference value :  5.22012e-07
 Reference value :  5.22428e-07
 Reference value :  5.23188e-07
 Reference value :  5.23948e-07
 Reference value :  5.24187e-07
 Reference value :  5.24387e-07
 Reference value :  5.24547e-07
 Reference value :  5.24667e-07
 Reference value :  5.24827e-07
 Reference value :  5.24987e-07
 Reference value :  5.25307e-07
 Reference value :  5.25667e-07
 Reference value :  5.26001e-07
 Reference value :  5.26040e-07
 Reference value :  5.26148e-07
 Reference value :  5.26748e-07
 Reference value :  5.27508e-07
 Reference value :  5.28018e-07
 Reference value :  5.28306e-07
 Reference value :  5.28466e-07
 Reference value :  5.29186e-07
 Reference value :  5.29946e-07
 Reference value :  5.30188e-07
 Reference value :  5.30908e-07
 Reference value :  5.31548e-07
 Reference value :  5.32001e-07
 Reference value :  5.32147e-07
 Reference value :  5.32587e-07
 Reference value :  5.33027e-07
 Reference value :  5.33627e-07
 Reference value :  5.33907e-07
 Reference value :  5.34108e-07
 Reference value :  5.34708e-07
 Reference value :  5.35108e-07
 Reference value :  5.35228e-07
 Reference value :  5.35748e-07
 Reference value :  5.36040e-07
 Reference value :  5.36268e-07
 Reference value :  5.36508e-07
 Reference value :  5.37108e-07
 Reference value :  5.37628e-07
 Reference value :  5.38019e-07
 Reference value :  5.38548e-07
 Reference value :  5.39148e-07
 Reference value :  5.39868e-07
 Reference value :  5.40147e-07
 Reference value :  5.40627e-07
 Reference value :  5.41027e-07
 Reference value :  5.41747e-07
 Reference value :  5.42108e-07
 Reference value :  5.42428e-07
 Reference value :  5.43068e-07
 Reference value :  5.43308e-07
 Reference value :  5.44001e-07
 Reference value :  5.44228e-07
 Reference value :  5.44588e-07
 Reference value :  5.45148e-07
 Reference value :  5.45868e-07
 Reference value :  5.46026e-07
 Reference value :  5.46548e-07
 Reference value :  5.47268e-07
 Reference value :  5.47974e-07
 Reference value :  5.48147e-07
 Reference value :  5.48427e-07
 Reference value :  5.48667e-07
 Reference value :  5.48947e-07
 Reference value :  5.49227e-07
 Reference value :  5.49747e-07
 Reference value :  5.50068e-07
 Reference value :  5.50588e-07
 Reference value :  5.50908e-07
 Reference value :  5.51348e-07
 Reference value :  5.51748e-07
 Reference value :  5.52013e-07
 Reference value :  5.52306e-07
 Reference value :  5.52866e-07
 Reference value :  5.53546e-07
 Reference value :  5.53706e-07
 Reference value :  5.54068e-07
 Reference value :  5.54628e-07
 Reference value :  5.55188e-07
 Reference value :  5.55908e-07
 Reference value :  5.56147e-07
 Reference value :  5.56587e-07
 Reference value :  5.56907e-07
 Reference value :  5.57667e-07
 Reference value :  5.58040e-07
 Reference value :  5.58588e-07
 Reference value :  5.59188e-07
 Reference value :  5.59908e-07
 Reference value :  5.60148e-07
 Reference value :  5.60628e-07
 Reference value :  5.60828e-07
 Reference value :  5.61268e-07
 Reference value :  5.61668e-07
 Reference value :  5.62008e-07
 Reference value :  5.62148e-07
 Reference value :  5.62508e-07
 Reference value :  5.62988e-07
 Reference value :  5.63468e-07
 Reference value :  5.63974e-07
 Reference value :  5.64107e-07
 Reference value :  5.64427e-07
 Reference value :  5.64707e-07
 Reference value :  5.64987e-07
 Reference value :  5.65227e-07
 Reference value :  5.65827e-07
 Reference value :  5.66148e-07
 Reference value :  5.66748e-07
 Reference value :  5.67508e-07
 Reference value :  5.68015e-07
 Reference value :  5.68388e-07
 Reference value :  5.69068e-07
 Reference value :  5.69828e-07
 Reference value :  5.70108e-07
 Reference value :  5.70708e-07
 Reference value :  5.71508e-07
 Reference value :  5.72013e-07
 Reference value :  5.72307e-07
 Reference value :  5.72747e-07
 Reference value :  5.73387e-07
 Reference value :  5.74012e-07
 Reference value :  5.74388e-07
 Reference value :  5.74908e-07
 Reference value :  5.75268e-07
 Reference value :  5.75708e-07
 Reference value :  5.76013e-07
 Reference value :  5.76106e-07
 Reference value :  5.76306e-07
 Reference value :  5.76426e-07
 Reference value :  5.76626e-07
 Reference value :  5.76866e-07
 Reference value :  5.77066e-07
 Reference value :  5.77306e-07
 Reference value :  5.77746e-07
 Reference value :  5.78004e-07
 Reference value :  5.78308e-07
 Reference value :  5.78988e-07
 Reference value :  5.79788e-07
 Reference value :  5.80068e-07
 Reference value :  5.80507e-07
 Reference value :  5.80867e-07
 Reference value :  5.81387e-07
 Reference value :  5.82008e-07
 Reference value :  5.82348e-07
 Reference value :  5.83068e-07
 Reference value :  5.83748e-07
 Reference value :  5.84108e-07
 Reference value :  5.84428e-07
 Reference value :  5.85148e-07
 Reference value :  5.85788e-07
 Reference value :  5.86026e-07
 Reference value :  5.86508e-07
 Reference value :  5.87228e-07
 Reference value :  5.87974e-07
 Reference value :  5.88147e-07
 Reference value :  5.88587e-07
 Reference value :  5.88907e-07
 Reference value :  5.89627e-07
 Reference value :  5.90019e-07
 Reference value :  5.90468e-07
 Reference value :  5.91228e-07
 Reference value :  5.91868e-07
 Reference value :  5.92040e-07
 Reference value :  5.92428e-07
 Reference value :  5.93148e-07
 Reference value :  5.93908e-07
 Reference value :  5.94188e-07
 Reference value :  5.94908e-07
 Reference value :  5.95588e-07
 Reference value :  5.96004e-07
 Reference value :  5.96227e-07
 Reference value :  5.96707e-07
 Reference value :  5.97347e-07
 Reference value :  5.98001e-07
 Reference value :  5.98228e-07
 Reference value :  5.98868e-07
 Reference value :  5.99668e-07
 Reference value :  6.00039e-07
 Reference value :  6.00426e-07
 Reference value :  6.01146e-07
 Reference value :  6.01866e-07
 Reference value :  6.02148e-07
 Reference value :  6.02828e-07
 Reference value :  6.03628e-07
 Reference value :  6.04026e-07
 Reference value :  6.04427e-07
 Reference value :  6.04747e-07
 Reference value :  6.05347e-07
 Reference value :  6.05947e-07
 Reference value :  6.06188e-07
 Reference value :  6.06948e-07
 Reference value :  6.07668e-07
 Reference value :  6.08068e-07
 Reference value :  6.08428e-07
 Reference value :  6.09148e-07
 Reference value :  6.09908e-07
 Reference value :  6.10148e-07
 Reference value :  6.10828e-07
 Reference value :  6.11548e-07
 Reference value :  6.12026e-07
 Reference value :  6.12387e-07
 Reference value :  6.12787e-07
 Reference value :  6.13307e-07
 Reference value :  6.14004e-07
 Reference value :  6.14228e-07
 Reference value :  6.14988e-07
 Reference value :  6.15748e-07
 Reference value :  6.16000e-07
 Reference value :  6.16026e-07
 Reference value :  6.16388e-07
 Reference value :  6.17028e-07
 Reference value :  6.17748e-07
 Reference value :  6.18108e-07
 Reference value :  6.18748e-07
 Reference value :  6.19468e-07
 Reference value :  6.20004e-07
 Reference value :  6.20147e-07
 Reference value :  6.20627e-07
 Reference value :  6.21107e-07
 Reference value :  6.21787e-07
 Reference value :  6.22108e-07
 Reference value :  6.22708e-07
 Reference value :  6.23428e-07
 Reference value :  6.24013e-07
 Reference value :  6.24306e-07
 Reference value :  6.24706e-07
 Reference value :  6.25226e-07
 Reference value :  6.25666e-07
 Reference value :  6.26040e-07
 Reference value :  6.26548e-07
 Reference value :  6.27188e-07
 Reference value :  6.27948e-07
 Reference value :  6.28147e-07
 Reference value :  6.28627e-07
 Reference value :  6.28827e-07
 Reference value :  6.28987e-07
 Reference value :  6.29467e-07
 Reference value :  6.30008e-07
 Reference value :  6.30188e-07
 Reference value :  6.30908e-07
 Reference value :  6.31188e-07
 Reference value :  6.31508e-07
 Reference value :  6.31974e-07
 Reference value :  6.32040e-07
 Reference value :  6.32308e-07
 Reference value :  6.32428e-07
 Reference value :  6.32828e-07
 Reference value :  6.33308e-07
 Reference value :  6.33788e-07
 Reference value :  6.34013e-07
 Reference value :  6.34308e-07
 Reference value :  6.34708e-07
 Reference value :  6.35388e-07
 Reference value :  6.36001e-07
 Reference value :  6.36147e-07
 Reference value :  6.36467e-07
 Reference value :  6.36827e-07
 Reference value :  6.37467e-07
 Reference value :  6.37947e-07
 Reference value :  6.38004e-07
 Reference value :  6.38026e-07
 Reference value :  6.38428e-07
 Reference value :  6.38628e-07
 Reference value :  6.39348e-07
 Reference value :  6.40000e-07
 Reference value :  6.40068e-07
 Reference value :  6.40228e-07
 Reference value :  6.40708e-07
 Reference value :  6.41468e-07
 Reference value :  6.42012e-07
 Reference value :  6.42348e-07
 Reference value :  6.43028e-07
 Reference value :  6.43788e-07
 Reference value :  6.44019e-07
 Reference value :  6.44267e-07
 Reference value :  6.44627e-07
 Reference value :  6.44827e-07
 Reference value :  6.44947e-07
 Reference value :  6.45067e-07
 Reference value :  6.45707e-07
 Reference value :  6.46068e-07
 Reference value :  6.46268e-07
 Reference value :  6.46908e-07
 Reference value :  6.47588e-07
 Reference value :  6.48015e-07
 Reference value :  6.48266e-07
 Reference value :  6.48426e-07
 Reference value :  6.48826e-07
 Reference value :  6.49186e-07
 Reference value :  6.49506e-07
 Reference value :  6.49666e-07
 Reference value :  6.49866e-07
 Reference value :  6.49973e-07
 Reference value :  6.50013e-07
 Reference value :  6.50148e-07
 Reference value :  6.50468e-07
 Reference value :  6.50788e-07
 Reference value :  6.51108e-07
 Reference value :  6.51228e-07
 Reference value :  6.51868e-07
 Reference value :  6.52013e-07
 Reference value :  6.52267e-07
 Reference value :  6.52627e-07
 Reference value :  6.52987e-07
 Reference value :  6.53707e-07
 Reference value :  6.54108e-07
 Reference value :  6.54708e-07
 Reference value :  6.55068e-07
 Reference value :  6.55468e-07
 Reference value :  6.55908e-07
 Reference value :  6.56148e-07
 Reference value :  6.56628e-07
 Reference value :  6.57108e-07
 Reference value :  6.57548e-07
 Reference value :  6.57828e-07
 Reference value :  6.58001e-07
 Reference value :  6.58308e-07
 Reference value :  6.58588e-07
 Reference value :  6.58868e-07
 Reference value :  6.58988e-07
 Reference value :  6.59348e-07
 Reference value :  6.59868e-07
 Reference value :  6.60000e-07
 Reference value :  6.60019e-07
 Reference value :  6.60387e-07
 Reference value :  6.60547e-07
 Reference value :  6.60747e-07
 Reference value :  6.60987e-07
 Reference value :  6.61267e-07
 Reference value :  6.62000e-07
 Reference value :  6.62188e-07
 Reference value :  6.62828e-07
 Reference value :  6.63268e-07
 Reference value :  6.63868e-07
 Reference value :  6.64108e-07
 Reference value :  6.64428e-07
 Reference value :  6.64948e-07
 Reference value :  6.65148e-07
 Reference value :  6.65268e-07
 Reference value :  6.65388e-07
 Reference value :  6.65868e-07
 Reference value :  6.66015e-07
 Reference value :  6.66040e-07
 Reference value :  6.66108e-07
 Reference value :  6.66268e-07
 Reference value :  6.66708e-07
 Reference value :  6.67148e-07
 Reference value :  6.67548e-07
 Reference value :  6.68001e-07
 Reference value :  6.68068e-07
 Reference value :  6.68187e-07
 Reference value :  6.68427e-07
 Reference value :  6.68667e-07
 Reference value :  6.68747e-07
 Reference value :  6.69147e-07
 Reference value :  6.69507e-07
 Reference value :  6.69827e-07
 Reference value :  6.69973e-07
 Reference value :  6.70015e-07
 Reference value :  6.70508e-07
 Reference value :  6.70788e-07
 Reference value :  6.70948e-07
 Reference value :  6.71148e-07
 Reference value :  6.71508e-07
 Reference value :  6.71668e-07
 Reference value :  6.71788e-07
 Reference value :  6.71868e-07
 Reference value :  6.71948e-07
 Reference value :  6.72000e-07
 Reference value :  6.72013e-07
 Reference value :  6.72018e-07
 Reference value :  6.72066e-07
 Reference value :  6.72146e-07
 Reference value :  6.72266e-07
 Reference value :  6.72346e-07
 Reference value :  6.72426e-07
 Reference value :  6.72506e-07
 Reference value :  6.72626e-07
 Reference value :  6.72746e-07
 Reference value :  6.72866e-07
 Reference value :  6.73426e-07
 Reference value :  6.73906e-07
 Reference value :  6.74026e-07
 Reference value :  6.74268e-07
 Reference value :  6.74628e-07
 Reference value :  6.74908e-07
 Reference value :  6.75108e-07
 Reference value :  6.75508e-07
 Reference value :  6.75974e-07
 Reference value :  6.76187e-07
 Reference value :  6.76427e-07
 Reference value :  6.76507e-07
 Reference value :  6.76587e-07
 Reference value :  6.76947e-07
 Reference value :  6.77347e-07
 Reference value :  6.77867e-07
 Reference value :  6.78015e-07
 Reference value :  6.78188e-07
 Reference value :  6.78668e-07
 Reference value :  6.79188e-07
 Reference value :  6.79428e-07
 Reference value :  6.80013e-07
 Reference value :  6.80348e-07
 Reference value :  6.80668e-07
 Reference value :  6.80828e-07
 Reference value :  6.81188e-07
 Reference value :  6.81974e-07
 Reference value :  6.82108e-07
 Reference value :  6.82588e-07
 Reference value :  6.83068e-07
 Reference value :  6.83268e-07
 Reference value :  6.83588e-07
 Reference value :  6.83948e-07
 Reference value :  6.84026e-07
 Reference value :  6.84427e-07
 Reference value :  6.84747e-07
 Reference value :  6.85387e-07
 Reference value :  6.85973e-07
 Reference value :  6.86013e-07
 Reference value :  6.86428e-07
 Reference value :  6.87148e-07
 Reference value :  6.87748e-07
 Reference value :  6.88019e-07
 Reference value :  6.88308e-07
 Reference value :  6.88428e-07
 Reference value :  6.88668e-07
 Reference value :  6.89308e-07
 Reference value :  6.89548e-07
 Reference value :  6.90000e-07
 Reference value :  6.90108e-07
 Reference value :  6.90348e-07
 Reference value :  6.90508e-07
 Reference value :  6.90628e-07
 Reference value :  6.91268e-07
 Reference value :  6.91548e-07
 Reference value :  6.91748e-07
 Reference value :  6.92019e-07
 Reference value :  6.92387e-07
 Reference value :  6.92707e-07
 Reference value :  6.92827e-07
 Reference value :  6.93507e-07
 Reference value :  6.94013e-07
 Reference value :  6.94428e-07
 Reference value :  6.95188e-07
 Reference value :  6.95708e-07
 Reference value :  6.96008e-07
 Reference value :  6.96186e-07
 Reference value :  6.96426e-07
 Reference value :  6.96706e-07
 Reference value :  6.97026e-07
 Reference value :  6.97386e-07
 Reference value :  6.97826e-07
 Reference value :  6.98013e-07
 Reference value :  6.98068e-07
 Reference value :  6.98148e-07
 Reference value :  6.98308e-07
 Reference value :  6.98708e-07
 Reference value :  6.98868e-07
 Reference value :  6.98988e-07
 Reference value :  6.99628e-07
 Reference value :  7.00040e-07
 Reference value :  7.00227e-07
 Reference value :  7.00307e-07
 Reference value :  7.00707e-07
 Reference value :  7.01267e-07
 Reference value :  7.01587e-07
 Reference value :  7.01787e-07
 Reference value :  7.02026e-07
 Reference value :  7.02548e-07
 Reference value :  7.03228e-07
 Reference value :  7.03708e-07
 Reference value :  7.04013e-07
 Reference value :  7.04040e-07
 Reference value :  7.04388e-07
 Reference value :  7.04948e-07
 Reference value :  7.05628e-07
 Reference value :  7.06026e-07
 Reference value :  7.06188e-07
 Reference value :  7.06548e-07
 Reference value :  7.07348e-07
 Reference value :  7.08000e-07
 Reference value :  7.08147e-07
 Reference value :  7.08427e-07
 Reference value :  7.08587e-07
 Reference value :  7.08747e-07
 Reference value :  7.09147e-07
 Reference value :  7.09787e-07
 Reference value :  7.10004e-07
 Reference value :  7.10228e-07
 Reference value :  7.10708e-07
 Reference value :  7.10868e-07
 Reference value :  7.10948e-07
 Reference value :  7.11668e-07
 Reference value :  7.12040e-07
 Reference value :  7.12388e-07
 Reference value :  7.12508e-07
 Reference value :  7.13108e-07
 Reference value :  7.13308e-07
 Reference value :  7.13428e-07
 Reference value :  7.13628e-07
 Reference value :  7.13868e-07
 Reference value :  7.14013e-07
 Reference value :  7.14148e-07
 Reference value :  7.14508e-07
 Reference value :  7.15028e-07
 Reference value :  7.15188e-07
 Reference value :  7.15308e-07
 Reference value :  7.15708e-07
 Reference value :  7.15828e-07
 Reference value :  7.16000e-07
 Reference value :  7.16107e-07
 Reference value :  7.16307e-07
 Reference value :  7.16587e-07
 Reference value :  7.16627e-07
 Reference value :  7.16667e-07
 Reference value :  7.16747e-07
 Reference value :  7.16787e-07
 Reference value :  7.16867e-07
 Reference value :  7.16987e-07
 Reference value :  7.17107e-07
 Reference value :  7.17227e-07
 Reference value :  7.17347e-07
 Reference value :  7.17467e-07
 Reference value :  7.17587e-07
 Reference value :  7.17707e-07
 Reference value :  7.17827e-07
 Reference value :  7.17947e-07
 Reference value :  7.18001e-07
 Reference value :  7.18012e-07
 Reference value :  7.18019e-07
 Reference value :  7.18068e-07
 Reference value :  7.18108e-07
 Reference value :  7.18188e-07
 Reference value :  7.18428e-07
 Reference value :  7.18788e-07
 Reference value :  7.18948e-07
 Reference value :  7.19508e-07
 Reference value :  7.19974e-07
 Reference value :  7.20015e-07
 Reference value :  7.20268e-07
 Reference value :  7.20428e-07
 Reference value :  7.20788e-07
 Reference value :  7.21268e-07
 Reference value :  7.21788e-07
 Reference value :  7.22019e-07
 Reference value :  7.22308e-07
 Reference value :  7.22748e-07
 Reference value :  7.22988e-07
 Reference value :  7.23268e-07
 Reference value :  7.23828e-07
 Reference value :  7.24019e-07
 Reference value :  7.24267e-07
 Reference value :  7.24587e-07
 Reference value :  7.24827e-07
 Reference value :  7.25347e-07
 Reference value :  7.25907e-07
 Reference value :  7.26068e-07
 Reference value :  7.26428e-07
 Reference value :  7.26908e-07
 Reference value :  7.27308e-07
 Reference value :  7.27748e-07
 Reference value :  7.28013e-07
 Reference value :  7.28308e-07
 Reference value :  7.28588e-07
 Reference value :  7.29148e-07
 Reference value :  7.29628e-07
 Reference value :  7.30013e-07
 Reference value :  7.30228e-07
 Reference value :  7.30708e-07
 Reference value :  7.31268e-07
 Reference value :  7.31788e-07
 Reference value :  7.32107e-07
 Reference value :  7.32427e-07
 Reference value :  7.32667e-07
 Reference value :  7.32747e-07
 Reference value :  7.33067e-07
 Reference value :  7.33507e-07
 Reference value :  7.34000e-07
 Reference value :  7.34108e-07
 Reference value :  7.34428e-07
 Reference value :  7.34908e-07
 Reference value :  7.35028e-07
 Reference value :  7.35228e-07
 Reference value :  7.35708e-07
 Reference value :  7.36026e-07
 Reference value :  7.36348e-07
 Reference value :  7.36948e-07
 Reference value :  7.37708e-07
 Reference value :  7.37868e-07
 Reference value :  7.38148e-07
 Reference value :  7.38828e-07
 Reference value :  7.39588e-07
 Reference value :  7.40019e-07
 Reference value :  7.40387e-07
 Reference value :  7.40747e-07
 Reference value :  7.41347e-07
 Reference value :  7.42001e-07
 Reference value :  7.42188e-07
 Reference value :  7.42868e-07
 Reference value :  7.43588e-07
 Reference value :  7.44026e-07
 Reference value :  7.44308e-07
 Reference value :  7.44428e-07
 Reference value :  7.44748e-07
 Reference value :  7.45508e-07
 Reference value :  7.46013e-07
 Reference value :  7.46468e-07
 Reference value :  7.47188e-07
 Reference value :  7.47948e-07
 Reference value :  7.48187e-07
 Reference value :  7.48627e-07
 Reference value :  7.49187e-07
 Reference value :  7.49907e-07
 Reference value :  7.50188e-07
 Reference value :  7.50868e-07
 Reference value :  7.51668e-07
 Reference value :  7.52040e-07
 Reference value :  7.52428e-07
 Reference value :  7.53188e-07
 Reference value :  7.53868e-07
 Reference value :  7.54148e-07
 Reference value :  7.54788e-07
 Reference value :  7.55548e-07
 Reference value :  7.56019e-07
 Reference value :  7.56387e-07
 Reference value :  7.56827e-07
 Reference value :  7.57427e-07
 Reference value :  7.58008e-07
 Reference value :  7.58228e-07
 Reference value :  7.58908e-07
 Reference value :  7.59548e-07
 Reference value :  7.60019e-07
 Reference value :  7.60348e-07
 Reference value :  7.60868e-07
 Reference value :  7.61668e-07
 Reference value :  7.62015e-07
 Reference value :  7.62228e-07
 Reference value :  7.62588e-07
 Reference value :  7.62828e-07
 Reference value :  7.63188e-07
 Reference value :  7.63508e-07
 Reference value :  7.64000e-07
 Reference value :  7.64107e-07
 Reference value :  7.64547e-07
 Reference value :  7.64787e-07
 Reference value :  7.64867e-07
 Reference value :  7.64947e-07
 Reference value :  7.65147e-07
 Reference value :  7.65827e-07
 Reference value :  7.66108e-07
 Reference value :  7.66708e-07
 Reference value :  7.67428e-07
 Reference value :  7.68008e-07
 Reference value :  7.68308e-07
 Reference value :  7.68908e-07
 Reference value :  7.69628e-07
 Reference value :  7.70040e-07
 Reference value :  7.70588e-07
 Reference value :  7.71308e-07
 Reference value :  7.71428e-07
 Reference value :  7.71548e-07
 Reference value :  7.71868e-07
 Reference value :  7.72147e-07
 Reference value :  7.72587e-07
 Reference value :  7.72947e-07
 Reference value :  7.73027e-07
 Reference value :  7.73707e-07
 Reference value :  7.74004e-07
 Reference value :  7.74228e-07
 Reference value :  7.74988e-07
 Reference value :  7.75668e-07
 Reference value :  7.76019e-07
 Reference value :  7.76388e-07
 Reference value :  7.76948e-07
 Reference value :  7.77668e-07
 Reference value :  7.78068e-07
 Reference value :  7.78388e-07
 Reference value :  7.78788e-07
 Reference value :  7.79308e-07
 Reference value :  7.79948e-07
 Reference value :  7.80147e-07
 Reference value :  7.80547e-07
 Reference value :  7.80787e-07
 Reference value :  7.81387e-07
 Reference value :  7.81667e-07
 Reference value :  7.81947e-07
 Reference value :  7.82188e-07
 Reference value :  7.82788e-07
 Reference value :  7.83508e-07
 Reference value :  7.84015e-07
 Reference value :  7.84348e-07
 Reference value :  7.84908e-07
 Reference value :  7.85708e-07
 Reference value :  7.86040e-07
 Reference value :  7.86628e-07
 Reference value :  7.87308e-07
 Reference value :  7.87908e-07
 Reference value :  7.88040e-07
 Reference value :  7.88307e-07
 Reference value :  7.88387e-07
 Reference value :  7.88627e-07
 Reference value :  7.88827e-07
 Reference value :  7.89227e-07
 Reference value :  7.89787e-07
 Reference value :  7.90012e-07
 Reference value :  7.90308e-07
 Reference value :  7.90708e-07
 Reference value :  7.90988e-07
 Reference value :  7.91228e-07
 Reference value :  7.91348e-07
 Reference value :  7.91748e-07
 Reference value :  7.92008e-07
 Reference value :  7.92108e-07
 Reference value :  7.92228e-07
 Reference value :  7.92468e-07
 Reference value :  7.92788e-07
 Reference value :  7.92948e-07
 Reference value :  7.93348e-07
 Reference value :  7.93828e-07
 Reference value :  7.94001e-07
 Reference value :  7.94148e-07
 Reference value :  7.94508e-07
 Reference value :  7.95108e-07
 Reference value :  7.95868e-07
 Reference value :  7.96145e-07
 Reference value :  7.96625e-07
 Reference value :  7.97025e-07
 Reference value :  7.97545e-07
 Reference value :  7.97785e-07
 Reference value :  7.98108e-07
 Reference value :  7.98668e-07
 Reference value :  7.99348e-07
 Reference value :  8.00001e-07
 Reference value :  8.00228e-07
 Reference value :  8.00428e-07
 Reference value :  8.00868e-07
 Reference value :  8.01428e-07
 Reference value :  8.01588e-07
 Reference value :  8.02013e-07
 Reference value :  8.02188e-07
 Reference value :  8.02268e-07
 Reference value :  8.02348e-07
 Reference value :  8.02748e-07
 Reference value :  8.03028e-07
 Reference value :  8.03748e-07
 Reference value :  8.04107e-07
 Reference value :  8.04547e-07
 Reference value :  8.04947e-07
 Reference value :  8.05547e-07
 Reference value :  8.06013e-07
 Reference value :  8.06468e-07
 Reference value :  8.07188e-07
 Reference value :  8.07948e-07
 Reference value :  8.08188e-07
 Reference value :  8.08668e-07
 Reference value :  8.09188e-07
 Reference value :  8.09348e-07
 Reference value :  8.09948e-07
 Reference value :  8.10228e-07
 Reference value :  8.10908e-07
 Reference value :  8.11628e-07
 Reference value :  8.11908e-07
 Reference value :  8.12147e-07
 Reference value :  8.12387e-07
 Reference value :  8.12667e-07
 Reference value :  8.12747e-07
 Reference value :  8.13387e-07
 Reference value :  8.14008e-07
 Reference value :  8.14308e-07
 Reference value :  8.15028e-07
 Reference value :  8.15748e-07
 Reference value :  8.16040e-07
 Reference value :  8.16308e-07
 Reference value :  8.16908e-07
 Reference value :  8.17668e-07
 Reference value :  8.18040e-07
 Reference value :  8.18508e-07
 Reference value :  8.19108e-07
 Reference value :  8.19388e-07
 Reference value :  8.19708e-07
 Reference value :  8.20013e-07
 Reference value :  8.20066e-07
 Reference value :  8.20305e-07
 Reference value :  8.20545e-07
 Reference value :  8.20705e-07
 Reference value :  8.20945e-07
 Reference value :  8.21065e-07
 Reference value :  8.21585e-07
 Reference value :  8.22015e-07
 Reference value :  8.22108e-07
 Reference value :  8.22668e-07
 Reference value :  8.22948e-07
 Reference value :  8.23148e-07
 Reference value :  8.23708e-07
 Reference value :  8.24013e-07
 Reference value :  8.24068e-07
 Reference value :  8.24388e-07
 Reference value :  8.24988e-07
 Reference value :  8.25628e-07
 Reference value :  8.26026e-07
 Reference value :  8.26588e-07
 Reference value :  8.27308e-07
 Reference value :  8.28001e-07
 Reference value :  8.28227e-07
 Reference value :  8.28667e-07
 Reference value :  8.29107e-07
 Reference value :  8.29827e-07
 Reference value :  8.30108e-07
 Reference value :  8.30668e-07
 Reference value :  8.31428e-07
 Reference value :  8.32008e-07
 Reference value :  8.32308e-07
 Reference value :  8.32908e-07
 Reference value :  8.33348e-07
 Reference value :  8.34004e-07
 Reference value :  8.34148e-07
 Reference value :  8.34828e-07
 Reference value :  8.35548e-07
 Reference value :  8.36026e-07
 Reference value :  8.36347e-07
 Reference value :  8.36787e-07
 Reference value :  8.37147e-07
 Reference value :  8.37947e-07
 Reference value :  8.38188e-07
 Reference value :  8.38868e-07
 Reference value :  8.39588e-07
 Reference value :  8.40019e-07
 Reference value :  8.40308e-07
 Reference value :  8.40868e-07
 Reference value :  8.41668e-07
 Reference value :  8.42040e-07
 Reference value :  8.42668e-07
 Reference value :  8.43388e-07
 Reference value :  8.44013e-07
 Reference value :  8.44066e-07
 Reference value :  8.44425e-07
 Reference value :  8.44745e-07
 Reference value :  8.45385e-07
 Reference value :  8.46013e-07
 Reference value :  8.46148e-07
 Reference value :  8.46828e-07
 Reference value :  8.47548e-07
 Reference value :  8.48015e-07
 Reference value :  8.48308e-07
 Reference value :  8.48828e-07
 Reference value :  8.49628e-07
 Reference value :  8.50026e-07
 Reference value :  8.50228e-07
 Reference value :  8.50908e-07
 Reference value :  8.51708e-07
 Reference value :  8.52068e-07
 Reference value :  8.52507e-07
 Reference value :  8.52907e-07
 Reference value :  8.53667e-07
 Reference value :  8.54000e-07
 Reference value :  8.54188e-07
 Reference value :  8.54988e-07
 Reference value :  8.55548e-07
 Reference value :  8.56026e-07
 Reference value :  8.56388e-07
 Reference value :  8.57068e-07
 Reference value :  8.57788e-07
 Reference value :  8.58013e-07
 Reference value :  8.58188e-07
 Reference value :  8.58588e-07
 Reference value :  8.58948e-07
 Reference value :  8.59108e-07
 Reference value :  8.59228e-07
 Reference value :  8.59308e-07
 Reference value :  8.59428e-07
 Reference value :  8.59548e-07
 Reference value :  8.59788e-07
 Reference value :  8.60107e-07
 Reference value :  8.60587e-07
 Reference value :  8.60907e-07
 Reference value :  8.61707e-07
 Reference value :  8.62015e-07
 Reference value :  8.62068e-07
 Reference value :  8.62348e-07
 Reference value :  8.63108e-07
 Reference value :  8.63828e-07
 Reference value :  8.64013e-07
 Reference value :  8.64308e-07
 Reference value :  8.64868e-07
 Reference value :  8.65628e-07
 Reference value :  8.66013e-07
 Reference value :  8.66068e-07
 Reference value :  8.66588e-07
 Reference value :  8.67348e-07
 Reference value :  8.68000e-07
 Reference value :  8.68305e-07
 Reference value :  8.68625e-07
 Reference value :  8.68825e-07
 Reference value :  8.68985e-07
 Reference value :  8.69065e-07
 Reference value :  8.69145e-07
 Reference value :  8.69225e-07
 Reference value :  8.69705e-07
 Reference value :  8.70108e-07
 Reference value :  8.70588e-07
 Reference value :  8.71348e-07
 Reference value :  8.72008e-07
 Reference value :  8.72068e-07
 Reference value :  8.72308e-07
 Reference value :  8.72428e-07
 Reference value :  8.72828e-07
 Reference value :  8.73148e-07
 Reference value :  8.73548e-07
 Reference value :  8.73948e-07
 Reference value :  8.74026e-07
 Reference value :  8.74228e-07
 Reference value :  8.74668e-07
 Reference value :  8.75388e-07
 Reference value :  8.76008e-07
 Reference value :  8.76107e-07
 Reference value :  8.76587e-07
 Reference value :  8.76867e-07
 Reference value :  8.76987e-07
 Reference value :  8.77427e-07
 Reference value :  8.77947e-07
 Reference value :  8.78108e-07
 Reference value :  8.78468e-07
 Reference value :  8.78868e-07
 Reference value :  8.79268e-07
 Reference value :  8.79428e-07
 Reference value :  8.79788e-07
 Reference value :  8.80108e-07
 Reference value :  8.80148e-07
 Reference value :  8.80228e-07
 Reference value :  8.80308e-07
 Reference value :  8.80388e-07
 Reference value :  8.80428e-07
 Reference value :  8.80508e-07
 Reference value :  8.80588e-07
 Reference value :  8.80828e-07
 Reference value :  8.80908e-07
 Reference value :  8.81028e-07
 Reference value :  8.81148e-07
 Reference value :  8.81268e-07
 Reference value :  8.81388e-07
 Reference value :  8.81508e-07
 Reference value :  8.81628e-07
 Reference value :  8.81748e-07
 Reference value :  8.81868e-07
 Reference value :  8.82000e-07
 Reference value :  8.82068e-07
 Reference value :  8.82588e-07
 Reference value :  8.83228e-07
 Reference value :  8.83868e-07
 Reference value :  8.84147e-07
 Reference value :  8.84547e-07
 Reference value :  8.84787e-07
 Reference value :  8.85267e-07
 Reference value :  8.85907e-07
 Reference value :  8.86019e-07
 Reference value :  8.86068e-07
 Reference value :  8.86188e-07
 Reference value :  8.86268e-07
 Reference value :  8.86388e-07
 Reference value :  8.86628e-07
 Reference value :  8.86748e-07
 Reference value :  8.86868e-07
 Reference value :  8.86948e-07
 Reference value :  8.87068e-07
 Reference value :  8.87188e-07
 Reference value :  8.87308e-07
 Reference value :  8.87428e-07
 Reference value :  8.87628e-07
 Reference value :  8.87708e-07
 Reference value :  8.87868e-07
 Reference value :  8.87974e-07
 Reference value :  8.88004e-07
 Reference value :  8.88013e-07
 Reference value :  8.88026e-07
 Reference value :  8.88068e-07
 Reference value :  8.88108e-07
 Reference value :  8.88148e-07
 Reference value :  8.88228e-07
 Reference value :  8.88548e-07
 Reference value :  8.89108e-07
 Reference value :  8.89908e-07
 Reference value :  8.90188e-07
 Reference value :  8.90868e-07
 Reference value :  8.91628e-07
 Reference value :  8.92039e-07
 Reference value :  8.92465e-07
 Reference value :  8.92825e-07
 Reference value :  8.93545e-07
 Reference value :  8.94013e-07
 Reference value :  8.94428e-07
 Reference value :  8.95188e-07
 Reference value :  8.95948e-07
 Reference value :  8.96228e-07
 Reference value :  8.96588e-07
 Reference value :  8.97388e-07
 Reference value :  8.98004e-07
 Reference value :  8.98348e-07
 Reference value :  8.99108e-07
 Reference value :  8.99828e-07
 Reference value :  9.00107e-07
 Reference value :  9.00387e-07
 Reference value :  9.00827e-07
 Reference value :  9.01187e-07
 Reference value :  9.01947e-07
 Reference value :  9.02188e-07
 Reference value :  9.02908e-07
 Reference value :  9.03548e-07
 Reference value :  9.04013e-07
 Reference value :  9.04348e-07
 Reference value :  9.04788e-07
 Reference value :  9.05548e-07
 Reference value :  9.06013e-07
 Reference value :  9.06268e-07
 Reference value :  9.07028e-07
 Reference value :  9.07748e-07
 Reference value :  9.08068e-07
 Reference value :  9.08347e-07
 Reference value :  9.08547e-07
 Reference value :  9.08667e-07
 Reference value :  9.08867e-07
 Reference value :  9.09347e-07
 Reference value :  9.09827e-07
 Reference value :  9.10013e-07
 Reference value :  9.10228e-07
 Reference value :  9.10508e-07
 Reference value :  9.11188e-07
 Reference value :  9.11948e-07
 Reference value :  9.12148e-07
 Reference value :  9.12628e-07
 Reference value :  9.13268e-07
 Reference value :  9.13468e-07
 Reference value :  9.14008e-07
 Reference value :  9.14348e-07
 Reference value :  9.15108e-07
 Reference value :  9.15788e-07
 Reference value :  9.16145e-07
 Reference value :  9.16585e-07
 Reference value :  9.17065e-07
 Reference value :  9.17185e-07
 Reference value :  9.17973e-07
 Reference value :  9.18188e-07
 Reference value :  9.18508e-07
 Reference value :  9.18788e-07
 Reference value :  9.19268e-07
 Reference value :  9.19748e-07
 Reference value :  9.20013e-07
 Reference value :  9.20148e-07
 Reference value :  9.20308e-07
 Reference value :  9.20588e-07
 Reference value :  9.20828e-07
 Reference value :  9.21588e-07
 Reference value :  9.22015e-07
 Reference value :  9.22428e-07
 Reference value :  9.23148e-07
 Reference value :  9.23828e-07
 Reference value :  9.24147e-07
 Reference value :  9.24587e-07
 Reference value :  9.24907e-07
 Reference value :  9.25707e-07
 Reference value :  9.26068e-07
 Reference value :  9.26628e-07
 Reference value :  9.27308e-07
 Reference value :  9.28001e-07
 Reference value :  9.28228e-07
 Reference value :  9.28708e-07
 Reference value :  9.29468e-07
 Reference value :  9.30013e-07
 Reference value :  9.30388e-07
 Reference value :  9.31068e-07
 Reference value :  9.31868e-07
 Reference value :  9.32107e-07
 Reference value :  9.32547e-07
 Reference value :  9.32987e-07
 Reference value :  9.33667e-07
 Reference value :  9.34040e-07
 Reference value :  9.34188e-07
 Reference value :  9.34948e-07
 Reference value :  9.35268e-07
 Reference value :  9.35348e-07
 Reference value :  9.35788e-07
 Reference value :  9.36068e-07
 Reference value :  9.36308e-07
 Reference value :  9.36828e-07
 Reference value :  9.37588e-07
 Reference value :  9.38012e-07
 Reference value :  9.38428e-07
 Reference value :  9.38868e-07
 Reference value :  9.39228e-07
 Reference value :  9.39468e-07
 Reference value :  9.39668e-07
 Reference value :  9.39908e-07
 Reference value :  9.40015e-07
 Reference value :  9.40105e-07
 Reference value :  9.40185e-07
 Reference value :  9.40265e-07
 Reference value :  9.40545e-07
 Reference value :  9.40745e-07
 Reference value :  9.40865e-07
 Reference value :  9.41585e-07
 Reference value :  9.42040e-07
 Reference value :  9.42388e-07
 Reference value :  9.42828e-07
 Reference value :  9.42908e-07
 Reference value :  9.43108e-07
 Reference value :  9.43388e-07
 Reference value :  9.43588e-07
 Reference value :  9.43748e-07
 Reference value :  9.44008e-07
 Reference value :  9.44228e-07
 Reference value :  9.44388e-07
 Reference value :  9.44508e-07
 Reference value :  9.44788e-07
 Reference value :  9.45308e-07
 Reference value :  9.45788e-07
 Reference value :  9.46008e-07
 Reference value :  9.46068e-07
 Reference value :  9.46188e-07
 Reference value :  9.46668e-07
 Reference value :  9.46908e-07
 Reference value :  9.47068e-07
 Reference value :  9.47668e-07
 Reference value :  9.48004e-07
 Reference value :  9.48068e-07
 Reference value :  9.48507e-07
 Reference value :  9.48907e-07
 Reference value :  9.49667e-07
 Reference value :  9.50040e-07
 Reference value :  9.50588e-07
 Reference value :  9.51108e-07
 Reference value :  9.51628e-07
 Reference value :  9.52040e-07
 Reference value :  9.52388e-07
 Reference value :  9.52548e-07
 Reference value :  9.53228e-07
 Reference value :  9.53748e-07
 Reference value :  9.54068e-07
 Reference value :  9.54268e-07
 Reference value :  9.54668e-07
 Reference value :  9.55428e-07
 Reference value :  9.56001e-07
 Reference value :  9.56187e-07
 Reference value :  9.56547e-07
 Reference value :  9.56747e-07
 Reference value :  9.57307e-07
 Reference value :  9.57973e-07
 Reference value :  9.58188e-07
 Reference value :  9.58908e-07
 Reference value :  9.59628e-07
 Reference value :  9.60040e-07
 Reference value :  9.60428e-07
 Reference value :  9.61148e-07
 Reference value :  9.61868e-07
 Reference value :  9.62188e-07
 Reference value :  9.62828e-07
 Reference value :  9.63588e-07
 Reference value :  9.64019e-07
 Reference value :  9.64387e-07
 Reference value :  9.64787e-07
 Reference value :  9.65227e-07
 Reference value :  9.65973e-07
 Reference value :  9.66188e-07
 Reference value :  9.66828e-07
 Reference value :  9.67548e-07
 Reference value :  9.68013e-07
 Reference value :  9.68308e-07
 Reference value :  9.68828e-07
 Reference value :  9.69548e-07
 Reference value :  9.70013e-07
 Reference value :  9.70388e-07
 Reference value :  9.71068e-07
 Reference value :  9.71828e-07
 Reference value :  9.72107e-07
 Reference value :  9.72427e-07
 Reference value :  9.72747e-07
 Reference value :  9.73427e-07
 Reference value :  9.74004e-07
 Reference value :  9.74268e-07
 Reference value :  9.75028e-07
 Reference value :  9.75708e-07
 Reference value :  9.76068e-07
 Reference value :  9.76428e-07
 Reference value :  9.77148e-07
 Reference value :  9.77948e-07
 Reference value :  9.78188e-07
 Reference value :  9.78908e-07
 Reference value :  9.79588e-07
 Reference value :  9.80019e-07
 Reference value :  9.80267e-07
 Reference value :  9.80547e-07
 Reference value :  9.80787e-07
 Reference value :  9.81067e-07
 Reference value :  9.81787e-07
 Reference value :  9.82108e-07
 Reference value :  9.82748e-07
 Reference value :  9.83428e-07
 Reference value :  9.84013e-07
 Reference value :  9.84348e-07
 Reference value :  9.84908e-07
 Reference value :  9.85108e-07
 Reference value :  9.85668e-07
 Reference value :  9.86040e-07
 Reference value :  9.86548e-07
 Reference value :  9.87308e-07
 Reference value :  9.88004e-07
 Reference value :  9.88267e-07
 Reference value :  9.88707e-07
 Reference value :  9.89227e-07
 Reference value :  9.89973e-07
 Reference value :  9.90188e-07
 Reference value :  9.90868e-07
 Reference value :  9.91588e-07
 Reference value :  9.92026e-07
 Reference value :  9.92428e-07
 Reference value :  9.92948e-07
 Reference value :  9.93268e-07
 Reference value :  9.93948e-07
 Reference value :  9.94228e-07
 Reference value :  9.94948e-07
 Reference value :  9.95748e-07
 Reference value :  9.96107e-07
 Reference value :  9.96587e-07
 Reference value :  9.97027e-07
 Reference value :  9.97747e-07
 Reference value :  9.98000e-07
 Reference value :  9.98019e-07
 Reference value :  9.98108e-07
 Reference value :  9.98188e-07
 Reference value :  9.98428e-07
 Reference value :  9.98788e-07
 Reference value :  9.99108e-07
 Reference value :  9.99228e-07
 Reference value :  9.99628e-07
 Reference value :  9.99748e-07
 Reference value :  9.99908e-07
 Reference value :  1.00001e-06
 Reference value :  1.00011e-06
 Reference value :  1.00019e-06
 Reference value :  1.00035e-06
 Reference value :  1.00043e-06
 Reference value :  1.00107e-06
 Reference value :  1.00151e-06
 Reference value :  1.00179e-06
 Reference value :  1.00207e-06
 Reference value :  1.00263e-06
 Reference value :  1.00335e-06
 Reference value :  1.00375e-06
 Reference value :  1.00387e-06
 Reference value :  1.00401e-06
 Reference value :  1.00419e-06
 Reference value :  1.00443e-06
 Reference value :  1.00463e-06
 Reference value :  1.00471e-06
 Reference value :  1.00483e-06
 Reference value :  1.00559e-06
 Reference value :  1.00579e-06
 Reference value :  1.00611e-06
 Reference value :  1.00667e-06
 Reference value :  1.00739e-06
 Reference value :  1.00800e-06
 Reference value :  1.00827e-06
 Reference value :  1.00875e-06
 Reference value :  1.00943e-06
 Reference value :  1.01001e-06
 Reference value :  1.01043e-06
 Reference value :  1.01115e-06
 Reference value :  1.01183e-06
 Reference value :  1.01211e-06
 Reference value :  1.01255e-06
 Reference value :  1.01295e-06
 Reference value :  1.01363e-06
 Reference value :  1.01404e-06
 Reference value :  1.01455e-06
 Reference value :  1.01527e-06
 Reference value :  1.01597e-06
 Reference value :  1.01623e-06
 Reference value :  1.01663e-06
 Reference value :  1.01743e-06
 Reference value :  1.01801e-06
 Reference value :  1.01831e-06
 Reference value :  1.01883e-06
 Reference value :  1.01955e-06
 Reference value :  1.02002e-06
 Reference value :  1.02039e-06
 Reference value :  1.02079e-06
 Reference value :  1.02143e-06
 Reference value :  1.02201e-06
 Reference value :  1.02219e-06
 Reference value :  1.02295e-06
 Reference value :  1.02371e-06
 Reference value :  1.02404e-06
 Reference value :  1.02443e-06
 Reference value :  1.02507e-06
 Reference value :  1.02583e-06
 Reference value :  1.02615e-06
 Reference value :  1.02683e-06
 Reference value :  1.02751e-06
 Reference value :  1.02802e-06
 Reference value :  1.02835e-06
 Reference value :  1.02859e-06
 Reference value :  1.02899e-06
 Reference value :  1.02955e-06
 Reference value :  1.03001e-06
 Reference value :  1.03031e-06
 Reference value :  1.03107e-06
 Reference value :  1.03175e-06
 Reference value :  1.03207e-06
 Reference value :  1.03243e-06
 Reference value :  1.03311e-06
 Reference value :  1.03387e-06
 Reference value :  1.03401e-06
 Reference value :  1.03447e-06
 Reference value :  1.03523e-06
 Reference value :  1.03595e-06
 Reference value :  1.03619e-06
 Reference value :  1.03659e-06
 Reference value :  1.03687e-06
 Reference value :  1.03747e-06
 Reference value :  1.03801e-06
 Reference value :  1.03831e-06
 Reference value :  1.03907e-06
 Reference value :  1.03983e-06
 Reference value :  1.04015e-06
 Reference value :  1.04059e-06
 Reference value :  1.04123e-06
 Reference value :  1.04197e-06
 Reference value :  1.04219e-06
 Reference value :  1.04231e-06
 Reference value :  1.04243e-06
 Reference value :  1.04267e-06
 Reference value :  1.04299e-06
 Reference value :  1.04335e-06
 Reference value :  1.04367e-06
 Reference value :  1.04400e-06
 Reference value :  1.04404e-06
 Reference value :  1.04415e-06
 Reference value :  1.04439e-06
 Reference value :  1.04451e-06
 Reference value :  1.04459e-06
 Reference value :  1.04471e-06
 Reference value :  1.04479e-06
 Reference value :  1.04487e-06
 Reference value :  1.04503e-06
 Reference value :  1.04535e-06
 Reference value :  1.04563e-06
 Reference value :  1.04583e-06
 Reference value :  1.04601e-06
 Reference value :  1.04615e-06
 Reference value :  1.04623e-06
 Reference value :  1.04635e-06
 Reference value :  1.04703e-06
 Reference value :  1.04715e-06
 Reference value :  1.04791e-06
 Reference value :  1.04815e-06
 Reference value :  1.04839e-06
 Reference value :  1.04891e-06
 Reference value :  1.04959e-06
 Reference value :  1.05003e-06
 Reference value :  1.05039e-06
 Reference value :  1.05107e-06
 Reference value :  1.05179e-06
 Reference value :  1.05211e-06
 Reference value :  1.05255e-06
 Reference value :  1.05283e-06
 Reference value :  1.05319e-06
 Reference value :  1.05391e-06
 Reference value :  1.05415e-06
 Reference value :  1.05471e-06
 Reference value :  1.05547e-06
 Reference value :  1.05601e-06
 Reference value :  1.05635e-06
 Reference value :  1.05691e-06
 Reference value :  1.05771e-06
 Reference value :  1.05804e-06
 Reference value :  1.05859e-06
 Reference value :  1.05935e-06
 Reference value :  1.06000e-06
 Reference value :  1.06027e-06
 Reference value :  1.06071e-06
 Reference value :  1.06115e-06
 Reference value :  1.06179e-06
 Reference value :  1.06211e-06
 Reference value :  1.06275e-06
 Reference value :  1.06347e-06
 Reference value :  1.06401e-06
 Reference value :  1.06431e-06
 Reference value :  1.06475e-06
 Reference value :  1.06543e-06
 Reference value :  1.06601e-06
 Reference value :  1.06639e-06
 Reference value :  1.06707e-06
 Reference value :  1.06731e-06
 Reference value :  1.06800e-06
 Reference value :  1.06823e-06
 Reference value :  1.06863e-06
 Reference value :  1.06915e-06
 Reference value :  1.06991e-06
 Reference value :  1.07015e-06
 Reference value :  1.07079e-06
 Reference value :  1.07139e-06
 Reference value :  1.07201e-06
 Reference value :  1.07231e-06
 Reference value :  1.07287e-06
 Reference value :  1.07343e-06
 Reference value :  1.07401e-06
 Reference value :  1.07443e-06
 Reference value :  1.07519e-06
 Reference value :  1.07595e-06
 Reference value :  1.07615e-06
 Reference value :  1.07663e-06
 Reference value :  1.07707e-06
 Reference value :  1.07783e-06
 Reference value :  1.07815e-06
 Reference value :  1.07875e-06
 Reference value :  1.07943e-06
 Reference value :  1.08001e-06
 Reference value :  1.08015e-06
 Reference value :  1.08039e-06
 Reference value :  1.08087e-06
 Reference value :  1.08159e-06
 Reference value :  1.08203e-06
 Reference value :  1.08259e-06
 Reference value :  1.08331e-06
 Reference value :  1.08355e-06
 Reference value :  1.08401e-06
 Reference value :  1.08435e-06
 Reference value :  1.08475e-06
 Reference value :  1.08539e-06
 Reference value :  1.08600e-06
 Reference value :  1.08602e-06
 Reference value :  1.08631e-06
 Reference value :  1.08695e-06
 Reference value :  1.08775e-06
 Reference value :  1.08807e-06
 Reference value :  1.08847e-06
 Reference value :  1.08915e-06
 Reference value :  1.08987e-06
 Reference value :  1.09019e-06
 Reference value :  1.09087e-06
 Reference value :  1.09167e-06
 Reference value :  1.09204e-06
 Reference value :  1.09223e-06
 Reference value :  1.09259e-06
 Reference value :  1.09299e-06
 Reference value :  1.09363e-06
 Reference value :  1.09404e-06
 Reference value :  1.09459e-06
 Reference value :  1.09523e-06
 Reference value :  1.09587e-06
 Reference value :  1.09611e-06
 Reference value :  1.09651e-06
 Reference value :  1.09723e-06
 Reference value :  1.09797e-06
 Reference value :  1.09823e-06
 Reference value :  1.09879e-06
 Reference value :  1.09939e-06
 Reference value :  1.10001e-06
 Reference value :  1.10031e-06
 Reference value :  1.10063e-06
 Reference value :  1.10111e-06
 Reference value :  1.10175e-06
 Reference value :  1.10207e-06
 Reference value :  1.10263e-06
 Reference value :  1.10339e-06
 Reference value :  1.10397e-06
 Reference value :  1.10411e-06
 Reference value :  1.10431e-06
 Reference value :  1.10487e-06
 Reference value :  1.10567e-06
 Reference value :  1.10604e-06
 Reference value :  1.10659e-06
 Reference value :  1.10727e-06
 Reference value :  1.10797e-06
 Reference value :  1.10811e-06
 Reference value :  1.10847e-06
 Reference value :  1.10875e-06
 Reference value :  1.10915e-06
 Reference value :  1.10971e-06
 Reference value :  1.11001e-06
 Reference value :  1.11011e-06
 Reference value :  1.11039e-06
 Reference value :  1.11079e-06
 Reference value :  1.11119e-06
 Reference value :  1.11135e-06
 Reference value :  1.11159e-06
 Reference value :  1.11179e-06
 Reference value :  1.11191e-06
 Reference value :  1.11200e-06
 Reference value :  1.11201e-06
 Reference value :  1.11202e-06
 Reference value :  1.11204e-06
 Reference value :  1.11211e-06
 Reference value :  1.11219e-06
 Reference value :  1.11227e-06
 Reference value :  1.11231e-06
 Reference value :  1.11235e-06
 Reference value :  1.11239e-06
 Reference value :  1.11243e-06
 Reference value :  1.11251e-06
 Reference value :  1.11263e-06
 Reference value :  1.11275e-06
 Reference value :  1.11287e-06
 Reference value :  1.11299e-06
 Reference value :  1.11311e-06
 Reference value :  1.11379e-06
 Reference value :  1.11403e-06
 Reference value :  1.11435e-06
 Reference value :  1.11515e-06
 Reference value :  1.11567e-06
 Reference value :  1.11607e-06
 Reference value :  1.11647e-06
 Reference value :  1.11671e-06
 Reference value :  1.11719e-06
 Reference value :  1.11797e-06
 Reference value :  1.11815e-06
 Reference value :  1.11843e-06
 Reference value :  1.11895e-06
 Reference value :  1.11955e-06
 Reference value :  1.12003e-06
 Reference value :  1.12023e-06
 Reference value :  1.12035e-06
 Reference value :  1.12087e-06
 Reference value :  1.12163e-06
 Reference value :  1.12203e-06
 Reference value :  1.12255e-06
 Reference value :  1.12331e-06
 Reference value :  1.12400e-06
 Reference value :  1.12419e-06
 Reference value :  1.12459e-06
 Reference value :  1.12503e-06
 Reference value :  1.12567e-06
 Reference value :  1.12604e-06
 Reference value :  1.12659e-06
 Reference value :  1.12727e-06
 Reference value :  1.12797e-06
 Reference value :  1.12819e-06
 Reference value :  1.12859e-06
 Reference value :  1.12927e-06
 Reference value :  1.12997e-06
 Reference value :  1.13023e-06
 Reference value :  1.13095e-06
 Reference value :  1.13171e-06
 Reference value :  1.13204e-06
 Reference value :  1.13243e-06
 Reference value :  1.13275e-06
 Reference value :  1.13343e-06
 Reference value :  1.13401e-06
 Reference value :  1.13435e-06
 Reference value :  1.13511e-06
 Reference value :  1.13579e-06
 Reference value :  1.13611e-06
 Reference value :  1.13631e-06
 Reference value :  1.13687e-06
 Reference value :  1.13763e-06
 Reference value :  1.13797e-06
 Reference value :  1.13801e-06
 Reference value :  1.13839e-06
 Reference value :  1.13911e-06
 Reference value :  1.13979e-06
 Reference value :  1.14011e-06
 Reference value :  1.14043e-06
 Reference value :  1.14071e-06
 Reference value :  1.14107e-06
 Reference value :  1.14175e-06
 Reference value :  1.14201e-06
 Reference value :  1.14215e-06
 Reference value :  1.14279e-06
 Reference value :  1.14347e-06
 Reference value :  1.14401e-06
 Reference value :  1.14403e-06
 Reference value :  1.14407e-06
 Reference value :  1.14443e-06
 Reference value :  1.14511e-06
 Reference value :  1.14583e-06
 Reference value :  1.14611e-06
 Reference value :  1.14671e-06
 Reference value :  1.14743e-06
 Reference value :  1.14801e-06
 Reference value :  1.14815e-06
 Reference value :  1.14839e-06
 Reference value :  1.14859e-06
 Reference value :  1.14879e-06
 Reference value :  1.14943e-06
 Reference value :  1.15001e-06
 Reference value :  1.15004e-06
 Reference value :  1.15059e-06
 Reference value :  1.15095e-06
 Reference value :  1.15119e-06
 Reference value :  1.15151e-06
 Reference value :  1.15200e-06
 Reference value :  1.15207e-06
 Reference value :  1.15235e-06
 Reference value :  1.15247e-06
 Reference value :  1.15283e-06
 Reference value :  1.15303e-06
 Reference value :  1.15315e-06
 Reference value :  1.15327e-06
 Reference value :  1.15339e-06
 Reference value :  1.15367e-06
 Reference value :  1.15383e-06
 Reference value :  1.15401e-06
 Reference value :  1.15443e-06
 Reference value :  1.15487e-06
 Reference value :  1.15539e-06
 Reference value :  1.15601e-06
 Reference value :  1.15627e-06
 Reference value :  1.15667e-06
 Reference value :  1.15699e-06
 Reference value :  1.15743e-06
 Reference value :  1.15775e-06
 Reference value :  1.15811e-06
 Reference value :  1.15867e-06
 Reference value :  1.15943e-06
 Reference value :  1.16001e-06
 Reference value :  1.16007e-06
 Reference value :  1.16015e-06
 Reference value :  1.16051e-06
 Reference value :  1.16131e-06
 Reference value :  1.16191e-06
 Reference value :  1.16204e-06
 Reference value :  1.16215e-06
 Reference value :  1.16239e-06
 Reference value :  1.16275e-06
 Reference value :  1.16331e-06
 Reference value :  1.16383e-06
 Reference value :  1.16402e-06
 Reference value :  1.16415e-06
 Reference value :  1.16455e-06
 Reference value :  1.16467e-06
 Reference value :  1.16503e-06
 Reference value :  1.16579e-06
 Reference value :  1.16611e-06
 Reference value :  1.16675e-06
 Reference value :  1.16743e-06
 Reference value :  1.16801e-06
 Reference value :  1.16823e-06
 Reference value :  1.16843e-06
 Reference value :  1.16915e-06
 Reference value :  1.16991e-06
 Reference value :  1.17019e-06
 Reference value :  1.17091e-06
 Reference value :  1.17167e-06
 Reference value :  1.17200e-06
 Reference value :  1.17211e-06
 Reference value :  1.17259e-06
 Reference value :  1.17307e-06
 Reference value :  1.17331e-06
 Reference value :  1.17355e-06
 Reference value :  1.17391e-06
 Reference value :  1.17407e-06
 Reference value :  1.17419e-06
 Reference value :  1.17447e-06
 Reference value :  1.17463e-06
 Reference value :  1.17475e-06
 Reference value :  1.17487e-06
 Reference value :  1.17555e-06
 Reference value :  1.17602e-06
 Reference value :  1.17635e-06
 Reference value :  1.17643e-06
 Reference value :  1.17663e-06
 Reference value :  1.17707e-06
 Reference value :  1.17779e-06
 Reference value :  1.17811e-06
 Reference value :  1.17875e-06
 Reference value :  1.17891e-06
 Reference value :  1.17931e-06
 Reference value :  1.18000e-06
 Reference value :  1.18023e-06
 Reference value :  1.18067e-06
 Reference value :  1.18111e-06
 Reference value :  1.18147e-06
 Reference value :  1.18187e-06
 Reference value :  1.18219e-06
 Reference value :  1.18291e-06
 Reference value :  1.18363e-06
 Reference value :  1.18403e-06
 Reference value :  1.18439e-06
 Reference value :  1.18491e-06
 Reference value :  1.18519e-06
 Reference value :  1.18591e-06
 Reference value :  1.18619e-06
 Reference value :  1.18691e-06
 Reference value :  1.18763e-06
 Reference value :  1.18804e-06
 Reference value :  1.18827e-06
 Reference value :  1.18855e-06
 Reference value :  1.18875e-06
 Reference value :  1.18935e-06
 Reference value :  1.19000e-06
 Reference value :  1.19027e-06
 Reference value :  1.19099e-06
 Reference value :  1.19131e-06
 Reference value :  1.19155e-06
 Reference value :  1.19202e-06
 Reference value :  1.19239e-06
 Reference value :  1.19295e-06
 Reference value :  1.19359e-06
 Reference value :  1.19391e-06
 Reference value :  1.19400e-06
 Reference value :  1.19401e-06
 Reference value :  1.19411e-06
 Reference value :  1.19439e-06
 Reference value :  1.19491e-06
 Reference value :  1.19507e-06
 Reference value :  1.19519e-06
 Reference value :  1.19535e-06
 Reference value :  1.19547e-06
 Reference value :  1.19555e-06
 Reference value :  1.19567e-06
 Reference value :  1.19579e-06
 Reference value :  1.19591e-06
 Reference value :  1.19600e-06
 Reference value :  1.19601e-06
 Reference value :  1.19602e-06
 Reference value :  1.19604e-06
 Reference value :  1.19611e-06
 Reference value :  1.19615e-06
 Reference value :  1.19623e-06
 Reference value :  1.19631e-06
 Reference value :  1.19639e-06
 Reference value :  1.19647e-06
 Reference value :  1.19655e-06
 Reference value :  1.19667e-06
 Reference value :  1.19699e-06
 Reference value :  1.19759e-06
 Reference value :  1.19803e-06
 Reference value :  1.19823e-06
 Reference value :  1.19875e-06
 Reference value :  1.19955e-06
 Reference value :  1.20001e-06
 Reference value :  1.20031e-06
 Reference value :  1.20079e-06
 Reference value :  1.20159e-06
 Reference value :  1.20202e-06
 Reference value :  1.20231e-06
 Reference value :  1.20271e-06
 Reference value :  1.20347e-06
 Reference value :  1.20402e-06
 Reference value :  1.20439e-06
 Reference value :  1.20487e-06
 Reference value :  1.20555e-06
 Reference value :  1.20601e-06
 Reference value :  1.20619e-06
 Reference value :  1.20671e-06
 Reference value :  1.20703e-06
 Reference value :  1.20747e-06
 Reference value :  1.20801e-06
 Reference value :  1.20831e-06
 Reference value :  1.20859e-06
 Reference value :  1.20883e-06
 Reference value :  1.20907e-06
 Reference value :  1.20935e-06
 Reference value :  1.20971e-06
 Reference value :  1.21001e-06
 Reference value :  1.21039e-06
 Reference value :  1.21115e-06
 Reference value :  1.21163e-06
 Reference value :  1.21201e-06
 Reference value :  1.21231e-06
 Reference value :  1.21271e-06
 Reference value :  1.21323e-06
 Reference value :  1.21397e-06
 Reference value :  1.21419e-06
 Reference value :  1.21463e-06
 Reference value :  1.21483e-06
 Reference value :  1.21559e-06
 Reference value :  1.21602e-06
 Reference value :  1.21635e-06
 Reference value :  1.21695e-06
 Reference value :  1.21767e-06
 Reference value :  1.21807e-06
 Reference value :  1.21859e-06
 Reference value :  1.21903e-06
 Reference value :  1.21931e-06
 Reference value :  1.22000e-06
 Reference value :  1.22015e-06
 Reference value :  1.22059e-06
 Reference value :  1.22099e-06
 Reference value :  1.22159e-06
 Reference value :  1.22202e-06
 Reference value :  1.22227e-06
 Reference value :  1.22267e-06
 Reference value :  1.22343e-06
 Reference value :  1.22401e-06
 Reference value :  1.22431e-06
 Reference value :  1.22475e-06
 Reference value :  1.22507e-06
 Reference value :  1.22547e-06
 Reference value :  1.22601e-06
 Reference value :  1.22619e-06
 Reference value :  1.22687e-06
 Reference value :  1.22755e-06
 Reference value :  1.22802e-06
 Reference value :  1.22823e-06
 Reference value :  1.22851e-06
 Reference value :  1.22887e-06
 Reference value :  1.22955e-06
 Reference value :  1.23003e-06
 Reference value :  1.23055e-06
 Reference value :  1.23111e-06
 Reference value :  1.23143e-06
 Reference value :  1.23171e-06
 Reference value :  1.23202e-06
 Reference value :  1.23215e-06
 Reference value :  1.23247e-06
 Reference value :  1.23295e-06
 Reference value :  1.23303e-06
 Reference value :  1.23323e-06
 Reference value :  1.23375e-06
 Reference value :  1.23400e-06
 Reference value :  1.23427e-06
 Reference value :  1.23503e-06
 Reference value :  1.23575e-06
 Reference value :  1.23607e-06
 Reference value :  1.23643e-06
 Reference value :  1.23667e-06
 Reference value :  1.23719e-06
 Reference value :  1.23787e-06
 Reference value :  1.23819e-06
 Reference value :  1.23887e-06
 Reference value :  1.23967e-06
 Reference value :  1.24000e-06
 Reference value :  1.24002e-06
 Reference value :  1.24011e-06
 Reference value :  1.24039e-06
 Reference value :  1.24067e-06
 Reference value :  1.24099e-06
 Reference value :  1.24147e-06
 Reference value :  1.24191e-06
 Reference value :  1.24204e-06
 Reference value :  1.24211e-06
 Reference value :  1.24219e-06
 Reference value :  1.24271e-06
 Reference value :  1.24291e-06
 Reference value :  1.24319e-06
 Reference value :  1.24395e-06
 Reference value :  1.24415e-06
 Reference value :  1.24459e-06
 Reference value :  1.24487e-06
 Reference value :  1.24543e-06
 Reference value :  1.24587e-06
 Reference value :  1.24611e-06
 Reference value :  1.24643e-06
 Reference value :  1.24695e-06
 Reference value :  1.24739e-06
 Reference value :  1.24755e-06
 Reference value :  1.24795e-06
 Reference value :  1.24801e-06
 Reference value :  1.24815e-06
 Reference value :  1.24823e-06
 Reference value :  1.24831e-06
 Reference value :  1.24835e-06
 Reference value :  1.24843e-06
 Reference value :  1.24851e-06
 Reference value :  1.24863e-06
 Reference value :  1.24875e-06
 Reference value :  1.24887e-06
 Reference value :  1.24899e-06
 Reference value :  1.24911e-06
 Reference value :  1.24923e-06
 Reference value :  1.24935e-06
 Reference value :  1.24943e-06
 Reference value :  1.24955e-06
 Reference value :  1.24967e-06
 Reference value :  1.24979e-06
 Reference value :  1.24987e-06
 Reference value :  1.24997e-06
 Reference value :  1.25000e-06
 Reference value :  1.25002e-06
 Reference value :  1.25019e-06
 Reference value :  1.25087e-06
 Reference value :  1.25143e-06
 Reference value :  1.25175e-06
 Reference value :  1.25207e-06
 Reference value :  1.25251e-06
 Reference value :  1.25279e-06
 Reference value :  1.25311e-06
 Reference value :  1.25351e-06
 Reference value :  1.25402e-06
 Reference value :  1.25443e-06
 Reference value :  1.25507e-06
 Reference value :  1.25583e-06
 Reference value :  1.25611e-06
 Reference value :  1.25651e-06
 Reference value :  1.25683e-06
 Reference value :  1.25759e-06
 Reference value :  1.25802e-06
 Reference value :  1.25839e-06
 Reference value :  1.25907e-06
 Reference value :  1.25967e-06
 Reference value :  1.26004e-06
 Reference value :  1.26019e-06
 Reference value :  1.26059e-06
 Reference value :  1.26095e-06
 Reference value :  1.26171e-06
 Reference value :  1.26207e-06
 Reference value :  1.26267e-06
 Reference value :  1.26311e-06
 Reference value :  1.26363e-06
 Reference value :  1.26400e-06
 Reference value :  1.26415e-06
 Reference value :  1.26443e-06
 Reference value :  1.26487e-06
 Reference value :  1.26511e-06
 Reference value :  1.26543e-06
 Reference value :  1.26587e-06
 Reference value :  1.26601e-06
 Reference value :  1.26604e-06
 Reference value :  1.26635e-06
 Reference value :  1.26711e-06
 Reference value :  1.26779e-06
 Reference value :  1.26811e-06
 Reference value :  1.26855e-06
 Reference value :  1.26891e-06
 Reference value :  1.26911e-06
 Reference value :  1.26979e-06
 Reference value :  1.27011e-06
 Reference value :  1.27075e-06
 Reference value :  1.27151e-06
 Reference value :  1.27201e-06
 Reference value :  1.27235e-06
 Reference value :  1.27283e-06
 Reference value :  1.27363e-06
 Reference value :  1.27402e-06
 Reference value :  1.27451e-06
 Reference value :  1.27511e-06
 Reference value :  1.27575e-06
 Reference value :  1.27604e-06
 Reference value :  1.27643e-06
 Reference value :  1.27683e-06
 Reference value :  1.27747e-06
 Reference value :  1.27801e-06
 Reference value :  1.27835e-06
 Reference value :  1.27903e-06
 Reference value :  1.27979e-06
 Reference value :  1.28011e-06
 Reference value :  1.28051e-06
 Reference value :  1.28123e-06
 Reference value :  1.28171e-06
 Reference value :  1.28204e-06
 Reference value :  1.28263e-06
 Reference value :  1.28327e-06
 Reference value :  1.28400e-06
 Reference value :  1.28423e-06
 Reference value :  1.28451e-06
 Reference value :  1.28491e-06
 Reference value :  1.28535e-06
 Reference value :  1.28600e-06
 Reference value :  1.28627e-06
 Reference value :  1.28703e-06
 Reference value :  1.28779e-06
 Reference value :  1.28811e-06
 Reference value :  1.28851e-06
 Reference value :  1.28919e-06
 Reference value :  1.28983e-06
 Reference value :  1.29001e-06
 Reference value :  1.29011e-06
 Reference value :  1.29035e-06
 Reference value :  1.29063e-06
 Reference value :  1.29107e-06
 Reference value :  1.29135e-06
 Reference value :  1.29155e-06
 Reference value :  1.29200e-06
 Reference value :  1.29207e-06
 Reference value :  1.29231e-06
 Reference value :  1.29267e-06
 Reference value :  1.29303e-06
 Reference value :  1.29383e-06
 Reference value :  1.29411e-06
 Reference value :  1.29447e-06
 Reference value :  1.29463e-06
 Reference value :  1.29535e-06
 Reference value :  1.29600e-06
 Reference value :  1.29623e-06
 Reference value :  1.29667e-06
 Reference value :  1.29743e-06
 Reference value :  1.29801e-06
 Reference value :  1.29843e-06
 Reference value :  1.29907e-06
 Reference value :  1.29979e-06
 Reference value :  1.30007e-06
 Reference value :  1.30047e-06
 Reference value :  1.30083e-06
 Reference value :  1.30151e-06
 Reference value :  1.30202e-06
 Reference value :  1.30247e-06
 Reference value :  1.30327e-06
 Reference value :  1.30387e-06
 Reference value :  1.30415e-06
 Reference value :  1.30447e-06
 Reference value :  1.30523e-06
 Reference value :  1.30595e-06
 Reference value :  1.30619e-06
 Reference value :  1.30691e-06
 Reference value :  1.30763e-06
 Reference value :  1.30802e-06
 Reference value :  1.30831e-06
 Reference value :  1.30875e-06
 Reference value :  1.30939e-06
 Reference value :  1.30995e-06
 Reference value :  1.31011e-06
 Reference value :  1.31067e-06
 Reference value :  1.31131e-06
 Reference value :  1.31200e-06
 Reference value :  1.31219e-06
 Reference value :  1.31259e-06
 Reference value :  1.31339e-06
 Reference value :  1.31400e-06
 Reference value :  1.31423e-06
 Reference value :  1.31463e-06
 Reference value :  1.31515e-06
 Reference value :  1.31563e-06
 Reference value :  1.31600e-06
 Reference value :  1.31615e-06
 Reference value :  1.31643e-06
 Reference value :  1.31663e-06
 Reference value :  1.31671e-06
 Reference value :  1.31683e-06
 Reference value :  1.31703e-06
 Reference value :  1.31723e-06
 Reference value :  1.31735e-06
 Reference value :  1.31771e-06
 Reference value :  1.31797e-06
 Reference value :  1.31802e-06
 Reference value :  1.31815e-06
 Reference value :  1.31823e-06
 Reference value :  1.31851e-06
 Reference value :  1.31899e-06
 Reference value :  1.31907e-06
 Reference value :  1.31915e-06
 Reference value :  1.31927e-06
 Reference value :  1.31939e-06
 Reference value :  1.31951e-06
 Reference value :  1.31963e-06
 Reference value :  1.31971e-06
 Reference value :  1.31983e-06
 Reference value :  1.31995e-06
 Reference value :  1.32000e-06
 Reference value :  1.32001e-06
 Reference value :  1.32003e-06
 Reference value :  1.32007e-06
 Reference value :  1.32011e-06
 Reference value :  1.32015e-06
 Reference value :  1.32023e-06
 Reference value :  1.32031e-06
 Reference value :  1.32039e-06
 Reference value :  1.32043e-06
 Reference value :  1.32051e-06
 Reference value :  1.32059e-06
 Reference value :  1.32071e-06
 Reference value :  1.32095e-06
 Reference value :  1.32171e-06
 Reference value :  1.32203e-06
 Reference value :  1.32255e-06
 Reference value :  1.32323e-06
 Reference value :  1.32397e-06
 Reference value :  1.32423e-06
 Reference value :  1.32463e-06
 Reference value :  1.32515e-06
 Reference value :  1.32583e-06
 Reference value :  1.32611e-06
 Reference value :  1.32663e-06
 Reference value :  1.32743e-06
 Reference value :  1.32801e-06
 Reference value :  1.32831e-06
 Reference value :  1.32887e-06
 Reference value :  1.32959e-06
 Reference value :  1.33003e-06
 Reference value :  1.33055e-06
 Reference value :  1.33131e-06
 Reference value :  1.33197e-06
 Reference value :  1.33215e-06
 Reference value :  1.33259e-06
 Reference value :  1.33295e-06
 Reference value :  1.33363e-06
 Reference value :  1.33395e-06
 Reference value :  1.33419e-06
 Reference value :  1.33487e-06
 Reference value :  1.33555e-06
 Reference value :  1.33603e-06
 Reference value :  1.33635e-06
 Reference value :  1.33691e-06
 Reference value :  1.33755e-06
 Reference value :  1.33801e-06
 Reference value :  1.33839e-06
 Reference value :  1.33879e-06
 Reference value :  1.33891e-06
 Reference value :  1.33923e-06
 Reference value :  1.33997e-06
 Reference value :  1.34015e-06
 Reference value :  1.34063e-06
 Reference value :  1.34095e-06
 Reference value :  1.34167e-06
 Reference value :  1.34202e-06
 Reference value :  1.34247e-06
 Reference value :  1.34307e-06
 Reference value :  1.34375e-06
 Reference value :  1.34411e-06
 Reference value :  1.34451e-06
 Reference value :  1.34515e-06
 Reference value :  1.34587e-06
 Reference value :  1.34619e-06
 Reference value :  1.34687e-06
 Reference value :  1.34723e-06
 Reference value :  1.34787e-06
 Reference value :  1.34804e-06
 Reference value :  1.34831e-06
 Reference value :  1.34871e-06
 Reference value :  1.34911e-06
 Reference value :  1.34983e-06
 Reference value :  1.35007e-06
 Reference value :  1.35023e-06
 Reference value :  1.35063e-06
 Reference value :  1.35107e-06
 Reference value :  1.35147e-06
 Reference value :  1.35195e-06
 Reference value :  1.35202e-06
 Reference value :  1.35215e-06
 Reference value :  1.35231e-06
 Reference value :  1.35255e-06
 Reference value :  1.35323e-06
 Reference value :  1.35395e-06
 Reference value :  1.35419e-06
 Reference value :  1.35495e-06
 Reference value :  1.35567e-06
 Reference value :  1.35607e-06
 Reference value :  1.35615e-06
 Reference value :  1.35627e-06
 Reference value :  1.35667e-06
 Reference value :  1.35731e-06
 Reference value :  1.35800e-06
 Reference value :  1.35823e-06
 Reference value :  1.35887e-06
 Reference value :  1.35931e-06
 Reference value :  1.35951e-06
 Reference value :  1.36001e-06
 Reference value :  1.36031e-06
 Reference value :  1.36091e-06
 Reference value :  1.36171e-06
 Reference value :  1.36207e-06
 Reference value :  1.36271e-06
 Reference value :  1.36343e-06
 Reference value :  1.36401e-06
 Reference value :  1.36435e-06
 Reference value :  1.36479e-06
 Reference value :  1.36551e-06
 Reference value :  1.36601e-06
 Reference value :  1.36647e-06
 Reference value :  1.36715e-06
 Reference value :  1.36795e-06
 Reference value :  1.36815e-06
 Reference value :  1.36859e-06
 Reference value :  1.36935e-06
 Reference value :  1.37000e-06
 Reference value :  1.37031e-06
 Reference value :  1.37103e-06
 Reference value :  1.37159e-06
 Reference value :  1.37202e-06
 Reference value :  1.37235e-06
 Reference value :  1.37275e-06
 Reference value :  1.37343e-06
 Reference value :  1.37401e-06
 Reference value :  1.37443e-06
 Reference value :  1.37519e-06
 Reference value :  1.37595e-06
 Reference value :  1.37623e-06
 Reference value :  1.37635e-06
 Reference value :  1.37695e-06
 Reference value :  1.37775e-06
 Reference value :  1.37807e-06
 Reference value :  1.37867e-06
 Reference value :  1.37935e-06
 Reference value :  1.38000e-06
 Reference value :  1.38015e-06
 Reference value :  1.38043e-06
 Reference value :  1.38075e-06
 Reference value :  1.38107e-06
 Reference value :  1.38151e-06
 Reference value :  1.38197e-06
 Reference value :  1.38207e-06
 Reference value :  1.38235e-06
 Reference value :  1.38271e-06
 Reference value :  1.38299e-06
 Reference value :  1.38343e-06
 Reference value :  1.38401e-06
 Reference value :  1.38431e-06
 Reference value :  1.38475e-06
 Reference value :  1.38547e-06
 Reference value :  1.38597e-06
 Reference value :  1.38619e-06
 Reference value :  1.38683e-06
 Reference value :  1.38711e-06
 Reference value :  1.38739e-06
 Reference value :  1.38787e-06
 Reference value :  1.38807e-06
 Reference value :  1.38839e-06
 Reference value :  1.38863e-06
 Reference value :  1.38887e-06
 Reference value :  1.38935e-06
 Reference value :  1.38975e-06
 Reference value :  1.38983e-06
 Reference value :  1.39002e-06
 Reference value :  1.39023e-06
 Reference value :  1.39051e-06
 Reference value :  1.39131e-06
 Reference value :  1.39200e-06
 Reference value :  1.39215e-06
 Reference value :  1.39263e-06
 Reference value :  1.39339e-06
 Reference value :  1.39401e-06
 Reference value :  1.39431e-06
 Reference value :  1.39459e-06
 Reference value :  1.39507e-06
 Reference value :  1.39555e-06
 Reference value :  1.39600e-06
 Reference value :  1.39619e-06
 Reference value :  1.39651e-06
 Reference value :  1.39691e-06
 Reference value :  1.39711e-06
 Reference value :  1.39755e-06
 Reference value :  1.39802e-06
 Reference value :  1.39807e-06
 Reference value :  1.39859e-06
 Reference value :  1.39931e-06
 Reference value :  1.40000e-06
 Reference value :  1.40027e-06
 Reference value :  1.40075e-06
 Reference value :  1.40155e-06
 Reference value :  1.40201e-06
 Reference value :  1.40207e-06
 Reference value :  1.40219e-06
 Reference value :  1.40259e-06
 Reference value :  1.40299e-06
 Reference value :  1.40335e-06
 Reference value :  1.40379e-06
 Reference value :  1.40402e-06
 Reference value :  1.40404e-06
 Reference value :  1.40415e-06
 Reference value :  1.40443e-06
 Reference value :  1.40483e-06
 Reference value :  1.40539e-06
 Reference value :  1.40579e-06
 Reference value :  1.40611e-06
 Reference value :  1.40667e-06
 Reference value :  1.40743e-06
 Reference value :  1.40801e-06
 Reference value :  1.40831e-06
 Reference value :  1.40875e-06
 Reference value :  1.40955e-06
 Reference value :  1.41002e-06
 Reference value :  1.41051e-06
 Reference value :  1.41071e-06
 Reference value :  1.41099e-06
 Reference value :  1.41175e-06
 Reference value :  1.41207e-06
 Reference value :  1.41251e-06
 Reference value :  1.41291e-06
 Reference value :  1.41343e-06
 Reference value :  1.41401e-06
 Reference value :  1.41435e-06
 Reference value :  1.41507e-06
 Reference value :  1.41559e-06
 Reference value :  1.41600e-06
 Reference value :  1.41623e-06
 Reference value :  1.41667e-06
 Reference value :  1.41743e-06
 Reference value :  1.41801e-06
 Reference value :  1.41835e-06
 Reference value :  1.41879e-06
 Reference value :  1.41947e-06
 Reference value :  1.41995e-06
 Reference value :  1.42002e-06
 Reference value :  1.42023e-06
 Reference value :  1.42051e-06
 Reference value :  1.42063e-06
 Reference value :  1.42071e-06
 Reference value :  1.42127e-06
 Reference value :  1.42200e-06
 Reference value :  1.42223e-06
 Reference value :  1.42299e-06
 Reference value :  1.42323e-06
 Reference value :  1.42391e-06
 Reference value :  1.42415e-06
 Reference value :  1.42455e-06
 Reference value :  1.42531e-06
 Reference value :  1.42600e-06
 Reference value :  1.42623e-06
 Reference value :  1.42691e-06
 Reference value :  1.42747e-06
 Reference value :  1.42802e-06
 Reference value :  1.42835e-06
 Reference value :  1.42879e-06
 Reference value :  1.42943e-06
 Reference value :  1.43001e-06
 Reference value :  1.43043e-06
 Reference value :  1.43123e-06
 Reference value :  1.43187e-06
 Reference value :  1.43203e-06
 Reference value :  1.43231e-06
 Reference value :  1.43255e-06
 Reference value :  1.43307e-06
 Reference value :  1.43359e-06
 Reference value :  1.43401e-06
 Reference value :  1.43403e-06
 Reference value :  1.43423e-06
 Reference value :  1.43463e-06
 Reference value :  1.43507e-06
 Reference value :  1.43547e-06
 Reference value :  1.43563e-06
 Reference value :  1.43575e-06
 Reference value :  1.43600e-06
 Reference value :  1.43607e-06
 Reference value :  1.43615e-06
 Reference value :  1.43635e-06
 Reference value :  1.43667e-06
 Reference value :  1.43715e-06
 Reference value :  1.43787e-06
 Reference value :  1.43803e-06
 Reference value :  1.43819e-06
 Reference value :  1.43875e-06
 Reference value :  1.43943e-06
 Reference value :  1.44000e-06
 Reference value :  1.44007e-06
 Reference value :  1.44047e-06
 Reference value :  1.44095e-06
 Reference value :  1.44107e-06
 Reference value :  1.44119e-06
 Reference value :  1.44159e-06
 Reference value :  1.44183e-06
 Reference value :  1.44201e-06
 Reference value :  1.44223e-06
 Reference value :  1.44251e-06
 Reference value :  1.44327e-06
 Reference value :  1.44395e-06
 Reference value :  1.44419e-06
 Reference value :  1.44459e-06
 Reference value :  1.44503e-06
 Reference value :  1.44575e-06
 Reference value :  1.44611e-06
 Reference value :  1.44675e-06
 Reference value :  1.44751e-06
 Reference value :  1.44802e-06
 Reference value :  1.44835e-06
 Reference value :  1.44895e-06
 Reference value :  1.44967e-06
 Reference value :  1.45007e-06
 Reference value :  1.45067e-06
 Reference value :  1.45143e-06
 Reference value :  1.45201e-06
 Reference value :  1.45231e-06
 Reference value :  1.45267e-06
 Reference value :  1.45295e-06
 Reference value :  1.45371e-06
 Reference value :  1.45407e-06
 Reference value :  1.45467e-06
 Reference value :  1.45543e-06
 Reference value :  1.45601e-06
 Reference value :  1.45631e-06
 Reference value :  1.45643e-06
 Reference value :  1.45715e-06
 Reference value :  1.45783e-06
 Reference value :  1.45801e-06
 Reference value :  1.45831e-06
 Reference value :  1.45907e-06
 Reference value :  1.45979e-06
 Reference value :  1.46011e-06
 Reference value :  1.46059e-06
 Reference value :  1.46111e-06
 Reference value :  1.46183e-06
 Reference value :  1.46215e-06
 Reference value :  1.46271e-06
 Reference value :  1.46343e-06
 Reference value :  1.46401e-06
 Reference value :  1.46431e-06
 Reference value :  1.46479e-06
 Reference value :  1.46551e-06
 Reference value :  1.46602e-06
 Reference value :  1.46647e-06
 Reference value :  1.46699e-06
 Reference value :  1.46767e-06
 Reference value :  1.46804e-06
 Reference value :  1.46847e-06
 Reference value :  1.46887e-06
 Reference value :  1.46963e-06
 Reference value :  1.47003e-06
 Reference value :  1.47043e-06
 Reference value :  1.47123e-06
 Reference value :  1.47191e-06
 Reference value :  1.47219e-06
 Reference value :  1.47259e-06
 Reference value :  1.47323e-06
 Reference value :  1.47351e-06
 Reference value :  1.47387e-06
 Reference value :  1.47407e-06
 Reference value :  1.47439e-06
 Reference value :  1.47515e-06
 Reference value :  1.47587e-06
 Reference value :  1.47601e-06
 Reference value :  1.47615e-06
 Reference value :  1.47663e-06
 Reference value :  1.47703e-06
 Reference value :  1.47775e-06
 Reference value :  1.47811e-06
 Reference value :  1.47871e-06
 Reference value :  1.47947e-06
 Reference value :  1.48001e-06
 Reference value :  1.48035e-06
 Reference value :  1.48087e-06
 Reference value :  1.48163e-06
 Reference value :  1.48204e-06
 Reference value :  1.48259e-06
 Reference value :  1.48335e-06
 Reference value :  1.48400e-06
 Reference value :  1.48427e-06
 Reference value :  1.48463e-06
 Reference value :  1.48519e-06
 Reference value :  1.48597e-06
 Reference value :  1.48619e-06
 Reference value :  1.48691e-06
 Reference value :  1.48739e-06
 Reference value :  1.48801e-06
 Reference value :  1.48831e-06
 Reference value :  1.48891e-06
 Reference value :  1.48963e-06
 Reference value :  1.49001e-06
 Reference value :  1.49011e-06
 Reference value :  1.49043e-06
 Reference value :  1.49119e-06
 Reference value :  1.49195e-06
 Reference value :  1.49215e-06
 Reference value :  1.49259e-06
 Reference value :  1.49311e-06
 Reference value :  1.49391e-06
 Reference value :  1.49415e-06
 Reference value :  1.49483e-06
 Reference value :  1.49555e-06
 Reference value :  1.49602e-06
 Reference value :  1.49631e-06
 Reference value :  1.49643e-06
 Reference value :  1.49679e-06
 Reference value :  1.49719e-06
 Reference value :  1.49763e-06
 Reference value :  1.49800e-06
 Reference value :  1.49811e-06
 Reference value :  1.49847e-06
 Reference value :  1.49863e-06
 Reference value :  1.49931e-06
 Reference value :  1.50000e-06
 Reference value :  1.50015e-06
 Reference value :  1.50051e-06
 Reference value :  1.50083e-06
 Reference value :  1.50127e-06
 Reference value :  1.50183e-06
 Reference value :  1.50202e-06
 Reference value :  1.50223e-06
 Reference value :  1.50235e-06
 Reference value :  1.50303e-06
 Reference value :  1.50383e-06
 Reference value :  1.50411e-06
 Reference value :  1.50451e-06
 Reference value :  1.50527e-06
 Reference value :  1.50591e-06
 Reference value :  1.50619e-06
 Reference value :  1.50691e-06
 Reference value :  1.50759e-06
 Reference value :  1.50795e-06
 Reference value :  1.50807e-06
 Reference value :  1.50843e-06
 Reference value :  1.50883e-06
 Reference value :  1.50943e-06
 Reference value :  1.51001e-06
 Reference value :  1.51007e-06
 Reference value :  1.51031e-06
 Reference value :  1.51075e-06
 Reference value :  1.51111e-06
 Reference value :  1.51143e-06
 Reference value :  1.51183e-06
 Reference value :  1.51202e-06
 Reference value :  1.51219e-06
 Reference value :  1.51235e-06
 Reference value :  1.51239e-06
 Reference value :  1.51303e-06
 Reference value :  1.51375e-06
 Reference value :  1.51407e-06
 Reference value :  1.51435e-06
 Reference value :  1.51503e-06
 Reference value :  1.51575e-06
 Reference value :  1.51607e-06
 Reference value :  1.51651e-06
 Reference value :  1.51683e-06
 Reference value :  1.51759e-06
 Reference value :  1.51801e-06
 Reference value :  1.51831e-06
 Reference value :  1.51907e-06
 Reference value :  1.51951e-06
 Reference value :  1.51983e-06
 Reference value :  1.52000e-06
 Reference value :  1.52011e-06
 Reference value :  1.52023e-06
 Reference value :  1.52035e-06
 Reference value :  1.52043e-06
 Reference value :  1.52095e-06
 Reference value :  1.52115e-06
 Reference value :  1.52127e-06
 Reference value :  1.52139e-06
 Reference value :  1.52151e-06
 Reference value :  1.52159e-06
 Reference value :  1.52171e-06
 Reference value :  1.52179e-06
 Reference value :  1.52187e-06
 Reference value :  1.52195e-06
 Reference value :  1.52200e-06
 Reference value :  1.52200e-06
 Reference value :  1.52201e-06
 Reference value :  1.52207e-06
 Reference value :  1.52215e-06
 Reference value :  1.52219e-06
 Reference value :  1.52235e-06
 Reference value :  1.52247e-06
 Reference value :  1.52259e-06
 Reference value :  1.52271e-06
 Reference value :  1.52287e-06
 Reference value :  1.52311e-06
 Reference value :  1.52379e-06
 Reference value :  1.52411e-06
 Reference value :  1.52451e-06
 Reference value :  1.52463e-06
 Reference value :  1.52511e-06
 Reference value :  1.52587e-06
 Reference value :  1.52615e-06
 Reference value :  1.52679e-06
 Reference value :  1.52751e-06
 Reference value :  1.52801e-06
 Reference value :  1.52835e-06
 Reference value :  1.52887e-06
 Reference value :  1.52955e-06
 Reference value :  1.52997e-06
 Reference value :  1.53015e-06
 Reference value :  1.53075e-06
 Reference value :  1.53151e-06
 Reference value :  1.53201e-06
 Reference value :  1.53231e-06
 Reference value :  1.53275e-06
 Reference value :  1.53283e-06
 Reference value :  1.53307e-06
 Reference value :  1.53355e-06
 Reference value :  1.53400e-06
 Reference value :  1.53407e-06
 Reference value :  1.53443e-06
 Reference value :  1.53491e-06
 Reference value :  1.53539e-06
 Reference value :  1.53567e-06
 Reference value :  1.53600e-06
 Reference value :  1.53627e-06
 Reference value :  1.53659e-06
 Reference value :  1.53675e-06
 Reference value :  1.53743e-06
 Reference value :  1.53801e-06
 Reference value :  1.53831e-06
 Reference value :  1.53907e-06
 Reference value :  1.53987e-06
 Reference value :  1.54002e-06
 Reference value :  1.54004e-06
 Reference value :  1.54031e-06
 Reference value :  1.54079e-06
 Reference value :  1.54111e-06
 Reference value :  1.54175e-06
 Reference value :  1.54211e-06
 Reference value :  1.54275e-06
 Reference value :  1.54347e-06
 Reference value :  1.54383e-06
 Reference value :  1.54402e-06
 Reference value :  1.54439e-06
 Reference value :  1.54491e-06
 Reference value :  1.54519e-06
 Reference value :  1.54551e-06
 Reference value :  1.54602e-06
 Reference value :  1.54659e-06
 Reference value :  1.54735e-06
 Reference value :  1.54801e-06
 Reference value :  1.54823e-06
 Reference value :  1.54859e-06
 Reference value :  1.54883e-06
 Reference value :  1.54927e-06
 Reference value :  1.54997e-06
 Reference value :  1.55023e-06
 Reference value :  1.55095e-06
 Reference value :  1.55167e-06
 Reference value :  1.55207e-06
 Reference value :  1.55227e-06
 Reference value :  1.55267e-06
 Reference value :  1.55339e-06
 Reference value :  1.55401e-06
 Reference value :  1.55431e-06
 Reference value :  1.55459e-06
 Reference value :  1.55503e-06
 Reference value :  1.55547e-06
 Reference value :  1.55587e-06
 Reference value :  1.55601e-06
 Reference value :  1.55607e-06
 Reference value :  1.55631e-06
 Reference value :  1.55639e-06
 Reference value :  1.55659e-06
 Reference value :  1.55675e-06
 Reference value :  1.55735e-06
 Reference value :  1.55800e-06
 Reference value :  1.55823e-06
 Reference value :  1.55899e-06
 Reference value :  1.55971e-06
 Reference value :  1.56007e-06
 Reference value :  1.56031e-06
 Reference value :  1.56079e-06
 Reference value :  1.56123e-06
 Reference value :  1.56135e-06
 Reference value :  1.56151e-06
 Reference value :  1.56187e-06
 Reference value :  1.56201e-06
 Reference value :  1.56203e-06
 Reference value :  1.56207e-06
 Reference value :  1.56243e-06
 Reference value :  1.56259e-06
 Reference value :  1.56299e-06
 Reference value :  1.56375e-06
 Reference value :  1.56411e-06
 Reference value :  1.56455e-06
 Reference value :  1.56487e-06
 Reference value :  1.56555e-06
 Reference value :  1.56597e-06
 Reference value :  1.56619e-06
 Reference value :  1.56663e-06
 Reference value :  1.56699e-06
 Reference value :  1.56771e-06
 Reference value :  1.56807e-06
 Reference value :  1.56843e-06
 Reference value :  1.56907e-06
 Reference value :  1.56979e-06
 Reference value :  1.57011e-06
 Reference value :  1.57039e-06
 Reference value :  1.57047e-06
 Reference value :  1.57095e-06
 Reference value :  1.57147e-06
 Reference value :  1.57195e-06
 Reference value :  1.57207e-06
 Reference value :  1.57235e-06
 Reference value :  1.57243e-06
 Reference value :  1.57271e-06
 Reference value :  1.57295e-06
 Reference value :  1.57307e-06
 Reference value :  1.57359e-06
 Reference value :  1.57403e-06
 Reference value :  1.57447e-06
 Reference value :  1.57475e-06
 Reference value :  1.57503e-06
 Reference value :  1.57571e-06
 Reference value :  1.57604e-06
 Reference value :  1.57635e-06
 Reference value :  1.57643e-06
 Reference value :  1.57711e-06
 Reference value :  1.57787e-06
 Reference value :  1.57815e-06
 Reference value :  1.57883e-06
 Reference value :  1.57935e-06
 Reference value :  1.57979e-06
 Reference value :  1.58003e-06
 Reference value :  1.58043e-06
 Reference value :  1.58075e-06
 Reference value :  1.58139e-06
 Reference value :  1.58200e-06
 Reference value :  1.58207e-06
 Reference value :  1.58247e-06
 Reference value :  1.58299e-06
 Reference value :  1.58355e-06
 Reference value :  1.58400e-06
 Reference value :  1.58402e-06
 Reference value :  1.58404e-06
 Reference value :  1.58419e-06
 Reference value :  1.58427e-06
 Reference value :  1.58431e-06
 Reference value :  1.58435e-06
 Reference value :  1.58443e-06
 Reference value :  1.58451e-06
 Reference value :  1.58459e-06
 Reference value :  1.58467e-06
 Reference value :  1.58475e-06
 Reference value :  1.58495e-06
 Reference value :  1.58507e-06
 Reference value :  1.58515e-06
 Reference value :  1.58535e-06
 Reference value :  1.58547e-06
 Reference value :  1.58559e-06
 Reference value :  1.58571e-06
 Reference value :  1.58583e-06
 Reference value :  1.58591e-06
 Reference value :  1.58600e-06
 Reference value :  1.58602e-06
 Reference value :  1.58604e-06
 Reference value :  1.58627e-06
 Reference value :  1.58687e-06
 Reference value :  1.58759e-06
 Reference value :  1.58801e-06
 Reference value :  1.58835e-06
 Reference value :  1.58863e-06
 Reference value :  1.58907e-06
 Reference value :  1.58975e-06
 Reference value :  1.59011e-06
 Reference value :  1.59047e-06
 Reference value :  1.59115e-06
 Reference value :  1.59191e-06
 Reference value :  1.59211e-06
 Reference value :  1.59247e-06
 Reference value :  1.59319e-06
 Reference value :  1.59397e-06
 Reference value :  1.59423e-06
 Reference value :  1.59495e-06
 Reference value :  1.59575e-06
 Reference value :  1.59607e-06
 Reference value :  1.59651e-06
 Reference value :  1.59687e-06
 Reference value :  1.59759e-06
 Reference value :  1.59801e-06
 Reference value :  1.59843e-06
 Reference value :  1.59919e-06
 Reference value :  1.59975e-06
 Reference value :  1.60001e-06
 Reference value :  1.60031e-06
 Reference value :  1.60087e-06
 Reference value :  1.60159e-06
 Reference value :  1.60203e-06
 Reference value :  1.60251e-06
 Reference value :  1.60327e-06
 Reference value :  1.60400e-06
 Reference value :  1.60423e-06
 Reference value :  1.60471e-06
 Reference value :  1.60495e-06
 Reference value :  1.60523e-06
 Reference value :  1.60575e-06
 Reference value :  1.60602e-06
 Reference value :  1.60607e-06
 Reference value :  1.60611e-06
 Reference value :  1.60619e-06
 Reference value :  1.60631e-06
 Reference value :  1.60647e-06
 Reference value :  1.60663e-06
 Reference value :  1.60675e-06
 Reference value :  1.60687e-06
 Reference value :  1.60707e-06
 Reference value :  1.60731e-06
 Reference value :  1.60751e-06
 Reference value :  1.60801e-06
 Reference value :  1.60831e-06
 Reference value :  1.60879e-06
 Reference value :  1.60955e-06
 Reference value :  1.60983e-06
 Reference value :  1.61000e-06
 Reference value :  1.61004e-06
 Reference value :  1.61063e-06
 Reference value :  1.61099e-06
 Reference value :  1.61135e-06
 Reference value :  1.61175e-06
 Reference value :  1.61200e-06
 Reference value :  1.61201e-06
 Reference value :  1.61211e-06
 Reference value :  1.61235e-06
 Reference value :  1.61243e-06
 Reference value :  1.61271e-06
 Reference value :  1.61295e-06
 Reference value :  1.61327e-06
 Reference value :  1.61391e-06
 Reference value :  1.61419e-06
 Reference value :  1.61495e-06
 Reference value :  1.61571e-06
 Reference value :  1.61601e-06
 Reference value :  1.61611e-06
 Reference value :  1.61643e-06
 Reference value :  1.61715e-06
 Reference value :  1.61787e-06
 Reference value :  1.61819e-06
 Reference value :  1.61871e-06
 Reference value :  1.61939e-06
 Reference value :  1.62000e-06
 Reference value :  1.62027e-06
 Reference value :  1.62071e-06
 Reference value :  1.62127e-06
 Reference value :  1.62197e-06
 Reference value :  1.62215e-06
 Reference value :  1.62283e-06
 Reference value :  1.62351e-06
 Reference value :  1.62397e-06
 Reference value :  1.62411e-06
 Reference value :  1.62451e-06
 Reference value :  1.62527e-06
 Reference value :  1.62597e-06
 Reference value :  1.62623e-06
 Reference value :  1.62691e-06
 Reference value :  1.62739e-06
 Reference value :  1.62800e-06
 Reference value :  1.62827e-06
 Reference value :  1.62871e-06
 Reference value :  1.62923e-06
 Reference value :  1.63000e-06
 Reference value :  1.63019e-06
 Reference value :  1.63095e-06
 Reference value :  1.63171e-06
 Reference value :  1.63207e-06
 Reference value :  1.63243e-06
 Reference value :  1.63311e-06
 Reference value :  1.63387e-06
 Reference value :  1.63419e-06
 Reference value :  1.63491e-06
 Reference value :  1.63563e-06
 Reference value :  1.63604e-06
 Reference value :  1.63627e-06
 Reference value :  1.63639e-06
 Reference value :  1.63667e-06
 Reference value :  1.63719e-06
 Reference value :  1.63751e-06
 Reference value :  1.63800e-06
 Reference value :  1.63831e-06
 Reference value :  1.63903e-06
 Reference value :  1.63983e-06
 Reference value :  1.64007e-06
 Reference value :  1.64023e-06
 Reference value :  1.64055e-06
 Reference value :  1.64131e-06
 Reference value :  1.64200e-06
 Reference value :  1.64231e-06
 Reference value :  1.64307e-06
 Reference value :  1.64379e-06
 Reference value :  1.64415e-06
 Reference value :  1.64459e-06
 Reference value :  1.64503e-06
 Reference value :  1.64567e-06
 Reference value :  1.64607e-06
 Reference value :  1.64667e-06
 Reference value :  1.64739e-06
 Reference value :  1.64800e-06
 Reference value :  1.64815e-06
 Reference value :  1.64843e-06
 Reference value :  1.64895e-06
 Reference value :  1.64971e-06
 Reference value :  1.65007e-06
 Reference value :  1.65067e-06
 Reference value :  1.65143e-06
 Reference value :  1.65201e-06
 Reference value :  1.65231e-06
 Reference value :  1.65275e-06
 Reference value :  1.65327e-06
 Reference value :  1.65397e-06
 Reference value :  1.65419e-06
 Reference value :  1.65483e-06
 Reference value :  1.65559e-06
 Reference value :  1.65603e-06
 Reference value :  1.65619e-06
 Reference value :  1.65635e-06
 Reference value :  1.65687e-06
 Reference value :  1.65763e-06
 Reference value :  1.65802e-06
 Reference value :  1.65855e-06
 Reference value :  1.65923e-06
 Reference value :  1.65995e-06
 Reference value :  1.66019e-06
 Reference value :  1.66063e-06
 Reference value :  1.66103e-06
 Reference value :  1.66159e-06
 Reference value :  1.66195e-06
 Reference value :  1.66202e-06
 Reference value :  1.66204e-06
 Reference value :  1.66235e-06
 Reference value :  1.66283e-06
 Reference value :  1.66319e-06
 Reference value :  1.66379e-06
 Reference value :  1.66402e-06
 Reference value :  1.66431e-06
 Reference value :  1.66463e-06
 Reference value :  1.66511e-06
 Reference value :  1.66551e-06
 Reference value :  1.66595e-06
 Reference value :  1.66600e-06
 Reference value :  1.66611e-06
 Reference value :  1.66619e-06
 Reference value :  1.66627e-06
 Reference value :  1.66667e-06
 Reference value :  1.66719e-06
 Reference value :  1.66751e-06
 Reference value :  1.66767e-06
 Reference value :  1.66795e-06
 Reference value :  1.66800e-06
 Reference value :  1.66815e-06
 Reference value :  1.66863e-06
 Reference value :  1.66895e-06
 Reference value :  1.66955e-06
 Reference value :  1.67001e-06
 Reference value :  1.67019e-06
 Reference value :  1.67051e-06
 Reference value :  1.67123e-06
 Reference value :  1.67195e-06
 Reference value :  1.67202e-06
 Reference value :  1.67235e-06
 Reference value :  1.67275e-06
 Reference value :  1.67355e-06
 Reference value :  1.67401e-06
 Reference value :  1.67419e-06
 Reference value :  1.67459e-06
 Reference value :  1.67495e-06
 Reference value :  1.67535e-06
 Reference value :  1.67579e-06
 Reference value :  1.67591e-06
 Reference value :  1.67602e-06
 Reference value :  1.67627e-06
 Reference value :  1.67643e-06
 Reference value :  1.67659e-06
 Reference value :  1.67687e-06
 Reference value :  1.67763e-06
 Reference value :  1.67802e-06
 Reference value :  1.67851e-06
 Reference value :  1.67919e-06
 Reference value :  1.67987e-06
 Reference value :  1.68007e-06
 Reference value :  1.68031e-06
 Reference value :  1.68087e-06
 Reference value :  1.68159e-06
 Reference value :  1.68203e-06
 Reference value :  1.68251e-06
 Reference value :  1.68323e-06
 Reference value :  1.68367e-06
 Reference value :  1.68383e-06
 Reference value :  1.68415e-06
 Reference value :  1.68459e-06
 Reference value :  1.68511e-06
 Reference value :  1.68575e-06
 Reference value :  1.68607e-06
 Reference value :  1.68647e-06
 Reference value :  1.68707e-06
 Reference value :  1.68779e-06
 Reference value :  1.68811e-06
 Reference value :  1.68851e-06
 Reference value :  1.68899e-06
 Reference value :  1.68979e-06
 Reference value :  1.69007e-06
 Reference value :  1.69047e-06
 Reference value :  1.69091e-06
 Reference value :  1.69131e-06
 Reference value :  1.69171e-06
 Reference value :  1.69191e-06
 Reference value :  1.69203e-06
 Reference value :  1.69223e-06
 Reference value :  1.69255e-06
 Reference value :  1.69267e-06
 Reference value :  1.69275e-06
 Reference value :  1.69311e-06
 Reference value :  1.69391e-06
 Reference value :  1.69402e-06
 Reference value :  1.69415e-06
 Reference value :  1.69475e-06
 Reference value :  1.69547e-06
 Reference value :  1.69601e-06
 Reference value :  1.69615e-06
 Reference value :  1.69643e-06
 Reference value :  1.69711e-06
 Reference value :  1.69783e-06
 Reference value :  1.69811e-06
 Reference value :  1.69875e-06
 Reference value :  1.69899e-06
 Reference value :  1.69935e-06
 Reference value :  1.69987e-06
 Reference value :  1.70015e-06
 Reference value :  1.70059e-06
 Reference value :  1.70099e-06
 Reference value :  1.70123e-06
 Reference value :  1.70143e-06
 Reference value :  1.70201e-06
 Reference value :  1.70215e-06
 Reference value :  1.70279e-06
 Reference value :  1.70347e-06
 Reference value :  1.70379e-06
 Reference value :  1.70401e-06
 Reference value :  1.70427e-06
 Reference value :  1.70443e-06
 Reference value :  1.70503e-06
 Reference value :  1.70567e-06
 Reference value :  1.70597e-06
 Reference value :  1.70604e-06
 Reference value :  1.70647e-06
 Reference value :  1.70679e-06
 Reference value :  1.70703e-06
 Reference value :  1.70719e-06
 Reference value :  1.70731e-06
 Reference value :  1.70755e-06
 Reference value :  1.70787e-06
 Reference value :  1.70802e-06
 Reference value :  1.70815e-06
 Reference value :  1.70823e-06
 Reference value :  1.70831e-06
 Reference value :  1.70843e-06
 Reference value :  1.70855e-06
 Reference value :  1.70863e-06
 Reference value :  1.70871e-06
 Reference value :  1.70879e-06
 Reference value :  1.70887e-06
 Reference value :  1.70899e-06
 Reference value :  1.70911e-06
 Reference value :  1.70923e-06
 Reference value :  1.70931e-06
 Reference value :  1.70951e-06
 Reference value :  1.70987e-06
 Reference value :  1.71019e-06
 Reference value :  1.71087e-06
 Reference value :  1.71163e-06
 Reference value :  1.71201e-06
 Reference value :  1.71211e-06
 Reference value :  1.71255e-06
 Reference value :  1.71315e-06
 Reference value :  1.71395e-06
 Reference value :  1.71411e-06
 Reference value :  1.71427e-06
 Reference value :  1.71459e-06
 Reference value :  1.71511e-06
 Reference value :  1.71559e-06
 Reference value :  1.71602e-06
 Reference value :  1.71639e-06
 Reference value :  1.71683e-06
 Reference value :  1.71707e-06
 Reference value :  1.71751e-06
 Reference value :  1.71801e-06
 Reference value :  1.71804e-06
 Reference value :  1.71819e-06
 Reference value :  1.71891e-06
 Reference value :  1.71931e-06
 Reference value :  1.72000e-06
 Reference value :  1.72027e-06
 Reference value :  1.72075e-06
 Reference value :  1.72123e-06
 Reference value :  1.72171e-06
 Reference value :  1.72201e-06
 Reference value :  1.72239e-06
 Reference value :  1.72315e-06
 Reference value :  1.72383e-06
 Reference value :  1.72411e-06
 Reference value :  1.72431e-06
 Reference value :  1.72455e-06
 Reference value :  1.72467e-06
 Reference value :  1.72511e-06
 Reference value :  1.72587e-06
 Reference value :  1.72615e-06
 Reference value :  1.72671e-06
 Reference value :  1.72699e-06
 Reference value :  1.72731e-06
 Reference value :  1.72747e-06
 Reference value :  1.72801e-06
 Reference value :  1.72835e-06
 Reference value :  1.72895e-06
 Reference value :  1.72923e-06
 Reference value :  1.72983e-06
 Reference value :  1.73000e-06
 Reference value :  1.73004e-06
 Reference value :  1.73031e-06
 Reference value :  1.73071e-06
 Reference value :  1.73123e-06
 Reference value :  1.73135e-06
 Reference value :  1.73171e-06
 Reference value :  1.73200e-06
 Reference value :  1.73204e-06
 Reference value :  1.73227e-06
 Reference value :  1.73263e-06
 Reference value :  1.73303e-06
 Reference value :  1.73351e-06
 Reference value :  1.73400e-06
 Reference value :  1.73419e-06
 Reference value :  1.73487e-06
 Reference value :  1.73555e-06
 Reference value :  1.73595e-06
 Reference value :  1.73600e-06
 Reference value :  1.73601e-06
 Reference value :  1.73611e-06
 Reference value :  1.73639e-06
 Reference value :  1.73699e-06
 Reference value :  1.73771e-06
 Reference value :  1.73804e-06
 Reference value :  1.73815e-06
 Reference value :  1.73843e-06
 Reference value :  1.73919e-06
 Reference value :  1.73997e-06
 Reference value :  1.74023e-06
 Reference value :  1.74055e-06
 Reference value :  1.74063e-06
 Reference value :  1.74123e-06
 Reference value :  1.74195e-06
 Reference value :  1.74215e-06
 Reference value :  1.74271e-06
 Reference value :  1.74323e-06
 Reference value :  1.74371e-06
 Reference value :  1.74401e-06
 Reference value :  1.74403e-06
 Reference value :  1.74411e-06
 Reference value :  1.74443e-06
 Reference value :  1.74467e-06
 Reference value :  1.74523e-06
 Reference value :  1.74547e-06
 Reference value :  1.74559e-06
 Reference value :  1.74571e-06
 Reference value :  1.74583e-06
 Reference value :  1.74591e-06
 Reference value :  1.74597e-06
 Reference value :  1.74600e-06
 Reference value :  1.74601e-06
 Reference value :  1.74603e-06
 Reference value :  1.74607e-06
 Reference value :  1.74615e-06
 Reference value :  1.74619e-06
 Reference value :  1.74643e-06
 Reference value :  1.74655e-06
 Reference value :  1.74675e-06
 Reference value :  1.74687e-06
 Reference value :  1.74699e-06
 Reference value :  1.74711e-06
 Reference value :  1.74723e-06
 Reference value :  1.74731e-06
 Reference value :  1.74743e-06
 Reference value :  1.74775e-06
 Reference value :  1.74802e-06
 Reference value :  1.74811e-06
 Reference value :  1.74843e-06
 Reference value :  1.74871e-06
 Reference value :  1.74895e-06
 Reference value :  1.74927e-06
 Reference value :  1.74955e-06
 Reference value :  1.74983e-06
 Reference value :  1.75002e-06
 Reference value :  1.75027e-06
 Reference value :  1.75059e-06
 Reference value :  1.75071e-06
 Reference value :  1.75103e-06
 Reference value :  1.75115e-06
 Reference value :  1.75163e-06
 Reference value :  1.75204e-06
 Reference value :  1.75223e-06
 Reference value :  1.75251e-06
 Reference value :  1.75295e-06
 Reference value :  1.75351e-06
 Reference value :  1.75402e-06
 Reference value :  1.75411e-06
 Reference value :  1.75427e-06
 Reference value :  1.75479e-06
 Reference value :  1.75531e-06
 Reference value :  1.75547e-06
 Reference value :  1.75559e-06
 Reference value :  1.75567e-06
 Reference value :  1.75579e-06
 Reference value :  1.75597e-06
 Reference value :  1.75603e-06
 Reference value :  1.75643e-06
 Reference value :  1.75671e-06
 Reference value :  1.75687e-06
 Reference value :  1.75699e-06
 Reference value :  1.75779e-06
 Reference value :  1.75803e-06
 Reference value :  1.75831e-06
 Reference value :  1.75899e-06
 Reference value :  1.75939e-06
 Reference value :  1.75951e-06
 Reference value :  1.75963e-06
 Reference value :  1.75983e-06
 Reference value :  1.76000e-06
 Reference value :  1.76002e-06
 Reference value :  1.76007e-06
 Reference value :  1.76035e-06
 Reference value :  1.76091e-06
 Reference value :  1.76139e-06
 Reference value :  1.76167e-06
 Reference value :  1.76197e-06
 Reference value :  1.76215e-06
 Reference value :  1.76247e-06
 Reference value :  1.76311e-06
 Reference value :  1.76363e-06
 Reference value :  1.76375e-06
 Reference value :  1.76400e-06
 Reference value :  1.76423e-06
 Reference value :  1.76471e-06
 Reference value :  1.76519e-06
 Reference value :  1.76571e-06
 Reference value :  1.76600e-06
 Reference value :  1.76623e-06
 Reference value :  1.76675e-06
 Reference value :  1.76715e-06
 Reference value :  1.76791e-06
 Reference value :  1.76815e-06
 Reference value :  1.76843e-06
 Reference value :  1.76867e-06
 Reference value :  1.76935e-06
 Reference value :  1.76997e-06
 Reference value :  1.77015e-06
 Reference value :  1.77075e-06
 Reference value :  1.77123e-06
 Reference value :  1.77151e-06
 Reference value :  1.77200e-06
 Reference value :  1.77211e-06
 Reference value :  1.77243e-06
 Reference value :  1.77255e-06
 Reference value :  1.77263e-06
 Reference value :  1.77271e-06
 Reference value :  1.77283e-06
 Reference value :  1.77291e-06
 Reference value :  1.77299e-06
 Reference value :  1.77335e-06
 Reference value :  1.77363e-06
 Reference value :  1.77379e-06
 Reference value :  1.77387e-06
 Reference value :  1.77397e-06
 Reference value :  1.77407e-06
 Reference value :  1.77467e-06
 Reference value :  1.77511e-06
 Reference value :  1.77527e-06
 Reference value :  1.77597e-06
 Reference value :  1.77615e-06
 Reference value :  1.77635e-06
 Reference value :  1.77659e-06
 Reference value :  1.77687e-06
 Reference value :  1.77755e-06
 Reference value :  1.77802e-06
 Reference value :  1.77827e-06
 Reference value :  1.77843e-06
 Reference value :  1.77895e-06
 Reference value :  1.77959e-06
 Reference value :  1.78000e-06
 Reference value :  1.78019e-06
 Reference value :  1.78063e-06
 Reference value :  1.78079e-06
 Reference value :  1.78087e-06
 Reference value :  1.78115e-06
 Reference value :  1.78151e-06
 Reference value :  1.78201e-06
 Reference value :  1.78243e-06
 Reference value :  1.78307e-06
 Reference value :  1.78331e-06
 Reference value :  1.78347e-06
 Reference value :  1.78379e-06
 Reference value :  1.78404e-06
 Reference value :  1.78443e-06
 Reference value :  1.78507e-06
 Reference value :  1.78535e-06
 Reference value :  1.78571e-06
 Reference value :  1.78600e-06
 Reference value :  1.78631e-06
 Reference value :  1.78699e-06
 Reference value :  1.78751e-06
 Reference value :  1.78800e-06
 Reference value :  1.78815e-06
 Reference value :  1.78835e-06
 Reference value :  1.78871e-06
 Reference value :  1.78883e-06
 Reference value :  1.78951e-06
 Reference value :  1.79001e-06
 Reference value :  1.79019e-06
 Reference value :  1.79043e-06
 Reference value :  1.79095e-06
 Reference value :  1.79167e-06
 Reference value :  1.79201e-06
 Reference value :  1.79211e-06
 Reference value :  1.79231e-06
 Reference value :  1.79239e-06
 Reference value :  1.79243e-06
 Reference value :  1.79251e-06
 Reference value :  1.79271e-06
 Reference value :  1.79291e-06
 Reference value :  1.79371e-06
 Reference value :  1.79407e-06
 Reference value :  1.79459e-06
 Reference value :  1.79515e-06
 Reference value :  1.79563e-06
 Reference value :  1.79583e-06
 Reference value :  1.79604e-06
 Reference value :  1.79643e-06
 Reference value :  1.79683e-06
 Reference value :  1.79715e-06
 Reference value :  1.79739e-06
 Reference value :  1.79779e-06
 Reference value :  1.79800e-06
 Reference value :  1.79831e-06
 Reference value :  1.79899e-06
 Reference value :  1.79935e-06
 Reference value :  1.79959e-06
 Reference value :  1.79997e-06
 Reference value :  1.80002e-06
 Reference value :  1.80004e-06
 Reference value :  1.80011e-06
 Reference value :  1.80035e-06
 Reference value :  1.80039e-06
 Reference value :  1.80043e-06
 Reference value :  1.80055e-06
 Reference value :  1.80099e-06
 Reference value :  1.80143e-06
 Reference value :  1.80197e-06
 Reference value :  1.80219e-06
 Reference value :  1.80239e-06
 Reference value :  1.80259e-06
 Reference value :  1.80319e-06
 Reference value :  1.80379e-06
 Reference value :  1.80411e-06
 Reference value :  1.80427e-06
 Reference value :  1.80435e-06
 Reference value :  1.80451e-06
 Reference value :  1.80459e-06
 Reference value :  1.80495e-06
 Reference value :  1.80555e-06
 Reference value :  1.80602e-06
 Reference value :  1.80627e-06
 Reference value :  1.80635e-06
 Reference value :  1.80647e-06
 Reference value :  1.80659e-06
 Reference value :  1.80671e-06
 Reference value :  1.80691e-06
 Reference value :  1.80735e-06
 Reference value :  1.80779e-06
 Reference value :  1.80791e-06
 Reference value :  1.80811e-06
 Reference value :  1.80851e-06
 Reference value :  1.80875e-06
 Reference value :  1.80927e-06
 Reference value :  1.80951e-06
 Reference value :  1.81000e-06
 Reference value :  1.81027e-06
 Reference value :  1.81075e-06
 Reference value :  1.81091e-06
 Reference value :  1.81135e-06
 Reference value :  1.81167e-06
 Reference value :  1.81197e-06
 Reference value :  1.81215e-06
 Reference value :  1.81251e-06
 Reference value :  1.81295e-06
 Reference value :  1.81331e-06
 Reference value :  1.81395e-06
 Reference value :  1.81411e-06
 Reference value :  1.81459e-06
 Reference value :  1.81531e-06
 Reference value :  1.81600e-06
 Reference value :  1.81615e-06
 Reference value :  1.81631e-06
 Reference value :  1.81659e-06
 Reference value :  1.81715e-06
 Reference value :  1.81759e-06
 Reference value :  1.81791e-06
 Reference value :  1.81802e-06
 Reference value :  1.81807e-06
 Reference value :  1.81859e-06
 Reference value :  1.81883e-06
 Reference value :  1.81927e-06
 Reference value :  1.81939e-06
 Reference value :  1.81951e-06
 Reference value :  1.81963e-06
 Reference value :  1.81975e-06
 Reference value :  1.81983e-06
 Reference value :  1.81995e-06
 Reference value :  1.82000e-06
 Reference value :  1.82001e-06
 Reference value :  1.82002e-06
 Reference value :  1.82004e-06
 Reference value :  1.82007e-06
 Reference value :  1.82015e-06
 Reference value :  1.82031e-06
 Reference value :  1.82039e-06
 Reference value :  1.82047e-06
 Reference value :  1.82055e-06
 Reference value :  1.82063e-06
 Reference value :  1.82067e-06
 Reference value :  1.82071e-06
 Reference value :  1.82075e-06
 Reference value :  1.82087e-06
 Reference value :  1.82099e-06
 Reference value :  1.82111e-06
 Reference value :  1.82123e-06
 Reference value :  1.82135e-06
 Reference value :  1.82143e-06
 Reference value :  1.82155e-06
 Reference value :  1.82195e-06
 Reference value :  1.82200e-06
 Reference value :  1.82202e-06
 Reference value :  1.82211e-06
 Reference value :  1.82243e-06
 Reference value :  1.82283e-06
 Reference value :  1.82307e-06
 Reference value :  1.82319e-06
 Reference value :  1.82331e-06
 Reference value :  1.82359e-06
 Reference value :  1.82402e-06
 Reference value :  1.82439e-06
 Reference value :  1.82491e-06
 Reference value :  1.82555e-06
 Reference value :  1.82583e-06
 Reference value :  1.82600e-06
 Reference value :  1.82619e-06
 Reference value :  1.82691e-06
 Reference value :  1.82755e-06
 Reference value :  1.82800e-06
 Reference value :  1.82807e-06
 Reference value :  1.82827e-06
 Reference value :  1.82859e-06
 Reference value :  1.82899e-06
 Reference value :  1.82963e-06
 Reference value :  1.83000e-06
 Reference value :  1.83027e-06
 Reference value :  1.83091e-06
 Reference value :  1.83163e-06
 Reference value :  1.83202e-06
 Reference value :  1.83223e-06
 Reference value :  1.83247e-06
 Reference value :  1.83291e-06
 Reference value :  1.83367e-06
 Reference value :  1.83400e-06
 Reference value :  1.83403e-06
 Reference value :  1.83423e-06
 Reference value :  1.83443e-06
 Reference value :  1.83511e-06
 Reference value :  1.83587e-06
 Reference value :  1.83611e-06
 Reference value :  1.83635e-06
 Reference value :  1.83659e-06
 Reference value :  1.83679e-06
 Reference value :  1.83735e-06
 Reference value :  1.83797e-06
 Reference value :  1.83815e-06
 Reference value :  1.83839e-06
 Reference value :  1.83903e-06
 Reference value :  1.83975e-06
 Reference value :  1.84007e-06
 Reference value :  1.84043e-06
 Reference value :  1.84095e-06
 Reference value :  1.84131e-06
 Reference value :  1.84159e-06
 Reference value :  1.84200e-06
 Reference value :  1.84231e-06
 Reference value :  1.84303e-06
 Reference value :  1.84359e-06
 Reference value :  1.84379e-06
 Reference value :  1.84400e-06
 Reference value :  1.84407e-06
 Reference value :  1.84427e-06
 Reference value :  1.84471e-06
 Reference value :  1.84495e-06
 Reference value :  1.84519e-06
 Reference value :  1.84551e-06
 Reference value :  1.84600e-06
 Reference value :  1.84611e-06
 Reference value :  1.84663e-06
 Reference value :  1.84707e-06
 Reference value :  1.84739e-06
 Reference value :  1.84771e-06
 Reference value :  1.84795e-06
 Reference value :  1.84800e-06
 Reference value :  1.84811e-06
 Reference value :  1.84831e-06
 Reference value :  1.84843e-06
 Reference value :  1.84879e-06
 Reference value :  1.84919e-06
 Reference value :  1.84951e-06
 Reference value :  1.84967e-06
 Reference value :  1.85001e-06
 Reference value :  1.85039e-06
 Reference value :  1.85107e-06
 Reference value :  1.85147e-06
 Reference value :  1.85187e-06
 Reference value :  1.85197e-06
 Reference value :  1.85200e-06
 Reference value :  1.85219e-06
 Reference value :  1.85267e-06
 Reference value :  1.85307e-06
 Reference value :  1.85351e-06
 Reference value :  1.85375e-06
 Reference value :  1.85411e-06
 Reference value :  1.85443e-06
 Reference value :  1.85487e-06
 Reference value :  1.85511e-06
 Reference value :  1.85555e-06
 Reference value :  1.85587e-06
 Reference value :  1.85601e-06
 Reference value :  1.85607e-06
 Reference value :  1.85615e-06
 Reference value :  1.85631e-06
 Reference value :  1.85635e-06
 Reference value :  1.85643e-06
 Reference value :  1.85711e-06
 Reference value :  1.85779e-06
 Reference value :  1.85803e-06
 Reference value :  1.85827e-06
 Reference value :  1.85847e-06
 Reference value :  1.85867e-06
 Reference value :  1.85911e-06
 Reference value :  1.85955e-06
 Reference value :  1.85987e-06
 Reference value :  1.86000e-06
 Reference value :  1.86001e-06
 Reference value :  1.86015e-06
 Reference value :  1.86051e-06
 Reference value :  1.86071e-06
 Reference value :  1.86079e-06
 Reference value :  1.86091e-06
 Reference value :  1.86103e-06
 Reference value :  1.86111e-06
 Reference value :  1.86147e-06
 Reference value :  1.86200e-06
 Reference value :  1.86219e-06
 Reference value :  1.86231e-06
 Reference value :  1.86295e-06
 Reference value :  1.86367e-06
 Reference value :  1.86404e-06
 Reference value :  1.86435e-06
 Reference value :  1.86439e-06
 Reference value :  1.86443e-06
 Reference value :  1.86503e-06
 Reference value :  1.86559e-06
 Reference value :  1.86601e-06
 Reference value :  1.86604e-06
 Reference value :  1.86615e-06
 Reference value :  1.86627e-06
 Reference value :  1.86667e-06
 Reference value :  1.86735e-06
 Reference value :  1.86800e-06
 Reference value :  1.86823e-06
 Reference value :  1.86847e-06
 Reference value :  1.86863e-06
 Reference value :  1.86919e-06
 Reference value :  1.86995e-06
 Reference value :  1.87004e-06
 Reference value :  1.87039e-06
 Reference value :  1.87107e-06
 Reference value :  1.87147e-06
 Reference value :  1.87163e-06
 Reference value :  1.87187e-06
 Reference value :  1.87201e-06
 Reference value :  1.87204e-06
 Reference value :  1.87235e-06
 Reference value :  1.87251e-06
 Reference value :  1.87283e-06
 Reference value :  1.87295e-06
 Reference value :  1.87307e-06
 Reference value :  1.87335e-06
 Reference value :  1.87367e-06
 Reference value :  1.87375e-06
 Reference value :  1.87391e-06
 Reference value :  1.87400e-06
 Reference value :  1.87401e-06
 Reference value :  1.87411e-06
 Reference value :  1.87431e-06
 Reference value :  1.87475e-06
 Reference value :  1.87511e-06
 Reference value :  1.87531e-06
 Reference value :  1.87600e-06
 Reference value :  1.87623e-06
 Reference value :  1.87659e-06
 Reference value :  1.87671e-06
 Reference value :  1.87699e-06
 Reference value :  1.87755e-06
 Reference value :  1.87802e-06
 Reference value :  1.87819e-06
 Reference value :  1.87843e-06
 Reference value :  1.87875e-06
 Reference value :  1.87911e-06
 Reference value :  1.87947e-06
 Reference value :  1.87991e-06
 Reference value :  1.88001e-06
 Reference value :  1.88003e-06
 Reference value :  1.88011e-06
 Reference value :  1.88019e-06
 Reference value :  1.88035e-06
 Reference value :  1.88055e-06
 Reference value :  1.88127e-06
 Reference value :  1.88197e-06
 Reference value :  1.88227e-06
 Reference value :  1.88279e-06
 Reference value :  1.88331e-06
 Reference value :  1.88375e-06
 Reference value :  1.88395e-06
 Reference value :  1.88400e-06
 Reference value :  1.88419e-06
 Reference value :  1.88459e-06
 Reference value :  1.88479e-06
 Reference value :  1.88487e-06
 Reference value :  1.88503e-06
 Reference value :  1.88539e-06
 Reference value :  1.88597e-06
 Reference value :  1.88611e-06
 Reference value :  1.88623e-06
 Reference value :  1.88643e-06
 Reference value :  1.88655e-06
 Reference value :  1.88679e-06
 Reference value :  1.88719e-06
 Reference value :  1.88759e-06
 Reference value :  1.88771e-06
 Reference value :  1.88800e-06
 Reference value :  1.88803e-06
 Reference value :  1.88807e-06
 Reference value :  1.88811e-06
 Reference value :  1.88831e-06
 Reference value :  1.88883e-06
 Reference value :  1.88955e-06
 Reference value :  1.89002e-06
 Reference value :  1.89043e-06
 Reference value :  1.89111e-06
 Reference value :  1.89135e-06
 Reference value :  1.89147e-06
 Reference value :  1.89155e-06
 Reference value :  1.89195e-06
 Reference value :  1.89223e-06
 Reference value :  1.89255e-06
 Reference value :  1.89275e-06
 Reference value :  1.89339e-06
 Reference value :  1.89401e-06
 Reference value :  1.89439e-06
 Reference value :  1.89507e-06
 Reference value :  1.89551e-06
 Reference value :  1.89567e-06
 Reference value :  1.89602e-06
 Reference value :  1.89607e-06
 Reference value :  1.89623e-06
 Reference value :  1.89647e-06
 Reference value :  1.89711e-06
 Reference value :  1.89747e-06
 Reference value :  1.89800e-06
 Reference value :  1.89827e-06
 Reference value :  1.89907e-06
 Reference value :  1.89983e-06
 Reference value :  1.90015e-06
 Reference value :  1.90055e-06
 Reference value :  1.90067e-06
 Reference value :  1.90083e-06
 Reference value :  1.90127e-06
 Reference value :  1.90195e-06
 Reference value :  1.90211e-06
 Reference value :  1.90231e-06
 Reference value :  1.90307e-06
 Reference value :  1.90323e-06
 Reference value :  1.90367e-06
 Reference value :  1.90401e-06
 Reference value :  1.90427e-06
 Reference value :  1.90447e-06
 Reference value :  1.90479e-06
 Reference value :  1.90527e-06
 Reference value :  1.90579e-06
 Reference value :  1.90602e-06
 Reference value :  1.90615e-06
 Reference value :  1.90671e-06
 Reference value :  1.90695e-06
 Reference value :  1.90763e-06
 Reference value :  1.90804e-06
 Reference value :  1.90823e-06
 Reference value :  1.90867e-06
 Reference value :  1.90919e-06
 Reference value :  1.90995e-06
 Reference value :  1.91001e-06
 Reference value :  1.91015e-06
 Reference value :  1.91067e-06
 Reference value :  1.91095e-06
 Reference value :  1.91147e-06
 Reference value :  1.91200e-06
 Reference value :  1.91207e-06
 Reference value :  1.91227e-06
 Reference value :  1.91239e-06
 Reference value :  1.91279e-06
 Reference value :  1.91291e-06
 Reference value :  1.91347e-06
 Reference value :  1.91375e-06
 Reference value :  1.91397e-06
 Reference value :  1.91403e-06
 Reference value :  1.91455e-06
 Reference value :  1.91527e-06
 Reference value :  1.91600e-06
 Reference value :  1.91611e-06
 Reference value :  1.91635e-06
 Reference value :  1.91643e-06
 Reference value :  1.91671e-06
 Reference value :  1.91711e-06
 Reference value :  1.91791e-06
 Reference value :  1.91804e-06
 Reference value :  1.91819e-06
 Reference value :  1.91839e-06
 Reference value :  1.91875e-06
 Reference value :  1.91951e-06
 Reference value :  1.92002e-06
 Reference value :  1.92039e-06
 Reference value :  1.92087e-06
 Reference value :  1.92127e-06
 Reference value :  1.92171e-06
 Reference value :  1.92200e-06
 Reference value :  1.92201e-06
 Reference value :  1.92211e-06
 Reference value :  1.92219e-06
 Reference value :  1.92287e-06
 Reference value :  1.92363e-06
 Reference value :  1.92402e-06
 Reference value :  1.92439e-06
 Reference value :  1.92451e-06
 Reference value :  1.92483e-06
 Reference value :  1.92491e-06
 Reference value :  1.92543e-06
 Reference value :  1.92600e-06
 Reference value :  1.92611e-06
 Reference value :  1.92619e-06
 Reference value :  1.92631e-06
 Reference value :  1.92655e-06
 Reference value :  1.92699e-06
 Reference value :  1.92731e-06
 Reference value :  1.92755e-06
 Reference value :  1.92771e-06
 Reference value :  1.92802e-06
 Reference value :  1.92839e-06
 Reference value :  1.92879e-06
 Reference value :  1.92907e-06
 Reference value :  1.92923e-06
 Reference value :  1.92935e-06
 Reference value :  1.92987e-06
 Reference value :  1.93019e-06
 Reference value :  1.93063e-06
 Reference value :  1.93103e-06
 Reference value :  1.93135e-06
 Reference value :  1.93191e-06
 Reference value :  1.93219e-06
 Reference value :  1.93239e-06
 Reference value :  1.93247e-06
 Reference value :  1.93259e-06
 Reference value :  1.93291e-06
 Reference value :  1.93359e-06
 Reference value :  1.93403e-06
 Reference value :  1.93447e-06
 Reference value :  1.93503e-06
 Reference value :  1.93527e-06
 Reference value :  1.93563e-06
 Reference value :  1.93600e-06
 Reference value :  1.93611e-06
 Reference value :  1.93639e-06
 Reference value :  1.93691e-06
 Reference value :  1.93731e-06
 Reference value :  1.93755e-06
 Reference value :  1.93779e-06
 Reference value :  1.93791e-06
 Reference value :  1.93797e-06
 Reference value :  1.93800e-06
 Reference value :  1.93801e-06
 Reference value :  1.93804e-06
 Reference value :  1.93819e-06
 Reference value :  1.93827e-06
 Reference value :  1.93835e-06
 Reference value :  1.93847e-06
 Reference value :  1.93859e-06
 Reference value :  1.93871e-06
 Reference value :  1.93883e-06
 Reference value :  1.93891e-06
 Reference value :  1.93903e-06
 Reference value :  1.93923e-06
 Reference value :  1.93935e-06
 Reference value :  1.93947e-06
 Reference value :  1.93959e-06
 Reference value :  1.93971e-06
 Reference value :  1.93983e-06
 Reference value :  1.93995e-06
 Reference value :  1.94000e-06
 Reference value :  1.94001e-06
 Reference value :  1.94002e-06
 Reference value :  1.94004e-06
 Reference value :  1.94011e-06
 Reference value :  1.94015e-06
 Reference value :  1.94023e-06
 Reference value :  1.94055e-06
 Reference value :  1.94059e-06
 Reference value :  1.94079e-06
 Reference value :  1.94119e-06
 Reference value :  1.94147e-06
 Reference value :  1.94167e-06
 Reference value :  1.94200e-06
 Reference value :  1.94203e-06
 Reference value :  1.94223e-06
 Reference value :  1.94243e-06
 Reference value :  1.94307e-06
 Reference value :  1.94367e-06
 Reference value :  1.94397e-06
 Reference value :  1.94423e-06
 Reference value :  1.94475e-06
 Reference value :  1.94539e-06
 Reference value :  1.94601e-06
 Reference value :  1.94631e-06
 Reference value :  1.94667e-06
 Reference value :  1.94707e-06
 Reference value :  1.94783e-06
 Reference value :  1.94819e-06
 Reference value :  1.94851e-06
 Reference value :  1.94871e-06
 Reference value :  1.94899e-06
 Reference value :  1.94943e-06
 Reference value :  1.94995e-06
 Reference value :  1.95019e-06
 Reference value :  1.95095e-06
 Reference value :  1.95167e-06
 Reference value :  1.95207e-06
 Reference value :  1.95219e-06
 Reference value :  1.95259e-06
 Reference value :  1.95279e-06
 Reference value :  1.95355e-06
 Reference value :  1.95401e-06
 Reference value :  1.95451e-06
 Reference value :  1.95519e-06
 Reference value :  1.95595e-06
 Reference value :  1.95602e-06
 Reference value :  1.95619e-06
 Reference value :  1.95651e-06
 Reference value :  1.95679e-06
 Reference value :  1.95715e-06
 Reference value :  1.95763e-06
 Reference value :  1.95800e-06
 Reference value :  1.95801e-06
 Reference value :  1.95819e-06
 Reference value :  1.95867e-06
 Reference value :  1.95919e-06
 Reference value :  1.95983e-06
 Reference value :  1.96000e-06
 Reference value :  1.96004e-06
 Reference value :  1.96043e-06
 Reference value :  1.96107e-06
 Reference value :  1.96179e-06
 Reference value :  1.96211e-06
 Reference value :  1.96251e-06
 Reference value :  1.96283e-06
 Reference value :  1.96319e-06
 Reference value :  1.96391e-06
 Reference value :  1.96415e-06
 Reference value :  1.96431e-06
 Reference value :  1.96467e-06
 Reference value :  1.96499e-06
 Reference value :  1.96547e-06
 Reference value :  1.96601e-06
 Reference value :  1.96635e-06
 Reference value :  1.96667e-06
 Reference value :  1.96739e-06
 Reference value :  1.96801e-06
 Reference value :  1.96811e-06
 Reference value :  1.96839e-06
 Reference value :  1.96879e-06
 Reference value :  1.96927e-06
 Reference value :  1.96979e-06
 Reference value :  1.97002e-06
 Reference value :  1.97015e-06
 Reference value :  1.97019e-06
 Reference value :  1.97031e-06
 Reference value :  1.97051e-06
 Reference value :  1.97079e-06
 Reference value :  1.97091e-06
 Reference value :  1.97111e-06
 Reference value :  1.97131e-06
 Reference value :  1.97179e-06
 Reference value :  1.97202e-06
 Reference value :  1.97215e-06
 Reference value :  1.97231e-06
 Reference value :  1.97247e-06
 Reference value :  1.97255e-06
 Reference value :  1.97271e-06
 Reference value :  1.97311e-06
 Reference value :  1.97363e-06
 Reference value :  1.97391e-06
 Reference value :  1.97400e-06
 Reference value :  1.97403e-06
 Reference value :  1.97411e-06
 Reference value :  1.97415e-06
 Reference value :  1.97419e-06
 Reference value :  1.97427e-06
 Reference value :  1.97435e-06
 Reference value :  1.97443e-06
 Reference value :  1.97451e-06
 Reference value :  1.97463e-06
 Reference value :  1.97471e-06
 Reference value :  1.97483e-06
 Reference value :  1.97495e-06
 Reference value :  1.97507e-06
 Reference value :  1.97515e-06
 Reference value :  1.97527e-06
 Reference value :  1.97539e-06
 Reference value :  1.97551e-06
 Reference value :  1.97563e-06
 Reference value :  1.97575e-06
 Reference value :  1.97587e-06
 Reference value :  1.97595e-06
 Reference value :  1.97600e-06
 Reference value :  1.97623e-06
 Reference value :  1.97659e-06
 Reference value :  1.97731e-06
 Reference value :  1.97797e-06
 Reference value :  1.97819e-06
 Reference value :  1.97867e-06
 Reference value :  1.97919e-06
 Reference value :  1.97995e-06
 Reference value :  1.98019e-06
 Reference value :  1.98059e-06
 Reference value :  1.98091e-06
 Reference value :  1.98159e-06
 Reference value :  1.98197e-06
 Reference value :  1.98204e-06
 Reference value :  1.98259e-06
 Reference value :  1.98331e-06
 Reference value :  1.98397e-06
 Reference value :  1.98427e-06
 Reference value :  1.98439e-06
 Reference value :  1.98447e-06
 Reference value :  1.98483e-06
 Reference value :  1.98559e-06
 Reference value :  1.98603e-06
 Reference value :  1.98651e-06
 Reference value :  1.98723e-06
 Reference value :  1.98747e-06
 Reference value :  1.98801e-06
 Reference value :  1.98831e-06
 Reference value :  1.98859e-06
 Reference value :  1.98891e-06
 Reference value :  1.98943e-06
 Reference value :  1.98995e-06
 Reference value :  1.99001e-06
 Reference value :  1.99043e-06
 Reference value :  1.99111e-06
 Reference value :  1.99187e-06
 Reference value :  1.99215e-06
 Reference value :  1.99251e-06
 Reference value :  1.99327e-06
 Reference value :  1.99397e-06
 Reference value :  1.99423e-06
 Reference value :  1.99467e-06
 Reference value :  1.99491e-06
 Reference value :  1.99531e-06
 Reference value :  1.99571e-06
 Reference value :  1.99595e-06
 Reference value :  1.99601e-06
 Reference value :  1.99603e-06
 Reference value :  1.99607e-06
 Reference value :  1.99611e-06
 Reference value :  1.99643e-06
 Reference value :  1.99651e-06
 Reference value :  1.99659e-06
 Reference value :  1.99667e-06
 Reference value :  1.99675e-06
 Reference value :  1.99735e-06
 Reference value :  1.99801e-06
 Reference value :  1.99804e-06
 Reference value :  1.99819e-06
 Reference value :  1.99891e-06
 Reference value :  1.99947e-06
 Reference value :  1.99971e-06
 Reference value :  2.00001e-06
 Reference value :  2.00023e-06
 Reference value :  2.00055e-06
 Reference value :  2.00127e-06
 Reference value :  2.00200e-06
 Reference value :  2.00215e-06
 Reference value :  2.00239e-06
 Reference value :  2.00303e-06
 Reference value :  2.00339e-06
 Reference value :  2.00371e-06
 Reference value :  2.00379e-06
 Reference value :  2.00387e-06
 Reference value :  2.00397e-06
 Reference value :  2.00400e-06
 Reference value :  2.00401e-06
 Reference value :  2.00402e-06
 Reference value :  2.00404e-06
 Reference value :  2.00411e-06
 Reference value :  2.00431e-06
 Reference value :  2.00467e-06
 Reference value :  2.00515e-06
 Reference value :  2.00587e-06
 Reference value :  2.00604e-06
 Reference value :  2.00611e-06
 Reference value :  2.00615e-06
 Reference value :  2.00619e-06
 Reference value :  2.00627e-06
 Reference value :  2.00639e-06
 Reference value :  2.00651e-06
 Reference value :  2.00663e-06
 Reference value :  2.00675e-06
 Reference value :  2.00691e-06
 Reference value :  2.00703e-06
 Reference value :  2.00727e-06
 Reference value :  2.00739e-06
 Reference value :  2.00751e-06
 Reference value :  2.00763e-06
 Reference value :  2.00775e-06
 Reference value :  2.00787e-06
 Reference value :  2.00795e-06
 Reference value :  2.00800e-06
 Reference value :  2.00801e-06
 Reference value :  2.00802e-06
 Reference value :  2.00804e-06
 Reference value :  2.00811e-06
 Reference value :  2.00815e-06
 Reference value :  2.00823e-06
 Reference value :  2.00831e-06
 Reference value :  2.00835e-06
 Reference value :  2.00839e-06
 Reference value :  2.00843e-06
 Reference value :  2.00851e-06
 Reference value :  2.00891e-06
 Reference value :  2.00915e-06
 Reference value :  2.00927e-06
 Reference value :  2.00939e-06
 Reference value :  2.00947e-06
 Reference value :  2.00959e-06
 Reference value :  2.00971e-06
 Reference value :  2.00979e-06
 Reference value :  2.00991e-06
 Reference value :  2.01000e-06
 Reference value :  2.01001e-06
 Reference value :  2.01002e-06
 Reference value :  2.01007e-06
 Reference value :  2.01023e-06
 Reference value :  2.01059e-06
 Reference value :  2.01087e-06
 Reference value :  2.01099e-06
 Reference value :  2.01111e-06
 Reference value :  2.01123e-06
 Reference value :  2.01135e-06
 Reference value :  2.01147e-06
 Reference value :  2.01159e-06
 Reference value :  2.01171e-06
 Reference value :  2.01183e-06
 Reference value :  2.01195e-06
 Reference value :  2.01200e-06
 Reference value :  2.01204e-06
 Reference value :  2.01211e-06
 Reference value :  2.01219e-06
 Reference value :  2.01227e-06
 Reference value :  2.01235e-06
 Reference value :  2.01243e-06
 Reference value :  2.01251e-06
 Reference value :  2.01259e-06
 Reference value :  2.01267e-06
 Reference value :  2.01271e-06
 Reference value :  2.01275e-06
 Reference value :  2.01283e-06
 Reference value :  2.01287e-06
 Reference value :  2.01295e-06
 Reference value :  2.01307e-06
 Reference value :  2.01319e-06
 Reference value :  2.01331e-06
 Reference value :  2.01343e-06
 Reference value :  2.01355e-06
 Reference value :  2.01401e-06
 Reference value :  2.01402e-06
 Reference value :  2.01403e-06
 Reference value :  2.01407e-06
 Reference value :  2.01411e-06
 Reference value :  2.01419e-06
 Reference value :  2.01427e-06
 Reference value :  2.01439e-06
 Reference value :  2.01459e-06
 Reference value :  2.01479e-06
 Reference value :  2.01555e-06
 Reference value :  2.01604e-06
 Reference value :  2.01643e-06
 Reference value :  2.01719e-06
 Reference value :  2.01759e-06
 Reference value :  2.01771e-06
 Reference value :  2.01783e-06
 Reference value :  2.01795e-06
 Reference value :  2.01800e-06
 Reference value :  2.01801e-06
 Reference value :  2.01802e-06
 Reference value :  2.01804e-06
 Reference value :  2.01815e-06
 Reference value :  2.01879e-06
 Reference value :  2.01955e-06
 Reference value :  2.02001e-06
 Reference value :  2.02023e-06
 Reference value :  2.02051e-06
 Reference value :  2.02071e-06
 Reference value :  2.02075e-06
 Reference value :  2.02083e-06
 Reference value :  2.02091e-06
 Reference value :  2.02099e-06
 Reference value :  2.02107e-06
 Reference value :  2.02119e-06
 Reference value :  2.02131e-06
 Reference value :  2.02147e-06
 Reference value :  2.02159e-06
 Reference value :  2.02179e-06
 Reference value :  2.02191e-06
 Reference value :  2.02200e-06
 Reference value :  2.02211e-06
 Reference value :  2.02247e-06
 Reference value :  2.02279e-06
 Reference value :  2.02287e-06
 Reference value :  2.02299e-06
 Reference value :  2.02307e-06
 Reference value :  2.02319e-06
 Reference value :  2.02331e-06
 Reference value :  2.02343e-06
 Reference value :  2.02355e-06
 Reference value :  2.02367e-06
 Reference value :  2.02379e-06
 Reference value :  2.02391e-06
 Reference value :  2.02401e-06
 Reference value :  2.02404e-06
 Reference value :  2.02411e-06
 Reference value :  2.02439e-06
 Reference value :  2.02463e-06
 Reference value :  2.02475e-06
 Reference value :  2.02487e-06
 Reference value :  2.02495e-06
 Reference value :  2.02507e-06
 Reference value :  2.02519e-06
 Reference value :  2.02531e-06
 Reference value :  2.02543e-06
 Reference value :  2.02555e-06
 Reference value :  2.02575e-06
 Reference value :  2.02591e-06
 Reference value :  2.02602e-06
 Reference value :  2.02619e-06
 Reference value :  2.02683e-06
 Reference value :  2.02755e-06
 Reference value :  2.02791e-06
 Reference value :  2.02801e-06
 Reference value :  2.02802e-06
 Reference value :  2.02807e-06
 Reference value :  2.02811e-06
 Reference value :  2.02819e-06
 Reference value :  2.02831e-06
 Reference value :  2.02843e-06
 Reference value :  2.02851e-06
 Reference value :  2.02859e-06
 Reference value :  2.02863e-06
 Reference value :  2.02867e-06
 Reference value :  2.02871e-06
 Reference value :  2.02875e-06
 Reference value :  2.02883e-06
 Reference value :  2.02891e-06
 Reference value :  2.02915e-06
 Reference value :  2.02955e-06
 Reference value :  2.02975e-06
 Reference value :  2.03000e-06
 Reference value :  2.03011e-06
 Reference value :  2.03043e-06
 Reference value :  2.03095e-06
 Reference value :  2.03119e-06
 Reference value :  2.03131e-06
 Reference value :  2.03143e-06
 Reference value :  2.03155e-06
 Reference value :  2.03167e-06
 Reference value :  2.03179e-06
 Reference value :  2.03191e-06
 Reference value :  2.03200e-06
 Reference value :  2.03201e-06
 Reference value :  2.03207e-06
 Reference value :  2.03235e-06
 Reference value :  2.03291e-06
 Reference value :  2.03323e-06
 Reference value :  2.03355e-06
 Reference value :  2.03383e-06
 Reference value :  2.03395e-06
 Reference value :  2.03400e-06
 Reference value :  2.03401e-06
 Reference value :  2.03402e-06
 Reference value :  2.03404e-06
 Reference value :  2.03411e-06
 Reference value :  2.03419e-06
 Reference value :  2.03427e-06
 Reference value :  2.03435e-06
 Reference value :  2.03447e-06
 Reference value :  2.03455e-06
 Reference value :  2.03479e-06
 Reference value :  2.03543e-06
 Reference value :  2.03595e-06
 Reference value :  2.03600e-06
 Reference value :  2.03601e-06
 Reference value :  2.03602e-06
 Reference value :  2.03604e-06
 Reference value :  2.03611e-06
 Reference value :  2.03615e-06
 Reference value :  2.03623e-06
 Reference value :  2.03631e-06
 Reference value :  2.03643e-06
 Reference value :  2.03651e-06
 Reference value :  2.03679e-06
 Reference value :  2.03711e-06
 Reference value :  2.03787e-06
 Reference value :  2.03807e-06
 Reference value :  2.03819e-06
 Reference value :  2.03831e-06
 Reference value :  2.03843e-06
 Reference value :  2.03855e-06
 Reference value :  2.03867e-06
 Reference value :  2.03875e-06
 Reference value :  2.03895e-06
 Reference value :  2.03907e-06
 Reference value :  2.03919e-06
 Reference value :  2.03947e-06
 Reference value :  2.03987e-06
 Reference value :  2.04003e-06
 Reference value :  2.04015e-06
 Reference value :  2.04023e-06
 Reference value :  2.04031e-06
 Reference value :  2.04035e-06
 Reference value :  2.04039e-06
 Reference value :  2.04043e-06
 Reference value :  2.04051e-06
 Reference value :  2.04059e-06
 Reference value :  2.04083e-06
 Reference value :  2.04095e-06
 Reference value :  2.04107e-06
 Reference value :  2.04119e-06
 Reference value :  2.04159e-06
 Reference value :  2.04195e-06
 Reference value :  2.04204e-06
 Reference value :  2.04223e-06
 Reference value :  2.04255e-06
 Reference value :  2.04307e-06
 Reference value :  2.04383e-06
 Reference value :  2.04403e-06
 Reference value :  2.04407e-06
 Reference value :  2.04411e-06
 Reference value :  2.04419e-06
 Reference value :  2.04427e-06
 Reference value :  2.04435e-06
 Reference value :  2.04443e-06
 Reference value :  2.04451e-06
 Reference value :  2.04463e-06
 Reference value :  2.04471e-06
 Reference value :  2.04483e-06
 Reference value :  2.04515e-06
 Reference value :  2.04559e-06
 Reference value :  2.04602e-06
 Reference value :  2.04639e-06
 Reference value :  2.04659e-06
 Reference value :  2.04671e-06
 Reference value :  2.04683e-06
 Reference value :  2.04751e-06
 Reference value :  2.04779e-06
 Reference value :  2.04811e-06
 Reference value :  2.04831e-06
 Reference value :  2.04835e-06
 Reference value :  2.04843e-06
 Reference value :  2.04851e-06
 Reference value :  2.04859e-06
 Reference value :  2.04871e-06
 Reference value :  2.04883e-06
 Reference value :  2.04895e-06
 Reference value :  2.04919e-06
 Reference value :  2.04995e-06
 Reference value :  2.05019e-06
 Reference value :  2.05067e-06
 Reference value :  2.05083e-06
 Reference value :  2.05103e-06
 Reference value :  2.05131e-06
 Reference value :  2.05197e-06
 Reference value :  2.05215e-06
 Reference value :  2.05231e-06
 Reference value :  2.05255e-06
 Reference value :  2.05259e-06
 Reference value :  2.05267e-06
 Reference value :  2.05275e-06
 Reference value :  2.05283e-06
 Reference value :  2.05291e-06
 Reference value :  2.05295e-06
 Reference value :  2.05303e-06
 Reference value :  2.05311e-06
 Reference value :  2.05319e-06
 Reference value :  2.05327e-06
 Reference value :  2.05339e-06
 Reference value :  2.05400e-06
 Reference value :  2.05403e-06
 Reference value :  2.05415e-06
 Reference value :  2.05423e-06
 Reference value :  2.05435e-06
 Reference value :  2.05483e-06
 Reference value :  2.05495e-06
 Reference value :  2.05507e-06
 Reference value :  2.05519e-06
 Reference value :  2.05531e-06
 Reference value :  2.05543e-06
 Reference value :  2.05555e-06
 Reference value :  2.05567e-06
 Reference value :  2.05579e-06
 Reference value :  2.05591e-06
 Reference value :  2.05600e-06
 Reference value :  2.05602e-06
 Reference value :  2.05611e-06
 Reference value :  2.05619e-06
 Reference value :  2.05627e-06
 Reference value :  2.05635e-06
 Reference value :  2.05639e-06
 Reference value :  2.05643e-06
 Reference value :  2.05651e-06
 Reference value :  2.05663e-06
 Reference value :  2.05675e-06
 Reference value :  2.05687e-06
 Reference value :  2.05695e-06
 Reference value :  2.05707e-06
 Reference value :  2.05719e-06
 Reference value :  2.05731e-06
 Reference value :  2.05743e-06
 Reference value :  2.05755e-06
 Reference value :  2.05767e-06
 Reference value :  2.05779e-06
 Reference value :  2.05787e-06
 Reference value :  2.05797e-06
 Reference value :  2.05801e-06
 Reference value :  2.05802e-06
 Reference value :  2.05839e-06
 Reference value :  2.05911e-06
 Reference value :  2.05987e-06
 Reference value :  2.06011e-06
 Reference value :  2.06015e-06
 Reference value :  2.06023e-06
 Reference value :  2.06035e-06
 Reference value :  2.06043e-06
 Reference value :  2.06051e-06
 Reference value :  2.06055e-06
 Reference value :  2.06059e-06
 Reference value :  2.06067e-06
 Reference value :  2.06079e-06
 Reference value :  2.06139e-06
 Reference value :  2.06201e-06
 Reference value :  2.06231e-06
 Reference value :  2.06287e-06
 Reference value :  2.06323e-06
 Reference value :  2.06335e-06
 Reference value :  2.06400e-06
 Reference value :  2.06404e-06
 Reference value :  2.06411e-06
 Reference value :  2.06415e-06
 Reference value :  2.06423e-06
 Reference value :  2.06431e-06
 Reference value :  2.06435e-06
 Reference value :  2.06443e-06
 Reference value :  2.06447e-06
 Reference value :  2.06455e-06
 Reference value :  2.06495e-06
 Reference value :  2.06539e-06
 Reference value :  2.06575e-06
 Reference value :  2.06591e-06
 Reference value :  2.06600e-06
 Reference value :  2.06601e-06
 Reference value :  2.06602e-06
 Reference value :  2.06604e-06
 Reference value :  2.06611e-06
 Reference value :  2.06615e-06
 Reference value :  2.06619e-06
 Reference value :  2.06627e-06
 Reference value :  2.06635e-06
 Reference value :  2.06647e-06
 Reference value :  2.06679e-06
 Reference value :  2.06739e-06
 Reference value :  2.06801e-06
 Reference value :  2.06804e-06
 Reference value :  2.06807e-06
 Reference value :  2.06811e-06
 Reference value :  2.06815e-06
 Reference value :  2.06827e-06
 Reference value :  2.06835e-06
 Reference value :  2.06843e-06
 Reference value :  2.06851e-06
 Reference value :  2.06859e-06
 Reference value :  2.06875e-06
 Reference value :  2.06891e-06
 Reference value :  2.06907e-06
 Reference value :  2.06919e-06
 Reference value :  2.06931e-06
 Reference value :  2.06943e-06
 Reference value :  2.06955e-06
 Reference value :  2.06967e-06
 Reference value :  2.06979e-06
 Reference value :  2.06991e-06
 Reference value :  2.07000e-06
 Reference value :  2.07000e-06
 Reference value :  2.07002e-06
 Reference value :  2.07007e-06
 Reference value :  2.07019e-06
 Reference value :  2.07067e-06
 Reference value :  2.07139e-06
 Reference value :  2.07187e-06
 Reference value :  2.07197e-06
 Reference value :  2.07201e-06
 Reference value :  2.07207e-06
 Reference value :  2.07243e-06
 Reference value :  2.07291e-06
 Reference value :  2.07323e-06
 Reference value :  2.07391e-06
 Reference value :  2.07404e-06
 Reference value :  2.07423e-06
 Reference value :  2.07471e-06
 Reference value :  2.07519e-06
 Reference value :  2.07587e-06
 Reference value :  2.07615e-06
 Reference value :  2.07663e-06
 Reference value :  2.07675e-06
 Reference value :  2.07683e-06
 Reference value :  2.07751e-06
 Reference value :  2.07800e-06
 Reference value :  2.07811e-06
 Reference value :  2.07843e-06
 Reference value :  2.07899e-06
 Reference value :  2.07923e-06
 Reference value :  2.07967e-06
 Reference value :  2.08000e-06
 Reference value :  2.08031e-06
 Reference value :  2.08059e-06
 Reference value :  2.08067e-06
 Reference value :  2.08079e-06
 Reference value :  2.08087e-06
 Reference value :  2.08099e-06
 Reference value :  2.08107e-06
 Reference value :  2.08119e-06
 Reference value :  2.08131e-06
 Reference value :  2.08139e-06
 Reference value :  2.08151e-06
 Reference value :  2.08163e-06
 Reference value :  2.08175e-06
 Reference value :  2.08187e-06
 Reference value :  2.08195e-06
 Reference value :  2.08200e-06
 Reference value :  2.08201e-06
 Reference value :  2.08202e-06
 Reference value :  2.08204e-06
 Reference value :  2.08215e-06
 Reference value :  2.08235e-06
 Reference value :  2.08299e-06
 Reference value :  2.08323e-06
 Reference value :  2.08371e-06
 Reference value :  2.08402e-06
 Reference value :  2.08439e-06
 Reference value :  2.08451e-06
 Reference value :  2.08459e-06
 Reference value :  2.08467e-06
 Reference value :  2.08475e-06
 Reference value :  2.08483e-06
 Reference value :  2.08491e-06
 Reference value :  2.08499e-06
 Reference value :  2.08511e-06
 Reference value :  2.08519e-06
 Reference value :  2.08531e-06
 Reference value :  2.08547e-06
 Reference value :  2.08559e-06
 Reference value :  2.08571e-06
 Reference value :  2.08583e-06
 Reference value :  2.08595e-06
 Reference value :  2.08600e-06
 Reference value :  2.08601e-06
 Reference value :  2.08611e-06
 Reference value :  2.08619e-06
 Reference value :  2.08627e-06
 Reference value :  2.08639e-06
 Reference value :  2.08647e-06
 Reference value :  2.08659e-06
 Reference value :  2.08671e-06
 Reference value :  2.08679e-06
 Reference value :  2.08691e-06
 Reference value :  2.08703e-06
 Reference value :  2.08715e-06
 Reference value :  2.08727e-06
 Reference value :  2.08739e-06
 Reference value :  2.08751e-06
 Reference value :  2.08763e-06
 Reference value :  2.08775e-06
 Reference value :  2.08787e-06
 Reference value :  2.08797e-06
 Reference value :  2.08800e-06
 Reference value :  2.08801e-06
 Reference value :  2.08803e-06
 Reference value :  2.08807e-06
 Reference value :  2.08811e-06
 Reference value :  2.08823e-06
 Reference value :  2.08831e-06
 Reference value :  2.08835e-06
 Reference value :  2.08839e-06
 Reference value :  2.08843e-06
 Reference value :  2.08851e-06
 Reference value :  2.08859e-06
 Reference value :  2.08871e-06
 Reference value :  2.08879e-06
 Reference value :  2.08891e-06
 Reference value :  2.08903e-06
 Reference value :  2.08915e-06
 Reference value :  2.08927e-06
 Reference value :  2.08939e-06
 Reference value :  2.08951e-06
 Reference value :  2.08963e-06
 Reference value :  2.08975e-06
 Reference value :  2.08987e-06
 Reference value :  2.08997e-06
 Reference value :  2.09000e-06
 Reference value :  2.09001e-06
 Reference value :  2.09003e-06
 Reference value :  2.09007e-06
 Reference value :  2.09015e-06
 Reference value :  2.09019e-06
 Reference value :  2.09027e-06
 Reference value :  2.09039e-06
 Reference value :  2.09051e-06
 Reference value :  2.09063e-06
 Reference value :  2.09075e-06
 Reference value :  2.09087e-06
 Reference value :  2.09099e-06
 Reference value :  2.09111e-06
 Reference value :  2.09119e-06
 Reference value :  2.09131e-06
 Reference value :  2.09143e-06
 Reference value :  2.09155e-06
 Reference value :  2.09167e-06
 Reference value :  2.09179e-06
 Reference value :  2.09191e-06
 Reference value :  2.09200e-06
 Reference value :  2.09200e-06
 Reference value :  2.09201e-06
 Reference value :  2.09204e-06
 Reference value :  2.09211e-06
 Reference value :  2.09219e-06
 Reference value :  2.09231e-06
 Reference value :  2.09239e-06
 Reference value :  2.09247e-06
 Reference value :  2.09255e-06
 Reference value :  2.09259e-06
 Reference value :  2.09263e-06
 Reference value :  2.09271e-06
 Reference value :  2.09275e-06
 Reference value :  2.09283e-06
 Reference value :  2.09291e-06
 Reference value :  2.09303e-06
 Reference value :  2.09315e-06
 Reference value :  2.09327e-06
 Reference value :  2.09339e-06
 Reference value :  2.09351e-06
 Reference value :  2.09367e-06
 Reference value :  2.09407e-06
 Reference value :  2.09443e-06
 Reference value :  2.09519e-06
 Reference value :  2.09587e-06
 Reference value :  2.09615e-06
 Reference value :  2.09655e-06
 Reference value :  2.09687e-06
 Reference value :  2.09711e-06
 Reference value :  2.09731e-06
 Reference value :  2.09775e-06
 Reference value :  2.09801e-06
 Reference value :  2.09819e-06
 Reference value :  2.09831e-06
 Reference value :  2.09867e-06
 Reference value :  2.09903e-06
 Reference value :  2.09923e-06
 Reference value :  2.09947e-06
 Reference value :  2.09967e-06
 Reference value :  2.09979e-06
 Reference value :  2.09997e-06
 Reference value :  2.10011e-06
 Reference value :  2.10035e-06
 Reference value :  2.10043e-06
 Reference value :  2.10051e-06
 Reference value :  2.10063e-06
 Reference value :  2.10107e-06
 Reference value :  2.10147e-06
 Reference value :  2.10171e-06
 Reference value :  2.10202e-06
 Reference value :  2.10211e-06
 Reference value :  2.10219e-06
 Reference value :  2.10275e-06
 Reference value :  2.10315e-06
 Reference value :  2.10335e-06
 Reference value :  2.10400e-06
 Reference value :  2.10431e-06
 Reference value :  2.10439e-06
 Reference value :  2.10443e-06
 Reference value :  2.10455e-06
 Reference value :  2.10467e-06
 Reference value :  2.10483e-06
 Reference value :  2.10535e-06
 Reference value :  2.10555e-06
 Reference value :  2.10595e-06
 Reference value :  2.10600e-06
 Reference value :  2.10601e-06
 Reference value :  2.10607e-06
 Reference value :  2.10619e-06
 Reference value :  2.10671e-06
 Reference value :  2.10683e-06
 Reference value :  2.10703e-06
 Reference value :  2.10715e-06
 Reference value :  2.10775e-06
 Reference value :  2.10797e-06
 Reference value :  2.10823e-06
 Reference value :  2.10859e-06
 Reference value :  2.10875e-06
 Reference value :  2.10883e-06
 Reference value :  2.10899e-06
 Reference value :  2.10935e-06
 Reference value :  2.10979e-06
 Reference value :  2.11000e-06
 Reference value :  2.11002e-06
 Reference value :  2.11007e-06
 Reference value :  2.11015e-06
 Reference value :  2.11019e-06
 Reference value :  2.11035e-06
 Reference value :  2.11047e-06
 Reference value :  2.11055e-06
 Reference value :  2.11091e-06
 Reference value :  2.11143e-06
 Reference value :  2.11159e-06
 Reference value :  2.11175e-06
 Reference value :  2.11191e-06
 Reference value :  2.11200e-06
 Reference value :  2.11204e-06
 Reference value :  2.11215e-06
 Reference value :  2.11223e-06
 Reference value :  2.11231e-06
 Reference value :  2.11235e-06
 Reference value :  2.11243e-06
 Reference value :  2.11251e-06
 Reference value :  2.11259e-06
 Reference value :  2.11271e-06
 Reference value :  2.11279e-06
 Reference value :  2.11291e-06
 Reference value :  2.11303e-06
 Reference value :  2.11315e-06
 Reference value :  2.11327e-06
 Reference value :  2.11355e-06
 Reference value :  2.11391e-06
 Reference value :  2.11400e-06
 Reference value :  2.11401e-06
 Reference value :  2.11404e-06
 Reference value :  2.11411e-06
 Reference value :  2.11419e-06
 Reference value :  2.11427e-06
 Reference value :  2.11435e-06
 Reference value :  2.11447e-06
 Reference value :  2.11459e-06
 Reference value :  2.11471e-06
 Reference value :  2.11483e-06
 Reference value :  2.11499e-06
 Reference value :  2.11519e-06
 Reference value :  2.11531e-06
 Reference value :  2.11539e-06
 Reference value :  2.11551e-06
 Reference value :  2.11600e-06
 Reference value :  2.11619e-06
 Reference value :  2.11663e-06
 Reference value :  2.11683e-06
 Reference value :  2.11699e-06
 Reference value :  2.11719e-06
 Reference value :  2.11731e-06
 Reference value :  2.11739e-06
 Reference value :  2.11747e-06
 Reference value :  2.11759e-06
 Reference value :  2.11767e-06
 Reference value :  2.11779e-06
 Reference value :  2.11791e-06
 Reference value :  2.11800e-06
 Reference value :  2.11801e-06
 Reference value :  2.11802e-06
 Reference value :  2.11811e-06
 Reference value :  2.11875e-06
 Reference value :  2.11895e-06
 Reference value :  2.11967e-06
 Reference value :  2.11995e-06
 Reference value :  2.12011e-06
 Reference value :  2.12039e-06
 Reference value :  2.12075e-06
 Reference value :  2.12087e-06
 Reference value :  2.12095e-06
 Reference value :  2.12107e-06
 Reference value :  2.12123e-06
 Reference value :  2.12135e-06
 Reference value :  2.12143e-06
 Reference value :  2.12155e-06
 Reference value :  2.12167e-06
 Reference value :  2.12183e-06
 Reference value :  2.12197e-06
 Reference value :  2.12200e-06
 Reference value :  2.12203e-06
 Reference value :  2.12211e-06
 Reference value :  2.12219e-06
 Reference value :  2.12231e-06
 Reference value :  2.12251e-06
 Reference value :  2.12271e-06
 Reference value :  2.12295e-06
 Reference value :  2.12307e-06
 Reference value :  2.12319e-06
 Reference value :  2.12331e-06
 Reference value :  2.12343e-06
 Reference value :  2.12355e-06
 Reference value :  2.12367e-06
 Reference value :  2.12379e-06
 Reference value :  2.12391e-06
 Reference value :  2.12397e-06
 Reference value :  2.12403e-06
 Reference value :  2.12415e-06
 Reference value :  2.12427e-06
 Reference value :  2.12467e-06
 Reference value :  2.12527e-06
 Reference value :  2.12539e-06
 Reference value :  2.12555e-06
 Reference value :  2.12567e-06
 Reference value :  2.12575e-06
 Reference value :  2.12587e-06
 Reference value :  2.12597e-06
 Reference value :  2.12600e-06
 Reference value :  2.12601e-06
 Reference value :  2.12603e-06
 Reference value :  2.12607e-06
 Reference value :  2.12611e-06
 Reference value :  2.12619e-06
 Reference value :  2.12627e-06
 Reference value :  2.12639e-06
 Reference value :  2.12651e-06
 Reference value :  2.12659e-06
 Reference value :  2.12671e-06
 Reference value :  2.12683e-06
 Reference value :  2.12691e-06
 Reference value :  2.12711e-06
 Reference value :  2.12731e-06
 Reference value :  2.12739e-06
 Reference value :  2.12747e-06
 Reference value :  2.12759e-06
 Reference value :  2.12771e-06
 Reference value :  2.12783e-06
 Reference value :  2.12800e-06
 Reference value :  2.12823e-06
 Reference value :  2.12875e-06
 Reference value :  2.12939e-06
 Reference value :  2.12971e-06
 Reference value :  2.13001e-06
 Reference value :  2.13035e-06
 Reference value :  2.13059e-06
 Reference value :  2.13127e-06
 Reference value :  2.13200e-06
 Reference value :  2.13215e-06
 Reference value :  2.13243e-06
 Reference value :  2.13275e-06
 Reference value :  2.13331e-06
 Reference value :  2.13355e-06
 Reference value :  2.13367e-06
 Reference value :  2.13379e-06
 Reference value :  2.13391e-06
 Reference value :  2.13400e-06
 Reference value :  2.13400e-06
 Reference value :  2.13401e-06
 Reference value :  2.13404e-06
 Reference value :  2.13423e-06
 Reference value :  2.13491e-06
 Reference value :  2.13543e-06
 Reference value :  2.13591e-06
 Reference value :  2.13615e-06
 Reference value :  2.13647e-06
 Reference value :  2.13675e-06
 Reference value :  2.13683e-06
 Reference value :  2.13695e-06
 Reference value :  2.13715e-06
 Reference value :  2.13727e-06
 Reference value :  2.13739e-06
 Reference value :  2.13751e-06
 Reference value :  2.13763e-06
 Reference value :  2.13775e-06
 Reference value :  2.13787e-06
 Reference value :  2.13800e-06
 Reference value :  2.13803e-06
 Reference value :  2.13855e-06
 Reference value :  2.13927e-06
 Reference value :  2.13979e-06
 Reference value :  2.14003e-06
 Reference value :  2.14011e-06
 Reference value :  2.14019e-06
 Reference value :  2.14027e-06
 Reference value :  2.14035e-06
 Reference value :  2.14043e-06
 Reference value :  2.14051e-06
 Reference value :  2.14059e-06
 Reference value :  2.14067e-06
 Reference value :  2.14071e-06
 Reference value :  2.14075e-06
 Reference value :  2.14107e-06
 Reference value :  2.14155e-06
 Reference value :  2.14183e-06
 Reference value :  2.14202e-06
 Reference value :  2.14215e-06
 Reference value :  2.14219e-06
 Reference value :  2.14227e-06
 Reference value :  2.14239e-06
 Reference value :  2.14247e-06
 Reference value :  2.14255e-06
 Reference value :  2.14267e-06
 Reference value :  2.14279e-06
 Reference value :  2.14291e-06
 Reference value :  2.14303e-06
 Reference value :  2.14315e-06
 Reference value :  2.14331e-06
 Reference value :  2.14351e-06
 Reference value :  2.14367e-06
 Reference value :  2.14401e-06
 Reference value :  2.14402e-06
 Reference value :  2.14443e-06
 Reference value :  2.14519e-06
 Reference value :  2.14563e-06
 Reference value :  2.14575e-06
 Reference value :  2.14587e-06
 Reference value :  2.14597e-06
 Reference value :  2.14600e-06
 Reference value :  2.14601e-06
 Reference value :  2.14602e-06
 Reference value :  2.14604e-06
 Reference value :  2.14611e-06
 Reference value :  2.14623e-06
 Reference value :  2.14699e-06
 Reference value :  2.14771e-06
 Reference value :  2.14807e-06
 Reference value :  2.14819e-06
 Reference value :  2.14831e-06
 Reference value :  2.14835e-06
 Reference value :  2.14843e-06
 Reference value :  2.14851e-06
 Reference value :  2.14859e-06
 Reference value :  2.14867e-06
 Reference value :  2.14871e-06
 Reference value :  2.14875e-06
 Reference value :  2.14903e-06
 Reference value :  2.14931e-06
 Reference value :  2.14975e-06
 Reference value :  2.15011e-06
 Reference value :  2.15063e-06
 Reference value :  2.15143e-06
 Reference value :  2.15183e-06
 Reference value :  2.15195e-06
 Reference value :  2.15200e-06
 Reference value :  2.15201e-06
 Reference value :  2.15202e-06
 Reference value :  2.15204e-06
 Reference value :  2.15211e-06
 Reference value :  2.15219e-06
 Reference value :  2.15227e-06
 Reference value :  2.15239e-06
 Reference value :  2.15299e-06
 Reference value :  2.15375e-06
 Reference value :  2.15404e-06
 Reference value :  2.15451e-06
 Reference value :  2.15471e-06
 Reference value :  2.15483e-06
 Reference value :  2.15495e-06
 Reference value :  2.15507e-06
 Reference value :  2.15519e-06
 Reference value :  2.15531e-06
 Reference value :  2.15543e-06
 Reference value :  2.15555e-06
 Reference value :  2.15571e-06
 Reference value :  2.15600e-06
 Reference value :  2.15603e-06
 Reference value :  2.15619e-06
 Reference value :  2.15663e-06
 Reference value :  2.15707e-06
 Reference value :  2.15735e-06
 Reference value :  2.15763e-06
 Reference value :  2.15775e-06
 Reference value :  2.15800e-06
 Reference value :  2.15804e-06
 Reference value :  2.15827e-06
 Reference value :  2.15867e-06
 Reference value :  2.15899e-06
 Reference value :  2.15959e-06
 Reference value :  2.16002e-06
 Reference value :  2.16015e-06
 Reference value :  2.16031e-06
 Reference value :  2.16039e-06
 Reference value :  2.16063e-06
 Reference value :  2.16099e-06
 Reference value :  2.16135e-06
 Reference value :  2.16197e-06
 Reference value :  2.16219e-06
 Reference value :  2.16251e-06
 Reference value :  2.16311e-06
 Reference value :  2.16383e-06
 Reference value :  2.16407e-06
 Reference value :  2.16435e-06
 Reference value :  2.16475e-06
 Reference value :  2.16515e-06
 Reference value :  2.16543e-06
 Reference value :  2.16555e-06
 Reference value :  2.16567e-06
 Reference value :  2.16579e-06
 Reference value :  2.16591e-06
 Reference value :  2.16600e-06
 Reference value :  2.16601e-06
 Reference value :  2.16602e-06
 Reference value :  2.16607e-06
 Reference value :  2.16667e-06
 Reference value :  2.16719e-06
 Reference value :  2.16787e-06
 Reference value :  2.16802e-06
 Reference value :  2.16835e-06
 Reference value :  2.16871e-06
 Reference value :  2.16903e-06
 Reference value :  2.16975e-06
 Reference value :  2.16997e-06
 Reference value :  2.17002e-06
 Reference value :  2.17035e-06
 Reference value :  2.17071e-06
 Reference value :  2.17135e-06
 Reference value :  2.17200e-06
 Reference value :  2.17211e-06
 Reference value :  2.17239e-06
 Reference value :  2.17275e-06
 Reference value :  2.17315e-06
 Reference value :  2.17343e-06
 Reference value :  2.17400e-06
 Reference value :  2.17423e-06
 Reference value :  2.17459e-06
 Reference value :  2.17499e-06
 Reference value :  2.17551e-06
 Reference value :  2.17595e-06
 Reference value :  2.17602e-06
 Reference value :  2.17639e-06
 Reference value :  2.17679e-06
 Reference value :  2.17715e-06
 Reference value :  2.17791e-06
 Reference value :  2.17807e-06
 Reference value :  2.17835e-06
 Reference value :  2.17891e-06
 Reference value :  2.17903e-06
 Reference value :  2.17923e-06
 Reference value :  2.17955e-06
 Reference value :  2.18002e-06
 Reference value :  2.18031e-06
 Reference value :  2.18059e-06
 Reference value :  2.18083e-06
 Reference value :  2.18099e-06
 Reference value :  2.18167e-06
 Reference value :  2.18204e-06
 Reference value :  2.18263e-06
 Reference value :  2.18327e-06
 Reference value :  2.18391e-06
 Reference value :  2.18401e-06
 Reference value :  2.18403e-06
 Reference value :  2.18435e-06
 Reference value :  2.18487e-06
 Reference value :  2.18567e-06
 Reference value :  2.18607e-06
 Reference value :  2.18627e-06
 Reference value :  2.18667e-06
 Reference value :  2.18743e-06
 Reference value :  2.18795e-06
 Reference value :  2.18802e-06
 Reference value :  2.18807e-06
 Reference value :  2.18823e-06
 Reference value :  2.18839e-06
 Reference value :  2.18867e-06
 Reference value :  2.18927e-06
 Reference value :  2.18995e-06
 Reference value :  2.19007e-06
 Reference value :  2.19019e-06
 Reference value :  2.19035e-06
 Reference value :  2.19059e-06
 Reference value :  2.19103e-06
 Reference value :  2.19127e-06
 Reference value :  2.19143e-06
 Reference value :  2.19183e-06
 Reference value :  2.19201e-06
 Reference value :  2.19202e-06
 Reference value :  2.19207e-06
 Reference value :  2.19231e-06
 Reference value :  2.19235e-06
 Reference value :  2.19267e-06
 Reference value :  2.19331e-06
 Reference value :  2.19379e-06
 Reference value :  2.19400e-06
 Reference value :  2.19402e-06
 Reference value :  2.19407e-06
 Reference value :  2.19471e-06
 Reference value :  2.19547e-06
 Reference value :  2.19575e-06
 Reference value :  2.19591e-06
 Reference value :  2.19600e-06
 Reference value :  2.19604e-06
 Reference value :  2.19647e-06
 Reference value :  2.19691e-06
 Reference value :  2.19759e-06
 Reference value :  2.19787e-06
 Reference value :  2.19800e-06
 Reference value :  2.19811e-06
 Reference value :  2.19819e-06
 Reference value :  2.19891e-06
 Reference value :  2.19955e-06
 Reference value :  2.20002e-06
 Reference value :  2.20031e-06
 Reference value :  2.20035e-06
 Reference value :  2.20039e-06
 Reference value :  2.20043e-06
 Reference value :  2.20051e-06
 Reference value :  2.20059e-06
 Reference value :  2.20071e-06
 Reference value :  2.20091e-06
 Reference value :  2.20135e-06
 Reference value :  2.20187e-06
 Reference value :  2.20207e-06
 Reference value :  2.20255e-06
 Reference value :  2.20275e-06
 Reference value :  2.20303e-06
 Reference value :  2.20311e-06
 Reference value :  2.20323e-06
 Reference value :  2.20331e-06
 Reference value :  2.20343e-06
 Reference value :  2.20355e-06
 Reference value :  2.20363e-06
 Reference value :  2.20375e-06
 Reference value :  2.20387e-06
 Reference value :  2.20400e-06
 Reference value :  2.20407e-06
 Reference value :  2.20415e-06
 Reference value :  2.20447e-06
 Reference value :  2.20475e-06
 Reference value :  2.20491e-06
 Reference value :  2.20503e-06
 Reference value :  2.20515e-06
 Reference value :  2.20539e-06
 Reference value :  2.20600e-06
 Reference value :  2.20623e-06
 Reference value :  2.20679e-06
 Reference value :  2.20723e-06
 Reference value :  2.20767e-06
 Reference value :  2.20800e-06
 Reference value :  2.20831e-06
 Reference value :  2.20879e-06
 Reference value :  2.20955e-06
 Reference value :  2.21001e-06
 Reference value :  2.21019e-06
 Reference value :  2.21031e-06
 Reference value :  2.21051e-06
 Reference value :  2.21123e-06
 Reference value :  2.21191e-06
 Reference value :  2.21215e-06
 Reference value :  2.21255e-06
 Reference value :  2.21263e-06
 Reference value :  2.21275e-06
 Reference value :  2.21331e-06
 Reference value :  2.21397e-06
 Reference value :  2.21419e-06
 Reference value :  2.21487e-06
 Reference value :  2.21547e-06
 Reference value :  2.21559e-06
 Reference value :  2.21595e-06
 Reference value :  2.21619e-06
 Reference value :  2.21643e-06
 Reference value :  2.21707e-06
 Reference value :  2.21735e-06
 Reference value :  2.21755e-06
 Reference value :  2.21795e-06
 Reference value :  2.21815e-06
 Reference value :  2.21867e-06
 Reference value :  2.21939e-06
 Reference value :  2.21995e-06
 Reference value :  2.22001e-06
 Reference value :  2.22002e-06
 Reference value :  2.22004e-06
 Reference value :  2.22011e-06
 Reference value :  2.22015e-06
 Reference value :  2.22023e-06
 Reference value :  2.22031e-06
 Reference value :  2.22039e-06
 Reference value :  2.22047e-06
 Reference value :  2.22055e-06
 Reference value :  2.22059e-06
 Reference value :  2.22063e-06
 Reference value :  2.22091e-06
 Reference value :  2.22127e-06
 Reference value :  2.22155e-06
 Reference value :  2.22167e-06
 Reference value :  2.22179e-06
 Reference value :  2.22191e-06
 Reference value :  2.22197e-06
 Reference value :  2.22200e-06
 Reference value :  2.22201e-06
 Reference value :  2.22203e-06
 Reference value :  2.22211e-06
 Reference value :  2.22235e-06
 Reference value :  2.22291e-06
 Reference value :  2.22339e-06
 Reference value :  2.22375e-06
 Reference value :  2.22400e-06
 Reference value :  2.22401e-06
 Reference value :  2.22403e-06
 Reference value :  2.22411e-06
 Reference value :  2.22415e-06
 Reference value :  2.22423e-06
 Reference value :  2.22431e-06
 Reference value :  2.22439e-06
 Reference value :  2.22443e-06
 Reference value :  2.22451e-06
 Reference value :  2.22463e-06
 Reference value :  2.22471e-06
 Reference value :  2.22483e-06
 Reference value :  2.22495e-06
 Reference value :  2.22507e-06
 Reference value :  2.22519e-06
 Reference value :  2.22531e-06
 Reference value :  2.22543e-06
 Reference value :  2.22555e-06
 Reference value :  2.22575e-06
 Reference value :  2.22607e-06
 Reference value :  2.22627e-06
 Reference value :  2.22643e-06
 Reference value :  2.22651e-06
 Reference value :  2.22663e-06
 Reference value :  2.22675e-06
 Reference value :  2.22687e-06
 Reference value :  2.22695e-06
 Reference value :  2.22703e-06
 Reference value :  2.22715e-06
 Reference value :  2.22731e-06
 Reference value :  2.22779e-06
 Reference value :  2.22811e-06
 Reference value :  2.22859e-06
 Reference value :  2.22899e-06
 Reference value :  2.22915e-06
 Reference value :  2.22923e-06
 Reference value :  2.22935e-06
 Reference value :  2.22943e-06
 Reference value :  2.22955e-06
 Reference value :  2.22963e-06
 Reference value :  2.22971e-06
 Reference value :  2.22979e-06
 Reference value :  2.22991e-06
 Reference value :  2.23001e-06
 Reference value :  2.23027e-06
 Reference value :  2.23099e-06
 Reference value :  2.23171e-06
 Reference value :  2.23211e-06
 Reference value :  2.23227e-06
 Reference value :  2.23231e-06
 Reference value :  2.23239e-06
 Reference value :  2.23243e-06
 Reference value :  2.23251e-06
 Reference value :  2.23259e-06
 Reference value :  2.23295e-06
 Reference value :  2.23335e-06
 Reference value :  2.23400e-06
 Reference value :  2.23431e-06
 Reference value :  2.23491e-06
 Reference value :  2.23551e-06
 Reference value :  2.23559e-06
 Reference value :  2.23571e-06
 Reference value :  2.23579e-06
 Reference value :  2.23591e-06
 Reference value :  2.23597e-06
 Reference value :  2.23600e-06
 Reference value :  2.23601e-06
 Reference value :  2.23603e-06
 Reference value :  2.23611e-06
 Reference value :  2.23659e-06
 Reference value :  2.23695e-06
 Reference value :  2.23767e-06
 Reference value :  2.23801e-06
 Reference value :  2.23804e-06
 Reference value :  2.23815e-06
 Reference value :  2.23823e-06
 Reference value :  2.23855e-06
 Reference value :  2.23875e-06
 Reference value :  2.23891e-06
 Reference value :  2.23903e-06
 Reference value :  2.23959e-06
 Reference value :  2.24002e-06
 Reference value :  2.24039e-06
 Reference value :  2.24079e-06
 Reference value :  2.24111e-06
 Reference value :  2.24183e-06
 Reference value :  2.24207e-06
 Reference value :  2.24235e-06
 Reference value :  2.24287e-06
 Reference value :  2.24363e-06
 Reference value :  2.24400e-06
 Reference value :  2.24423e-06
 Reference value :  2.24455e-06
 Reference value :  2.24463e-06
 Reference value :  2.24475e-06
 Reference value :  2.24487e-06
 Reference value :  2.24519e-06
 Reference value :  2.24547e-06
 Reference value :  2.24579e-06
 Reference value :  2.24601e-06
 Reference value :  2.24623e-06
 Reference value :  2.24643e-06
 Reference value :  2.24687e-06
 Reference value :  2.24727e-06
 Reference value :  2.24755e-06
 Reference value :  2.24802e-06
 Reference value :  2.24835e-06
 Reference value :  2.24895e-06
 Reference value :  2.24939e-06
 Reference value :  2.25000e-06
 Reference value :  2.25015e-06
 Reference value :  2.25031e-06
 Reference value :  2.25107e-06
 Reference value :  2.25187e-06
 Reference value :  2.25215e-06
 Reference value :  2.25259e-06
 Reference value :  2.25283e-06
 Reference value :  2.25315e-06
 Reference value :  2.25391e-06
 Reference value :  2.25415e-06
 Reference value :  2.25459e-06
 Reference value :  2.25511e-06
 Reference value :  2.25575e-06
 Reference value :  2.25601e-06
 Reference value :  2.25604e-06
 Reference value :  2.25619e-06
 Reference value :  2.25663e-06
 Reference value :  2.25727e-06
 Reference value :  2.25795e-06
 Reference value :  2.25807e-06
 Reference value :  2.25831e-06
 Reference value :  2.25883e-06
 Reference value :  2.25955e-06
 Reference value :  2.25997e-06
 Reference value :  2.26002e-06
 Reference value :  2.26007e-06
 Reference value :  2.26011e-06
 Reference value :  2.26015e-06
 Reference value :  2.26035e-06
 Reference value :  2.26051e-06
 Reference value :  2.26059e-06
 Reference value :  2.26067e-06
 Reference value :  2.26075e-06
 Reference value :  2.26099e-06
 Reference value :  2.26123e-06
 Reference value :  2.26151e-06
 Reference value :  2.26175e-06
 Reference value :  2.26201e-06
 Reference value :  2.26243e-06
 Reference value :  2.26323e-06
 Reference value :  2.26387e-06
 Reference value :  2.26400e-06
 Reference value :  2.26407e-06
 Reference value :  2.26415e-06
 Reference value :  2.26439e-06
 Reference value :  2.26475e-06
 Reference value :  2.26523e-06
 Reference value :  2.26551e-06
 Reference value :  2.26563e-06
 Reference value :  2.26579e-06
 Reference value :  2.26597e-06
 Reference value :  2.26600e-06
 Reference value :  2.26611e-06
 Reference value :  2.26651e-06
 Reference value :  2.26683e-06
 Reference value :  2.26703e-06
 Reference value :  2.26727e-06
 Reference value :  2.26795e-06
 Reference value :  2.26819e-06
 Reference value :  2.26867e-06
 Reference value :  2.26911e-06
 Reference value :  2.26991e-06
 Reference value :  2.27002e-06
 Reference value :  2.27015e-06
 Reference value :  2.27059e-06
 Reference value :  2.27135e-06
 Reference value :  2.27200e-06
 Reference value :  2.27227e-06
 Reference value :  2.27247e-06
 Reference value :  2.27279e-06
 Reference value :  2.27347e-06
 Reference value :  2.27397e-06
 Reference value :  2.27407e-06
 Reference value :  2.27467e-06
 Reference value :  2.27539e-06
 Reference value :  2.27579e-06
 Reference value :  2.27601e-06
 Reference value :  2.27611e-06
 Reference value :  2.27635e-06
 Reference value :  2.27675e-06
 Reference value :  2.27687e-06
 Reference value :  2.27711e-06
 Reference value :  2.27743e-06
 Reference value :  2.27763e-06
 Reference value :  2.27804e-06
 Reference value :  2.27843e-06
 Reference value :  2.27891e-06
 Reference value :  2.27911e-06
 Reference value :  2.27959e-06
 Reference value :  2.28000e-06
 Reference value :  2.28011e-06
 Reference value :  2.28039e-06
 Reference value :  2.28063e-06
 Reference value :  2.28099e-06
 Reference value :  2.28119e-06
 Reference value :  2.28191e-06
 Reference value :  2.28202e-06
 Reference value :  2.28215e-06
 Reference value :  2.28223e-06
 Reference value :  2.28287e-06
 Reference value :  2.28355e-06
 Reference value :  2.28402e-06
 Reference value :  2.28419e-06
 Reference value :  2.28439e-06
 Reference value :  2.28471e-06
 Reference value :  2.28539e-06
 Reference value :  2.28601e-06
 Reference value :  2.28631e-06
 Reference value :  2.28703e-06
 Reference value :  2.28731e-06
 Reference value :  2.28743e-06
 Reference value :  2.28751e-06
 Reference value :  2.28759e-06
 Reference value :  2.28771e-06
 Reference value :  2.28779e-06
 Reference value :  2.28791e-06
 Reference value :  2.28800e-06
 Reference value :  2.28801e-06
 Reference value :  2.28803e-06
 Reference value :  2.28819e-06
 Reference value :  2.28831e-06
 Reference value :  2.28863e-06
 Reference value :  2.28895e-06
 Reference value :  2.28907e-06
 Reference value :  2.28919e-06
 Reference value :  2.28931e-06
 Reference value :  2.28943e-06
 Reference value :  2.28955e-06
 Reference value :  2.28967e-06
 Reference value :  2.28979e-06
 Reference value :  2.28991e-06
 Reference value :  2.28997e-06
 Reference value :  2.29000e-06
 Reference value :  2.29011e-06
 Reference value :  2.29047e-06
 Reference value :  2.29083e-06
 Reference value :  2.29099e-06
 Reference value :  2.29111e-06
 Reference value :  2.29123e-06
 Reference value :  2.29135e-06
 Reference value :  2.29147e-06
 Reference value :  2.29159e-06
 Reference value :  2.29171e-06
 Reference value :  2.29183e-06
 Reference value :  2.29195e-06
 Reference value :  2.29201e-06
 Reference value :  2.29202e-06
 Reference value :  2.29204e-06
 Reference value :  2.29207e-06
 Reference value :  2.29227e-06
 Reference value :  2.29271e-06
 Reference value :  2.29319e-06
 Reference value :  2.29339e-06
 Reference value :  2.29347e-06
 Reference value :  2.29359e-06
 Reference value :  2.29371e-06
 Reference value :  2.29383e-06
 Reference value :  2.29397e-06
 Reference value :  2.29400e-06
 Reference value :  2.29401e-06
 Reference value :  2.29404e-06
 Reference value :  2.29411e-06
 Reference value :  2.29467e-06
 Reference value :  2.29539e-06
 Reference value :  2.29600e-06
 Reference value :  2.29627e-06
 Reference value :  2.29647e-06
 Reference value :  2.29655e-06
 Reference value :  2.29667e-06
 Reference value :  2.29679e-06
 Reference value :  2.29691e-06
 Reference value :  2.29703e-06
 Reference value :  2.29715e-06
 Reference value :  2.29727e-06
 Reference value :  2.29751e-06
 Reference value :  2.29775e-06
 Reference value :  2.29800e-06
 Reference value :  2.29831e-06
 Reference value :  2.29911e-06
 Reference value :  2.29991e-06
 Reference value :  2.30001e-06
 Reference value :  2.30002e-06
 Reference value :  2.30004e-06
 Reference value :  2.30011e-06
 Reference value :  2.30015e-06
 Reference value :  2.30023e-06
 Reference value :  2.30035e-06
 Reference value :  2.30051e-06
 Reference value :  2.30075e-06
 Reference value :  2.30139e-06
 Reference value :  2.30197e-06
 Reference value :  2.30219e-06
 Reference value :  2.30267e-06
 Reference value :  2.30291e-06
 Reference value :  2.30307e-06
 Reference value :  2.30315e-06
 Reference value :  2.30327e-06
 Reference value :  2.30339e-06
 Reference value :  2.30351e-06
 Reference value :  2.30363e-06
 Reference value :  2.30375e-06
 Reference value :  2.30387e-06
 Reference value :  2.30397e-06
 Reference value :  2.30401e-06
 Reference value :  2.30407e-06
 Reference value :  2.30427e-06
 Reference value :  2.30439e-06
 Reference value :  2.30443e-06
 Reference value :  2.30451e-06
 Reference value :  2.30459e-06
 Reference value :  2.30471e-06
 Reference value :  2.30479e-06
 Reference value :  2.30491e-06
 Reference value :  2.30503e-06
 Reference value :  2.30515e-06
 Reference value :  2.30527e-06
 Reference value :  2.30555e-06
 Reference value :  2.30602e-06
 Reference value :  2.30647e-06
 Reference value :  2.30719e-06
 Reference value :  2.30787e-06
 Reference value :  2.30807e-06
 Reference value :  2.30811e-06
 Reference value :  2.30815e-06
 Reference value :  2.30823e-06
 Reference value :  2.30831e-06
 Reference value :  2.30839e-06
 Reference value :  2.30847e-06
 Reference value :  2.30855e-06
 Reference value :  2.30863e-06
 Reference value :  2.30875e-06
 Reference value :  2.30883e-06
 Reference value :  2.30923e-06
 Reference value :  2.30991e-06
 Reference value :  2.31002e-06
 Reference value :  2.31011e-06
 Reference value :  2.31019e-06
 Reference value :  2.31027e-06
 Reference value :  2.31035e-06
 Reference value :  2.31043e-06
 Reference value :  2.31055e-06
 Reference value :  2.31063e-06
 Reference value :  2.31071e-06
 Reference value :  2.31111e-06
 Reference value :  2.31139e-06
 Reference value :  2.31179e-06
 Reference value :  2.31211e-06
 Reference value :  2.31243e-06
 Reference value :  2.31299e-06
 Reference value :  2.31311e-06
 Reference value :  2.31323e-06
 Reference value :  2.31335e-06
 Reference value :  2.31395e-06
 Reference value :  2.31401e-06
 Reference value :  2.31403e-06
 Reference value :  2.31407e-06
 Reference value :  2.31415e-06
 Reference value :  2.31423e-06
 Reference value :  2.31451e-06
 Reference value :  2.31531e-06
 Reference value :  2.31595e-06
 Reference value :  2.31600e-06
 Reference value :  2.31623e-06
 Reference value :  2.31655e-06
 Reference value :  2.31659e-06
 Reference value :  2.31663e-06
 Reference value :  2.31667e-06
 Reference value :  2.31671e-06
 Reference value :  2.31675e-06
 Reference value :  2.31679e-06
 Reference value :  2.31687e-06
 Reference value :  2.31699e-06
 Reference value :  2.31723e-06
 Reference value :  2.31759e-06
 Reference value :  2.31795e-06
 Reference value :  2.31801e-06
 Reference value :  2.31843e-06
 Reference value :  2.31891e-06
 Reference value :  2.31899e-06
 Reference value :  2.31911e-06
 Reference value :  2.31923e-06
 Reference value :  2.31935e-06
 Reference value :  2.31947e-06
 Reference value :  2.31959e-06
 Reference value :  2.31971e-06
 Reference value :  2.31983e-06
 Reference value :  2.31997e-06
 Reference value :  2.32007e-06
 Reference value :  2.32031e-06
 Reference value :  2.32039e-06
 Reference value :  2.32043e-06
 Reference value :  2.32047e-06
 Reference value :  2.32055e-06
 Reference value :  2.32067e-06
 Reference value :  2.32079e-06
 Reference value :  2.32091e-06
 Reference value :  2.32099e-06
 Reference value :  2.32111e-06
 Reference value :  2.32123e-06
 Reference value :  2.32179e-06
 Reference value :  2.32207e-06
 Reference value :  2.32267e-06
 Reference value :  2.32307e-06
 Reference value :  2.32347e-06
 Reference value :  2.32371e-06
 Reference value :  2.32379e-06
 Reference value :  2.32391e-06
 Reference value :  2.32400e-06
 Reference value :  2.32400e-06
 Reference value :  2.32401e-06
 Reference value :  2.32403e-06
 Reference value :  2.32407e-06
 Reference value :  2.32415e-06
 Reference value :  2.32439e-06
 Reference value :  2.32475e-06
 Reference value :  2.32535e-06
 Reference value :  2.32600e-06
 Reference value :  2.32615e-06
 Reference value :  2.32619e-06
 Reference value :  2.32627e-06
 Reference value :  2.32639e-06
 Reference value :  2.32647e-06
 Reference value :  2.32655e-06
 Reference value :  2.32667e-06
 Reference value :  2.32675e-06
 Reference value :  2.32699e-06
 Reference value :  2.32723e-06
 Reference value :  2.32787e-06
 Reference value :  2.32807e-06
 Reference value :  2.32839e-06
 Reference value :  2.32907e-06
 Reference value :  2.32959e-06
 Reference value :  2.32971e-06
 Reference value :  2.32983e-06
 Reference value :  2.32995e-06
 Reference value :  2.33000e-06
 Reference value :  2.33001e-06
 Reference value :  2.33002e-06
 Reference value :  2.33004e-06
 Reference value :  2.33027e-06
 Reference value :  2.33071e-06
 Reference value :  2.33119e-06
 Reference value :  2.33187e-06
 Reference value :  2.33207e-06
 Reference value :  2.33255e-06
 Reference value :  2.33291e-06
 Reference value :  2.33367e-06
 Reference value :  2.33407e-06
 Reference value :  2.33459e-06
 Reference value :  2.33519e-06
 Reference value :  2.33559e-06
 Reference value :  2.33591e-06
 Reference value :  2.33601e-06
 Reference value :  2.33611e-06
 Reference value :  2.33619e-06
 Reference value :  2.33627e-06
 Reference value :  2.33631e-06
 Reference value :  2.33639e-06
 Reference value :  2.33643e-06
 Reference value :  2.33651e-06
 Reference value :  2.33663e-06
 Reference value :  2.33675e-06
 Reference value :  2.33687e-06
 Reference value :  2.33711e-06
 Reference value :  2.33751e-06
 Reference value :  2.33787e-06
 Reference value :  2.33801e-06
 Reference value :  2.33819e-06
 Reference value :  2.33843e-06
 Reference value :  2.33863e-06
 Reference value :  2.33883e-06
 Reference value :  2.33891e-06
 Reference value :  2.33899e-06
 Reference value :  2.33907e-06
 Reference value :  2.33915e-06
 Reference value :  2.33927e-06
 Reference value :  2.33939e-06
 Reference value :  2.33947e-06
 Reference value :  2.33959e-06
 Reference value :  2.33971e-06
 Reference value :  2.34003e-06
 Reference value :  2.34043e-06
 Reference value :  2.34079e-06
 Reference value :  2.34135e-06
 Reference value :  2.34159e-06
 Reference value :  2.34203e-06
 Reference value :  2.34255e-06
 Reference value :  2.34331e-06
 Reference value :  2.34367e-06
 Reference value :  2.34375e-06
 Reference value :  2.34383e-06
 Reference value :  2.34395e-06
 Reference value :  2.34400e-06
 Reference value :  2.34400e-06
 Reference value :  2.34401e-06
 Reference value :  2.34403e-06
 Reference value :  2.34411e-06
 Reference value :  2.34419e-06
 Reference value :  2.34443e-06
 Reference value :  2.34495e-06
 Reference value :  2.34555e-06
 Reference value :  2.34601e-06
 Reference value :  2.34619e-06
 Reference value :  2.34627e-06
 Reference value :  2.34635e-06
 Reference value :  2.34647e-06
 Reference value :  2.34659e-06
 Reference value :  2.34671e-06
 Reference value :  2.34683e-06
 Reference value :  2.34695e-06
 Reference value :  2.34707e-06
 Reference value :  2.34719e-06
 Reference value :  2.34731e-06
 Reference value :  2.34743e-06
 Reference value :  2.34755e-06
 Reference value :  2.34767e-06
 Reference value :  2.34779e-06
 Reference value :  2.34787e-06
 Reference value :  2.34797e-06
 Reference value :  2.34800e-06
 Reference value :  2.34802e-06
 Reference value :  2.34804e-06
 Reference value :  2.34807e-06
 Reference value :  2.34815e-06
 Reference value :  2.34823e-06
 Reference value :  2.34831e-06
 Reference value :  2.34839e-06
 Reference value :  2.34847e-06
 Reference value :  2.34855e-06
 Reference value :  2.34859e-06
 Reference value :  2.34867e-06
 Reference value :  2.34887e-06
 Reference value :  2.34927e-06
 Reference value :  2.35000e-06
 Reference value :  2.35019e-06
 Reference value :  2.35083e-06
 Reference value :  2.35147e-06
 Reference value :  2.35201e-06
 Reference value :  2.35231e-06
 Reference value :  2.35243e-06
 Reference value :  2.35307e-06
 Reference value :  2.35343e-06
 Reference value :  2.35351e-06
 Reference value :  2.35363e-06
 Reference value :  2.35371e-06
 Reference value :  2.35383e-06
 Reference value :  2.35395e-06
 Reference value :  2.35400e-06
 Reference value :  2.35401e-06
 Reference value :  2.35402e-06
 Reference value :  2.35407e-06
 Reference value :  2.35423e-06
 Reference value :  2.35455e-06
 Reference value :  2.35475e-06
 Reference value :  2.35511e-06
 Reference value :  2.35579e-06
 Reference value :  2.35611e-06
 Reference value :  2.35631e-06
 Reference value :  2.35659e-06
 Reference value :  2.35675e-06
 Reference value :  2.35715e-06
 Reference value :  2.35767e-06
 Reference value :  2.35797e-06
 Reference value :  2.35800e-06
 Reference value :  2.35801e-06
 Reference value :  2.35802e-06
 Reference value :  2.35807e-06
 Reference value :  2.35811e-06
 Reference value :  2.35819e-06
 Reference value :  2.35863e-06
 Reference value :  2.35903e-06
 Reference value :  2.35971e-06
 Reference value :  2.36011e-06
 Reference value :  2.36051e-06
 Reference value :  2.36127e-06
 Reference value :  2.36197e-06
 Reference value :  2.36223e-06
 Reference value :  2.36295e-06
 Reference value :  2.36363e-06
 Reference value :  2.36404e-06
 Reference value :  2.36439e-06
 Reference value :  2.36463e-06
 Reference value :  2.36467e-06
 Reference value :  2.36471e-06
 Reference value :  2.36475e-06
 Reference value :  2.36483e-06
 Reference value :  2.36487e-06
 Reference value :  2.36539e-06
 Reference value :  2.36579e-06
 Reference value :  2.36615e-06
 Reference value :  2.36675e-06
 Reference value :  2.36747e-06
 Reference value :  2.36802e-06
 Reference value :  2.36831e-06
 Reference value :  2.36879e-06
 Reference value :  2.36951e-06
 Reference value :  2.37001e-06
 Reference value :  2.37031e-06
 Reference value :  2.37043e-06
 Reference value :  2.37051e-06
 Reference value :  2.37063e-06
 Reference value :  2.37075e-06
 Reference value :  2.37083e-06
 Reference value :  2.37095e-06
 Reference value :  2.37107e-06
 Reference value :  2.37127e-06
 Reference value :  2.37163e-06
 Reference value :  2.37204e-06
 Reference value :  2.37247e-06
 Reference value :  2.37291e-06
 Reference value :  2.37343e-06
 Reference value :  2.37401e-06
 Reference value :  2.37435e-06
 Reference value :  2.37507e-06
 Reference value :  2.37571e-06
 Reference value :  2.37601e-06
 Reference value :  2.37603e-06
 Reference value :  2.37607e-06
 Reference value :  2.37611e-06
 Reference value :  2.37615e-06
 Reference value :  2.37623e-06
 Reference value :  2.37631e-06
 Reference value :  2.37655e-06
 Reference value :  2.37683e-06
 Reference value :  2.37699e-06
 Reference value :  2.37743e-06
 Reference value :  2.37787e-06
 Reference value :  2.37803e-06
 Reference value :  2.37831e-06
 Reference value :  2.37875e-06
 Reference value :  2.37931e-06
 Reference value :  2.37975e-06
 Reference value :  2.37987e-06
 Reference value :  2.37997e-06
 Reference value :  2.38000e-06
 Reference value :  2.38001e-06
 Reference value :  2.38003e-06
 Reference value :  2.38007e-06
 Reference value :  2.38011e-06
 Reference value :  2.38023e-06
 Reference value :  2.38059e-06
 Reference value :  2.38107e-06
 Reference value :  2.38155e-06
 Reference value :  2.38202e-06
 Reference value :  2.38223e-06
 Reference value :  2.38299e-06
 Reference value :  2.38375e-06
 Reference value :  2.38407e-06
 Reference value :  2.38447e-06
 Reference value :  2.38503e-06
 Reference value :  2.38515e-06
 Reference value :  2.38527e-06
 Reference value :  2.38539e-06
 Reference value :  2.38547e-06
 Reference value :  2.38559e-06
 Reference value :  2.38571e-06
 Reference value :  2.38579e-06
 Reference value :  2.38597e-06
 Reference value :  2.38604e-06
 Reference value :  2.38663e-06
 Reference value :  2.38739e-06
 Reference value :  2.38800e-06
 Reference value :  2.38831e-06
 Reference value :  2.38871e-06
 Reference value :  2.38935e-06
 Reference value :  2.39000e-06
 Reference value :  2.39027e-06
 Reference value :  2.39103e-06
 Reference value :  2.39131e-06
 Reference value :  2.39143e-06
 Reference value :  2.39151e-06
 Reference value :  2.39163e-06
 Reference value :  2.39175e-06
 Reference value :  2.39187e-06
 Reference value :  2.39197e-06
 Reference value :  2.39201e-06
 Reference value :  2.39207e-06
 Reference value :  2.39243e-06
 Reference value :  2.39315e-06
 Reference value :  2.39363e-06
 Reference value :  2.39400e-06
 Reference value :  2.39423e-06
 Reference value :  2.39499e-06
 Reference value :  2.39563e-06
 Reference value :  2.39604e-06
 Reference value :  2.39643e-06
 Reference value :  2.39679e-06
 Reference value :  2.39743e-06
 Reference value :  2.39801e-06
 Reference value :  2.39823e-06
 Reference value :  2.39839e-06
 Reference value :  2.39847e-06
 Reference value :  2.39859e-06
 Reference value :  2.39871e-06
 Reference value :  2.39883e-06
 Reference value :  2.39891e-06
 Reference value :  2.39903e-06
 Reference value :  2.39915e-06
 Reference value :  2.39943e-06
 Reference value :  2.40001e-06
 Reference value :  2.40031e-06
 Reference value :  2.40083e-06
 Reference value :  2.40139e-06
 Reference value :  2.40155e-06
 Reference value :  2.40187e-06
 Reference value :  2.40219e-06
 Reference value :  2.40275e-06
 Reference value :  2.40319e-06
 Reference value :  2.40351e-06
 Reference value :  2.40359e-06
 Reference value :  2.40371e-06
 Reference value :  2.40383e-06
 Reference value :  2.40395e-06
 Reference value :  2.40400e-06
 Reference value :  2.40401e-06
 Reference value :  2.40402e-06
 Reference value :  2.40404e-06
 Reference value :  2.40427e-06
 Reference value :  2.40459e-06
 Reference value :  2.40503e-06
 Reference value :  2.40543e-06
 Reference value :  2.40600e-06
 Reference value :  2.40611e-06
 Reference value :  2.40619e-06
 Reference value :  2.40627e-06
 Reference value :  2.40639e-06
 Reference value :  2.40651e-06
 Reference value :  2.40663e-06
 Reference value :  2.40675e-06
 Reference value :  2.40687e-06
 Reference value :  2.40699e-06
 Reference value :  2.40727e-06
 Reference value :  2.40787e-06
 Reference value :  2.40801e-06
 Reference value :  2.40807e-06
 Reference value :  2.40839e-06
 Reference value :  2.40907e-06
 Reference value :  2.40971e-06
 Reference value :  2.40979e-06
 Reference value :  2.40991e-06
 Reference value :  2.40997e-06
 Reference value :  2.41000e-06
 Reference value :  2.41001e-06
 Reference value :  2.41002e-06
 Reference value :  2.41004e-06
 Reference value :  2.41011e-06
 Reference value :  2.41019e-06
 Reference value :  2.41035e-06
 Reference value :  2.41051e-06
 Reference value :  2.41063e-06
 Reference value :  2.41075e-06
 Reference value :  2.41087e-06
 Reference value :  2.41107e-06
 Reference value :  2.41115e-06
 Reference value :  2.41127e-06
 Reference value :  2.41139e-06
 Reference value :  2.41151e-06
 Reference value :  2.41163e-06
 Reference value :  2.41175e-06
 Reference value :  2.41187e-06
 Reference value :  2.41200e-06
 Reference value :  2.41207e-06
 Reference value :  2.41251e-06
 Reference value :  2.41275e-06
 Reference value :  2.41291e-06
 Reference value :  2.41303e-06
 Reference value :  2.41315e-06
 Reference value :  2.41327e-06
 Reference value :  2.41339e-06
 Reference value :  2.41351e-06
 Reference value :  2.41363e-06
 Reference value :  2.41375e-06
 Reference value :  2.41387e-06
 Reference value :  2.41397e-06
 Reference value :  2.41400e-06
 Reference value :  2.41401e-06
 Reference value :  2.41402e-06
 Reference value :  2.41407e-06
 Reference value :  2.41411e-06
 Reference value :  2.41419e-06
 Reference value :  2.41427e-06
 Reference value :  2.41439e-06
 Reference value :  2.41447e-06
 Reference value :  2.41459e-06
 Reference value :  2.41471e-06
 Reference value :  2.41487e-06
 Reference value :  2.41503e-06
 Reference value :  2.41511e-06
 Reference value :  2.41523e-06
 Reference value :  2.41535e-06
 Reference value :  2.41547e-06
 Reference value :  2.41559e-06
 Reference value :  2.41571e-06
 Reference value :  2.41583e-06
 Reference value :  2.41595e-06
 Reference value :  2.41600e-06
 Reference value :  2.41601e-06
 Reference value :  2.41603e-06
 Reference value :  2.41607e-06
 Reference value :  2.41643e-06
 Reference value :  2.41715e-06
 Reference value :  2.41787e-06
 Reference value :  2.41819e-06
 Reference value :  2.41871e-06
 Reference value :  2.41879e-06
 Reference value :  2.41891e-06
 Reference value :  2.41903e-06
 Reference value :  2.41915e-06
 Reference value :  2.41927e-06
 Reference value :  2.41939e-06
 Reference value :  2.41951e-06
 Reference value :  2.41963e-06
 Reference value :  2.41995e-06
 Reference value :  2.42019e-06
 Reference value :  2.42059e-06
 Reference value :  2.42111e-06
 Reference value :  2.42183e-06
 Reference value :  2.42207e-06
 Reference value :  2.42211e-06
 Reference value :  2.42219e-06
 Reference value :  2.42227e-06
 Reference value :  2.42239e-06
 Reference value :  2.42247e-06
 Reference value :  2.42259e-06
 Reference value :  2.42271e-06
 Reference value :  2.42311e-06
 Reference value :  2.42379e-06
 Reference value :  2.42407e-06
 Reference value :  2.42443e-06
 Reference value :  2.42507e-06
 Reference value :  2.42579e-06
 Reference value :  2.42597e-06
 Reference value :  2.42600e-06
 Reference value :  2.42601e-06
 Reference value :  2.42603e-06
 Reference value :  2.42607e-06
 Reference value :  2.42615e-06
 Reference value :  2.42619e-06
 Reference value :  2.42627e-06
 Reference value :  2.42639e-06
 Reference value :  2.42711e-06
 Reference value :  2.42747e-06
 Reference value :  2.42801e-06
 Reference value :  2.42819e-06
 Reference value :  2.42823e-06
 Reference value :  2.42827e-06
 Reference value :  2.42835e-06
 Reference value :  2.42843e-06
 Reference value :  2.42851e-06
 Reference value :  2.42859e-06
 Reference value :  2.42875e-06
 Reference value :  2.42939e-06
 Reference value :  2.43000e-06
 Reference value :  2.43031e-06
 Reference value :  2.43103e-06
 Reference value :  2.43119e-06
 Reference value :  2.43131e-06
 Reference value :  2.43139e-06
 Reference value :  2.43147e-06
 Reference value :  2.43159e-06
 Reference value :  2.43167e-06
 Reference value :  2.43175e-06
 Reference value :  2.43187e-06
 Reference value :  2.43201e-06
 Reference value :  2.43227e-06
 Reference value :  2.43271e-06
 Reference value :  2.43351e-06
 Reference value :  2.43387e-06
 Reference value :  2.43395e-06
 Reference value :  2.43400e-06
 Reference value :  2.43401e-06
 Reference value :  2.43402e-06
 Reference value :  2.43404e-06
 Reference value :  2.43411e-06
 Reference value :  2.43419e-06
 Reference value :  2.43427e-06
 Reference value :  2.43487e-06
 Reference value :  2.43567e-06
 Reference value :  2.43604e-06
 Reference value :  2.43619e-06
 Reference value :  2.43647e-06
 Reference value :  2.43659e-06
 Reference value :  2.43667e-06
 Reference value :  2.43675e-06
 Reference value :  2.43679e-06
 Reference value :  2.43683e-06
 Reference value :  2.43687e-06
 Reference value :  2.43695e-06
 Reference value :  2.43711e-06
 Reference value :  2.43779e-06
 Reference value :  2.43801e-06
 Reference value :  2.43831e-06
 Reference value :  2.43911e-06
 Reference value :  2.43943e-06
 Reference value :  2.43955e-06
 Reference value :  2.43967e-06
 Reference value :  2.43975e-06
 Reference value :  2.43987e-06
 Reference value :  2.43995e-06
 Reference value :  2.44000e-06
 Reference value :  2.44001e-06
 Reference value :  2.44011e-06
 Reference value :  2.44027e-06
 Reference value :  2.44043e-06
 Reference value :  2.44091e-06
 Reference value :  2.44143e-06
 Reference value :  2.44183e-06
 Reference value :  2.44191e-06
 Reference value :  2.44200e-06
 Reference value :  2.44201e-06
 Reference value :  2.44201e-06
 Reference value :  2.44202e-06
 Reference value :  2.44204e-06
 Reference value :  2.44211e-06
 Reference value :  2.44215e-06
 Reference value :  2.44219e-06
 Reference value :  2.44255e-06
 Reference value :  2.44307e-06
 Reference value :  2.44359e-06
 Reference value :  2.44400e-06
 Reference value :  2.44415e-06
 Reference value :  2.44443e-06
 Reference value :  2.44451e-06
 Reference value :  2.44459e-06
 Reference value :  2.44463e-06
 Reference value :  2.44467e-06
 Reference value :  2.44471e-06
 Reference value :  2.44479e-06
 Reference value :  2.44487e-06
 Reference value :  2.44499e-06
 Reference value :  2.44511e-06
 Reference value :  2.44523e-06
 Reference value :  2.44535e-06
 Reference value :  2.44547e-06
 Reference value :  2.44559e-06
 Reference value :  2.44571e-06
 Reference value :  2.44583e-06
 Reference value :  2.44595e-06
 Reference value :  2.44600e-06
 Reference value :  2.44601e-06
 Reference value :  2.44602e-06
 Reference value :  2.44607e-06
 Reference value :  2.44611e-06
 Reference value :  2.44619e-06
 Reference value :  2.44631e-06
 Reference value :  2.44643e-06
 Reference value :  2.44655e-06
 Reference value :  2.44667e-06
 Reference value :  2.44679e-06
 Reference value :  2.44691e-06
 Reference value :  2.44703e-06
 Reference value :  2.44715e-06
 Reference value :  2.44727e-06
 Reference value :  2.44739e-06
 Reference value :  2.44751e-06
 Reference value :  2.44763e-06
 Reference value :  2.44775e-06
 Reference value :  2.44787e-06
 Reference value :  2.44797e-06
 Reference value :  2.44800e-06
 Reference value :  2.44801e-06
 Reference value :  2.44803e-06
 Reference value :  2.44807e-06
 Reference value :  2.44815e-06
 Reference value :  2.44823e-06
 Reference value :  2.44831e-06
 Reference value :  2.44839e-06
 Reference value :  2.44843e-06
 Reference value :  2.44851e-06
 Reference value :  2.44863e-06
 Reference value :  2.44875e-06
 Reference value :  2.44883e-06
 Reference value :  2.44895e-06
 Reference value :  2.44907e-06
 Reference value :  2.44919e-06
 Reference value :  2.44931e-06
 Reference value :  2.44939e-06
 Reference value :  2.44951e-06
 Reference value :  2.44963e-06
 Reference value :  2.44975e-06
 Reference value :  2.44987e-06
 Reference value :  2.44997e-06
 Reference value :  2.45000e-06
 Reference value :  2.45001e-06
 Reference value :  2.45003e-06
 Reference value :  2.45007e-06
 Reference value :  2.45015e-06
 Reference value :  2.45019e-06
 Reference value :  2.45027e-06
 Reference value :  2.45039e-06
 Reference value :  2.45051e-06
 Reference value :  2.45063e-06
 Reference value :  2.45075e-06
 Reference value :  2.45087e-06
 Reference value :  2.45099e-06
 Reference value :  2.45111e-06
 Reference value :  2.45123e-06
 Reference value :  2.45135e-06
 Reference value :  2.45147e-06
 Reference value :  2.45159e-06
 Reference value :  2.45171e-06
 Reference value :  2.45183e-06
 Reference value :  2.45195e-06
 Reference value :  2.45200e-06
 Reference value :  2.45201e-06
 Reference value :  2.45202e-06
 Reference value :  2.45204e-06
 Reference value :  2.45211e-06
 Reference value :  2.45215e-06
 Reference value :  2.45223e-06
 Reference value :  2.45231e-06
 Reference value :  2.45235e-06
 Reference value :  2.45243e-06
 Reference value :  2.45251e-06
 Reference value :  2.45259e-06
 Reference value :  2.45267e-06
 Reference value :  2.45275e-06
 Reference value :  2.45283e-06
 Reference value :  2.45291e-06
 Reference value :  2.45299e-06
 Reference value :  2.45307e-06
 Reference value :  2.45315e-06
 Reference value :  2.45327e-06
 Reference value :  2.45339e-06
 Reference value :  2.45351e-06
 Reference value :  2.45363e-06
 Reference value :  2.45375e-06
 Reference value :  2.45387e-06
 Reference value :  2.45397e-06
 Reference value :  2.45400e-06
 Reference value :  2.45401e-06
 Reference value :  2.45402e-06
 Reference value :  2.45404e-06
 Reference value :  2.45411e-06
 Reference value :  2.45427e-06
 Reference value :  2.45499e-06
 Reference value :  2.45511e-06
 Reference value :  2.45531e-06
 Reference value :  2.45571e-06
 Reference value :  2.45611e-06
 Reference value :  2.45643e-06
 Reference value :  2.45699e-06
 Reference value :  2.45739e-06
 Reference value :  2.45800e-06
 Reference value :  2.45831e-06
 Reference value :  2.45899e-06
 Reference value :  2.45979e-06
 Reference value :  2.46011e-06
 Reference value :  2.46047e-06
 Reference value :  2.46071e-06
 Reference value :  2.46099e-06
 Reference value :  2.46175e-06
 Reference value :  2.46207e-06
 Reference value :  2.46267e-06
 Reference value :  2.46335e-06
 Reference value :  2.46400e-06
 Reference value :  2.46411e-06
 Reference value :  2.46431e-06
 Reference value :  2.46483e-06
 Reference value :  2.46523e-06
 Reference value :  2.46563e-06
 Reference value :  2.46600e-06
 Reference value :  2.46604e-06
 Reference value :  2.46619e-06
 Reference value :  2.46647e-06
 Reference value :  2.46683e-06
 Reference value :  2.46719e-06
 Reference value :  2.46747e-06
 Reference value :  2.46783e-06
 Reference value :  2.46811e-06
 Reference value :  2.46859e-06
 Reference value :  2.46911e-06
 Reference value :  2.46947e-06
 Reference value :  2.47001e-06
 Reference value :  2.47039e-06
 Reference value :  2.47115e-06
 Reference value :  2.47191e-06
 Reference value :  2.47219e-06
 Reference value :  2.47255e-06
 Reference value :  2.47287e-06
 Reference value :  2.47315e-06
 Reference value :  2.47395e-06
 Reference value :  2.47419e-06
 Reference value :  2.47471e-06
 Reference value :  2.47519e-06
 Reference value :  2.47547e-06
 Reference value :  2.47559e-06
 Reference value :  2.47595e-06
 Reference value :  2.47615e-06
 Reference value :  2.47659e-06
 Reference value :  2.47699e-06
 Reference value :  2.47775e-06
 Reference value :  2.47807e-06
 Reference value :  2.47839e-06
 Reference value :  2.47879e-06
 Reference value :  2.47939e-06
 Reference value :  2.48000e-06
 Reference value :  2.48023e-06
 Reference value :  2.48055e-06
 Reference value :  2.48119e-06
 Reference value :  2.48159e-06
 Reference value :  2.48195e-06
 Reference value :  2.48219e-06
 Reference value :  2.48231e-06
 Reference value :  2.48307e-06
 Reference value :  2.48379e-06
 Reference value :  2.48402e-06
 Reference value :  2.48423e-06
 Reference value :  2.48463e-06
 Reference value :  2.48511e-06
 Reference value :  2.48579e-06
 Reference value :  2.48611e-06
 Reference value :  2.48627e-06
 Reference value :  2.48663e-06
 Reference value :  2.48723e-06
 Reference value :  2.48800e-06
 Reference value :  2.48823e-06
 Reference value :  2.48863e-06
 Reference value :  2.48943e-06
 Reference value :  2.49000e-06
 Reference value :  2.49035e-06
 Reference value :  2.49095e-06
 Reference value :  2.49151e-06
 Reference value :  2.49187e-06
 Reference value :  2.49215e-06
 Reference value :  2.49251e-06
 Reference value :  2.49259e-06
 Reference value :  2.49275e-06
 Reference value :  2.49299e-06
 Reference value :  2.49335e-06
 Reference value :  2.49359e-06
 Reference value :  2.49400e-06
 Reference value :  2.49403e-06
 Reference value :  2.49411e-06
 Reference value :  2.49439e-06
 Reference value :  2.49463e-06
 Reference value :  2.49527e-06
 Reference value :  2.49575e-06
 Reference value :  2.49601e-06
 Reference value :  2.49631e-06
 Reference value :  2.49679e-06
 Reference value :  2.49715e-06
 Reference value :  2.49751e-06
 Reference value :  2.49801e-06
 Reference value :  2.49804e-06
 Reference value :  2.49847e-06
 Reference value :  2.49919e-06
 Reference value :  2.49971e-06
 Reference value :  2.49997e-06
 Reference value :  2.50015e-06
 Reference value :  2.50059e-06
 Reference value :  2.50095e-06
 Reference value :  2.50127e-06
 Reference value :  2.50167e-06
 Reference value :  2.50197e-06
 Reference value :  2.50219e-06
 Reference value :  2.50287e-06
 Reference value :  2.50363e-06
 Reference value :  2.50403e-06
 Reference value :  2.50435e-06
 Reference value :  2.50447e-06
 Reference value :  2.50463e-06
 Reference value :  2.50499e-06
 Reference value :  2.50527e-06
 Reference value :  2.50555e-06
 Reference value :  2.50595e-06
 Reference value :  2.50603e-06
 Reference value :  2.50619e-06
 Reference value :  2.50647e-06
 Reference value :  2.50667e-06
 Reference value :  2.50695e-06
 Reference value :  2.50747e-06
 Reference value :  2.50775e-06
 Reference value :  2.50802e-06
 Reference value :  2.50815e-06
 Reference value :  2.50835e-06
 Reference value :  2.50871e-06
 Reference value :  2.50907e-06
 Reference value :  2.50927e-06
 Reference value :  2.50979e-06
 Reference value :  2.51007e-06
 Reference value :  2.51059e-06
 Reference value :  2.51135e-06
 Reference value :  2.51200e-06
 Reference value :  2.51202e-06
 Reference value :  2.51239e-06
 Reference value :  2.51295e-06
 Reference value :  2.51375e-06
 Reference value :  2.51407e-06
 Reference value :  2.51467e-06
 Reference value :  2.51539e-06
 Reference value :  2.51601e-06
 Reference value :  2.51631e-06
 Reference value :  2.51675e-06
 Reference value :  2.51743e-06
 Reference value :  2.51801e-06
 Reference value :  2.51839e-06
 Reference value :  2.51907e-06
 Reference value :  2.51983e-06
 Reference value :  2.52011e-06
 Reference value :  2.52043e-06
 Reference value :  2.52111e-06
 Reference value :  2.52163e-06
 Reference value :  2.52203e-06
 Reference value :  2.52219e-06
 Reference value :  2.52243e-06
 Reference value :  2.52287e-06
 Reference value :  2.52335e-06
 Reference value :  2.52375e-06
 Reference value :  2.52400e-06
 Reference value :  2.52411e-06
 Reference value :  2.52435e-06
 Reference value :  2.52467e-06
 Reference value :  2.52487e-06
 Reference value :  2.52563e-06
 Reference value :  2.52604e-06
 Reference value :  2.52655e-06
 Reference value :  2.52731e-06
 Reference value :  2.52797e-06
 Reference value :  2.52819e-06
 Reference value :  2.52859e-06
 Reference value :  2.52899e-06
 Reference value :  2.52919e-06
 Reference value :  2.52979e-06
 Reference value :  2.53015e-06
 Reference value :  2.53019e-06
 Reference value :  2.53027e-06
 Reference value :  2.53055e-06
 Reference value :  2.53067e-06
 Reference value :  2.53087e-06
 Reference value :  2.53131e-06
 Reference value :  2.53159e-06
 Reference value :  2.53201e-06
 Reference value :  2.53227e-06
 Reference value :  2.53275e-06
 Reference value :  2.53323e-06
 Reference value :  2.53359e-06
 Reference value :  2.53400e-06
 Reference value :  2.53423e-06
 Reference value :  2.53499e-06
 Reference value :  2.53575e-06
 Reference value :  2.53607e-06
 Reference value :  2.53643e-06
 Reference value :  2.53719e-06
 Reference value :  2.53791e-06
 Reference value :  2.53819e-06
 Reference value :  2.53895e-06
 Reference value :  2.53967e-06
 Reference value :  2.54007e-06
 Reference value :  2.54047e-06
 Reference value :  2.54083e-06
 Reference value :  2.54155e-06
 Reference value :  2.54203e-06
 Reference value :  2.54255e-06
 Reference value :  2.54311e-06
 Reference value :  2.54367e-06
 Reference value :  2.54407e-06
 Reference value :  2.54447e-06
 Reference value :  2.54515e-06
 Reference value :  2.54595e-06
 Reference value :  2.54619e-06
 Reference value :  2.54691e-06
 Reference value :  2.54763e-06
 Reference value :  2.54802e-06
 Reference value :  2.54843e-06
 Reference value :  2.54875e-06
 Reference value :  2.54899e-06
 Reference value :  2.54943e-06
 Reference value :  2.54997e-06
 Reference value :  2.55007e-06
 Reference value :  2.55043e-06
 Reference value :  2.55095e-06
 Reference value :  2.55147e-06
 Reference value :  2.55195e-06
 Reference value :  2.55207e-06
 Reference value :  2.55223e-06
 Reference value :  2.55243e-06
 Reference value :  2.55279e-06
 Reference value :  2.55319e-06
 Reference value :  2.55359e-06
 Reference value :  2.55400e-06
 Reference value :  2.55415e-06
 Reference value :  2.55435e-06
 Reference value :  2.55471e-06
 Reference value :  2.55551e-06
 Reference value :  2.55601e-06
 Reference value :  2.55635e-06
 Reference value :  2.55671e-06
 Reference value :  2.55719e-06
 Reference value :  2.55747e-06
 Reference value :  2.55801e-06
 Reference value :  2.55847e-06
 Reference value :  2.55919e-06
 Reference value :  2.55987e-06
 Reference value :  2.56001e-06
 Reference value :  2.56015e-06
 Reference value :  2.56043e-06
 Reference value :  2.56087e-06
 Reference value :  2.56135e-06
 Reference value :  2.56175e-06
 Reference value :  2.56202e-06
 Reference value :  2.56215e-06
 Reference value :  2.56243e-06
 Reference value :  2.56303e-06
 Reference value :  2.56371e-06
 Reference value :  2.56407e-06
 Reference value :  2.56455e-06
 Reference value :  2.56471e-06
 Reference value :  2.56491e-06
 Reference value :  2.56511e-06
 Reference value :  2.56527e-06
 Reference value :  2.56547e-06
 Reference value :  2.56591e-06
 Reference value :  2.56607e-06
 Reference value :  2.56619e-06
 Reference value :  2.56659e-06
 Reference value :  2.56679e-06
 Reference value :  2.56743e-06
 Reference value :  2.56779e-06
 Reference value :  2.56801e-06
 Reference value :  2.56815e-06
 Reference value :  2.56831e-06
 Reference value :  2.56863e-06
 Reference value :  2.56907e-06
 Reference value :  2.56955e-06
 Reference value :  2.56963e-06
 Reference value :  2.56991e-06
 Reference value :  2.57002e-06
 Reference value :  2.57019e-06
 Reference value :  2.57027e-06
 Reference value :  2.57047e-06
 Reference value :  2.57059e-06
 Reference value :  2.57071e-06
 Reference value :  2.57083e-06
 Reference value :  2.57095e-06
 Reference value :  2.57107e-06
 Reference value :  2.57119e-06
 Reference value :  2.57131e-06
 Reference value :  2.57143e-06
 Reference value :  2.57163e-06
 Reference value :  2.57183e-06
 Reference value :  2.57195e-06
 Reference value :  2.57201e-06
 Reference value :  2.57204e-06
 Reference value :  2.57211e-06
 Reference value :  2.57215e-06
 Reference value :  2.57227e-06
 Reference value :  2.57235e-06
 Reference value :  2.57243e-06
 Reference value :  2.57247e-06
 Reference value :  2.57255e-06
 Reference value :  2.57259e-06
 Reference value :  2.57263e-06
 Reference value :  2.57267e-06
 Reference value :  2.57271e-06
 Reference value :  2.57275e-06
 Reference value :  2.57279e-06
 Reference value :  2.57287e-06
 Reference value :  2.57295e-06
 Reference value :  2.57299e-06
 Reference value :  2.57307e-06
 Reference value :  2.57319e-06
 Reference value :  2.57327e-06
 Reference value :  2.57339e-06
 Reference value :  2.57347e-06
 Reference value :  2.57355e-06
 Reference value :  2.57371e-06
 Reference value :  2.57383e-06
 Reference value :  2.57395e-06
 Reference value :  2.57400e-06
 Reference value :  2.57400e-06
 Reference value :  2.57401e-06
 Reference value :  2.57402e-06
 Reference value :  2.57404e-06
 Reference value :  2.57411e-06
 Reference value :  2.57419e-06
 Reference value :  2.57427e-06
 Reference value :  2.57439e-06
 Reference value :  2.57447e-06
 Reference value :  2.57459e-06
 Reference value :  2.57471e-06
 Reference value :  2.57479e-06
 Reference value :  2.57491e-06
 Reference value :  2.57499e-06
 Reference value :  2.57511e-06
 Reference value :  2.57523e-06
 Reference value :  2.57535e-06
 Reference value :  2.57543e-06
 Reference value :  2.57555e-06
 Reference value :  2.57567e-06
 Reference value :  2.57575e-06
 Reference value :  2.57587e-06
 Reference value :  2.57595e-06
 Reference value :  2.57600e-06
 Reference value :  2.57601e-06
 Reference value :  2.57602e-06
 Reference value :  2.57604e-06
 Reference value :  2.57607e-06
 Reference value :  2.57611e-06
 Reference value :  2.57615e-06
 Reference value :  2.57623e-06
 Reference value :  2.57631e-06
 Reference value :  2.57639e-06
 Reference value :  2.57643e-06
 Reference value :  2.57647e-06
 Reference value :  2.57655e-06
 Reference value :  2.57667e-06
 Reference value :  2.57679e-06
 Reference value :  2.57687e-06
 Reference value :  2.57695e-06
 Reference value :  2.57707e-06
 Reference value :  2.57719e-06
 Reference value :  2.57751e-06
 Reference value :  2.57775e-06
 Reference value :  2.57787e-06
 Reference value :  2.57800e-06
 Reference value :  2.57802e-06
 Reference value :  2.57804e-06
 Reference value :  2.57811e-06
 Reference value :  2.57827e-06
 Reference value :  2.57843e-06
 Reference value :  2.57859e-06
 Reference value :  2.57875e-06
 Reference value :  2.57903e-06
 Reference value :  2.57927e-06
 Reference value :  2.57951e-06
 Reference value :  2.57967e-06
 Reference value :  2.57975e-06
 Reference value :  2.57987e-06
 Reference value :  2.57997e-06
 Reference value :  2.58001e-06
 Reference value :  2.58002e-06
 Reference value :  2.58004e-06
 Reference value :  2.58011e-06
 Reference value :  2.58019e-06
 Reference value :  2.58027e-06
 Reference value :  2.58035e-06
 Reference value :  2.58043e-06
 Reference value :  2.58047e-06
 Reference value :  2.58051e-06
 Reference value :  2.58059e-06
 Reference value :  2.58067e-06
 Reference value :  2.58075e-06
 Reference value :  2.58127e-06
 Reference value :  2.58159e-06
 Reference value :  2.58187e-06
 Reference value :  2.58211e-06
 Reference value :  2.58239e-06
 Reference value :  2.58255e-06
 Reference value :  2.58303e-06
 Reference value :  2.58355e-06
 Reference value :  2.58402e-06
 Reference value :  2.58419e-06
 Reference value :  2.58451e-06
 Reference value :  2.58527e-06
 Reference value :  2.58600e-06
 Reference value :  2.58627e-06
 Reference value :  2.58699e-06
 Reference value :  2.58775e-06
 Reference value :  2.58802e-06
 Reference value :  2.58815e-06
 Reference value :  2.58847e-06
 Reference value :  2.58887e-06
 Reference value :  2.58959e-06
 Reference value :  2.59004e-06
 Reference value :  2.59055e-06
 Reference value :  2.59099e-06
 Reference value :  2.59131e-06
 Reference value :  2.59191e-06
 Reference value :  2.59211e-06
 Reference value :  2.59247e-06
 Reference value :  2.59303e-06
 Reference value :  2.59315e-06
 Reference value :  2.59379e-06
 Reference value :  2.59411e-06
 Reference value :  2.59475e-06
 Reference value :  2.59551e-06
 Reference value :  2.59602e-06
 Reference value :  2.59619e-06
 Reference value :  2.59643e-06
 Reference value :  2.59687e-06
 Reference value :  2.59755e-06
 Reference value :  2.59803e-06
 Reference value :  2.59855e-06
 Reference value :  2.59935e-06
 Reference value :  2.59987e-06
 Reference value :  2.60011e-06
 Reference value :  2.60047e-06
 Reference value :  2.60111e-06
 Reference value :  2.60191e-06
 Reference value :  2.60215e-06
 Reference value :  2.60247e-06
 Reference value :  2.60275e-06
 Reference value :  2.60351e-06
 Reference value :  2.60401e-06
 Reference value :  2.60435e-06
 Reference value :  2.60471e-06
 Reference value :  2.60535e-06
 Reference value :  2.60600e-06
 Reference value :  2.60619e-06
 Reference value :  2.60647e-06
 Reference value :  2.60723e-06
 Reference value :  2.60795e-06
 Reference value :  2.60823e-06
 Reference value :  2.60875e-06
 Reference value :  2.60955e-06
 Reference value :  2.61001e-06
 Reference value :  2.61035e-06
 Reference value :  2.61055e-06
 Reference value :  2.61131e-06
 Reference value :  2.61155e-06
 Reference value :  2.61179e-06
 Reference value :  2.61201e-06
 Reference value :  2.61207e-06
 Reference value :  2.61215e-06
 Reference value :  2.61251e-06
 Reference value :  2.61291e-06
 Reference value :  2.61351e-06
 Reference value :  2.61383e-06
 Reference value :  2.61395e-06
 Reference value :  2.61400e-06
 Reference value :  2.61401e-06
 Reference value :  2.61403e-06
 Reference value :  2.61407e-06
 Reference value :  2.61415e-06
 Reference value :  2.61419e-06
 Reference value :  2.61439e-06
 Reference value :  2.61483e-06
 Reference value :  2.61499e-06
 Reference value :  2.61523e-06
 Reference value :  2.61597e-06
 Reference value :  2.61623e-06
 Reference value :  2.61667e-06
 Reference value :  2.61739e-06
 Reference value :  2.61797e-06
 Reference value :  2.61802e-06
 Reference value :  2.61851e-06
 Reference value :  2.61931e-06
 Reference value :  2.61995e-06
 Reference value :  2.62023e-06
 Reference value :  2.62055e-06
 Reference value :  2.62075e-06
 Reference value :  2.62099e-06
 Reference value :  2.62171e-06
 Reference value :  2.62207e-06
 Reference value :  2.62255e-06
 Reference value :  2.62335e-06
 Reference value :  2.62391e-06
 Reference value :  2.62402e-06
 Reference value :  2.62411e-06
 Reference value :  2.62439e-06
 Reference value :  2.62491e-06
 Reference value :  2.62563e-06
 Reference value :  2.62603e-06
 Reference value :  2.62651e-06
 Reference value :  2.62723e-06
 Reference value :  2.62783e-06
 Reference value :  2.62802e-06
 Reference value :  2.62815e-06
 Reference value :  2.62863e-06
 Reference value :  2.62895e-06
 Reference value :  2.62931e-06
 Reference value :  2.62979e-06
 Reference value :  2.62991e-06
 Reference value :  2.63000e-06
 Reference value :  2.63011e-06
 Reference value :  2.63019e-06
 Reference value :  2.63043e-06
 Reference value :  2.63063e-06
 Reference value :  2.63115e-06
 Reference value :  2.63163e-06
 Reference value :  2.63183e-06
 Reference value :  2.63201e-06
 Reference value :  2.63211e-06
 Reference value :  2.63215e-06
 Reference value :  2.63223e-06
 Reference value :  2.63231e-06
 Reference value :  2.63263e-06
 Reference value :  2.63319e-06
 Reference value :  2.63371e-06
 Reference value :  2.63404e-06
 Reference value :  2.63447e-06
 Reference value :  2.63503e-06
 Reference value :  2.63571e-06
 Reference value :  2.63611e-06
 Reference value :  2.63659e-06
 Reference value :  2.63703e-06
 Reference value :  2.63739e-06
 Reference value :  2.63797e-06
 Reference value :  2.63823e-06
 Reference value :  2.63895e-06
 Reference value :  2.63971e-06
 Reference value :  2.64007e-06
 Reference value :  2.64047e-06
 Reference value :  2.64119e-06
 Reference value :  2.64191e-06
 Reference value :  2.64215e-06
 Reference value :  2.64247e-06
 Reference value :  2.64299e-06
 Reference value :  2.64371e-06
 Reference value :  2.64407e-06
 Reference value :  2.64447e-06
 Reference value :  2.64475e-06
 Reference value :  2.64511e-06
 Reference value :  2.64575e-06
 Reference value :  2.64604e-06
 Reference value :  2.64643e-06
 Reference value :  2.64671e-06
 Reference value :  2.64715e-06
 Reference value :  2.64787e-06
 Reference value :  2.64815e-06
 Reference value :  2.64859e-06
 Reference value :  2.64919e-06
 Reference value :  2.64963e-06
 Reference value :  2.64997e-06
 Reference value :  2.65027e-06
 Reference value :  2.65103e-06
 Reference value :  2.65131e-06
 Reference value :  2.65151e-06
 Reference value :  2.65171e-06
 Reference value :  2.65201e-06
 Reference value :  2.65219e-06
 Reference value :  2.65239e-06
 Reference value :  2.65267e-06
 Reference value :  2.65287e-06
 Reference value :  2.65319e-06
 Reference value :  2.65375e-06
 Reference value :  2.65400e-06
 Reference value :  2.65411e-06
 Reference value :  2.65419e-06
 Reference value :  2.65463e-06
 Reference value :  2.65475e-06
 Reference value :  2.65499e-06
 Reference value :  2.65511e-06
 Reference value :  2.65523e-06
 Reference value :  2.65535e-06
 Reference value :  2.65559e-06
 Reference value :  2.65600e-06
 Reference value :  2.65611e-06
 Reference value :  2.65643e-06
 Reference value :  2.65711e-06
 Reference value :  2.65767e-06
 Reference value :  2.65779e-06
 Reference value :  2.65811e-06
 Reference value :  2.65875e-06
 Reference value :  2.65943e-06
 Reference value :  2.66001e-06
 Reference value :  2.66015e-06
 Reference value :  2.66059e-06
 Reference value :  2.66103e-06
 Reference value :  2.66175e-06
 Reference value :  2.66203e-06
 Reference value :  2.66235e-06
 Reference value :  2.66259e-06
 Reference value :  2.66331e-06
 Reference value :  2.66400e-06
 Reference value :  2.66411e-06
 Reference value :  2.66431e-06
 Reference value :  2.66483e-06
 Reference value :  2.66563e-06
 Reference value :  2.66602e-06
 Reference value :  2.66647e-06
 Reference value :  2.66723e-06
 Reference value :  2.66797e-06
 Reference value :  2.66823e-06
 Reference value :  2.66863e-06
 Reference value :  2.66919e-06
 Reference value :  2.66995e-06
 Reference value :  2.67015e-06
 Reference value :  2.67039e-06
 Reference value :  2.67071e-06
 Reference value :  2.67123e-06
 Reference value :  2.67179e-06
 Reference value :  2.67202e-06
 Reference value :  2.67223e-06
 Reference value :  2.67259e-06
 Reference value :  2.67307e-06
 Reference value :  2.67339e-06
 Reference value :  2.67363e-06
 Reference value :  2.67391e-06
 Reference value :  2.67411e-06
 Reference value :  2.67431e-06
 Reference value :  2.67443e-06
 Reference value :  2.67455e-06
 Reference value :  2.67463e-06
 Reference value :  2.67475e-06
 Reference value :  2.67487e-06
 Reference value :  2.67495e-06
 Reference value :  2.67507e-06
 Reference value :  2.67515e-06
 Reference value :  2.67523e-06
 Reference value :  2.67531e-06
 Reference value :  2.67543e-06
 Reference value :  2.67555e-06
 Reference value :  2.67567e-06
 Reference value :  2.67579e-06
 Reference value :  2.67591e-06
 Reference value :  2.67597e-06
 Reference value :  2.67600e-06
 Reference value :  2.67601e-06
 Reference value :  2.67603e-06
 Reference value :  2.67607e-06
 Reference value :  2.67611e-06
 Reference value :  2.67619e-06
 Reference value :  2.67627e-06
 Reference value :  2.67635e-06
 Reference value :  2.67643e-06
 Reference value :  2.67651e-06
 Reference value :  2.67659e-06
 Reference value :  2.67663e-06
 Reference value :  2.67667e-06
 Reference value :  2.67675e-06
 Reference value :  2.67683e-06
 Reference value :  2.67691e-06
 Reference value :  2.67699e-06
 Reference value :  2.67707e-06
 Reference value :  2.67715e-06
 Reference value :  2.67723e-06
 Reference value :  2.67735e-06
 Reference value :  2.67747e-06
 Reference value :  2.67759e-06
 Reference value :  2.67767e-06
 Reference value :  2.67779e-06
 Reference value :  2.67787e-06
 Reference value :  2.67797e-06
 Reference value :  2.67800e-06
 Reference value :  2.67801e-06
 Reference value :  2.67802e-06
 Reference value :  2.67807e-06
 Reference value :  2.67811e-06
 Reference value :  2.67819e-06
 Reference value :  2.67827e-06
 Reference value :  2.67839e-06
 Reference value :  2.67847e-06
 Reference value :  2.67859e-06
 Reference value :  2.67871e-06
 Reference value :  2.67883e-06
 Reference value :  2.67895e-06
 Reference value :  2.67907e-06
 Reference value :  2.67919e-06
 Reference value :  2.67931e-06
 Reference value :  2.67943e-06
 Reference value :  2.67955e-06
 Reference value :  2.67967e-06
 Reference value :  2.67979e-06
 Reference value :  2.67991e-06
 Reference value :  2.68000e-06
 Reference value :  2.68001e-06
 Reference value :  2.68002e-06
 Reference value :  2.68004e-06
 Reference value :  2.68011e-06
 Reference value :  2.68015e-06
 Reference value :  2.68023e-06
 Reference value :  2.68031e-06
 Reference value :  2.68035e-06
 Reference value :  2.68039e-06
 Reference value :  2.68043e-06
 Reference value :  2.68051e-06
 Reference value :  2.68059e-06
 Reference value :  2.68071e-06
 Reference value :  2.68083e-06
 Reference value :  2.68091e-06
 Reference value :  2.68103e-06
 Reference value :  2.68115e-06
 Reference value :  2.68127e-06
 Reference value :  2.68139e-06
 Reference value :  2.68151e-06
 Reference value :  2.68163e-06
 Reference value :  2.68175e-06
 Reference value :  2.68187e-06
 Reference value :  2.68195e-06
 Reference value :  2.68200e-06
 Reference value :  2.68201e-06
 Reference value :  2.68202e-06
 Reference value :  2.68207e-06
 Reference value :  2.68215e-06
 Reference value :  2.68219e-06
 Reference value :  2.68227e-06
 Reference value :  2.68239e-06
 Reference value :  2.68251e-06
 Reference value :  2.68259e-06
 Reference value :  2.68271e-06
 Reference value :  2.68283e-06
 Reference value :  2.68295e-06
 Reference value :  2.68307e-06
 Reference value :  2.68319e-06
 Reference value :  2.68331e-06
 Reference value :  2.68343e-06
 Reference value :  2.68359e-06
 Reference value :  2.68375e-06
 Reference value :  2.68383e-06
 Reference value :  2.68391e-06
 Reference value :  2.68397e-06
 Reference value :  2.68400e-06
 Reference value :  2.68401e-06
 Reference value :  2.68403e-06
 Reference value :  2.68407e-06
 Reference value :  2.68411e-06
 Reference value :  2.68415e-06
 Reference value :  2.68423e-06
 Reference value :  2.68431e-06
 Reference value :  2.68439e-06
 Reference value :  2.68447e-06
 Reference value :  2.68455e-06
 Reference value :  2.68463e-06
 Reference value :  2.68467e-06
 Reference value :  2.68471e-06
 Reference value :  2.68475e-06
 Reference value :  2.68483e-06
 Reference value :  2.68487e-06
 Reference value :  2.68499e-06
 Reference value :  2.68511e-06
 Reference value :  2.68527e-06
 Reference value :  2.68539e-06
 Reference value :  2.68547e-06
 Reference value :  2.68559e-06
 Reference value :  2.68571e-06
 Reference value :  2.68579e-06
 Reference value :  2.68587e-06
 Reference value :  2.68597e-06
 Reference value :  2.68600e-06
 Reference value :  2.68601e-06
 Reference value :  2.68602e-06
 Reference value :  2.68604e-06
 Reference value :  2.68611e-06
 Reference value :  2.68619e-06
 Reference value :  2.68627e-06
 Reference value :  2.68639e-06
 Reference value :  2.68647e-06
 Reference value :  2.68659e-06
 Reference value :  2.68671e-06
 Reference value :  2.68683e-06
 Reference value :  2.68691e-06
 Reference value :  2.68703e-06
 Reference value :  2.68715e-06
 Reference value :  2.68727e-06
 Reference value :  2.68739e-06
 Reference value :  2.68751e-06
 Reference value :  2.68763e-06
 Reference value :  2.68775e-06
 Reference value :  2.68787e-06
 Reference value :  2.68795e-06
 Reference value :  2.68800e-06
 Reference value :  2.68801e-06
 Reference value :  2.68802e-06
 Reference value :  2.68804e-06
 Reference value :  2.68811e-06
 Reference value :  2.68815e-06
 Reference value :  2.68823e-06
 Reference value :  2.68831e-06
 Reference value :  2.68835e-06
 Reference value :  2.68843e-06
 Reference value :  2.68851e-06
 Reference value :  2.68859e-06
 Reference value :  2.68871e-06
 Reference value :  2.68883e-06
 Reference value :  2.68895e-06
 Reference value :  2.68907e-06
 Reference value :  2.68919e-06
 Reference value :  2.68931e-06
 Reference value :  2.68943e-06
 Reference value :  2.68955e-06
 Reference value :  2.68971e-06
 Reference value :  2.68983e-06
 Reference value :  2.68995e-06
 Reference value :  2.69000e-06
 Reference value :  2.69001e-06
 Reference value :  2.69002e-06
 Reference value :  2.69004e-06
 Reference value :  2.69011e-06
 Reference value :  2.69019e-06
 Reference value :  2.69027e-06
 Reference value :  2.69035e-06
 Reference value :  2.69047e-06
 Reference value :  2.69059e-06
 Reference value :  2.69071e-06
 Reference value :  2.69083e-06
 Reference value :  2.69095e-06
 Reference value :  2.69107e-06
 Reference value :  2.69119e-06
 Reference value :  2.69131e-06
 Reference value :  2.69143e-06
 Reference value :  2.69155e-06
 Reference value :  2.69167e-06
 Reference value :  2.69179e-06
 Reference value :  2.69191e-06
 Reference value :  2.69200e-06
 Reference value :  2.69201e-06
 Reference value :  2.69202e-06
 Reference value :  2.69204e-06
 Reference value :  2.69211e-06
 Reference value :  2.69215e-06
 Reference value :  2.69223e-06
 Reference value :  2.69231e-06
 Reference value :  2.69239e-06
 Reference value :  2.69247e-06
 Reference value :  2.69255e-06
 Reference value :  2.69259e-06
 Reference value :  2.69267e-06
 Reference value :  2.69275e-06
 Reference value :  2.69283e-06
 Reference value :  2.69287e-06
 Reference value :  2.69291e-06
 Reference value :  2.69295e-06
 Reference value :  2.69303e-06
 Reference value :  2.69311e-06
 Reference value :  2.69319e-06
 Reference value :  2.69331e-06
 Reference value :  2.69339e-06
 Reference value :  2.69347e-06
 Reference value :  2.69359e-06
 Reference value :  2.69367e-06
 Reference value :  2.69379e-06
 Reference value :  2.69387e-06
 Reference value :  2.69395e-06
 Reference value :  2.69400e-06
 Reference value :  2.69401e-06
 Reference value :  2.69401e-06
 Reference value :  2.69402e-06
 Reference value :  2.69407e-06
 Reference value :  2.69411e-06
 Reference value :  2.69419e-06
 Reference value :  2.69427e-06
 Reference value :  2.69439e-06
 Reference value :  2.69447e-06
 Reference value :  2.69459e-06
 Reference value :  2.69467e-06
 Reference value :  2.69479e-06
 Reference value :  2.69491e-06
 Reference value :  2.69503e-06
 Reference value :  2.69515e-06
 Reference value :  2.69527e-06
 Reference value :  2.69539e-06
 Reference value :  2.69551e-06
 Reference value :  2.69563e-06
 Reference value :  2.69571e-06
 Reference value :  2.69583e-06
 Reference value :  2.69591e-06
 Reference value :  2.69597e-06
 Reference value :  2.69600e-06
 Reference value :  2.69601e-06
 Reference value :  2.69602e-06
 Reference value :  2.69604e-06
 Reference value :  2.69607e-06
 Reference value :  2.69611e-06
 Reference value :  2.69615e-06
 Reference value :  2.69623e-06
 Reference value :  2.69631e-06
 Reference value :  2.69635e-06
 Reference value :  2.69639e-06
 Reference value :  2.69643e-06
 Reference value :  2.69651e-06
 Reference value :  2.69659e-06
 Reference value :  2.69671e-06
 Reference value :  2.69683e-06
 Reference value :  2.69691e-06
 Reference value :  2.69699e-06
 Reference value :  2.69711e-06
 Reference value :  2.69719e-06
 Reference value :  2.69727e-06
 Reference value :  2.69735e-06
 Reference value :  2.69747e-06
 Reference value :  2.69755e-06
 Reference value :  2.69767e-06
 Reference value :  2.69779e-06
 Reference value :  2.69791e-06
 Reference value :  2.69797e-06
 Reference value :  2.69800e-06
 Reference value :  2.69801e-06
 Reference value :  2.69803e-06
 Reference value :  2.69807e-06
 Reference value :  2.69815e-06
 Reference value :  2.69819e-06
 Reference value :  2.69827e-06
 Reference value :  2.69839e-06
 Reference value :  2.69851e-06
 Reference value :  2.69863e-06
 Reference value :  2.69871e-06
 Reference value :  2.69883e-06
 Reference value :  2.69895e-06
 Reference value :  2.69903e-06
 Reference value :  2.69911e-06
 Reference value :  2.69923e-06
 Reference value :  2.69935e-06
 Reference value :  2.69947e-06
 Reference value :  2.69955e-06
 Reference value :  2.69967e-06
 Reference value :  2.69979e-06
 Reference value :  2.69991e-06
 Reference value :  2.70000e-06
 Reference value :  2.70000e-06
 Reference value :  2.70001e-06
 Reference value :  2.70003e-06
 Reference value :  2.70007e-06
 Reference value :  2.70011e-06
 Reference value :  2.70015e-06
 Reference value :  2.70023e-06
 Reference value :  2.70031e-06
 Reference value :  2.70039e-06
 Reference value :  2.70047e-06
 Reference value :  2.70055e-06
 Reference value :  2.70059e-06
 Reference value :  2.70063e-06
 Reference value :  2.70067e-06
 Reference value :  2.70071e-06
 Reference value :  2.70079e-06
 Reference value :  2.70087e-06
 Reference value :  2.70099e-06
 Reference value :  2.70107e-06
 Reference value :  2.70115e-06
 Reference value :  2.70127e-06
 Reference value :  2.70139e-06
 Reference value :  2.70147e-06
 Reference value :  2.70155e-06
 Reference value :  2.70163e-06
 Reference value :  2.70171e-06
 Reference value :  2.70179e-06
 Reference value :  2.70187e-06
 Reference value :  2.70195e-06
 Reference value :  2.70200e-06
 Reference value :  2.70201e-06
 Reference value :  2.70202e-06
 Reference value :  2.70207e-06
 Reference value :  2.70211e-06
 Reference value :  2.70215e-06
 Reference value :  2.70219e-06
 Reference value :  2.70227e-06
 Reference value :  2.70235e-06
 Reference value :  2.70243e-06
 Reference value :  2.70255e-06
 Reference value :  2.70267e-06
 Reference value :  2.70275e-06
 Reference value :  2.70283e-06
 Reference value :  2.70291e-06
 Reference value :  2.70299e-06
 Reference value :  2.70307e-06
 Reference value :  2.70319e-06
 Reference value :  2.70327e-06
 Reference value :  2.70335e-06
 Reference value :  2.70347e-06
 Reference value :  2.70359e-06
 Reference value :  2.70371e-06
 Reference value :  2.70383e-06
 Reference value :  2.70395e-06
 Reference value :  2.70400e-06
 Reference value :  2.70401e-06
 Reference value :  2.70403e-06
 Reference value :  2.70407e-06
 Reference value :  2.70411e-06
 Reference value :  2.70415e-06
 Reference value :  2.70423e-06
 Reference value :  2.70431e-06
 Reference value :  2.70435e-06
 Reference value :  2.70443e-06
 Reference value :  2.70451e-06
 Reference value :  2.70459e-06
 Reference value :  2.70471e-06
 Reference value :  2.70479e-06
 Reference value :  2.70487e-06
 Reference value :  2.70499e-06
 Reference value :  2.70507e-06
 Reference value :  2.70519e-06
 Reference value :  2.70531e-06
 Reference value :  2.70539e-06
 Reference value :  2.70547e-06
 Reference value :  2.70559e-06
 Reference value :  2.70571e-06
 Reference value :  2.70579e-06
 Reference value :  2.70591e-06
 Reference value :  2.70600e-06
 Reference value :  2.70600e-06
 Reference value :  2.70601e-06
 Reference value :  2.70602e-06
 Reference value :  2.70604e-06
 Reference value :  2.70611e-06
 Reference value :  2.70615e-06
 Reference value :  2.70619e-06
 Reference value :  2.70627e-06
 Reference value :  2.70635e-06
 Reference value :  2.70647e-06
 Reference value :  2.70655e-06
 Reference value :  2.70667e-06
 Reference value :  2.70675e-06
 Reference value :  2.70687e-06
 Reference value :  2.70699e-06
 Reference value :  2.70711e-06
 Reference value :  2.70719e-06
 Reference value :  2.70731e-06
 Reference value :  2.70743e-06
 Reference value :  2.70751e-06
 Reference value :  2.70763e-06
 Reference value :  2.70779e-06
 Reference value :  2.70791e-06
 Reference value :  2.70800e-06
 Reference value :  2.70800e-06
 Reference value :  2.70801e-06
 Reference value :  2.70803e-06
 Reference value :  2.70807e-06
 Reference value :  2.70811e-06
 Reference value :  2.70815e-06
 Reference value :  2.70823e-06
 Reference value :  2.70831e-06
 Reference value :  2.70839e-06
 Reference value :  2.70847e-06
 Reference value :  2.70855e-06
 Reference value :  2.70859e-06
 Reference value :  2.70863e-06
 Reference value :  2.70867e-06
 Reference value :  2.70875e-06
 Reference value :  2.70883e-06
 Reference value :  2.70887e-06
 Reference value :  2.70895e-06
 Reference value :  2.70903e-06
 Reference value :  2.70911e-06
 Reference value :  2.70923e-06
 Reference value :  2.70935e-06
 Reference value :  2.70943e-06
 Reference value :  2.70951e-06
 Reference value :  2.70963e-06
 Reference value :  2.70975e-06
 Reference value :  2.70983e-06
 Reference value :  2.70995e-06
 Reference value :  2.71000e-06
 Reference value :  2.71001e-06
 Reference value :  2.71002e-06
 Reference value :  2.71004e-06
 Reference value :  2.71011e-06
 Reference value :  2.71019e-06
 Reference value :  2.71027e-06
 Reference value :  2.71039e-06
 Reference value :  2.71047e-06
 Reference value :  2.71059e-06
 Reference value :  2.71071e-06
 Reference value :  2.71083e-06
 Reference value :  2.71095e-06
 Reference value :  2.71103e-06
 Reference value :  2.71115e-06
 Reference value :  2.71123e-06
 Reference value :  2.71135e-06
 Reference value :  2.71143e-06
 Reference value :  2.71155e-06
 Reference value :  2.71167e-06
 Reference value :  2.71175e-06
 Reference value :  2.71183e-06
 Reference value :  2.71195e-06
 Reference value :  2.71200e-06
 Reference value :  2.71201e-06
 Reference value :  2.71202e-06
 Reference value :  2.71204e-06
 Reference value :  2.71207e-06
 Reference value :  2.71211e-06
 Reference value :  2.71215e-06
 Reference value :  2.71223e-06
 Reference value :  2.71231e-06
 Reference value :  2.71235e-06
 Reference value :  2.71239e-06
 Reference value :  2.71243e-06
 Reference value :  2.71251e-06
 Reference value :  2.71259e-06
 Reference value :  2.71267e-06
 Reference value :  2.71279e-06
 Reference value :  2.71291e-06
 Reference value :  2.71303e-06
 Reference value :  2.71315e-06
 Reference value :  2.71323e-06
 Reference value :  2.71335e-06
 Reference value :  2.71347e-06
 Reference value :  2.71359e-06
 Reference value :  2.71371e-06
 Reference value :  2.71383e-06
 Reference value :  2.71391e-06
 Reference value :  2.71400e-06
 Reference value :  2.71401e-06
 Reference value :  2.71402e-06
 Reference value :  2.71403e-06
 Reference value :  2.71407e-06
 Reference value :  2.71415e-06
 Reference value :  2.71419e-06
 Reference value :  2.71427e-06
 Reference value :  2.71439e-06
 Reference value :  2.71451e-06
 Reference value :  2.71463e-06
 Reference value :  2.71475e-06
 Reference value :  2.71487e-06
 Reference value :  2.71499e-06
 Reference value :  2.71511e-06
 Reference value :  2.71523e-06
 Reference value :  2.71535e-06
 Reference value :  2.71547e-06
 Reference value :  2.71559e-06
 Reference value :  2.71571e-06
 Reference value :  2.71583e-06
 Reference value :  2.71595e-06
 Reference value :  2.71600e-06
 Reference value :  2.71601e-06
 Reference value :  2.71603e-06
 Reference value :  2.71607e-06
 Reference value :  2.71611e-06
 Reference value :  2.71619e-06
 Reference value :  2.71627e-06
 Reference value :  2.71635e-06
 Reference value :  2.71643e-06
 Reference value :  2.71647e-06
 Reference value :  2.71655e-06
 Reference value :  2.71659e-06
 Reference value :  2.71667e-06
 Reference value :  2.71671e-06
 Reference value :  2.71675e-06
 Reference value :  2.71683e-06
 Reference value :  2.71687e-06
 Reference value :  2.71699e-06
 Reference value :  2.71711e-06
 Reference value :  2.71723e-06
 Reference value :  2.71735e-06
 Reference value :  2.71747e-06
 Reference value :  2.71755e-06
 Reference value :  2.71763e-06
 Reference value :  2.71775e-06
 Reference value :  2.71783e-06
 Reference value :  2.71795e-06
 Reference value :  2.71800e-06
 Reference value :  2.71801e-06
 Reference value :  2.71802e-06
 Reference value :  2.71804e-06
 Reference value :  2.71811e-06
 Reference value :  2.71819e-06
 Reference value :  2.71827e-06
 Reference value :  2.71835e-06
 Reference value :  2.71843e-06
 Reference value :  2.71855e-06
 Reference value :  2.71867e-06
 Reference value :  2.71879e-06
 Reference value :  2.71887e-06
 Reference value :  2.71899e-06
 Reference value :  2.71907e-06
 Reference value :  2.71915e-06
 Reference value :  2.71923e-06
 Reference value :  2.71935e-06
 Reference value :  2.71947e-06
 Reference value :  2.71959e-06
 Reference value :  2.71971e-06
 Reference value :  2.71979e-06
 Reference value :  2.71991e-06
 Reference value :  2.72000e-06
 Reference value :  2.72001e-06
 Reference value :  2.72002e-06
 Reference value :  2.72004e-06
 Reference value :  2.72011e-06
 Reference value :  2.72015e-06
 Reference value :  2.72023e-06
 Reference value :  2.72031e-06
 Reference value :  2.72035e-06
 Reference value :  2.72043e-06
 Reference value :  2.72051e-06
 Reference value :  2.72059e-06
 Reference value :  2.72071e-06
 Reference value :  2.72083e-06
 Reference value :  2.72095e-06
 Reference value :  2.72103e-06
 Reference value :  2.72111e-06
 Reference value :  2.72119e-06
 Reference value :  2.72131e-06
 Reference value :  2.72139e-06
 Reference value :  2.72151e-06
 Reference value :  2.72163e-06
 Reference value :  2.72175e-06
 Reference value :  2.72187e-06
 Reference value :  2.72197e-06
 Reference value :  2.72200e-06
 Reference value :  2.72201e-06
 Reference value :  2.72203e-06
 Reference value :  2.72207e-06
 Reference value :  2.72215e-06
 Reference value :  2.72219e-06
 Reference value :  2.72227e-06
 Reference value :  2.72235e-06
 Reference value :  2.72243e-06
 Reference value :  2.72255e-06
 Reference value :  2.72267e-06
 Reference value :  2.72279e-06
 Reference value :  2.72291e-06
 Reference value :  2.72303e-06
 Reference value :  2.72315e-06
 Reference value :  2.72327e-06
 Reference value :  2.72335e-06
 Reference value :  2.72347e-06
 Reference value :  2.72359e-06
 Reference value :  2.72367e-06
 Reference value :  2.72375e-06
 Reference value :  2.72387e-06
 Reference value :  2.72395e-06
 Reference value :  2.72400e-06
 Reference value :  2.72401e-06
 Reference value :  2.72402e-06
 Reference value :  2.72407e-06
 Reference value :  2.72411e-06
 Reference value :  2.72415e-06
 Reference value :  2.72423e-06
 Reference value :  2.72431e-06
 Reference value :  2.72435e-06
 Reference value :  2.72443e-06
 Reference value :  2.72451e-06
 Reference value :  2.72459e-06
 Reference value :  2.72467e-06
 Reference value :  2.72471e-06
 Reference value :  2.72475e-06
 Reference value :  2.72483e-06
 Reference value :  2.72491e-06
 Reference value :  2.72499e-06
 Reference value :  2.72507e-06
 Reference value :  2.72515e-06
 Reference value :  2.72527e-06
 Reference value :  2.72539e-06
 Reference value :  2.72551e-06
 Reference value :  2.72563e-06
 Reference value :  2.72571e-06
 Reference value :  2.72583e-06
 Reference value :  2.72591e-06
 Reference value :  2.72600e-06
 Reference value :  2.72600e-06
 Reference value :  2.72601e-06
 Reference value :  2.72602e-06
 Reference value :  2.72604e-06
 Reference value :  2.72611e-06
 Reference value :  2.72619e-06
 Reference value :  2.72631e-06
 Reference value :  2.72643e-06
 Reference value :  2.72655e-06
 Reference value :  2.72667e-06
 Reference value :  2.72679e-06
 Reference value :  2.72691e-06
 Reference value :  2.72703e-06
 Reference value :  2.72711e-06
 Reference value :  2.72723e-06
 Reference value :  2.72731e-06
 Reference value :  2.72739e-06
 Reference value :  2.72751e-06
 Reference value :  2.72763e-06
 Reference value :  2.72775e-06
 Reference value :  2.72783e-06
 Reference value :  2.72795e-06
 Reference value :  2.72800e-06
 Reference value :  2.72801e-06
 Reference value :  2.72802e-06
 Reference value :  2.72804e-06
 Reference value :  2.72807e-06
 Reference value :  2.72811e-06
 Reference value :  2.72815e-06
 Reference value :  2.72823e-06
 Reference value :  2.72831e-06
 Reference value :  2.72835e-06
 Reference value :  2.72839e-06
 Reference value :  2.72843e-06
 Reference value :  2.72851e-06
 Reference value :  2.72859e-06
 Reference value :  2.72871e-06
 Reference value :  2.72887e-06
 Reference value :  2.72899e-06
 Reference value :  2.72907e-06
 Reference value :  2.72919e-06
 Reference value :  2.72927e-06
 Reference value :  2.72935e-06
 Reference value :  2.72947e-06
 Reference value :  2.72955e-06
 Reference value :  2.72967e-06
 Reference value :  2.72979e-06
 Reference value :  2.72991e-06
 Reference value :  2.73000e-06
 Reference value :  2.73001e-06
 Reference value :  2.73002e-06
 Reference value :  2.73004e-06
 Reference value :  2.73011e-06
 Reference value :  2.73019e-06
 Reference value :  2.73027e-06
 Reference value :  2.73035e-06
 Reference value :  2.73047e-06
 Reference value :  2.73059e-06
 Reference value :  2.73071e-06
 Reference value :  2.73083e-06
 Reference value :  2.73095e-06
 Reference value :  2.73103e-06
 Reference value :  2.73111e-06
 Reference value :  2.73119e-06
 Reference value :  2.73127e-06
 Reference value :  2.73143e-06
 Reference value :  2.73155e-06
 Reference value :  2.73163e-06
 Reference value :  2.73175e-06
 Reference value :  2.73183e-06
 Reference value :  2.73191e-06
 Reference value :  2.73200e-06
 Reference value :  2.73201e-06
 Reference value :  2.73202e-06
 Reference value :  2.73204e-06
 Reference value :  2.73211e-06
 Reference value :  2.73219e-06
 Reference value :  2.73227e-06
 Reference value :  2.73235e-06
 Reference value :  2.73243e-06
 Reference value :  2.73251e-06
 Reference value :  2.73259e-06
 Reference value :  2.73263e-06
 Reference value :  2.73267e-06
 Reference value :  2.73271e-06
 Reference value :  2.73275e-06
 Reference value :  2.73283e-06
 Reference value :  2.73291e-06
 Reference value :  2.73303e-06
 Reference value :  2.73315e-06
 Reference value :  2.73327e-06
 Reference value :  2.73339e-06
 Reference value :  2.73351e-06
 Reference value :  2.73359e-06
 Reference value :  2.73371e-06
 Reference value :  2.73383e-06
 Reference value :  2.73395e-06
 Reference value :  2.73400e-06
 Reference value :  2.73401e-06
 Reference value :  2.73402e-06
 Reference value :  2.73404e-06
 Reference value :  2.73411e-06
 Reference value :  2.73419e-06
 Reference value :  2.73427e-06
 Reference value :  2.73439e-06
 Reference value :  2.73447e-06
 Reference value :  2.73459e-06
 Reference value :  2.73471e-06
 Reference value :  2.73479e-06
 Reference value :  2.73487e-06
 Reference value :  2.73499e-06
 Reference value :  2.73507e-06
 Reference value :  2.73519e-06
 Reference value :  2.73531e-06
 Reference value :  2.73539e-06
 Reference value :  2.73551e-06
 Reference value :  2.73563e-06
 Reference value :  2.73575e-06
 Reference value :  2.73587e-06
 Reference value :  2.73597e-06
 Reference value :  2.73600e-06
 Reference value :  2.73601e-06
 Reference value :  2.73603e-06
 Reference value :  2.73607e-06
 Reference value :  2.73611e-06
 Reference value :  2.73615e-06
 Reference value :  2.73623e-06
 Reference value :  2.73631e-06
 Reference value :  2.73639e-06
 Reference value :  2.73643e-06
 Reference value :  2.73651e-06
 Reference value :  2.73659e-06
 Reference value :  2.73671e-06
 Reference value :  2.73679e-06
 Reference value :  2.73687e-06
 Reference value :  2.73695e-06
 Reference value :  2.73707e-06
 Reference value :  2.73719e-06
 Reference value :  2.73731e-06
 Reference value :  2.73743e-06
 Reference value :  2.73755e-06
 Reference value :  2.73767e-06
 Reference value :  2.73775e-06
 Reference value :  2.73791e-06
 Reference value :  2.73800e-06
 Reference value :  2.73801e-06
 Reference value :  2.73801e-06
 Reference value :  2.73802e-06
 Reference value :  2.73804e-06
 Reference value :  2.73811e-06
 Reference value :  2.73819e-06
 Reference value :  2.73827e-06
 Reference value :  2.73835e-06
 Reference value :  2.73847e-06
 Reference value :  2.73855e-06
 Reference value :  2.73871e-06
 Reference value :  2.73883e-06
 Reference value :  2.73895e-06
 Reference value :  2.73907e-06
 Reference value :  2.73915e-06
 Reference value :  2.73923e-06
 Reference value :  2.73935e-06
 Reference value :  2.73943e-06
 Reference value :  2.73951e-06
 Reference value :  2.73963e-06
 Reference value :  2.73971e-06
 Reference value :  2.73979e-06
 Reference value :  2.73991e-06
 Reference value :  2.74000e-06
 Reference value :  2.74000e-06
 Reference value :  2.74001e-06
 Reference value :  2.74003e-06
 Reference value :  2.74007e-06
 Reference value :  2.74011e-06
 Reference value :  2.74015e-06
 Reference value :  2.74023e-06
 Reference value :  2.74031e-06
 Reference value :  2.74035e-06
 Reference value :  2.74043e-06
 Reference value :  2.74051e-06
 Reference value :  2.74059e-06
 Reference value :  2.74063e-06
 Reference value :  2.74067e-06
 Reference value :  2.74075e-06
 Reference value :  2.74083e-06
 Reference value :  2.74091e-06
 Reference value :  2.74099e-06
 Reference value :  2.74111e-06
 Reference value :  2.74123e-06
 Reference value :  2.74135e-06
 Reference value :  2.74147e-06
 Reference value :  2.74155e-06
 Reference value :  2.74167e-06
 Reference value :  2.74179e-06
 Reference value :  2.74191e-06
 Reference value :  2.74197e-06
 Reference value :  2.74200e-06
 Reference value :  2.74201e-06
 Reference value :  2.74202e-06
 Reference value :  2.74207e-06
 Reference value :  2.74211e-06
 Reference value :  2.74219e-06
 Reference value :  2.74231e-06
 Reference value :  2.74243e-06
 Reference value :  2.74255e-06
 Reference value :  2.74267e-06
 Reference value :  2.74279e-06
 Reference value :  2.74291e-06
 Reference value :  2.74303e-06
 Reference value :  2.74315e-06
 Reference value :  2.74327e-06
 Reference value :  2.74339e-06
 Reference value :  2.74351e-06
 Reference value :  2.74363e-06
 Reference value :  2.74375e-06
 Reference value :  2.74387e-06
 Reference value :  2.74397e-06
 Reference value :  2.74401e-06
 Reference value :  2.74402e-06
 Reference value :  2.74404e-06
 Reference value :  2.74411e-06
 Reference value :  2.74415e-06
 Reference value :  2.74423e-06
 Reference value :  2.74431e-06
 Reference value :  2.74435e-06
 Reference value :  2.74439e-06
 Reference value :  2.74443e-06
 Reference value :  2.74451e-06
 Reference value :  2.74459e-06
 Reference value :  2.74471e-06
 Reference value :  2.74483e-06
 Reference value :  2.74495e-06
 Reference value :  2.74507e-06
 Reference value :  2.74519e-06
 Reference value :  2.74531e-06
 Reference value :  2.74539e-06
 Reference value :  2.74551e-06
 Reference value :  2.74563e-06
 Reference value :  2.74575e-06
 Reference value :  2.74583e-06
 Reference value :  2.74595e-06
 Reference value :  2.74600e-06
 Reference value :  2.74601e-06
 Reference value :  2.74602e-06
 Reference value :  2.74604e-06
 Reference value :  2.74611e-06
 Reference value :  2.74615e-06
 Reference value :  2.74619e-06
 Reference value :  2.74627e-06
 Reference value :  2.74635e-06
 Reference value :  2.74647e-06
 Reference value :  2.74659e-06
 Reference value :  2.74671e-06
 Reference value :  2.74683e-06
 Reference value :  2.74695e-06
 Reference value :  2.74707e-06
 Reference value :  2.74719e-06
 Reference value :  2.74731e-06
 Reference value :  2.74743e-06
 Reference value :  2.74755e-06
 Reference value :  2.74767e-06
 Reference value :  2.74779e-06
 Reference value :  2.74791e-06
 Reference value :  2.74800e-06
 Reference value :  2.74801e-06
 Reference value :  2.74802e-06
 Reference value :  2.74803e-06
 Reference value :  2.74807e-06
 Reference value :  2.74811e-06
 Reference value :  2.74815e-06
 Reference value :  2.74823e-06
 Reference value :  2.74827e-06
 Reference value :  2.74835e-06
 Reference value :  2.74843e-06
 Reference value :  2.74847e-06
 Reference value :  2.74855e-06
 Reference value :  2.74863e-06
 Reference value :  2.74867e-06
 Reference value :  2.74871e-06
 Reference value :  2.74875e-06
 Reference value :  2.74883e-06
 Reference value :  2.74887e-06
 Reference value :  2.74899e-06
 Reference value :  2.74911e-06
 Reference value :  2.74919e-06
 Reference value :  2.74931e-06
 Reference value :  2.74943e-06
 Reference value :  2.74955e-06
 Reference value :  2.74963e-06
 Reference value :  2.74971e-06
 Reference value :  2.74983e-06
 Reference value :  2.74995e-06
 Reference value :  2.75000e-06
 Reference value :  2.75001e-06
 Reference value :  2.75001e-06
 Reference value :  2.75003e-06
 Reference value :  2.75007e-06
 Reference value :  2.75011e-06
 Reference value :  2.75015e-06
 Reference value :  2.75019e-06
 Reference value :  2.75027e-06
 Reference value :  2.75039e-06
 Reference value :  2.75051e-06
 Reference value :  2.75063e-06
 Reference value :  2.75071e-06
 Reference value :  2.75083e-06
 Reference value :  2.75095e-06
 Reference value :  2.75103e-06
 Reference value :  2.75115e-06
 Reference value :  2.75123e-06
 Reference value :  2.75135e-06
 Reference value :  2.75143e-06
 Reference value :  2.75155e-06
 Reference value :  2.75167e-06
 Reference value :  2.75179e-06
 Reference value :  2.75191e-06
 Reference value :  2.75200e-06
 Reference value :  2.75201e-06
 Reference value :  2.75202e-06
 Reference value :  2.75204e-06
 Reference value :  2.75211e-06
 Reference value :  2.75215e-06
 Reference value :  2.75223e-06
 Reference value :  2.75231e-06
 Reference value :  2.75235e-06
 Reference value :  2.75243e-06
 Reference value :  2.75251e-06
 Reference value :  2.75259e-06
 Reference value :  2.75271e-06
 Reference value :  2.75279e-06
 Reference value :  2.75287e-06
 Reference value :  2.75295e-06
 Reference value :  2.75307e-06
 Reference value :  2.75319e-06
 Reference value :  2.75331e-06
 Reference value :  2.75339e-06
 Reference value :  2.75347e-06
 Reference value :  2.75359e-06
 Reference value :  2.75371e-06
 Reference value :  2.75379e-06
 Reference value :  2.75387e-06
 Reference value :  2.75397e-06
 Reference value :  2.75400e-06
 Reference value :  2.75401e-06
 Reference value :  2.75402e-06
 Reference value :  2.75404e-06
 Reference value :  2.75411e-06
 Reference value :  2.75415e-06
 Reference value :  2.75419e-06
 Reference value :  2.75427e-06
 Reference value :  2.75435e-06
 Reference value :  2.75447e-06
 Reference value :  2.75459e-06
 Reference value :  2.75471e-06
 Reference value :  2.75483e-06
 Reference value :  2.75495e-06
 Reference value :  2.75507e-06
 Reference value :  2.75519e-06
 Reference value :  2.75527e-06
 Reference value :  2.75539e-06
 Reference value :  2.75551e-06
 Reference value :  2.75559e-06
 Reference value :  2.75567e-06
 Reference value :  2.75579e-06
 Reference value :  2.75591e-06
 Reference value :  2.75600e-06
 Reference value :  2.75601e-06
 Reference value :  2.75602e-06
 Reference value :  2.75604e-06
 Reference value :  2.75611e-06
 Reference value :  2.75615e-06
 Reference value :  2.75623e-06
 Reference value :  2.75627e-06
 Reference value :  2.75635e-06
 Reference value :  2.75643e-06
 Reference value :  2.75651e-06
 Reference value :  2.75659e-06
 Reference value :  2.75667e-06
 Reference value :  2.75675e-06
 Reference value :  2.75683e-06
 Reference value :  2.75691e-06
 Reference value :  2.75695e-06
 Reference value :  2.75703e-06
 Reference value :  2.75711e-06
 Reference value :  2.75719e-06
 Reference value :  2.75731e-06
 Reference value :  2.75743e-06
 Reference value :  2.75751e-06
 Reference value :  2.75759e-06
 Reference value :  2.75767e-06
 Reference value :  2.75779e-06
 Reference value :  2.75791e-06
 Reference value :  2.75800e-06
 Reference value :  2.75800e-06
 Reference value :  2.75801e-06
 Reference value :  2.75803e-06
 Reference value :  2.75807e-06
 Reference value :  2.75811e-06
 Reference value :  2.75815e-06
 Reference value :  2.75819e-06
 Reference value :  2.75827e-06
 Reference value :  2.75835e-06
 Reference value :  2.75843e-06
 Reference value :  2.75855e-06
 Reference value :  2.75867e-06
 Reference value :  2.75879e-06
 Reference value :  2.75891e-06
 Reference value :  2.75903e-06
 Reference value :  2.75915e-06
 Reference value :  2.75927e-06
 Reference value :  2.75939e-06
 Reference value :  2.75951e-06
 Reference value :  2.75959e-06
 Reference value :  2.75971e-06
 Reference value :  2.75983e-06
 Reference value :  2.75995e-06
 Reference value :  2.76000e-06
 Reference value :  2.76001e-06
 Reference value :  2.76002e-06
 Reference value :  2.76004e-06
 Reference value :  2.76011e-06
 Reference value :  2.76015e-06
 Reference value :  2.76027e-06
 Reference value :  2.76031e-06
 Reference value :  2.76039e-06
 Reference value :  2.76043e-06
 Reference value :  2.76051e-06
 Reference value :  2.76059e-06
 Reference value :  2.76071e-06
 Reference value :  2.76083e-06
 Reference value :  2.76095e-06
 Reference value :  2.76107e-06
 Reference value :  2.76119e-06
 Reference value :  2.76183e-06
 Reference value :  2.76211e-06
 Reference value :  2.76267e-06
 Reference value :  2.76343e-06
 Reference value :  2.76400e-06
 Reference value :  2.76427e-06
 Reference value :  2.76463e-06
 Reference value :  2.76515e-06
 Reference value :  2.76591e-06
 Reference value :  2.76615e-06
 Reference value :  2.76683e-06
 Reference value :  2.76751e-06
 Reference value :  2.76802e-06
 Reference value :  2.76835e-06
 Reference value :  2.76891e-06
 Reference value :  2.76919e-06
 Reference value :  2.76991e-06
 Reference value :  2.77019e-06
 Reference value :  2.77079e-06
 Reference value :  2.77155e-06
 Reference value :  2.77202e-06
 Reference value :  2.77231e-06
 Reference value :  2.77263e-06
 Reference value :  2.77315e-06
 Reference value :  2.77391e-06
 Reference value :  2.77415e-06
 Reference value :  2.77479e-06
 Reference value :  2.77527e-06
 Reference value :  2.77600e-06
 Reference value :  2.77623e-06
 Reference value :  2.77667e-06
 Reference value :  2.77707e-06
 Reference value :  2.77775e-06
 Reference value :  2.77803e-06
 Reference value :  2.77843e-06
 Reference value :  2.77899e-06
 Reference value :  2.77967e-06
 Reference value :  2.78004e-06
 Reference value :  2.78047e-06
 Reference value :  2.78083e-06
 Reference value :  2.78151e-06
 Reference value :  2.78201e-06
 Reference value :  2.78239e-06
 Reference value :  2.78303e-06
 Reference value :  2.78379e-06
 Reference value :  2.78411e-06
 Reference value :  2.78431e-06
 Reference value :  2.78483e-06
 Reference value :  2.78555e-06
 Reference value :  2.78602e-06
 Reference value :  2.78651e-06
 Reference value :  2.78727e-06
 Reference value :  2.78795e-06
 Reference value :  2.78815e-06
 Reference value :  2.78859e-06
 Reference value :  2.78899e-06
 Reference value :  2.78971e-06
 Reference value :  2.79004e-06
 Reference value :  2.79055e-06
 Reference value :  2.79123e-06
 Reference value :  2.79195e-06
 Reference value :  2.79219e-06
 Reference value :  2.79255e-06
 Reference value :  2.79331e-06
 Reference value :  2.79397e-06
 Reference value :  2.79419e-06
 Reference value :  2.79483e-06
 Reference value :  2.79551e-06
 Reference value :  2.79601e-06
 Reference value :  2.79631e-06
 Reference value :  2.79671e-06
 Reference value :  2.79731e-06
 Reference value :  2.79800e-06
 Reference value :  2.79819e-06
 Reference value :  2.79891e-06
 Reference value :  2.79959e-06
 Reference value :  2.80004e-06
 Reference value :  2.80043e-06
 Reference value :  2.80107e-06
 Reference value :  2.80183e-06
 Reference value :  2.80207e-06
 Reference value :  2.80259e-06
 Reference value :  2.80327e-06
 Reference value :  2.80397e-06
 Reference value :  2.80415e-06
 Reference value :  2.80459e-06
 Reference value :  2.80507e-06
 Reference value :  2.80543e-06
 Reference value :  2.80601e-06
 Reference value :  2.80627e-06
 Reference value :  2.80687e-06
 Reference value :  2.80755e-06
 Reference value :  2.80801e-06
 Reference value :  2.80835e-06
 Reference value :  2.80883e-06
 Reference value :  2.80959e-06
 Reference value :  2.81002e-06
 Reference value :  2.81047e-06
 Reference value :  2.81119e-06
 Reference value :  2.81195e-06
 Reference value :  2.81223e-06
 Reference value :  2.81267e-06
 Reference value :  2.81315e-06
 Reference value :  2.81383e-06
 Reference value :  2.81415e-06
 Reference value :  2.81475e-06
 Reference value :  2.81551e-06
 Reference value :  2.81601e-06
 Reference value :  2.81635e-06
 Reference value :  2.81691e-06
 Reference value :  2.81763e-06
 Reference value :  2.81803e-06
 Reference value :  2.81823e-06
 Reference value :  2.81887e-06
 Reference value :  2.81951e-06
 Reference value :  2.81967e-06
 Reference value :  2.81997e-06
 Reference value :  2.82004e-06
 Reference value :  2.82023e-06
 Reference value :  2.82051e-06
 Reference value :  2.82067e-06
 Reference value :  2.82083e-06
 Reference value :  2.82099e-06
 Reference value :  2.82103e-06
 Reference value :  2.82151e-06
 Reference value :  2.82191e-06
 Reference value :  2.82200e-06
 Reference value :  2.82211e-06
 Reference value :  2.82271e-06
 Reference value :  2.82343e-06
 Reference value :  2.82387e-06
 Reference value :  2.82402e-06
 Reference value :  2.82419e-06
 Reference value :  2.82443e-06
 Reference value :  2.82491e-06
 Reference value :  2.82519e-06
 Reference value :  2.82531e-06
 Reference value :  2.82559e-06
 Reference value :  2.82591e-06
 Reference value :  2.82601e-06
 Reference value :  2.82611e-06
 Reference value :  2.82631e-06
 Reference value :  2.82643e-06
 Reference value :  2.82655e-06
 Reference value :  2.82667e-06
 Reference value :  2.82699e-06
 Reference value :  2.82743e-06
 Reference value :  2.82791e-06
 Reference value :  2.82801e-06
 Reference value :  2.82811e-06
 Reference value :  2.82839e-06
 Reference value :  2.82851e-06
 Reference value :  2.82867e-06
 Reference value :  2.82903e-06
 Reference value :  2.82975e-06
 Reference value :  2.83004e-06
 Reference value :  2.83055e-06
 Reference value :  2.83119e-06
 Reference value :  2.83179e-06
 Reference value :  2.83202e-06
 Reference value :  2.83219e-06
 Reference value :  2.83263e-06
 Reference value :  2.83331e-06
 Reference value :  2.83400e-06
 Reference value :  2.83423e-06
 Reference value :  2.83491e-06
 Reference value :  2.83559e-06
 Reference value :  2.83583e-06
 Reference value :  2.83601e-06
 Reference value :  2.83627e-06
 Reference value :  2.83671e-06
 Reference value :  2.83723e-06
 Reference value :  2.83797e-06
 Reference value :  2.83819e-06
 Reference value :  2.83895e-06
 Reference value :  2.83971e-06
 Reference value :  2.84007e-06
 Reference value :  2.84043e-06
 Reference value :  2.84107e-06
 Reference value :  2.84183e-06
 Reference value :  2.84200e-06
 Reference value :  2.84227e-06
 Reference value :  2.84303e-06
 Reference value :  2.84379e-06
 Reference value :  2.84411e-06
 Reference value :  2.84447e-06
 Reference value :  2.84487e-06
 Reference value :  2.84559e-06
 Reference value :  2.84603e-06
 Reference value :  2.84647e-06
 Reference value :  2.84723e-06
 Reference value :  2.84795e-06
 Reference value :  2.84815e-06
 Reference value :  2.84851e-06
 Reference value :  2.84919e-06
 Reference value :  2.84995e-06
 Reference value :  2.85019e-06
 Reference value :  2.85083e-06
 Reference value :  2.85159e-06
 Reference value :  2.85203e-06
 Reference value :  2.85243e-06
 Reference value :  2.85279e-06
 Reference value :  2.85335e-06
 Reference value :  2.85397e-06
 Reference value :  2.85419e-06
 Reference value :  2.85487e-06
 Reference value :  2.85563e-06
 Reference value :  2.85607e-06
 Reference value :  2.85643e-06
 Reference value :  2.85715e-06
 Reference value :  2.85755e-06
 Reference value :  2.85802e-06
 Reference value :  2.85847e-06
 Reference value :  2.85919e-06
 Reference value :  2.85991e-06
 Reference value :  2.86015e-06
 Reference value :  2.86047e-06
 Reference value :  2.86075e-06
 Reference value :  2.86147e-06
 Reference value :  2.86201e-06
 Reference value :  2.86235e-06
 Reference value :  2.86307e-06
 Reference value :  2.86383e-06
 Reference value :  2.86415e-06
 Reference value :  2.86451e-06
 Reference value :  2.86527e-06
 Reference value :  2.86575e-06
 Reference value :  2.86602e-06
 Reference value :  2.86619e-06
 Reference value :  2.86691e-06
 Reference value :  2.86759e-06
 Reference value :  2.86803e-06
 Reference value :  2.86847e-06
 Reference value :  2.86867e-06
 Reference value :  2.86919e-06
 Reference value :  2.86983e-06
 Reference value :  2.87015e-06
 Reference value :  2.87063e-06
 Reference value :  2.87083e-06
 Reference value :  2.87115e-06
 Reference value :  2.87159e-06
 Reference value :  2.87200e-06
 Reference value :  2.87207e-06
 Reference value :  2.87227e-06
 Reference value :  2.87247e-06
 Reference value :  2.87279e-06
 Reference value :  2.87291e-06
 Reference value :  2.87319e-06
 Reference value :  2.87343e-06
 Reference value :  2.87395e-06
 Reference value :  2.87403e-06
 Reference value :  2.87427e-06
 Reference value :  2.87479e-06
 Reference value :  2.87519e-06
 Reference value :  2.87567e-06
 Reference value :  2.87600e-06
 Reference value :  2.87607e-06
 Reference value :  2.87635e-06
 Reference value :  2.87675e-06
 Reference value :  2.87735e-06
 Reference value :  2.87791e-06
 Reference value :  2.87815e-06
 Reference value :  2.87871e-06
 Reference value :  2.87935e-06
 Reference value :  2.88000e-06
 Reference value :  2.88027e-06
 Reference value :  2.88063e-06
 Reference value :  2.88135e-06
 Reference value :  2.88200e-06
 Reference value :  2.88223e-06
 Reference value :  2.88267e-06
 Reference value :  2.88315e-06
 Reference value :  2.88387e-06
 Reference value :  2.88411e-06
 Reference value :  2.88455e-06
 Reference value :  2.88495e-06
 Reference value :  2.88559e-06
 Reference value :  2.88602e-06
 Reference value :  2.88643e-06
 Reference value :  2.88715e-06
 Reference value :  2.88783e-06
 Reference value :  2.88811e-06
 Reference value :  2.88843e-06
 Reference value :  2.88915e-06
 Reference value :  2.88951e-06
 Reference value :  2.89001e-06
 Reference value :  2.89047e-06
 Reference value :  2.89115e-06
 Reference value :  2.89191e-06
 Reference value :  2.89211e-06
 Reference value :  2.89255e-06
 Reference value :  2.89287e-06
 Reference value :  2.89359e-06
 Reference value :  2.89403e-06
 Reference value :  2.89447e-06
 Reference value :  2.89519e-06
 Reference value :  2.89591e-06
 Reference value :  2.89623e-06
 Reference value :  2.89675e-06
 Reference value :  2.89751e-06
 Reference value :  2.89802e-06
 Reference value :  2.89843e-06
 Reference value :  2.89923e-06
 Reference value :  2.89987e-06
 Reference value :  2.90002e-06
 Reference value :  2.90011e-06
 Reference value :  2.90035e-06
 Reference value :  2.90059e-06
 Reference value :  2.90079e-06
 Reference value :  2.90115e-06
 Reference value :  2.90167e-06
 Reference value :  2.90187e-06
 Reference value :  2.90201e-06
 Reference value :  2.90211e-06
 Reference value :  2.90223e-06
 Reference value :  2.90255e-06
 Reference value :  2.90291e-06
 Reference value :  2.90319e-06
 Reference value :  2.90351e-06
 Reference value :  2.90395e-06
 Reference value :  2.90402e-06
 Reference value :  2.90431e-06
 Reference value :  2.90443e-06
 Reference value :  2.90463e-06
 Reference value :  2.90535e-06
 Reference value :  2.90595e-06
 Reference value :  2.90619e-06
 Reference value :  2.90671e-06
 Reference value :  2.90747e-06
 Reference value :  2.90801e-06
 Reference value :  2.90835e-06
 Reference value :  2.90875e-06
 Reference value :  2.90899e-06
 Reference value :  2.90939e-06
 Reference value :  2.90959e-06
 Reference value :  2.91000e-06
 Reference value :  2.91011e-06
 Reference value :  2.91051e-06
 Reference value :  2.91099e-06
 Reference value :  2.91159e-06
 Reference value :  2.91195e-06
 Reference value :  2.91215e-06
 Reference value :  2.91231e-06
 Reference value :  2.91275e-06
 Reference value :  2.91351e-06
 Reference value :  2.91401e-06
 Reference value :  2.91439e-06
 Reference value :  2.91511e-06
 Reference value :  2.91587e-06
 Reference value :  2.91615e-06
 Reference value :  2.91659e-06
 Reference value :  2.91703e-06
 Reference value :  2.91767e-06
 Reference value :  2.91807e-06
 Reference value :  2.91859e-06
 Reference value :  2.91931e-06
 Reference value :  2.92000e-06
 Reference value :  2.92023e-06
 Reference value :  2.92067e-06
 Reference value :  2.92139e-06
 Reference value :  2.92201e-06
 Reference value :  2.92231e-06
 Reference value :  2.92295e-06
 Reference value :  2.92347e-06
 Reference value :  2.92379e-06
 Reference value :  2.92411e-06
 Reference value :  2.92459e-06
 Reference value :  2.92491e-06
 Reference value :  2.92559e-06
 Reference value :  2.92603e-06
 Reference value :  2.92655e-06
 Reference value :  2.92727e-06
 Reference value :  2.92800e-06
 Reference value :  2.92819e-06
 Reference value :  2.92867e-06
 Reference value :  2.92931e-06
 Reference value :  2.93000e-06
 Reference value :  2.93035e-06
 Reference value :  2.93099e-06
 Reference value :  2.93179e-06
 Reference value :  2.93211e-06
 Reference value :  2.93255e-06
 Reference value :  2.93299e-06
 Reference value :  2.93367e-06
 Reference value :  2.93404e-06
 Reference value :  2.93459e-06
 Reference value :  2.93535e-06
 Reference value :  2.93601e-06
 Reference value :  2.93627e-06
 Reference value :  2.93663e-06
 Reference value :  2.93743e-06
 Reference value :  2.93801e-06
 Reference value :  2.93843e-06
 Reference value :  2.93915e-06
 Reference value :  2.93939e-06
 Reference value :  2.94001e-06
 Reference value :  2.94011e-06
 Reference value :  2.94023e-06
 Reference value :  2.94067e-06
 Reference value :  2.94107e-06
 Reference value :  2.94179e-06
 Reference value :  2.94211e-06
 Reference value :  2.94271e-06
 Reference value :  2.94347e-06
 Reference value :  2.94401e-06
 Reference value :  2.94435e-06
 Reference value :  2.94491e-06
 Reference value :  2.94563e-06
 Reference value :  2.94604e-06
 Reference value :  2.94659e-06
 Reference value :  2.94739e-06
 Reference value :  2.94775e-06
 Reference value :  2.94803e-06
 Reference value :  2.94819e-06
 Reference value :  2.94851e-06
 Reference value :  2.94879e-06
 Reference value :  2.94903e-06
 Reference value :  2.94935e-06
 Reference value :  2.94951e-06
 Reference value :  2.94979e-06
 Reference value :  2.94987e-06
 Reference value :  2.94997e-06
 Reference value :  2.95000e-06
 Reference value :  2.95001e-06
 Reference value :  2.95003e-06
 Reference value :  2.95011e-06
 Reference value :  2.95015e-06
 Reference value :  2.95019e-06
 Reference value :  2.95027e-06
 Reference value :  2.95035e-06
 Reference value :  2.95043e-06
 Reference value :  2.95055e-06
 Reference value :  2.95063e-06
 Reference value :  2.95075e-06
 Reference value :  2.95087e-06
 Reference value :  2.95099e-06
 Reference value :  2.95107e-06
 Reference value :  2.95119e-06
 Reference value :  2.95131e-06
 Reference value :  2.95143e-06
 Reference value :  2.95151e-06
 Reference value :  2.95159e-06
 Reference value :  2.95171e-06
 Reference value :  2.95183e-06
 Reference value :  2.95195e-06
 Reference value :  2.95200e-06
 Reference value :  2.95201e-06
 Reference value :  2.95203e-06
 Reference value :  2.95207e-06
 Reference value :  2.95215e-06
 Reference value :  2.95223e-06
 Reference value :  2.95231e-06
 Reference value :  2.95235e-06
 Reference value :  2.95239e-06
 Reference value :  2.95243e-06
 Reference value :  2.95251e-06
 Reference value :  2.95259e-06
 Reference value :  2.95271e-06
 Reference value :  2.95283e-06
 Reference value :  2.95295e-06
 Reference value :  2.95303e-06
 Reference value :  2.95315e-06
 Reference value :  2.95327e-06
 Reference value :  2.95339e-06
 Reference value :  2.95347e-06
 Reference value :  2.95359e-06
 Reference value :  2.95371e-06
 Reference value :  2.95379e-06
 Reference value :  2.95391e-06
 Reference value :  2.95397e-06
 Reference value :  2.95400e-06
 Reference value :  2.95401e-06
 Reference value :  2.95402e-06
 Reference value :  2.95404e-06
 Reference value :  2.95411e-06
 Reference value :  2.95419e-06
 Reference value :  2.95427e-06
 Reference value :  2.95435e-06
 Reference value :  2.95447e-06
 Reference value :  2.95459e-06
 Reference value :  2.95467e-06
 Reference value :  2.95475e-06
 Reference value :  2.95487e-06
 Reference value :  2.95495e-06
 Reference value :  2.95507e-06
 Reference value :  2.95515e-06
 Reference value :  2.95527e-06
 Reference value :  2.95539e-06
 Reference value :  2.95547e-06
 Reference value :  2.95559e-06
 Reference value :  2.95567e-06
 Reference value :  2.95579e-06
 Reference value :  2.95587e-06
 Reference value :  2.95595e-06
 Reference value :  2.95600e-06
 Reference value :  2.95601e-06
 Reference value :  2.95602e-06
 Reference value :  2.95603e-06
 Reference value :  2.95607e-06
 Reference value :  2.95611e-06
 Reference value :  2.95615e-06
 Reference value :  2.95623e-06
 Reference value :  2.95631e-06
 Reference value :  2.95635e-06
 Reference value :  2.95643e-06
 Reference value :  2.95651e-06
 Reference value :  2.95659e-06
 Reference value :  2.95663e-06
 Reference value :  2.95667e-06
 Reference value :  2.95671e-06
 Reference value :  2.95679e-06
 Reference value :  2.95687e-06
 Reference value :  2.95699e-06
 Reference value :  2.95711e-06
 Reference value :  2.95723e-06
 Reference value :  2.95735e-06
 Reference value :  2.95747e-06
 Reference value :  2.95759e-06
 Reference value :  2.95771e-06
 Reference value :  2.95783e-06
 Reference value :  2.95795e-06
 Reference value :  2.95800e-06
 Reference value :  2.95801e-06
 Reference value :  2.95802e-06
 Reference value :  2.95804e-06
 Reference value :  2.95811e-06
 Reference value :  2.95815e-06
 Reference value :  2.95819e-06
 Reference value :  2.95827e-06
 Reference value :  2.95835e-06
 Reference value :  2.95843e-06
 Reference value :  2.95855e-06
 Reference value :  2.95867e-06
 Reference value :  2.95879e-06
 Reference value :  2.95891e-06
 Reference value :  2.95903e-06
 Reference value :  2.95911e-06
 Reference value :  2.95923e-06
 Reference value :  2.95935e-06
 Reference value :  2.95947e-06
 Reference value :  2.95955e-06
 Reference value :  2.95967e-06
 Reference value :  2.95975e-06
 Reference value :  2.95983e-06
 Reference value :  2.95995e-06
 Reference value :  2.96000e-06
 Reference value :  2.96001e-06
 Reference value :  2.96002e-06
 Reference value :  2.96004e-06
 Reference value :  2.96007e-06
 Reference value :  2.96011e-06
 Reference value :  2.96015e-06
 Reference value :  2.96023e-06
 Reference value :  2.96031e-06
 Reference value :  2.96039e-06
 Reference value :  2.96043e-06
 Reference value :  2.96051e-06
 Reference value :  2.96059e-06
 Reference value :  2.96067e-06
 Reference value :  2.96075e-06
 Reference value :  2.96083e-06
 Reference value :  2.96091e-06
 Reference value :  2.96103e-06
 Reference value :  2.96115e-06
 Reference value :  2.96123e-06
 Reference value :  2.96135e-06
 Reference value :  2.96147e-06
 Reference value :  2.96159e-06
 Reference value :  2.96167e-06
 Reference value :  2.96179e-06
 Reference value :  2.96187e-06
 Reference value :  2.96197e-06
 Reference value :  2.96200e-06
 Reference value :  2.96201e-06
 Reference value :  2.96202e-06
 Reference value :  2.96204e-06
 Reference value :  2.96211e-06
 Reference value :  2.96219e-06
 Reference value :  2.96227e-06
 Reference value :  2.96235e-06
 Reference value :  2.96247e-06
 Reference value :  2.96259e-06
 Reference value :  2.96271e-06
 Reference value :  2.96283e-06
 Reference value :  2.96295e-06
 Reference value :  2.96303e-06
 Reference value :  2.96315e-06
 Reference value :  2.96327e-06
 Reference value :  2.96339e-06
 Reference value :  2.96347e-06
 Reference value :  2.96355e-06
 Reference value :  2.96367e-06
 Reference value :  2.96379e-06
 Reference value :  2.96387e-06
 Reference value :  2.96395e-06
 Reference value :  2.96400e-06
 Reference value :  2.96401e-06
 Reference value :  2.96402e-06
 Reference value :  2.96404e-06
 Reference value :  2.96411e-06
 Reference value :  2.96419e-06
 Reference value :  2.96427e-06
 Reference value :  2.96435e-06
 Reference value :  2.96443e-06
 Reference value :  2.96451e-06
 Reference value :  2.96459e-06
 Reference value :  2.96467e-06
 Reference value :  2.96475e-06
 Reference value :  2.96483e-06
 Reference value :  2.96491e-06
 Reference value :  2.96499e-06
 Reference value :  2.96507e-06
 Reference value :  2.96515e-06
 Reference value :  2.96527e-06
 Reference value :  2.96539e-06
 Reference value :  2.96551e-06
 Reference value :  2.96559e-06
 Reference value :  2.96567e-06
 Reference value :  2.96575e-06
 Reference value :  2.96587e-06
 Reference value :  2.96597e-06
 Reference value :  2.96600e-06
 Reference value :  2.96601e-06
 Reference value :  2.96602e-06
 Reference value :  2.96604e-06
 Reference value :  2.96611e-06
 Reference value :  2.96619e-06
 Reference value :  2.96627e-06
 Reference value :  2.96639e-06
 Reference value :  2.96647e-06
 Reference value :  2.96655e-06
 Reference value :  2.96667e-06
 Reference value :  2.96679e-06
 Reference value :  2.96691e-06
 Reference value :  2.96703e-06
 Reference value :  2.96715e-06
 Reference value :  2.96727e-06
 Reference value :  2.96739e-06
 Reference value :  2.96751e-06
 Reference value :  2.96767e-06
 Reference value :  2.96779e-06
 Reference value :  2.96791e-06
 Reference value :  2.96800e-06
 Reference value :  2.96800e-06
 Reference value :  2.96801e-06
 Reference value :  2.96802e-06
 Reference value :  2.96804e-06
 Reference value :  2.96811e-06
 Reference value :  2.96815e-06
 Reference value :  2.96823e-06
 Reference value :  2.96831e-06
 Reference value :  2.96839e-06
 Reference value :  2.96843e-06
 Reference value :  2.96851e-06
 Reference value :  2.96859e-06
 Reference value :  2.96871e-06
 Reference value :  2.96879e-06
 Reference value :  2.96891e-06
 Reference value :  2.96899e-06
 Reference value :  2.96907e-06
 Reference value :  2.96915e-06
 Reference value :  2.96923e-06
 Reference value :  2.96935e-06
 Reference value :  2.96943e-06
 Reference value :  2.96955e-06
 Reference value :  2.96963e-06
 Reference value :  2.96975e-06
 Reference value :  2.96987e-06
 Reference value :  2.96995e-06
 Reference value :  2.97000e-06
 Reference value :  2.97001e-06
 Reference value :  2.97002e-06
 Reference value :  2.97003e-06
 Reference value :  2.97007e-06
 Reference value :  2.97015e-06
 Reference value :  2.97019e-06
 Reference value :  2.97027e-06
 Reference value :  2.97035e-06
 Reference value :  2.97043e-06
 Reference value :  2.97051e-06
 Reference value :  2.97063e-06
 Reference value :  2.97071e-06
 Reference value :  2.97079e-06
 Reference value :  2.97091e-06
 Reference value :  2.97103e-06
 Reference value :  2.97115e-06
 Reference value :  2.97127e-06
 Reference value :  2.97135e-06
 Reference value :  2.97147e-06
 Reference value :  2.97159e-06
 Reference value :  2.97167e-06
 Reference value :  2.97179e-06
 Reference value :  2.97191e-06
 Reference value :  2.97200e-06
 Reference value :  2.97200e-06
 Reference value :  2.97201e-06
 Reference value :  2.97203e-06
 Reference value :  2.97207e-06
 Reference value :  2.97211e-06
 Reference value :  2.97215e-06
 Reference value :  2.97223e-06
 Reference value :  2.97231e-06
 Reference value :  2.97239e-06
 Reference value :  2.97247e-06
 Reference value :  2.97255e-06
 Reference value :  2.97263e-06
 Reference value :  2.97267e-06
 Reference value :  2.97271e-06
 Reference value :  2.97275e-06
 Reference value :  2.97283e-06
 Reference value :  2.97287e-06
 Reference value :  2.97295e-06
 Reference value :  2.97307e-06
 Reference value :  2.97319e-06
 Reference value :  2.97331e-06
 Reference value :  2.97343e-06
 Reference value :  2.97351e-06
 Reference value :  2.97363e-06
 Reference value :  2.97371e-06
 Reference value :  2.97383e-06
 Reference value :  2.97391e-06
 Reference value :  2.97400e-06
 Reference value :  2.97401e-06
 Reference value :  2.97402e-06
 Reference value :  2.97403e-06
 Reference value :  2.97407e-06
 Reference value :  2.97411e-06
 Reference value :  2.97415e-06
 Reference value :  2.97419e-06
 Reference value :  2.97427e-06
 Reference value :  2.97439e-06
 Reference value :  2.97447e-06
 Reference value :  2.97459e-06
 Reference value :  2.97467e-06
 Reference value :  2.97475e-06
 Reference value :  2.97483e-06
 Reference value :  2.97495e-06
 Reference value :  2.97507e-06
 Reference value :  2.97515e-06
 Reference value :  2.97527e-06
 Reference value :  2.97539e-06
 Reference value :  2.97551e-06
 Reference value :  2.97563e-06
 Reference value :  2.97571e-06
 Reference value :  2.97579e-06
 Reference value :  2.97591e-06
 Reference value :  2.97600e-06
 Reference value :  2.97600e-06
 Reference value :  2.97601e-06
 Reference value :  2.97602e-06
 Reference value :  2.97604e-06
 Reference value :  2.97611e-06
 Reference value :  2.97615e-06
 Reference value :  2.97623e-06
 Reference value :  2.97631e-06
 Reference value :  2.97635e-06
 Reference value :  2.97643e-06
 Reference value :  2.97651e-06
 Reference value :  2.97659e-06
 Reference value :  2.97671e-06
 Reference value :  2.97679e-06
 Reference value :  2.97691e-06
 Reference value :  2.97703e-06
 Reference value :  2.97711e-06
 Reference value :  2.97719e-06
 Reference value :  2.97731e-06
 Reference value :  2.97743e-06
 Reference value :  2.97755e-06
 Reference value :  2.97767e-06
 Reference value :  2.97775e-06
 Reference value :  2.97783e-06
 Reference value :  2.97795e-06
 Reference value :  2.97800e-06
 Reference value :  2.97801e-06
 Reference value :  2.97802e-06
 Reference value :  2.97804e-06
 Reference value :  2.97811e-06
 Reference value :  2.97819e-06
 Reference value :  2.97827e-06
 Reference value :  2.97835e-06
 Reference value :  2.97847e-06
 Reference value :  2.97859e-06
 Reference value :  2.97871e-06
 Reference value :  2.97883e-06
 Reference value :  2.97895e-06
 Reference value :  2.97907e-06
 Reference value :  2.97919e-06
 Reference value :  2.97931e-06
 Reference value :  2.97943e-06
 Reference value :  2.97955e-06
 Reference value :  2.97963e-06
 Reference value :  2.97975e-06
 Reference value :  2.97983e-06
 Reference value :  2.97991e-06
 Reference value :  2.98000e-06
 Reference value :  2.98000e-06
 Reference value :  2.98001e-06
 Reference value :  2.98003e-06
 Reference value :  2.98007e-06
 Reference value :  2.98011e-06
 Reference value :  2.98015e-06
 Reference value :  2.98023e-06
 Reference value :  2.98031e-06
 Reference value :  2.98039e-06
 Reference value :  2.98047e-06
 Reference value :  2.98055e-06
 Reference value :  2.98059e-06
 Reference value :  2.98067e-06
 Reference value :  2.98071e-06
 Reference value :  2.98075e-06
 Reference value :  2.98083e-06
 Reference value :  2.98091e-06
 Reference value :  2.98099e-06
 Reference value :  2.98107e-06
 Reference value :  2.98115e-06
 Reference value :  2.98123e-06
 Reference value :  2.98135e-06
 Reference value :  2.98147e-06
 Reference value :  2.98155e-06
 Reference value :  2.98167e-06
 Reference value :  2.98179e-06
 Reference value :  2.98191e-06
 Reference value :  2.98200e-06
 Reference value :  2.98201e-06
 Reference value :  2.98202e-06
 Reference value :  2.98203e-06
 Reference value :  2.98207e-06
 Reference value :  2.98211e-06
 Reference value :  2.98215e-06
 Reference value :  2.98219e-06
 Reference value :  2.98227e-06
 Reference value :  2.98239e-06
 Reference value :  2.98247e-06
 Reference value :  2.98255e-06
 Reference value :  2.98267e-06
 Reference value :  2.98275e-06
 Reference value :  2.98287e-06
 Reference value :  2.98299e-06
 Reference value :  2.98311e-06
 Reference value :  2.98319e-06
 Reference value :  2.98331e-06
 Reference value :  2.98343e-06
 Reference value :  2.98351e-06
 Reference value :  2.98359e-06
 Reference value :  2.98371e-06
 Reference value :  2.98379e-06
 Reference value :  2.98391e-06
 Reference value :  2.98400e-06
 Reference value :  2.98401e-06
 Reference value :  2.98401e-06
 Reference value :  2.98403e-06
 Reference value :  2.98407e-06
 Reference value :  2.98411e-06
 Reference value :  2.98419e-06
 Reference value :  2.98427e-06
 Reference value :  2.98431e-06
 Reference value :  2.98435e-06
 Reference value :  2.98439e-06
 Reference value :  2.98443e-06
 Reference value :  2.98451e-06
 Reference value :  2.98459e-06
 Reference value :  2.98471e-06
 Reference value :  2.98483e-06
 Reference value :  2.98495e-06
 Reference value :  2.98507e-06
 Reference value :  2.98515e-06
 Reference value :  2.98527e-06
 Reference value :  2.98539e-06
 Reference value :  2.98551e-06
 Reference value :  2.98563e-06
 Reference value :  2.98575e-06
 Reference value :  2.98583e-06
 Reference value :  2.98595e-06
 Reference value :  2.98600e-06
 Reference value :  2.98601e-06
 Reference value :  2.98602e-06
 Reference value :  2.98604e-06
 Reference value :  2.98611e-06
 Reference value :  2.98619e-06
 Reference value :  2.98627e-06
 Reference value :  2.98639e-06
 Reference value :  2.98651e-06
 Reference value :  2.98663e-06
 Reference value :  2.98675e-06
 Reference value :  2.98687e-06
 Reference value :  2.98699e-06
 Reference value :  2.98711e-06
 Reference value :  2.98719e-06
 Reference value :  2.98731e-06
 Reference value :  2.98743e-06
 Reference value :  2.98755e-06
 Reference value :  2.98767e-06
 Reference value :  2.98775e-06
 Reference value :  2.98787e-06
 Reference value :  2.98797e-06
 Reference value :  2.98800e-06
 Reference value :  2.98801e-06
 Reference value :  2.98803e-06
 Reference value :  2.98807e-06
 Reference value :  2.98811e-06
 Reference value :  2.98815e-06
 Reference value :  2.98823e-06
 Reference value :  2.98831e-06
 Reference value :  2.98839e-06
 Reference value :  2.98847e-06
 Reference value :  2.98855e-06
 Reference value :  2.98859e-06
 Reference value :  2.98863e-06
 Reference value :  2.98867e-06
 Reference value :  2.98871e-06
 Reference value :  2.98875e-06
 Reference value :  2.98883e-06
 Reference value :  2.98891e-06
 Reference value :  2.98899e-06
 Reference value :  2.98911e-06
 Reference value :  2.98919e-06
 Reference value :  2.98931e-06
 Reference value :  2.98943e-06
 Reference value :  2.98955e-06
 Reference value :  2.98963e-06
 Reference value :  2.98975e-06
 Reference value :  2.98987e-06
 Reference value :  2.98997e-06
 Reference value :  2.99000e-06
 Reference value :  2.99001e-06
 Reference value :  2.99002e-06
 Reference value :  2.99004e-06
 Reference value :  2.99011e-06
 Reference value :  2.99019e-06
 Reference value :  2.99031e-06
 Reference value :  2.99043e-06
 Reference value :  2.99055e-06
 Reference value :  2.99067e-06
 Reference value :  2.99079e-06
 Reference value :  2.99091e-06
 Reference value :  2.99103e-06
 Reference value :  2.99111e-06
 Reference value :  2.99123e-06
 Reference value :  2.99131e-06
 Reference value :  2.99143e-06
 Reference value :  2.99155e-06
 Reference value :  2.99167e-06
 Reference value :  2.99175e-06
 Reference value :  2.99187e-06
 Reference value :  2.99197e-06
 Reference value :  2.99200e-06
 Reference value :  2.99201e-06
 Reference value :  2.99202e-06
 Reference value :  2.99207e-06
 Reference value :  2.99215e-06
 Reference value :  2.99223e-06
 Reference value :  2.99231e-06
 Reference value :  2.99235e-06
 Reference value :  2.99243e-06
 Reference value :  2.99251e-06
 Reference value :  2.99259e-06
 Reference value :  2.99271e-06
 Reference value :  2.99283e-06
 Reference value :  2.99295e-06
 Reference value :  2.99307e-06
 Reference value :  2.99319e-06
 Reference value :  2.99331e-06
 Reference value :  2.99343e-06
 Reference value :  2.99355e-06
 Reference value :  2.99367e-06
 Reference value :  2.99379e-06
 Reference value :  2.99391e-06
 Reference value :  2.99400e-06
 Reference value :  2.99400e-06
 Reference value :  2.99401e-06
 Reference value :  2.99402e-06
 Reference value :  2.99404e-06
 Reference value :  2.99411e-06
 Reference value :  2.99419e-06
 Reference value :  2.99427e-06
 Reference value :  2.99435e-06
 Reference value :  2.99447e-06
 Reference value :  2.99455e-06
 Reference value :  2.99467e-06
 Reference value :  2.99475e-06
 Reference value :  2.99483e-06
 Reference value :  2.99491e-06
 Reference value :  2.99503e-06
 Reference value :  2.99515e-06
 Reference value :  2.99523e-06
 Reference value :  2.99535e-06
 Reference value :  2.99547e-06
 Reference value :  2.99567e-06
 Reference value :  2.99579e-06
 Reference value :  2.99591e-06
 Reference value :  2.99600e-06
 Reference value :  2.99601e-06
 Reference value :  2.99602e-06
 Reference value :  2.99604e-06
 Reference value :  2.99607e-06
 Reference value :  2.99611e-06
 Reference value :  2.99615e-06
 Reference value :  2.99623e-06
 Reference value :  2.99627e-06
 Reference value :  2.99635e-06
 Reference value :  2.99647e-06
 Reference value :  2.99655e-06
 Reference value :  2.99659e-06
 Reference value :  2.99667e-06
 Reference value :  2.99675e-06
 Reference value :  2.99683e-06
 Reference value :  2.99691e-06
 Reference value :  2.99699e-06
 Reference value :  2.99707e-06
 Reference value :  2.99715e-06
 Reference value :  2.99727e-06
 Reference value :  2.99739e-06
 Reference value :  2.99751e-06
 Reference value :  2.99763e-06
 Reference value :  2.99775e-06
 Reference value :  2.99787e-06
 Reference value :  2.99797e-06
 Reference value :  2.99800e-06
 Reference value :  2.99801e-06
 Reference value :  2.99802e-06
 Reference value :  2.99807e-06
 Reference value :  2.99811e-06
 Reference value :  2.99819e-06
 Reference value :  2.99827e-06
 Reference value :  2.99843e-06
 Reference value :  2.99851e-06
 Reference value :  2.99863e-06
 Reference value :  2.99875e-06
 Reference value :  2.99887e-06
 Reference value :  2.99899e-06
 Reference value :  2.99907e-06
 Reference value :  2.99919e-06
 Reference value :  2.99927e-06
 Reference value :  2.99939e-06
 Reference value :  2.99951e-06
 Reference value :  2.99963e-06
 Reference value :  2.99975e-06
 Reference value :  2.99987e-06
 Reference value :  2.99995e-06
 Reference value :  3.00000e-06
 Reference value :  3.00001e-06
 Reference value :  3.00002e-06
 Reference value :  3.00004e-06
 Reference value :  3.00011e-06
 Reference value :  3.00019e-06
 Reference value :  3.00027e-06
 Reference value :  3.00031e-06
 Reference value :  3.00039e-06
 Reference value :  3.00043e-06
 Reference value :  3.00051e-06
 Reference value :  3.00059e-06
 Reference value :  3.00071e-06
 Reference value :  3.00083e-06
 Reference value :  3.00095e-06
 Reference value :  3.00103e-06
 Reference value :  3.00111e-06
 Reference value :  3.00119e-06
 Reference value :  3.00127e-06
 Reference value :  3.00135e-06
 Reference value :  3.00143e-06
 Reference value :  3.00179e-06
 Reference value :  3.00211e-06
 Reference value :  3.00267e-06
 Reference value :  3.00343e-06
 Reference value :  3.00401e-06
 Reference value :  3.00435e-06
 Reference value :  3.00475e-06
 Reference value :  3.00535e-06
 Reference value :  3.00600e-06
 Reference value :  3.00627e-06
 Reference value :  3.00703e-06
 Reference value :  3.00775e-06
 Reference value :  3.00807e-06
 Reference value :  3.00843e-06
 Reference value :  3.00907e-06
 Reference value :  3.00983e-06
 Reference value :  3.01011e-06
 Reference value :  3.01071e-06
 Reference value :  3.01147e-06
 Reference value :  3.01201e-06
 Reference value :  3.01227e-06
 Reference value :  3.01271e-06
 Reference value :  3.01307e-06
 Reference value :  3.01375e-06
 Reference value :  3.01402e-06
 Reference value :  3.01443e-06
 Reference value :  3.01519e-06
 Reference value :  3.01587e-06
 Reference value :  3.01615e-06
 Reference value :  3.01655e-06
 Reference value :  3.01723e-06
 Reference value :  3.01791e-06
 Reference value :  3.01815e-06
 Reference value :  3.01879e-06
 Reference value :  3.01911e-06
 Reference value :  3.01951e-06
 Reference value :  3.02002e-06
 Reference value :  3.02043e-06
 Reference value :  3.02079e-06
 Reference value :  3.02147e-06
 Reference value :  3.02201e-06
 Reference value :  3.02223e-06
 Reference value :  3.02295e-06
 Reference value :  3.02363e-06
 Reference value :  3.02402e-06
 Reference value :  3.02423e-06
 Reference value :  3.02455e-06
 Reference value :  3.02531e-06
 Reference value :  3.02563e-06
 Reference value :  3.02600e-06
 Reference value :  3.02615e-06
 Reference value :  3.02655e-06
 Reference value :  3.02711e-06
 Reference value :  3.02763e-06
 Reference value :  3.02797e-06
 Reference value :  3.02803e-06
 Reference value :  3.02815e-06
 Reference value :  3.02863e-06
 Reference value :  3.02919e-06
 Reference value :  3.02987e-06
 Reference value :  3.03000e-06
 Reference value :  3.03019e-06
 Reference value :  3.03067e-06
 Reference value :  3.03135e-06
 Reference value :  3.03197e-06
 Reference value :  3.03227e-06
 Reference value :  3.03275e-06
 Reference value :  3.03351e-06
 Reference value :  3.03401e-06
 Reference value :  3.03435e-06
 Reference value :  3.03507e-06
 Reference value :  3.03587e-06
 Reference value :  3.03615e-06
 Reference value :  3.03659e-06
 Reference value :  3.03699e-06
 Reference value :  3.03767e-06
 Reference value :  3.03807e-06
 Reference value :  3.03859e-06
 Reference value :  3.03927e-06
 Reference value :  3.03991e-06
 Reference value :  3.04015e-06
 Reference value :  3.04055e-06
 Reference value :  3.04131e-06
 Reference value :  3.04200e-06
 Reference value :  3.04215e-06
 Reference value :  3.04263e-06
 Reference value :  3.04323e-06
 Reference value :  3.04387e-06
 Reference value :  3.04411e-06
 Reference value :  3.04455e-06
 Reference value :  3.04491e-06
 Reference value :  3.04507e-06
 Reference value :  3.04579e-06
 Reference value :  3.04611e-06
 Reference value :  3.04675e-06
 Reference value :  3.04715e-06
 Reference value :  3.04783e-06
 Reference value :  3.04815e-06
 Reference value :  3.04859e-06
 Reference value :  3.04935e-06
 Reference value :  3.05000e-06
 Reference value :  3.05027e-06
 Reference value :  3.05091e-06
 Reference value :  3.05167e-06
 Reference value :  3.05203e-06
 Reference value :  3.05239e-06
 Reference value :  3.05275e-06
 Reference value :  3.05343e-06
 Reference value :  3.05401e-06
 Reference value :  3.05411e-06
 Reference value :  3.05471e-06
 Reference value :  3.05543e-06
 Reference value :  3.05601e-06
 Reference value :  3.05631e-06
 Reference value :  3.05687e-06
 Reference value :  3.05751e-06
 Reference value :  3.05801e-06
 Reference value :  3.05847e-06
 Reference value :  3.05919e-06
 Reference value :  3.05995e-06
 Reference value :  3.06011e-06
 Reference value :  3.06059e-06
 Reference value :  3.06107e-06
 Reference value :  3.06183e-06
 Reference value :  3.06207e-06
 Reference value :  3.06263e-06
 Reference value :  3.06335e-06
 Reference value :  3.06391e-06
 Reference value :  3.06415e-06
 Reference value :  3.06443e-06
 Reference value :  3.06459e-06
 Reference value :  3.06507e-06
 Reference value :  3.06559e-06
 Reference value :  3.06600e-06
 Reference value :  3.06615e-06
 Reference value :  3.06639e-06
 Reference value :  3.06715e-06
 Reference value :  3.06755e-06
 Reference value :  3.06800e-06
 Reference value :  3.06815e-06
 Reference value :  3.06855e-06
 Reference value :  3.06875e-06
 Reference value :  3.06931e-06
 Reference value :  3.07000e-06
 Reference value :  3.07019e-06
 Reference value :  3.07095e-06
 Reference value :  3.07171e-06
 Reference value :  3.07204e-06
 Reference value :  3.07243e-06
 Reference value :  3.07311e-06
 Reference value :  3.07387e-06
 Reference value :  3.07411e-06
 Reference value :  3.07475e-06
 Reference value :  3.07539e-06
 Reference value :  3.07595e-06
 Reference value :  3.07602e-06
 Reference value :  3.07635e-06
 Reference value :  3.07679e-06
 Reference value :  3.07711e-06
 Reference value :  3.07779e-06
 Reference value :  3.07811e-06
 Reference value :  3.07867e-06
 Reference value :  3.07935e-06
 Reference value :  3.08000e-06
 Reference value :  3.08023e-06
 Reference value :  3.08039e-06
 Reference value :  3.08083e-06
 Reference value :  3.08135e-06
 Reference value :  3.08187e-06
 Reference value :  3.08202e-06
 Reference value :  3.08219e-06
 Reference value :  3.08231e-06
 Reference value :  3.08247e-06
 Reference value :  3.08291e-06
 Reference value :  3.08347e-06
 Reference value :  3.08397e-06
 Reference value :  3.08407e-06
 Reference value :  3.08423e-06
 Reference value :  3.08443e-06
 Reference value :  3.08447e-06
 Reference value :  3.08455e-06
 Reference value :  3.08459e-06
 Reference value :  3.08463e-06
 Reference value :  3.08467e-06
 Reference value :  3.08475e-06
 Reference value :  3.08479e-06
 Reference value :  3.08487e-06
 Reference value :  3.08495e-06
 Reference value :  3.08499e-06
 Reference value :  3.08507e-06
 Reference value :  3.08519e-06
 Reference value :  3.08531e-06
 Reference value :  3.08543e-06
 Reference value :  3.08551e-06
 Reference value :  3.08559e-06
 Reference value :  3.08571e-06
 Reference value :  3.08591e-06
 Reference value :  3.08607e-06
 Reference value :  3.08663e-06
 Reference value :  3.08739e-06
 Reference value :  3.08797e-06
 Reference value :  3.08827e-06
 Reference value :  3.08863e-06
 Reference value :  3.08939e-06
 Reference value :  3.09000e-06
 Reference value :  3.09031e-06
 Reference value :  3.09091e-06
 Reference value :  3.09159e-06
 Reference value :  3.09203e-06
 Reference value :  3.09239e-06
 Reference value :  3.09279e-06
 Reference value :  3.09339e-06
 Reference value :  3.09363e-06
 Reference value :  3.09403e-06
 Reference value :  3.09443e-06
 Reference value :  3.09523e-06
 Reference value :  3.09595e-06
 Reference value :  3.09619e-06
 Reference value :  3.09659e-06
 Reference value :  3.09735e-06
 Reference value :  3.09800e-06
 Reference value :  3.09823e-06
 Reference value :  3.09895e-06
 Reference value :  3.09967e-06
 Reference value :  3.10007e-06
 Reference value :  3.10051e-06
 Reference value :  3.10087e-06
 Reference value :  3.10163e-06
 Reference value :  3.10201e-06
 Reference value :  3.10239e-06
 Reference value :  3.10303e-06
 Reference value :  3.10379e-06
 Reference value :  3.10407e-06
 Reference value :  3.10443e-06
 Reference value :  3.10507e-06
 Reference value :  3.10583e-06
 Reference value :  3.10615e-06
 Reference value :  3.10663e-06
 Reference value :  3.10739e-06
 Reference value :  3.10800e-06
 Reference value :  3.10823e-06
 Reference value :  3.10867e-06
 Reference value :  3.10911e-06
 Reference value :  3.10983e-06
 Reference value :  3.11004e-06
 Reference value :  3.11043e-06
 Reference value :  3.11111e-06
 Reference value :  3.11135e-06
 Reference value :  3.11200e-06
 Reference value :  3.11231e-06
 Reference value :  3.11275e-06
 Reference value :  3.11355e-06
 Reference value :  3.11402e-06
 Reference value :  3.11447e-06
 Reference value :  3.11519e-06
 Reference value :  3.11587e-06
 Reference value :  3.11619e-06
 Reference value :  3.11663e-06
 Reference value :  3.11715e-06
 Reference value :  3.11787e-06
 Reference value :  3.11801e-06
 Reference value :  3.11802e-06
 Reference value :  3.11823e-06
 Reference value :  3.11875e-06
 Reference value :  3.11911e-06
 Reference value :  3.11967e-06
 Reference value :  3.12000e-06
 Reference value :  3.12015e-06
 Reference value :  3.12035e-06
 Reference value :  3.12091e-06
 Reference value :  3.12167e-06
 Reference value :  3.12201e-06
 Reference value :  3.12231e-06
 Reference value :  3.12299e-06
 Reference value :  3.12371e-06
 Reference value :  3.12403e-06
 Reference value :  3.12423e-06
 Reference value :  3.12463e-06
 Reference value :  3.12515e-06
 Reference value :  3.12583e-06
 Reference value :  3.12607e-06
 Reference value :  3.12663e-06
 Reference value :  3.12727e-06
 Reference value :  3.12800e-06
 Reference value :  3.12827e-06
 Reference value :  3.12879e-06
 Reference value :  3.12955e-06
 Reference value :  3.13002e-06
 Reference value :  3.13051e-06
 Reference value :  3.13119e-06
 Reference value :  3.13195e-06
 Reference value :  3.13219e-06
 Reference value :  3.13267e-06
 Reference value :  3.13307e-06
 Reference value :  3.13383e-06
 Reference value :  3.13411e-06
 Reference value :  3.13467e-06
 Reference value :  3.13543e-06
 Reference value :  3.13595e-06
 Reference value :  3.13602e-06
 Reference value :  3.13635e-06
 Reference value :  3.13691e-06
 Reference value :  3.13767e-06
 Reference value :  3.13803e-06
 Reference value :  3.13851e-06
 Reference value :  3.13915e-06
 Reference value :  3.13983e-06
 Reference value :  3.14007e-06
 Reference value :  3.14043e-06
 Reference value :  3.14083e-06
 Reference value :  3.14123e-06
 Reference value :  3.14197e-06
 Reference value :  3.14219e-06
 Reference value :  3.14295e-06
 Reference value :  3.14363e-06
 Reference value :  3.14404e-06
 Reference value :  3.14439e-06
 Reference value :  3.14503e-06
 Reference value :  3.14579e-06
 Reference value :  3.14611e-06
 Reference value :  3.14671e-06
 Reference value :  3.14739e-06
 Reference value :  3.14801e-06
 Reference value :  3.14827e-06
 Reference value :  3.14867e-06
 Reference value :  3.14923e-06
 Reference value :  3.14997e-06
 Reference value :  3.15023e-06
 Reference value :  3.15087e-06
 Reference value :  3.15159e-06
 Reference value :  3.15201e-06
 Reference value :  3.15235e-06
 Reference value :  3.15291e-06
 Reference value :  3.15367e-06
 Reference value :  3.15407e-06
 Reference value :  3.15423e-06
 Reference value :  3.15447e-06
 Reference value :  3.15491e-06
 Reference value :  3.15531e-06
 Reference value :  3.15567e-06
 Reference value :  3.15597e-06
 Reference value :  3.15602e-06
 Reference value :  3.15604e-06
 Reference value :  3.15611e-06
 Reference value :  3.15647e-06
 Reference value :  3.15671e-06
 Reference value :  3.15683e-06
 Reference value :  3.15711e-06
 Reference value :  3.15787e-06
 Reference value :  3.15815e-06
 Reference value :  3.15871e-06
 Reference value :  3.15947e-06
 Reference value :  3.16001e-06
 Reference value :  3.16035e-06
 Reference value :  3.16087e-06
 Reference value :  3.16155e-06
 Reference value :  3.16187e-06
 Reference value :  3.16201e-06
 Reference value :  3.16227e-06
 Reference value :  3.16299e-06
 Reference value :  3.16375e-06
 Reference value :  3.16407e-06
 Reference value :  3.16431e-06
 Reference value :  3.16447e-06
 Reference value :  3.16487e-06
 Reference value :  3.16555e-06
 Reference value :  3.16602e-06
 Reference value :  3.16647e-06
 Reference value :  3.16719e-06
 Reference value :  3.16747e-06
 Reference value :  3.16801e-06
 Reference value :  3.16831e-06
 Reference value :  3.16879e-06
 Reference value :  3.16939e-06
 Reference value :  3.16979e-06
 Reference value :  3.17002e-06
 Reference value :  3.17039e-06
 Reference value :  3.17115e-06
 Reference value :  3.17191e-06
 Reference value :  3.17219e-06
 Reference value :  3.17259e-06
 Reference value :  3.17303e-06
 Reference value :  3.17371e-06
 Reference value :  3.17404e-06
 Reference value :  3.17459e-06
 Reference value :  3.17531e-06
 Reference value :  3.17597e-06
 Reference value :  3.17619e-06
 Reference value :  3.17651e-06
 Reference value :  3.17727e-06
 Reference value :  3.17791e-06
 Reference value :  3.17819e-06
 Reference value :  3.17879e-06
 Reference value :  3.17955e-06
 Reference value :  3.18002e-06
 Reference value :  3.18039e-06
 Reference value :  3.18075e-06
 Reference value :  3.18139e-06
 Reference value :  3.18201e-06
 Reference value :  3.18227e-06
 Reference value :  3.18299e-06
 Reference value :  3.18367e-06
 Reference value :  3.18407e-06
 Reference value :  3.18447e-06
 Reference value :  3.18511e-06
 Reference value :  3.18583e-06
 Reference value :  3.18611e-06
 Reference value :  3.18675e-06
 Reference value :  3.18739e-06
 Reference value :  3.18800e-06
 Reference value :  3.18827e-06
 Reference value :  3.18867e-06
 Reference value :  3.18919e-06
 Reference value :  3.18983e-06
 Reference value :  3.19015e-06
 Reference value :  3.19067e-06
 Reference value :  3.19135e-06
 Reference value :  3.19200e-06
 Reference value :  3.19215e-06
 Reference value :  3.19247e-06
 Reference value :  3.19311e-06
 Reference value :  3.19387e-06
 Reference value :  3.19411e-06
 Reference value :  3.19427e-06
 Reference value :  3.19467e-06
 Reference value :  3.19515e-06
 Reference value :  3.19563e-06
 Reference value :  3.19600e-06
 Reference value :  3.19615e-06
 Reference value :  3.19635e-06
 Reference value :  3.19663e-06
 Reference value :  3.19675e-06
 Reference value :  3.19739e-06
 Reference value :  3.19800e-06
 Reference value :  3.19827e-06
 Reference value :  3.19891e-06
 Reference value :  3.19967e-06
No. of Data Rows : 94280
sim/harness: analysis complete
Note: Simulation executed from .control section 
Note: Starting dynamic gmin stepping
Note: Dynamic gmin stepping completed
