
Note: Compatibility modes selected: hs a


Circuit: ** sch_path: /home/ubuntu/github/sky130-pll/.loom/worktrees/issue-130/sim/divider-n64/testbench/tb_divider_n64.sch

option SCALE: Scale is set to 1e-06 for instance and model parameters
option SCALE: Scale is set to 1e-06 for instance and model parameters
option SCALE: Scale is set to 1e-06 for instance and model parameters
option SCALE: Scale is set to 1e-06 for instance and model parameters
Doing analysis at TEMP = 27.000000 and TNOM = 27.000000

Using KLU as Direct Linear Solver
 Reference value :  0.00000e+00
 Reference value :  1.82900e-10
 Reference value :  7.02900e-10
 Reference value :  1.26290e-09
 Reference value :  2.00125e-09
 Reference value :  2.06763e-09
 Reference value :  2.18762e-09
 Reference value :  2.22762e-09
 Reference value :  2.30762e-09
 Reference value :  2.42762e-09
 Reference value :  2.54762e-09
 Reference value :  2.66762e-09
 Reference value :  2.74762e-09
 Reference value :  2.82762e-09
 Reference value :  2.90762e-09
 Reference value :  2.98762e-09
 Reference value :  3.06762e-09
 Reference value :  3.30762e-09
 Reference value :  4.00125e-09
 Reference value :  4.26763e-09
 Reference value :  4.94762e-09
 Reference value :  5.50000e-09
 Reference value :  6.00375e-09
 Reference value :  6.06763e-09
 Reference value :  6.54762e-09
 Reference value :  6.70762e-09
 Reference value :  7.10762e-09
 Reference value :  7.82763e-09
 Reference value :  8.14763e-09
 Reference value :  8.46763e-09
 Reference value :  9.06763e-09
 Reference value :  9.86763e-09
 Reference value :  1.01476e-08
 Reference value :  1.07876e-08
 Reference value :  1.15476e-08
 Reference value :  1.20186e-08
 Reference value :  1.25076e-08
 Reference value :  1.29076e-08
 Reference value :  1.34676e-08
 Reference value :  1.40038e-08
 Reference value :  1.44276e-08
 Reference value :  1.51076e-08
 Reference value :  1.57876e-08
 Reference value :  1.61476e-08
 Reference value :  1.65876e-08
 Reference value :  1.69876e-08
 Reference value :  1.77076e-08
 Reference value :  1.80676e-08
 Reference value :  1.86676e-08
 Reference value :  1.92276e-08
 Reference value :  1.97076e-08
 Reference value :  2.00676e-08
 Reference value :  2.05876e-08
 Reference value :  2.10676e-08
 Reference value :  2.17076e-08
 Reference value :  2.20676e-08
 Reference value :  2.27476e-08
 Reference value :  2.34276e-08
 Reference value :  2.40125e-08
 Reference value :  2.43876e-08
 Reference value :  2.49476e-08
 Reference value :  2.52676e-08
 Reference value :  2.57076e-08
 Reference value :  2.60134e-08
 Reference value :  2.62276e-08
 Reference value :  2.65876e-08
 Reference value :  2.68276e-08
 Reference value :  2.72276e-08
 Reference value :  2.77076e-08
 Reference value :  2.79738e-08
 Reference value :  2.80676e-08
 Reference value :  2.85876e-08
 Reference value :  2.90676e-08
 Reference value :  2.96676e-08
 Reference value :  2.99738e-08
 Reference value :  3.01076e-08
 Reference value :  3.08276e-08
 Reference value :  3.15476e-08
 Reference value :  3.20134e-08
 Reference value :  3.24676e-08
 Reference value :  3.31076e-08
 Reference value :  3.38676e-08
 Reference value :  3.41476e-08
 Reference value :  3.48276e-08
 Reference value :  3.55876e-08
 Reference value :  3.60186e-08
 Reference value :  3.64676e-08
 Reference value :  3.69476e-08
 Reference value :  3.74276e-08
 Reference value :  3.80038e-08
 Reference value :  3.83876e-08
 Reference value :  3.90676e-08
 Reference value :  3.98276e-08
 Reference value :  4.01476e-08
 Reference value :  4.06276e-08
 Reference value :  4.13876e-08
 Reference value :  4.20013e-08
 Reference value :  4.23476e-08
 Reference value :  4.28676e-08
 Reference value :  4.36276e-08
 Reference value :  4.40256e-08
 Reference value :  4.45076e-08
 Reference value :  4.50276e-08
 Reference value :  4.56276e-08
 Reference value :  4.60256e-08
 Reference value :  4.65476e-08
 Reference value :  4.73076e-08
 Reference value :  4.79476e-08
 Reference value :  4.82276e-08
 Reference value :  4.87876e-08
 Reference value :  4.94676e-08
 Reference value :  5.00081e-08
 Reference value :  5.03476e-08
 Reference value :  5.11076e-08
 Reference value :  5.17476e-08
 Reference value :  5.20000e-08
 Reference value :  5.20396e-08
 Reference value :  5.24276e-08
 Reference value :  5.27476e-08
 Reference value :  5.30676e-08
 Reference value :  5.33876e-08
 Reference value :  5.36676e-08
 Reference value :  5.40081e-08
 Reference value :  5.40186e-08
 Reference value :  5.45876e-08
 Reference value :  5.53076e-08
 Reference value :  5.60013e-08
 Reference value :  5.63476e-08
 Reference value :  5.68276e-08
 Reference value :  5.75876e-08
 Reference value :  5.80081e-08
 Reference value :  5.84276e-08
 Reference value :  5.91476e-08
 Reference value :  5.98676e-08
 Reference value :  6.01876e-08
 Reference value :  6.06676e-08
 Reference value :  6.10276e-08
 Reference value :  6.16276e-08
 Reference value :  6.20396e-08
 Reference value :  6.22676e-08
 Reference value :  6.30276e-08
 Reference value :  6.37076e-08
 Reference value :  6.40676e-08
 Reference value :  6.45876e-08
 Reference value :  6.52276e-08
 Reference value :  6.59738e-08
 Reference value :  6.62676e-08
 Reference value :  6.69876e-08
 Reference value :  6.77076e-08
 Reference value :  6.80676e-08
 Reference value :  6.85876e-08
 Reference value :  6.91076e-08
 Reference value :  6.95876e-08
 Reference value :  7.00151e-08
 Reference value :  7.05876e-08
 Reference value :  7.13076e-08
 Reference value :  7.20000e-08
 Reference value :  7.23061e-08
 Reference value :  7.28261e-08
 Reference value :  7.35861e-08
 Reference value :  7.40186e-08
 Reference value :  7.45876e-08
 Reference value :  7.52676e-08
 Reference value :  7.60000e-08
 Reference value :  7.62676e-08
 Reference value :  7.67476e-08
 Reference value :  7.69076e-08
 Reference value :  7.74276e-08
 Reference value :  7.80125e-08
 Reference value :  7.83076e-08
 Reference value :  7.90676e-08
 Reference value :  7.97476e-08
 Reference value :  8.01076e-08
 Reference value :  8.06276e-08
 Reference value :  8.13076e-08
 Reference value :  8.20013e-08
 Reference value :  8.22276e-08
 Reference value :  8.29076e-08
 Reference value :  8.35876e-08
 Reference value :  8.40253e-08
 Reference value :  8.43861e-08
 Reference value :  8.49461e-08
 Reference value :  8.55461e-08
 Reference value :  8.60186e-08
 Reference value :  8.65876e-08
 Reference value :  8.68276e-08
 Reference value :  8.75876e-08
 Reference value :  8.80134e-08
 Reference value :  8.84676e-08
 Reference value :  8.90276e-08
 Reference value :  8.93876e-08
 Reference value :  8.95876e-08
 Reference value :  9.00186e-08
 Reference value :  9.04276e-08
 Reference value :  9.11076e-08
 Reference value :  9.18676e-08
 Reference value :  9.21476e-08
 Reference value :  9.25476e-08
 Reference value :  9.29876e-08
 Reference value :  9.32676e-08
 Reference value :  9.39076e-08
 Reference value :  9.41876e-08
 Reference value :  9.48276e-08
 Reference value :  9.54676e-08
 Reference value :  9.60125e-08
 Reference value :  9.63476e-08
 Reference value :  9.64676e-08
 Reference value :  9.65876e-08
 Reference value :  9.73076e-08
 Reference value :  9.80013e-08
 Reference value :  9.82676e-08
 Reference value :  9.89476e-08
 Reference value :  9.93476e-08
 Reference value :  9.97876e-08
 Reference value :  1.00026e-07
 Reference value :  1.00348e-07
 Reference value :  1.00508e-07
 Reference value :  1.00788e-07
 Reference value :  1.01148e-07
 Reference value :  1.01588e-07
 Reference value :  1.01748e-07
 Reference value :  1.02019e-07
 Reference value :  1.02228e-07
 Reference value :  1.02348e-07
 Reference value :  1.02428e-07
 Reference value :  1.02548e-07
 Reference value :  1.02668e-07
 Reference value :  1.02788e-07
 Reference value :  1.02908e-07
 Reference value :  1.03028e-07
 Reference value :  1.03148e-07
 Reference value :  1.03268e-07
 Reference value :  1.03388e-07
 Reference value :  1.03468e-07
 Reference value :  1.03588e-07
 Reference value :  1.03708e-07
 Reference value :  1.03828e-07
 Reference value :  1.03948e-07
 Reference value :  1.04001e-07
 Reference value :  1.04013e-07
 Reference value :  1.04019e-07
 Reference value :  1.04068e-07
 Reference value :  1.04148e-07
 Reference value :  1.04228e-07
 Reference value :  1.04308e-07
 Reference value :  1.04388e-07
 Reference value :  1.04468e-07
 Reference value :  1.04508e-07
 Reference value :  1.04588e-07
 Reference value :  1.04628e-07
 Reference value :  1.04748e-07
 Reference value :  1.04988e-07
 Reference value :  1.05308e-07
 Reference value :  1.05668e-07
 Reference value :  1.05908e-07
 Reference value :  1.06148e-07
 Reference value :  1.06308e-07
 Reference value :  1.06828e-07
 Reference value :  1.07308e-07
 Reference value :  1.07908e-07
 Reference value :  1.08188e-07
 Reference value :  1.08468e-07
 Reference value :  1.08948e-07
 Reference value :  1.09548e-07
 Reference value :  1.10015e-07
 Reference value :  1.10508e-07
 Reference value :  1.11028e-07
 Reference value :  1.11428e-07
 Reference value :  1.12000e-07
 Reference value :  1.12346e-07
 Reference value :  1.12866e-07
 Reference value :  1.13666e-07
 Reference value :  1.14040e-07
 Reference value :  1.14188e-07
 Reference value :  1.14348e-07
 Reference value :  1.14468e-07
 Reference value :  1.14668e-07
 Reference value :  1.14788e-07
 Reference value :  1.14908e-07
 Reference value :  1.14988e-07
 Reference value :  1.15108e-07
 Reference value :  1.15188e-07
 Reference value :  1.15308e-07
 Reference value :  1.15468e-07
 Reference value :  1.15948e-07
 Reference value :  1.16068e-07
 Reference value :  1.16428e-07
 Reference value :  1.16708e-07
 Reference value :  1.16948e-07
 Reference value :  1.17108e-07
 Reference value :  1.17388e-07
 Reference value :  1.17748e-07
 Reference value :  1.18015e-07
 Reference value :  1.18188e-07
 Reference value :  1.18588e-07
 Reference value :  1.18988e-07
 Reference value :  1.19508e-07
 Reference value :  1.19948e-07
 Reference value :  1.20001e-07
 Reference value :  1.20040e-07
 Reference value :  1.20348e-07
 Reference value :  1.20548e-07
 Reference value :  1.20788e-07
 Reference value :  1.21108e-07
 Reference value :  1.21228e-07
 Reference value :  1.21348e-07
 Reference value :  1.21788e-07
 Reference value :  1.22013e-07
 Reference value :  1.22068e-07
 Reference value :  1.22148e-07
 Reference value :  1.22508e-07
 Reference value :  1.22988e-07
 Reference value :  1.23508e-07
 Reference value :  1.23748e-07
 Reference value :  1.23948e-07
 Reference value :  1.24068e-07
 Reference value :  1.24348e-07
 Reference value :  1.24588e-07
 Reference value :  1.24828e-07
 Reference value :  1.25108e-07
 Reference value :  1.25508e-07
 Reference value :  1.25748e-07
 Reference value :  1.26000e-07
 Reference value :  1.26148e-07
 Reference value :  1.26468e-07
 Reference value :  1.26988e-07
 Reference value :  1.27508e-07
 Reference value :  1.28001e-07
 Reference value :  1.28026e-07
 Reference value :  1.28068e-07
 Reference value :  1.28188e-07
 Reference value :  1.28508e-07
 Reference value :  1.28868e-07
 Reference value :  1.29268e-07
 Reference value :  1.29748e-07
 Reference value :  1.30001e-07
 Reference value :  1.30019e-07
 Reference value :  1.30468e-07
 Reference value :  1.31228e-07
 Reference value :  1.31948e-07
 Reference value :  1.32015e-07
 Reference value :  1.32108e-07
 Reference value :  1.32348e-07
 Reference value :  1.32868e-07
 Reference value :  1.33308e-07
 Reference value :  1.33868e-07
 Reference value :  1.34148e-07
 Reference value :  1.34828e-07
 Reference value :  1.35508e-07
 Reference value :  1.36000e-07
 Reference value :  1.36013e-07
 Reference value :  1.36228e-07
 Reference value :  1.36588e-07
 Reference value :  1.36788e-07
 Reference value :  1.37308e-07
 Reference value :  1.37974e-07
 Reference value :  1.38188e-07
 Reference value :  1.38828e-07
 Reference value :  1.38948e-07
 Reference value :  1.39308e-07
 Reference value :  1.39908e-07
 Reference value :  1.40004e-07
 Reference value :  1.40040e-07
 Reference value :  1.40508e-07
 Reference value :  1.40988e-07
 Reference value :  1.41628e-07
 Reference value :  1.42000e-07
 Reference value :  1.42008e-07
 Reference value :  1.42308e-07
 Reference value :  1.42908e-07
 Reference value :  1.43588e-07
 Reference value :  1.44008e-07
 Reference value :  1.44388e-07
 Reference value :  1.44748e-07
 Reference value :  1.45348e-07
 Reference value :  1.46004e-07
 Reference value :  1.46308e-07
 Reference value :  1.47068e-07
 Reference value :  1.47788e-07
 Reference value :  1.48040e-07
 Reference value :  1.48508e-07
 Reference value :  1.48828e-07
 Reference value :  1.49348e-07
 Reference value :  1.50008e-07
 Reference value :  1.50468e-07
 Reference value :  1.50748e-07
 Reference value :  1.50908e-07
 Reference value :  1.51108e-07
 Reference value :  1.51468e-07
 Reference value :  1.51908e-07
 Reference value :  1.52013e-07
 Reference value :  1.52188e-07
 Reference value :  1.52468e-07
 Reference value :  1.52548e-07
 Reference value :  1.52948e-07
 Reference value :  1.53468e-07
 Reference value :  1.53588e-07
 Reference value :  1.53708e-07
 Reference value :  1.54001e-07
 Reference value :  1.54026e-07
 Reference value :  1.54588e-07
 Reference value :  1.55348e-07
 Reference value :  1.56000e-07
 Reference value :  1.56308e-07
 Reference value :  1.56708e-07
 Reference value :  1.56908e-07
 Reference value :  1.56988e-07
 Reference value :  1.57068e-07
 Reference value :  1.57588e-07
 Reference value :  1.58001e-07
 Reference value :  1.58068e-07
 Reference value :  1.58268e-07
 Reference value :  1.58508e-07
 Reference value :  1.58668e-07
 Reference value :  1.59188e-07
 Reference value :  1.59588e-07
 Reference value :  1.59828e-07
 Reference value :  1.59908e-07
 Reference value :  1.60001e-07
 Reference value :  1.60026e-07
 Reference value :  1.60268e-07
 Reference value :  1.60388e-07
 Reference value :  1.60468e-07
 Reference value :  1.60548e-07
 Reference value :  1.60628e-07
 Reference value :  1.60708e-07
 Reference value :  1.60828e-07
 Reference value :  1.60908e-07
 Reference value :  1.61028e-07
 Reference value :  1.61148e-07
 Reference value :  1.61268e-07
 Reference value :  1.61388e-07
 Reference value :  1.61508e-07
 Reference value :  1.61788e-07
 Reference value :  1.62148e-07
 Reference value :  1.62748e-07
 Reference value :  1.63028e-07
 Reference value :  1.63628e-07
 Reference value :  1.64026e-07
 Reference value :  1.64228e-07
 Reference value :  1.64668e-07
 Reference value :  1.65188e-07
 Reference value :  1.65828e-07
 Reference value :  1.66148e-07
 Reference value :  1.66428e-07
 Reference value :  1.66748e-07
 Reference value :  1.67348e-07
 Reference value :  1.68008e-07
 Reference value :  1.68388e-07
 Reference value :  1.68988e-07
 Reference value :  1.69588e-07
 Reference value :  1.70019e-07
 Reference value :  1.70508e-07
 Reference value :  1.71068e-07
 Reference value :  1.71748e-07
 Reference value :  1.72068e-07
 Reference value :  1.72588e-07
 Reference value :  1.73068e-07
 Reference value :  1.73788e-07
 Reference value :  1.74015e-07
 Reference value :  1.74508e-07
 Reference value :  1.75268e-07
 Reference value :  1.75974e-07
 Reference value :  1.76308e-07
 Reference value :  1.76828e-07
 Reference value :  1.77588e-07
 Reference value :  1.78015e-07
 Reference value :  1.78188e-07
 Reference value :  1.78468e-07
 Reference value :  1.79068e-07
 Reference value :  1.79828e-07
 Reference value :  1.80108e-07
 Reference value :  1.80388e-07
 Reference value :  1.80908e-07
 Reference value :  1.80988e-07
 Reference value :  1.81188e-07
 Reference value :  1.81628e-07
 Reference value :  1.82001e-07
 Reference value :  1.82148e-07
 Reference value :  1.82628e-07
 Reference value :  1.82748e-07
 Reference value :  1.82988e-07
 Reference value :  1.83668e-07
 Reference value :  1.84068e-07
 Reference value :  1.84548e-07
 Reference value :  1.85108e-07
 Reference value :  1.85468e-07
 Reference value :  1.86000e-07
 Reference value :  1.86308e-07
 Reference value :  1.87028e-07
 Reference value :  1.87348e-07
 Reference value :  1.87748e-07
 Reference value :  1.88026e-07
 Reference value :  1.88468e-07
 Reference value :  1.88588e-07
 Reference value :  1.88908e-07
 Reference value :  1.89308e-07
 Reference value :  1.89708e-07
 Reference value :  1.89868e-07
 Reference value :  1.90004e-07
 Reference value :  1.90228e-07
 Reference value :  1.90428e-07
 Reference value :  1.90548e-07
 Reference value :  1.90668e-07
 Reference value :  1.90908e-07
 Reference value :  1.91028e-07
 Reference value :  1.91148e-07
 Reference value :  1.91228e-07
 Reference value :  1.91348e-07
 Reference value :  1.91468e-07
 Reference value :  1.91548e-07
 Reference value :  1.91668e-07
 Reference value :  1.91788e-07
 Reference value :  1.91868e-07
 Reference value :  1.92000e-07
 Reference value :  1.92008e-07
 Reference value :  1.92015e-07
 Reference value :  1.92040e-07
 Reference value :  1.92108e-07
 Reference value :  1.92188e-07
 Reference value :  1.92268e-07
 Reference value :  1.92388e-07
 Reference value :  1.92508e-07
 Reference value :  1.92588e-07
 Reference value :  1.92668e-07
 Reference value :  1.93428e-07
 Reference value :  1.93974e-07
 Reference value :  1.94228e-07
 Reference value :  1.94508e-07
 Reference value :  1.94828e-07
 Reference value :  1.95068e-07
 Reference value :  1.95348e-07
 Reference value :  1.96001e-07
 Reference value :  1.96228e-07
 Reference value :  1.96468e-07
 Reference value :  1.96948e-07
 Reference value :  1.97388e-07
 Reference value :  1.97974e-07
 Reference value :  1.98308e-07
 Reference value :  1.98868e-07
 Reference value :  1.99348e-07
 Reference value :  1.99588e-07
 Reference value :  2.00015e-07
 Reference value :  2.00468e-07
 Reference value :  2.01068e-07
 Reference value :  2.01508e-07
 Reference value :  2.02001e-07
 Reference value :  2.02308e-07
 Reference value :  2.03028e-07
 Reference value :  2.03788e-07
 Reference value :  2.04108e-07
 Reference value :  2.04508e-07
 Reference value :  2.04868e-07
 Reference value :  2.05108e-07
 Reference value :  2.05868e-07
 Reference value :  2.06188e-07
 Reference value :  2.06948e-07
 Reference value :  2.07668e-07
 Reference value :  2.08015e-07
 Reference value :  2.08308e-07
 Reference value :  2.08868e-07
 Reference value :  2.09668e-07
 Reference value :  2.09828e-07
 Reference value :  2.10148e-07
 Reference value :  2.10788e-07
 Reference value :  2.11308e-07
 Reference value :  2.11748e-07
 Reference value :  2.12108e-07
 Reference value :  2.12588e-07
 Reference value :  2.13108e-07
 Reference value :  2.13668e-07
 Reference value :  2.13908e-07
 Reference value :  2.14228e-07
 Reference value :  2.14868e-07
 Reference value :  2.15588e-07
 Reference value :  2.16019e-07
 Reference value :  2.16508e-07
 Reference value :  2.17108e-07
 Reference value :  2.17508e-07
 Reference value :  2.17748e-07
 Reference value :  2.18026e-07
 Reference value :  2.18428e-07
 Reference value :  2.18948e-07
 Reference value :  2.19508e-07
 Reference value :  2.19628e-07
 Reference value :  2.19828e-07
 Reference value :  2.20000e-07
 Reference value :  2.20308e-07
 Reference value :  2.20828e-07
 Reference value :  2.21308e-07
 Reference value :  2.21668e-07
 Reference value :  2.22001e-07
 Reference value :  2.22188e-07
 Reference value :  2.22788e-07
 Reference value :  2.23508e-07
 Reference value :  2.24004e-07
 Reference value :  2.24228e-07
 Reference value :  2.24788e-07
 Reference value :  2.25388e-07
 Reference value :  2.26008e-07
 Reference value :  2.26388e-07
 Reference value :  2.27068e-07
 Reference value :  2.27388e-07
 Reference value :  2.28008e-07
 Reference value :  2.28348e-07
 Reference value :  2.28868e-07
 Reference value :  2.29388e-07
 Reference value :  2.29708e-07
 Reference value :  2.30000e-07
 Reference value :  2.30015e-07
 Reference value :  2.30548e-07
 Reference value :  2.31228e-07
 Reference value :  2.31868e-07
 Reference value :  2.32188e-07
 Reference value :  2.32628e-07
 Reference value :  2.33148e-07
 Reference value :  2.33468e-07
 Reference value :  2.34015e-07
 Reference value :  2.34308e-07
 Reference value :  2.34628e-07
 Reference value :  2.35308e-07
 Reference value :  2.35828e-07
 Reference value :  2.36013e-07
 Reference value :  2.36308e-07
 Reference value :  2.36708e-07
 Reference value :  2.37068e-07
 Reference value :  2.37468e-07
 Reference value :  2.37908e-07
 Reference value :  2.38013e-07
 Reference value :  2.38268e-07
 Reference value :  2.38628e-07
 Reference value :  2.39148e-07
 Reference value :  2.39268e-07
 Reference value :  2.39388e-07
 Reference value :  2.39508e-07
 Reference value :  2.39628e-07
 Reference value :  2.39708e-07
 Reference value :  2.39828e-07
 Reference value :  2.39948e-07
 Reference value :  2.40001e-07
 Reference value :  2.40013e-07
 Reference value :  2.40019e-07
 Reference value :  2.40040e-07
 Reference value :  2.40108e-07
 Reference value :  2.40188e-07
 Reference value :  2.40268e-07
 Reference value :  2.40348e-07
 Reference value :  2.40388e-07
 Reference value :  2.40468e-07
 Reference value :  2.40548e-07
 Reference value :  2.40628e-07
 Reference value :  2.40708e-07
 Reference value :  2.40828e-07
 Reference value :  2.40948e-07
 Reference value :  2.41068e-07
 Reference value :  2.41228e-07
 Reference value :  2.41548e-07
 Reference value :  2.42019e-07
 Reference value :  2.42548e-07
 Reference value :  2.42988e-07
 Reference value :  2.43748e-07
 Reference value :  2.44108e-07
 Reference value :  2.44628e-07
 Reference value :  2.45108e-07
 Reference value :  2.45548e-07
 Reference value :  2.45908e-07
 Reference value :  2.46013e-07
 Reference value :  2.46108e-07
 Reference value :  2.46828e-07
 Reference value :  2.47588e-07
 Reference value :  2.48015e-07
 Reference value :  2.48146e-07
 Reference value :  2.48346e-07
 Reference value :  2.48506e-07
 Reference value :  2.48586e-07
 Reference value :  2.48626e-07
 Reference value :  2.48786e-07
 Reference value :  2.49426e-07
 Reference value :  2.50000e-07
 Reference value :  2.50268e-07
 Reference value :  2.50948e-07
 Reference value :  2.51428e-07
 Reference value :  2.51708e-07
 Reference value :  2.52039e-07
 Reference value :  2.52306e-07
 Reference value :  2.52826e-07
 Reference value :  2.53266e-07
 Reference value :  2.53946e-07
 Reference value :  2.54019e-07
 Reference value :  2.54588e-07
 Reference value :  2.55268e-07
 Reference value :  2.56001e-07
 Reference value :  2.56040e-07
 Reference value :  2.56268e-07
 Reference value :  2.56388e-07
 Reference value :  2.56548e-07
 Reference value :  2.56988e-07
 Reference value :  2.57468e-07
 Reference value :  2.57868e-07
 Reference value :  2.57974e-07
 Reference value :  2.58040e-07
 Reference value :  2.58428e-07
 Reference value :  2.58948e-07
 Reference value :  2.59268e-07
 Reference value :  2.59948e-07
 Reference value :  2.60026e-07
 Reference value :  2.60348e-07
 Reference value :  2.60868e-07
 Reference value :  2.61308e-07
 Reference value :  2.61908e-07
 Reference value :  2.62004e-07
 Reference value :  2.62068e-07
 Reference value :  2.62668e-07
 Reference value :  2.63428e-07
 Reference value :  2.64013e-07
 Reference value :  2.64386e-07
 Reference value :  2.65026e-07
 Reference value :  2.65266e-07
 Reference value :  2.65386e-07
 Reference value :  2.65906e-07
 Reference value :  2.66040e-07
 Reference value :  2.66548e-07
 Reference value :  2.66748e-07
 Reference value :  2.67028e-07
 Reference value :  2.67428e-07
 Reference value :  2.68004e-07
 Reference value :  2.68348e-07
 Reference value :  2.68708e-07
 Reference value :  2.68948e-07
 Reference value :  2.69188e-07
 Reference value :  2.69508e-07
 Reference value :  2.70013e-07
 Reference value :  2.70188e-07
 Reference value :  2.70508e-07
 Reference value :  2.71268e-07
 Reference value :  2.72000e-07
 Reference value :  2.72308e-07
 Reference value :  2.72908e-07
 Reference value :  2.73668e-07
 Reference value :  2.74013e-07
 Reference value :  2.74068e-07
 Reference value :  2.74708e-07
 Reference value :  2.75508e-07
 Reference value :  2.76008e-07
 Reference value :  2.76306e-07
 Reference value :  2.76506e-07
 Reference value :  2.76986e-07
 Reference value :  2.77226e-07
 Reference value :  2.77506e-07
 Reference value :  2.77786e-07
 Reference value :  2.78000e-07
 Reference value :  2.78013e-07
 Reference value :  2.78268e-07
 Reference value :  2.78828e-07
 Reference value :  2.79348e-07
 Reference value :  2.79468e-07
 Reference value :  2.79948e-07
 Reference value :  2.80040e-07
 Reference value :  2.80268e-07
 Reference value :  2.80788e-07
 Reference value :  2.81348e-07
 Reference value :  2.81828e-07
 Reference value :  2.82000e-07
 Reference value :  2.82008e-07
 Reference value :  2.82388e-07
 Reference value :  2.83068e-07
 Reference value :  2.83468e-07
 Reference value :  2.84008e-07
 Reference value :  2.84388e-07
 Reference value :  2.84908e-07
 Reference value :  2.85468e-07
 Reference value :  2.86013e-07
 Reference value :  2.86508e-07
 Reference value :  2.86908e-07
 Reference value :  2.87388e-07
 Reference value :  2.87668e-07
 Reference value :  2.88066e-07
 Reference value :  2.88506e-07
 Reference value :  2.88946e-07
 Reference value :  2.89186e-07
 Reference value :  2.89946e-07
 Reference value :  2.90228e-07
 Reference value :  2.90748e-07
 Reference value :  2.91468e-07
 Reference value :  2.92001e-07
 Reference value :  2.92012e-07
 Reference value :  2.92188e-07
 Reference value :  2.92468e-07
 Reference value :  2.92748e-07
 Reference value :  2.93068e-07
 Reference value :  2.93188e-07
 Reference value :  2.93668e-07
 Reference value :  2.93974e-07
 Reference value :  2.94148e-07
 Reference value :  2.94628e-07
 Reference value :  2.94948e-07
 Reference value :  2.95588e-07
 Reference value :  2.96015e-07
 Reference value :  2.96108e-07
 Reference value :  2.96468e-07
 Reference value :  2.96868e-07
 Reference value :  2.97428e-07
 Reference value :  2.98004e-07
 Reference value :  2.98268e-07
 Reference value :  2.98748e-07
 Reference value :  2.99308e-07
 Reference value :  2.99748e-07
 Reference value :  3.00004e-07
 Reference value :  3.00066e-07
 Reference value :  3.00186e-07
 Reference value :  3.00306e-07
 Reference value :  3.00546e-07
 Reference value :  3.00666e-07
 Reference value :  3.01026e-07
 Reference value :  3.01106e-07
 Reference value :  3.01186e-07
 Reference value :  3.01306e-07
 Reference value :  3.01386e-07
 Reference value :  3.01506e-07
 Reference value :  3.01626e-07
 Reference value :  3.01706e-07
 Reference value :  3.01906e-07
 Reference value :  3.02000e-07
 Reference value :  3.02004e-07
 Reference value :  3.02013e-07
 Reference value :  3.02019e-07
 Reference value :  3.02068e-07
 Reference value :  3.02148e-07
 Reference value :  3.02188e-07
 Reference value :  3.02268e-07
 Reference value :  3.02388e-07
 Reference value :  3.02548e-07
 Reference value :  3.02668e-07
 Reference value :  3.02828e-07
 Reference value :  3.03548e-07
 Reference value :  3.04012e-07
 Reference value :  3.04388e-07
 Reference value :  3.04908e-07
 Reference value :  3.05628e-07
 Reference value :  3.05974e-07
 Reference value :  3.06008e-07
 Reference value :  3.06068e-07
 Reference value :  3.06508e-07
 Reference value :  3.06988e-07
 Reference value :  3.07468e-07
 Reference value :  3.07974e-07
 Reference value :  3.08068e-07
 Reference value :  3.08148e-07
 Reference value :  3.08268e-07
 Reference value :  3.08428e-07
 Reference value :  3.08788e-07
 Reference value :  3.08988e-07
 Reference value :  3.09108e-07
 Reference value :  3.09508e-07
 Reference value :  3.09908e-07
 Reference value :  3.10000e-07
 Reference value :  3.10008e-07
 Reference value :  3.10148e-07
 Reference value :  3.10268e-07
 Reference value :  3.10708e-07
 Reference value :  3.11428e-07
 Reference value :  3.12004e-07
 Reference value :  3.12018e-07
 Reference value :  3.12106e-07
 Reference value :  3.12626e-07
 Reference value :  3.13306e-07
 Reference value :  3.13973e-07
 Reference value :  3.14015e-07
 Reference value :  3.14348e-07
 Reference value :  3.15068e-07
 Reference value :  3.15828e-07
 Reference value :  3.16148e-07
 Reference value :  3.16428e-07
 Reference value :  3.16628e-07
 Reference value :  3.17028e-07
 Reference value :  3.17748e-07
 Reference value :  3.18068e-07
 Reference value :  3.18708e-07
 Reference value :  3.19228e-07
 Reference value :  3.19828e-07
 Reference value :  3.20040e-07
 Reference value :  3.20508e-07
 Reference value :  3.21228e-07
 Reference value :  3.21948e-07
 Reference value :  3.22228e-07
 Reference value :  3.22748e-07
 Reference value :  3.23108e-07
 Reference value :  3.23868e-07
 Reference value :  3.24186e-07
 Reference value :  3.24706e-07
 Reference value :  3.25146e-07
 Reference value :  3.25226e-07
 Reference value :  3.25586e-07
 Reference value :  3.26026e-07
 Reference value :  3.26588e-07
 Reference value :  3.27308e-07
 Reference value :  3.28001e-07
 Reference value :  3.28308e-07
 Reference value :  3.28588e-07
 Reference value :  3.28868e-07
 Reference value :  3.29668e-07
 Reference value :  3.30026e-07
 Reference value :  3.30628e-07
 Reference value :  3.31188e-07
 Reference value :  3.31748e-07
 Reference value :  3.32108e-07
 Reference value :  3.32588e-07
 Reference value :  3.33068e-07
 Reference value :  3.33468e-07
 Reference value :  3.34004e-07
 Reference value :  3.34268e-07
 Reference value :  3.34988e-07
 Reference value :  3.35748e-07
 Reference value :  3.36146e-07
 Reference value :  3.36666e-07
 Reference value :  3.37306e-07
 Reference value :  3.38004e-07
 Reference value :  3.38308e-07
 Reference value :  3.39068e-07
 Reference value :  3.39828e-07
 Reference value :  3.40188e-07
 Reference value :  3.40668e-07
 Reference value :  3.41148e-07
 Reference value :  3.41828e-07
 Reference value :  3.42108e-07
 Reference value :  3.42828e-07
 Reference value :  3.43508e-07
 Reference value :  3.44019e-07
 Reference value :  3.44508e-07
 Reference value :  3.45068e-07
 Reference value :  3.45828e-07
 Reference value :  3.46148e-07
 Reference value :  3.46828e-07
 Reference value :  3.47548e-07
 Reference value :  3.48013e-07
 Reference value :  3.48386e-07
 Reference value :  3.48826e-07
 Reference value :  3.49266e-07
 Reference value :  3.49946e-07
 Reference value :  3.50188e-07
 Reference value :  3.50788e-07
 Reference value :  3.51308e-07
 Reference value :  3.51828e-07
 Reference value :  3.52148e-07
 Reference value :  3.52668e-07
 Reference value :  3.53348e-07
 Reference value :  3.54001e-07
 Reference value :  3.54308e-07
 Reference value :  3.54908e-07
 Reference value :  3.55548e-07
 Reference value :  3.56013e-07
 Reference value :  3.56388e-07
 Reference value :  3.56948e-07
 Reference value :  3.57428e-07
 Reference value :  3.58001e-07
 Reference value :  3.58348e-07
 Reference value :  3.59028e-07
 Reference value :  3.59708e-07
 Reference value :  3.60040e-07
 Reference value :  3.60468e-07
 Reference value :  3.61108e-07
 Reference value :  3.61828e-07
 Reference value :  3.62188e-07
 Reference value :  3.62828e-07
 Reference value :  3.63628e-07
 Reference value :  3.64008e-07
 Reference value :  3.64108e-07
 Reference value :  3.64388e-07
 Reference value :  3.64468e-07
 Reference value :  3.64668e-07
 Reference value :  3.64868e-07
 Reference value :  3.65028e-07
 Reference value :  3.65268e-07
 Reference value :  3.65388e-07
 Reference value :  3.65508e-07
 Reference value :  3.65668e-07
 Reference value :  3.66013e-07
 Reference value :  3.66268e-07
 Reference value :  3.66628e-07
 Reference value :  3.67028e-07
 Reference value :  3.67588e-07
 Reference value :  3.68019e-07
 Reference value :  3.68468e-07
 Reference value :  3.69108e-07
 Reference value :  3.69508e-07
 Reference value :  3.70015e-07
 Reference value :  3.70508e-07
 Reference value :  3.71228e-07
 Reference value :  3.71974e-07
 Reference value :  3.72228e-07
 Reference value :  3.72748e-07
 Reference value :  3.73188e-07
 Reference value :  3.73428e-07
 Reference value :  3.73788e-07
 Reference value :  3.74004e-07
 Reference value :  3.74013e-07
 Reference value :  3.74188e-07
 Reference value :  3.74548e-07
 Reference value :  3.74948e-07
 Reference value :  3.75108e-07
 Reference value :  3.75388e-07
 Reference value :  3.75748e-07
 Reference value :  3.76040e-07
 Reference value :  3.76548e-07
 Reference value :  3.77188e-07
 Reference value :  3.77908e-07
 Reference value :  3.78068e-07
 Reference value :  3.78588e-07
 Reference value :  3.79268e-07
 Reference value :  3.80000e-07
 Reference value :  3.80026e-07
 Reference value :  3.80228e-07
 Reference value :  3.80588e-07
 Reference value :  3.80788e-07
 Reference value :  3.81028e-07
 Reference value :  3.81228e-07
 Reference value :  3.81788e-07
 Reference value :  3.81908e-07
 Reference value :  3.82008e-07
 Reference value :  3.82040e-07
 Reference value :  3.82668e-07
 Reference value :  3.83188e-07
 Reference value :  3.83828e-07
 Reference value :  3.84148e-07
 Reference value :  3.84588e-07
 Reference value :  3.85308e-07
 Reference value :  3.85588e-07
 Reference value :  3.86019e-07
 Reference value :  3.86508e-07
 Reference value :  3.87268e-07
 Reference value :  3.88000e-07
 Reference value :  3.88019e-07
 Reference value :  3.88108e-07
 Reference value :  3.88508e-07
 Reference value :  3.89068e-07
 Reference value :  3.89468e-07
 Reference value :  3.90008e-07
 Reference value :  3.90388e-07
 Reference value :  3.91148e-07
 Reference value :  3.91908e-07
 Reference value :  3.92188e-07
 Reference value :  3.92708e-07
 Reference value :  3.93348e-07
 Reference value :  3.94004e-07
 Reference value :  3.94268e-07
 Reference value :  3.94948e-07
 Reference value :  3.95268e-07
 Reference value :  3.95388e-07
 Reference value :  3.96001e-07
 Reference value :  3.96348e-07
 Reference value :  3.96828e-07
 Reference value :  3.97308e-07
 Reference value :  3.98000e-07
 Reference value :  3.98228e-07
 Reference value :  3.98948e-07
 Reference value :  3.99628e-07
 Reference value :  4.00066e-07
 Reference value :  4.00586e-07
 Reference value :  4.01266e-07
 Reference value :  4.02000e-07
 Reference value :  4.02188e-07
 Reference value :  4.02868e-07
 Reference value :  4.03548e-07
 Reference value :  4.04019e-07
 Reference value :  4.04508e-07
 Reference value :  4.04748e-07
 Reference value :  4.05068e-07
 Reference value :  4.05468e-07
 Reference value :  4.05948e-07
 Reference value :  4.06040e-07
 Reference value :  4.06428e-07
 Reference value :  4.06908e-07
 Reference value :  4.07428e-07
 Reference value :  4.07548e-07
 Reference value :  4.08004e-07
 Reference value :  4.08348e-07
 Reference value :  4.08748e-07
 Reference value :  4.09388e-07
 Reference value :  4.10004e-07
 Reference value :  4.10388e-07
 Reference value :  4.10828e-07
 Reference value :  4.11348e-07
 Reference value :  4.12000e-07
 Reference value :  4.12146e-07
 Reference value :  4.12666e-07
 Reference value :  4.13106e-07
 Reference value :  4.13826e-07
 Reference value :  4.14108e-07
 Reference value :  4.14788e-07
 Reference value :  4.15508e-07
 Reference value :  4.16013e-07
 Reference value :  4.16428e-07
 Reference value :  4.17068e-07
 Reference value :  4.17628e-07
 Reference value :  4.17868e-07
 Reference value :  4.18019e-07
 Reference value :  4.18108e-07
 Reference value :  4.18348e-07
 Reference value :  4.18668e-07
 Reference value :  4.19108e-07
 Reference value :  4.19468e-07
 Reference value :  4.19974e-07
 Reference value :  4.20015e-07
 Reference value :  4.20388e-07
 Reference value :  4.20908e-07
 Reference value :  4.21348e-07
 Reference value :  4.22001e-07
 Reference value :  4.22108e-07
 Reference value :  4.22348e-07
 Reference value :  4.22828e-07
 Reference value :  4.23588e-07
 Reference value :  4.24015e-07
 Reference value :  4.24186e-07
 Reference value :  4.24266e-07
 Reference value :  4.24586e-07
 Reference value :  4.24946e-07
 Reference value :  4.25426e-07
 Reference value :  4.25906e-07
 Reference value :  4.26026e-07
 Reference value :  4.26228e-07
 Reference value :  4.26868e-07
 Reference value :  4.27548e-07
 Reference value :  4.28012e-07
 Reference value :  4.28428e-07
 Reference value :  4.28908e-07
 Reference value :  4.29188e-07
 Reference value :  4.29868e-07
 Reference value :  4.30228e-07
 Reference value :  4.30988e-07
 Reference value :  4.31708e-07
 Reference value :  4.32108e-07
 Reference value :  4.32628e-07
 Reference value :  4.33348e-07
 Reference value :  4.34000e-07
 Reference value :  4.34308e-07
 Reference value :  4.35068e-07
 Reference value :  4.35828e-07
 Reference value :  4.36186e-07
 Reference value :  4.36666e-07
 Reference value :  4.37146e-07
 Reference value :  4.37786e-07
 Reference value :  4.38148e-07
 Reference value :  4.38468e-07
 Reference value :  4.39228e-07
 Reference value :  4.39974e-07
 Reference value :  4.40268e-07
 Reference value :  4.40828e-07
 Reference value :  4.41508e-07
 Reference value :  4.42013e-07
 Reference value :  4.42348e-07
 Reference value :  4.43108e-07
 Reference value :  4.43868e-07
 Reference value :  4.44188e-07
 Reference value :  4.44708e-07
 Reference value :  4.45148e-07
 Reference value :  4.45908e-07
 Reference value :  4.46108e-07
 Reference value :  4.46788e-07
 Reference value :  4.47548e-07
 Reference value :  4.48015e-07
 Reference value :  4.48346e-07
 Reference value :  4.48826e-07
 Reference value :  4.49586e-07
 Reference value :  4.50019e-07
 Reference value :  4.50548e-07
 Reference value :  4.51348e-07
 Reference value :  4.52001e-07
 Reference value :  4.52148e-07
 Reference value :  4.52548e-07
 Reference value :  4.53108e-07
 Reference value :  4.53428e-07
 Reference value :  4.54004e-07
 Reference value :  4.54268e-07
 Reference value :  4.54948e-07
 Reference value :  4.55708e-07
 Reference value :  4.56040e-07
 Reference value :  4.56548e-07
 Reference value :  4.57188e-07
 Reference value :  4.57948e-07
 Reference value :  4.58188e-07
 Reference value :  4.58828e-07
 Reference value :  4.59548e-07
 Reference value :  4.59948e-07
 Reference value :  4.60039e-07
 Reference value :  4.60306e-07
 Reference value :  4.60586e-07
 Reference value :  4.60826e-07
 Reference value :  4.60906e-07
 Reference value :  4.61106e-07
 Reference value :  4.61466e-07
 Reference value :  4.61786e-07
 Reference value :  4.62026e-07
 Reference value :  4.62548e-07
 Reference value :  4.63188e-07
 Reference value :  4.63748e-07
 Reference value :  4.64013e-07
 Reference value :  4.64468e-07
 Reference value :  4.65068e-07
 Reference value :  4.65708e-07
 Reference value :  4.65788e-07
 Reference value :  4.65908e-07
 Reference value :  4.66026e-07
 Reference value :  4.66348e-07
 Reference value :  4.66828e-07
 Reference value :  4.67348e-07
 Reference value :  4.67788e-07
 Reference value :  4.68015e-07
 Reference value :  4.68068e-07
 Reference value :  4.68428e-07
 Reference value :  4.68988e-07
 Reference value :  4.69548e-07
 Reference value :  4.70019e-07
 Reference value :  4.70628e-07
 Reference value :  4.71308e-07
 Reference value :  4.72004e-07
 Reference value :  4.72306e-07
 Reference value :  4.72866e-07
 Reference value :  4.73546e-07
 Reference value :  4.74019e-07
 Reference value :  4.74468e-07
 Reference value :  4.75228e-07
 Reference value :  4.76000e-07
 Reference value :  4.76268e-07
 Reference value :  4.76548e-07
 Reference value :  4.77028e-07
 Reference value :  4.77708e-07
 Reference value :  4.78068e-07
 Reference value :  4.78748e-07
 Reference value :  4.79468e-07
 Reference value :  4.80013e-07
 Reference value :  4.80428e-07
 Reference value :  4.81028e-07
 Reference value :  4.81788e-07
 Reference value :  4.82108e-07
 Reference value :  4.82788e-07
 Reference value :  4.83388e-07
 Reference value :  4.84008e-07
 Reference value :  4.84388e-07
 Reference value :  4.84908e-07
 Reference value :  4.85388e-07
 Reference value :  4.86000e-07
 Reference value :  4.86308e-07
 Reference value :  4.87028e-07
 Reference value :  4.87748e-07
 Reference value :  4.88068e-07
 Reference value :  4.88588e-07
 Reference value :  4.89308e-07
 Reference value :  4.90001e-07
 Reference value :  4.90308e-07
 Reference value :  4.90988e-07
 Reference value :  4.91748e-07
 Reference value :  4.92013e-07
 Reference value :  4.92428e-07
 Reference value :  4.92588e-07
 Reference value :  4.93028e-07
 Reference value :  4.93708e-07
 Reference value :  4.94068e-07
 Reference value :  4.94748e-07
 Reference value :  4.95148e-07
 Reference value :  4.95828e-07
 Reference value :  4.96000e-07
 Reference value :  4.96306e-07
 Reference value :  4.96866e-07
 Reference value :  4.97186e-07
 Reference value :  4.97666e-07
 Reference value :  4.98015e-07
 Reference value :  4.98548e-07
 Reference value :  4.99268e-07
 Reference value :  5.00004e-07
 Reference value :  5.00266e-07
 Reference value :  5.00786e-07
 Reference value :  5.01346e-07
 Reference value :  5.02001e-07
 Reference value :  5.02348e-07
 Reference value :  5.03028e-07
 Reference value :  5.03828e-07
 Reference value :  5.04108e-07
 Reference value :  5.04628e-07
 Reference value :  5.05428e-07
 Reference value :  5.06008e-07
 Reference value :  5.06428e-07
 Reference value :  5.07148e-07
 Reference value :  5.07948e-07
 Reference value :  5.08148e-07
 Reference value :  5.08548e-07
 Reference value :  5.08988e-07
 Reference value :  5.09588e-07
 Reference value :  5.10026e-07
 Reference value :  5.10588e-07
 Reference value :  5.11148e-07
 Reference value :  5.11668e-07
 Reference value :  5.12013e-07
 Reference value :  5.12108e-07
 Reference value :  5.12428e-07
 Reference value :  5.12788e-07
 Reference value :  5.13548e-07
 Reference value :  5.14026e-07
 Reference value :  5.14468e-07
 Reference value :  5.15268e-07
 Reference value :  5.16000e-07
 Reference value :  5.16268e-07
 Reference value :  5.16788e-07
 Reference value :  5.17268e-07
 Reference value :  5.17828e-07
 Reference value :  5.18013e-07
 Reference value :  5.18019e-07
 Reference value :  5.18148e-07
 Reference value :  5.18428e-07
 Reference value :  5.18748e-07
 Reference value :  5.19508e-07
 Reference value :  5.20013e-07
 Reference value :  5.20108e-07
 Reference value :  5.20468e-07
 Reference value :  5.20988e-07
 Reference value :  5.21628e-07
 Reference value :  5.22004e-07
 Reference value :  5.22108e-07
 Reference value :  5.22348e-07
 Reference value :  5.22748e-07
 Reference value :  5.23148e-07
 Reference value :  5.23508e-07
 Reference value :  5.23868e-07
 Reference value :  5.24013e-07
 Reference value :  5.24148e-07
 Reference value :  5.24668e-07
 Reference value :  5.25108e-07
 Reference value :  5.25588e-07
 Reference value :  5.26026e-07
 Reference value :  5.26588e-07
 Reference value :  5.27348e-07
 Reference value :  5.27948e-07
 Reference value :  5.28266e-07
 Reference value :  5.28826e-07
 Reference value :  5.29506e-07
 Reference value :  5.30013e-07
 Reference value :  5.30108e-07
 Reference value :  5.30748e-07
 Reference value :  5.31428e-07
 Reference value :  5.32004e-07
 Reference value :  5.32348e-07
 Reference value :  5.32788e-07
 Reference value :  5.33308e-07
 Reference value :  5.33974e-07
 Reference value :  5.34228e-07
 Reference value :  5.34788e-07
 Reference value :  5.35028e-07
 Reference value :  5.35348e-07
 Reference value :  5.35468e-07
 Reference value :  5.35948e-07
 Reference value :  5.36068e-07
 Reference value :  5.36428e-07
 Reference value :  5.36628e-07
 Reference value :  5.37188e-07
 Reference value :  5.37348e-07
 Reference value :  5.37828e-07
 Reference value :  5.38188e-07
 Reference value :  5.38828e-07
 Reference value :  5.39628e-07
 Reference value :  5.40040e-07
 Reference value :  5.40548e-07
 Reference value :  5.40988e-07
 Reference value :  5.41388e-07
 Reference value :  5.41748e-07
 Reference value :  5.42013e-07
 Reference value :  5.42548e-07
 Reference value :  5.43268e-07
 Reference value :  5.44001e-07
 Reference value :  5.44268e-07
 Reference value :  5.44668e-07
 Reference value :  5.45068e-07
 Reference value :  5.45788e-07
 Reference value :  5.46068e-07
 Reference value :  5.46668e-07
 Reference value :  5.47468e-07
 Reference value :  5.48013e-07
 Reference value :  5.48068e-07
 Reference value :  5.48228e-07
 Reference value :  5.48748e-07
 Reference value :  5.49308e-07
 Reference value :  5.49974e-07
 Reference value :  5.50308e-07
 Reference value :  5.51028e-07
 Reference value :  5.51748e-07
 Reference value :  5.52106e-07
 Reference value :  5.52546e-07
 Reference value :  5.52986e-07
 Reference value :  5.53626e-07
 Reference value :  5.54040e-07
 Reference value :  5.54468e-07
 Reference value :  5.55148e-07
 Reference value :  5.55828e-07
 Reference value :  5.56188e-07
 Reference value :  5.56668e-07
 Reference value :  5.57148e-07
 Reference value :  5.57828e-07
 Reference value :  5.58148e-07
 Reference value :  5.58868e-07
 Reference value :  5.59588e-07
 Reference value :  5.60026e-07
 Reference value :  5.60468e-07
 Reference value :  5.61108e-07
 Reference value :  5.61788e-07
 Reference value :  5.62148e-07
 Reference value :  5.62868e-07
 Reference value :  5.63588e-07
 Reference value :  5.64040e-07
 Reference value :  5.64508e-07
 Reference value :  5.65028e-07
 Reference value :  5.65548e-07
 Reference value :  5.66000e-07
 Reference value :  5.66228e-07
 Reference value :  5.66988e-07
 Reference value :  5.67748e-07
 Reference value :  5.68040e-07
 Reference value :  5.68548e-07
 Reference value :  5.69228e-07
 Reference value :  5.69974e-07
 Reference value :  5.70188e-07
 Reference value :  5.70828e-07
 Reference value :  5.71388e-07
 Reference value :  5.72008e-07
 Reference value :  5.72388e-07
 Reference value :  5.72868e-07
 Reference value :  5.73428e-07
 Reference value :  5.74008e-07
 Reference value :  5.74428e-07
 Reference value :  5.75148e-07
 Reference value :  5.75948e-07
 Reference value :  5.76306e-07
 Reference value :  5.76866e-07
 Reference value :  5.77626e-07
 Reference value :  5.78026e-07
 Reference value :  5.78588e-07
 Reference value :  5.79268e-07
 Reference value :  5.79974e-07
 Reference value :  5.80268e-07
 Reference value :  5.80428e-07
 Reference value :  5.80708e-07
 Reference value :  5.80948e-07
 Reference value :  5.81228e-07
 Reference value :  5.81628e-07
 Reference value :  5.82008e-07
 Reference value :  5.82188e-07
 Reference value :  5.82708e-07
 Reference value :  5.83068e-07
 Reference value :  5.83828e-07
 Reference value :  5.84068e-07
 Reference value :  5.84548e-07
 Reference value :  5.85268e-07
 Reference value :  5.85974e-07
 Reference value :  5.86308e-07
 Reference value :  5.86988e-07
 Reference value :  5.87708e-07
 Reference value :  5.88068e-07
 Reference value :  5.88588e-07
 Reference value :  5.89068e-07
 Reference value :  5.89748e-07
 Reference value :  5.90013e-07
 Reference value :  5.90468e-07
 Reference value :  5.91268e-07
 Reference value :  5.91974e-07
 Reference value :  5.92308e-07
 Reference value :  5.92868e-07
 Reference value :  5.93588e-07
 Reference value :  5.94040e-07
 Reference value :  5.94548e-07
 Reference value :  5.95308e-07
 Reference value :  5.95974e-07
 Reference value :  5.96148e-07
 Reference value :  5.96668e-07
 Reference value :  5.97228e-07
 Reference value :  5.97948e-07
 Reference value :  5.98268e-07
 Reference value :  5.99028e-07
 Reference value :  5.99748e-07
 Reference value :  6.00106e-07
 Reference value :  6.00506e-07
 Reference value :  6.01226e-07
 Reference value :  6.01946e-07
 Reference value :  6.02188e-07
 Reference value :  6.02828e-07
 Reference value :  6.03588e-07
 Reference value :  6.04040e-07
 Reference value :  6.04508e-07
 Reference value :  6.04988e-07
 Reference value :  6.05348e-07
 Reference value :  6.05948e-07
 Reference value :  6.06228e-07
 Reference value :  6.06948e-07
 Reference value :  6.07668e-07
 Reference value :  6.08068e-07
 Reference value :  6.08628e-07
 Reference value :  6.09308e-07
 Reference value :  6.10001e-07
 Reference value :  6.10348e-07
 Reference value :  6.11108e-07
 Reference value :  6.11548e-07
 Reference value :  6.12019e-07
 Reference value :  6.12468e-07
 Reference value :  6.12828e-07
 Reference value :  6.13028e-07
 Reference value :  6.13508e-07
 Reference value :  6.14015e-07
 Reference value :  6.14508e-07
 Reference value :  6.15268e-07
 Reference value :  6.15974e-07
 Reference value :  6.16068e-07
 Reference value :  6.16468e-07
 Reference value :  6.17028e-07
 Reference value :  6.17788e-07
 Reference value :  6.18108e-07
 Reference value :  6.18748e-07
 Reference value :  6.19388e-07
 Reference value :  6.19748e-07
 Reference value :  6.20001e-07
 Reference value :  6.20108e-07
 Reference value :  6.20628e-07
 Reference value :  6.21148e-07
 Reference value :  6.21948e-07
 Reference value :  6.22228e-07
 Reference value :  6.22948e-07
 Reference value :  6.23468e-07
 Reference value :  6.23868e-07
 Reference value :  6.24186e-07
 Reference value :  6.24706e-07
 Reference value :  6.25426e-07
 Reference value :  6.26000e-07
 Reference value :  6.26308e-07
 Reference value :  6.26988e-07
 Reference value :  6.27668e-07
 Reference value :  6.28008e-07
 Reference value :  6.28388e-07
 Reference value :  6.28868e-07
 Reference value :  6.29268e-07
 Reference value :  6.30000e-07
 Reference value :  6.30228e-07
 Reference value :  6.31028e-07
 Reference value :  6.31588e-07
 Reference value :  6.32001e-07
 Reference value :  6.32308e-07
 Reference value :  6.32708e-07
 Reference value :  6.33028e-07
 Reference value :  6.33268e-07
 Reference value :  6.33548e-07
 Reference value :  6.34004e-07
 Reference value :  6.34388e-07
 Reference value :  6.34988e-07
 Reference value :  6.35468e-07
 Reference value :  6.35948e-07
 Reference value :  6.36026e-07
 Reference value :  6.36068e-07
 Reference value :  6.36388e-07
 Reference value :  6.36468e-07
 Reference value :  6.36748e-07
 Reference value :  6.36948e-07
 Reference value :  6.37028e-07
 Reference value :  6.37108e-07
 Reference value :  6.37188e-07
 Reference value :  6.37308e-07
 Reference value :  6.37428e-07
 Reference value :  6.37548e-07
 Reference value :  6.37668e-07
 Reference value :  6.37748e-07
 Reference value :  6.37868e-07
 Reference value :  6.37974e-07
 Reference value :  6.38004e-07
 Reference value :  6.38013e-07
 Reference value :  6.38026e-07
 Reference value :  6.38068e-07
 Reference value :  6.38148e-07
 Reference value :  6.38388e-07
 Reference value :  6.38508e-07
 Reference value :  6.38628e-07
 Reference value :  6.38708e-07
 Reference value :  6.38868e-07
 Reference value :  6.39068e-07
 Reference value :  6.39388e-07
 Reference value :  6.40008e-07
 Reference value :  6.40348e-07
 Reference value :  6.40868e-07
 Reference value :  6.41548e-07
 Reference value :  6.42015e-07
 Reference value :  6.42268e-07
 Reference value :  6.42588e-07
 Reference value :  6.43348e-07
 Reference value :  6.44000e-07
 Reference value :  6.44348e-07
 Reference value :  6.44788e-07
 Reference value :  6.45308e-07
 Reference value :  6.45908e-07
 Reference value :  6.46108e-07
 Reference value :  6.46348e-07
 Reference value :  6.47028e-07
 Reference value :  6.47788e-07
 Reference value :  6.48066e-07
 Reference value :  6.48586e-07
 Reference value :  6.49026e-07
 Reference value :  6.49706e-07
 Reference value :  6.50040e-07
 Reference value :  6.50628e-07
 Reference value :  6.51388e-07
 Reference value :  6.52001e-07
 Reference value :  6.52348e-07
 Reference value :  6.52828e-07
 Reference value :  6.53308e-07
 Reference value :  6.53908e-07
 Reference value :  6.54019e-07
 Reference value :  6.54468e-07
 Reference value :  6.55148e-07
 Reference value :  6.55908e-07
 Reference value :  6.56148e-07
 Reference value :  6.56548e-07
 Reference value :  6.57028e-07
 Reference value :  6.57708e-07
 Reference value :  6.58015e-07
 Reference value :  6.58468e-07
 Reference value :  6.58868e-07
 Reference value :  6.59148e-07
 Reference value :  6.59428e-07
 Reference value :  6.59908e-07
 Reference value :  6.60108e-07
 Reference value :  6.60508e-07
 Reference value :  6.60828e-07
 Reference value :  6.61148e-07
 Reference value :  6.61788e-07
 Reference value :  6.62004e-07
 Reference value :  6.62148e-07
 Reference value :  6.62828e-07
 Reference value :  6.63548e-07
 Reference value :  6.64015e-07
 Reference value :  6.64428e-07
 Reference value :  6.64748e-07
 Reference value :  6.65228e-07
 Reference value :  6.66000e-07
 Reference value :  6.66268e-07
 Reference value :  6.66988e-07
 Reference value :  6.67708e-07
 Reference value :  6.68068e-07
 Reference value :  6.68548e-07
 Reference value :  6.68828e-07
 Reference value :  6.69228e-07
 Reference value :  6.69868e-07
 Reference value :  6.70188e-07
 Reference value :  6.70668e-07
 Reference value :  6.71108e-07
 Reference value :  6.71668e-07
 Reference value :  6.72008e-07
 Reference value :  6.72066e-07
 Reference value :  6.72386e-07
 Reference value :  6.72826e-07
 Reference value :  6.73226e-07
 Reference value :  6.73426e-07
 Reference value :  6.73826e-07
 Reference value :  6.74019e-07
 Reference value :  6.74148e-07
 Reference value :  6.74228e-07
 Reference value :  6.74588e-07
 Reference value :  6.75188e-07
 Reference value :  6.75308e-07
 Reference value :  6.75468e-07
 Reference value :  6.76000e-07
 Reference value :  6.76268e-07
 Reference value :  6.76828e-07
 Reference value :  6.77308e-07
 Reference value :  6.77948e-07
 Reference value :  6.78228e-07
 Reference value :  6.78668e-07
 Reference value :  6.78788e-07
 Reference value :  6.79188e-07
 Reference value :  6.79974e-07
 Reference value :  6.80188e-07
 Reference value :  6.80588e-07
 Reference value :  6.81068e-07
 Reference value :  6.81548e-07
 Reference value :  6.81828e-07
 Reference value :  6.81974e-07
 Reference value :  6.82015e-07
 Reference value :  6.82308e-07
 Reference value :  6.82748e-07
 Reference value :  6.82988e-07
 Reference value :  6.83548e-07
 Reference value :  6.83974e-07
 Reference value :  6.84013e-07
 Reference value :  6.84428e-07
 Reference value :  6.84908e-07
 Reference value :  6.85468e-07
 Reference value :  6.86001e-07
 Reference value :  6.86348e-07
 Reference value :  6.86988e-07
 Reference value :  6.87388e-07
 Reference value :  6.87868e-07
 Reference value :  6.88108e-07
 Reference value :  6.88228e-07
 Reference value :  6.88828e-07
 Reference value :  6.89548e-07
 Reference value :  6.89948e-07
 Reference value :  6.90015e-07
 Reference value :  6.90468e-07
 Reference value :  6.91148e-07
 Reference value :  6.91908e-07
 Reference value :  6.92008e-07
 Reference value :  6.92108e-07
 Reference value :  6.92628e-07
 Reference value :  6.93148e-07
 Reference value :  6.93828e-07
 Reference value :  6.94148e-07
 Reference value :  6.94788e-07
 Reference value :  6.95268e-07
 Reference value :  6.95468e-07
 Reference value :  6.96004e-07
 Reference value :  6.96266e-07
 Reference value :  6.96786e-07
 Reference value :  6.97306e-07
 Reference value :  6.97746e-07
 Reference value :  6.98108e-07
 Reference value :  6.98348e-07
 Reference value :  6.98588e-07
 Reference value :  6.99068e-07
 Reference value :  6.99308e-07
 Reference value :  6.99708e-07
 Reference value :  7.00013e-07
 Reference value :  7.00188e-07
 Reference value :  7.00268e-07
 Reference value :  7.00468e-07
 Reference value :  7.00548e-07
 Reference value :  7.00828e-07
 Reference value :  7.01388e-07
 Reference value :  7.02013e-07
 Reference value :  7.02468e-07
 Reference value :  7.02668e-07
 Reference value :  7.03188e-07
 Reference value :  7.03348e-07
 Reference value :  7.03628e-07
 Reference value :  7.03974e-07
 Reference value :  7.04068e-07
 Reference value :  7.04428e-07
 Reference value :  7.04748e-07
 Reference value :  7.05228e-07
 Reference value :  7.05548e-07
 Reference value :  7.05668e-07
 Reference value :  7.05748e-07
 Reference value :  7.06026e-07
 Reference value :  7.06548e-07
 Reference value :  7.07228e-07
 Reference value :  7.07468e-07
 Reference value :  7.08004e-07
 Reference value :  7.08388e-07
 Reference value :  7.08868e-07
 Reference value :  7.09348e-07
 Reference value :  7.09788e-07
 Reference value :  7.09974e-07
 Reference value :  7.10188e-07
 Reference value :  7.10908e-07
 Reference value :  7.11508e-07
 Reference value :  7.11974e-07
 Reference value :  7.12026e-07
 Reference value :  7.12228e-07
 Reference value :  7.12748e-07
 Reference value :  7.13468e-07
 Reference value :  7.14012e-07
 Reference value :  7.14268e-07
 Reference value :  7.14508e-07
 Reference value :  7.15188e-07
 Reference value :  7.15948e-07
 Reference value :  7.16228e-07
 Reference value :  7.16708e-07
 Reference value :  7.16908e-07
 Reference value :  7.17108e-07
 Reference value :  7.17868e-07
 Reference value :  7.18148e-07
 Reference value :  7.18868e-07
 Reference value :  7.19548e-07
 Reference value :  7.20004e-07
 Reference value :  7.20188e-07
 Reference value :  7.20388e-07
 Reference value :  7.20908e-07
 Reference value :  7.21628e-07
 Reference value :  7.22026e-07
 Reference value :  7.22508e-07
 Reference value :  7.22988e-07
 Reference value :  7.23388e-07
 Reference value :  7.24001e-07
 Reference value :  7.24308e-07
 Reference value :  7.24708e-07
 Reference value :  7.25028e-07
 Reference value :  7.25388e-07
 Reference value :  7.25948e-07
 Reference value :  7.26188e-07
 Reference value :  7.26868e-07
 Reference value :  7.27388e-07
 Reference value :  7.27588e-07
 Reference value :  7.27974e-07
 Reference value :  7.28308e-07
 Reference value :  7.28788e-07
 Reference value :  7.29348e-07
 Reference value :  7.29668e-07
 Reference value :  7.30013e-07
 Reference value :  7.30468e-07
 Reference value :  7.31148e-07
 Reference value :  7.31908e-07
 Reference value :  7.32188e-07
 Reference value :  7.32548e-07
 Reference value :  7.32868e-07
 Reference value :  7.33428e-07
 Reference value :  7.34008e-07
 Reference value :  7.34388e-07
 Reference value :  7.35148e-07
 Reference value :  7.35748e-07
 Reference value :  7.36148e-07
 Reference value :  7.36628e-07
 Reference value :  7.37388e-07
 Reference value :  7.38008e-07
 Reference value :  7.38348e-07
 Reference value :  7.38668e-07
 Reference value :  7.39348e-07
 Reference value :  7.40008e-07
 Reference value :  7.40388e-07
 Reference value :  7.40908e-07
 Reference value :  7.41388e-07
 Reference value :  7.42001e-07
 Reference value :  7.42388e-07
 Reference value :  7.43068e-07
 Reference value :  7.43828e-07
 Reference value :  7.44108e-07
 Reference value :  7.44628e-07
 Reference value :  7.45188e-07
 Reference value :  7.45668e-07
 Reference value :  7.46068e-07
 Reference value :  7.46668e-07
 Reference value :  7.47428e-07
 Reference value :  7.48008e-07
 Reference value :  7.48268e-07
 Reference value :  7.48588e-07
 Reference value :  7.48948e-07
 Reference value :  7.49308e-07
 Reference value :  7.49908e-07
 Reference value :  7.50026e-07
 Reference value :  7.50268e-07
 Reference value :  7.51028e-07
 Reference value :  7.51748e-07
 Reference value :  7.52013e-07
 Reference value :  7.52388e-07
 Reference value :  7.52988e-07
 Reference value :  7.53588e-07
 Reference value :  7.54015e-07
 Reference value :  7.54428e-07
 Reference value :  7.55228e-07
 Reference value :  7.55974e-07
 Reference value :  7.56268e-07
 Reference value :  7.56788e-07
 Reference value :  7.57188e-07
 Reference value :  7.57468e-07
 Reference value :  7.58008e-07
 Reference value :  7.58388e-07
 Reference value :  7.59068e-07
 Reference value :  7.59788e-07
 Reference value :  7.60108e-07
 Reference value :  7.60508e-07
 Reference value :  7.60668e-07
 Reference value :  7.61348e-07
 Reference value :  7.61908e-07
 Reference value :  7.62068e-07
 Reference value :  7.62468e-07
 Reference value :  7.62908e-07
 Reference value :  7.63668e-07
 Reference value :  7.64040e-07
 Reference value :  7.64548e-07
 Reference value :  7.64988e-07
 Reference value :  7.65668e-07
 Reference value :  7.66040e-07
 Reference value :  7.66708e-07
 Reference value :  7.67428e-07
 Reference value :  7.67908e-07
 Reference value :  7.68015e-07
 Reference value :  7.68188e-07
 Reference value :  7.68508e-07
 Reference value :  7.68868e-07
 Reference value :  7.69348e-07
 Reference value :  7.69828e-07
 Reference value :  7.70015e-07
 Reference value :  7.70188e-07
 Reference value :  7.70468e-07
 Reference value :  7.70908e-07
 Reference value :  7.71588e-07
 Reference value :  7.72013e-07
 Reference value :  7.72388e-07
 Reference value :  7.72908e-07
 Reference value :  7.73348e-07
 Reference value :  7.74000e-07
 Reference value :  7.74308e-07
 Reference value :  7.75068e-07
 Reference value :  7.75828e-07
 Reference value :  7.76026e-07
 Reference value :  7.76188e-07
 Reference value :  7.76388e-07
 Reference value :  7.77028e-07
 Reference value :  7.77748e-07
 Reference value :  7.78068e-07
 Reference value :  7.78388e-07
 Reference value :  7.78908e-07
 Reference value :  7.79388e-07
 Reference value :  7.80000e-07
 Reference value :  7.80148e-07
 Reference value :  7.80348e-07
 Reference value :  7.80548e-07
 Reference value :  7.80788e-07
 Reference value :  7.80908e-07
 Reference value :  7.80988e-07
 Reference value :  7.81068e-07
 Reference value :  7.81148e-07
 Reference value :  7.81228e-07
 Reference value :  7.81308e-07
 Reference value :  7.81388e-07
 Reference value :  7.81468e-07
 Reference value :  7.81588e-07
 Reference value :  7.81708e-07
 Reference value :  7.81828e-07
 Reference value :  7.81948e-07
 Reference value :  7.82008e-07
 Reference value :  7.82015e-07
 Reference value :  7.82040e-07
 Reference value :  7.82108e-07
 Reference value :  7.82188e-07
 Reference value :  7.82268e-07
 Reference value :  7.82348e-07
 Reference value :  7.82468e-07
 Reference value :  7.82948e-07
 Reference value :  7.83348e-07
 Reference value :  7.84004e-07
 Reference value :  7.84268e-07
 Reference value :  7.84828e-07
 Reference value :  7.85548e-07
 Reference value :  7.86019e-07
 Reference value :  7.86108e-07
 Reference value :  7.86788e-07
 Reference value :  7.87548e-07
 Reference value :  7.88015e-07
 Reference value :  7.88468e-07
 Reference value :  7.88828e-07
 Reference value :  7.89268e-07
 Reference value :  7.89948e-07
 Reference value :  7.90228e-07
 Reference value :  7.90988e-07
 Reference value :  7.91748e-07
 Reference value :  7.92068e-07
 Reference value :  7.92588e-07
 Reference value :  7.93308e-07
 Reference value :  7.94000e-07
 Reference value :  7.94308e-07
 Reference value :  7.94948e-07
 Reference value :  7.95668e-07
 Reference value :  7.95868e-07
 Reference value :  7.96186e-07
 Reference value :  7.96666e-07
 Reference value :  7.97106e-07
 Reference value :  7.97746e-07
 Reference value :  7.98068e-07
 Reference value :  7.98668e-07
 Reference value :  7.99388e-07
 Reference value :  8.00013e-07
 Reference value :  8.00428e-07
 Reference value :  8.01068e-07
 Reference value :  8.01828e-07
 Reference value :  8.02148e-07
 Reference value :  8.02828e-07
 Reference value :  8.03548e-07
 Reference value :  8.04026e-07
 Reference value :  8.04508e-07
 Reference value :  8.05068e-07
 Reference value :  8.05668e-07
 Reference value :  8.06004e-07
 Reference value :  8.06108e-07
 Reference value :  8.06788e-07
 Reference value :  8.07588e-07
 Reference value :  8.08019e-07
 Reference value :  8.08468e-07
 Reference value :  8.08988e-07
 Reference value :  8.09668e-07
 Reference value :  8.10026e-07
 Reference value :  8.10468e-07
 Reference value :  8.11228e-07
 Reference value :  8.11868e-07
 Reference value :  8.12188e-07
 Reference value :  8.12668e-07
 Reference value :  8.13228e-07
 Reference value :  8.13948e-07
 Reference value :  8.14268e-07
 Reference value :  8.15028e-07
 Reference value :  8.15708e-07
 Reference value :  8.16108e-07
 Reference value :  8.16628e-07
 Reference value :  8.17348e-07
 Reference value :  8.17974e-07
 Reference value :  8.18268e-07
 Reference value :  8.18988e-07
 Reference value :  8.19708e-07
 Reference value :  8.20106e-07
 Reference value :  8.20586e-07
 Reference value :  8.21106e-07
 Reference value :  8.21666e-07
 Reference value :  8.22068e-07
 Reference value :  8.22228e-07
 Reference value :  8.22988e-07
 Reference value :  8.23788e-07
 Reference value :  8.24148e-07
 Reference value :  8.24668e-07
 Reference value :  8.25348e-07
 Reference value :  8.26008e-07
 Reference value :  8.26388e-07
 Reference value :  8.27068e-07
 Reference value :  8.27308e-07
 Reference value :  8.27974e-07
 Reference value :  8.28308e-07
 Reference value :  8.28788e-07
 Reference value :  8.29268e-07
 Reference value :  8.29948e-07
 Reference value :  8.30228e-07
 Reference value :  8.30828e-07
 Reference value :  8.31548e-07
 Reference value :  8.32019e-07
 Reference value :  8.32468e-07
 Reference value :  8.33188e-07
 Reference value :  8.33908e-07
 Reference value :  8.34228e-07
 Reference value :  8.34868e-07
 Reference value :  8.35668e-07
 Reference value :  8.36040e-07
 Reference value :  8.36548e-07
 Reference value :  8.37108e-07
 Reference value :  8.37548e-07
 Reference value :  8.38019e-07
 Reference value :  8.38548e-07
 Reference value :  8.39188e-07
 Reference value :  8.39548e-07
 Reference value :  8.40004e-07
 Reference value :  8.40148e-07
 Reference value :  8.40628e-07
 Reference value :  8.41388e-07
 Reference value :  8.42004e-07
 Reference value :  8.42348e-07
 Reference value :  8.43028e-07
 Reference value :  8.43708e-07
 Reference value :  8.44066e-07
 Reference value :  8.44146e-07
 Reference value :  8.44226e-07
 Reference value :  8.44306e-07
 Reference value :  8.44466e-07
 Reference value :  8.44706e-07
 Reference value :  8.44906e-07
 Reference value :  8.45146e-07
 Reference value :  8.45546e-07
 Reference value :  8.45666e-07
 Reference value :  8.46004e-07
 Reference value :  8.46308e-07
 Reference value :  8.46548e-07
 Reference value :  8.47308e-07
 Reference value :  8.47974e-07
 Reference value :  8.48188e-07
 Reference value :  8.48708e-07
 Reference value :  8.49388e-07
 Reference value :  8.50001e-07
 Reference value :  8.50040e-07
 Reference value :  8.50668e-07
 Reference value :  8.51348e-07
 Reference value :  8.52008e-07
 Reference value :  8.52388e-07
 Reference value :  8.52908e-07
 Reference value :  8.53428e-07
 Reference value :  8.53908e-07
 Reference value :  8.54068e-07
 Reference value :  8.54708e-07
 Reference value :  8.55468e-07
 Reference value :  8.56015e-07
 Reference value :  8.56508e-07
 Reference value :  8.57188e-07
 Reference value :  8.57868e-07
 Reference value :  8.58013e-07
 Reference value :  8.58348e-07
 Reference value :  8.59148e-07
 Reference value :  8.59868e-07
 Reference value :  8.60188e-07
 Reference value :  8.60708e-07
 Reference value :  8.61188e-07
 Reference value :  8.61828e-07
 Reference value :  8.62068e-07
 Reference value :  8.62548e-07
 Reference value :  8.63108e-07
 Reference value :  8.63308e-07
 Reference value :  8.64000e-07
 Reference value :  8.64348e-07
 Reference value :  8.64908e-07
 Reference value :  8.65708e-07
 Reference value :  8.66108e-07
 Reference value :  8.66668e-07
 Reference value :  8.67468e-07
 Reference value :  8.68013e-07
 Reference value :  8.68426e-07
 Reference value :  8.68906e-07
 Reference value :  8.69466e-07
 Reference value :  8.70013e-07
 Reference value :  8.70508e-07
 Reference value :  8.71308e-07
 Reference value :  8.72000e-07
 Reference value :  8.72308e-07
 Reference value :  8.72828e-07
 Reference value :  8.73268e-07
 Reference value :  8.73668e-07
 Reference value :  8.74026e-07
 Reference value :  8.74588e-07
 Reference value :  8.75308e-07
 Reference value :  8.76001e-07
 Reference value :  8.76308e-07
 Reference value :  8.76828e-07
 Reference value :  8.77388e-07
 Reference value :  8.78008e-07
 Reference value :  8.78348e-07
 Reference value :  8.78948e-07
 Reference value :  8.79748e-07
 Reference value :  8.80040e-07
 Reference value :  8.80548e-07
 Reference value :  8.81188e-07
 Reference value :  8.81974e-07
 Reference value :  8.82308e-07
 Reference value :  8.82908e-07
 Reference value :  8.83668e-07
 Reference value :  8.84040e-07
 Reference value :  8.84548e-07
 Reference value :  8.84988e-07
 Reference value :  8.85228e-07
 Reference value :  8.85348e-07
 Reference value :  8.85748e-07
 Reference value :  8.86004e-07
 Reference value :  8.86108e-07
 Reference value :  8.86428e-07
 Reference value :  8.86788e-07
 Reference value :  8.86908e-07
 Reference value :  8.87028e-07
 Reference value :  8.87388e-07
 Reference value :  8.87588e-07
 Reference value :  8.87748e-07
 Reference value :  8.88000e-07
 Reference value :  8.88040e-07
 Reference value :  8.88188e-07
 Reference value :  8.88268e-07
 Reference value :  8.88348e-07
 Reference value :  8.88428e-07
 Reference value :  8.88508e-07
 Reference value :  8.88588e-07
 Reference value :  8.88628e-07
 Reference value :  8.88708e-07
 Reference value :  8.88828e-07
 Reference value :  8.88948e-07
 Reference value :  8.89068e-07
 Reference value :  8.89188e-07
 Reference value :  8.89268e-07
 Reference value :  8.89388e-07
 Reference value :  8.89468e-07
 Reference value :  8.89548e-07
 Reference value :  8.89708e-07
 Reference value :  8.90013e-07
 Reference value :  8.90108e-07
 Reference value :  8.90748e-07
 Reference value :  8.91468e-07
 Reference value :  8.92008e-07
 Reference value :  8.92346e-07
 Reference value :  8.92826e-07
 Reference value :  8.93266e-07
 Reference value :  8.94001e-07
 Reference value :  8.94348e-07
 Reference value :  8.95068e-07
 Reference value :  8.95788e-07
 Reference value :  8.96068e-07
 Reference value :  8.96628e-07
 Reference value :  8.97308e-07
 Reference value :  8.98004e-07
 Reference value :  8.98308e-07
 Reference value :  8.98988e-07
 Reference value :  8.99668e-07
 Reference value :  9.00019e-07
 Reference value :  9.00508e-07
 Reference value :  9.01068e-07
 Reference value :  9.01508e-07
 Reference value :  9.02013e-07
 Reference value :  9.02508e-07
 Reference value :  9.03068e-07
 Reference value :  9.03708e-07
 Reference value :  9.04013e-07
 Reference value :  9.04428e-07
 Reference value :  9.04988e-07
 Reference value :  9.05668e-07
 Reference value :  9.06040e-07
 Reference value :  9.06628e-07
 Reference value :  9.07188e-07
 Reference value :  9.07828e-07
 Reference value :  9.08148e-07
 Reference value :  9.08668e-07
 Reference value :  9.09028e-07
 Reference value :  9.09708e-07
 Reference value :  9.10068e-07
 Reference value :  9.10668e-07
 Reference value :  9.11108e-07
 Reference value :  9.11628e-07
 Reference value :  9.12040e-07
 Reference value :  9.12508e-07
 Reference value :  9.13228e-07
 Reference value :  9.13908e-07
 Reference value :  9.14228e-07
 Reference value :  9.14868e-07
 Reference value :  9.15588e-07
 Reference value :  9.16039e-07
 Reference value :  9.16466e-07
 Reference value :  9.16986e-07
 Reference value :  9.17506e-07
 Reference value :  9.17706e-07
 Reference value :  9.18068e-07
 Reference value :  9.18748e-07
 Reference value :  9.19428e-07
 Reference value :  9.20004e-07
 Reference value :  9.20388e-07
 Reference value :  9.20908e-07
 Reference value :  9.21588e-07
 Reference value :  9.22013e-07
 Reference value :  9.22428e-07
 Reference value :  9.23188e-07
 Reference value :  9.23948e-07
 Reference value :  9.24268e-07
 Reference value :  9.24708e-07
 Reference value :  9.25188e-07
 Reference value :  9.25868e-07
 Reference value :  9.26188e-07
 Reference value :  9.26748e-07
 Reference value :  9.27468e-07
 Reference value :  9.28008e-07
 Reference value :  9.28348e-07
 Reference value :  9.28908e-07
 Reference value :  9.29588e-07
 Reference value :  9.30019e-07
 Reference value :  9.30428e-07
 Reference value :  9.31108e-07
 Reference value :  9.31828e-07
 Reference value :  9.32108e-07
 Reference value :  9.32628e-07
 Reference value :  9.33148e-07
 Reference value :  9.33748e-07
 Reference value :  9.34012e-07
 Reference value :  9.34508e-07
 Reference value :  9.35228e-07
 Reference value :  9.35948e-07
 Reference value :  9.36108e-07
 Reference value :  9.36508e-07
 Reference value :  9.36668e-07
 Reference value :  9.36988e-07
 Reference value :  9.37188e-07
 Reference value :  9.37628e-07
 Reference value :  9.37708e-07
 Reference value :  9.38008e-07
 Reference value :  9.38188e-07
 Reference value :  9.38468e-07
 Reference value :  9.38788e-07
 Reference value :  9.39108e-07
 Reference value :  9.39788e-07
 Reference value :  9.40186e-07
 Reference value :  9.40666e-07
 Reference value :  9.41186e-07
 Reference value :  9.41786e-07
 Reference value :  9.42148e-07
 Reference value :  9.42828e-07
 Reference value :  9.43548e-07
 Reference value :  9.44019e-07
 Reference value :  9.44468e-07
 Reference value :  9.45148e-07
 Reference value :  9.45828e-07
 Reference value :  9.46148e-07
 Reference value :  9.46868e-07
 Reference value :  9.47548e-07
 Reference value :  9.48026e-07
 Reference value :  9.48468e-07
 Reference value :  9.48988e-07
 Reference value :  9.49508e-07
 Reference value :  9.50015e-07
 Reference value :  9.50588e-07
 Reference value :  9.50788e-07
 Reference value :  9.51028e-07
 Reference value :  9.51348e-07
 Reference value :  9.51908e-07
 Reference value :  9.52026e-07
 Reference value :  9.52388e-07
 Reference value :  9.52708e-07
 Reference value :  9.53068e-07
 Reference value :  9.53188e-07
 Reference value :  9.53628e-07
 Reference value :  9.54001e-07
 Reference value :  9.54026e-07
 Reference value :  9.54588e-07
 Reference value :  9.55268e-07
 Reference value :  9.56001e-07
 Reference value :  9.56308e-07
 Reference value :  9.56828e-07
 Reference value :  9.57028e-07
 Reference value :  9.57588e-07
 Reference value :  9.58015e-07
 Reference value :  9.58548e-07
 Reference value :  9.59308e-07
 Reference value :  9.59868e-07
 Reference value :  9.60001e-07
 Reference value :  9.60068e-07
 Reference value :  9.60428e-07
 Reference value :  9.60748e-07
 Reference value :  9.61348e-07
 Reference value :  9.61828e-07
 Reference value :  9.62013e-07
 Reference value :  9.62268e-07
 Reference value :  9.62748e-07
 Reference value :  9.63108e-07
 Reference value :  9.63228e-07
 Reference value :  9.63974e-07
 Reference value :  9.64228e-07
 Reference value :  9.64748e-07
 Reference value :  9.65228e-07
 Reference value :  9.65828e-07
 Reference value :  9.66148e-07
 Reference value :  9.66748e-07
 Reference value :  9.67508e-07
 Reference value :  9.68013e-07
 Reference value :  9.68468e-07
 Reference value :  9.69028e-07
 Reference value :  9.69788e-07
 Reference value :  9.70108e-07
 Reference value :  9.70788e-07
 Reference value :  9.71548e-07
 Reference value :  9.72013e-07
 Reference value :  9.72428e-07
 Reference value :  9.72868e-07
 Reference value :  9.73468e-07
 Reference value :  9.74008e-07
 Reference value :  9.74468e-07
 Reference value :  9.75228e-07
 Reference value :  9.75708e-07
 Reference value :  9.76013e-07
 Reference value :  9.76228e-07
 Reference value :  9.76388e-07
 Reference value :  9.76628e-07
 Reference value :  9.77228e-07
 Reference value :  9.77628e-07
 Reference value :  9.77868e-07
 Reference value :  9.78019e-07
 Reference value :  9.78308e-07
 Reference value :  9.78628e-07
 Reference value :  9.78948e-07
 Reference value :  9.79388e-07
 Reference value :  9.80001e-07
 Reference value :  9.80308e-07
 Reference value :  9.80868e-07
 Reference value :  9.81348e-07
 Reference value :  9.81788e-07
 Reference value :  9.82001e-07
 Reference value :  9.82348e-07
 Reference value :  9.83108e-07
 Reference value :  9.83788e-07
 Reference value :  9.83948e-07
 Reference value :  9.84148e-07
 Reference value :  9.84668e-07
 Reference value :  9.85428e-07
 Reference value :  9.85708e-07
 Reference value :  9.86000e-07
 Reference value :  9.86308e-07
 Reference value :  9.87028e-07
 Reference value :  9.87748e-07
 Reference value :  9.88068e-07
 Reference value :  9.88548e-07
 Reference value :  9.89028e-07
 Reference value :  9.89668e-07
 Reference value :  9.90015e-07
 Reference value :  9.90548e-07
 Reference value :  9.91228e-07
 Reference value :  9.92000e-07
 Reference value :  9.92308e-07
 Reference value :  9.92908e-07
 Reference value :  9.93628e-07
 Reference value :  9.94040e-07
 Reference value :  9.94668e-07
 Reference value :  9.95228e-07
 Reference value :  9.95974e-07
 Reference value :  9.96228e-07
 Reference value :  9.96788e-07
 Reference value :  9.97348e-07
 Reference value :  9.97828e-07
 Reference value :  9.98188e-07
 Reference value :  9.98868e-07
 Reference value :  9.99668e-07
 Reference value :  1.00004e-06
 Reference value :  1.00051e-06
 Reference value :  1.00119e-06
 Reference value :  1.00139e-06
 Reference value :  1.00201e-06
 Reference value :  1.00231e-06
 Reference value :  1.00287e-06
 Reference value :  1.00347e-06
 Reference value :  1.00401e-06
 Reference value :  1.00439e-06
 Reference value :  1.00483e-06
 Reference value :  1.00511e-06
 Reference value :  1.00555e-06
 Reference value :  1.00597e-06
 Reference value :  1.00611e-06
 Reference value :  1.00647e-06
 Reference value :  1.00691e-06
 Reference value :  1.00767e-06
 Reference value :  1.00807e-06
 Reference value :  1.00859e-06
 Reference value :  1.00931e-06
 Reference value :  1.00997e-06
 Reference value :  1.01031e-06
 Reference value :  1.01099e-06
 Reference value :  1.01171e-06
 Reference value :  1.01207e-06
 Reference value :  1.01259e-06
 Reference value :  1.01311e-06
 Reference value :  1.01371e-06
 Reference value :  1.01411e-06
 Reference value :  1.01463e-06
 Reference value :  1.01523e-06
 Reference value :  1.01595e-06
 Reference value :  1.01623e-06
 Reference value :  1.01643e-06
 Reference value :  1.01703e-06
 Reference value :  1.01783e-06
 Reference value :  1.01819e-06
 Reference value :  1.01891e-06
 Reference value :  1.01931e-06
 Reference value :  1.02000e-06
 Reference value :  1.02027e-06
 Reference value :  1.02079e-06
 Reference value :  1.02123e-06
 Reference value :  1.02197e-06
 Reference value :  1.02215e-06
 Reference value :  1.02287e-06
 Reference value :  1.02359e-06
 Reference value :  1.02402e-06
 Reference value :  1.02451e-06
 Reference value :  1.02519e-06
 Reference value :  1.02595e-06
 Reference value :  1.02619e-06
 Reference value :  1.02687e-06
 Reference value :  1.02763e-06
 Reference value :  1.02802e-06
 Reference value :  1.02847e-06
 Reference value :  1.02891e-06
 Reference value :  1.02919e-06
 Reference value :  1.02963e-06
 Reference value :  1.03007e-06
 Reference value :  1.03071e-06
 Reference value :  1.03147e-06
 Reference value :  1.03201e-06
 Reference value :  1.03239e-06
 Reference value :  1.03303e-06
 Reference value :  1.03371e-06
 Reference value :  1.03411e-06
 Reference value :  1.03463e-06
 Reference value :  1.03539e-06
 Reference value :  1.03600e-06
 Reference value :  1.03635e-06
 Reference value :  1.03679e-06
 Reference value :  1.03723e-06
 Reference value :  1.03783e-06
 Reference value :  1.03811e-06
 Reference value :  1.03883e-06
 Reference value :  1.03959e-06
 Reference value :  1.04004e-06
 Reference value :  1.04055e-06
 Reference value :  1.04119e-06
 Reference value :  1.04197e-06
 Reference value :  1.04227e-06
 Reference value :  1.04299e-06
 Reference value :  1.04319e-06
 Reference value :  1.04395e-06
 Reference value :  1.04427e-06
 Reference value :  1.04471e-06
 Reference value :  1.04527e-06
 Reference value :  1.04595e-06
 Reference value :  1.04619e-06
 Reference value :  1.04687e-06
 Reference value :  1.04747e-06
 Reference value :  1.04801e-06
 Reference value :  1.04804e-06
 Reference value :  1.04851e-06
 Reference value :  1.04911e-06
 Reference value :  1.04987e-06
 Reference value :  1.05015e-06
 Reference value :  1.05087e-06
 Reference value :  1.05151e-06
 Reference value :  1.05201e-06
 Reference value :  1.05247e-06
 Reference value :  1.05295e-06
 Reference value :  1.05359e-06
 Reference value :  1.05402e-06
 Reference value :  1.05459e-06
 Reference value :  1.05527e-06
 Reference value :  1.05591e-06
 Reference value :  1.05623e-06
 Reference value :  1.05671e-06
 Reference value :  1.05715e-06
 Reference value :  1.05783e-06
 Reference value :  1.05819e-06
 Reference value :  1.05883e-06
 Reference value :  1.05955e-06
 Reference value :  1.06002e-06
 Reference value :  1.06043e-06
 Reference value :  1.06095e-06
 Reference value :  1.06143e-06
 Reference value :  1.06155e-06
 Reference value :  1.06200e-06
 Reference value :  1.06239e-06
 Reference value :  1.06307e-06
 Reference value :  1.06383e-06
 Reference value :  1.06411e-06
 Reference value :  1.06463e-06
 Reference value :  1.06531e-06
 Reference value :  1.06600e-06
 Reference value :  1.06631e-06
 Reference value :  1.06699e-06
 Reference value :  1.06775e-06
 Reference value :  1.06801e-06
 Reference value :  1.06839e-06
 Reference value :  1.06883e-06
 Reference value :  1.06943e-06
 Reference value :  1.07001e-06
 Reference value :  1.07043e-06
 Reference value :  1.07119e-06
 Reference value :  1.07191e-06
 Reference value :  1.07223e-06
 Reference value :  1.07263e-06
 Reference value :  1.07339e-06
 Reference value :  1.07400e-06
 Reference value :  1.07407e-06
 Reference value :  1.07447e-06
 Reference value :  1.07499e-06
 Reference value :  1.07551e-06
 Reference value :  1.07595e-06
 Reference value :  1.07607e-06
 Reference value :  1.07647e-06
 Reference value :  1.07691e-06
 Reference value :  1.07727e-06
 Reference value :  1.07747e-06
 Reference value :  1.07801e-06
 Reference value :  1.07803e-06
 Reference value :  1.07815e-06
 Reference value :  1.07839e-06
 Reference value :  1.07879e-06
 Reference value :  1.07899e-06
 Reference value :  1.07911e-06
 Reference value :  1.07923e-06
 Reference value :  1.07931e-06
 Reference value :  1.07939e-06
 Reference value :  1.07951e-06
 Reference value :  1.07963e-06
 Reference value :  1.07983e-06
 Reference value :  1.07995e-06
 Reference value :  1.08000e-06
 Reference value :  1.08001e-06
 Reference value :  1.08002e-06
 Reference value :  1.08007e-06
 Reference value :  1.08015e-06
 Reference value :  1.08023e-06
 Reference value :  1.08031e-06
 Reference value :  1.08043e-06
 Reference value :  1.08091e-06
 Reference value :  1.08107e-06
 Reference value :  1.08135e-06
 Reference value :  1.08187e-06
 Reference value :  1.08202e-06
 Reference value :  1.08227e-06
 Reference value :  1.08279e-06
 Reference value :  1.08323e-06
 Reference value :  1.08355e-06
 Reference value :  1.08371e-06
 Reference value :  1.08400e-06
 Reference value :  1.08431e-06
 Reference value :  1.08475e-06
 Reference value :  1.08511e-06
 Reference value :  1.08547e-06
 Reference value :  1.08600e-06
 Reference value :  1.08601e-06
 Reference value :  1.08639e-06
 Reference value :  1.08711e-06
 Reference value :  1.08779e-06
 Reference value :  1.08807e-06
 Reference value :  1.08855e-06
 Reference value :  1.08927e-06
 Reference value :  1.08987e-06
 Reference value :  1.09019e-06
 Reference value :  1.09083e-06
 Reference value :  1.09151e-06
 Reference value :  1.09201e-06
 Reference value :  1.09239e-06
 Reference value :  1.09295e-06
 Reference value :  1.09339e-06
 Reference value :  1.09400e-06
 Reference value :  1.09427e-06
 Reference value :  1.09503e-06
 Reference value :  1.09531e-06
 Reference value :  1.09600e-06
 Reference value :  1.09635e-06
 Reference value :  1.09683e-06
 Reference value :  1.09759e-06
 Reference value :  1.09802e-06
 Reference value :  1.09855e-06
 Reference value :  1.09927e-06
 Reference value :  1.09995e-06
 Reference value :  1.10027e-06
 Reference value :  1.10067e-06
 Reference value :  1.10115e-06
 Reference value :  1.10167e-06
 Reference value :  1.10179e-06
 Reference value :  1.10200e-06
 Reference value :  1.10219e-06
 Reference value :  1.10267e-06
 Reference value :  1.10283e-06
 Reference value :  1.10327e-06
 Reference value :  1.10379e-06
 Reference value :  1.10397e-06
 Reference value :  1.10419e-06
 Reference value :  1.10459e-06
 Reference value :  1.10511e-06
 Reference value :  1.10571e-06
 Reference value :  1.10602e-06
 Reference value :  1.10627e-06
 Reference value :  1.10643e-06
 Reference value :  1.10695e-06
 Reference value :  1.10719e-06
 Reference value :  1.10787e-06
 Reference value :  1.10801e-06
 Reference value :  1.10801e-06
 Reference value :  1.10803e-06
 Reference value :  1.10831e-06
 Reference value :  1.10839e-06
 Reference value :  1.10847e-06
 Reference value :  1.10855e-06
 Reference value :  1.10863e-06
 Reference value :  1.10871e-06
 Reference value :  1.10879e-06
 Reference value :  1.10887e-06
 Reference value :  1.10895e-06
 Reference value :  1.10903e-06
 Reference value :  1.10911e-06
 Reference value :  1.10919e-06
 Reference value :  1.10927e-06
 Reference value :  1.10935e-06
 Reference value :  1.10947e-06
 Reference value :  1.10967e-06
 Reference value :  1.10979e-06
 Reference value :  1.10995e-06
 Reference value :  1.11001e-06
 Reference value :  1.11002e-06
 Reference value :  1.11055e-06
 Reference value :  1.11123e-06
 Reference value :  1.11187e-06
 Reference value :  1.11219e-06
 Reference value :  1.11251e-06
 Reference value :  1.11311e-06
 Reference value :  1.11387e-06
 Reference value :  1.11415e-06
 Reference value :  1.11475e-06
 Reference value :  1.11551e-06
 Reference value :  1.11601e-06
 Reference value :  1.11647e-06
 Reference value :  1.11687e-06
 Reference value :  1.11743e-06
 Reference value :  1.11801e-06
 Reference value :  1.11847e-06
 Reference value :  1.11923e-06
 Reference value :  1.11995e-06
 Reference value :  1.12027e-06
 Reference value :  1.12075e-06
 Reference value :  1.12151e-06
 Reference value :  1.12183e-06
 Reference value :  1.12207e-06
 Reference value :  1.12251e-06
 Reference value :  1.12295e-06
 Reference value :  1.12327e-06
 Reference value :  1.12367e-06
 Reference value :  1.12401e-06
 Reference value :  1.12423e-06
 Reference value :  1.12471e-06
 Reference value :  1.12519e-06
 Reference value :  1.12575e-06
 Reference value :  1.12601e-06
 Reference value :  1.12631e-06
 Reference value :  1.12699e-06
 Reference value :  1.12755e-06
 Reference value :  1.12803e-06
 Reference value :  1.12851e-06
 Reference value :  1.12887e-06
 Reference value :  1.12951e-06
 Reference value :  1.13002e-06
 Reference value :  1.13047e-06
 Reference value :  1.13123e-06
 Reference value :  1.13197e-06
 Reference value :  1.13223e-06
 Reference value :  1.13275e-06
 Reference value :  1.13323e-06
 Reference value :  1.13395e-06
 Reference value :  1.13427e-06
 Reference value :  1.13467e-06
 Reference value :  1.13511e-06
 Reference value :  1.13547e-06
 Reference value :  1.13597e-06
 Reference value :  1.13603e-06
 Reference value :  1.13635e-06
 Reference value :  1.13667e-06
 Reference value :  1.13687e-06
 Reference value :  1.13699e-06
 Reference value :  1.13751e-06
 Reference value :  1.13802e-06
 Reference value :  1.13851e-06
 Reference value :  1.13923e-06
 Reference value :  1.13991e-06
 Reference value :  1.14023e-06
 Reference value :  1.14055e-06
 Reference value :  1.14087e-06
 Reference value :  1.14135e-06
 Reference value :  1.14197e-06
 Reference value :  1.14231e-06
 Reference value :  1.14287e-06
 Reference value :  1.14347e-06
 Reference value :  1.14391e-06
 Reference value :  1.14402e-06
 Reference value :  1.14451e-06
 Reference value :  1.14515e-06
 Reference value :  1.14587e-06
 Reference value :  1.14619e-06
 Reference value :  1.14691e-06
 Reference value :  1.14727e-06
 Reference value :  1.14775e-06
 Reference value :  1.14811e-06
 Reference value :  1.14863e-06
 Reference value :  1.14911e-06
 Reference value :  1.14975e-06
 Reference value :  1.15011e-06
 Reference value :  1.15063e-06
 Reference value :  1.15103e-06
 Reference value :  1.15171e-06
 Reference value :  1.15207e-06
 Reference value :  1.15235e-06
 Reference value :  1.15295e-06
 Reference value :  1.15367e-06
 Reference value :  1.15404e-06
 Reference value :  1.15435e-06
 Reference value :  1.15471e-06
 Reference value :  1.15487e-06
 Reference value :  1.15559e-06
 Reference value :  1.15600e-06
 Reference value :  1.15623e-06
 Reference value :  1.15675e-06
 Reference value :  1.15731e-06
 Reference value :  1.15779e-06
 Reference value :  1.15801e-06
 Reference value :  1.15827e-06
 Reference value :  1.15907e-06
 Reference value :  1.15975e-06
 Reference value :  1.16011e-06
 Reference value :  1.16059e-06
 Reference value :  1.16131e-06
 Reference value :  1.16200e-06
 Reference value :  1.16239e-06
 Reference value :  1.16315e-06
 Reference value :  1.16355e-06
 Reference value :  1.16400e-06
 Reference value :  1.16419e-06
 Reference value :  1.16455e-06
 Reference value :  1.16487e-06
 Reference value :  1.16495e-06
 Reference value :  1.16543e-06
 Reference value :  1.16600e-06
 Reference value :  1.16602e-06
 Reference value :  1.16651e-06
 Reference value :  1.16723e-06
 Reference value :  1.16787e-06
 Reference value :  1.16819e-06
 Reference value :  1.16867e-06
 Reference value :  1.16935e-06
 Reference value :  1.16995e-06
 Reference value :  1.17019e-06
 Reference value :  1.17087e-06
 Reference value :  1.17163e-06
 Reference value :  1.17204e-06
 Reference value :  1.17251e-06
 Reference value :  1.17303e-06
 Reference value :  1.17347e-06
 Reference value :  1.17397e-06
 Reference value :  1.17411e-06
 Reference value :  1.17455e-06
 Reference value :  1.17475e-06
 Reference value :  1.17507e-06
 Reference value :  1.17563e-06
 Reference value :  1.17587e-06
 Reference value :  1.17602e-06
 Reference value :  1.17635e-06
 Reference value :  1.17691e-06
 Reference value :  1.17763e-06
 Reference value :  1.17802e-06
 Reference value :  1.17847e-06
 Reference value :  1.17911e-06
 Reference value :  1.17979e-06
 Reference value :  1.18001e-06
 Reference value :  1.18031e-06
 Reference value :  1.18079e-06
 Reference value :  1.18123e-06
 Reference value :  1.18195e-06
 Reference value :  1.18219e-06
 Reference value :  1.18291e-06
 Reference value :  1.18359e-06
 Reference value :  1.18402e-06
 Reference value :  1.18443e-06
 Reference value :  1.18499e-06
 Reference value :  1.18575e-06
 Reference value :  1.18607e-06
 Reference value :  1.18671e-06
 Reference value :  1.18743e-06
 Reference value :  1.18801e-06
 Reference value :  1.18839e-06
 Reference value :  1.18863e-06
 Reference value :  1.18887e-06
 Reference value :  1.18903e-06
 Reference value :  1.18939e-06
 Reference value :  1.18987e-06
 Reference value :  1.19004e-06
 Reference value :  1.19047e-06
 Reference value :  1.19067e-06
 Reference value :  1.19095e-06
 Reference value :  1.19103e-06
 Reference value :  1.19143e-06
 Reference value :  1.19201e-06
 Reference value :  1.19243e-06
 Reference value :  1.19299e-06
 Reference value :  1.19379e-06
 Reference value :  1.19400e-06
 Reference value :  1.19401e-06
 Reference value :  1.19415e-06
 Reference value :  1.19483e-06
 Reference value :  1.19551e-06
 Reference value :  1.19602e-06
 Reference value :  1.19611e-06
 Reference value :  1.19655e-06
 Reference value :  1.19675e-06
 Reference value :  1.19683e-06
 Reference value :  1.19743e-06
 Reference value :  1.19800e-06
 Reference value :  1.19811e-06
 Reference value :  1.19847e-06
 Reference value :  1.19923e-06
 Reference value :  1.20000e-06
 Reference value :  1.20011e-06
 Reference value :  1.20043e-06
 Reference value :  1.20099e-06
 Reference value :  1.20175e-06
 Reference value :  1.20207e-06
 Reference value :  1.20275e-06
 Reference value :  1.20339e-06
 Reference value :  1.20401e-06
 Reference value :  1.20439e-06
 Reference value :  1.20479e-06
 Reference value :  1.20507e-06
 Reference value :  1.20567e-06
 Reference value :  1.20603e-06
 Reference value :  1.20631e-06
 Reference value :  1.20707e-06
 Reference value :  1.20783e-06
 Reference value :  1.20801e-06
 Reference value :  1.20847e-06
 Reference value :  1.20899e-06
 Reference value :  1.20971e-06
 Reference value :  1.21002e-06
 Reference value :  1.21059e-06
 Reference value :  1.21127e-06
 Reference value :  1.21175e-06
 Reference value :  1.21201e-06
 Reference value :  1.21243e-06
 Reference value :  1.21291e-06
 Reference value :  1.21347e-06
 Reference value :  1.21401e-06
 Reference value :  1.21435e-06
 Reference value :  1.21471e-06
 Reference value :  1.21543e-06
 Reference value :  1.21601e-06
 Reference value :  1.21639e-06
 Reference value :  1.21683e-06
 Reference value :  1.21723e-06
 Reference value :  1.21751e-06
 Reference value :  1.21800e-06
 Reference value :  1.21807e-06
 Reference value :  1.21855e-06
 Reference value :  1.21883e-06
 Reference value :  1.21899e-06
 Reference value :  1.21951e-06
 Reference value :  1.22001e-06
 Reference value :  1.22003e-06
 Reference value :  1.22031e-06
 Reference value :  1.22043e-06
 Reference value :  1.22051e-06
 Reference value :  1.22071e-06
 Reference value :  1.22099e-06
 Reference value :  1.22115e-06
 Reference value :  1.22123e-06
 Reference value :  1.22139e-06
 Reference value :  1.22200e-06
 Reference value :  1.22231e-06
 Reference value :  1.22307e-06
 Reference value :  1.22375e-06
 Reference value :  1.22407e-06
 Reference value :  1.22463e-06
 Reference value :  1.22515e-06
 Reference value :  1.22559e-06
 Reference value :  1.22587e-06
 Reference value :  1.22597e-06
 Reference value :  1.22619e-06
 Reference value :  1.22691e-06
 Reference value :  1.22763e-06
 Reference value :  1.22804e-06
 Reference value :  1.22823e-06
 Reference value :  1.22839e-06
 Reference value :  1.22887e-06
 Reference value :  1.22915e-06
 Reference value :  1.22991e-06
 Reference value :  1.23003e-06
 Reference value :  1.23039e-06
 Reference value :  1.23075e-06
 Reference value :  1.23151e-06
 Reference value :  1.23201e-06
 Reference value :  1.23239e-06
 Reference value :  1.23299e-06
 Reference value :  1.23355e-06
 Reference value :  1.23401e-06
 Reference value :  1.23419e-06
 Reference value :  1.23491e-06
 Reference value :  1.23551e-06
 Reference value :  1.23595e-06
 Reference value :  1.23611e-06
 Reference value :  1.23627e-06
 Reference value :  1.23647e-06
 Reference value :  1.23679e-06
 Reference value :  1.23711e-06
 Reference value :  1.23731e-06
 Reference value :  1.23783e-06
 Reference value :  1.23807e-06
 Reference value :  1.23839e-06
 Reference value :  1.23859e-06
 Reference value :  1.23899e-06
 Reference value :  1.23963e-06
 Reference value :  1.24002e-06
 Reference value :  1.24051e-06
 Reference value :  1.24067e-06
 Reference value :  1.24135e-06
 Reference value :  1.24200e-06
 Reference value :  1.24235e-06
 Reference value :  1.24291e-06
 Reference value :  1.24311e-06
 Reference value :  1.24331e-06
 Reference value :  1.24400e-06
 Reference value :  1.24431e-06
 Reference value :  1.24483e-06
 Reference value :  1.24539e-06
 Reference value :  1.24600e-06
 Reference value :  1.24619e-06
 Reference value :  1.24659e-06
 Reference value :  1.24691e-06
 Reference value :  1.24743e-06
 Reference value :  1.24801e-06
 Reference value :  1.24819e-06
 Reference value :  1.24867e-06
 Reference value :  1.24943e-06
 Reference value :  1.25000e-06
 Reference value :  1.25015e-06
 Reference value :  1.25047e-06
 Reference value :  1.25095e-06
 Reference value :  1.25135e-06
 Reference value :  1.25147e-06
 Reference value :  1.25159e-06
 Reference value :  1.25191e-06
 Reference value :  1.25215e-06
 Reference value :  1.25267e-06
 Reference value :  1.25319e-06
 Reference value :  1.25371e-06
 Reference value :  1.25403e-06
 Reference value :  1.25411e-06
 Reference value :  1.25479e-06
 Reference value :  1.25551e-06
 Reference value :  1.25602e-06
 Reference value :  1.25643e-06
 Reference value :  1.25699e-06
 Reference value :  1.25775e-06
 Reference value :  1.25807e-06
 Reference value :  1.25851e-06
 Reference value :  1.25891e-06
 Reference value :  1.25963e-06
 Reference value :  1.26001e-06
 Reference value :  1.26043e-06
 Reference value :  1.26091e-06
 Reference value :  1.26147e-06
 Reference value :  1.26201e-06
 Reference value :  1.26204e-06
 Reference value :  1.26271e-06
 Reference value :  1.26339e-06
 Reference value :  1.26401e-06
 Reference value :  1.26439e-06
 Reference value :  1.26503e-06
 Reference value :  1.26583e-06
 Reference value :  1.26601e-06
 Reference value :  1.26647e-06
 Reference value :  1.26699e-06
 Reference value :  1.26775e-06
 Reference value :  1.26804e-06
 Reference value :  1.26851e-06
 Reference value :  1.26903e-06
 Reference value :  1.26959e-06
 Reference value :  1.27003e-06
 Reference value :  1.27047e-06
 Reference value :  1.27079e-06
 Reference value :  1.27151e-06
 Reference value :  1.27201e-06
 Reference value :  1.27239e-06
 Reference value :  1.27263e-06
 Reference value :  1.27303e-06
 Reference value :  1.27367e-06
 Reference value :  1.27402e-06
 Reference value :  1.27411e-06
 Reference value :  1.27455e-06
 Reference value :  1.27487e-06
 Reference value :  1.27499e-06
 Reference value :  1.27511e-06
 Reference value :  1.27523e-06
 Reference value :  1.27555e-06
 Reference value :  1.27597e-06
 Reference value :  1.27601e-06
 Reference value :  1.27635e-06
 Reference value :  1.27663e-06
 Reference value :  1.27691e-06
 Reference value :  1.27719e-06
 Reference value :  1.27739e-06
 Reference value :  1.27771e-06
 Reference value :  1.27807e-06
 Reference value :  1.27871e-06
 Reference value :  1.27939e-06
 Reference value :  1.27997e-06
 Reference value :  1.28015e-06
 Reference value :  1.28047e-06
 Reference value :  1.28087e-06
 Reference value :  1.28163e-06
 Reference value :  1.28202e-06
 Reference value :  1.28235e-06
 Reference value :  1.28307e-06
 Reference value :  1.28335e-06
 Reference value :  1.28400e-06
 Reference value :  1.28431e-06
 Reference value :  1.28487e-06
 Reference value :  1.28527e-06
 Reference value :  1.28547e-06
 Reference value :  1.28575e-06
 Reference value :  1.28611e-06
 Reference value :  1.28663e-06
 Reference value :  1.28735e-06
 Reference value :  1.28800e-06
 Reference value :  1.28831e-06
 Reference value :  1.28891e-06
 Reference value :  1.28955e-06
 Reference value :  1.29003e-06
 Reference value :  1.29035e-06
 Reference value :  1.29087e-06
 Reference value :  1.29167e-06
 Reference value :  1.29204e-06
 Reference value :  1.29255e-06
 Reference value :  1.29295e-06
 Reference value :  1.29351e-06
 Reference value :  1.29401e-06
 Reference value :  1.29411e-06
 Reference value :  1.29447e-06
 Reference value :  1.29523e-06
 Reference value :  1.29595e-06
 Reference value :  1.29619e-06
 Reference value :  1.29675e-06
 Reference value :  1.29747e-06
 Reference value :  1.29801e-06
 Reference value :  1.29847e-06
 Reference value :  1.29927e-06
 Reference value :  1.30000e-06
 Reference value :  1.30007e-06
 Reference value :  1.30019e-06
 Reference value :  1.30063e-06
 Reference value :  1.30107e-06
 Reference value :  1.30139e-06
 Reference value :  1.30200e-06
 Reference value :  1.30204e-06
 Reference value :  1.30219e-06
 Reference value :  1.30291e-06
 Reference value :  1.30367e-06
 Reference value :  1.30407e-06
 Reference value :  1.30455e-06
 Reference value :  1.30491e-06
 Reference value :  1.30523e-06
 Reference value :  1.30567e-06
 Reference value :  1.30597e-06
 Reference value :  1.30631e-06
 Reference value :  1.30683e-06
 Reference value :  1.30755e-06
 Reference value :  1.30795e-06
 Reference value :  1.30807e-06
 Reference value :  1.30855e-06
 Reference value :  1.30903e-06
 Reference value :  1.30975e-06
 Reference value :  1.31007e-06
 Reference value :  1.31035e-06
 Reference value :  1.31071e-06
 Reference value :  1.31147e-06
 Reference value :  1.31201e-06
 Reference value :  1.31211e-06
 Reference value :  1.31235e-06
 Reference value :  1.31259e-06
 Reference value :  1.31295e-06
 Reference value :  1.31339e-06
 Reference value :  1.31401e-06
 Reference value :  1.31427e-06
 Reference value :  1.31499e-06
 Reference value :  1.31535e-06
 Reference value :  1.31575e-06
 Reference value :  1.31604e-06
 Reference value :  1.31639e-06
 Reference value :  1.31667e-06
 Reference value :  1.31695e-06
 Reference value :  1.31707e-06
 Reference value :  1.31723e-06
 Reference value :  1.31763e-06
 Reference value :  1.31800e-06
 Reference value :  1.31801e-06
 Reference value :  1.31803e-06
 Reference value :  1.31807e-06
 Reference value :  1.31827e-06
 Reference value :  1.31835e-06
 Reference value :  1.31847e-06
 Reference value :  1.31855e-06
 Reference value :  1.31867e-06
 Reference value :  1.31879e-06
 Reference value :  1.31891e-06
 Reference value :  1.31899e-06
 Reference value :  1.31911e-06
 Reference value :  1.31923e-06
 Reference value :  1.31935e-06
 Reference value :  1.31943e-06
 Reference value :  1.31955e-06
 Reference value :  1.31967e-06
 Reference value :  1.31979e-06
 Reference value :  1.31991e-06
 Reference value :  1.32000e-06
 Reference value :  1.32001e-06
 Reference value :  1.32002e-06
 Reference value :  1.32019e-06
 Reference value :  1.32063e-06
 Reference value :  1.32135e-06
 Reference value :  1.32200e-06
 Reference value :  1.32207e-06
 Reference value :  1.32215e-06
 Reference value :  1.32271e-06
 Reference value :  1.32339e-06
 Reference value :  1.32367e-06
 Reference value :  1.32401e-06
 Reference value :  1.32415e-06
 Reference value :  1.32447e-06
 Reference value :  1.32491e-06
 Reference value :  1.32555e-06
 Reference value :  1.32601e-06
 Reference value :  1.32647e-06
 Reference value :  1.32715e-06
 Reference value :  1.32771e-06
 Reference value :  1.32801e-06
 Reference value :  1.32839e-06
 Reference value :  1.32903e-06
 Reference value :  1.32963e-06
 Reference value :  1.32991e-06
 Reference value :  1.33001e-06
 Reference value :  1.33035e-06
 Reference value :  1.33111e-06
 Reference value :  1.33179e-06
 Reference value :  1.33215e-06
 Reference value :  1.33251e-06
 Reference value :  1.33287e-06
 Reference value :  1.33327e-06
 Reference value :  1.33400e-06
 Reference value :  1.33427e-06
 Reference value :  1.33463e-06
 Reference value :  1.33479e-06
 Reference value :  1.33551e-06
 Reference value :  1.33602e-06
 Reference value :  1.33643e-06
 Reference value :  1.33703e-06
 Reference value :  1.33767e-06
 Reference value :  1.33791e-06
 Reference value :  1.33801e-06
 Reference value :  1.33819e-06
 Reference value :  1.33887e-06
 Reference value :  1.33955e-06
 Reference value :  1.34000e-06
 Reference value :  1.34004e-06
 Reference value :  1.34055e-06
 Reference value :  1.34095e-06
 Reference value :  1.34151e-06
 Reference value :  1.34200e-06
 Reference value :  1.34201e-06
 Reference value :  1.34251e-06
 Reference value :  1.34327e-06
 Reference value :  1.34387e-06
 Reference value :  1.34402e-06
 Reference value :  1.34411e-06
 Reference value :  1.34459e-06
 Reference value :  1.34535e-06
 Reference value :  1.34600e-06
 Reference value :  1.34631e-06
 Reference value :  1.34667e-06
 Reference value :  1.34703e-06
 Reference value :  1.34767e-06
 Reference value :  1.34807e-06
 Reference value :  1.34855e-06
 Reference value :  1.34879e-06
 Reference value :  1.34927e-06
 Reference value :  1.34979e-06
 Reference value :  1.35015e-06
 Reference value :  1.35079e-06
 Reference value :  1.35147e-06
 Reference value :  1.35187e-06
 Reference value :  1.35201e-06
 Reference value :  1.35227e-06
 Reference value :  1.35263e-06
 Reference value :  1.35311e-06
 Reference value :  1.35339e-06
 Reference value :  1.35351e-06
 Reference value :  1.35397e-06
 Reference value :  1.35411e-06
 Reference value :  1.35435e-06
 Reference value :  1.35499e-06
 Reference value :  1.35571e-06
 Reference value :  1.35602e-06
 Reference value :  1.35623e-06
 Reference value :  1.35671e-06
 Reference value :  1.35715e-06
 Reference value :  1.35771e-06
 Reference value :  1.35807e-06
 Reference value :  1.35867e-06
 Reference value :  1.35923e-06
 Reference value :  1.35971e-06
 Reference value :  1.35987e-06
 Reference value :  1.36004e-06
 Reference value :  1.36011e-06
 Reference value :  1.36035e-06
 Reference value :  1.36047e-06
 Reference value :  1.36067e-06
 Reference value :  1.36099e-06
 Reference value :  1.36115e-06
 Reference value :  1.36127e-06
 Reference value :  1.36143e-06
 Reference value :  1.36159e-06
 Reference value :  1.36179e-06
 Reference value :  1.36200e-06
 Reference value :  1.36203e-06
 Reference value :  1.36207e-06
 Reference value :  1.36215e-06
 Reference value :  1.36223e-06
 Reference value :  1.36231e-06
 Reference value :  1.36239e-06
 Reference value :  1.36251e-06
 Reference value :  1.36263e-06
 Reference value :  1.36271e-06
 Reference value :  1.36283e-06
 Reference value :  1.36295e-06
 Reference value :  1.36307e-06
 Reference value :  1.36319e-06
 Reference value :  1.36335e-06
 Reference value :  1.36347e-06
 Reference value :  1.36355e-06
 Reference value :  1.36367e-06
 Reference value :  1.36379e-06
 Reference value :  1.36387e-06
 Reference value :  1.36397e-06
 Reference value :  1.36400e-06
 Reference value :  1.36401e-06
 Reference value :  1.36404e-06
 Reference value :  1.36411e-06
 Reference value :  1.36455e-06
 Reference value :  1.36495e-06
 Reference value :  1.36531e-06
 Reference value :  1.36571e-06
 Reference value :  1.36601e-06
 Reference value :  1.36619e-06
 Reference value :  1.36679e-06
 Reference value :  1.36755e-06
 Reference value :  1.36802e-06
 Reference value :  1.36847e-06
 Reference value :  1.36903e-06
 Reference value :  1.36979e-06
 Reference value :  1.37011e-06
 Reference value :  1.37059e-06
 Reference value :  1.37135e-06
 Reference value :  1.37197e-06
 Reference value :  1.37215e-06
 Reference value :  1.37235e-06
 Reference value :  1.37279e-06
 Reference value :  1.37323e-06
 Reference value :  1.37397e-06
 Reference value :  1.37419e-06
 Reference value :  1.37475e-06
 Reference value :  1.37507e-06
 Reference value :  1.37571e-06
 Reference value :  1.37607e-06
 Reference value :  1.37655e-06
 Reference value :  1.37719e-06
 Reference value :  1.37767e-06
 Reference value :  1.37804e-06
 Reference value :  1.37859e-06
 Reference value :  1.37935e-06
 Reference value :  1.38000e-06
 Reference value :  1.38031e-06
 Reference value :  1.38055e-06
 Reference value :  1.38091e-06
 Reference value :  1.38143e-06
 Reference value :  1.38200e-06
 Reference value :  1.38215e-06
 Reference value :  1.38239e-06
 Reference value :  1.38311e-06
 Reference value :  1.38387e-06
 Reference value :  1.38411e-06
 Reference value :  1.38459e-06
 Reference value :  1.38519e-06
 Reference value :  1.38547e-06
 Reference value :  1.38587e-06
 Reference value :  1.38611e-06
 Reference value :  1.38671e-06
 Reference value :  1.38739e-06
 Reference value :  1.38767e-06
 Reference value :  1.38801e-06
 Reference value :  1.38843e-06
 Reference value :  1.38879e-06
 Reference value :  1.38931e-06
 Reference value :  1.38995e-06
 Reference value :  1.39011e-06
 Reference value :  1.39071e-06
 Reference value :  1.39119e-06
 Reference value :  1.39183e-06
 Reference value :  1.39207e-06
 Reference value :  1.39259e-06
 Reference value :  1.39323e-06
 Reference value :  1.39347e-06
 Reference value :  1.39397e-06
 Reference value :  1.39423e-06
 Reference value :  1.39491e-06
 Reference value :  1.39559e-06
 Reference value :  1.39603e-06
 Reference value :  1.39639e-06
 Reference value :  1.39667e-06
 Reference value :  1.39719e-06
 Reference value :  1.39783e-06
 Reference value :  1.39819e-06
 Reference value :  1.39855e-06
 Reference value :  1.39879e-06
 Reference value :  1.39935e-06
 Reference value :  1.39959e-06
 Reference value :  1.40001e-06
 Reference value :  1.40027e-06
 Reference value :  1.40043e-06
 Reference value :  1.40067e-06
 Reference value :  1.40099e-06
 Reference value :  1.40131e-06
 Reference value :  1.40143e-06
 Reference value :  1.40200e-06
 Reference value :  1.40231e-06
 Reference value :  1.40295e-06
 Reference value :  1.40363e-06
 Reference value :  1.40401e-06
 Reference value :  1.40419e-06
 Reference value :  1.40467e-06
 Reference value :  1.40495e-06
 Reference value :  1.40515e-06
 Reference value :  1.40551e-06
 Reference value :  1.40575e-06
 Reference value :  1.40600e-06
 Reference value :  1.40619e-06
 Reference value :  1.40639e-06
 Reference value :  1.40651e-06
 Reference value :  1.40663e-06
 Reference value :  1.40699e-06
 Reference value :  1.40747e-06
 Reference value :  1.40759e-06
 Reference value :  1.40795e-06
 Reference value :  1.40800e-06
 Reference value :  1.40802e-06
 Reference value :  1.40807e-06
 Reference value :  1.40831e-06
 Reference value :  1.40839e-06
 Reference value :  1.40859e-06
 Reference value :  1.40895e-06
 Reference value :  1.40939e-06
 Reference value :  1.40987e-06
 Reference value :  1.40997e-06
 Reference value :  1.41011e-06
 Reference value :  1.41055e-06
 Reference value :  1.41099e-06
 Reference value :  1.41115e-06
 Reference value :  1.41135e-06
 Reference value :  1.41200e-06
 Reference value :  1.41231e-06
 Reference value :  1.41263e-06
 Reference value :  1.41287e-06
 Reference value :  1.41303e-06
 Reference value :  1.41343e-06
 Reference value :  1.41395e-06
 Reference value :  1.41401e-06
 Reference value :  1.41407e-06
 Reference value :  1.41415e-06
 Reference value :  1.41423e-06
 Reference value :  1.41443e-06
 Reference value :  1.41507e-06
 Reference value :  1.41575e-06
 Reference value :  1.41603e-06
 Reference value :  1.41607e-06
 Reference value :  1.41623e-06
 Reference value :  1.41675e-06
 Reference value :  1.41755e-06
 Reference value :  1.41801e-06
 Reference value :  1.41811e-06
 Reference value :  1.41831e-06
 Reference value :  1.41867e-06
 Reference value :  1.41879e-06
 Reference value :  1.41955e-06
 Reference value :  1.42001e-06
 Reference value :  1.42007e-06
 Reference value :  1.42015e-06
 Reference value :  1.42047e-06
 Reference value :  1.42083e-06
 Reference value :  1.42115e-06
 Reference value :  1.42163e-06
 Reference value :  1.42175e-06
 Reference value :  1.42191e-06
 Reference value :  1.42202e-06
 Reference value :  1.42251e-06
 Reference value :  1.42331e-06
 Reference value :  1.42400e-06
 Reference value :  1.42402e-06
 Reference value :  1.42407e-06
 Reference value :  1.42439e-06
 Reference value :  1.42503e-06
 Reference value :  1.42555e-06
 Reference value :  1.42575e-06
 Reference value :  1.42587e-06
 Reference value :  1.42607e-06
 Reference value :  1.42627e-06
 Reference value :  1.42695e-06
 Reference value :  1.42767e-06
 Reference value :  1.42801e-06
 Reference value :  1.42802e-06
 Reference value :  1.42819e-06
 Reference value :  1.42863e-06
 Reference value :  1.42899e-06
 Reference value :  1.42959e-06
 Reference value :  1.43002e-06
 Reference value :  1.43051e-06
 Reference value :  1.43067e-06
 Reference value :  1.43139e-06
 Reference value :  1.43179e-06
 Reference value :  1.43200e-06
 Reference value :  1.43207e-06
 Reference value :  1.43239e-06
 Reference value :  1.43247e-06
 Reference value :  1.43307e-06
 Reference value :  1.43371e-06
 Reference value :  1.43401e-06
 Reference value :  1.43411e-06
 Reference value :  1.43431e-06
 Reference value :  1.43507e-06
 Reference value :  1.43579e-06
 Reference value :  1.43615e-06
 Reference value :  1.43663e-06
 Reference value :  1.43703e-06
 Reference value :  1.43715e-06
 Reference value :  1.43783e-06
 Reference value :  1.43819e-06
 Reference value :  1.43887e-06
 Reference value :  1.43947e-06
 Reference value :  1.43987e-06
 Reference value :  1.44019e-06
 Reference value :  1.44067e-06
 Reference value :  1.44143e-06
 Reference value :  1.44201e-06
 Reference value :  1.44235e-06
 Reference value :  1.44263e-06
 Reference value :  1.44299e-06
 Reference value :  1.44371e-06
 Reference value :  1.44407e-06
 Reference value :  1.44455e-06
 Reference value :  1.44495e-06
 Reference value :  1.44531e-06
 Reference value :  1.44595e-06
 Reference value :  1.44627e-06
 Reference value :  1.44703e-06
 Reference value :  1.44775e-06
 Reference value :  1.44804e-06
 Reference value :  1.44839e-06
 Reference value :  1.44871e-06
 Reference value :  1.44911e-06
 Reference value :  1.44967e-06
 Reference value :  1.45001e-06
 Reference value :  1.45031e-06
 Reference value :  1.45079e-06
 Reference value :  1.45135e-06
 Reference value :  1.45179e-06
 Reference value :  1.45211e-06
 Reference value :  1.45259e-06
 Reference value :  1.45307e-06
 Reference value :  1.45379e-06
 Reference value :  1.45400e-06
 Reference value :  1.45411e-06
 Reference value :  1.45471e-06
 Reference value :  1.45543e-06
 Reference value :  1.45601e-06
 Reference value :  1.45623e-06
 Reference value :  1.45643e-06
 Reference value :  1.45687e-06
 Reference value :  1.45731e-06
 Reference value :  1.45743e-06
 Reference value :  1.45755e-06
 Reference value :  1.45800e-06
 Reference value :  1.45803e-06
 Reference value :  1.45863e-06
 Reference value :  1.45931e-06
 Reference value :  1.46000e-06
 Reference value :  1.46027e-06
 Reference value :  1.46059e-06
 Reference value :  1.46107e-06
 Reference value :  1.46171e-06
 Reference value :  1.46211e-06
 Reference value :  1.46275e-06
 Reference value :  1.46315e-06
 Reference value :  1.46323e-06
 Reference value :  1.46387e-06
 Reference value :  1.46419e-06
 Reference value :  1.46463e-06
 Reference value :  1.46511e-06
 Reference value :  1.46551e-06
 Reference value :  1.46591e-06
 Reference value :  1.46602e-06
 Reference value :  1.46635e-06
 Reference value :  1.46675e-06
 Reference value :  1.46707e-06
 Reference value :  1.46739e-06
 Reference value :  1.46787e-06
 Reference value :  1.46802e-06
 Reference value :  1.46831e-06
 Reference value :  1.46851e-06
 Reference value :  1.46895e-06
 Reference value :  1.46915e-06
 Reference value :  1.46991e-06
 Reference value :  1.47019e-06
 Reference value :  1.47087e-06
 Reference value :  1.47127e-06
 Reference value :  1.47197e-06
 Reference value :  1.47223e-06
 Reference value :  1.47283e-06
 Reference value :  1.47347e-06
 Reference value :  1.47383e-06
 Reference value :  1.47402e-06
 Reference value :  1.47455e-06
 Reference value :  1.47511e-06
 Reference value :  1.47575e-06
 Reference value :  1.47611e-06
 Reference value :  1.47627e-06
 Reference value :  1.47639e-06
 Reference value :  1.47691e-06
 Reference value :  1.47739e-06
 Reference value :  1.47800e-06
 Reference value :  1.47819e-06
 Reference value :  1.47891e-06
 Reference value :  1.47931e-06
 Reference value :  1.47997e-06
 Reference value :  1.48023e-06
 Reference value :  1.48075e-06
 Reference value :  1.48139e-06
 Reference value :  1.48201e-06
 Reference value :  1.48235e-06
 Reference value :  1.48271e-06
 Reference value :  1.48343e-06
 Reference value :  1.48400e-06
 Reference value :  1.48435e-06
 Reference value :  1.48479e-06
 Reference value :  1.48503e-06
 Reference value :  1.48571e-06
 Reference value :  1.48607e-06
 Reference value :  1.48663e-06
 Reference value :  1.48731e-06
 Reference value :  1.48775e-06
 Reference value :  1.48801e-06
 Reference value :  1.48807e-06
 Reference value :  1.48855e-06
 Reference value :  1.48923e-06
 Reference value :  1.48983e-06
 Reference value :  1.49004e-06
 Reference value :  1.49023e-06
 Reference value :  1.49075e-06
 Reference value :  1.49151e-06
 Reference value :  1.49201e-06
 Reference value :  1.49243e-06
 Reference value :  1.49287e-06
 Reference value :  1.49319e-06
 Reference value :  1.49331e-06
 Reference value :  1.49395e-06
 Reference value :  1.49427e-06
 Reference value :  1.49495e-06
 Reference value :  1.49531e-06
 Reference value :  1.49559e-06
 Reference value :  1.49602e-06
 Reference value :  1.49643e-06
 Reference value :  1.49671e-06
 Reference value :  1.49743e-06
 Reference value :  1.49787e-06
 Reference value :  1.49801e-06
 Reference value :  1.49823e-06
 Reference value :  1.49875e-06
 Reference value :  1.49887e-06
 Reference value :  1.49919e-06
 Reference value :  1.49971e-06
 Reference value :  1.49995e-06
 Reference value :  1.50001e-06
 Reference value :  1.50023e-06
 Reference value :  1.50051e-06
 Reference value :  1.50071e-06
 Reference value :  1.50111e-06
 Reference value :  1.50151e-06
 Reference value :  1.50187e-06
 Reference value :  1.50203e-06
 Reference value :  1.50239e-06
 Reference value :  1.50311e-06
 Reference value :  1.50379e-06
 Reference value :  1.50404e-06
 Reference value :  1.50431e-06
 Reference value :  1.50447e-06
 Reference value :  1.50499e-06
 Reference value :  1.50579e-06
 Reference value :  1.50611e-06
 Reference value :  1.50679e-06
 Reference value :  1.50747e-06
 Reference value :  1.50787e-06
 Reference value :  1.50815e-06
 Reference value :  1.50851e-06
 Reference value :  1.50879e-06
 Reference value :  1.50923e-06
 Reference value :  1.50939e-06
 Reference value :  1.50967e-06
 Reference value :  1.51007e-06
 Reference value :  1.51067e-06
 Reference value :  1.51139e-06
 Reference value :  1.51200e-06
 Reference value :  1.51215e-06
 Reference value :  1.51251e-06
 Reference value :  1.51303e-06
 Reference value :  1.51379e-06
 Reference value :  1.51411e-06
 Reference value :  1.51467e-06
 Reference value :  1.51495e-06
 Reference value :  1.51551e-06
 Reference value :  1.51602e-06
 Reference value :  1.51643e-06
 Reference value :  1.51683e-06
 Reference value :  1.51719e-06
 Reference value :  1.51783e-06
 Reference value :  1.51802e-06
 Reference value :  1.51823e-06
 Reference value :  1.51891e-06
 Reference value :  1.51967e-06
 Reference value :  1.52000e-06
 Reference value :  1.52007e-06
 Reference value :  1.52059e-06
 Reference value :  1.52127e-06
 Reference value :  1.52200e-06
 Reference value :  1.52207e-06
 Reference value :  1.52243e-06
 Reference value :  1.52315e-06
 Reference value :  1.52391e-06
 Reference value :  1.52423e-06
 Reference value :  1.52467e-06
 Reference value :  1.52483e-06
 Reference value :  1.52523e-06
 Reference value :  1.52587e-06
 Reference value :  1.52615e-06
 Reference value :  1.52683e-06
 Reference value :  1.52743e-06
 Reference value :  1.52797e-06
 Reference value :  1.52815e-06
 Reference value :  1.52859e-06
 Reference value :  1.52927e-06
 Reference value :  1.52991e-06
 Reference value :  1.53023e-06
 Reference value :  1.53071e-06
 Reference value :  1.53091e-06
 Reference value :  1.53163e-06
 Reference value :  1.53204e-06
 Reference value :  1.53251e-06
 Reference value :  1.53275e-06
 Reference value :  1.53299e-06
 Reference value :  1.53331e-06
 Reference value :  1.53400e-06
 Reference value :  1.53419e-06
 Reference value :  1.53491e-06
 Reference value :  1.53559e-06
 Reference value :  1.53601e-06
 Reference value :  1.53607e-06
 Reference value :  1.53643e-06
 Reference value :  1.53711e-06
 Reference value :  1.53779e-06
 Reference value :  1.53802e-06
 Reference value :  1.53831e-06
 Reference value :  1.53907e-06
 Reference value :  1.53983e-06
 Reference value :  1.54015e-06
 Reference value :  1.54067e-06
 Reference value :  1.54111e-06
 Reference value :  1.54139e-06
 Reference value :  1.54167e-06
 Reference value :  1.54207e-06
 Reference value :  1.54275e-06
 Reference value :  1.54299e-06
 Reference value :  1.54347e-06
 Reference value :  1.54400e-06
 Reference value :  1.54431e-06
 Reference value :  1.54475e-06
 Reference value :  1.54527e-06
 Reference value :  1.54587e-06
 Reference value :  1.54603e-06
 Reference value :  1.54631e-06
 Reference value :  1.54667e-06
 Reference value :  1.54679e-06
 Reference value :  1.54719e-06
 Reference value :  1.54731e-06
 Reference value :  1.54743e-06
 Reference value :  1.54755e-06
 Reference value :  1.54763e-06
 Reference value :  1.54775e-06
 Reference value :  1.54787e-06
 Reference value :  1.54795e-06
 Reference value :  1.54800e-06
 Reference value :  1.54801e-06
 Reference value :  1.54802e-06
 Reference value :  1.54804e-06
 Reference value :  1.54811e-06
 Reference value :  1.54819e-06
 Reference value :  1.54831e-06
 Reference value :  1.54839e-06
 Reference value :  1.54847e-06
 Reference value :  1.54855e-06
 Reference value :  1.54863e-06
 Reference value :  1.54867e-06
 Reference value :  1.54875e-06
 Reference value :  1.54883e-06
 Reference value :  1.54891e-06
 Reference value :  1.54895e-06
 Reference value :  1.54903e-06
 Reference value :  1.54911e-06
 Reference value :  1.54919e-06
 Reference value :  1.54927e-06
 Reference value :  1.54935e-06
 Reference value :  1.54943e-06
 Reference value :  1.54951e-06
 Reference value :  1.54963e-06
 Reference value :  1.54979e-06
 Reference value :  1.54991e-06
 Reference value :  1.55000e-06
 Reference value :  1.55000e-06
 Reference value :  1.55001e-06
 Reference value :  1.55003e-06
 Reference value :  1.55007e-06
 Reference value :  1.55015e-06
 Reference value :  1.55023e-06
 Reference value :  1.55055e-06
 Reference value :  1.55075e-06
 Reference value :  1.55127e-06
 Reference value :  1.55200e-06
 Reference value :  1.55223e-06
 Reference value :  1.55251e-06
 Reference value :  1.55263e-06
 Reference value :  1.55283e-06
 Reference value :  1.55355e-06
 Reference value :  1.55383e-06
 Reference value :  1.55402e-06
 Reference value :  1.55431e-06
 Reference value :  1.55479e-06
 Reference value :  1.55531e-06
 Reference value :  1.55575e-06
 Reference value :  1.55591e-06
 Reference value :  1.55611e-06
 Reference value :  1.55659e-06
 Reference value :  1.55707e-06
 Reference value :  1.55763e-06
 Reference value :  1.55801e-06
 Reference value :  1.55827e-06
 Reference value :  1.55895e-06
 Reference value :  1.55971e-06
 Reference value :  1.56007e-06
 Reference value :  1.56059e-06
 Reference value :  1.56119e-06
 Reference value :  1.56131e-06
 Reference value :  1.56200e-06
 Reference value :  1.56231e-06
 Reference value :  1.56303e-06
 Reference value :  1.56359e-06
 Reference value :  1.56387e-06
 Reference value :  1.56415e-06
 Reference value :  1.56467e-06
 Reference value :  1.56515e-06
 Reference value :  1.56559e-06
 Reference value :  1.56600e-06
 Reference value :  1.56611e-06
 Reference value :  1.56675e-06
 Reference value :  1.56703e-06
 Reference value :  1.56771e-06
 Reference value :  1.56787e-06
 Reference value :  1.56803e-06
 Reference value :  1.56851e-06
 Reference value :  1.56911e-06
 Reference value :  1.56979e-06
 Reference value :  1.57002e-06
 Reference value :  1.57023e-06
 Reference value :  1.57063e-06
 Reference value :  1.57139e-06
 Reference value :  1.57200e-06
 Reference value :  1.57219e-06
 Reference value :  1.57239e-06
 Reference value :  1.57283e-06
 Reference value :  1.57339e-06
 Reference value :  1.57400e-06
 Reference value :  1.57435e-06
 Reference value :  1.57443e-06
 Reference value :  1.57463e-06
 Reference value :  1.57511e-06
 Reference value :  1.57555e-06
 Reference value :  1.57591e-06
 Reference value :  1.57600e-06
 Reference value :  1.57601e-06
 Reference value :  1.57611e-06
 Reference value :  1.57651e-06
 Reference value :  1.57675e-06
 Reference value :  1.57695e-06
 Reference value :  1.57723e-06
 Reference value :  1.57797e-06
 Reference value :  1.57802e-06
 Reference value :  1.57831e-06
 Reference value :  1.57891e-06
 Reference value :  1.57927e-06
 Reference value :  1.57997e-06
 Reference value :  1.58023e-06
 Reference value :  1.58075e-06
 Reference value :  1.58091e-06
 Reference value :  1.58127e-06
 Reference value :  1.58195e-06
 Reference value :  1.58227e-06
 Reference value :  1.58279e-06
 Reference value :  1.58327e-06
 Reference value :  1.58400e-06
 Reference value :  1.58427e-06
 Reference value :  1.58483e-06
 Reference value :  1.58555e-06
 Reference value :  1.58601e-06
 Reference value :  1.58607e-06
 Reference value :  1.58659e-06
 Reference value :  1.58731e-06
 Reference value :  1.58791e-06
 Reference value :  1.58800e-06
 Reference value :  1.58827e-06
 Reference value :  1.58879e-06
 Reference value :  1.58923e-06
 Reference value :  1.58987e-06
 Reference value :  1.59004e-06
 Reference value :  1.59035e-06
 Reference value :  1.59079e-06
 Reference value :  1.59155e-06
 Reference value :  1.59201e-06
 Reference value :  1.59231e-06
 Reference value :  1.59279e-06
 Reference value :  1.59319e-06
 Reference value :  1.59395e-06
 Reference value :  1.59404e-06
 Reference value :  1.59463e-06
 Reference value :  1.59527e-06
 Reference value :  1.59579e-06
 Reference value :  1.59602e-06
 Reference value :  1.59647e-06
 Reference value :  1.59695e-06
 Reference value :  1.59751e-06
 Reference value :  1.59801e-06
 Reference value :  1.59827e-06
 Reference value :  1.59871e-06
 Reference value :  1.59943e-06
 Reference value :  1.60001e-06
 Reference value :  1.60035e-06
 Reference value :  1.60079e-06
 Reference value :  1.60159e-06
 Reference value :  1.60200e-06
 Reference value :  1.60223e-06
 Reference value :  1.60287e-06
 Reference value :  1.60359e-06
 Reference value :  1.60402e-06
 Reference value :  1.60407e-06
 Reference value :  1.60451e-06
 Reference value :  1.60471e-06
 Reference value :  1.60507e-06
 Reference value :  1.60551e-06
 Reference value :  1.60600e-06
 Reference value :  1.60615e-06
 Reference value :  1.60651e-06
 Reference value :  1.60711e-06
 Reference value :  1.60787e-06
 Reference value :  1.60803e-06
 Reference value :  1.60807e-06
 Reference value :  1.60815e-06
 Reference value :  1.60843e-06
 Reference value :  1.60863e-06
 Reference value :  1.60903e-06
 Reference value :  1.60939e-06
 Reference value :  1.60963e-06
 Reference value :  1.60975e-06
 Reference value :  1.61001e-06
 Reference value :  1.61002e-06
 Reference value :  1.61027e-06
 Reference value :  1.61067e-06
 Reference value :  1.61107e-06
 Reference value :  1.61179e-06
 Reference value :  1.61207e-06
 Reference value :  1.61259e-06
 Reference value :  1.61299e-06
 Reference value :  1.61355e-06
 Reference value :  1.61375e-06
 Reference value :  1.61395e-06
 Reference value :  1.61403e-06
 Reference value :  1.61431e-06
 Reference value :  1.61467e-06
 Reference value :  1.61507e-06
 Reference value :  1.61551e-06
 Reference value :  1.61575e-06
 Reference value :  1.61600e-06
 Reference value :  1.61607e-06
 Reference value :  1.61639e-06
 Reference value :  1.61659e-06
 Reference value :  1.61695e-06
 Reference value :  1.61763e-06
 Reference value :  1.61804e-06
 Reference value :  1.61859e-06
 Reference value :  1.61887e-06
 Reference value :  1.61963e-06
 Reference value :  1.62002e-06
 Reference value :  1.62047e-06
 Reference value :  1.62095e-06
 Reference value :  1.62151e-06
 Reference value :  1.62202e-06
 Reference value :  1.62251e-06
 Reference value :  1.62327e-06
 Reference value :  1.62395e-06
 Reference value :  1.62427e-06
 Reference value :  1.62471e-06
 Reference value :  1.62539e-06
 Reference value :  1.62601e-06
 Reference value :  1.62635e-06
 Reference value :  1.62711e-06
 Reference value :  1.62779e-06
 Reference value :  1.62815e-06
 Reference value :  1.62863e-06
 Reference value :  1.62911e-06
 Reference value :  1.62983e-06
 Reference value :  1.63015e-06
 Reference value :  1.63083e-06
 Reference value :  1.63143e-06
 Reference value :  1.63201e-06
 Reference value :  1.63239e-06
 Reference value :  1.63295e-06
 Reference value :  1.63359e-06
 Reference value :  1.63402e-06
 Reference value :  1.63455e-06
 Reference value :  1.63519e-06
 Reference value :  1.63591e-06
 Reference value :  1.63607e-06
 Reference value :  1.63655e-06
 Reference value :  1.63707e-06
 Reference value :  1.63747e-06
 Reference value :  1.63800e-06
 Reference value :  1.63831e-06
 Reference value :  1.63895e-06
 Reference value :  1.63967e-06
 Reference value :  1.64004e-06
 Reference value :  1.64047e-06
 Reference value :  1.64107e-06
 Reference value :  1.64175e-06
 Reference value :  1.64211e-06
 Reference value :  1.64267e-06
 Reference value :  1.64339e-06
 Reference value :  1.64401e-06
 Reference value :  1.64435e-06
 Reference value :  1.64483e-06
 Reference value :  1.64531e-06
 Reference value :  1.64600e-06
 Reference value :  1.64627e-06
 Reference value :  1.64703e-06
 Reference value :  1.64771e-06
 Reference value :  1.64807e-06
 Reference value :  1.64859e-06
 Reference value :  1.64923e-06
 Reference value :  1.64991e-06
 Reference value :  1.65019e-06
 Reference value :  1.65059e-06
 Reference value :  1.65111e-06
 Reference value :  1.65167e-06
 Reference value :  1.65200e-06
 Reference value :  1.65215e-06
 Reference value :  1.65239e-06
 Reference value :  1.65251e-06
 Reference value :  1.65295e-06
 Reference value :  1.65311e-06
 Reference value :  1.65327e-06
 Reference value :  1.65359e-06
 Reference value :  1.65383e-06
 Reference value :  1.65397e-06
 Reference value :  1.65401e-06
 Reference value :  1.65403e-06
 Reference value :  1.65419e-06
 Reference value :  1.65427e-06
 Reference value :  1.65439e-06
 Reference value :  1.65447e-06
 Reference value :  1.65455e-06
 Reference value :  1.65467e-06
 Reference value :  1.65479e-06
 Reference value :  1.65491e-06
 Reference value :  1.65503e-06
 Reference value :  1.65515e-06
 Reference value :  1.65527e-06
 Reference value :  1.65539e-06
 Reference value :  1.65547e-06
 Reference value :  1.65555e-06
 Reference value :  1.65567e-06
 Reference value :  1.65575e-06
 Reference value :  1.65587e-06
 Reference value :  1.65597e-06
 Reference value :  1.65600e-06
 Reference value :  1.65601e-06
 Reference value :  1.65603e-06
 Reference value :  1.65607e-06
 Reference value :  1.65615e-06
 Reference value :  1.65655e-06
 Reference value :  1.65679e-06
 Reference value :  1.65711e-06
 Reference value :  1.65787e-06
 Reference value :  1.65802e-06
 Reference value :  1.65855e-06
 Reference value :  1.65923e-06
 Reference value :  1.65997e-06
 Reference value :  1.66023e-06
 Reference value :  1.66039e-06
 Reference value :  1.66047e-06
 Reference value :  1.66059e-06
 Reference value :  1.66067e-06
 Reference value :  1.66075e-06
 Reference value :  1.66083e-06
 Reference value :  1.66091e-06
 Reference value :  1.66099e-06
 Reference value :  1.66107e-06
 Reference value :  1.66115e-06
 Reference value :  1.66163e-06
 Reference value :  1.66200e-06
 Reference value :  1.66203e-06
 Reference value :  1.66251e-06
 Reference value :  1.66327e-06
 Reference value :  1.66395e-06
 Reference value :  1.66427e-06
 Reference value :  1.66467e-06
 Reference value :  1.66507e-06
 Reference value :  1.66559e-06
 Reference value :  1.66595e-06
 Reference value :  1.66607e-06
 Reference value :  1.66671e-06
 Reference value :  1.66743e-06
 Reference value :  1.66800e-06
 Reference value :  1.66839e-06
 Reference value :  1.66871e-06
 Reference value :  1.66903e-06
 Reference value :  1.66935e-06
 Reference value :  1.66967e-06
 Reference value :  1.67000e-06
 Reference value :  1.67035e-06
 Reference value :  1.67107e-06
 Reference value :  1.67151e-06
 Reference value :  1.67191e-06
 Reference value :  1.67219e-06
 Reference value :  1.67271e-06
 Reference value :  1.67343e-06
 Reference value :  1.67359e-06
 Reference value :  1.67371e-06
 Reference value :  1.67407e-06
 Reference value :  1.67471e-06
 Reference value :  1.67539e-06
 Reference value :  1.67601e-06
 Reference value :  1.67639e-06
 Reference value :  1.67687e-06
 Reference value :  1.67731e-06
 Reference value :  1.67800e-06
 Reference value :  1.67843e-06
 Reference value :  1.67919e-06
 Reference value :  1.67995e-06
 Reference value :  1.68019e-06
 Reference value :  1.68075e-06
 Reference value :  1.68143e-06
 Reference value :  1.68201e-06
 Reference value :  1.68243e-06
 Reference value :  1.68319e-06
 Reference value :  1.68395e-06
 Reference value :  1.68423e-06
 Reference value :  1.68475e-06
 Reference value :  1.68523e-06
 Reference value :  1.68595e-06
 Reference value :  1.68623e-06
 Reference value :  1.68699e-06
 Reference value :  1.68771e-06
 Reference value :  1.68801e-06
 Reference value :  1.68835e-06
 Reference value :  1.68871e-06
 Reference value :  1.68947e-06
 Reference value :  1.69001e-06
 Reference value :  1.69043e-06
 Reference value :  1.69107e-06
 Reference value :  1.69139e-06
 Reference value :  1.69175e-06
 Reference value :  1.69211e-06
 Reference value :  1.69259e-06
 Reference value :  1.69303e-06
 Reference value :  1.69331e-06
 Reference value :  1.69355e-06
 Reference value :  1.69379e-06
 Reference value :  1.69391e-06
 Reference value :  1.69400e-06
 Reference value :  1.69401e-06
 Reference value :  1.69415e-06
 Reference value :  1.69451e-06
 Reference value :  1.69491e-06
 Reference value :  1.69531e-06
 Reference value :  1.69575e-06
 Reference value :  1.69601e-06
 Reference value :  1.69643e-06
 Reference value :  1.69695e-06
 Reference value :  1.69767e-06
 Reference value :  1.69804e-06
 Reference value :  1.69859e-06
 Reference value :  1.69911e-06
 Reference value :  1.69931e-06
 Reference value :  1.70000e-06
 Reference value :  1.70027e-06
 Reference value :  1.70079e-06
 Reference value :  1.70127e-06
 Reference value :  1.70197e-06
 Reference value :  1.70219e-06
 Reference value :  1.70227e-06
 Reference value :  1.70247e-06
 Reference value :  1.70283e-06
 Reference value :  1.70351e-06
 Reference value :  1.70402e-06
 Reference value :  1.70443e-06
 Reference value :  1.70451e-06
 Reference value :  1.70483e-06
 Reference value :  1.70551e-06
 Reference value :  1.70601e-06
 Reference value :  1.70639e-06
 Reference value :  1.70711e-06
 Reference value :  1.70783e-06
 Reference value :  1.70801e-06
 Reference value :  1.70807e-06
 Reference value :  1.70847e-06
 Reference value :  1.70891e-06
 Reference value :  1.70907e-06
 Reference value :  1.70927e-06
 Reference value :  1.70943e-06
 Reference value :  1.70959e-06
 Reference value :  1.70983e-06
 Reference value :  1.70995e-06
 Reference value :  1.71000e-06
 Reference value :  1.71003e-06
 Reference value :  1.71015e-06
 Reference value :  1.71027e-06
 Reference value :  1.71047e-06
 Reference value :  1.71079e-06
 Reference value :  1.71103e-06
 Reference value :  1.71115e-06
 Reference value :  1.71159e-06
 Reference value :  1.71183e-06
 Reference value :  1.71202e-06
 Reference value :  1.71239e-06
 Reference value :  1.71295e-06
 Reference value :  1.71367e-06
 Reference value :  1.71403e-06
 Reference value :  1.71415e-06
 Reference value :  1.71423e-06
 Reference value :  1.71431e-06
 Reference value :  1.71443e-06
 Reference value :  1.71475e-06
 Reference value :  1.71487e-06
 Reference value :  1.71535e-06
 Reference value :  1.71579e-06
 Reference value :  1.71611e-06
 Reference value :  1.71655e-06
 Reference value :  1.71707e-06
 Reference value :  1.71767e-06
 Reference value :  1.71801e-06
 Reference value :  1.71815e-06
 Reference value :  1.71883e-06
 Reference value :  1.71959e-06
 Reference value :  1.71979e-06
 Reference value :  1.72011e-06
 Reference value :  1.72055e-06
 Reference value :  1.72123e-06
 Reference value :  1.72163e-06
 Reference value :  1.72201e-06
 Reference value :  1.72251e-06
 Reference value :  1.72319e-06
 Reference value :  1.72395e-06
 Reference value :  1.72411e-06
 Reference value :  1.72447e-06
 Reference value :  1.72491e-06
 Reference value :  1.72547e-06
 Reference value :  1.72601e-06
 Reference value :  1.72647e-06
 Reference value :  1.72691e-06
 Reference value :  1.72735e-06
 Reference value :  1.72800e-06
 Reference value :  1.72827e-06
 Reference value :  1.72883e-06
 Reference value :  1.72951e-06
 Reference value :  1.73001e-06
 Reference value :  1.73011e-06
 Reference value :  1.73071e-06
 Reference value :  1.73147e-06
 Reference value :  1.73195e-06
 Reference value :  1.73204e-06
 Reference value :  1.73223e-06
 Reference value :  1.73247e-06
 Reference value :  1.73291e-06
 Reference value :  1.73335e-06
 Reference value :  1.73355e-06
 Reference value :  1.73395e-06
 Reference value :  1.73400e-06
 Reference value :  1.73402e-06
 Reference value :  1.73451e-06
 Reference value :  1.73519e-06
 Reference value :  1.73595e-06
 Reference value :  1.73623e-06
 Reference value :  1.73663e-06
 Reference value :  1.73707e-06
 Reference value :  1.73775e-06
 Reference value :  1.73811e-06
 Reference value :  1.73871e-06
 Reference value :  1.73943e-06
 Reference value :  1.74000e-06
 Reference value :  1.74031e-06
 Reference value :  1.74063e-06
 Reference value :  1.74083e-06
 Reference value :  1.74135e-06
 Reference value :  1.74200e-06
 Reference value :  1.74231e-06
 Reference value :  1.74295e-06
 Reference value :  1.74367e-06
 Reference value :  1.74400e-06
 Reference value :  1.74411e-06
 Reference value :  1.74459e-06
 Reference value :  1.74487e-06
 Reference value :  1.74515e-06
 Reference value :  1.74567e-06
 Reference value :  1.74583e-06
 Reference value :  1.74601e-06
 Reference value :  1.74643e-06
 Reference value :  1.74691e-06
 Reference value :  1.74735e-06
 Reference value :  1.74797e-06
 Reference value :  1.74815e-06
 Reference value :  1.74831e-06
 Reference value :  1.74867e-06
 Reference value :  1.74919e-06
 Reference value :  1.74979e-06
 Reference value :  1.75015e-06
 Reference value :  1.75087e-06
 Reference value :  1.75131e-06
 Reference value :  1.75200e-06
 Reference value :  1.75219e-06
 Reference value :  1.75251e-06
 Reference value :  1.75299e-06
 Reference value :  1.75375e-06
 Reference value :  1.75407e-06
 Reference value :  1.75471e-06
 Reference value :  1.75547e-06
 Reference value :  1.75595e-06
 Reference value :  1.75607e-06
 Reference value :  1.75639e-06
 Reference value :  1.75687e-06
 Reference value :  1.75735e-06
 Reference value :  1.75755e-06
 Reference value :  1.75767e-06
 Reference value :  1.75800e-06
 Reference value :  1.75802e-06
 Reference value :  1.75823e-06
 Reference value :  1.75875e-06
 Reference value :  1.75919e-06
 Reference value :  1.75971e-06
 Reference value :  1.75987e-06
 Reference value :  1.76019e-06
 Reference value :  1.76055e-06
 Reference value :  1.76079e-06
 Reference value :  1.76131e-06
 Reference value :  1.76200e-06
 Reference value :  1.76231e-06
 Reference value :  1.76283e-06
 Reference value :  1.76331e-06
 Reference value :  1.76387e-06
 Reference value :  1.76411e-06
 Reference value :  1.76423e-06
 Reference value :  1.76455e-06
 Reference value :  1.76507e-06
 Reference value :  1.76535e-06
 Reference value :  1.76587e-06
 Reference value :  1.76600e-06
 Reference value :  1.76600e-06
 Reference value :  1.76602e-06
 Reference value :  1.76619e-06
 Reference value :  1.76647e-06
 Reference value :  1.76663e-06
 Reference value :  1.76687e-06
 Reference value :  1.76719e-06
 Reference value :  1.76727e-06
 Reference value :  1.76747e-06
 Reference value :  1.76779e-06
 Reference value :  1.76787e-06
 Reference value :  1.76800e-06
 Reference value :  1.76823e-06
 Reference value :  1.76859e-06
 Reference value :  1.76927e-06
 Reference value :  1.76997e-06
 Reference value :  1.77027e-06
 Reference value :  1.77063e-06
 Reference value :  1.77087e-06
 Reference value :  1.77111e-06
 Reference value :  1.77171e-06
 Reference value :  1.77211e-06
 Reference value :  1.77239e-06
 Reference value :  1.77259e-06
 Reference value :  1.77307e-06
 Reference value :  1.77371e-06
 Reference value :  1.77400e-06
 Reference value :  1.77402e-06
 Reference value :  1.77435e-06
 Reference value :  1.77455e-06
 Reference value :  1.77503e-06
 Reference value :  1.77575e-06
 Reference value :  1.77611e-06
 Reference value :  1.77655e-06
 Reference value :  1.77663e-06
 Reference value :  1.77727e-06
 Reference value :  1.77800e-06
 Reference value :  1.77815e-06
 Reference value :  1.77851e-06
 Reference value :  1.77919e-06
 Reference value :  1.77995e-06
 Reference value :  1.78007e-06
 Reference value :  1.78031e-06
 Reference value :  1.78079e-06
 Reference value :  1.78103e-06
 Reference value :  1.78127e-06
 Reference value :  1.78197e-06
 Reference value :  1.78227e-06
 Reference value :  1.78283e-06
 Reference value :  1.78355e-06
 Reference value :  1.78401e-06
 Reference value :  1.78447e-06
 Reference value :  1.78487e-06
 Reference value :  1.78559e-06
 Reference value :  1.78600e-06
 Reference value :  1.78611e-06
 Reference value :  1.78671e-06
 Reference value :  1.78743e-06
 Reference value :  1.78801e-06
 Reference value :  1.78831e-06
 Reference value :  1.78863e-06
 Reference value :  1.78895e-06
 Reference value :  1.78955e-06
 Reference value :  1.79001e-06
 Reference value :  1.79043e-06
 Reference value :  1.79115e-06
 Reference value :  1.79179e-06
 Reference value :  1.79207e-06
 Reference value :  1.79239e-06
 Reference value :  1.79299e-06
 Reference value :  1.79371e-06
 Reference value :  1.79404e-06
 Reference value :  1.79459e-06
 Reference value :  1.79491e-06
 Reference value :  1.79503e-06
 Reference value :  1.79583e-06
 Reference value :  1.79615e-06
 Reference value :  1.79647e-06
 Reference value :  1.79699e-06
 Reference value :  1.79739e-06
 Reference value :  1.79800e-06
 Reference value :  1.79819e-06
 Reference value :  1.79835e-06
 Reference value :  1.79895e-06
 Reference value :  1.79963e-06
 Reference value :  1.80002e-06
 Reference value :  1.80035e-06
 Reference value :  1.80063e-06
 Reference value :  1.80115e-06
 Reference value :  1.80191e-06
 Reference value :  1.80202e-06
 Reference value :  1.80251e-06
 Reference value :  1.80303e-06
 Reference value :  1.80315e-06
 Reference value :  1.80331e-06
 Reference value :  1.80343e-06
 Reference value :  1.80359e-06
 Reference value :  1.80371e-06
 Reference value :  1.80395e-06
 Reference value :  1.80407e-06
 Reference value :  1.80427e-06
 Reference value :  1.80455e-06
 Reference value :  1.80471e-06
 Reference value :  1.80491e-06
 Reference value :  1.80539e-06
 Reference value :  1.80601e-06
 Reference value :  1.80643e-06
 Reference value :  1.80719e-06
 Reference value :  1.80775e-06
 Reference value :  1.80800e-06
 Reference value :  1.80839e-06
 Reference value :  1.80851e-06
 Reference value :  1.80863e-06
 Reference value :  1.80875e-06
 Reference value :  1.80887e-06
 Reference value :  1.80927e-06
 Reference value :  1.80971e-06
 Reference value :  1.80995e-06
 Reference value :  1.81004e-06
 Reference value :  1.81035e-06
 Reference value :  1.81083e-06
 Reference value :  1.81131e-06
 Reference value :  1.81155e-06
 Reference value :  1.81179e-06
 Reference value :  1.81215e-06
 Reference value :  1.81251e-06
 Reference value :  1.81271e-06
 Reference value :  1.81291e-06
 Reference value :  1.81343e-06
 Reference value :  1.81401e-06
 Reference value :  1.81443e-06
 Reference value :  1.81523e-06
 Reference value :  1.81567e-06
 Reference value :  1.81601e-06
 Reference value :  1.81619e-06
 Reference value :  1.81659e-06
 Reference value :  1.81723e-06
 Reference value :  1.81775e-06
 Reference value :  1.81811e-06
 Reference value :  1.81847e-06
 Reference value :  1.81899e-06
 Reference value :  1.81955e-06
 Reference value :  1.82002e-06
 Reference value :  1.82039e-06
 Reference value :  1.82091e-06
 Reference value :  1.82151e-06
 Reference value :  1.82197e-06
 Reference value :  1.82203e-06
 Reference value :  1.82255e-06
 Reference value :  1.82331e-06
 Reference value :  1.82397e-06
 Reference value :  1.82419e-06
 Reference value :  1.82435e-06
 Reference value :  1.82495e-06
 Reference value :  1.82551e-06
 Reference value :  1.82602e-06
 Reference value :  1.82615e-06
 Reference value :  1.82683e-06
 Reference value :  1.82751e-06
 Reference value :  1.82800e-06
 Reference value :  1.82803e-06
 Reference value :  1.82847e-06
 Reference value :  1.82903e-06
 Reference value :  1.82951e-06
 Reference value :  1.82995e-06
 Reference value :  1.83001e-06
 Reference value :  1.83047e-06
 Reference value :  1.83123e-06
 Reference value :  1.83191e-06
 Reference value :  1.83219e-06
 Reference value :  1.83243e-06
 Reference value :  1.83299e-06
 Reference value :  1.83371e-06
 Reference value :  1.83404e-06
 Reference value :  1.83439e-06
 Reference value :  1.83483e-06
 Reference value :  1.83559e-06
 Reference value :  1.83602e-06
 Reference value :  1.83647e-06
 Reference value :  1.83691e-06
 Reference value :  1.83739e-06
 Reference value :  1.83795e-06
 Reference value :  1.83802e-06
 Reference value :  1.83859e-06
 Reference value :  1.83931e-06
 Reference value :  1.83995e-06
 Reference value :  1.84004e-06
 Reference value :  1.84043e-06
 Reference value :  1.84103e-06
 Reference value :  1.84123e-06
 Reference value :  1.84200e-06
 Reference value :  1.84219e-06
 Reference value :  1.84247e-06
 Reference value :  1.84307e-06
 Reference value :  1.84383e-06
 Reference value :  1.84411e-06
 Reference value :  1.84439e-06
 Reference value :  1.84459e-06
 Reference value :  1.84511e-06
 Reference value :  1.84531e-06
 Reference value :  1.84600e-06
 Reference value :  1.84631e-06
 Reference value :  1.84695e-06
 Reference value :  1.84727e-06
 Reference value :  1.84767e-06
 Reference value :  1.84803e-06
 Reference value :  1.84831e-06
 Reference value :  1.84883e-06
 Reference value :  1.84959e-06
 Reference value :  1.85001e-06
 Reference value :  1.85035e-06
 Reference value :  1.85079e-06
 Reference value :  1.85135e-06
 Reference value :  1.85183e-06
 Reference value :  1.85219e-06
 Reference value :  1.85263e-06
 Reference value :  1.85303e-06
 Reference value :  1.85363e-06
 Reference value :  1.85397e-06
 Reference value :  1.85419e-06
 Reference value :  1.85487e-06
 Reference value :  1.85563e-06
 Reference value :  1.85601e-06
 Reference value :  1.85623e-06
 Reference value :  1.85659e-06
 Reference value :  1.85707e-06
 Reference value :  1.85759e-06
 Reference value :  1.85800e-06
 Reference value :  1.85807e-06
 Reference value :  1.85831e-06
 Reference value :  1.85843e-06
 Reference value :  1.85875e-06
 Reference value :  1.85887e-06
 Reference value :  1.85915e-06
 Reference value :  1.85951e-06
 Reference value :  1.85963e-06
 Reference value :  1.85971e-06
 Reference value :  1.85983e-06
 Reference value :  1.85995e-06
 Reference value :  1.86000e-06
 Reference value :  1.86001e-06
 Reference value :  1.86002e-06
 Reference value :  1.86004e-06
 Reference value :  1.86011e-06
 Reference value :  1.86019e-06
 Reference value :  1.86027e-06
 Reference value :  1.86035e-06
 Reference value :  1.86043e-06
 Reference value :  1.86051e-06
 Reference value :  1.86059e-06
 Reference value :  1.86067e-06
 Reference value :  1.86075e-06
 Reference value :  1.86111e-06
 Reference value :  1.86143e-06
 Reference value :  1.86200e-06
 Reference value :  1.86231e-06
 Reference value :  1.86251e-06
 Reference value :  1.86287e-06
 Reference value :  1.86319e-06
 Reference value :  1.86387e-06
 Reference value :  1.86419e-06
 Reference value :  1.86439e-06
 Reference value :  1.86455e-06
 Reference value :  1.86523e-06
 Reference value :  1.86600e-06
 Reference value :  1.86619e-06
 Reference value :  1.86687e-06
 Reference value :  1.86751e-06
 Reference value :  1.86797e-06
 Reference value :  1.86819e-06
 Reference value :  1.86867e-06
 Reference value :  1.86915e-06
 Reference value :  1.86963e-06
 Reference value :  1.87000e-06
 Reference value :  1.87004e-06
 Reference value :  1.87055e-06
 Reference value :  1.87131e-06
 Reference value :  1.87200e-06
 Reference value :  1.87231e-06
 Reference value :  1.87267e-06
 Reference value :  1.87307e-06
 Reference value :  1.87355e-06
 Reference value :  1.87402e-06
 Reference value :  1.87451e-06
 Reference value :  1.87511e-06
 Reference value :  1.87563e-06
 Reference value :  1.87602e-06
 Reference value :  1.87647e-06
 Reference value :  1.87699e-06
 Reference value :  1.87759e-06
 Reference value :  1.87802e-06
 Reference value :  1.87827e-06
 Reference value :  1.87887e-06
 Reference value :  1.87927e-06
 Reference value :  1.88000e-06
 Reference value :  1.88023e-06
 Reference value :  1.88067e-06
 Reference value :  1.88123e-06
 Reference value :  1.88163e-06
 Reference value :  1.88204e-06
 Reference value :  1.88251e-06
 Reference value :  1.88323e-06
 Reference value :  1.88387e-06
 Reference value :  1.88397e-06
 Reference value :  1.88402e-06
 Reference value :  1.88419e-06
 Reference value :  1.88439e-06
 Reference value :  1.88459e-06
 Reference value :  1.88471e-06
 Reference value :  1.88487e-06
 Reference value :  1.88503e-06
 Reference value :  1.88543e-06
 Reference value :  1.88595e-06
 Reference value :  1.88601e-06
 Reference value :  1.88603e-06
 Reference value :  1.88619e-06
 Reference value :  1.88643e-06
 Reference value :  1.88671e-06
 Reference value :  1.88739e-06
 Reference value :  1.88775e-06
 Reference value :  1.88802e-06
 Reference value :  1.88843e-06
 Reference value :  1.88883e-06
 Reference value :  1.88907e-06
 Reference value :  1.88943e-06
 Reference value :  1.88967e-06
 Reference value :  1.89007e-06
 Reference value :  1.89063e-06
 Reference value :  1.89095e-06
 Reference value :  1.89123e-06
 Reference value :  1.89171e-06
 Reference value :  1.89211e-06
 Reference value :  1.89255e-06
 Reference value :  1.89311e-06
 Reference value :  1.89339e-06
 Reference value :  1.89363e-06
 Reference value :  1.89397e-06
 Reference value :  1.89419e-06
 Reference value :  1.89491e-06
 Reference value :  1.89551e-06
 Reference value :  1.89587e-06
 Reference value :  1.89602e-06
 Reference value :  1.89615e-06
 Reference value :  1.89639e-06
 Reference value :  1.89695e-06
 Reference value :  1.89763e-06
 Reference value :  1.89804e-06
 Reference value :  1.89863e-06
 Reference value :  1.89927e-06
 Reference value :  1.89983e-06
 Reference value :  1.90001e-06
 Reference value :  1.90043e-06
 Reference value :  1.90083e-06
 Reference value :  1.90095e-06
 Reference value :  1.90119e-06
 Reference value :  1.90131e-06
 Reference value :  1.90163e-06
 Reference value :  1.90203e-06
 Reference value :  1.90263e-06
 Reference value :  1.90323e-06
 Reference value :  1.90359e-06
 Reference value :  1.90383e-06
 Reference value :  1.90401e-06
 Reference value :  1.90407e-06
 Reference value :  1.90435e-06
 Reference value :  1.90459e-06
 Reference value :  1.90499e-06
 Reference value :  1.90527e-06
 Reference value :  1.90555e-06
 Reference value :  1.90600e-06
 Reference value :  1.90602e-06
 Reference value :  1.90607e-06
 Reference value :  1.90623e-06
 Reference value :  1.90635e-06
 Reference value :  1.90695e-06
 Reference value :  1.90759e-06
 Reference value :  1.90803e-06
 Reference value :  1.90811e-06
 Reference value :  1.90819e-06
 Reference value :  1.90871e-06
 Reference value :  1.90919e-06
 Reference value :  1.90983e-06
 Reference value :  1.91011e-06
 Reference value :  1.91043e-06
 Reference value :  1.91079e-06
 Reference value :  1.91119e-06
 Reference value :  1.91159e-06
 Reference value :  1.91197e-06
 Reference value :  1.91200e-06
 Reference value :  1.91201e-06
 Reference value :  1.91219e-06
 Reference value :  1.91235e-06
 Reference value :  1.91263e-06
 Reference value :  1.91275e-06
 Reference value :  1.91283e-06
 Reference value :  1.91347e-06
 Reference value :  1.91401e-06
 Reference value :  1.91431e-06
 Reference value :  1.91483e-06
 Reference value :  1.91507e-06
 Reference value :  1.91579e-06
 Reference value :  1.91604e-06
 Reference value :  1.91611e-06
 Reference value :  1.91631e-06
 Reference value :  1.91667e-06
 Reference value :  1.91695e-06
 Reference value :  1.91739e-06
 Reference value :  1.91801e-06
 Reference value :  1.91815e-06
 Reference value :  1.91835e-06
 Reference value :  1.91883e-06
 Reference value :  1.91959e-06
 Reference value :  1.92003e-06
 Reference value :  1.92055e-06
 Reference value :  1.92127e-06
 Reference value :  1.92195e-06
 Reference value :  1.92211e-06
 Reference value :  1.92231e-06
 Reference value :  1.92271e-06
 Reference value :  1.92331e-06
 Reference value :  1.92397e-06
 Reference value :  1.92402e-06
 Reference value :  1.92447e-06
 Reference value :  1.92499e-06
 Reference value :  1.92543e-06
 Reference value :  1.92583e-06
 Reference value :  1.92619e-06
 Reference value :  1.92647e-06
 Reference value :  1.92667e-06
 Reference value :  1.92711e-06
 Reference value :  1.92759e-06
 Reference value :  1.92800e-06
 Reference value :  1.92803e-06
 Reference value :  1.92811e-06
 Reference value :  1.92843e-06
 Reference value :  1.92863e-06
 Reference value :  1.92911e-06
 Reference value :  1.92979e-06
 Reference value :  1.93001e-06
 Reference value :  1.93019e-06
 Reference value :  1.93079e-06
 Reference value :  1.93155e-06
 Reference value :  1.93201e-06
 Reference value :  1.93215e-06
 Reference value :  1.93239e-06
 Reference value :  1.93287e-06
 Reference value :  1.93339e-06
 Reference value :  1.93401e-06
 Reference value :  1.93451e-06
 Reference value :  1.93511e-06
 Reference value :  1.93551e-06
 Reference value :  1.93597e-06
 Reference value :  1.93627e-06
 Reference value :  1.93679e-06
 Reference value :  1.93755e-06
 Reference value :  1.93783e-06
 Reference value :  1.93811e-06
 Reference value :  1.93879e-06
 Reference value :  1.93951e-06
 Reference value :  1.94001e-06
 Reference value :  1.94035e-06
 Reference value :  1.94071e-06
 Reference value :  1.94095e-06
 Reference value :  1.94151e-06
 Reference value :  1.94202e-06
 Reference value :  1.94251e-06
 Reference value :  1.94287e-06
 Reference value :  1.94327e-06
 Reference value :  1.94400e-06
 Reference value :  1.94435e-06
 Reference value :  1.94495e-06
 Reference value :  1.94563e-06
 Reference value :  1.94600e-06
 Reference value :  1.94615e-06
 Reference value :  1.94675e-06
 Reference value :  1.94703e-06
 Reference value :  1.94759e-06
 Reference value :  1.94787e-06
 Reference value :  1.94819e-06
 Reference value :  1.94867e-06
 Reference value :  1.94915e-06
 Reference value :  1.94983e-06
 Reference value :  1.95019e-06
 Reference value :  1.95079e-06
 Reference value :  1.95155e-06
 Reference value :  1.95202e-06
 Reference value :  1.95219e-06
 Reference value :  1.95239e-06
 Reference value :  1.95271e-06
 Reference value :  1.95303e-06
 Reference value :  1.95347e-06
 Reference value :  1.95387e-06
 Reference value :  1.95400e-06
 Reference value :  1.95415e-06
 Reference value :  1.95439e-06
 Reference value :  1.95487e-06
 Reference value :  1.95507e-06
 Reference value :  1.95531e-06
 Reference value :  1.95591e-06
 Reference value :  1.95623e-06
 Reference value :  1.95667e-06
 Reference value :  1.95691e-06
 Reference value :  1.95711e-06
 Reference value :  1.95739e-06
 Reference value :  1.95800e-06
 Reference value :  1.95815e-06
 Reference value :  1.95883e-06
 Reference value :  1.95947e-06
 Reference value :  1.96001e-06
 Reference value :  1.96031e-06
 Reference value :  1.96055e-06
 Reference value :  1.96123e-06
 Reference value :  1.96195e-06
 Reference value :  1.96219e-06
 Reference value :  1.96259e-06
 Reference value :  1.96275e-06
 Reference value :  1.96307e-06
 Reference value :  1.96359e-06
 Reference value :  1.96400e-06
 Reference value :  1.96415e-06
 Reference value :  1.96451e-06
 Reference value :  1.96475e-06
 Reference value :  1.96503e-06
 Reference value :  1.96567e-06
 Reference value :  1.96604e-06
 Reference value :  1.96667e-06
 Reference value :  1.96747e-06
 Reference value :  1.96801e-06
 Reference value :  1.96839e-06
 Reference value :  1.96879e-06
 Reference value :  1.96903e-06
 Reference value :  1.96931e-06
 Reference value :  1.96943e-06
 Reference value :  1.96955e-06
 Reference value :  1.96967e-06
 Reference value :  1.97000e-06
 Reference value :  1.97002e-06
 Reference value :  1.97027e-06
 Reference value :  1.97059e-06
 Reference value :  1.97135e-06
 Reference value :  1.97195e-06
 Reference value :  1.97227e-06
 Reference value :  1.97275e-06
 Reference value :  1.97295e-06
 Reference value :  1.97315e-06
 Reference value :  1.97391e-06
 Reference value :  1.97407e-06
 Reference value :  1.97447e-06
 Reference value :  1.97519e-06
 Reference value :  1.97555e-06
 Reference value :  1.97604e-06
 Reference value :  1.97643e-06
 Reference value :  1.97703e-06
 Reference value :  1.97775e-06
 Reference value :  1.97811e-06
 Reference value :  1.97875e-06
 Reference value :  1.97947e-06
 Reference value :  1.97997e-06
 Reference value :  1.98023e-06
 Reference value :  1.98075e-06
 Reference value :  1.98119e-06
 Reference value :  1.98195e-06
 Reference value :  1.98227e-06
 Reference value :  1.98295e-06
 Reference value :  1.98371e-06
 Reference value :  1.98404e-06
 Reference value :  1.98455e-06
 Reference value :  1.98519e-06
 Reference value :  1.98579e-06
 Reference value :  1.98615e-06
 Reference value :  1.98675e-06
 Reference value :  1.98699e-06
 Reference value :  1.98759e-06
 Reference value :  1.98801e-06
 Reference value :  1.98839e-06
 Reference value :  1.98867e-06
 Reference value :  1.98895e-06
 Reference value :  1.98939e-06
 Reference value :  1.98975e-06
 Reference value :  1.99007e-06
 Reference value :  1.99067e-06
 Reference value :  1.99107e-06
 Reference value :  1.99147e-06
 Reference value :  1.99191e-06
 Reference value :  1.99223e-06
 Reference value :  1.99271e-06
 Reference value :  1.99351e-06
 Reference value :  1.99402e-06
 Reference value :  1.99447e-06
 Reference value :  1.99519e-06
 Reference value :  1.99587e-06
 Reference value :  1.99619e-06
 Reference value :  1.99667e-06
 Reference value :  1.99715e-06
 Reference value :  1.99791e-06
 Reference value :  1.99819e-06
 Reference value :  1.99891e-06
 Reference value :  1.99963e-06
 Reference value :  2.00007e-06
 Reference value :  2.00051e-06
 Reference value :  2.00107e-06
 Reference value :  2.00183e-06
 Reference value :  2.00219e-06
 Reference value :  2.00287e-06
 Reference value :  2.00359e-06
 Reference value :  2.00404e-06
 Reference value :  2.00451e-06
 Reference value :  2.00487e-06
 Reference value :  2.00535e-06
 Reference value :  2.00600e-06
 Reference value :  2.00643e-06
 Reference value :  2.00711e-06
 Reference value :  2.00787e-06
 Reference value :  2.00811e-06
 Reference value :  2.00863e-06
 Reference value :  2.00931e-06
 Reference value :  2.00943e-06
 Reference value :  2.00959e-06
 Reference value :  2.00997e-06
 Reference value :  2.01003e-06
 Reference value :  2.01007e-06
 Reference value :  2.01035e-06
 Reference value :  2.01075e-06
 Reference value :  2.01111e-06
 Reference value :  2.01143e-06
 Reference value :  2.01167e-06
 Reference value :  2.01203e-06
 Reference value :  2.01251e-06
 Reference value :  2.01295e-06
 Reference value :  2.01351e-06
 Reference value :  2.01401e-06
 Reference value :  2.01427e-06
 Reference value :  2.01495e-06
 Reference value :  2.01555e-06
 Reference value :  2.01601e-06
 Reference value :  2.01615e-06
 Reference value :  2.01635e-06
 Reference value :  2.01671e-06
 Reference value :  2.01711e-06
 Reference value :  2.01727e-06
 Reference value :  2.01800e-06
 Reference value :  2.01831e-06
 Reference value :  2.01899e-06
 Reference value :  2.01967e-06
 Reference value :  2.02007e-06
 Reference value :  2.02055e-06
 Reference value :  2.02107e-06
 Reference value :  2.02163e-06
 Reference value :  2.02204e-06
 Reference value :  2.02267e-06
 Reference value :  2.02343e-06
 Reference value :  2.02401e-06
 Reference value :  2.02439e-06
 Reference value :  2.02487e-06
 Reference value :  2.02567e-06
 Reference value :  2.02607e-06
 Reference value :  2.02667e-06
 Reference value :  2.02739e-06
 Reference value :  2.02800e-06
 Reference value :  2.02835e-06
 Reference value :  2.02883e-06
 Reference value :  2.02947e-06
 Reference value :  2.03002e-06
 Reference value :  2.03051e-06
 Reference value :  2.03127e-06
 Reference value :  2.03197e-06
 Reference value :  2.03223e-06
 Reference value :  2.03275e-06
 Reference value :  2.03355e-06
 Reference value :  2.03401e-06
 Reference value :  2.03451e-06
 Reference value :  2.03531e-06
 Reference value :  2.03579e-06
 Reference value :  2.03601e-06
 Reference value :  2.03635e-06
 Reference value :  2.03691e-06
 Reference value :  2.03739e-06
 Reference value :  2.03801e-06
 Reference value :  2.03847e-06
 Reference value :  2.03919e-06
 Reference value :  2.03991e-06
 Reference value :  2.04023e-06
 Reference value :  2.04055e-06
 Reference value :  2.04119e-06
 Reference value :  2.04195e-06
 Reference value :  2.04219e-06
 Reference value :  2.04279e-06
 Reference value :  2.04355e-06
 Reference value :  2.04401e-06
 Reference value :  2.04443e-06
 Reference value :  2.04491e-06
 Reference value :  2.04543e-06
 Reference value :  2.04601e-06
 Reference value :  2.04604e-06
 Reference value :  2.04659e-06
 Reference value :  2.04703e-06
 Reference value :  2.04779e-06
 Reference value :  2.04811e-06
 Reference value :  2.04863e-06
 Reference value :  2.04931e-06
 Reference value :  2.05000e-06
 Reference value :  2.05039e-06
 Reference value :  2.05111e-06
 Reference value :  2.05175e-06
 Reference value :  2.05203e-06
 Reference value :  2.05251e-06
 Reference value :  2.05303e-06
 Reference value :  2.05347e-06
 Reference value :  2.05401e-06
 Reference value :  2.05443e-06
 Reference value :  2.05519e-06
 Reference value :  2.05587e-06
 Reference value :  2.05611e-06
 Reference value :  2.05635e-06
 Reference value :  2.05675e-06
 Reference value :  2.05735e-06
 Reference value :  2.05801e-06
 Reference value :  2.05827e-06
 Reference value :  2.05895e-06
 Reference value :  2.05967e-06
 Reference value :  2.06003e-06
 Reference value :  2.06043e-06
 Reference value :  2.06067e-06
 Reference value :  2.06111e-06
 Reference value :  2.06171e-06
 Reference value :  2.06197e-06
 Reference value :  2.06201e-06
 Reference value :  2.06219e-06
 Reference value :  2.06259e-06
 Reference value :  2.06295e-06
 Reference value :  2.06335e-06
 Reference value :  2.06367e-06
 Reference value :  2.06400e-06
 Reference value :  2.06407e-06
 Reference value :  2.06447e-06
 Reference value :  2.06455e-06
 Reference value :  2.06511e-06
 Reference value :  2.06587e-06
 Reference value :  2.06615e-06
 Reference value :  2.06687e-06
 Reference value :  2.06759e-06
 Reference value :  2.06804e-06
 Reference value :  2.06847e-06
 Reference value :  2.06879e-06
 Reference value :  2.06895e-06
 Reference value :  2.06951e-06
 Reference value :  2.07002e-06
 Reference value :  2.07051e-06
 Reference value :  2.07127e-06
 Reference value :  2.07191e-06
 Reference value :  2.07202e-06
 Reference value :  2.07207e-06
 Reference value :  2.07259e-06
 Reference value :  2.07331e-06
 Reference value :  2.07400e-06
 Reference value :  2.07431e-06
 Reference value :  2.07503e-06
 Reference value :  2.07571e-06
 Reference value :  2.07607e-06
 Reference value :  2.07659e-06
 Reference value :  2.07707e-06
 Reference value :  2.07727e-06
 Reference value :  2.07767e-06
 Reference value :  2.07803e-06
 Reference value :  2.07867e-06
 Reference value :  2.07915e-06
 Reference value :  2.07991e-06
 Reference value :  2.08019e-06
 Reference value :  2.08075e-06
 Reference value :  2.08143e-06
 Reference value :  2.08179e-06
 Reference value :  2.08211e-06
 Reference value :  2.08271e-06
 Reference value :  2.08351e-06
 Reference value :  2.08402e-06
 Reference value :  2.08435e-06
 Reference value :  2.08459e-06
 Reference value :  2.08499e-06
 Reference value :  2.08511e-06
 Reference value :  2.08535e-06
 Reference value :  2.08563e-06
 Reference value :  2.08597e-06
 Reference value :  2.08601e-06
 Reference value :  2.08611e-06
 Reference value :  2.08619e-06
 Reference value :  2.08635e-06
 Reference value :  2.08663e-06
 Reference value :  2.08679e-06
 Reference value :  2.08735e-06
 Reference value :  2.08800e-06
 Reference value :  2.08839e-06
 Reference value :  2.08895e-06
 Reference value :  2.08975e-06
 Reference value :  2.09002e-06
 Reference value :  2.09011e-06
 Reference value :  2.09027e-06
 Reference value :  2.09043e-06
 Reference value :  2.09075e-06
 Reference value :  2.09131e-06
 Reference value :  2.09200e-06
 Reference value :  2.09235e-06
 Reference value :  2.09267e-06
 Reference value :  2.09299e-06
 Reference value :  2.09347e-06
 Reference value :  2.09401e-06
 Reference value :  2.09443e-06
 Reference value :  2.09507e-06
 Reference value :  2.09575e-06
 Reference value :  2.09607e-06
 Reference value :  2.09663e-06
 Reference value :  2.09731e-06
 Reference value :  2.09755e-06
 Reference value :  2.09800e-06
 Reference value :  2.09827e-06
 Reference value :  2.09899e-06
 Reference value :  2.09967e-06
 Reference value :  2.10007e-06
 Reference value :  2.10059e-06
 Reference value :  2.10111e-06
 Reference value :  2.10183e-06
 Reference value :  2.10204e-06
 Reference value :  2.10227e-06
 Reference value :  2.10275e-06
 Reference value :  2.10287e-06
 Reference value :  2.10299e-06
 Reference value :  2.10343e-06
 Reference value :  2.10375e-06
 Reference value :  2.10387e-06
 Reference value :  2.10400e-06
 Reference value :  2.10407e-06
 Reference value :  2.10443e-06
 Reference value :  2.10467e-06
 Reference value :  2.10543e-06
 Reference value :  2.10587e-06
 Reference value :  2.10611e-06
 Reference value :  2.10635e-06
 Reference value :  2.10687e-06
 Reference value :  2.10751e-06
 Reference value :  2.10802e-06
 Reference value :  2.10847e-06
 Reference value :  2.10899e-06
 Reference value :  2.10967e-06
 Reference value :  2.11001e-06
 Reference value :  2.11002e-06
 Reference value :  2.11039e-06
 Reference value :  2.11115e-06
 Reference value :  2.11183e-06
 Reference value :  2.11219e-06
 Reference value :  2.11275e-06
 Reference value :  2.11343e-06
 Reference value :  2.11367e-06
 Reference value :  2.11395e-06
 Reference value :  2.11401e-06
 Reference value :  2.11435e-06
 Reference value :  2.11507e-06
 Reference value :  2.11547e-06
 Reference value :  2.11602e-06
 Reference value :  2.11643e-06
 Reference value :  2.11691e-06
 Reference value :  2.11727e-06
 Reference value :  2.11763e-06
 Reference value :  2.11800e-06
 Reference value :  2.11803e-06
 Reference value :  2.11843e-06
 Reference value :  2.11895e-06
 Reference value :  2.11959e-06
 Reference value :  2.12001e-06
 Reference value :  2.12023e-06
 Reference value :  2.12043e-06
 Reference value :  2.12059e-06
 Reference value :  2.12083e-06
 Reference value :  2.12095e-06
 Reference value :  2.12111e-06
 Reference value :  2.12147e-06
 Reference value :  2.12155e-06
 Reference value :  2.12163e-06
 Reference value :  2.12171e-06
 Reference value :  2.12179e-06
 Reference value :  2.12187e-06
 Reference value :  2.12197e-06
 Reference value :  2.12200e-06
 Reference value :  2.12201e-06
 Reference value :  2.12203e-06
 Reference value :  2.12207e-06
 Reference value :  2.12215e-06
 Reference value :  2.12223e-06
 Reference value :  2.12231e-06
 Reference value :  2.12239e-06
 Reference value :  2.12251e-06
 Reference value :  2.12263e-06
 Reference value :  2.12275e-06
 Reference value :  2.12287e-06
 Reference value :  2.12295e-06
 Reference value :  2.12311e-06
 Reference value :  2.12359e-06
 Reference value :  2.12400e-06
 Reference value :  2.12431e-06
 Reference value :  2.12479e-06
 Reference value :  2.12495e-06
 Reference value :  2.12503e-06
 Reference value :  2.12555e-06
 Reference value :  2.12601e-06
 Reference value :  2.12655e-06
 Reference value :  2.12731e-06
 Reference value :  2.12800e-06
 Reference value :  2.12831e-06
 Reference value :  2.12883e-06
 Reference value :  2.12947e-06
 Reference value :  2.12987e-06
 Reference value :  2.13019e-06
 Reference value :  2.13091e-06
 Reference value :  2.13163e-06
 Reference value :  2.13187e-06
 Reference value :  2.13215e-06
 Reference value :  2.13263e-06
 Reference value :  2.13303e-06
 Reference value :  2.13347e-06
 Reference value :  2.13401e-06
 Reference value :  2.13443e-06
 Reference value :  2.13519e-06
 Reference value :  2.13575e-06
 Reference value :  2.13611e-06
 Reference value :  2.13659e-06
 Reference value :  2.13715e-06
 Reference value :  2.13739e-06
 Reference value :  2.13801e-06
 Reference value :  2.13843e-06
 Reference value :  2.13907e-06
 Reference value :  2.13979e-06
 Reference value :  2.14011e-06
 Reference value :  2.14059e-06
 Reference value :  2.14103e-06
 Reference value :  2.14171e-06
 Reference value :  2.14207e-06
 Reference value :  2.14275e-06
 Reference value :  2.14351e-06
 Reference value :  2.14401e-06
 Reference value :  2.14443e-06
 Reference value :  2.14507e-06
 Reference value :  2.14583e-06
 Reference value :  2.14615e-06
 Reference value :  2.14683e-06
 Reference value :  2.14707e-06
 Reference value :  2.14775e-06
 Reference value :  2.14802e-06
 Reference value :  2.14843e-06
 Reference value :  2.14895e-06
 Reference value :  2.14947e-06
 Reference value :  2.15000e-06
 Reference value :  2.15035e-06
 Reference value :  2.15067e-06
 Reference value :  2.15091e-06
 Reference value :  2.15111e-06
 Reference value :  2.15135e-06
 Reference value :  2.15167e-06
 Reference value :  2.15197e-06
 Reference value :  2.15202e-06
 Reference value :  2.15227e-06
 Reference value :  2.15235e-06
 Reference value :  2.15243e-06
 Reference value :  2.15251e-06
 Reference value :  2.15267e-06
 Reference value :  2.15291e-06
 Reference value :  2.15351e-06
 Reference value :  2.15401e-06
 Reference value :  2.15451e-06
 Reference value :  2.15519e-06
 Reference value :  2.15597e-06
 Reference value :  2.15607e-06
 Reference value :  2.15655e-06
 Reference value :  2.15667e-06
 Reference value :  2.15715e-06
 Reference value :  2.15791e-06
 Reference value :  2.15815e-06
 Reference value :  2.15823e-06
 Reference value :  2.15831e-06
 Reference value :  2.15843e-06
 Reference value :  2.15855e-06
 Reference value :  2.15867e-06
 Reference value :  2.15879e-06
 Reference value :  2.15887e-06
 Reference value :  2.15911e-06
 Reference value :  2.15947e-06
 Reference value :  2.16001e-06
 Reference value :  2.16039e-06
 Reference value :  2.16099e-06
 Reference value :  2.16179e-06
 Reference value :  2.16204e-06
 Reference value :  2.16263e-06
 Reference value :  2.16339e-06
 Reference value :  2.16400e-06
 Reference value :  2.16435e-06
 Reference value :  2.16483e-06
 Reference value :  2.16535e-06
 Reference value :  2.16600e-06
 Reference value :  2.16635e-06
 Reference value :  2.16711e-06
 Reference value :  2.16783e-06
 Reference value :  2.16819e-06
 Reference value :  2.16871e-06
 Reference value :  2.16947e-06
 Reference value :  2.17001e-06
 Reference value :  2.17043e-06
 Reference value :  2.17119e-06
 Reference value :  2.17195e-06
 Reference value :  2.17223e-06
 Reference value :  2.17259e-06
 Reference value :  2.17307e-06
 Reference value :  2.17367e-06
 Reference value :  2.17400e-06
 Reference value :  2.17427e-06
 Reference value :  2.17475e-06
 Reference value :  2.17551e-06
 Reference value :  2.17601e-06
 Reference value :  2.17639e-06
 Reference value :  2.17691e-06
 Reference value :  2.17755e-06
 Reference value :  2.17802e-06
 Reference value :  2.17847e-06
 Reference value :  2.17879e-06
 Reference value :  2.17951e-06
 Reference value :  2.18002e-06
 Reference value :  2.18043e-06
 Reference value :  2.18099e-06
 Reference value :  2.18143e-06
 Reference value :  2.18200e-06
 Reference value :  2.18227e-06
 Reference value :  2.18291e-06
 Reference value :  2.18367e-06
 Reference value :  2.18404e-06
 Reference value :  2.18455e-06
 Reference value :  2.18519e-06
 Reference value :  2.18595e-06
 Reference value :  2.18619e-06
 Reference value :  2.18691e-06
 Reference value :  2.18763e-06
 Reference value :  2.18804e-06
 Reference value :  2.18855e-06
 Reference value :  2.18899e-06
 Reference value :  2.18967e-06
 Reference value :  2.19001e-06
 Reference value :  2.19043e-06
 Reference value :  2.19111e-06
 Reference value :  2.19187e-06
 Reference value :  2.19215e-06
 Reference value :  2.19263e-06
 Reference value :  2.19339e-06
 Reference value :  2.19400e-06
 Reference value :  2.19423e-06
 Reference value :  2.19491e-06
 Reference value :  2.19503e-06
 Reference value :  2.19523e-06
 Reference value :  2.19535e-06
 Reference value :  2.19543e-06
 Reference value :  2.19559e-06
 Reference value :  2.19600e-06
 Reference value :  2.19603e-06
 Reference value :  2.19647e-06
 Reference value :  2.19695e-06
 Reference value :  2.19755e-06
 Reference value :  2.19797e-06
 Reference value :  2.19802e-06
 Reference value :  2.19819e-06
 Reference value :  2.19891e-06
 Reference value :  2.19963e-06
 Reference value :  2.20003e-06
 Reference value :  2.20031e-06
 Reference value :  2.20055e-06
 Reference value :  2.20087e-06
 Reference value :  2.20131e-06
 Reference value :  2.20197e-06
 Reference value :  2.20227e-06
 Reference value :  2.20295e-06
 Reference value :  2.20323e-06
 Reference value :  2.20375e-06
 Reference value :  2.20407e-06
 Reference value :  2.20459e-06
 Reference value :  2.20507e-06
 Reference value :  2.20575e-06
 Reference value :  2.20611e-06
 Reference value :  2.20679e-06
 Reference value :  2.20759e-06
 Reference value :  2.20795e-06
 Reference value :  2.20827e-06
 Reference value :  2.20887e-06
 Reference value :  2.20959e-06
 Reference value :  2.21002e-06
 Reference value :  2.21051e-06
 Reference value :  2.21127e-06
 Reference value :  2.21191e-06
 Reference value :  2.21223e-06
 Reference value :  2.21275e-06
 Reference value :  2.21311e-06
 Reference value :  2.21327e-06
 Reference value :  2.21355e-06
 Reference value :  2.21400e-06
 Reference value :  2.21415e-06
 Reference value :  2.21479e-06
 Reference value :  2.21547e-06
 Reference value :  2.21595e-06
 Reference value :  2.21603e-06
 Reference value :  2.21643e-06
 Reference value :  2.21703e-06
 Reference value :  2.21775e-06
 Reference value :  2.21811e-06
 Reference value :  2.21875e-06
 Reference value :  2.21951e-06
 Reference value :  2.22002e-06
 Reference value :  2.22043e-06
 Reference value :  2.22091e-06
 Reference value :  2.22147e-06
 Reference value :  2.22201e-06
 Reference value :  2.22227e-06
 Reference value :  2.22243e-06
 Reference value :  2.22291e-06
 Reference value :  2.22367e-06
 Reference value :  2.22404e-06
 Reference value :  2.22451e-06
 Reference value :  2.22483e-06
 Reference value :  2.22507e-06
 Reference value :  2.22535e-06
 Reference value :  2.22591e-06
 Reference value :  2.22607e-06
 Reference value :  2.22619e-06
 Reference value :  2.22659e-06
 Reference value :  2.22687e-06
 Reference value :  2.22707e-06
 Reference value :  2.22715e-06
 Reference value :  2.22775e-06
 Reference value :  2.22807e-06
 Reference value :  2.22859e-06
 Reference value :  2.22915e-06
 Reference value :  2.22975e-06
 Reference value :  2.23011e-06
 Reference value :  2.23063e-06
 Reference value :  2.23083e-06
 Reference value :  2.23151e-06
 Reference value :  2.23202e-06
 Reference value :  2.23251e-06
 Reference value :  2.23315e-06
 Reference value :  2.23395e-06
 Reference value :  2.23415e-06
 Reference value :  2.23483e-06
 Reference value :  2.23543e-06
 Reference value :  2.23601e-06
 Reference value :  2.23643e-06
 Reference value :  2.23691e-06
 Reference value :  2.23751e-06
 Reference value :  2.23800e-06
 Reference value :  2.23819e-06
 Reference value :  2.23859e-06
 Reference value :  2.23915e-06
 Reference value :  2.23971e-06
 Reference value :  2.24001e-06
 Reference value :  2.24023e-06
 Reference value :  2.24039e-06
 Reference value :  2.24059e-06
 Reference value :  2.24131e-06
 Reference value :  2.24163e-06
 Reference value :  2.24191e-06
 Reference value :  2.24223e-06
 Reference value :  2.24287e-06
 Reference value :  2.24355e-06
 Reference value :  2.24401e-06
 Reference value :  2.24431e-06
 Reference value :  2.24455e-06
 Reference value :  2.24491e-06
 Reference value :  2.24523e-06
 Reference value :  2.24555e-06
 Reference value :  2.24595e-06
 Reference value :  2.24611e-06
 Reference value :  2.24639e-06
 Reference value :  2.24679e-06
 Reference value :  2.24731e-06
 Reference value :  2.24767e-06
 Reference value :  2.24801e-06
 Reference value :  2.24835e-06
 Reference value :  2.24851e-06
 Reference value :  2.24891e-06
 Reference value :  2.24967e-06
 Reference value :  2.25007e-06
 Reference value :  2.25063e-06
 Reference value :  2.25087e-06
 Reference value :  2.25127e-06
 Reference value :  2.25200e-06
 Reference value :  2.25211e-06
 Reference value :  2.25243e-06
 Reference value :  2.25291e-06
 Reference value :  2.25343e-06
 Reference value :  2.25401e-06
 Reference value :  2.25423e-06
 Reference value :  2.25435e-06
 Reference value :  2.25447e-06
 Reference value :  2.25519e-06
 Reference value :  2.25591e-06
 Reference value :  2.25615e-06
 Reference value :  2.25663e-06
 Reference value :  2.25711e-06
 Reference value :  2.25755e-06
 Reference value :  2.25797e-06
 Reference value :  2.25831e-06
 Reference value :  2.25903e-06
 Reference value :  2.25979e-06
 Reference value :  2.26011e-06
 Reference value :  2.26047e-06
 Reference value :  2.26099e-06
 Reference value :  2.26159e-06
 Reference value :  2.26204e-06
 Reference value :  2.26263e-06
 Reference value :  2.26307e-06
 Reference value :  2.26355e-06
 Reference value :  2.26395e-06
 Reference value :  2.26404e-06
 Reference value :  2.26427e-06
 Reference value :  2.26479e-06
 Reference value :  2.26559e-06
 Reference value :  2.26602e-06
 Reference value :  2.26639e-06
 Reference value :  2.26687e-06
 Reference value :  2.26735e-06
 Reference value :  2.26800e-06
 Reference value :  2.26827e-06
 Reference value :  2.26879e-06
 Reference value :  2.26899e-06
 Reference value :  2.26943e-06
 Reference value :  2.27001e-06
 Reference value :  2.27043e-06
 Reference value :  2.27119e-06
 Reference value :  2.27167e-06
 Reference value :  2.27183e-06
 Reference value :  2.27201e-06
 Reference value :  2.27219e-06
 Reference value :  2.27271e-06
 Reference value :  2.27347e-06
 Reference value :  2.27401e-06
 Reference value :  2.27423e-06
 Reference value :  2.27459e-06
 Reference value :  2.27511e-06
 Reference value :  2.27587e-06
 Reference value :  2.27619e-06
 Reference value :  2.27671e-06
 Reference value :  2.27719e-06
 Reference value :  2.27735e-06
 Reference value :  2.27800e-06
 Reference value :  2.27811e-06
 Reference value :  2.27819e-06
 Reference value :  2.27879e-06
 Reference value :  2.27911e-06
 Reference value :  2.27947e-06
 Reference value :  2.28001e-06
 Reference value :  2.28039e-06
 Reference value :  2.28091e-06
 Reference value :  2.28159e-06
 Reference value :  2.28201e-06
 Reference value :  2.28223e-06
 Reference value :  2.28283e-06
 Reference value :  2.28359e-06
 Reference value :  2.28404e-06
 Reference value :  2.28455e-06
 Reference value :  2.28507e-06
 Reference value :  2.28555e-06
 Reference value :  2.28600e-06
 Reference value :  2.28615e-06
 Reference value :  2.28687e-06
 Reference value :  2.28759e-06
 Reference value :  2.28804e-06
 Reference value :  2.28855e-06
 Reference value :  2.28891e-06
 Reference value :  2.28919e-06
 Reference value :  2.28951e-06
 Reference value :  2.29000e-06
 Reference value :  2.29001e-06
 Reference value :  2.29011e-06
 Reference value :  2.29047e-06
 Reference value :  2.29127e-06
 Reference value :  2.29187e-06
 Reference value :  2.29219e-06
 Reference value :  2.29267e-06
 Reference value :  2.29311e-06
 Reference value :  2.29335e-06
 Reference value :  2.29400e-06
 Reference value :  2.29423e-06
 Reference value :  2.29487e-06
 Reference value :  2.29559e-06
 Reference value :  2.29602e-06
 Reference value :  2.29651e-06
 Reference value :  2.29711e-06
 Reference value :  2.29747e-06
 Reference value :  2.29801e-06
 Reference value :  2.29843e-06
 Reference value :  2.29919e-06
 Reference value :  2.29943e-06
 Reference value :  2.30001e-06
 Reference value :  2.30035e-06
 Reference value :  2.30055e-06
 Reference value :  2.30103e-06
 Reference value :  2.30175e-06
 Reference value :  2.30215e-06
 Reference value :  2.30275e-06
 Reference value :  2.30351e-06
 Reference value :  2.30367e-06
 Reference value :  2.30401e-06
 Reference value :  2.30443e-06
 Reference value :  2.30511e-06
 Reference value :  2.30591e-06
 Reference value :  2.30619e-06
 Reference value :  2.30667e-06
 Reference value :  2.30727e-06
 Reference value :  2.30755e-06
 Reference value :  2.30801e-06
 Reference value :  2.30835e-06
 Reference value :  2.30871e-06
 Reference value :  2.30923e-06
 Reference value :  2.30951e-06
 Reference value :  2.31000e-06
 Reference value :  2.31031e-06
 Reference value :  2.31095e-06
 Reference value :  2.31143e-06
 Reference value :  2.31187e-06
 Reference value :  2.31219e-06
 Reference value :  2.31263e-06
 Reference value :  2.31331e-06
 Reference value :  2.31400e-06
 Reference value :  2.31403e-06
 Reference value :  2.31459e-06
 Reference value :  2.31523e-06
 Reference value :  2.31591e-06
 Reference value :  2.31615e-06
 Reference value :  2.31647e-06
 Reference value :  2.31687e-06
 Reference value :  2.31735e-06
 Reference value :  2.31800e-06
 Reference value :  2.31831e-06
 Reference value :  2.31843e-06
 Reference value :  2.31891e-06
 Reference value :  2.31951e-06
 Reference value :  2.32001e-06
 Reference value :  2.32047e-06
 Reference value :  2.32115e-06
 Reference value :  2.32167e-06
 Reference value :  2.32200e-06
 Reference value :  2.32223e-06
 Reference value :  2.32295e-06
 Reference value :  2.32363e-06
 Reference value :  2.32407e-06
 Reference value :  2.32455e-06
 Reference value :  2.32487e-06
 Reference value :  2.32543e-06
 Reference value :  2.32600e-06
 Reference value :  2.32615e-06
 Reference value :  2.32651e-06
 Reference value :  2.32707e-06
 Reference value :  2.32759e-06
 Reference value :  2.32801e-06
 Reference value :  2.32804e-06
 Reference value :  2.32815e-06
 Reference value :  2.32851e-06
 Reference value :  2.32863e-06
 Reference value :  2.32879e-06
 Reference value :  2.32891e-06
 Reference value :  2.32899e-06
 Reference value :  2.32911e-06
 Reference value :  2.32923e-06
 Reference value :  2.32935e-06
 Reference value :  2.32947e-06
 Reference value :  2.32959e-06
 Reference value :  2.32975e-06
 Reference value :  2.32987e-06
 Reference value :  2.32997e-06
 Reference value :  2.33000e-06
 Reference value :  2.33001e-06
 Reference value :  2.33003e-06
 Reference value :  2.33011e-06
 Reference value :  2.33019e-06
 Reference value :  2.33027e-06
 Reference value :  2.33035e-06
 Reference value :  2.33059e-06
 Reference value :  2.33123e-06
 Reference value :  2.33131e-06
 Reference value :  2.33175e-06
 Reference value :  2.33197e-06
 Reference value :  2.33202e-06
 Reference value :  2.33204e-06
 Reference value :  2.33223e-06
 Reference value :  2.33231e-06
 Reference value :  2.33243e-06
 Reference value :  2.33247e-06
 Reference value :  2.33255e-06
 Reference value :  2.33263e-06
 Reference value :  2.33271e-06
 Reference value :  2.33279e-06
 Reference value :  2.33287e-06
 Reference value :  2.33291e-06
 Reference value :  2.33299e-06
 Reference value :  2.33307e-06
 Reference value :  2.33319e-06
 Reference value :  2.33331e-06
 Reference value :  2.33343e-06
 Reference value :  2.33355e-06
 Reference value :  2.33371e-06
 Reference value :  2.33383e-06
 Reference value :  2.33395e-06
 Reference value :  2.33400e-06
 Reference value :  2.33401e-06
 Reference value :  2.33403e-06
 Reference value :  2.33407e-06
 Reference value :  2.33415e-06
 Reference value :  2.33423e-06
 Reference value :  2.33431e-06
 Reference value :  2.33443e-06
 Reference value :  2.33455e-06
 Reference value :  2.33471e-06
 Reference value :  2.33483e-06
 Reference value :  2.33495e-06
 Reference value :  2.33507e-06
 Reference value :  2.33519e-06
 Reference value :  2.33531e-06
 Reference value :  2.33543e-06
 Reference value :  2.33575e-06
 Reference value :  2.33600e-06
 Reference value :  2.33601e-06
 Reference value :  2.33631e-06
 Reference value :  2.33691e-06
 Reference value :  2.33759e-06
 Reference value :  2.33802e-06
 Reference value :  2.33831e-06
 Reference value :  2.33911e-06
 Reference value :  2.33939e-06
 Reference value :  2.33975e-06
 Reference value :  2.34001e-06
 Reference value :  2.34019e-06
 Reference value :  2.34043e-06
 Reference value :  2.34063e-06
 Reference value :  2.34099e-06
 Reference value :  2.34111e-06
 Reference value :  2.34155e-06
 Reference value :  2.34197e-06
 Reference value :  2.34201e-06
 Reference value :  2.34211e-06
 Reference value :  2.34275e-06
 Reference value :  2.34347e-06
 Reference value :  2.34401e-06
 Reference value :  2.34431e-06
 Reference value :  2.34455e-06
 Reference value :  2.34491e-06
 Reference value :  2.34535e-06
 Reference value :  2.34600e-06
 Reference value :  2.34631e-06
 Reference value :  2.34663e-06
 Reference value :  2.34703e-06
 Reference value :  2.34771e-06
 Reference value :  2.34807e-06
 Reference value :  2.34859e-06
 Reference value :  2.34911e-06
 Reference value :  2.34963e-06
 Reference value :  2.34991e-06
 Reference value :  2.35023e-06
 Reference value :  2.35099e-06
 Reference value :  2.35163e-06
 Reference value :  2.35195e-06
 Reference value :  2.35201e-06
 Reference value :  2.35247e-06
 Reference value :  2.35315e-06
 Reference value :  2.35391e-06
 Reference value :  2.35419e-06
 Reference value :  2.35463e-06
 Reference value :  2.35503e-06
 Reference value :  2.35579e-06
 Reference value :  2.35615e-06
 Reference value :  2.35659e-06
 Reference value :  2.35691e-06
 Reference value :  2.35719e-06
 Reference value :  2.35791e-06
 Reference value :  2.35823e-06
 Reference value :  2.35895e-06
 Reference value :  2.35971e-06
 Reference value :  2.36003e-06
 Reference value :  2.36051e-06
 Reference value :  2.36103e-06
 Reference value :  2.36171e-06
 Reference value :  2.36207e-06
 Reference value :  2.36263e-06
 Reference value :  2.36303e-06
 Reference value :  2.36347e-06
 Reference value :  2.36400e-06
 Reference value :  2.36427e-06
 Reference value :  2.36479e-06
 Reference value :  2.36523e-06
 Reference value :  2.36559e-06
 Reference value :  2.36600e-06
 Reference value :  2.36639e-06
 Reference value :  2.36687e-06
 Reference value :  2.36743e-06
 Reference value :  2.36801e-06
 Reference value :  2.36803e-06
 Reference value :  2.36851e-06
 Reference value :  2.36911e-06
 Reference value :  2.36987e-06
 Reference value :  2.37015e-06
 Reference value :  2.37079e-06
 Reference value :  2.37135e-06
 Reference value :  2.37195e-06
 Reference value :  2.37215e-06
 Reference value :  2.37263e-06
 Reference value :  2.37319e-06
 Reference value :  2.37367e-06
 Reference value :  2.37383e-06
 Reference value :  2.37402e-06
 Reference value :  2.37463e-06
 Reference value :  2.37483e-06
 Reference value :  2.37523e-06
 Reference value :  2.37551e-06
 Reference value :  2.37575e-06
 Reference value :  2.37587e-06
 Reference value :  2.37597e-06
 Reference value :  2.37602e-06
 Reference value :  2.37607e-06
 Reference value :  2.37615e-06
 Reference value :  2.37623e-06
 Reference value :  2.37651e-06
 Reference value :  2.37687e-06
 Reference value :  2.37699e-06
 Reference value :  2.37723e-06
 Reference value :  2.37763e-06
 Reference value :  2.37801e-06
 Reference value :  2.37807e-06
 Reference value :  2.37815e-06
 Reference value :  2.37879e-06
 Reference value :  2.37955e-06
 Reference value :  2.38001e-06
 Reference value :  2.38031e-06
 Reference value :  2.38075e-06
 Reference value :  2.38103e-06
 Reference value :  2.38167e-06
 Reference value :  2.38200e-06
 Reference value :  2.38227e-06
 Reference value :  2.38279e-06
 Reference value :  2.38291e-06
 Reference value :  2.38319e-06
 Reference value :  2.38395e-06
 Reference value :  2.38419e-06
 Reference value :  2.38451e-06
 Reference value :  2.38479e-06
 Reference value :  2.38519e-06
 Reference value :  2.38591e-06
 Reference value :  2.38623e-06
 Reference value :  2.38687e-06
 Reference value :  2.38715e-06
 Reference value :  2.38755e-06
 Reference value :  2.38795e-06
 Reference value :  2.38827e-06
 Reference value :  2.38875e-06
 Reference value :  2.38931e-06
 Reference value :  2.39000e-06
 Reference value :  2.39011e-06
 Reference value :  2.39039e-06
 Reference value :  2.39083e-06
 Reference value :  2.39159e-06
 Reference value :  2.39202e-06
 Reference value :  2.39247e-06
 Reference value :  2.39263e-06
 Reference value :  2.39271e-06
 Reference value :  2.39347e-06
 Reference value :  2.39401e-06
 Reference value :  2.39447e-06
 Reference value :  2.39479e-06
 Reference value :  2.39507e-06
 Reference value :  2.39535e-06
 Reference value :  2.39600e-06
 Reference value :  2.39627e-06
 Reference value :  2.39671e-06
 Reference value :  2.39715e-06
 Reference value :  2.39783e-06
 Reference value :  2.39801e-06
 Reference value :  2.39811e-06
 Reference value :  2.39847e-06
 Reference value :  2.39887e-06
 Reference value :  2.39919e-06
 Reference value :  2.39935e-06
 Reference value :  2.39959e-06
 Reference value :  2.39975e-06
 Reference value :  2.39983e-06
 Reference value :  2.40000e-06
 Reference value :  2.40019e-06
 Reference value :  2.40055e-06
 Reference value :  2.40071e-06
 Reference value :  2.40123e-06
 Reference value :  2.40175e-06
 Reference value :  2.40191e-06
 Reference value :  2.40200e-06
 Reference value :  2.40204e-06
 Reference value :  2.40231e-06
 Reference value :  2.40243e-06
 Reference value :  2.40295e-06
 Reference value :  2.40311e-06
 Reference value :  2.40323e-06
 Reference value :  2.40351e-06
 Reference value :  2.40383e-06
 Reference value :  2.40400e-06
 Reference value :  2.40402e-06
 Reference value :  2.40447e-06
 Reference value :  2.40499e-06
 Reference value :  2.40535e-06
 Reference value :  2.40559e-06
 Reference value :  2.40600e-06
 Reference value :  2.40603e-06
 Reference value :  2.40659e-06
 Reference value :  2.40735e-06
 Reference value :  2.40800e-06
 Reference value :  2.40827e-06
 Reference value :  2.40863e-06
 Reference value :  2.40931e-06
 Reference value :  2.41000e-06
 Reference value :  2.41027e-06
 Reference value :  2.41083e-06
 Reference value :  2.41155e-06
 Reference value :  2.41202e-06
 Reference value :  2.41235e-06
 Reference value :  2.41283e-06
 Reference value :  2.41331e-06
 Reference value :  2.41400e-06
 Reference value :  2.41423e-06
 Reference value :  2.41479e-06
 Reference value :  2.41515e-06
 Reference value :  2.41563e-06
 Reference value :  2.41607e-06
 Reference value :  2.41655e-06
 Reference value :  2.41723e-06
 Reference value :  2.41791e-06
 Reference value :  2.41802e-06
 Reference value :  2.41851e-06
 Reference value :  2.41923e-06
 Reference value :  2.41995e-06
 Reference value :  2.42015e-06
 Reference value :  2.42031e-06
 Reference value :  2.42059e-06
 Reference value :  2.42111e-06
 Reference value :  2.42175e-06
 Reference value :  2.42207e-06
 Reference value :  2.42275e-06
 Reference value :  2.42303e-06
 Reference value :  2.42335e-06
 Reference value :  2.42347e-06
 Reference value :  2.42367e-06
 Reference value :  2.42395e-06
 Reference value :  2.42402e-06
 Reference value :  2.42404e-06
 Reference value :  2.42423e-06
 Reference value :  2.42459e-06
 Reference value :  2.42527e-06
 Reference value :  2.42595e-06
 Reference value :  2.42611e-06
 Reference value :  2.42635e-06
 Reference value :  2.42711e-06
 Reference value :  2.42767e-06
 Reference value :  2.42800e-06
 Reference value :  2.42804e-06
 Reference value :  2.42827e-06
 Reference value :  2.42875e-06
 Reference value :  2.42915e-06
 Reference value :  2.42987e-06
 Reference value :  2.43019e-06
 Reference value :  2.43095e-06
 Reference value :  2.43155e-06
 Reference value :  2.43200e-06
 Reference value :  2.43219e-06
 Reference value :  2.43255e-06
 Reference value :  2.43323e-06
 Reference value :  2.43391e-06
 Reference value :  2.43423e-06
 Reference value :  2.43479e-06
 Reference value :  2.43523e-06
 Reference value :  2.43595e-06
 Reference value :  2.43627e-06
 Reference value :  2.43675e-06
 Reference value :  2.43707e-06
 Reference value :  2.43747e-06
 Reference value :  2.43775e-06
 Reference value :  2.43800e-06
 Reference value :  2.43815e-06
 Reference value :  2.43883e-06
 Reference value :  2.43951e-06
 Reference value :  2.44000e-06
 Reference value :  2.44015e-06
 Reference value :  2.44059e-06
 Reference value :  2.44127e-06
 Reference value :  2.44195e-06
 Reference value :  2.44227e-06
 Reference value :  2.44287e-06
 Reference value :  2.44343e-06
 Reference value :  2.44375e-06
 Reference value :  2.44411e-06
 Reference value :  2.44463e-06
 Reference value :  2.44499e-06
 Reference value :  2.44551e-06
 Reference value :  2.44575e-06
 Reference value :  2.44607e-06
 Reference value :  2.44667e-06
 Reference value :  2.44743e-06
 Reference value :  2.44801e-06
 Reference value :  2.44839e-06
 Reference value :  2.44895e-06
 Reference value :  2.44915e-06
 Reference value :  2.44991e-06
 Reference value :  2.45011e-06
 Reference value :  2.45051e-06
 Reference value :  2.45067e-06
 Reference value :  2.45079e-06
 Reference value :  2.45107e-06
 Reference value :  2.45119e-06
 Reference value :  2.45131e-06
 Reference value :  2.45143e-06
 Reference value :  2.45155e-06
 Reference value :  2.45167e-06
 Reference value :  2.45183e-06
 Reference value :  2.45195e-06
 Reference value :  2.45200e-06
 Reference value :  2.45202e-06
 Reference value :  2.45243e-06
 Reference value :  2.45283e-06
 Reference value :  2.45315e-06
 Reference value :  2.45343e-06
 Reference value :  2.45375e-06
 Reference value :  2.45400e-06
 Reference value :  2.45419e-06
 Reference value :  2.45439e-06
 Reference value :  2.45491e-06
 Reference value :  2.45559e-06
 Reference value :  2.45603e-06
 Reference value :  2.45647e-06
 Reference value :  2.45659e-06
 Reference value :  2.45667e-06
 Reference value :  2.45723e-06
 Reference value :  2.45797e-06
 Reference value :  2.45803e-06
 Reference value :  2.45831e-06
 Reference value :  2.45883e-06
 Reference value :  2.45923e-06
 Reference value :  2.45987e-06
 Reference value :  2.46019e-06
 Reference value :  2.46071e-06
 Reference value :  2.46119e-06
 Reference value :  2.46195e-06
 Reference value :  2.46215e-06
 Reference value :  2.46267e-06
 Reference value :  2.46311e-06
 Reference value :  2.46387e-06
 Reference value :  2.46415e-06
 Reference value :  2.46467e-06
 Reference value :  2.46543e-06
 Reference value :  2.46601e-06
 Reference value :  2.46643e-06
 Reference value :  2.46711e-06
 Reference value :  2.46787e-06
 Reference value :  2.46811e-06
 Reference value :  2.46859e-06
 Reference value :  2.46911e-06
 Reference value :  2.46967e-06
 Reference value :  2.47004e-06
 Reference value :  2.47063e-06
 Reference value :  2.47139e-06
 Reference value :  2.47200e-06
 Reference value :  2.47215e-06
 Reference value :  2.47251e-06
 Reference value :  2.47299e-06
 Reference value :  2.47375e-06
 Reference value :  2.47403e-06
 Reference value :  2.47463e-06
 Reference value :  2.47535e-06
 Reference value :  2.47600e-06
 Reference value :  2.47631e-06
 Reference value :  2.47663e-06
 Reference value :  2.47683e-06
 Reference value :  2.47739e-06
 Reference value :  2.47801e-06
 Reference value :  2.47847e-06
 Reference value :  2.47919e-06
 Reference value :  2.47991e-06
 Reference value :  2.48019e-06
 Reference value :  2.48051e-06
 Reference value :  2.48091e-06
 Reference value :  2.48167e-06
 Reference value :  2.48200e-06
 Reference value :  2.48203e-06
 Reference value :  2.48223e-06
 Reference value :  2.48235e-06
 Reference value :  2.48247e-06
 Reference value :  2.48259e-06
 Reference value :  2.48307e-06
 Reference value :  2.48327e-06
 Reference value :  2.48347e-06
 Reference value :  2.48371e-06
 Reference value :  2.48407e-06
 Reference value :  2.48459e-06
 Reference value :  2.48507e-06
 Reference value :  2.48567e-06
 Reference value :  2.48600e-06
 Reference value :  2.48639e-06
 Reference value :  2.48711e-06
 Reference value :  2.48759e-06
 Reference value :  2.48801e-06
 Reference value :  2.48835e-06
 Reference value :  2.48859e-06
 Reference value :  2.48911e-06
 Reference value :  2.48991e-06
 Reference value :  2.49015e-06
 Reference value :  2.49087e-06
 Reference value :  2.49159e-06
 Reference value :  2.49204e-06
 Reference value :  2.49247e-06
 Reference value :  2.49271e-06
 Reference value :  2.49319e-06
 Reference value :  2.49387e-06
 Reference value :  2.49411e-06
 Reference value :  2.49439e-06
 Reference value :  2.49515e-06
 Reference value :  2.49571e-06
 Reference value :  2.49600e-06
 Reference value :  2.49635e-06
 Reference value :  2.49683e-06
 Reference value :  2.49755e-06
 Reference value :  2.49787e-06
 Reference value :  2.49815e-06
 Reference value :  2.49835e-06
 Reference value :  2.49907e-06
 Reference value :  2.49983e-06
 Reference value :  2.50002e-06
 Reference value :  2.50019e-06
 Reference value :  2.50063e-06
 Reference value :  2.50111e-06
 Reference value :  2.50151e-06
 Reference value :  2.50201e-06
 Reference value :  2.50243e-06
 Reference value :  2.50267e-06
 Reference value :  2.50335e-06
 Reference value :  2.50400e-06
 Reference value :  2.50435e-06
 Reference value :  2.50475e-06
 Reference value :  2.50551e-06
 Reference value :  2.50600e-06
 Reference value :  2.50635e-06
 Reference value :  2.50715e-06
 Reference value :  2.50787e-06
 Reference value :  2.50819e-06
 Reference value :  2.50867e-06
 Reference value :  2.50915e-06
 Reference value :  2.50983e-06
 Reference value :  2.51019e-06
 Reference value :  2.51083e-06
 Reference value :  2.51151e-06
 Reference value :  2.51191e-06
 Reference value :  2.51215e-06
 Reference value :  2.51263e-06
 Reference value :  2.51331e-06
 Reference value :  2.51400e-06
 Reference value :  2.51431e-06
 Reference value :  2.51503e-06
 Reference value :  2.51575e-06
 Reference value :  2.51601e-06
 Reference value :  2.51615e-06
 Reference value :  2.51639e-06
 Reference value :  2.51667e-06
 Reference value :  2.51703e-06
 Reference value :  2.51727e-06
 Reference value :  2.51771e-06
 Reference value :  2.51800e-06
 Reference value :  2.51819e-06
 Reference value :  2.51835e-06
 Reference value :  2.51875e-06
 Reference value :  2.51951e-06
 Reference value :  2.52002e-06
 Reference value :  2.52051e-06
 Reference value :  2.52119e-06
 Reference value :  2.52191e-06
 Reference value :  2.52215e-06
 Reference value :  2.52227e-06
 Reference value :  2.52299e-06
 Reference value :  2.52371e-06
 Reference value :  2.52407e-06
 Reference value :  2.52455e-06
 Reference value :  2.52503e-06
 Reference value :  2.52547e-06
 Reference value :  2.52600e-06
 Reference value :  2.52631e-06
 Reference value :  2.52707e-06
 Reference value :  2.52775e-06
 Reference value :  2.52802e-06
 Reference value :  2.52847e-06
 Reference value :  2.52915e-06
 Reference value :  2.52991e-06
 Reference value :  2.53023e-06
 Reference value :  2.53087e-06
 Reference value :  2.53155e-06
 Reference value :  2.53201e-06
 Reference value :  2.53239e-06
 Reference value :  2.53295e-06
 Reference value :  2.53347e-06
 Reference value :  2.53401e-06
 Reference value :  2.53443e-06
 Reference value :  2.53519e-06
 Reference value :  2.53595e-06
 Reference value :  2.53623e-06
 Reference value :  2.53675e-06
 Reference value :  2.53747e-06
 Reference value :  2.53801e-06
 Reference value :  2.53843e-06
 Reference value :  2.53919e-06
 Reference value :  2.53991e-06
 Reference value :  2.54001e-06
 Reference value :  2.54047e-06
 Reference value :  2.54095e-06
 Reference value :  2.54159e-06
 Reference value :  2.54202e-06
 Reference value :  2.54259e-06
 Reference value :  2.54311e-06
 Reference value :  2.54379e-06
 Reference value :  2.54411e-06
 Reference value :  2.54467e-06
 Reference value :  2.54543e-06
 Reference value :  2.54601e-06
 Reference value :  2.54639e-06
 Reference value :  2.54711e-06
 Reference value :  2.54783e-06
 Reference value :  2.54815e-06
 Reference value :  2.54859e-06
 Reference value :  2.54907e-06
 Reference value :  2.54971e-06
 Reference value :  2.55011e-06
 Reference value :  2.55079e-06
 Reference value :  2.55159e-06
 Reference value :  2.55203e-06
 Reference value :  2.55247e-06
 Reference value :  2.55283e-06
 Reference value :  2.55335e-06
 Reference value :  2.55391e-06
 Reference value :  2.55401e-06
 Reference value :  2.55431e-06
 Reference value :  2.55479e-06
 Reference value :  2.55507e-06
 Reference value :  2.55543e-06
 Reference value :  2.55555e-06
 Reference value :  2.55575e-06
 Reference value :  2.55600e-06
 Reference value :  2.55611e-06
 Reference value :  2.55619e-06
 Reference value :  2.55627e-06
 Reference value :  2.55635e-06
 Reference value :  2.55643e-06
 Reference value :  2.55651e-06
 Reference value :  2.55659e-06
 Reference value :  2.55667e-06
 Reference value :  2.55675e-06
 Reference value :  2.55683e-06
 Reference value :  2.55691e-06
 Reference value :  2.55699e-06
 Reference value :  2.55703e-06
 Reference value :  2.55711e-06
 Reference value :  2.55719e-06
 Reference value :  2.55731e-06
 Reference value :  2.55743e-06
 Reference value :  2.55767e-06
 Reference value :  2.55801e-06
 Reference value :  2.55819e-06
 Reference value :  2.55887e-06
 Reference value :  2.55927e-06
 Reference value :  2.55997e-06
 Reference value :  2.56019e-06
 Reference value :  2.56071e-06
 Reference value :  2.56143e-06
 Reference value :  2.56201e-06
 Reference value :  2.56239e-06
 Reference value :  2.56315e-06
 Reference value :  2.56387e-06
 Reference value :  2.56423e-06
 Reference value :  2.56475e-06
 Reference value :  2.56499e-06
 Reference value :  2.56539e-06
 Reference value :  2.56600e-06
 Reference value :  2.56635e-06
 Reference value :  2.56691e-06
 Reference value :  2.56763e-06
 Reference value :  2.56803e-06
 Reference value :  2.56855e-06
 Reference value :  2.56931e-06
 Reference value :  2.56995e-06
 Reference value :  2.57023e-06
 Reference value :  2.57087e-06
 Reference value :  2.57163e-06
 Reference value :  2.57203e-06
 Reference value :  2.57251e-06
 Reference value :  2.57295e-06
 Reference value :  2.57331e-06
 Reference value :  2.57397e-06
 Reference value :  2.57423e-06
 Reference value :  2.57495e-06
 Reference value :  2.57563e-06
 Reference value :  2.57604e-06
 Reference value :  2.57655e-06
 Reference value :  2.57719e-06
 Reference value :  2.57791e-06
 Reference value :  2.57815e-06
 Reference value :  2.57859e-06
 Reference value :  2.57927e-06
 Reference value :  2.58000e-06
 Reference value :  2.58027e-06
 Reference value :  2.58071e-06
 Reference value :  2.58127e-06
 Reference value :  2.58191e-06
 Reference value :  2.58223e-06
 Reference value :  2.58291e-06
 Reference value :  2.58363e-06
 Reference value :  2.58404e-06
 Reference value :  2.58411e-06
 Reference value :  2.58419e-06
 Reference value :  2.58463e-06
 Reference value :  2.58515e-06
 Reference value :  2.58583e-06
 Reference value :  2.58611e-06
 Reference value :  2.58651e-06
 Reference value :  2.58723e-06
 Reference value :  2.58787e-06
 Reference value :  2.58819e-06
 Reference value :  2.58847e-06
 Reference value :  2.58895e-06
 Reference value :  2.58951e-06
 Reference value :  2.59002e-06
 Reference value :  2.59051e-06
 Reference value :  2.59127e-06
 Reference value :  2.59200e-06
 Reference value :  2.59231e-06
 Reference value :  2.59271e-06
 Reference value :  2.59339e-06
 Reference value :  2.59400e-06
 Reference value :  2.59435e-06
 Reference value :  2.59511e-06
 Reference value :  2.59583e-06
 Reference value :  2.59615e-06
 Reference value :  2.59659e-06
 Reference value :  2.59703e-06
 Reference value :  2.59723e-06
 Reference value :  2.59783e-06
 Reference value :  2.59811e-06
 Reference value :  2.59855e-06
 Reference value :  2.59927e-06
 Reference value :  2.60000e-06
 Reference value :  2.60031e-06
 Reference value :  2.60087e-06
 Reference value :  2.60159e-06
 Reference value :  2.60202e-06
 Reference value :  2.60247e-06
 Reference value :  2.60323e-06
 Reference value :  2.60397e-06
 Reference value :  2.60423e-06
 Reference value :  2.60475e-06
 Reference value :  2.60523e-06
 Reference value :  2.60587e-06
 Reference value :  2.60615e-06
 Reference value :  2.60683e-06
 Reference value :  2.60755e-06
 Reference value :  2.60803e-06
 Reference value :  2.60851e-06
 Reference value :  2.60915e-06
 Reference value :  2.60991e-06
 Reference value :  2.61011e-06
 Reference value :  2.61055e-06
 Reference value :  2.61123e-06
 Reference value :  2.61195e-06
 Reference value :  2.61219e-06
 Reference value :  2.61267e-06
 Reference value :  2.61315e-06
 Reference value :  2.61379e-06
 Reference value :  2.61411e-06
 Reference value :  2.61439e-06
 Reference value :  2.61515e-06
 Reference value :  2.61591e-06
 Reference value :  2.61619e-06
 Reference value :  2.61671e-06
 Reference value :  2.61739e-06
 Reference value :  2.61800e-06
 Reference value :  2.61831e-06
 Reference value :  2.61903e-06
 Reference value :  2.61975e-06
 Reference value :  2.62011e-06
 Reference value :  2.62063e-06
 Reference value :  2.62107e-06
 Reference value :  2.62175e-06
 Reference value :  2.62207e-06
 Reference value :  2.62275e-06
 Reference value :  2.62347e-06
 Reference value :  2.62400e-06
 Reference value :  2.62404e-06
 Reference value :  2.62435e-06
 Reference value :  2.62463e-06
 Reference value :  2.62503e-06
 Reference value :  2.62535e-06
 Reference value :  2.62555e-06
 Reference value :  2.62567e-06
 Reference value :  2.62591e-06
 Reference value :  2.62601e-06
 Reference value :  2.62639e-06
 Reference value :  2.62707e-06
 Reference value :  2.62775e-06
 Reference value :  2.62811e-06
 Reference value :  2.62863e-06
 Reference value :  2.62919e-06
 Reference value :  2.62975e-06
 Reference value :  2.63007e-06
 Reference value :  2.63071e-06
 Reference value :  2.63139e-06
 Reference value :  2.63200e-06
 Reference value :  2.63231e-06
 Reference value :  2.63283e-06
 Reference value :  2.63351e-06
 Reference value :  2.63401e-06
 Reference value :  2.63447e-06
 Reference value :  2.63515e-06
 Reference value :  2.63591e-06
 Reference value :  2.63619e-06
 Reference value :  2.63667e-06
 Reference value :  2.63711e-06
 Reference value :  2.63779e-06
 Reference value :  2.63815e-06
 Reference value :  2.63883e-06
 Reference value :  2.63959e-06
 Reference value :  2.64002e-06
 Reference value :  2.64051e-06
 Reference value :  2.64123e-06
 Reference value :  2.64200e-06
 Reference value :  2.64227e-06
 Reference value :  2.64271e-06
 Reference value :  2.64347e-06
 Reference value :  2.64401e-06
 Reference value :  2.64439e-06
 Reference value :  2.64487e-06
 Reference value :  2.64539e-06
 Reference value :  2.64600e-06
 Reference value :  2.64631e-06
 Reference value :  2.64711e-06
 Reference value :  2.64779e-06
 Reference value :  2.64815e-06
 Reference value :  2.64863e-06
 Reference value :  2.64939e-06
 Reference value :  2.65001e-06
 Reference value :  2.65035e-06
 Reference value :  2.65051e-06
 Reference value :  2.65107e-06
 Reference value :  2.65183e-06
 Reference value :  2.65207e-06
 Reference value :  2.65259e-06
 Reference value :  2.65303e-06
 Reference value :  2.65367e-06
 Reference value :  2.65407e-06
 Reference value :  2.65467e-06
 Reference value :  2.65539e-06
 Reference value :  2.65587e-06
 Reference value :  2.65602e-06
 Reference value :  2.65623e-06
 Reference value :  2.65639e-06
 Reference value :  2.65667e-06
 Reference value :  2.65683e-06
 Reference value :  2.65731e-06
 Reference value :  2.65775e-06
 Reference value :  2.65802e-06
 Reference value :  2.65851e-06
 Reference value :  2.65927e-06
 Reference value :  2.65951e-06
 Reference value :  2.65983e-06
 Reference value :  2.65995e-06
 Reference value :  2.66007e-06
 Reference value :  2.66015e-06
 Reference value :  2.66023e-06
 Reference value :  2.66031e-06
 Reference value :  2.66059e-06
 Reference value :  2.66079e-06
 Reference value :  2.66107e-06
 Reference value :  2.66131e-06
 Reference value :  2.66195e-06
 Reference value :  2.66215e-06
 Reference value :  2.66279e-06
 Reference value :  2.66335e-06
 Reference value :  2.66397e-06
 Reference value :  2.66402e-06
 Reference value :  2.66411e-06
 Reference value :  2.66463e-06
 Reference value :  2.66499e-06
 Reference value :  2.66547e-06
 Reference value :  2.66597e-06
 Reference value :  2.66619e-06
 Reference value :  2.66659e-06
 Reference value :  2.66727e-06
 Reference value :  2.66791e-06
 Reference value :  2.66823e-06
 Reference value :  2.66875e-06
 Reference value :  2.66887e-06
 Reference value :  2.66939e-06
 Reference value :  2.67000e-06
 Reference value :  2.67039e-06
 Reference value :  2.67099e-06
 Reference value :  2.67171e-06
 Reference value :  2.67207e-06
 Reference value :  2.67263e-06
 Reference value :  2.67323e-06
 Reference value :  2.67397e-06
 Reference value :  2.67427e-06
 Reference value :  2.67491e-06
 Reference value :  2.67567e-06
 Reference value :  2.67604e-06
 Reference value :  2.67647e-06
 Reference value :  2.67699e-06
 Reference value :  2.67759e-06
 Reference value :  2.67803e-06
 Reference value :  2.67855e-06
 Reference value :  2.67931e-06
 Reference value :  2.68000e-06
 Reference value :  2.68003e-06
 Reference value :  2.68043e-06
 Reference value :  2.68103e-06
 Reference value :  2.68179e-06
 Reference value :  2.68211e-06
 Reference value :  2.68275e-06
 Reference value :  2.68347e-06
 Reference value :  2.68401e-06
 Reference value :  2.68439e-06
 Reference value :  2.68487e-06
 Reference value :  2.68539e-06
 Reference value :  2.68600e-06
 Reference value :  2.68623e-06
 Reference value :  2.68671e-06
 Reference value :  2.68739e-06
 Reference value :  2.68800e-06
 Reference value :  2.68835e-06
 Reference value :  2.68895e-06
 Reference value :  2.68955e-06
 Reference value :  2.69002e-06
 Reference value :  2.69055e-06
 Reference value :  2.69135e-06
 Reference value :  2.69200e-06
 Reference value :  2.69235e-06
 Reference value :  2.69283e-06
 Reference value :  2.69331e-06
 Reference value :  2.69391e-06
 Reference value :  2.69419e-06
 Reference value :  2.69495e-06
 Reference value :  2.69559e-06
 Reference value :  2.69602e-06
 Reference value :  2.69647e-06
 Reference value :  2.69707e-06
 Reference value :  2.69763e-06
 Reference value :  2.69802e-06
 Reference value :  2.69859e-06
 Reference value :  2.69931e-06
 Reference value :  2.70000e-06
 Reference value :  2.70035e-06
 Reference value :  2.70075e-06
 Reference value :  2.70119e-06
 Reference value :  2.70191e-06
 Reference value :  2.70223e-06
 Reference value :  2.70275e-06
 Reference value :  2.70307e-06
 Reference value :  2.70375e-06
 Reference value :  2.70415e-06
 Reference value :  2.70435e-06
 Reference value :  2.70467e-06
 Reference value :  2.70515e-06
 Reference value :  2.70567e-06
 Reference value :  2.70591e-06
 Reference value :  2.70604e-06
 Reference value :  2.70627e-06
 Reference value :  2.70663e-06
 Reference value :  2.70695e-06
 Reference value :  2.70767e-06
 Reference value :  2.70807e-06
 Reference value :  2.70863e-06
 Reference value :  2.70911e-06
 Reference value :  2.70927e-06
 Reference value :  2.70991e-06
 Reference value :  2.71023e-06
 Reference value :  2.71091e-06
 Reference value :  2.71167e-06
 Reference value :  2.71204e-06
 Reference value :  2.71255e-06
 Reference value :  2.71311e-06
 Reference value :  2.71387e-06
 Reference value :  2.71415e-06
 Reference value :  2.71475e-06
 Reference value :  2.71551e-06
 Reference value :  2.71601e-06
 Reference value :  2.71639e-06
 Reference value :  2.71687e-06
 Reference value :  2.71735e-06
 Reference value :  2.71801e-06
 Reference value :  2.71843e-06
 Reference value :  2.71911e-06
 Reference value :  2.71979e-06
 Reference value :  2.72015e-06
 Reference value :  2.72047e-06
 Reference value :  2.72115e-06
 Reference value :  2.72183e-06
 Reference value :  2.72219e-06
 Reference value :  2.72283e-06
 Reference value :  2.72351e-06
 Reference value :  2.72402e-06
 Reference value :  2.72447e-06
 Reference value :  2.72503e-06
 Reference value :  2.72547e-06
 Reference value :  2.72601e-06
 Reference value :  2.72651e-06
 Reference value :  2.72727e-06
 Reference value :  2.72787e-06
 Reference value :  2.72815e-06
 Reference value :  2.72867e-06
 Reference value :  2.72939e-06
 Reference value :  2.73001e-06
 Reference value :  2.73039e-06
 Reference value :  2.73115e-06
 Reference value :  2.73187e-06
 Reference value :  2.73219e-06
 Reference value :  2.73271e-06
 Reference value :  2.73319e-06
 Reference value :  2.73397e-06
 Reference value :  2.73402e-06
 Reference value :  2.73459e-06
 Reference value :  2.73539e-06
 Reference value :  2.73600e-06
 Reference value :  2.73639e-06
 Reference value :  2.73695e-06
 Reference value :  2.73767e-06
 Reference value :  2.73804e-06
 Reference value :  2.73867e-06
 Reference value :  2.73947e-06
 Reference value :  2.74002e-06
 Reference value :  2.74047e-06
 Reference value :  2.74099e-06
 Reference value :  2.74155e-06
 Reference value :  2.74202e-06
 Reference value :  2.74259e-06
 Reference value :  2.74331e-06
 Reference value :  2.74400e-06
 Reference value :  2.74435e-06
 Reference value :  2.74487e-06
 Reference value :  2.74503e-06
 Reference value :  2.74567e-06
 Reference value :  2.74604e-06
 Reference value :  2.74663e-06
 Reference value :  2.74739e-06
 Reference value :  2.74800e-06
 Reference value :  2.74831e-06
 Reference value :  2.74883e-06
 Reference value :  2.74935e-06
 Reference value :  2.75001e-06
 Reference value :  2.75039e-06
 Reference value :  2.75115e-06
 Reference value :  2.75187e-06
 Reference value :  2.75219e-06
 Reference value :  2.75279e-06
 Reference value :  2.75351e-06
 Reference value :  2.75402e-06
 Reference value :  2.75451e-06
 Reference value :  2.75527e-06
 Reference value :  2.75597e-06
 Reference value :  2.75627e-06
 Reference value :  2.75679e-06
 Reference value :  2.75727e-06
 Reference value :  2.75787e-06
 Reference value :  2.75819e-06
 Reference value :  2.75895e-06
 Reference value :  2.75967e-06
 Reference value :  2.76004e-06
 Reference value :  2.76055e-06
 Reference value :  2.76119e-06
 Reference value :  2.76195e-06
 Reference value :  2.76202e-06
 Reference value :  2.76204e-06
 Reference value :  2.76239e-06
 Reference value :  2.76279e-06
 Reference value :  2.76355e-06
 Reference value :  2.76403e-06
 Reference value :  2.76447e-06
 Reference value :  2.76459e-06
 Reference value :  2.76487e-06
 Reference value :  2.76547e-06
 Reference value :  2.76601e-06
 Reference value :  2.76651e-06
 Reference value :  2.76727e-06
 Reference value :  2.76775e-06
 Reference value :  2.76811e-06
 Reference value :  2.76863e-06
 Reference value :  2.76939e-06
 Reference value :  2.77001e-06
 Reference value :  2.77039e-06
 Reference value :  2.77119e-06
 Reference value :  2.77191e-06
 Reference value :  2.77207e-06
 Reference value :  2.77251e-06
 Reference value :  2.77303e-06
 Reference value :  2.77367e-06
 Reference value :  2.77403e-06
 Reference value :  2.77463e-06
 Reference value :  2.77535e-06
 Reference value :  2.77600e-06
 Reference value :  2.77631e-06
 Reference value :  2.77687e-06
 Reference value :  2.77763e-06
 Reference value :  2.77803e-06
 Reference value :  2.77863e-06
 Reference value :  2.77939e-06
 Reference value :  2.78000e-06
 Reference value :  2.78031e-06
 Reference value :  2.78087e-06
 Reference value :  2.78131e-06
 Reference value :  2.78200e-06
 Reference value :  2.78231e-06
 Reference value :  2.78299e-06
 Reference value :  2.78371e-06
 Reference value :  2.78411e-06
 Reference value :  2.78459e-06
 Reference value :  2.78519e-06
 Reference value :  2.78595e-06
 Reference value :  2.78627e-06
 Reference value :  2.78691e-06
 Reference value :  2.78767e-06
 Reference value :  2.78804e-06
 Reference value :  2.78855e-06
 Reference value :  2.78907e-06
 Reference value :  2.78967e-06
 Reference value :  2.79004e-06
 Reference value :  2.79019e-06
 Reference value :  2.79083e-06
 Reference value :  2.79135e-06
 Reference value :  2.79187e-06
 Reference value :  2.79202e-06
 Reference value :  2.79239e-06
 Reference value :  2.79267e-06
 Reference value :  2.79283e-06
 Reference value :  2.79295e-06
 Reference value :  2.79307e-06
 Reference value :  2.79343e-06
 Reference value :  2.79359e-06
 Reference value :  2.79375e-06
 Reference value :  2.79401e-06
 Reference value :  2.79404e-06
 Reference value :  2.79427e-06
 Reference value :  2.79467e-06
 Reference value :  2.79475e-06
 Reference value :  2.79503e-06
 Reference value :  2.79535e-06
 Reference value :  2.79600e-06
 Reference value :  2.79631e-06
 Reference value :  2.79683e-06
 Reference value :  2.79739e-06
 Reference value :  2.79800e-06
 Reference value :  2.79803e-06
 Reference value :  2.79819e-06
 Reference value :  2.79827e-06
 Reference value :  2.79867e-06
 Reference value :  2.79903e-06
 Reference value :  2.79915e-06
 Reference value :  2.79927e-06
 Reference value :  2.79947e-06
 Reference value :  2.79959e-06
 Reference value :  2.79991e-06
 Reference value :  2.80003e-06
 Reference value :  2.80007e-06
 Reference value :  2.80019e-06
 Reference value :  2.80027e-06
 Reference value :  2.80055e-06
 Reference value :  2.80115e-06
 Reference value :  2.80151e-06
 Reference value :  2.80171e-06
 Reference value :  2.80197e-06
 Reference value :  2.80202e-06
 Reference value :  2.80211e-06
 Reference value :  2.80243e-06
 Reference value :  2.80319e-06
 Reference value :  2.80391e-06
 Reference value :  2.80419e-06
 Reference value :  2.80455e-06
 Reference value :  2.80487e-06
 Reference value :  2.80503e-06
 Reference value :  2.80555e-06
 Reference value :  2.80602e-06
 Reference value :  2.80647e-06
 Reference value :  2.80667e-06
 Reference value :  2.80691e-06
 Reference value :  2.80707e-06
 Reference value :  2.80747e-06
 Reference value :  2.80802e-06
 Reference value :  2.80847e-06
 Reference value :  2.80907e-06
 Reference value :  2.80971e-06
 Reference value :  2.81000e-06
 Reference value :  2.81031e-06
 Reference value :  2.81091e-06
 Reference value :  2.81131e-06
 Reference value :  2.81163e-06
 Reference value :  2.81179e-06
 Reference value :  2.81203e-06
 Reference value :  2.81247e-06
 Reference value :  2.81295e-06
 Reference value :  2.81355e-06
 Reference value :  2.81401e-06
 Reference value :  2.81415e-06
 Reference value :  2.81423e-06
 Reference value :  2.81499e-06
 Reference value :  2.81575e-06
 Reference value :  2.81602e-06
 Reference value :  2.81619e-06
 Reference value :  2.81659e-06
 Reference value :  2.81695e-06
 Reference value :  2.81759e-06
 Reference value :  2.81803e-06
 Reference value :  2.81855e-06
 Reference value :  2.81883e-06
 Reference value :  2.81923e-06
 Reference value :  2.81951e-06
 Reference value :  2.82001e-06
 Reference value :  2.82039e-06
 Reference value :  2.82095e-06
 Reference value :  2.82131e-06
 Reference value :  2.82159e-06
 Reference value :  2.82202e-06
 Reference value :  2.82263e-06
 Reference value :  2.82343e-06
 Reference value :  2.82400e-06
 Reference value :  2.82439e-06
 Reference value :  2.82483e-06
 Reference value :  2.82519e-06
 Reference value :  2.82571e-06
 Reference value :  2.82600e-06
 Reference value :  2.82623e-06
 Reference value :  2.82695e-06
 Reference value :  2.82771e-06
 Reference value :  2.82807e-06
 Reference value :  2.82839e-06
 Reference value :  2.82875e-06
 Reference value :  2.82923e-06
 Reference value :  2.82991e-06
 Reference value :  2.83023e-06
 Reference value :  2.83091e-06
 Reference value :  2.83131e-06
 Reference value :  2.83179e-06
 Reference value :  2.83215e-06
 Reference value :  2.83263e-06
 Reference value :  2.83335e-06
 Reference value :  2.83400e-06
 Reference value :  2.83427e-06
 Reference value :  2.83471e-06
 Reference value :  2.83539e-06
 Reference value :  2.83567e-06
 Reference value :  2.83607e-06
 Reference value :  2.83635e-06
 Reference value :  2.83647e-06
 Reference value :  2.83699e-06
 Reference value :  2.83759e-06
 Reference value :  2.83801e-06
 Reference value :  2.83847e-06
 Reference value :  2.83903e-06
 Reference value :  2.83943e-06
 Reference value :  2.84001e-06
 Reference value :  2.84035e-06
 Reference value :  2.84091e-06
 Reference value :  2.84123e-06
 Reference value :  2.84151e-06
 Reference value :  2.84201e-06
 Reference value :  2.84239e-06
 Reference value :  2.84311e-06
 Reference value :  2.84383e-06
 Reference value :  2.84397e-06
 Reference value :  2.84407e-06
 Reference value :  2.84459e-06
 Reference value :  2.84503e-06
 Reference value :  2.84571e-06
 Reference value :  2.84607e-06
 Reference value :  2.84675e-06
 Reference value :  2.84707e-06
 Reference value :  2.84787e-06
 Reference value :  2.84804e-06
 Reference value :  2.84831e-06
 Reference value :  2.84883e-06
 Reference value :  2.84959e-06
 Reference value :  2.85004e-06
 Reference value :  2.85067e-06
 Reference value :  2.85123e-06
 Reference value :  2.85155e-06
 Reference value :  2.85200e-06
 Reference value :  2.85239e-06
 Reference value :  2.85291e-06
 Reference value :  2.85347e-06
 Reference value :  2.85400e-06
 Reference value :  2.85404e-06
 Reference value :  2.85463e-06
 Reference value :  2.85483e-06
 Reference value :  2.85563e-06
 Reference value :  2.85604e-06
 Reference value :  2.85639e-06
 Reference value :  2.85659e-06
 Reference value :  2.85723e-06
 Reference value :  2.85791e-06
 Reference value :  2.85823e-06
 Reference value :  2.85891e-06
 Reference value :  2.85967e-06
 Reference value :  2.86002e-06
 Reference value :  2.86027e-06
 Reference value :  2.86039e-06
 Reference value :  2.86087e-06
 Reference value :  2.86147e-06
 Reference value :  2.86201e-06
 Reference value :  2.86227e-06
 Reference value :  2.86299e-06
 Reference value :  2.86351e-06
 Reference value :  2.86391e-06
 Reference value :  2.86423e-06
 Reference value :  2.86475e-06
 Reference value :  2.86543e-06
 Reference value :  2.86601e-06
 Reference value :  2.86623e-06
 Reference value :  2.86663e-06
 Reference value :  2.86707e-06
 Reference value :  2.86783e-06
 Reference value :  2.86815e-06
 Reference value :  2.86847e-06
 Reference value :  2.86903e-06
 Reference value :  2.86959e-06
 Reference value :  2.87002e-06
 Reference value :  2.87055e-06
 Reference value :  2.87123e-06
 Reference value :  2.87159e-06
 Reference value :  2.87201e-06
 Reference value :  2.87243e-06
 Reference value :  2.87303e-06
 Reference value :  2.87383e-06
 Reference value :  2.87402e-06
 Reference value :  2.87411e-06
 Reference value :  2.87427e-06
 Reference value :  2.87503e-06
 Reference value :  2.87571e-06
 Reference value :  2.87607e-06
 Reference value :  2.87655e-06
 Reference value :  2.87675e-06
 Reference value :  2.87715e-06
 Reference value :  2.87783e-06
 Reference value :  2.87804e-06
 Reference value :  2.87859e-06
 Reference value :  2.87887e-06
 Reference value :  2.87927e-06
 Reference value :  2.87975e-06
 Reference value :  2.88001e-06
 Reference value :  2.88031e-06
 Reference value :  2.88091e-06
 Reference value :  2.88127e-06
 Reference value :  2.88171e-06
 Reference value :  2.88202e-06
 Reference value :  2.88247e-06
 Reference value :  2.88307e-06
 Reference value :  2.88363e-06
 Reference value :  2.88387e-06
 Reference value :  2.88397e-06
 Reference value :  2.88400e-06
 Reference value :  2.88411e-06
 Reference value :  2.88423e-06
 Reference value :  2.88431e-06
 Reference value :  2.88439e-06
 Reference value :  2.88455e-06
 Reference value :  2.88479e-06
 Reference value :  2.88491e-06
 Reference value :  2.88499e-06
 Reference value :  2.88507e-06
 Reference value :  2.88515e-06
 Reference value :  2.88523e-06
 Reference value :  2.88531e-06
 Reference value :  2.88535e-06
 Reference value :  2.88543e-06
 Reference value :  2.88559e-06
 Reference value :  2.88579e-06
 Reference value :  2.88601e-06
 Reference value :  2.88603e-06
 Reference value :  2.88611e-06
 Reference value :  2.88619e-06
 Reference value :  2.88627e-06
 Reference value :  2.88635e-06
 Reference value :  2.88647e-06
 Reference value :  2.88659e-06
 Reference value :  2.88675e-06
 Reference value :  2.88687e-06
 Reference value :  2.88699e-06
 Reference value :  2.88711e-06
 Reference value :  2.88719e-06
 Reference value :  2.88731e-06
 Reference value :  2.88743e-06
 Reference value :  2.88755e-06
 Reference value :  2.88767e-06
 Reference value :  2.88775e-06
 Reference value :  2.88783e-06
 Reference value :  2.88791e-06
 Reference value :  2.88800e-06
 Reference value :  2.88801e-06
 Reference value :  2.88802e-06
 Reference value :  2.88804e-06
 Reference value :  2.88851e-06
 Reference value :  2.88895e-06
 Reference value :  2.88935e-06
 Reference value :  2.89000e-06
 Reference value :  2.89001e-06
 Reference value :  2.89035e-06
 Reference value :  2.89103e-06
 Reference value :  2.89135e-06
 Reference value :  2.89200e-06
 Reference value :  2.89207e-06
 Reference value :  2.89251e-06
 Reference value :  2.89275e-06
 Reference value :  2.89295e-06
 Reference value :  2.89307e-06
 Reference value :  2.89371e-06
 Reference value :  2.89404e-06
 Reference value :  2.89471e-06
 Reference value :  2.89539e-06
 Reference value :  2.89571e-06
 Reference value :  2.89611e-06
 Reference value :  2.89659e-06
 Reference value :  2.89731e-06
 Reference value :  2.89800e-06
 Reference value :  2.89823e-06
 Reference value :  2.89851e-06
 Reference value :  2.89919e-06
 Reference value :  2.89975e-06
 Reference value :  2.90007e-06
 Reference value :  2.90059e-06
 Reference value :  2.90095e-06
 Reference value :  2.90115e-06
 Reference value :  2.90175e-06
 Reference value :  2.90203e-06
 Reference value :  2.90251e-06
 Reference value :  2.90327e-06
 Reference value :  2.90400e-06
 Reference value :  2.90415e-06
 Reference value :  2.90467e-06
 Reference value :  2.90515e-06
 Reference value :  2.90527e-06
 Reference value :  2.90567e-06
 Reference value :  2.90597e-06
 Reference value :  2.90603e-06
 Reference value :  2.90631e-06
 Reference value :  2.90679e-06
 Reference value :  2.90735e-06
 Reference value :  2.90767e-06
 Reference value :  2.90800e-06
 Reference value :  2.90835e-06
 Reference value :  2.90883e-06
 Reference value :  2.90935e-06
 Reference value :  2.91000e-06
 Reference value :  2.91043e-06
 Reference value :  2.91075e-06
 Reference value :  2.91151e-06
 Reference value :  2.91201e-06
 Reference value :  2.91231e-06
 Reference value :  2.91283e-06
 Reference value :  2.91355e-06
 Reference value :  2.91402e-06
 Reference value :  2.91447e-06
 Reference value :  2.91523e-06
 Reference value :  2.91597e-06
 Reference value :  2.91619e-06
 Reference value :  2.91671e-06
 Reference value :  2.91719e-06
 Reference value :  2.91787e-06
 Reference value :  2.91819e-06
 Reference value :  2.91891e-06
 Reference value :  2.91963e-06
 Reference value :  2.92004e-06
 Reference value :  2.92055e-06
 Reference value :  2.92115e-06
 Reference value :  2.92191e-06
 Reference value :  2.92223e-06
 Reference value :  2.92295e-06
 Reference value :  2.92371e-06
 Reference value :  2.92411e-06
 Reference value :  2.92459e-06
 Reference value :  2.92507e-06
 Reference value :  2.92571e-06
 Reference value :  2.92607e-06
 Reference value :  2.92647e-06
 Reference value :  2.92695e-06
 Reference value :  2.92763e-06
 Reference value :  2.92775e-06
 Reference value :  2.92807e-06
 Reference value :  2.92859e-06
 Reference value :  2.92931e-06
 Reference value :  2.93000e-06
 Reference value :  2.93027e-06
 Reference value :  2.93091e-06
 Reference value :  2.93159e-06
 Reference value :  2.93204e-06
 Reference value :  2.93251e-06
 Reference value :  2.93299e-06
 Reference value :  2.93343e-06
 Reference value :  2.93401e-06
 Reference value :  2.93443e-06
 Reference value :  2.93495e-06
 Reference value :  2.93567e-06
 Reference value :  2.93603e-06
 Reference value :  2.93651e-06
 Reference value :  2.93715e-06
 Reference value :  2.93743e-06
 Reference value :  2.93751e-06
 Reference value :  2.93800e-06
 Reference value :  2.93831e-06
 Reference value :  2.93899e-06
 Reference value :  2.93967e-06
 Reference value :  2.94004e-06
 Reference value :  2.94055e-06
 Reference value :  2.94091e-06
 Reference value :  2.94127e-06
 Reference value :  2.94200e-06
 Reference value :  2.94203e-06
 Reference value :  2.94263e-06
 Reference value :  2.94275e-06
 Reference value :  2.94283e-06
 Reference value :  2.94299e-06
 Reference value :  2.94307e-06
 Reference value :  2.94319e-06
 Reference value :  2.94331e-06
 Reference value :  2.94383e-06
 Reference value :  2.94415e-06
 Reference value :  2.94463e-06
 Reference value :  2.94511e-06
 Reference value :  2.94579e-06
 Reference value :  2.94615e-06
 Reference value :  2.94679e-06
 Reference value :  2.94747e-06
 Reference value :  2.94801e-06
 Reference value :  2.94823e-06
 Reference value :  2.94831e-06
 Reference value :  2.94839e-06
 Reference value :  2.94847e-06
 Reference value :  2.94859e-06
 Reference value :  2.94911e-06
 Reference value :  2.94959e-06
 Reference value :  2.95002e-06
 Reference value :  2.95059e-06
 Reference value :  2.95135e-06
 Reference value :  2.95151e-06
 Reference value :  2.95163e-06
 Reference value :  2.95201e-06
 Reference value :  2.95223e-06
 Reference value :  2.95259e-06
 Reference value :  2.95299e-06
 Reference value :  2.95351e-06
 Reference value :  2.95391e-06
 Reference value :  2.95397e-06
 Reference value :  2.95402e-06
 Reference value :  2.95431e-06
 Reference value :  2.95451e-06
 Reference value :  2.95491e-06
 Reference value :  2.95567e-06
 Reference value :  2.95607e-06
 Reference value :  2.95631e-06
 Reference value :  2.95647e-06
 Reference value :  2.95655e-06
 Reference value :  2.95675e-06
 Reference value :  2.95695e-06
 Reference value :  2.95719e-06
 Reference value :  2.95759e-06
 Reference value :  2.95795e-06
 Reference value :  2.95802e-06
 Reference value :  2.95823e-06
 Reference value :  2.95859e-06
 Reference value :  2.95891e-06
 Reference value :  2.95967e-06
 Reference value :  2.96003e-06
 Reference value :  2.96055e-06
 Reference value :  2.96123e-06
 Reference value :  2.96195e-06
 Reference value :  2.96223e-06
 Reference value :  2.96295e-06
 Reference value :  2.96371e-06
 Reference value :  2.96411e-06
 Reference value :  2.96459e-06
 Reference value :  2.96507e-06
 Reference value :  2.96563e-06
 Reference value :  2.96600e-06
 Reference value :  2.96619e-06
 Reference value :  2.96695e-06
 Reference value :  2.96767e-06
 Reference value :  2.96804e-06
 Reference value :  2.96851e-06
 Reference value :  2.96919e-06
 Reference value :  2.96991e-06
 Reference value :  2.97023e-06
 Reference value :  2.97043e-06
 Reference value :  2.97111e-06
 Reference value :  2.97179e-06
 Reference value :  2.97207e-06
 Reference value :  2.97255e-06
 Reference value :  2.97299e-06
 Reference value :  2.97359e-06
 Reference value :  2.97375e-06
 Reference value :  2.97411e-06
 Reference value :  2.97471e-06
 Reference value :  2.97547e-06
 Reference value :  2.97601e-06
 Reference value :  2.97639e-06
 Reference value :  2.97703e-06
 Reference value :  2.97775e-06
 Reference value :  2.97815e-06
 Reference value :  2.97879e-06
 Reference value :  2.97959e-06
 Reference value :  2.98004e-06
 Reference value :  2.98051e-06
 Reference value :  2.98107e-06
 Reference value :  2.98135e-06
 Reference value :  2.98187e-06
 Reference value :  2.98219e-06
 Reference value :  2.98295e-06
 Reference value :  2.98371e-06
 Reference value :  2.98407e-06
 Reference value :  2.98459e-06
 Reference value :  2.98519e-06
 Reference value :  2.98587e-06
 Reference value :  2.98619e-06
 Reference value :  2.98691e-06
 Reference value :  2.98759e-06
 Reference value :  2.98797e-06
 Reference value :  2.98801e-06
 Reference value :  2.98847e-06
 Reference value :  2.98895e-06
 Reference value :  2.98955e-06
 Reference value :  2.99003e-06
 Reference value :  2.99063e-06
 Reference value :  2.99139e-06
 Reference value :  2.99200e-06
 Reference value :  2.99235e-06
 Reference value :  2.99295e-06
 Reference value :  2.99367e-06
 Reference value :  2.99383e-06
 Reference value :  2.99401e-06
 Reference value :  2.99447e-06
 Reference value :  2.99495e-06
 Reference value :  2.99571e-06
 Reference value :  2.99611e-06
 Reference value :  2.99663e-06
 Reference value :  2.99707e-06
 Reference value :  2.99771e-06
 Reference value :  2.99811e-06
 Reference value :  2.99851e-06
 Reference value :  2.99871e-06
 Reference value :  2.99943e-06
 Reference value :  3.00001e-06
 Reference value :  3.00047e-06
 Reference value :  3.00099e-06
 Reference value :  3.00175e-06
 Reference value :  3.00207e-06
 Reference value :  3.00271e-06
 Reference value :  3.00343e-06
 Reference value :  3.00401e-06
 Reference value :  3.00419e-06
 Reference value :  3.00451e-06
 Reference value :  3.00499e-06
 Reference value :  3.00547e-06
 Reference value :  3.00559e-06
 Reference value :  3.00600e-06
 Reference value :  3.00602e-06
 Reference value :  3.00623e-06
 Reference value :  3.00675e-06
 Reference value :  3.00727e-06
 Reference value :  3.00739e-06
 Reference value :  3.00763e-06
 Reference value :  3.00787e-06
 Reference value :  3.00807e-06
 Reference value :  3.00851e-06
 Reference value :  3.00923e-06
 Reference value :  3.00991e-06
 Reference value :  3.01007e-06
 Reference value :  3.01031e-06
 Reference value :  3.01051e-06
 Reference value :  3.01071e-06
 Reference value :  3.01115e-06
 Reference value :  3.01155e-06
 Reference value :  3.01175e-06
 Reference value :  3.01191e-06
 Reference value :  3.01201e-06
 Reference value :  3.01223e-06
 Reference value :  3.01255e-06
 Reference value :  3.01267e-06
 Reference value :  3.01275e-06
 Reference value :  3.01287e-06
 Reference value :  3.01295e-06
 Reference value :  3.01315e-06
 Reference value :  3.01319e-06
 Reference value :  3.01355e-06
 Reference value :  3.01402e-06
 Reference value :  3.01411e-06
 Reference value :  3.01427e-06
 Reference value :  3.01503e-06
 Reference value :  3.01547e-06
 Reference value :  3.01600e-06
 Reference value :  3.01635e-06
 Reference value :  3.01687e-06
 Reference value :  3.01755e-06
 Reference value :  3.01797e-06
 Reference value :  3.01827e-06
 Reference value :  3.01891e-06
 Reference value :  3.01967e-06
 Reference value :  3.02007e-06
 Reference value :  3.02055e-06
 Reference value :  3.02103e-06
 Reference value :  3.02167e-06
 Reference value :  3.02204e-06
 Reference value :  3.02251e-06
 Reference value :  3.02327e-06
 Reference value :  3.02400e-06
 Reference value :  3.02435e-06
 Reference value :  3.02495e-06
 Reference value :  3.02567e-06
 Reference value :  3.02607e-06
 Reference value :  3.02667e-06
 Reference value :  3.02743e-06
 Reference value :  3.02801e-06
 Reference value :  3.02831e-06
 Reference value :  3.02847e-06
 Reference value :  3.02879e-06
 Reference value :  3.02931e-06
 Reference value :  3.02995e-06
 Reference value :  3.03023e-06
 Reference value :  3.03095e-06
 Reference value :  3.03171e-06
 Reference value :  3.03207e-06
 Reference value :  3.03231e-06
 Reference value :  3.03287e-06
 Reference value :  3.03351e-06
 Reference value :  3.03401e-06
 Reference value :  3.03423e-06
 Reference value :  3.03455e-06
 Reference value :  3.03527e-06
 Reference value :  3.03600e-06
 Reference value :  3.03631e-06
 Reference value :  3.03683e-06
 Reference value :  3.03739e-06
 Reference value :  3.03800e-06
 Reference value :  3.03843e-06
 Reference value :  3.03919e-06
 Reference value :  3.03979e-06
 Reference value :  3.04007e-06
 Reference value :  3.04059e-06
 Reference value :  3.04131e-06
 Reference value :  3.04200e-06
 Reference value :  3.04231e-06
 Reference value :  3.04299e-06
 Reference value :  3.04379e-06
 Reference value :  3.04411e-06
 Reference value :  3.04447e-06
 Reference value :  3.04503e-06
 Reference value :  3.04551e-06
 Reference value :  3.04601e-06
 Reference value :  3.04643e-06
 Reference value :  3.04715e-06
 Reference value :  3.04787e-06
 Reference value :  3.04823e-06
 Reference value :  3.04875e-06
 Reference value :  3.04947e-06
 Reference value :  3.05001e-06
 Reference value :  3.05047e-06
 Reference value :  3.05127e-06
 Reference value :  3.05200e-06
 Reference value :  3.05231e-06
 Reference value :  3.05255e-06
 Reference value :  3.05307e-06
 Reference value :  3.05375e-06
 Reference value :  3.05411e-06
 Reference value :  3.05483e-06
 Reference value :  3.05535e-06
 Reference value :  3.05591e-06
 Reference value :  3.05602e-06
 Reference value :  3.05651e-06
 Reference value :  3.05691e-06
 Reference value :  3.05759e-06
 Reference value :  3.05801e-06
 Reference value :  3.05823e-06
 Reference value :  3.05831e-06
 Reference value :  3.05903e-06
 Reference value :  3.05979e-06
 Reference value :  3.06015e-06
 Reference value :  3.06067e-06
 Reference value :  3.06119e-06
 Reference value :  3.06191e-06
 Reference value :  3.06219e-06
 Reference value :  3.06291e-06
 Reference value :  3.06371e-06
 Reference value :  3.06407e-06
 Reference value :  3.06459e-06
 Reference value :  3.06527e-06
 Reference value :  3.06595e-06
 Reference value :  3.06623e-06
 Reference value :  3.06695e-06
 Reference value :  3.06767e-06
 Reference value :  3.06803e-06
 Reference value :  3.06851e-06
 Reference value :  3.06899e-06
 Reference value :  3.06963e-06
 Reference value :  3.07002e-06
 Reference value :  3.07035e-06
 Reference value :  3.07075e-06
 Reference value :  3.07151e-06
 Reference value :  3.07200e-06
 Reference value :  3.07201e-06
 Reference value :  3.07243e-06
 Reference value :  3.07307e-06
 Reference value :  3.07375e-06
 Reference value :  3.07407e-06
 Reference value :  3.07475e-06
 Reference value :  3.07551e-06
 Reference value :  3.07602e-06
 Reference value :  3.07647e-06
 Reference value :  3.07695e-06
 Reference value :  3.07743e-06
 Reference value :  3.07800e-06
 Reference value :  3.07839e-06
 Reference value :  3.07895e-06
 Reference value :  3.07971e-06
 Reference value :  3.08004e-06
 Reference value :  3.08055e-06
 Reference value :  3.08131e-06
 Reference value :  3.08197e-06
 Reference value :  3.08231e-06
 Reference value :  3.08299e-06
 Reference value :  3.08375e-06
 Reference value :  3.08404e-06
 Reference value :  3.08411e-06
 Reference value :  3.08419e-06
 Reference value :  3.08427e-06
 Reference value :  3.08451e-06
 Reference value :  3.08471e-06
 Reference value :  3.08491e-06
 Reference value :  3.08499e-06
 Reference value :  3.08507e-06
 Reference value :  3.08515e-06
 Reference value :  3.08563e-06
 Reference value :  3.08602e-06
 Reference value :  3.08659e-06
 Reference value :  3.08735e-06
 Reference value :  3.08800e-06
 Reference value :  3.08835e-06
 Reference value :  3.08895e-06
 Reference value :  3.08971e-06
 Reference value :  3.08987e-06
 Reference value :  3.09000e-06
 Reference value :  3.09001e-06
 Reference value :  3.09051e-06
 Reference value :  3.09127e-06
 Reference value :  3.09163e-06
 Reference value :  3.09200e-06
 Reference value :  3.09215e-06
 Reference value :  3.09267e-06
 Reference value :  3.09315e-06
 Reference value :  3.09379e-06
 Reference value :  3.09415e-06
 Reference value :  3.09479e-06
 Reference value :  3.09555e-06
 Reference value :  3.09602e-06
 Reference value :  3.09647e-06
 Reference value :  3.09699e-06
 Reference value :  3.09771e-06
 Reference value :  3.09801e-06
 Reference value :  3.09843e-06
 Reference value :  3.09915e-06
 Reference value :  3.09991e-06
 Reference value :  3.10019e-06
 Reference value :  3.10067e-06
 Reference value :  3.10115e-06
 Reference value :  3.10183e-06
 Reference value :  3.10215e-06
 Reference value :  3.10275e-06
 Reference value :  3.10351e-06
 Reference value :  3.10402e-06
 Reference value :  3.10431e-06
 Reference value :  3.10475e-06
 Reference value :  3.10547e-06
 Reference value :  3.10575e-06
 Reference value :  3.10604e-06
 Reference value :  3.10663e-06
 Reference value :  3.10735e-06
 Reference value :  3.10800e-06
 Reference value :  3.10839e-06
 Reference value :  3.10891e-06
 Reference value :  3.10947e-06
 Reference value :  3.11000e-06
 Reference value :  3.11035e-06
 Reference value :  3.11107e-06
 Reference value :  3.11183e-06
 Reference value :  3.11219e-06
 Reference value :  3.11263e-06
 Reference value :  3.11335e-06
 Reference value :  3.11400e-06
 Reference value :  3.11431e-06
 Reference value :  3.11499e-06
 Reference value :  3.11575e-06
 Reference value :  3.11615e-06
 Reference value :  3.11659e-06
 Reference value :  3.11695e-06
 Reference value :  3.11759e-06
 Reference value :  3.11802e-06
 Reference value :  3.11859e-06
 Reference value :  3.11935e-06
 Reference value :  3.12000e-06
 Reference value :  3.12019e-06
 Reference value :  3.12071e-06
 Reference value :  3.12147e-06
 Reference value :  3.12201e-06
 Reference value :  3.12207e-06
 Reference value :  3.12267e-06
 Reference value :  3.12339e-06
 Reference value :  3.12401e-06
 Reference value :  3.12435e-06
 Reference value :  3.12487e-06
 Reference value :  3.12539e-06
 Reference value :  3.12600e-06
 Reference value :  3.12631e-06
 Reference value :  3.12683e-06
 Reference value :  3.12727e-06
 Reference value :  3.12797e-06
 Reference value :  3.12831e-06
 Reference value :  3.12883e-06
 Reference value :  3.12955e-06
 Reference value :  3.13001e-06
 Reference value :  3.13043e-06
 Reference value :  3.13115e-06
 Reference value :  3.13187e-06
 Reference value :  3.13219e-06
 Reference value :  3.13267e-06
 Reference value :  3.13315e-06
 Reference value :  3.13387e-06
 Reference value :  3.13419e-06
 Reference value :  3.13479e-06
 Reference value :  3.13507e-06
 Reference value :  3.13583e-06
 Reference value :  3.13615e-06
 Reference value :  3.13667e-06
 Reference value :  3.13743e-06
 Reference value :  3.13800e-06
 Reference value :  3.13839e-06
 Reference value :  3.13907e-06
 Reference value :  3.13979e-06
 Reference value :  3.14007e-06
 Reference value :  3.14047e-06
 Reference value :  3.14103e-06
 Reference value :  3.14151e-06
 Reference value :  3.14201e-06
 Reference value :  3.14251e-06
 Reference value :  3.14327e-06
 Reference value :  3.14397e-06
 Reference value :  3.14431e-06
 Reference value :  3.14483e-06
 Reference value :  3.14559e-06
 Reference value :  3.14603e-06
 Reference value :  3.14655e-06
 Reference value :  3.14703e-06
 Reference value :  3.14767e-06
 Reference value :  3.14807e-06
 Reference value :  3.14855e-06
 Reference value :  3.14899e-06
 Reference value :  3.14955e-06
 Reference value :  3.15002e-06
 Reference value :  3.15059e-06
 Reference value :  3.15127e-06
 Reference value :  3.15200e-06
 Reference value :  3.15227e-06
 Reference value :  3.15283e-06
 Reference value :  3.15355e-06
 Reference value :  3.15402e-06
 Reference value :  3.15451e-06
 Reference value :  3.15523e-06
 Reference value :  3.15597e-06
 Reference value :  3.15623e-06
 Reference value :  3.15671e-06
 Reference value :  3.15703e-06
 Reference value :  3.15715e-06
 Reference value :  3.15727e-06
 Reference value :  3.15767e-06
 Reference value :  3.15800e-06
 Reference value :  3.15801e-06
 Reference value :  3.15803e-06
 Reference value :  3.15807e-06
 Reference value :  3.15831e-06
 Reference value :  3.15847e-06
 Reference value :  3.15895e-06
 Reference value :  3.15923e-06
 Reference value :  3.15943e-06
 Reference value :  3.16000e-06
 Reference value :  3.16039e-06
 Reference value :  3.16095e-06
 Reference value :  3.16171e-06
 Reference value :  3.16207e-06
 Reference value :  3.16263e-06
 Reference value :  3.16299e-06
 Reference value :  3.16355e-06
 Reference value :  3.16403e-06
 Reference value :  3.16451e-06
 Reference value :  3.16503e-06
 Reference value :  3.16567e-06
 Reference value :  3.16604e-06
 Reference value :  3.16647e-06
 Reference value :  3.16691e-06
 Reference value :  3.16767e-06
 Reference value :  3.16804e-06
 Reference value :  3.16855e-06
 Reference value :  3.16867e-06
 Reference value :  3.16891e-06
 Reference value :  3.16943e-06
 Reference value :  3.17001e-06
 Reference value :  3.17043e-06
 Reference value :  3.17055e-06
 Reference value :  3.17131e-06
 Reference value :  3.17195e-06
 Reference value :  3.17202e-06
 Reference value :  3.17243e-06
 Reference value :  3.17299e-06
 Reference value :  3.17355e-06
 Reference value :  3.17402e-06
 Reference value :  3.17423e-06
 Reference value :  3.17463e-06
 Reference value :  3.17515e-06
 Reference value :  3.17591e-06
 Reference value :  3.17615e-06
 Reference value :  3.17667e-06
 Reference value :  3.17735e-06
 Reference value :  3.17791e-06
 Reference value :  3.17815e-06
 Reference value :  3.17867e-06
 Reference value :  3.17931e-06
 Reference value :  3.18000e-06
 Reference value :  3.18031e-06
 Reference value :  3.18059e-06
 Reference value :  3.18071e-06
 Reference value :  3.18083e-06
 Reference value :  3.18143e-06
 Reference value :  3.18201e-06
 Reference value :  3.18243e-06
 Reference value :  3.18319e-06
 Reference value :  3.18379e-06
 Reference value :  3.18401e-06
 Reference value :  3.18435e-06
 Reference value :  3.18495e-06
 Reference value :  3.18571e-06
 Reference value :  3.18601e-06
 Reference value :  3.18635e-06
 Reference value :  3.18659e-06
 Reference value :  3.18739e-06
 Reference value :  3.18800e-06
 Reference value :  3.18835e-06
 Reference value :  3.18887e-06
 Reference value :  3.18935e-06
 Reference value :  3.18955e-06
 Reference value :  3.18963e-06
 Reference value :  3.18995e-06
 Reference value :  3.19015e-06
 Reference value :  3.19067e-06
 Reference value :  3.19131e-06
 Reference value :  3.19179e-06
 Reference value :  3.19201e-06
 Reference value :  3.19203e-06
 Reference value :  3.19207e-06
 Reference value :  3.19251e-06
 Reference value :  3.19275e-06
 Reference value :  3.19291e-06
 Reference value :  3.19299e-06
 Reference value :  3.19311e-06
 Reference value :  3.19323e-06
 Reference value :  3.19335e-06
 Reference value :  3.19343e-06
 Reference value :  3.19355e-06
 Reference value :  3.19367e-06
 Reference value :  3.19379e-06
 Reference value :  3.19395e-06
 Reference value :  3.19400e-06
 Reference value :  3.19402e-06
 Reference value :  3.19404e-06
 Reference value :  3.19411e-06
 Reference value :  3.19419e-06
 Reference value :  3.19427e-06
 Reference value :  3.19435e-06
 Reference value :  3.19447e-06
 Reference value :  3.19459e-06
 Reference value :  3.19487e-06
 Reference value :  3.19503e-06
 Reference value :  3.19571e-06
 Reference value :  3.19600e-06
 Reference value :  3.19602e-06
 Reference value :  3.19639e-06
 Reference value :  3.19691e-06
 Reference value :  3.19747e-06
 Reference value :  3.19801e-06
 Reference value :  3.19847e-06
 Reference value :  3.19859e-06
 Reference value :  3.19891e-06
 Reference value :  3.19963e-06
No. of Data Rows : 94280
sim/harness: analysis complete
Note: Simulation executed from .control section 
