
Note: Compatibility modes selected: hs a


Circuit: ** sch_path: /home/ubuntu/github/sky130-pll/.loom/worktrees/issue-130/sim/divider-n64/testbench/tb_divider_n64.sch

option SCALE: Scale is set to 1e-06 for instance and model parameters
option SCALE: Scale is set to 1e-06 for instance and model parameters
option SCALE: Scale is set to 1e-06 for instance and model parameters
option SCALE: Scale is set to 1e-06 for instance and model parameters
Doing analysis at TEMP = 27.000000 and TNOM = 27.000000

Using KLU as Direct Linear Solver
 Reference value :  0.00000e+00
 Reference value :  1.82900e-10
 Reference value :  5.82900e-10
 Reference value :  7.42900e-10
 Reference value :  1.42290e-09
 Reference value :  1.97145e-09
 Reference value :  2.26762e-09
 Reference value :  2.62762e-09
 Reference value :  3.06762e-09
 Reference value :  3.50762e-09
 Reference value :  3.86762e-09
 Reference value :  4.00813e-09
 Reference value :  4.10763e-09
 Reference value :  4.18763e-09
 Reference value :  4.42762e-09
 Reference value :  4.90762e-09
 Reference value :  5.02800e-09
 Reference value :  5.34000e-09
 Reference value :  5.50000e-09
 Reference value :  6.01513e-09
 Reference value :  6.54762e-09
 Reference value :  7.30762e-09
 Reference value :  7.62762e-09
 Reference value :  7.94763e-09
 Reference value :  8.18763e-09
 Reference value :  8.74763e-09
 Reference value :  9.06763e-09
 Reference value :  9.34763e-09
 Reference value :  9.70763e-09
 Reference value :  1.00256e-08
 Reference value :  1.05876e-08
 Reference value :  1.11876e-08
 Reference value :  1.19476e-08
 Reference value :  1.20396e-08
 Reference value :  1.23076e-08
 Reference value :  1.24676e-08
 Reference value :  1.25476e-08
 Reference value :  1.29476e-08
 Reference value :  1.36276e-08
 Reference value :  1.40396e-08
 Reference value :  1.46276e-08
 Reference value :  1.49076e-08
 Reference value :  1.50276e-08
 Reference value :  1.54276e-08
 Reference value :  1.59738e-08
 Reference value :  1.62676e-08
 Reference value :  1.67076e-08
 Reference value :  1.73476e-08
 Reference value :  1.75476e-08
 Reference value :  1.79076e-08
 Reference value :  1.81876e-08
 Reference value :  1.89076e-08
 Reference value :  1.95876e-08
 Reference value :  2.00038e-08
 Reference value :  2.00676e-08
 Reference value :  2.02676e-08
 Reference value :  2.04676e-08
 Reference value :  2.06676e-08
 Reference value :  2.11876e-08
 Reference value :  2.18676e-08
 Reference value :  2.20000e-08
 Reference value :  2.21476e-08
 Reference value :  2.27876e-08
 Reference value :  2.35476e-08
 Reference value :  2.40134e-08
 Reference value :  2.42276e-08
 Reference value :  2.43076e-08
 Reference value :  2.48676e-08
 Reference value :  2.50276e-08
 Reference value :  2.57876e-08
 Reference value :  2.61076e-08
 Reference value :  2.67476e-08
 Reference value :  2.74276e-08
 Reference value :  2.77076e-08
 Reference value :  2.80396e-08
 Reference value :  2.82676e-08
 Reference value :  2.83876e-08
 Reference value :  2.85876e-08
 Reference value :  2.86676e-08
 Reference value :  2.89476e-08
 Reference value :  2.93876e-08
 Reference value :  2.99076e-08
 Reference value :  3.00013e-08
 Reference value :  3.00151e-08
 Reference value :  3.01476e-08
 Reference value :  3.05076e-08
 Reference value :  3.09876e-08
 Reference value :  3.13076e-08
 Reference value :  3.17076e-08
 Reference value :  3.20396e-08
 Reference value :  3.25076e-08
 Reference value :  3.32276e-08
 Reference value :  3.40000e-08
 Reference value :  3.42276e-08
 Reference value :  3.45476e-08
 Reference value :  3.47076e-08
 Reference value :  3.54276e-08
 Reference value :  3.56676e-08
 Reference value :  3.60038e-08
 Reference value :  3.61876e-08
 Reference value :  3.63476e-08
 Reference value :  3.64676e-08
 Reference value :  3.65076e-08
 Reference value :  3.65876e-08
 Reference value :  3.67876e-08
 Reference value :  3.68676e-08
 Reference value :  3.69476e-08
 Reference value :  3.70276e-08
 Reference value :  3.71076e-08
 Reference value :  3.71876e-08
 Reference value :  3.73076e-08
 Reference value :  3.74276e-08
 Reference value :  3.75476e-08
 Reference value :  3.76676e-08
 Reference value :  3.77476e-08
 Reference value :  3.78676e-08
 Reference value :  3.79738e-08
 Reference value :  3.80038e-08
 Reference value :  3.80125e-08
 Reference value :  3.80186e-08
 Reference value :  3.80676e-08
 Reference value :  3.81476e-08
 Reference value :  3.84276e-08
 Reference value :  3.89476e-08
 Reference value :  3.97476e-08
 Reference value :  4.00676e-08
 Reference value :  4.04276e-08
 Reference value :  4.07076e-08
 Reference value :  4.14676e-08
 Reference value :  4.20134e-08
 Reference value :  4.24276e-08
 Reference value :  4.31876e-08
 Reference value :  4.39076e-08
 Reference value :  4.42276e-08
 Reference value :  4.44676e-08
 Reference value :  4.49076e-08
 Reference value :  4.55876e-08
 Reference value :  4.60151e-08
 Reference value :  4.65876e-08
 Reference value :  4.73476e-08
 Reference value :  4.80038e-08
 Reference value :  4.81476e-08
 Reference value :  4.83876e-08
 Reference value :  4.88676e-08
 Reference value :  4.96676e-08
 Reference value :  4.99476e-08
 Reference value :  5.02276e-08
 Reference value :  5.10276e-08
 Reference value :  5.13076e-08
 Reference value :  5.17476e-08
 Reference value :  5.19476e-08
 Reference value :  5.20676e-08
 Reference value :  5.24676e-08
 Reference value :  5.29876e-08
 Reference value :  5.36676e-08
 Reference value :  5.39738e-08
 Reference value :  5.40676e-08
 Reference value :  5.46676e-08
 Reference value :  5.54676e-08
 Reference value :  5.60081e-08
 Reference value :  5.63876e-08
 Reference value :  5.65876e-08
 Reference value :  5.73476e-08
 Reference value :  5.80013e-08
 Reference value :  5.82676e-08
 Reference value :  5.89476e-08
 Reference value :  5.92676e-08
 Reference value :  5.97076e-08
 Reference value :  6.00676e-08
 Reference value :  6.05876e-08
 Reference value :  6.08676e-08
 Reference value :  6.14676e-08
 Reference value :  6.19476e-08
 Reference value :  6.20151e-08
 Reference value :  6.23476e-08
 Reference value :  6.30276e-08
 Reference value :  6.37076e-08
 Reference value :  6.40256e-08
 Reference value :  6.44676e-08
 Reference value :  6.48276e-08
 Reference value :  6.52276e-08
 Reference value :  6.57876e-08
 Reference value :  6.61476e-08
 Reference value :  6.67876e-08
 Reference value :  6.75476e-08
 Reference value :  6.80012e-08
 Reference value :  6.81076e-08
 Reference value :  6.86276e-08
 Reference value :  6.91076e-08
 Reference value :  6.98276e-08
 Reference value :  7.01076e-08
 Reference value :  7.05476e-08
 Reference value :  7.09876e-08
 Reference value :  7.15876e-08
 Reference value :  7.20389e-08
 Reference value :  7.25061e-08
 Reference value :  7.32261e-08
 Reference value :  7.39461e-08
 Reference value :  7.40186e-08
 Reference value :  7.42676e-08
 Reference value :  7.47876e-08
 Reference value :  7.55476e-08
 Reference value :  7.60134e-08
 Reference value :  7.64276e-08
 Reference value :  7.68276e-08
 Reference value :  7.72676e-08
 Reference value :  7.79476e-08
 Reference value :  7.81876e-08
 Reference value :  7.88676e-08
 Reference value :  7.93076e-08
 Reference value :  7.98276e-08
 Reference value :  8.00676e-08
 Reference value :  8.05076e-08
 Reference value :  8.09476e-08
 Reference value :  8.13076e-08
 Reference value :  8.14276e-08
 Reference value :  8.17476e-08
 Reference value :  8.20134e-08
 Reference value :  8.22676e-08
 Reference value :  8.27476e-08
 Reference value :  8.32276e-08
 Reference value :  8.34276e-08
 Reference value :  8.36676e-08
 Reference value :  8.40083e-08
 Reference value :  8.43061e-08
 Reference value :  8.45461e-08
 Reference value :  8.46661e-08
 Reference value :  8.51861e-08
 Reference value :  8.59461e-08
 Reference value :  8.60081e-08
 Reference value :  8.61076e-08
 Reference value :  8.61876e-08
 Reference value :  8.64676e-08
 Reference value :  8.71876e-08
 Reference value :  8.79476e-08
 Reference value :  8.80081e-08
 Reference value :  8.80134e-08
 Reference value :  8.81076e-08
 Reference value :  8.83476e-08
 Reference value :  8.85476e-08
 Reference value :  8.90276e-08
 Reference value :  8.93076e-08
 Reference value :  8.95076e-08
 Reference value :  8.99076e-08
 Reference value :  9.00013e-08
 Reference value :  9.00125e-08
 Reference value :  9.00396e-08
 Reference value :  9.01476e-08
 Reference value :  9.02676e-08
 Reference value :  9.03876e-08
 Reference value :  9.05876e-08
 Reference value :  9.07076e-08
 Reference value :  9.12676e-08
 Reference value :  9.19738e-08
 Reference value :  9.20676e-08
 Reference value :  9.23476e-08
 Reference value :  9.24676e-08
 Reference value :  9.25476e-08
 Reference value :  9.28676e-08
 Reference value :  9.35476e-08
 Reference value :  9.40038e-08
 Reference value :  9.41076e-08
 Reference value :  9.42276e-08
 Reference value :  9.48276e-08
 Reference value :  9.53476e-08
 Reference value :  9.57476e-08
 Reference value :  9.60676e-08
 Reference value :  9.65076e-08
 Reference value :  9.65876e-08
 Reference value :  9.73076e-08
 Reference value :  9.75476e-08
 Reference value :  9.77876e-08
 Reference value :  9.81476e-08
 Reference value :  9.88276e-08
 Reference value :  9.95876e-08
 Reference value :  1.00013e-07
 Reference value :  1.00228e-07
 Reference value :  1.00748e-07
 Reference value :  1.00988e-07
 Reference value :  1.01468e-07
 Reference value :  1.01948e-07
 Reference value :  1.02108e-07
 Reference value :  1.02348e-07
 Reference value :  1.02548e-07
 Reference value :  1.02948e-07
 Reference value :  1.03148e-07
 Reference value :  1.03828e-07
 Reference value :  1.04148e-07
 Reference value :  1.04548e-07
 Reference value :  1.04948e-07
 Reference value :  1.05548e-07
 Reference value :  1.05828e-07
 Reference value :  1.06148e-07
 Reference value :  1.06748e-07
 Reference value :  1.07148e-07
 Reference value :  1.07908e-07
 Reference value :  1.08148e-07
 Reference value :  1.08628e-07
 Reference value :  1.09228e-07
 Reference value :  1.09868e-07
 Reference value :  1.10108e-07
 Reference value :  1.10348e-07
 Reference value :  1.10788e-07
 Reference value :  1.11468e-07
 Reference value :  1.12008e-07
 Reference value :  1.12226e-07
 Reference value :  1.12466e-07
 Reference value :  1.13186e-07
 Reference value :  1.13906e-07
 Reference value :  1.14228e-07
 Reference value :  1.14948e-07
 Reference value :  1.15748e-07
 Reference value :  1.15974e-07
 Reference value :  1.16148e-07
 Reference value :  1.16668e-07
 Reference value :  1.17188e-07
 Reference value :  1.17948e-07
 Reference value :  1.18108e-07
 Reference value :  1.18548e-07
 Reference value :  1.19068e-07
 Reference value :  1.19628e-07
 Reference value :  1.20000e-07
 Reference value :  1.20040e-07
 Reference value :  1.20228e-07
 Reference value :  1.20468e-07
 Reference value :  1.21148e-07
 Reference value :  1.21868e-07
 Reference value :  1.22108e-07
 Reference value :  1.22508e-07
 Reference value :  1.23148e-07
 Reference value :  1.23908e-07
 Reference value :  1.24108e-07
 Reference value :  1.24228e-07
 Reference value :  1.24308e-07
 Reference value :  1.24668e-07
 Reference value :  1.24988e-07
 Reference value :  1.25468e-07
 Reference value :  1.25868e-07
 Reference value :  1.26012e-07
 Reference value :  1.26040e-07
 Reference value :  1.26268e-07
 Reference value :  1.26788e-07
 Reference value :  1.27348e-07
 Reference value :  1.27948e-07
 Reference value :  1.28108e-07
 Reference value :  1.28268e-07
 Reference value :  1.28828e-07
 Reference value :  1.29588e-07
 Reference value :  1.30019e-07
 Reference value :  1.30508e-07
 Reference value :  1.30828e-07
 Reference value :  1.31628e-07
 Reference value :  1.32026e-07
 Reference value :  1.32508e-07
 Reference value :  1.33028e-07
 Reference value :  1.33508e-07
 Reference value :  1.34004e-07
 Reference value :  1.34068e-07
 Reference value :  1.34668e-07
 Reference value :  1.35388e-07
 Reference value :  1.36008e-07
 Reference value :  1.36026e-07
 Reference value :  1.36428e-07
 Reference value :  1.37028e-07
 Reference value :  1.37828e-07
 Reference value :  1.38188e-07
 Reference value :  1.38828e-07
 Reference value :  1.39468e-07
 Reference value :  1.40000e-07
 Reference value :  1.40188e-07
 Reference value :  1.40668e-07
 Reference value :  1.41188e-07
 Reference value :  1.41868e-07
 Reference value :  1.42004e-07
 Reference value :  1.42268e-07
 Reference value :  1.42988e-07
 Reference value :  1.43748e-07
 Reference value :  1.44068e-07
 Reference value :  1.44508e-07
 Reference value :  1.45188e-07
 Reference value :  1.45668e-07
 Reference value :  1.46004e-07
 Reference value :  1.46188e-07
 Reference value :  1.46588e-07
 Reference value :  1.47108e-07
 Reference value :  1.47628e-07
 Reference value :  1.47788e-07
 Reference value :  1.48040e-07
 Reference value :  1.48388e-07
 Reference value :  1.48508e-07
 Reference value :  1.48828e-07
 Reference value :  1.49028e-07
 Reference value :  1.49388e-07
 Reference value :  1.49868e-07
 Reference value :  1.50015e-07
 Reference value :  1.50188e-07
 Reference value :  1.50268e-07
 Reference value :  1.50668e-07
 Reference value :  1.50948e-07
 Reference value :  1.51068e-07
 Reference value :  1.51148e-07
 Reference value :  1.51268e-07
 Reference value :  1.51748e-07
 Reference value :  1.52068e-07
 Reference value :  1.52508e-07
 Reference value :  1.53148e-07
 Reference value :  1.53388e-07
 Reference value :  1.53708e-07
 Reference value :  1.54068e-07
 Reference value :  1.54668e-07
 Reference value :  1.55348e-07
 Reference value :  1.56001e-07
 Reference value :  1.56268e-07
 Reference value :  1.56748e-07
 Reference value :  1.57228e-07
 Reference value :  1.57468e-07
 Reference value :  1.58013e-07
 Reference value :  1.58508e-07
 Reference value :  1.59028e-07
 Reference value :  1.59428e-07
 Reference value :  1.60008e-07
 Reference value :  1.60308e-07
 Reference value :  1.60908e-07
 Reference value :  1.61588e-07
 Reference value :  1.62026e-07
 Reference value :  1.62468e-07
 Reference value :  1.62868e-07
 Reference value :  1.63628e-07
 Reference value :  1.64026e-07
 Reference value :  1.64508e-07
 Reference value :  1.64868e-07
 Reference value :  1.65348e-07
 Reference value :  1.65948e-07
 Reference value :  1.66228e-07
 Reference value :  1.66908e-07
 Reference value :  1.67588e-07
 Reference value :  1.67868e-07
 Reference value :  1.68015e-07
 Reference value :  1.68268e-07
 Reference value :  1.68668e-07
 Reference value :  1.69188e-07
 Reference value :  1.69428e-07
 Reference value :  1.69708e-07
 Reference value :  1.70019e-07
 Reference value :  1.70268e-07
 Reference value :  1.70748e-07
 Reference value :  1.71268e-07
 Reference value :  1.71708e-07
 Reference value :  1.72001e-07
 Reference value :  1.72268e-07
 Reference value :  1.72708e-07
 Reference value :  1.73388e-07
 Reference value :  1.74001e-07
 Reference value :  1.74015e-07
 Reference value :  1.74108e-07
 Reference value :  1.74788e-07
 Reference value :  1.75548e-07
 Reference value :  1.76015e-07
 Reference value :  1.76388e-07
 Reference value :  1.76508e-07
 Reference value :  1.76868e-07
 Reference value :  1.77468e-07
 Reference value :  1.78013e-07
 Reference value :  1.78308e-07
 Reference value :  1.78948e-07
 Reference value :  1.79428e-07
 Reference value :  1.80001e-07
 Reference value :  1.80308e-07
 Reference value :  1.80828e-07
 Reference value :  1.81468e-07
 Reference value :  1.81974e-07
 Reference value :  1.82068e-07
 Reference value :  1.82668e-07
 Reference value :  1.83348e-07
 Reference value :  1.84001e-07
 Reference value :  1.84026e-07
 Reference value :  1.84148e-07
 Reference value :  1.84308e-07
 Reference value :  1.84668e-07
 Reference value :  1.85148e-07
 Reference value :  1.85628e-07
 Reference value :  1.86015e-07
 Reference value :  1.86228e-07
 Reference value :  1.86748e-07
 Reference value :  1.87388e-07
 Reference value :  1.87948e-07
 Reference value :  1.88013e-07
 Reference value :  1.88068e-07
 Reference value :  1.88508e-07
 Reference value :  1.89028e-07
 Reference value :  1.89708e-07
 Reference value :  1.90068e-07
 Reference value :  1.90628e-07
 Reference value :  1.91028e-07
 Reference value :  1.91428e-07
 Reference value :  1.92000e-07
 Reference value :  1.92148e-07
 Reference value :  1.92508e-07
 Reference value :  1.92788e-07
 Reference value :  1.93588e-07
 Reference value :  1.94015e-07
 Reference value :  1.94468e-07
 Reference value :  1.95228e-07
 Reference value :  1.95828e-07
 Reference value :  1.96188e-07
 Reference value :  1.96628e-07
 Reference value :  1.96788e-07
 Reference value :  1.97308e-07
 Reference value :  1.98001e-07
 Reference value :  1.98148e-07
 Reference value :  1.98348e-07
 Reference value :  1.99108e-07
 Reference value :  1.99788e-07
 Reference value :  2.00148e-07
 Reference value :  2.00548e-07
 Reference value :  2.01308e-07
 Reference value :  2.01748e-07
 Reference value :  2.02013e-07
 Reference value :  2.02388e-07
 Reference value :  2.02708e-07
 Reference value :  2.02988e-07
 Reference value :  2.03228e-07
 Reference value :  2.03508e-07
 Reference value :  2.03788e-07
 Reference value :  2.04001e-07
 Reference value :  2.04040e-07
 Reference value :  2.04388e-07
 Reference value :  2.04468e-07
 Reference value :  2.04868e-07
 Reference value :  2.05348e-07
 Reference value :  2.06004e-07
 Reference value :  2.06268e-07
 Reference value :  2.06508e-07
 Reference value :  2.06828e-07
 Reference value :  2.07548e-07
 Reference value :  2.08019e-07
 Reference value :  2.08468e-07
 Reference value :  2.09028e-07
 Reference value :  2.09508e-07
 Reference value :  2.09868e-07
 Reference value :  2.10019e-07
 Reference value :  2.10548e-07
 Reference value :  2.11308e-07
 Reference value :  2.11974e-07
 Reference value :  2.12268e-07
 Reference value :  2.12588e-07
 Reference value :  2.12788e-07
 Reference value :  2.12868e-07
 Reference value :  2.13508e-07
 Reference value :  2.14013e-07
 Reference value :  2.14468e-07
 Reference value :  2.14948e-07
 Reference value :  2.15268e-07
 Reference value :  2.16000e-07
 Reference value :  2.16268e-07
 Reference value :  2.16788e-07
 Reference value :  2.17428e-07
 Reference value :  2.17908e-07
 Reference value :  2.18015e-07
 Reference value :  2.18508e-07
 Reference value :  2.19308e-07
 Reference value :  2.19974e-07
 Reference value :  2.20268e-07
 Reference value :  2.20708e-07
 Reference value :  2.21228e-07
 Reference value :  2.21788e-07
 Reference value :  2.22026e-07
 Reference value :  2.22628e-07
 Reference value :  2.23388e-07
 Reference value :  2.24008e-07
 Reference value :  2.24308e-07
 Reference value :  2.24828e-07
 Reference value :  2.25548e-07
 Reference value :  2.26013e-07
 Reference value :  2.26108e-07
 Reference value :  2.26748e-07
 Reference value :  2.27468e-07
 Reference value :  2.28000e-07
 Reference value :  2.28308e-07
 Reference value :  2.28748e-07
 Reference value :  2.28948e-07
 Reference value :  2.29388e-07
 Reference value :  2.29588e-07
 Reference value :  2.30019e-07
 Reference value :  2.30508e-07
 Reference value :  2.30788e-07
 Reference value :  2.31348e-07
 Reference value :  2.32004e-07
 Reference value :  2.32188e-07
 Reference value :  2.32468e-07
 Reference value :  2.32868e-07
 Reference value :  2.33388e-07
 Reference value :  2.33588e-07
 Reference value :  2.33948e-07
 Reference value :  2.34188e-07
 Reference value :  2.34868e-07
 Reference value :  2.35548e-07
 Reference value :  2.35668e-07
 Reference value :  2.35828e-07
 Reference value :  2.36148e-07
 Reference value :  2.36588e-07
 Reference value :  2.37108e-07
 Reference value :  2.37828e-07
 Reference value :  2.38019e-07
 Reference value :  2.38388e-07
 Reference value :  2.38788e-07
 Reference value :  2.39588e-07
 Reference value :  2.40015e-07
 Reference value :  2.40468e-07
 Reference value :  2.41188e-07
 Reference value :  2.41708e-07
 Reference value :  2.42001e-07
 Reference value :  2.42268e-07
 Reference value :  2.43028e-07
 Reference value :  2.43748e-07
 Reference value :  2.44068e-07
 Reference value :  2.44468e-07
 Reference value :  2.44788e-07
 Reference value :  2.45428e-07
 Reference value :  2.46008e-07
 Reference value :  2.46468e-07
 Reference value :  2.47188e-07
 Reference value :  2.47468e-07
 Reference value :  2.48013e-07
 Reference value :  2.48426e-07
 Reference value :  2.49106e-07
 Reference value :  2.49666e-07
 Reference value :  2.50008e-07
 Reference value :  2.50268e-07
 Reference value :  2.50988e-07
 Reference value :  2.51708e-07
 Reference value :  2.52146e-07
 Reference value :  2.52666e-07
 Reference value :  2.52866e-07
 Reference value :  2.53266e-07
 Reference value :  2.53906e-07
 Reference value :  2.54019e-07
 Reference value :  2.54228e-07
 Reference value :  2.54948e-07
 Reference value :  2.55268e-07
 Reference value :  2.55508e-07
 Reference value :  2.56015e-07
 Reference value :  2.56388e-07
 Reference value :  2.56948e-07
 Reference value :  2.57548e-07
 Reference value :  2.57908e-07
 Reference value :  2.58026e-07
 Reference value :  2.58548e-07
 Reference value :  2.58788e-07
 Reference value :  2.59188e-07
 Reference value :  2.59668e-07
 Reference value :  2.59908e-07
 Reference value :  2.60068e-07
 Reference value :  2.60548e-07
 Reference value :  2.60988e-07
 Reference value :  2.61588e-07
 Reference value :  2.62015e-07
 Reference value :  2.62268e-07
 Reference value :  2.62748e-07
 Reference value :  2.63508e-07
 Reference value :  2.64013e-07
 Reference value :  2.64426e-07
 Reference value :  2.65146e-07
 Reference value :  2.65706e-07
 Reference value :  2.66019e-07
 Reference value :  2.66428e-07
 Reference value :  2.66988e-07
 Reference value :  2.67548e-07
 Reference value :  2.68000e-07
 Reference value :  2.68068e-07
 Reference value :  2.68308e-07
 Reference value :  2.68668e-07
 Reference value :  2.68748e-07
 Reference value :  2.68908e-07
 Reference value :  2.68988e-07
 Reference value :  2.69068e-07
 Reference value :  2.69148e-07
 Reference value :  2.69268e-07
 Reference value :  2.69348e-07
 Reference value :  2.69468e-07
 Reference value :  2.69548e-07
 Reference value :  2.69668e-07
 Reference value :  2.69788e-07
 Reference value :  2.69908e-07
 Reference value :  2.70000e-07
 Reference value :  2.70013e-07
 Reference value :  2.70015e-07
 Reference value :  2.70040e-07
 Reference value :  2.70108e-07
 Reference value :  2.70188e-07
 Reference value :  2.70268e-07
 Reference value :  2.70348e-07
 Reference value :  2.70428e-07
 Reference value :  2.70548e-07
 Reference value :  2.70708e-07
 Reference value :  2.71268e-07
 Reference value :  2.71548e-07
 Reference value :  2.72015e-07
 Reference value :  2.72268e-07
 Reference value :  2.72788e-07
 Reference value :  2.73508e-07
 Reference value :  2.74019e-07
 Reference value :  2.74468e-07
 Reference value :  2.75028e-07
 Reference value :  2.75748e-07
 Reference value :  2.76146e-07
 Reference value :  2.76506e-07
 Reference value :  2.76786e-07
 Reference value :  2.77066e-07
 Reference value :  2.77786e-07
 Reference value :  2.78148e-07
 Reference value :  2.78828e-07
 Reference value :  2.79428e-07
 Reference value :  2.79908e-07
 Reference value :  2.80148e-07
 Reference value :  2.80588e-07
 Reference value :  2.81348e-07
 Reference value :  2.82001e-07
 Reference value :  2.82108e-07
 Reference value :  2.82348e-07
 Reference value :  2.83108e-07
 Reference value :  2.83908e-07
 Reference value :  2.84108e-07
 Reference value :  2.84588e-07
 Reference value :  2.85068e-07
 Reference value :  2.85828e-07
 Reference value :  2.86108e-07
 Reference value :  2.86788e-07
 Reference value :  2.87508e-07
 Reference value :  2.88015e-07
 Reference value :  2.88466e-07
 Reference value :  2.89106e-07
 Reference value :  2.89746e-07
 Reference value :  2.90019e-07
 Reference value :  2.90548e-07
 Reference value :  2.90988e-07
 Reference value :  2.91108e-07
 Reference value :  2.91228e-07
 Reference value :  2.91948e-07
 Reference value :  2.92228e-07
 Reference value :  2.92748e-07
 Reference value :  2.93108e-07
 Reference value :  2.93268e-07
 Reference value :  2.93428e-07
 Reference value :  2.93548e-07
 Reference value :  2.93948e-07
 Reference value :  2.94068e-07
 Reference value :  2.94388e-07
 Reference value :  2.94708e-07
 Reference value :  2.94828e-07
 Reference value :  2.95428e-07
 Reference value :  2.96008e-07
 Reference value :  2.96108e-07
 Reference value :  2.96188e-07
 Reference value :  2.96308e-07
 Reference value :  2.96468e-07
 Reference value :  2.96748e-07
 Reference value :  2.97548e-07
 Reference value :  2.98001e-07
 Reference value :  2.98013e-07
 Reference value :  2.98108e-07
 Reference value :  2.98468e-07
 Reference value :  2.98708e-07
 Reference value :  2.99508e-07
 Reference value :  3.00013e-07
 Reference value :  3.00466e-07
 Reference value :  3.00786e-07
 Reference value :  3.01026e-07
 Reference value :  3.01586e-07
 Reference value :  3.01973e-07
 Reference value :  3.02148e-07
 Reference value :  3.02788e-07
 Reference value :  3.03268e-07
 Reference value :  3.03708e-07
 Reference value :  3.04068e-07
 Reference value :  3.04508e-07
 Reference value :  3.05188e-07
 Reference value :  3.05908e-07
 Reference value :  3.06040e-07
 Reference value :  3.06548e-07
 Reference value :  3.07268e-07
 Reference value :  3.07974e-07
 Reference value :  3.08019e-07
 Reference value :  3.08308e-07
 Reference value :  3.08428e-07
 Reference value :  3.08788e-07
 Reference value :  3.09428e-07
 Reference value :  3.10008e-07
 Reference value :  3.10428e-07
 Reference value :  3.10988e-07
 Reference value :  3.11308e-07
 Reference value :  3.11948e-07
 Reference value :  3.12146e-07
 Reference value :  3.12626e-07
 Reference value :  3.13346e-07
 Reference value :  3.14000e-07
 Reference value :  3.14108e-07
 Reference value :  3.14708e-07
 Reference value :  3.15428e-07
 Reference value :  3.16000e-07
 Reference value :  3.16108e-07
 Reference value :  3.16468e-07
 Reference value :  3.16948e-07
 Reference value :  3.17628e-07
 Reference value :  3.18040e-07
 Reference value :  3.18628e-07
 Reference value :  3.19388e-07
 Reference value :  3.20001e-07
 Reference value :  3.20148e-07
 Reference value :  3.20628e-07
 Reference value :  3.21348e-07
 Reference value :  3.22001e-07
 Reference value :  3.22188e-07
 Reference value :  3.22588e-07
 Reference value :  3.23028e-07
 Reference value :  3.23508e-07
 Reference value :  3.24000e-07
 Reference value :  3.24106e-07
 Reference value :  3.24346e-07
 Reference value :  3.24666e-07
 Reference value :  3.24906e-07
 Reference value :  3.25426e-07
 Reference value :  3.26008e-07
 Reference value :  3.26428e-07
 Reference value :  3.27148e-07
 Reference value :  3.27908e-07
 Reference value :  3.28148e-07
 Reference value :  3.28428e-07
 Reference value :  3.28988e-07
 Reference value :  3.29748e-07
 Reference value :  3.30040e-07
 Reference value :  3.30668e-07
 Reference value :  3.31148e-07
 Reference value :  3.31908e-07
 Reference value :  3.32228e-07
 Reference value :  3.32668e-07
 Reference value :  3.33148e-07
 Reference value :  3.33708e-07
 Reference value :  3.33948e-07
 Reference value :  3.34040e-07
 Reference value :  3.34268e-07
 Reference value :  3.34668e-07
 Reference value :  3.34988e-07
 Reference value :  3.35428e-07
 Reference value :  3.35628e-07
 Reference value :  3.36013e-07
 Reference value :  3.36025e-07
 Reference value :  3.36426e-07
 Reference value :  3.36986e-07
 Reference value :  3.37746e-07
 Reference value :  3.38068e-07
 Reference value :  3.38628e-07
 Reference value :  3.38788e-07
 Reference value :  3.39428e-07
 Reference value :  3.40013e-07
 Reference value :  3.40308e-07
 Reference value :  3.40828e-07
 Reference value :  3.41428e-07
 Reference value :  3.41974e-07
 Reference value :  3.42228e-07
 Reference value :  3.42868e-07
 Reference value :  3.43628e-07
 Reference value :  3.44026e-07
 Reference value :  3.44468e-07
 Reference value :  3.45108e-07
 Reference value :  3.45748e-07
 Reference value :  3.46004e-07
 Reference value :  3.46040e-07
 Reference value :  3.46628e-07
 Reference value :  3.47188e-07
 Reference value :  3.47748e-07
 Reference value :  3.48015e-07
 Reference value :  3.48226e-07
 Reference value :  3.48506e-07
 Reference value :  3.48706e-07
 Reference value :  3.48826e-07
 Reference value :  3.48906e-07
 Reference value :  3.49106e-07
 Reference value :  3.49226e-07
 Reference value :  3.49306e-07
 Reference value :  3.49386e-07
 Reference value :  3.49506e-07
 Reference value :  3.49586e-07
 Reference value :  3.49706e-07
 Reference value :  3.49906e-07
 Reference value :  3.50000e-07
 Reference value :  3.50008e-07
 Reference value :  3.50019e-07
 Reference value :  3.50068e-07
 Reference value :  3.50148e-07
 Reference value :  3.50228e-07
 Reference value :  3.50308e-07
 Reference value :  3.50428e-07
 Reference value :  3.50548e-07
 Reference value :  3.50668e-07
 Reference value :  3.50868e-07
 Reference value :  3.51628e-07
 Reference value :  3.52015e-07
 Reference value :  3.52388e-07
 Reference value :  3.52988e-07
 Reference value :  3.53708e-07
 Reference value :  3.54108e-07
 Reference value :  3.54708e-07
 Reference value :  3.55468e-07
 Reference value :  3.56012e-07
 Reference value :  3.56348e-07
 Reference value :  3.56828e-07
 Reference value :  3.57388e-07
 Reference value :  3.58008e-07
 Reference value :  3.58228e-07
 Reference value :  3.58948e-07
 Reference value :  3.59668e-07
 Reference value :  3.60068e-07
 Reference value :  3.60508e-07
 Reference value :  3.61228e-07
 Reference value :  3.61948e-07
 Reference value :  3.62228e-07
 Reference value :  3.62988e-07
 Reference value :  3.63628e-07
 Reference value :  3.64026e-07
 Reference value :  3.64468e-07
 Reference value :  3.64948e-07
 Reference value :  3.65628e-07
 Reference value :  3.66004e-07
 Reference value :  3.66388e-07
 Reference value :  3.67108e-07
 Reference value :  3.67788e-07
 Reference value :  3.68108e-07
 Reference value :  3.68548e-07
 Reference value :  3.69268e-07
 Reference value :  3.70000e-07
 Reference value :  3.70268e-07
 Reference value :  3.71028e-07
 Reference value :  3.71788e-07
 Reference value :  3.72068e-07
 Reference value :  3.72588e-07
 Reference value :  3.72988e-07
 Reference value :  3.73308e-07
 Reference value :  3.73428e-07
 Reference value :  3.73788e-07
 Reference value :  3.74019e-07
 Reference value :  3.74388e-07
 Reference value :  3.74868e-07
 Reference value :  3.75068e-07
 Reference value :  3.75348e-07
 Reference value :  3.75548e-07
 Reference value :  3.75908e-07
 Reference value :  3.76000e-07
 Reference value :  3.76013e-07
 Reference value :  3.76108e-07
 Reference value :  3.76348e-07
 Reference value :  3.76788e-07
 Reference value :  3.77508e-07
 Reference value :  3.78015e-07
 Reference value :  3.78428e-07
 Reference value :  3.79148e-07
 Reference value :  3.79828e-07
 Reference value :  3.80148e-07
 Reference value :  3.80588e-07
 Reference value :  3.80788e-07
 Reference value :  3.80988e-07
 Reference value :  3.81708e-07
 Reference value :  3.82068e-07
 Reference value :  3.82628e-07
 Reference value :  3.83388e-07
 Reference value :  3.84001e-07
 Reference value :  3.84026e-07
 Reference value :  3.84148e-07
 Reference value :  3.84628e-07
 Reference value :  3.85388e-07
 Reference value :  3.86004e-07
 Reference value :  3.86308e-07
 Reference value :  3.87028e-07
 Reference value :  3.87788e-07
 Reference value :  3.88108e-07
 Reference value :  3.88508e-07
 Reference value :  3.88908e-07
 Reference value :  3.89428e-07
 Reference value :  3.90008e-07
 Reference value :  3.90388e-07
 Reference value :  3.91188e-07
 Reference value :  3.91908e-07
 Reference value :  3.92012e-07
 Reference value :  3.92148e-07
 Reference value :  3.92468e-07
 Reference value :  3.92628e-07
 Reference value :  3.93148e-07
 Reference value :  3.93508e-07
 Reference value :  3.93974e-07
 Reference value :  3.94148e-07
 Reference value :  3.94588e-07
 Reference value :  3.95108e-07
 Reference value :  3.95468e-07
 Reference value :  3.95788e-07
 Reference value :  3.96068e-07
 Reference value :  3.96308e-07
 Reference value :  3.96748e-07
 Reference value :  3.97148e-07
 Reference value :  3.97508e-07
 Reference value :  3.98019e-07
 Reference value :  3.98588e-07
 Reference value :  3.99388e-07
 Reference value :  4.00000e-07
 Reference value :  4.00266e-07
 Reference value :  4.00666e-07
 Reference value :  4.01306e-07
 Reference value :  4.01546e-07
 Reference value :  4.01946e-07
 Reference value :  4.02040e-07
 Reference value :  4.02388e-07
 Reference value :  4.02868e-07
 Reference value :  4.03108e-07
 Reference value :  4.03428e-07
 Reference value :  4.03788e-07
 Reference value :  4.03948e-07
 Reference value :  4.04019e-07
 Reference value :  4.04308e-07
 Reference value :  4.04668e-07
 Reference value :  4.04788e-07
 Reference value :  4.04988e-07
 Reference value :  4.05588e-07
 Reference value :  4.06040e-07
 Reference value :  4.06588e-07
 Reference value :  4.07388e-07
 Reference value :  4.07908e-07
 Reference value :  4.08228e-07
 Reference value :  4.08708e-07
 Reference value :  4.09108e-07
 Reference value :  4.09348e-07
 Reference value :  4.09788e-07
 Reference value :  4.10013e-07
 Reference value :  4.10228e-07
 Reference value :  4.10988e-07
 Reference value :  4.11668e-07
 Reference value :  4.12066e-07
 Reference value :  4.12426e-07
 Reference value :  4.12906e-07
 Reference value :  4.13666e-07
 Reference value :  4.14068e-07
 Reference value :  4.14748e-07
 Reference value :  4.15388e-07
 Reference value :  4.16008e-07
 Reference value :  4.16308e-07
 Reference value :  4.16868e-07
 Reference value :  4.17668e-07
 Reference value :  4.18068e-07
 Reference value :  4.18668e-07
 Reference value :  4.19348e-07
 Reference value :  4.20004e-07
 Reference value :  4.20308e-07
 Reference value :  4.20828e-07
 Reference value :  4.21348e-07
 Reference value :  4.22001e-07
 Reference value :  4.22348e-07
 Reference value :  4.22988e-07
 Reference value :  4.23708e-07
 Reference value :  4.24025e-07
 Reference value :  4.24466e-07
 Reference value :  4.25106e-07
 Reference value :  4.25866e-07
 Reference value :  4.26188e-07
 Reference value :  4.26788e-07
 Reference value :  4.27548e-07
 Reference value :  4.28008e-07
 Reference value :  4.28388e-07
 Reference value :  4.28588e-07
 Reference value :  4.29108e-07
 Reference value :  4.29668e-07
 Reference value :  4.29974e-07
 Reference value :  4.30068e-07
 Reference value :  4.30268e-07
 Reference value :  4.30748e-07
 Reference value :  4.31268e-07
 Reference value :  4.31748e-07
 Reference value :  4.32000e-07
 Reference value :  4.32012e-07
 Reference value :  4.32068e-07
 Reference value :  4.32508e-07
 Reference value :  4.33268e-07
 Reference value :  4.33974e-07
 Reference value :  4.34228e-07
 Reference value :  4.34908e-07
 Reference value :  4.35668e-07
 Reference value :  4.36039e-07
 Reference value :  4.36546e-07
 Reference value :  4.36986e-07
 Reference value :  4.37666e-07
 Reference value :  4.38004e-07
 Reference value :  4.38268e-07
 Reference value :  4.38948e-07
 Reference value :  4.39628e-07
 Reference value :  4.40026e-07
 Reference value :  4.40388e-07
 Reference value :  4.40948e-07
 Reference value :  4.41188e-07
 Reference value :  4.41628e-07
 Reference value :  4.42013e-07
 Reference value :  4.42228e-07
 Reference value :  4.42668e-07
 Reference value :  4.43068e-07
 Reference value :  4.43588e-07
 Reference value :  4.43908e-07
 Reference value :  4.44013e-07
 Reference value :  4.44040e-07
 Reference value :  4.44148e-07
 Reference value :  4.44668e-07
 Reference value :  4.45108e-07
 Reference value :  4.45868e-07
 Reference value :  4.46148e-07
 Reference value :  4.46788e-07
 Reference value :  4.47508e-07
 Reference value :  4.48015e-07
 Reference value :  4.48346e-07
 Reference value :  4.48546e-07
 Reference value :  4.49226e-07
 Reference value :  4.49866e-07
 Reference value :  4.50188e-07
 Reference value :  4.50788e-07
 Reference value :  4.51428e-07
 Reference value :  4.51868e-07
 Reference value :  4.52108e-07
 Reference value :  4.52588e-07
 Reference value :  4.53068e-07
 Reference value :  4.53708e-07
 Reference value :  4.54040e-07
 Reference value :  4.54668e-07
 Reference value :  4.55428e-07
 Reference value :  4.55828e-07
 Reference value :  4.56148e-07
 Reference value :  4.56548e-07
 Reference value :  4.57308e-07
 Reference value :  4.58000e-07
 Reference value :  4.58228e-07
 Reference value :  4.58948e-07
 Reference value :  4.59628e-07
 Reference value :  4.60066e-07
 Reference value :  4.60466e-07
 Reference value :  4.60906e-07
 Reference value :  4.61506e-07
 Reference value :  4.62013e-07
 Reference value :  4.62428e-07
 Reference value :  4.63108e-07
 Reference value :  4.63788e-07
 Reference value :  4.64068e-07
 Reference value :  4.64468e-07
 Reference value :  4.65108e-07
 Reference value :  4.65868e-07
 Reference value :  4.66188e-07
 Reference value :  4.66828e-07
 Reference value :  4.67588e-07
 Reference value :  4.68008e-07
 Reference value :  4.68308e-07
 Reference value :  4.68788e-07
 Reference value :  4.69428e-07
 Reference value :  4.70008e-07
 Reference value :  4.70019e-07
 Reference value :  4.70348e-07
 Reference value :  4.71028e-07
 Reference value :  4.71188e-07
 Reference value :  4.71908e-07
 Reference value :  4.72226e-07
 Reference value :  4.72466e-07
 Reference value :  4.72746e-07
 Reference value :  4.72986e-07
 Reference value :  4.73506e-07
 Reference value :  4.74000e-07
 Reference value :  4.74068e-07
 Reference value :  4.74468e-07
 Reference value :  4.74828e-07
 Reference value :  4.75428e-07
 Reference value :  4.75788e-07
 Reference value :  4.76068e-07
 Reference value :  4.76548e-07
 Reference value :  4.77108e-07
 Reference value :  4.77868e-07
 Reference value :  4.78188e-07
 Reference value :  4.78868e-07
 Reference value :  4.79348e-07
 Reference value :  4.79828e-07
 Reference value :  4.80013e-07
 Reference value :  4.80388e-07
 Reference value :  4.80908e-07
 Reference value :  4.81668e-07
 Reference value :  4.82026e-07
 Reference value :  4.82508e-07
 Reference value :  4.83268e-07
 Reference value :  4.83668e-07
 Reference value :  4.84068e-07
 Reference value :  4.84508e-07
 Reference value :  4.84988e-07
 Reference value :  4.85628e-07
 Reference value :  4.86026e-07
 Reference value :  4.86308e-07
 Reference value :  4.86708e-07
 Reference value :  4.87028e-07
 Reference value :  4.87188e-07
 Reference value :  4.87908e-07
 Reference value :  4.88148e-07
 Reference value :  4.88588e-07
 Reference value :  4.89228e-07
 Reference value :  4.89308e-07
 Reference value :  4.89828e-07
 Reference value :  4.90148e-07
 Reference value :  4.90748e-07
 Reference value :  4.91468e-07
 Reference value :  4.92013e-07
 Reference value :  4.92388e-07
 Reference value :  4.92788e-07
 Reference value :  4.93428e-07
 Reference value :  4.94004e-07
 Reference value :  4.94388e-07
 Reference value :  4.95068e-07
 Reference value :  4.95748e-07
 Reference value :  4.96066e-07
 Reference value :  4.96546e-07
 Reference value :  4.97306e-07
 Reference value :  4.98000e-07
 Reference value :  4.98268e-07
 Reference value :  4.98908e-07
 Reference value :  4.99228e-07
 Reference value :  4.99748e-07
 Reference value :  5.00013e-07
 Reference value :  5.00426e-07
 Reference value :  5.00906e-07
 Reference value :  5.01546e-07
 Reference value :  5.02015e-07
 Reference value :  5.02548e-07
 Reference value :  5.03068e-07
 Reference value :  5.03788e-07
 Reference value :  5.03948e-07
 Reference value :  5.04001e-07
 Reference value :  5.04108e-07
 Reference value :  5.04548e-07
 Reference value :  5.05228e-07
 Reference value :  5.05974e-07
 Reference value :  5.06228e-07
 Reference value :  5.06988e-07
 Reference value :  5.07708e-07
 Reference value :  5.08040e-07
 Reference value :  5.08508e-07
 Reference value :  5.08988e-07
 Reference value :  5.09748e-07
 Reference value :  5.10068e-07
 Reference value :  5.10708e-07
 Reference value :  5.11468e-07
 Reference value :  5.12008e-07
 Reference value :  5.12348e-07
 Reference value :  5.12828e-07
 Reference value :  5.13508e-07
 Reference value :  5.14015e-07
 Reference value :  5.14468e-07
 Reference value :  5.15268e-07
 Reference value :  5.15428e-07
 Reference value :  5.16008e-07
 Reference value :  5.16268e-07
 Reference value :  5.16588e-07
 Reference value :  5.16988e-07
 Reference value :  5.17268e-07
 Reference value :  5.17748e-07
 Reference value :  5.18012e-07
 Reference value :  5.18228e-07
 Reference value :  5.18908e-07
 Reference value :  5.19708e-07
 Reference value :  5.20068e-07
 Reference value :  5.20468e-07
 Reference value :  5.20988e-07
 Reference value :  5.21748e-07
 Reference value :  5.22040e-07
 Reference value :  5.22548e-07
 Reference value :  5.23308e-07
 Reference value :  5.23974e-07
 Reference value :  5.24268e-07
 Reference value :  5.24668e-07
 Reference value :  5.25148e-07
 Reference value :  5.25868e-07
 Reference value :  5.26188e-07
 Reference value :  5.26908e-07
 Reference value :  5.27628e-07
 Reference value :  5.28039e-07
 Reference value :  5.28466e-07
 Reference value :  5.29146e-07
 Reference value :  5.29666e-07
 Reference value :  5.30013e-07
 Reference value :  5.30188e-07
 Reference value :  5.30588e-07
 Reference value :  5.30868e-07
 Reference value :  5.31228e-07
 Reference value :  5.31668e-07
 Reference value :  5.32008e-07
 Reference value :  5.32108e-07
 Reference value :  5.32348e-07
 Reference value :  5.32788e-07
 Reference value :  5.33308e-07
 Reference value :  5.34001e-07
 Reference value :  5.34388e-07
 Reference value :  5.35148e-07
 Reference value :  5.35868e-07
 Reference value :  5.36108e-07
 Reference value :  5.36228e-07
 Reference value :  5.36468e-07
 Reference value :  5.37148e-07
 Reference value :  5.37908e-07
 Reference value :  5.38188e-07
 Reference value :  5.38908e-07
 Reference value :  5.39508e-07
 Reference value :  5.39974e-07
 Reference value :  5.40108e-07
 Reference value :  5.40628e-07
 Reference value :  5.41148e-07
 Reference value :  5.41868e-07
 Reference value :  5.42188e-07
 Reference value :  5.42628e-07
 Reference value :  5.43108e-07
 Reference value :  5.43588e-07
 Reference value :  5.44013e-07
 Reference value :  5.44348e-07
 Reference value :  5.44948e-07
 Reference value :  5.45668e-07
 Reference value :  5.46068e-07
 Reference value :  5.46588e-07
 Reference value :  5.47108e-07
 Reference value :  5.47548e-07
 Reference value :  5.48013e-07
 Reference value :  5.48388e-07
 Reference value :  5.48708e-07
 Reference value :  5.49188e-07
 Reference value :  5.49308e-07
 Reference value :  5.49668e-07
 Reference value :  5.49948e-07
 Reference value :  5.50026e-07
 Reference value :  5.50308e-07
 Reference value :  5.50708e-07
 Reference value :  5.51268e-07
 Reference value :  5.51748e-07
 Reference value :  5.51868e-07
 Reference value :  5.52066e-07
 Reference value :  5.52266e-07
 Reference value :  5.52386e-07
 Reference value :  5.52466e-07
 Reference value :  5.52826e-07
 Reference value :  5.53626e-07
 Reference value :  5.54013e-07
 Reference value :  5.54108e-07
 Reference value :  5.54188e-07
 Reference value :  5.54268e-07
 Reference value :  5.54548e-07
 Reference value :  5.55348e-07
 Reference value :  5.56000e-07
 Reference value :  5.56268e-07
 Reference value :  5.56668e-07
 Reference value :  5.56988e-07
 Reference value :  5.57788e-07
 Reference value :  5.58068e-07
 Reference value :  5.58708e-07
 Reference value :  5.59388e-07
 Reference value :  5.60008e-07
 Reference value :  5.60388e-07
 Reference value :  5.60988e-07
 Reference value :  5.61468e-07
 Reference value :  5.62001e-07
 Reference value :  5.62148e-07
 Reference value :  5.62628e-07
 Reference value :  5.63388e-07
 Reference value :  5.64004e-07
 Reference value :  5.64015e-07
 Reference value :  5.64148e-07
 Reference value :  5.64668e-07
 Reference value :  5.65228e-07
 Reference value :  5.65974e-07
 Reference value :  5.66268e-07
 Reference value :  5.66868e-07
 Reference value :  5.67068e-07
 Reference value :  5.67388e-07
 Reference value :  5.68008e-07
 Reference value :  5.68348e-07
 Reference value :  5.68668e-07
 Reference value :  5.69428e-07
 Reference value :  5.69708e-07
 Reference value :  5.70001e-07
 Reference value :  5.70268e-07
 Reference value :  5.71028e-07
 Reference value :  5.71748e-07
 Reference value :  5.72068e-07
 Reference value :  5.72268e-07
 Reference value :  5.72668e-07
 Reference value :  5.73148e-07
 Reference value :  5.73868e-07
 Reference value :  5.74188e-07
 Reference value :  5.74868e-07
 Reference value :  5.75548e-07
 Reference value :  5.76004e-07
 Reference value :  5.76346e-07
 Reference value :  5.76866e-07
 Reference value :  5.77226e-07
 Reference value :  5.77973e-07
 Reference value :  5.78228e-07
 Reference value :  5.78908e-07
 Reference value :  5.79548e-07
 Reference value :  5.79828e-07
 Reference value :  5.80013e-07
 Reference value :  5.80428e-07
 Reference value :  5.80868e-07
 Reference value :  5.81428e-07
 Reference value :  5.82004e-07
 Reference value :  5.82108e-07
 Reference value :  5.82668e-07
 Reference value :  5.83428e-07
 Reference value :  5.84013e-07
 Reference value :  5.84108e-07
 Reference value :  5.84388e-07
 Reference value :  5.84508e-07
 Reference value :  5.85228e-07
 Reference value :  5.85908e-07
 Reference value :  5.86188e-07
 Reference value :  5.86788e-07
 Reference value :  5.87428e-07
 Reference value :  5.87748e-07
 Reference value :  5.88068e-07
 Reference value :  5.88548e-07
 Reference value :  5.88668e-07
 Reference value :  5.89028e-07
 Reference value :  5.89428e-07
 Reference value :  5.89868e-07
 Reference value :  5.90148e-07
 Reference value :  5.90828e-07
 Reference value :  5.91548e-07
 Reference value :  5.92019e-07
 Reference value :  5.92428e-07
 Reference value :  5.92988e-07
 Reference value :  5.93548e-07
 Reference value :  5.94000e-07
 Reference value :  5.94228e-07
 Reference value :  5.94668e-07
 Reference value :  5.95428e-07
 Reference value :  5.96004e-07
 Reference value :  5.96188e-07
 Reference value :  5.96388e-07
 Reference value :  5.96868e-07
 Reference value :  5.97548e-07
 Reference value :  5.98015e-07
 Reference value :  5.98588e-07
 Reference value :  5.99228e-07
 Reference value :  5.99668e-07
 Reference value :  5.99828e-07
 Reference value :  5.99948e-07
 Reference value :  6.00004e-07
 Reference value :  6.00013e-07
 Reference value :  6.00066e-07
 Reference value :  6.00186e-07
 Reference value :  6.00266e-07
 Reference value :  6.00386e-07
 Reference value :  6.00586e-07
 Reference value :  6.01226e-07
 Reference value :  6.01746e-07
 Reference value :  6.02001e-07
 Reference value :  6.02228e-07
 Reference value :  6.02988e-07
 Reference value :  6.03588e-07
 Reference value :  6.04013e-07
 Reference value :  6.04228e-07
 Reference value :  6.04628e-07
 Reference value :  6.04788e-07
 Reference value :  6.05108e-07
 Reference value :  6.05828e-07
 Reference value :  6.06148e-07
 Reference value :  6.06828e-07
 Reference value :  6.07628e-07
 Reference value :  6.08008e-07
 Reference value :  6.08068e-07
 Reference value :  6.08548e-07
 Reference value :  6.09148e-07
 Reference value :  6.09948e-07
 Reference value :  6.10228e-07
 Reference value :  6.10948e-07
 Reference value :  6.11708e-07
 Reference value :  6.12015e-07
 Reference value :  6.12108e-07
 Reference value :  6.12508e-07
 Reference value :  6.12988e-07
 Reference value :  6.13308e-07
 Reference value :  6.13828e-07
 Reference value :  6.14026e-07
 Reference value :  6.14308e-07
 Reference value :  6.14468e-07
 Reference value :  6.14588e-07
 Reference value :  6.14668e-07
 Reference value :  6.14788e-07
 Reference value :  6.14868e-07
 Reference value :  6.14988e-07
 Reference value :  6.15108e-07
 Reference value :  6.15228e-07
 Reference value :  6.15348e-07
 Reference value :  6.15468e-07
 Reference value :  6.15588e-07
 Reference value :  6.15668e-07
 Reference value :  6.15788e-07
 Reference value :  6.15908e-07
 Reference value :  6.16000e-07
 Reference value :  6.16008e-07
 Reference value :  6.16015e-07
 Reference value :  6.16040e-07
 Reference value :  6.16108e-07
 Reference value :  6.16228e-07
 Reference value :  6.16308e-07
 Reference value :  6.16388e-07
 Reference value :  6.16668e-07
 Reference value :  6.17068e-07
 Reference value :  6.17268e-07
 Reference value :  6.17468e-07
 Reference value :  6.17588e-07
 Reference value :  6.17708e-07
 Reference value :  6.17828e-07
 Reference value :  6.17948e-07
 Reference value :  6.18001e-07
 Reference value :  6.18012e-07
 Reference value :  6.18019e-07
 Reference value :  6.18108e-07
 Reference value :  6.18188e-07
 Reference value :  6.18228e-07
 Reference value :  6.18308e-07
 Reference value :  6.18428e-07
 Reference value :  6.18548e-07
 Reference value :  6.18668e-07
 Reference value :  6.18828e-07
 Reference value :  6.18908e-07
 Reference value :  6.18988e-07
 Reference value :  6.19068e-07
 Reference value :  6.19268e-07
 Reference value :  6.19388e-07
 Reference value :  6.19788e-07
 Reference value :  6.20068e-07
 Reference value :  6.20508e-07
 Reference value :  6.20908e-07
 Reference value :  6.21548e-07
 Reference value :  6.22015e-07
 Reference value :  6.22188e-07
 Reference value :  6.22668e-07
 Reference value :  6.23308e-07
 Reference value :  6.24000e-07
 Reference value :  6.24146e-07
 Reference value :  6.24626e-07
 Reference value :  6.25386e-07
 Reference value :  6.26001e-07
 Reference value :  6.26268e-07
 Reference value :  6.27068e-07
 Reference value :  6.27588e-07
 Reference value :  6.28001e-07
 Reference value :  6.28268e-07
 Reference value :  6.28748e-07
 Reference value :  6.29268e-07
 Reference value :  6.29748e-07
 Reference value :  6.30008e-07
 Reference value :  6.30388e-07
 Reference value :  6.30988e-07
 Reference value :  6.31748e-07
 Reference value :  6.32013e-07
 Reference value :  6.32188e-07
 Reference value :  6.32628e-07
 Reference value :  6.33268e-07
 Reference value :  6.34000e-07
 Reference value :  6.34188e-07
 Reference value :  6.34348e-07
 Reference value :  6.34588e-07
 Reference value :  6.35308e-07
 Reference value :  6.36001e-07
 Reference value :  6.36228e-07
 Reference value :  6.36708e-07
 Reference value :  6.36908e-07
 Reference value :  6.37268e-07
 Reference value :  6.37628e-07
 Reference value :  6.38000e-07
 Reference value :  6.38026e-07
 Reference value :  6.38108e-07
 Reference value :  6.38188e-07
 Reference value :  6.38628e-07
 Reference value :  6.38908e-07
 Reference value :  6.39028e-07
 Reference value :  6.39148e-07
 Reference value :  6.39268e-07
 Reference value :  6.39388e-07
 Reference value :  6.39748e-07
 Reference value :  6.39974e-07
 Reference value :  6.40013e-07
 Reference value :  6.40019e-07
 Reference value :  6.40148e-07
 Reference value :  6.40228e-07
 Reference value :  6.40508e-07
 Reference value :  6.40788e-07
 Reference value :  6.41508e-07
 Reference value :  6.41788e-07
 Reference value :  6.42068e-07
 Reference value :  6.42628e-07
 Reference value :  6.43108e-07
 Reference value :  6.43828e-07
 Reference value :  6.44108e-07
 Reference value :  6.44628e-07
 Reference value :  6.45068e-07
 Reference value :  6.45668e-07
 Reference value :  6.46068e-07
 Reference value :  6.46188e-07
 Reference value :  6.46388e-07
 Reference value :  6.46868e-07
 Reference value :  6.47428e-07
 Reference value :  6.47868e-07
 Reference value :  6.48013e-07
 Reference value :  6.48426e-07
 Reference value :  6.49066e-07
 Reference value :  6.49786e-07
 Reference value :  6.50108e-07
 Reference value :  6.50748e-07
 Reference value :  6.51388e-07
 Reference value :  6.52013e-07
 Reference value :  6.52348e-07
 Reference value :  6.52748e-07
 Reference value :  6.53308e-07
 Reference value :  6.53948e-07
 Reference value :  6.54188e-07
 Reference value :  6.54788e-07
 Reference value :  6.55548e-07
 Reference value :  6.56013e-07
 Reference value :  6.56428e-07
 Reference value :  6.57108e-07
 Reference value :  6.57828e-07
 Reference value :  6.58008e-07
 Reference value :  6.58108e-07
 Reference value :  6.58508e-07
 Reference value :  6.58988e-07
 Reference value :  6.59508e-07
 Reference value :  6.59974e-07
 Reference value :  6.60108e-07
 Reference value :  6.60428e-07
 Reference value :  6.60508e-07
 Reference value :  6.60588e-07
 Reference value :  6.60948e-07
 Reference value :  6.61308e-07
 Reference value :  6.61548e-07
 Reference value :  6.61868e-07
 Reference value :  6.62148e-07
 Reference value :  6.62788e-07
 Reference value :  6.63548e-07
 Reference value :  6.64015e-07
 Reference value :  6.64268e-07
 Reference value :  6.64548e-07
 Reference value :  6.65308e-07
 Reference value :  6.65908e-07
 Reference value :  6.66228e-07
 Reference value :  6.66908e-07
 Reference value :  6.67548e-07
 Reference value :  6.68001e-07
 Reference value :  6.68348e-07
 Reference value :  6.68788e-07
 Reference value :  6.69428e-07
 Reference value :  6.70013e-07
 Reference value :  6.70468e-07
 Reference value :  6.71228e-07
 Reference value :  6.71948e-07
 Reference value :  6.72146e-07
 Reference value :  6.72386e-07
 Reference value :  6.72706e-07
 Reference value :  6.73146e-07
 Reference value :  6.73586e-07
 Reference value :  6.73973e-07
 Reference value :  6.74004e-07
 Reference value :  6.74026e-07
 Reference value :  6.74268e-07
 Reference value :  6.75028e-07
 Reference value :  6.75788e-07
 Reference value :  6.76068e-07
 Reference value :  6.76508e-07
 Reference value :  6.77028e-07
 Reference value :  6.77468e-07
 Reference value :  6.77974e-07
 Reference value :  6.78040e-07
 Reference value :  6.78428e-07
 Reference value :  6.79028e-07
 Reference value :  6.79788e-07
 Reference value :  6.80068e-07
 Reference value :  6.80468e-07
 Reference value :  6.80788e-07
 Reference value :  6.81588e-07
 Reference value :  6.82019e-07
 Reference value :  6.82508e-07
 Reference value :  6.83268e-07
 Reference value :  6.83948e-07
 Reference value :  6.84268e-07
 Reference value :  6.84588e-07
 Reference value :  6.84908e-07
 Reference value :  6.85588e-07
 Reference value :  6.86019e-07
 Reference value :  6.86588e-07
 Reference value :  6.87308e-07
 Reference value :  6.88001e-07
 Reference value :  6.88268e-07
 Reference value :  6.88828e-07
 Reference value :  6.89468e-07
 Reference value :  6.90013e-07
 Reference value :  6.90468e-07
 Reference value :  6.91068e-07
 Reference value :  6.91588e-07
 Reference value :  6.92008e-07
 Reference value :  6.92388e-07
 Reference value :  6.92868e-07
 Reference value :  6.93548e-07
 Reference value :  6.94000e-07
 Reference value :  6.94008e-07
 Reference value :  6.94019e-07
 Reference value :  6.94348e-07
 Reference value :  6.94548e-07
 Reference value :  6.94668e-07
 Reference value :  6.94788e-07
 Reference value :  6.95108e-07
 Reference value :  6.95548e-07
 Reference value :  6.95948e-07
 Reference value :  6.96015e-07
 Reference value :  6.96226e-07
 Reference value :  6.96386e-07
 Reference value :  6.96586e-07
 Reference value :  6.97346e-07
 Reference value :  6.98000e-07
 Reference value :  6.98228e-07
 Reference value :  6.98348e-07
 Reference value :  6.99148e-07
 Reference value :  6.99908e-07
 Reference value :  7.00188e-07
 Reference value :  7.00708e-07
 Reference value :  7.01188e-07
 Reference value :  7.01868e-07
 Reference value :  7.02026e-07
 Reference value :  7.02468e-07
 Reference value :  7.02988e-07
 Reference value :  7.03508e-07
 Reference value :  7.04004e-07
 Reference value :  7.04148e-07
 Reference value :  7.04468e-07
 Reference value :  7.04948e-07
 Reference value :  7.05188e-07
 Reference value :  7.05508e-07
 Reference value :  7.06019e-07
 Reference value :  7.06548e-07
 Reference value :  7.07268e-07
 Reference value :  7.08000e-07
 Reference value :  7.08268e-07
 Reference value :  7.08668e-07
 Reference value :  7.08788e-07
 Reference value :  7.09308e-07
 Reference value :  7.09948e-07
 Reference value :  7.10188e-07
 Reference value :  7.10548e-07
 Reference value :  7.11028e-07
 Reference value :  7.11548e-07
 Reference value :  7.12008e-07
 Reference value :  7.12108e-07
 Reference value :  7.12268e-07
 Reference value :  7.12748e-07
 Reference value :  7.13068e-07
 Reference value :  7.13668e-07
 Reference value :  7.14026e-07
 Reference value :  7.14588e-07
 Reference value :  7.15188e-07
 Reference value :  7.15948e-07
 Reference value :  7.16013e-07
 Reference value :  7.16388e-07
 Reference value :  7.16828e-07
 Reference value :  7.17468e-07
 Reference value :  7.18012e-07
 Reference value :  7.18388e-07
 Reference value :  7.19148e-07
 Reference value :  7.19868e-07
 Reference value :  7.20188e-07
 Reference value :  7.20708e-07
 Reference value :  7.21388e-07
 Reference value :  7.21628e-07
 Reference value :  7.22015e-07
 Reference value :  7.22468e-07
 Reference value :  7.23188e-07
 Reference value :  7.23908e-07
 Reference value :  7.24228e-07
 Reference value :  7.24628e-07
 Reference value :  7.25188e-07
 Reference value :  7.25908e-07
 Reference value :  7.26228e-07
 Reference value :  7.26748e-07
 Reference value :  7.27508e-07
 Reference value :  7.28015e-07
 Reference value :  7.28428e-07
 Reference value :  7.29108e-07
 Reference value :  7.29828e-07
 Reference value :  7.30148e-07
 Reference value :  7.30748e-07
 Reference value :  7.31508e-07
 Reference value :  7.32019e-07
 Reference value :  7.32388e-07
 Reference value :  7.32868e-07
 Reference value :  7.33268e-07
 Reference value :  7.33788e-07
 Reference value :  7.34026e-07
 Reference value :  7.34388e-07
 Reference value :  7.34948e-07
 Reference value :  7.35148e-07
 Reference value :  7.35628e-07
 Reference value :  7.35788e-07
 Reference value :  7.36108e-07
 Reference value :  7.36508e-07
 Reference value :  7.37268e-07
 Reference value :  7.37974e-07
 Reference value :  7.38188e-07
 Reference value :  7.38228e-07
 Reference value :  7.38508e-07
 Reference value :  7.38988e-07
 Reference value :  7.39428e-07
 Reference value :  7.39788e-07
 Reference value :  7.40000e-07
 Reference value :  7.40268e-07
 Reference value :  7.40788e-07
 Reference value :  7.41308e-07
 Reference value :  7.42000e-07
 Reference value :  7.42308e-07
 Reference value :  7.43028e-07
 Reference value :  7.43748e-07
 Reference value :  7.44013e-07
 Reference value :  7.44348e-07
 Reference value :  7.44868e-07
 Reference value :  7.45628e-07
 Reference value :  7.46026e-07
 Reference value :  7.46508e-07
 Reference value :  7.46788e-07
 Reference value :  7.47428e-07
 Reference value :  7.48013e-07
 Reference value :  7.48388e-07
 Reference value :  7.48868e-07
 Reference value :  7.49508e-07
 Reference value :  7.50015e-07
 Reference value :  7.50468e-07
 Reference value :  7.51228e-07
 Reference value :  7.51974e-07
 Reference value :  7.52228e-07
 Reference value :  7.52748e-07
 Reference value :  7.53428e-07
 Reference value :  7.54008e-07
 Reference value :  7.54348e-07
 Reference value :  7.55108e-07
 Reference value :  7.55868e-07
 Reference value :  7.56188e-07
 Reference value :  7.56708e-07
 Reference value :  7.57188e-07
 Reference value :  7.57548e-07
 Reference value :  7.57974e-07
 Reference value :  7.58268e-07
 Reference value :  7.58948e-07
 Reference value :  7.59708e-07
 Reference value :  7.60068e-07
 Reference value :  7.60508e-07
 Reference value :  7.61148e-07
 Reference value :  7.61868e-07
 Reference value :  7.62108e-07
 Reference value :  7.62188e-07
 Reference value :  7.62708e-07
 Reference value :  7.63228e-07
 Reference value :  7.63788e-07
 Reference value :  7.64013e-07
 Reference value :  7.64308e-07
 Reference value :  7.64588e-07
 Reference value :  7.64828e-07
 Reference value :  7.65508e-07
 Reference value :  7.66013e-07
 Reference value :  7.66388e-07
 Reference value :  7.67068e-07
 Reference value :  7.67468e-07
 Reference value :  7.67868e-07
 Reference value :  7.68188e-07
 Reference value :  7.68628e-07
 Reference value :  7.69308e-07
 Reference value :  7.70004e-07
 Reference value :  7.70068e-07
 Reference value :  7.70628e-07
 Reference value :  7.71348e-07
 Reference value :  7.72001e-07
 Reference value :  7.72108e-07
 Reference value :  7.72628e-07
 Reference value :  7.73108e-07
 Reference value :  7.73788e-07
 Reference value :  7.74000e-07
 Reference value :  7.74308e-07
 Reference value :  7.75068e-07
 Reference value :  7.75748e-07
 Reference value :  7.76108e-07
 Reference value :  7.76548e-07
 Reference value :  7.77348e-07
 Reference value :  7.78004e-07
 Reference value :  7.78268e-07
 Reference value :  7.78988e-07
 Reference value :  7.79708e-07
 Reference value :  7.80008e-07
 Reference value :  7.80068e-07
 Reference value :  7.80588e-07
 Reference value :  7.81028e-07
 Reference value :  7.81748e-07
 Reference value :  7.82108e-07
 Reference value :  7.82708e-07
 Reference value :  7.83428e-07
 Reference value :  7.84004e-07
 Reference value :  7.84348e-07
 Reference value :  7.84948e-07
 Reference value :  7.85508e-07
 Reference value :  7.85948e-07
 Reference value :  7.86004e-07
 Reference value :  7.86013e-07
 Reference value :  7.86228e-07
 Reference value :  7.86708e-07
 Reference value :  7.87228e-07
 Reference value :  7.87588e-07
 Reference value :  7.87788e-07
 Reference value :  7.87908e-07
 Reference value :  7.88000e-07
 Reference value :  7.88308e-07
 Reference value :  7.88748e-07
 Reference value :  7.89388e-07
 Reference value :  7.89828e-07
 Reference value :  7.90148e-07
 Reference value :  7.90828e-07
 Reference value :  7.91508e-07
 Reference value :  7.92013e-07
 Reference value :  7.92348e-07
 Reference value :  7.92708e-07
 Reference value :  7.93428e-07
 Reference value :  7.94001e-07
 Reference value :  7.94068e-07
 Reference value :  7.94428e-07
 Reference value :  7.95108e-07
 Reference value :  7.95668e-07
 Reference value :  7.96066e-07
 Reference value :  7.96506e-07
 Reference value :  7.96986e-07
 Reference value :  7.97666e-07
 Reference value :  7.98040e-07
 Reference value :  7.98668e-07
 Reference value :  7.99428e-07
 Reference value :  8.00013e-07
 Reference value :  8.00348e-07
 Reference value :  8.00948e-07
 Reference value :  8.01668e-07
 Reference value :  8.02068e-07
 Reference value :  8.02148e-07
 Reference value :  8.02708e-07
 Reference value :  8.03468e-07
 Reference value :  8.04013e-07
 Reference value :  8.04428e-07
 Reference value :  8.04908e-07
 Reference value :  8.05468e-07
 Reference value :  8.05748e-07
 Reference value :  8.06108e-07
 Reference value :  8.06788e-07
 Reference value :  8.07548e-07
 Reference value :  8.08019e-07
 Reference value :  8.08428e-07
 Reference value :  8.09028e-07
 Reference value :  8.09548e-07
 Reference value :  8.10001e-07
 Reference value :  8.10188e-07
 Reference value :  8.10628e-07
 Reference value :  8.11068e-07
 Reference value :  8.11428e-07
 Reference value :  8.12000e-07
 Reference value :  8.12015e-07
 Reference value :  8.12108e-07
 Reference value :  8.12188e-07
 Reference value :  8.12268e-07
 Reference value :  8.12348e-07
 Reference value :  8.12388e-07
 Reference value :  8.12468e-07
 Reference value :  8.12548e-07
 Reference value :  8.12628e-07
 Reference value :  8.12668e-07
 Reference value :  8.12708e-07
 Reference value :  8.12788e-07
 Reference value :  8.12868e-07
 Reference value :  8.12948e-07
 Reference value :  8.13068e-07
 Reference value :  8.13148e-07
 Reference value :  8.13268e-07
 Reference value :  8.13388e-07
 Reference value :  8.13508e-07
 Reference value :  8.13588e-07
 Reference value :  8.14001e-07
 Reference value :  8.14148e-07
 Reference value :  8.14868e-07
 Reference value :  8.15668e-07
 Reference value :  8.16026e-07
 Reference value :  8.16468e-07
 Reference value :  8.17188e-07
 Reference value :  8.17908e-07
 Reference value :  8.18188e-07
 Reference value :  8.18868e-07
 Reference value :  8.19628e-07
 Reference value :  8.20039e-07
 Reference value :  8.20506e-07
 Reference value :  8.20866e-07
 Reference value :  8.21426e-07
 Reference value :  8.22013e-07
 Reference value :  8.22188e-07
 Reference value :  8.22748e-07
 Reference value :  8.23508e-07
 Reference value :  8.24015e-07
 Reference value :  8.24388e-07
 Reference value :  8.25028e-07
 Reference value :  8.25828e-07
 Reference value :  8.26148e-07
 Reference value :  8.26708e-07
 Reference value :  8.27428e-07
 Reference value :  8.28008e-07
 Reference value :  8.28348e-07
 Reference value :  8.28788e-07
 Reference value :  8.29348e-07
 Reference value :  8.29974e-07
 Reference value :  8.30228e-07
 Reference value :  8.30948e-07
 Reference value :  8.31748e-07
 Reference value :  8.32108e-07
 Reference value :  8.32588e-07
 Reference value :  8.33388e-07
 Reference value :  8.34008e-07
 Reference value :  8.34388e-07
 Reference value :  8.35108e-07
 Reference value :  8.35868e-07
 Reference value :  8.36148e-07
 Reference value :  8.36668e-07
 Reference value :  8.37148e-07
 Reference value :  8.37828e-07
 Reference value :  8.38148e-07
 Reference value :  8.38588e-07
 Reference value :  8.39108e-07
 Reference value :  8.39588e-07
 Reference value :  8.40008e-07
 Reference value :  8.40148e-07
 Reference value :  8.40468e-07
 Reference value :  8.40708e-07
 Reference value :  8.41068e-07
 Reference value :  8.41268e-07
 Reference value :  8.41388e-07
 Reference value :  8.41468e-07
 Reference value :  8.41588e-07
 Reference value :  8.41668e-07
 Reference value :  8.41788e-07
 Reference value :  8.41908e-07
 Reference value :  8.42000e-07
 Reference value :  8.42008e-07
 Reference value :  8.42019e-07
 Reference value :  8.42040e-07
 Reference value :  8.42108e-07
 Reference value :  8.42188e-07
 Reference value :  8.42268e-07
 Reference value :  8.42388e-07
 Reference value :  8.42508e-07
 Reference value :  8.42628e-07
 Reference value :  8.42748e-07
 Reference value :  8.42868e-07
 Reference value :  8.42988e-07
 Reference value :  8.43148e-07
 Reference value :  8.43348e-07
 Reference value :  8.43974e-07
 Reference value :  8.44266e-07
 Reference value :  8.44666e-07
 Reference value :  8.44826e-07
 Reference value :  8.45426e-07
 Reference value :  8.46008e-07
 Reference value :  8.46428e-07
 Reference value :  8.46708e-07
 Reference value :  8.47388e-07
 Reference value :  8.48000e-07
 Reference value :  8.48188e-07
 Reference value :  8.48548e-07
 Reference value :  8.49348e-07
 Reference value :  8.50001e-07
 Reference value :  8.50308e-07
 Reference value :  8.51108e-07
 Reference value :  8.51828e-07
 Reference value :  8.52148e-07
 Reference value :  8.52588e-07
 Reference value :  8.53148e-07
 Reference value :  8.53868e-07
 Reference value :  8.54148e-07
 Reference value :  8.54788e-07
 Reference value :  8.55508e-07
 Reference value :  8.56015e-07
 Reference value :  8.56388e-07
 Reference value :  8.57028e-07
 Reference value :  8.57188e-07
 Reference value :  8.57908e-07
 Reference value :  8.58188e-07
 Reference value :  8.58908e-07
 Reference value :  8.59708e-07
 Reference value :  8.60068e-07
 Reference value :  8.60548e-07
 Reference value :  8.60988e-07
 Reference value :  8.61708e-07
 Reference value :  8.62026e-07
 Reference value :  8.62628e-07
 Reference value :  8.63148e-07
 Reference value :  8.63868e-07
 Reference value :  8.64188e-07
 Reference value :  8.64628e-07
 Reference value :  8.65428e-07
 Reference value :  8.66008e-07
 Reference value :  8.66388e-07
 Reference value :  8.67148e-07
 Reference value :  8.67868e-07
 Reference value :  8.68226e-07
 Reference value :  8.68706e-07
 Reference value :  8.69186e-07
 Reference value :  8.69826e-07
 Reference value :  8.70188e-07
 Reference value :  8.70868e-07
 Reference value :  8.71628e-07
 Reference value :  8.72040e-07
 Reference value :  8.72468e-07
 Reference value :  8.73108e-07
 Reference value :  8.73788e-07
 Reference value :  8.74148e-07
 Reference value :  8.74788e-07
 Reference value :  8.75548e-07
 Reference value :  8.76015e-07
 Reference value :  8.76428e-07
 Reference value :  8.76868e-07
 Reference value :  8.77548e-07
 Reference value :  8.78019e-07
 Reference value :  8.78508e-07
 Reference value :  8.79228e-07
 Reference value :  8.79974e-07
 Reference value :  8.80228e-07
 Reference value :  8.80748e-07
 Reference value :  8.81188e-07
 Reference value :  8.81974e-07
 Reference value :  8.82228e-07
 Reference value :  8.82988e-07
 Reference value :  8.83708e-07
 Reference value :  8.84068e-07
 Reference value :  8.84588e-07
 Reference value :  8.84988e-07
 Reference value :  8.85708e-07
 Reference value :  8.86019e-07
 Reference value :  8.86188e-07
 Reference value :  8.86588e-07
 Reference value :  8.87068e-07
 Reference value :  8.87588e-07
 Reference value :  8.88000e-07
 Reference value :  8.88108e-07
 Reference value :  8.88308e-07
 Reference value :  8.88428e-07
 Reference value :  8.88708e-07
 Reference value :  8.88788e-07
 Reference value :  8.89028e-07
 Reference value :  8.89788e-07
 Reference value :  8.89974e-07
 Reference value :  8.90188e-07
 Reference value :  8.90468e-07
 Reference value :  8.91188e-07
 Reference value :  8.91948e-07
 Reference value :  8.92266e-07
 Reference value :  8.92746e-07
 Reference value :  8.93306e-07
 Reference value :  8.94000e-07
 Reference value :  8.94308e-07
 Reference value :  8.95028e-07
 Reference value :  8.95788e-07
 Reference value :  8.96148e-07
 Reference value :  8.96628e-07
 Reference value :  8.97348e-07
 Reference value :  8.98001e-07
 Reference value :  8.98308e-07
 Reference value :  8.99028e-07
 Reference value :  8.99748e-07
 Reference value :  9.00068e-07
 Reference value :  9.00308e-07
 Reference value :  9.00508e-07
 Reference value :  9.00988e-07
 Reference value :  9.01588e-07
 Reference value :  9.02015e-07
 Reference value :  9.02548e-07
 Reference value :  9.03268e-07
 Reference value :  9.04000e-07
 Reference value :  9.04188e-07
 Reference value :  9.04628e-07
 Reference value :  9.05268e-07
 Reference value :  9.05948e-07
 Reference value :  9.06188e-07
 Reference value :  9.06868e-07
 Reference value :  9.07588e-07
 Reference value :  9.08015e-07
 Reference value :  9.08428e-07
 Reference value :  9.08828e-07
 Reference value :  9.09468e-07
 Reference value :  9.10013e-07
 Reference value :  9.10268e-07
 Reference value :  9.10668e-07
 Reference value :  9.11068e-07
 Reference value :  9.11548e-07
 Reference value :  9.12013e-07
 Reference value :  9.12388e-07
 Reference value :  9.13028e-07
 Reference value :  9.13548e-07
 Reference value :  9.13788e-07
 Reference value :  9.14108e-07
 Reference value :  9.14748e-07
 Reference value :  9.15428e-07
 Reference value :  9.16013e-07
 Reference value :  9.16386e-07
 Reference value :  9.16906e-07
 Reference value :  9.17586e-07
 Reference value :  9.18015e-07
 Reference value :  9.18548e-07
 Reference value :  9.19268e-07
 Reference value :  9.19974e-07
 Reference value :  9.20013e-07
 Reference value :  9.20348e-07
 Reference value :  9.20908e-07
 Reference value :  9.21588e-07
 Reference value :  9.22015e-07
 Reference value :  9.22428e-07
 Reference value :  9.23148e-07
 Reference value :  9.23908e-07
 Reference value :  9.24228e-07
 Reference value :  9.24708e-07
 Reference value :  9.25188e-07
 Reference value :  9.25948e-07
 Reference value :  9.26228e-07
 Reference value :  9.26948e-07
 Reference value :  9.27668e-07
 Reference value :  9.28040e-07
 Reference value :  9.28468e-07
 Reference value :  9.29108e-07
 Reference value :  9.29828e-07
 Reference value :  9.30148e-07
 Reference value :  9.30828e-07
 Reference value :  9.31468e-07
 Reference value :  9.32008e-07
 Reference value :  9.32348e-07
 Reference value :  9.32788e-07
 Reference value :  9.33348e-07
 Reference value :  9.34000e-07
 Reference value :  9.34308e-07
 Reference value :  9.35028e-07
 Reference value :  9.35748e-07
 Reference value :  9.36068e-07
 Reference value :  9.36508e-07
 Reference value :  9.37188e-07
 Reference value :  9.37908e-07
 Reference value :  9.38188e-07
 Reference value :  9.38788e-07
 Reference value :  9.39548e-07
 Reference value :  9.40015e-07
 Reference value :  9.40066e-07
 Reference value :  9.40226e-07
 Reference value :  9.40466e-07
 Reference value :  9.40746e-07
 Reference value :  9.40826e-07
 Reference value :  9.40906e-07
 Reference value :  9.41266e-07
 Reference value :  9.41666e-07
 Reference value :  9.41786e-07
 Reference value :  9.41973e-07
 Reference value :  9.42108e-07
 Reference value :  9.42548e-07
 Reference value :  9.42868e-07
 Reference value :  9.43548e-07
 Reference value :  9.44019e-07
 Reference value :  9.44428e-07
 Reference value :  9.45068e-07
 Reference value :  9.45828e-07
 Reference value :  9.46188e-07
 Reference value :  9.46908e-07
 Reference value :  9.47188e-07
 Reference value :  9.47308e-07
 Reference value :  9.47628e-07
 Reference value :  9.48040e-07
 Reference value :  9.48468e-07
 Reference value :  9.48988e-07
 Reference value :  9.49668e-07
 Reference value :  9.49908e-07
 Reference value :  9.50008e-07
 Reference value :  9.50388e-07
 Reference value :  9.51148e-07
 Reference value :  9.51868e-07
 Reference value :  9.52188e-07
 Reference value :  9.52628e-07
 Reference value :  9.53388e-07
 Reference value :  9.54004e-07
 Reference value :  9.54019e-07
 Reference value :  9.54548e-07
 Reference value :  9.55228e-07
 Reference value :  9.55974e-07
 Reference value :  9.56019e-07
 Reference value :  9.56040e-07
 Reference value :  9.56108e-07
 Reference value :  9.56428e-07
 Reference value :  9.56788e-07
 Reference value :  9.57228e-07
 Reference value :  9.57428e-07
 Reference value :  9.57828e-07
 Reference value :  9.58013e-07
 Reference value :  9.58388e-07
 Reference value :  9.59108e-07
 Reference value :  9.59828e-07
 Reference value :  9.60148e-07
 Reference value :  9.60588e-07
 Reference value :  9.61188e-07
 Reference value :  9.61708e-07
 Reference value :  9.62008e-07
 Reference value :  9.62348e-07
 Reference value :  9.63108e-07
 Reference value :  9.63748e-07
 Reference value :  9.64108e-07
 Reference value :  9.64588e-07
 Reference value :  9.64988e-07
 Reference value :  9.65348e-07
 Reference value :  9.66004e-07
 Reference value :  9.66068e-07
 Reference value :  9.66708e-07
 Reference value :  9.67348e-07
 Reference value :  9.67708e-07
 Reference value :  9.68068e-07
 Reference value :  9.68508e-07
 Reference value :  9.69188e-07
 Reference value :  9.69908e-07
 Reference value :  9.70148e-07
 Reference value :  9.70668e-07
 Reference value :  9.71388e-07
 Reference value :  9.72000e-07
 Reference value :  9.72268e-07
 Reference value :  9.72748e-07
 Reference value :  9.73268e-07
 Reference value :  9.74000e-07
 Reference value :  9.74108e-07
 Reference value :  9.74268e-07
 Reference value :  9.74388e-07
 Reference value :  9.75148e-07
 Reference value :  9.75908e-07
 Reference value :  9.76148e-07
 Reference value :  9.76588e-07
 Reference value :  9.77268e-07
 Reference value :  9.78000e-07
 Reference value :  9.78228e-07
 Reference value :  9.78508e-07
 Reference value :  9.79068e-07
 Reference value :  9.79788e-07
 Reference value :  9.80068e-07
 Reference value :  9.80548e-07
 Reference value :  9.81108e-07
 Reference value :  9.81708e-07
 Reference value :  9.82026e-07
 Reference value :  9.82508e-07
 Reference value :  9.83228e-07
 Reference value :  9.83974e-07
 Reference value :  9.84228e-07
 Reference value :  9.84708e-07
 Reference value :  9.85388e-07
 Reference value :  9.86008e-07
 Reference value :  9.86308e-07
 Reference value :  9.87068e-07
 Reference value :  9.87828e-07
 Reference value :  9.88108e-07
 Reference value :  9.88628e-07
 Reference value :  9.89028e-07
 Reference value :  9.89748e-07
 Reference value :  9.90068e-07
 Reference value :  9.90668e-07
 Reference value :  9.91188e-07
 Reference value :  9.91828e-07
 Reference value :  9.92108e-07
 Reference value :  9.92428e-07
 Reference value :  9.92708e-07
 Reference value :  9.93388e-07
 Reference value :  9.94001e-07
 Reference value :  9.94108e-07
 Reference value :  9.94708e-07
 Reference value :  9.94948e-07
 Reference value :  9.95388e-07
 Reference value :  9.95868e-07
 Reference value :  9.96019e-07
 Reference value :  9.96308e-07
 Reference value :  9.96628e-07
 Reference value :  9.96948e-07
 Reference value :  9.97308e-07
 Reference value :  9.97628e-07
 Reference value :  9.98026e-07
 Reference value :  9.98588e-07
 Reference value :  9.99308e-07
 Reference value :  9.99974e-07
 Reference value :  1.00023e-06
 Reference value :  1.00063e-06
 Reference value :  1.00135e-06
 Reference value :  1.00200e-06
 Reference value :  1.00231e-06
 Reference value :  1.00243e-06
 Reference value :  1.00311e-06
 Reference value :  1.00339e-06
 Reference value :  1.00400e-06
 Reference value :  1.00427e-06
 Reference value :  1.00467e-06
 Reference value :  1.00527e-06
 Reference value :  1.00551e-06
 Reference value :  1.00601e-06
 Reference value :  1.00643e-06
 Reference value :  1.00715e-06
 Reference value :  1.00779e-06
 Reference value :  1.00807e-06
 Reference value :  1.00851e-06
 Reference value :  1.00879e-06
 Reference value :  1.00943e-06
 Reference value :  1.01000e-06
 Reference value :  1.01023e-06
 Reference value :  1.01083e-06
 Reference value :  1.01155e-06
 Reference value :  1.01201e-06
 Reference value :  1.01239e-06
 Reference value :  1.01279e-06
 Reference value :  1.01295e-06
 Reference value :  1.01339e-06
 Reference value :  1.01387e-06
 Reference value :  1.01401e-06
 Reference value :  1.01415e-06
 Reference value :  1.01447e-06
 Reference value :  1.01475e-06
 Reference value :  1.01511e-06
 Reference value :  1.01543e-06
 Reference value :  1.01601e-06
 Reference value :  1.01635e-06
 Reference value :  1.01691e-06
 Reference value :  1.01755e-06
 Reference value :  1.01795e-06
 Reference value :  1.01802e-06
 Reference value :  1.01855e-06
 Reference value :  1.01923e-06
 Reference value :  1.02000e-06
 Reference value :  1.02031e-06
 Reference value :  1.02079e-06
 Reference value :  1.02111e-06
 Reference value :  1.02123e-06
 Reference value :  1.02197e-06
 Reference value :  1.02223e-06
 Reference value :  1.02299e-06
 Reference value :  1.02363e-06
 Reference value :  1.02403e-06
 Reference value :  1.02447e-06
 Reference value :  1.02503e-06
 Reference value :  1.02583e-06
 Reference value :  1.02603e-06
 Reference value :  1.02619e-06
 Reference value :  1.02663e-06
 Reference value :  1.02719e-06
 Reference value :  1.02767e-06
 Reference value :  1.02801e-06
 Reference value :  1.02815e-06
 Reference value :  1.02835e-06
 Reference value :  1.02859e-06
 Reference value :  1.02903e-06
 Reference value :  1.02967e-06
 Reference value :  1.03007e-06
 Reference value :  1.03031e-06
 Reference value :  1.03079e-06
 Reference value :  1.03151e-06
 Reference value :  1.03201e-06
 Reference value :  1.03215e-06
 Reference value :  1.03267e-06
 Reference value :  1.03335e-06
 Reference value :  1.03383e-06
 Reference value :  1.03415e-06
 Reference value :  1.03479e-06
 Reference value :  1.03559e-06
 Reference value :  1.03602e-06
 Reference value :  1.03647e-06
 Reference value :  1.03687e-06
 Reference value :  1.03751e-06
 Reference value :  1.03801e-06
 Reference value :  1.03851e-06
 Reference value :  1.03919e-06
 Reference value :  1.03987e-06
 Reference value :  1.04019e-06
 Reference value :  1.04067e-06
 Reference value :  1.04119e-06
 Reference value :  1.04167e-06
 Reference value :  1.04201e-06
 Reference value :  1.04227e-06
 Reference value :  1.04283e-06
 Reference value :  1.04327e-06
 Reference value :  1.04379e-06
 Reference value :  1.04401e-06
 Reference value :  1.04407e-06
 Reference value :  1.04443e-06
 Reference value :  1.04451e-06
 Reference value :  1.04455e-06
 Reference value :  1.04463e-06
 Reference value :  1.04471e-06
 Reference value :  1.04479e-06
 Reference value :  1.04487e-06
 Reference value :  1.04499e-06
 Reference value :  1.04507e-06
 Reference value :  1.04519e-06
 Reference value :  1.04531e-06
 Reference value :  1.04547e-06
 Reference value :  1.04559e-06
 Reference value :  1.04571e-06
 Reference value :  1.04583e-06
 Reference value :  1.04597e-06
 Reference value :  1.04600e-06
 Reference value :  1.04601e-06
 Reference value :  1.04602e-06
 Reference value :  1.04615e-06
 Reference value :  1.04671e-06
 Reference value :  1.04719e-06
 Reference value :  1.04795e-06
 Reference value :  1.04823e-06
 Reference value :  1.04867e-06
 Reference value :  1.04939e-06
 Reference value :  1.05000e-06
 Reference value :  1.05031e-06
 Reference value :  1.05095e-06
 Reference value :  1.05167e-06
 Reference value :  1.05207e-06
 Reference value :  1.05255e-06
 Reference value :  1.05299e-06
 Reference value :  1.05367e-06
 Reference value :  1.05404e-06
 Reference value :  1.05463e-06
 Reference value :  1.05535e-06
 Reference value :  1.05600e-06
 Reference value :  1.05627e-06
 Reference value :  1.05683e-06
 Reference value :  1.05755e-06
 Reference value :  1.05802e-06
 Reference value :  1.05847e-06
 Reference value :  1.05915e-06
 Reference value :  1.05983e-06
 Reference value :  1.06011e-06
 Reference value :  1.06059e-06
 Reference value :  1.06107e-06
 Reference value :  1.06175e-06
 Reference value :  1.06201e-06
 Reference value :  1.06239e-06
 Reference value :  1.06315e-06
 Reference value :  1.06383e-06
 Reference value :  1.06415e-06
 Reference value :  1.06459e-06
 Reference value :  1.06531e-06
 Reference value :  1.06600e-06
 Reference value :  1.06627e-06
 Reference value :  1.06703e-06
 Reference value :  1.06779e-06
 Reference value :  1.06807e-06
 Reference value :  1.06843e-06
 Reference value :  1.06867e-06
 Reference value :  1.06915e-06
 Reference value :  1.06955e-06
 Reference value :  1.07001e-06
 Reference value :  1.07043e-06
 Reference value :  1.07115e-06
 Reference value :  1.07151e-06
 Reference value :  1.07163e-06
 Reference value :  1.07204e-06
 Reference value :  1.07227e-06
 Reference value :  1.07279e-06
 Reference value :  1.07355e-06
 Reference value :  1.07401e-06
 Reference value :  1.07447e-06
 Reference value :  1.07519e-06
 Reference value :  1.07591e-06
 Reference value :  1.07615e-06
 Reference value :  1.07667e-06
 Reference value :  1.07723e-06
 Reference value :  1.07795e-06
 Reference value :  1.07823e-06
 Reference value :  1.07895e-06
 Reference value :  1.07971e-06
 Reference value :  1.08007e-06
 Reference value :  1.08051e-06
 Reference value :  1.08127e-06
 Reference value :  1.08195e-06
 Reference value :  1.08219e-06
 Reference value :  1.08283e-06
 Reference value :  1.08355e-06
 Reference value :  1.08401e-06
 Reference value :  1.08431e-06
 Reference value :  1.08479e-06
 Reference value :  1.08539e-06
 Reference value :  1.08600e-06
 Reference value :  1.08635e-06
 Reference value :  1.08707e-06
 Reference value :  1.08767e-06
 Reference value :  1.08800e-06
 Reference value :  1.08823e-06
 Reference value :  1.08871e-06
 Reference value :  1.08939e-06
 Reference value :  1.09001e-06
 Reference value :  1.09039e-06
 Reference value :  1.09111e-06
 Reference value :  1.09187e-06
 Reference value :  1.09215e-06
 Reference value :  1.09267e-06
 Reference value :  1.09311e-06
 Reference value :  1.09331e-06
 Reference value :  1.09375e-06
 Reference value :  1.09402e-06
 Reference value :  1.09431e-06
 Reference value :  1.09475e-06
 Reference value :  1.09511e-06
 Reference value :  1.09547e-06
 Reference value :  1.09587e-06
 Reference value :  1.09602e-06
 Reference value :  1.09611e-06
 Reference value :  1.09639e-06
 Reference value :  1.09647e-06
 Reference value :  1.09667e-06
 Reference value :  1.09683e-06
 Reference value :  1.09695e-06
 Reference value :  1.09731e-06
 Reference value :  1.09759e-06
 Reference value :  1.09771e-06
 Reference value :  1.09787e-06
 Reference value :  1.09807e-06
 Reference value :  1.09863e-06
 Reference value :  1.09939e-06
 Reference value :  1.10000e-06
 Reference value :  1.10027e-06
 Reference value :  1.10055e-06
 Reference value :  1.10067e-06
 Reference value :  1.10115e-06
 Reference value :  1.10183e-06
 Reference value :  1.10211e-06
 Reference value :  1.10267e-06
 Reference value :  1.10343e-06
 Reference value :  1.10401e-06
 Reference value :  1.10423e-06
 Reference value :  1.10451e-06
 Reference value :  1.10507e-06
 Reference value :  1.10579e-06
 Reference value :  1.10604e-06
 Reference value :  1.10663e-06
 Reference value :  1.10731e-06
 Reference value :  1.10791e-06
 Reference value :  1.10811e-06
 Reference value :  1.10835e-06
 Reference value :  1.10883e-06
 Reference value :  1.10947e-06
 Reference value :  1.11001e-06
 Reference value :  1.11047e-06
 Reference value :  1.11123e-06
 Reference value :  1.11195e-06
 Reference value :  1.11215e-06
 Reference value :  1.11247e-06
 Reference value :  1.11291e-06
 Reference value :  1.11331e-06
 Reference value :  1.11400e-06
 Reference value :  1.11423e-06
 Reference value :  1.11483e-06
 Reference value :  1.11503e-06
 Reference value :  1.11555e-06
 Reference value :  1.11602e-06
 Reference value :  1.11643e-06
 Reference value :  1.11679e-06
 Reference value :  1.11695e-06
 Reference value :  1.11715e-06
 Reference value :  1.11735e-06
 Reference value :  1.11747e-06
 Reference value :  1.11771e-06
 Reference value :  1.11795e-06
 Reference value :  1.11800e-06
 Reference value :  1.11811e-06
 Reference value :  1.11843e-06
 Reference value :  1.11919e-06
 Reference value :  1.11995e-06
 Reference value :  1.12015e-06
 Reference value :  1.12063e-06
 Reference value :  1.12115e-06
 Reference value :  1.12151e-06
 Reference value :  1.12201e-06
 Reference value :  1.12235e-06
 Reference value :  1.12291e-06
 Reference value :  1.12347e-06
 Reference value :  1.12387e-06
 Reference value :  1.12403e-06
 Reference value :  1.12451e-06
 Reference value :  1.12499e-06
 Reference value :  1.12567e-06
 Reference value :  1.12603e-06
 Reference value :  1.12643e-06
 Reference value :  1.12675e-06
 Reference value :  1.12743e-06
 Reference value :  1.12800e-06
 Reference value :  1.12803e-06
 Reference value :  1.12847e-06
 Reference value :  1.12871e-06
 Reference value :  1.12947e-06
 Reference value :  1.13001e-06
 Reference value :  1.13039e-06
 Reference value :  1.13107e-06
 Reference value :  1.13183e-06
 Reference value :  1.13200e-06
 Reference value :  1.13219e-06
 Reference value :  1.13247e-06
 Reference value :  1.13279e-06
 Reference value :  1.13347e-06
 Reference value :  1.13401e-06
 Reference value :  1.13439e-06
 Reference value :  1.13511e-06
 Reference value :  1.13583e-06
 Reference value :  1.13607e-06
 Reference value :  1.13655e-06
 Reference value :  1.13731e-06
 Reference value :  1.13775e-06
 Reference value :  1.13801e-06
 Reference value :  1.13827e-06
 Reference value :  1.13903e-06
 Reference value :  1.13971e-06
 Reference value :  1.14001e-06
 Reference value :  1.14031e-06
 Reference value :  1.14079e-06
 Reference value :  1.14139e-06
 Reference value :  1.14200e-06
 Reference value :  1.14207e-06
 Reference value :  1.14215e-06
 Reference value :  1.14255e-06
 Reference value :  1.14311e-06
 Reference value :  1.14331e-06
 Reference value :  1.14339e-06
 Reference value :  1.14351e-06
 Reference value :  1.14375e-06
 Reference value :  1.14387e-06
 Reference value :  1.14400e-06
 Reference value :  1.14401e-06
 Reference value :  1.14419e-06
 Reference value :  1.14467e-06
 Reference value :  1.14539e-06
 Reference value :  1.14601e-06
 Reference value :  1.14623e-06
 Reference value :  1.14635e-06
 Reference value :  1.14647e-06
 Reference value :  1.14719e-06
 Reference value :  1.14787e-06
 Reference value :  1.14819e-06
 Reference value :  1.14867e-06
 Reference value :  1.14915e-06
 Reference value :  1.14927e-06
 Reference value :  1.14975e-06
 Reference value :  1.15003e-06
 Reference value :  1.15055e-06
 Reference value :  1.15131e-06
 Reference value :  1.15197e-06
 Reference value :  1.15227e-06
 Reference value :  1.15279e-06
 Reference value :  1.15311e-06
 Reference value :  1.15331e-06
 Reference value :  1.15400e-06
 Reference value :  1.15427e-06
 Reference value :  1.15503e-06
 Reference value :  1.15583e-06
 Reference value :  1.15603e-06
 Reference value :  1.15643e-06
 Reference value :  1.15663e-06
 Reference value :  1.15699e-06
 Reference value :  1.15731e-06
 Reference value :  1.15779e-06
 Reference value :  1.15801e-06
 Reference value :  1.15803e-06
 Reference value :  1.15831e-06
 Reference value :  1.15851e-06
 Reference value :  1.15891e-06
 Reference value :  1.15967e-06
 Reference value :  1.16007e-06
 Reference value :  1.16027e-06
 Reference value :  1.16039e-06
 Reference value :  1.16099e-06
 Reference value :  1.16179e-06
 Reference value :  1.16211e-06
 Reference value :  1.16275e-06
 Reference value :  1.16339e-06
 Reference value :  1.16397e-06
 Reference value :  1.16403e-06
 Reference value :  1.16451e-06
 Reference value :  1.16483e-06
 Reference value :  1.16547e-06
 Reference value :  1.16602e-06
 Reference value :  1.16651e-06
 Reference value :  1.16727e-06
 Reference value :  1.16755e-06
 Reference value :  1.16801e-06
 Reference value :  1.16839e-06
 Reference value :  1.16907e-06
 Reference value :  1.16979e-06
 Reference value :  1.17015e-06
 Reference value :  1.17083e-06
 Reference value :  1.17135e-06
 Reference value :  1.17163e-06
 Reference value :  1.17201e-06
 Reference value :  1.17239e-06
 Reference value :  1.17287e-06
 Reference value :  1.17355e-06
 Reference value :  1.17402e-06
 Reference value :  1.17431e-06
 Reference value :  1.17459e-06
 Reference value :  1.17527e-06
 Reference value :  1.17597e-06
 Reference value :  1.17623e-06
 Reference value :  1.17659e-06
 Reference value :  1.17691e-06
 Reference value :  1.17723e-06
 Reference value :  1.17767e-06
 Reference value :  1.17803e-06
 Reference value :  1.17851e-06
 Reference value :  1.17891e-06
 Reference value :  1.17939e-06
 Reference value :  1.17963e-06
 Reference value :  1.18004e-06
 Reference value :  1.18047e-06
 Reference value :  1.18071e-06
 Reference value :  1.18095e-06
 Reference value :  1.18119e-06
 Reference value :  1.18159e-06
 Reference value :  1.18179e-06
 Reference value :  1.18191e-06
 Reference value :  1.18200e-06
 Reference value :  1.18201e-06
 Reference value :  1.18207e-06
 Reference value :  1.18219e-06
 Reference value :  1.18259e-06
 Reference value :  1.18287e-06
 Reference value :  1.18307e-06
 Reference value :  1.18343e-06
 Reference value :  1.18359e-06
 Reference value :  1.18387e-06
 Reference value :  1.18402e-06
 Reference value :  1.18411e-06
 Reference value :  1.18439e-06
 Reference value :  1.18447e-06
 Reference value :  1.18455e-06
 Reference value :  1.18463e-06
 Reference value :  1.18471e-06
 Reference value :  1.18483e-06
 Reference value :  1.18491e-06
 Reference value :  1.18503e-06
 Reference value :  1.18515e-06
 Reference value :  1.18527e-06
 Reference value :  1.18539e-06
 Reference value :  1.18551e-06
 Reference value :  1.18559e-06
 Reference value :  1.18571e-06
 Reference value :  1.18583e-06
 Reference value :  1.18595e-06
 Reference value :  1.18600e-06
 Reference value :  1.18601e-06
 Reference value :  1.18602e-06
 Reference value :  1.18607e-06
 Reference value :  1.18615e-06
 Reference value :  1.18619e-06
 Reference value :  1.18627e-06
 Reference value :  1.18683e-06
 Reference value :  1.18755e-06
 Reference value :  1.18800e-06
 Reference value :  1.18801e-06
 Reference value :  1.18839e-06
 Reference value :  1.18887e-06
 Reference value :  1.18915e-06
 Reference value :  1.18935e-06
 Reference value :  1.19000e-06
 Reference value :  1.19019e-06
 Reference value :  1.19091e-06
 Reference value :  1.19159e-06
 Reference value :  1.19200e-06
 Reference value :  1.19215e-06
 Reference value :  1.19243e-06
 Reference value :  1.19303e-06
 Reference value :  1.19367e-06
 Reference value :  1.19404e-06
 Reference value :  1.19459e-06
 Reference value :  1.19499e-06
 Reference value :  1.19543e-06
 Reference value :  1.19600e-06
 Reference value :  1.19631e-06
 Reference value :  1.19671e-06
 Reference value :  1.19735e-06
 Reference value :  1.19795e-06
 Reference value :  1.19811e-06
 Reference value :  1.19835e-06
 Reference value :  1.19895e-06
 Reference value :  1.19971e-06
 Reference value :  1.20004e-06
 Reference value :  1.20051e-06
 Reference value :  1.20111e-06
 Reference value :  1.20167e-06
 Reference value :  1.20200e-06
 Reference value :  1.20219e-06
 Reference value :  1.20279e-06
 Reference value :  1.20347e-06
 Reference value :  1.20401e-06
 Reference value :  1.20423e-06
 Reference value :  1.20451e-06
 Reference value :  1.20483e-06
 Reference value :  1.20543e-06
 Reference value :  1.20600e-06
 Reference value :  1.20639e-06
 Reference value :  1.20703e-06
 Reference value :  1.20779e-06
 Reference value :  1.20811e-06
 Reference value :  1.20839e-06
 Reference value :  1.20887e-06
 Reference value :  1.20939e-06
 Reference value :  1.21001e-06
 Reference value :  1.21031e-06
 Reference value :  1.21103e-06
 Reference value :  1.21175e-06
 Reference value :  1.21202e-06
 Reference value :  1.21219e-06
 Reference value :  1.21239e-06
 Reference value :  1.21263e-06
 Reference value :  1.21291e-06
 Reference value :  1.21307e-06
 Reference value :  1.21339e-06
 Reference value :  1.21401e-06
 Reference value :  1.21443e-06
 Reference value :  1.21519e-06
 Reference value :  1.21575e-06
 Reference value :  1.21611e-06
 Reference value :  1.21647e-06
 Reference value :  1.21703e-06
 Reference value :  1.21779e-06
 Reference value :  1.21811e-06
 Reference value :  1.21855e-06
 Reference value :  1.21911e-06
 Reference value :  1.21987e-06
 Reference value :  1.22015e-06
 Reference value :  1.22067e-06
 Reference value :  1.22119e-06
 Reference value :  1.22191e-06
 Reference value :  1.22223e-06
 Reference value :  1.22279e-06
 Reference value :  1.22319e-06
 Reference value :  1.22371e-06
 Reference value :  1.22401e-06
 Reference value :  1.22419e-06
 Reference value :  1.22447e-06
 Reference value :  1.22487e-06
 Reference value :  1.22531e-06
 Reference value :  1.22555e-06
 Reference value :  1.22579e-06
 Reference value :  1.22595e-06
 Reference value :  1.22600e-06
 Reference value :  1.22611e-06
 Reference value :  1.22639e-06
 Reference value :  1.22703e-06
 Reference value :  1.22775e-06
 Reference value :  1.22811e-06
 Reference value :  1.22859e-06
 Reference value :  1.22903e-06
 Reference value :  1.22979e-06
 Reference value :  1.23004e-06
 Reference value :  1.23019e-06
 Reference value :  1.23059e-06
 Reference value :  1.23131e-06
 Reference value :  1.23195e-06
 Reference value :  1.23223e-06
 Reference value :  1.23239e-06
 Reference value :  1.23283e-06
 Reference value :  1.23347e-06
 Reference value :  1.23401e-06
 Reference value :  1.23419e-06
 Reference value :  1.23491e-06
 Reference value :  1.23567e-06
 Reference value :  1.23601e-06
 Reference value :  1.23631e-06
 Reference value :  1.23679e-06
 Reference value :  1.23743e-06
 Reference value :  1.23795e-06
 Reference value :  1.23802e-06
 Reference value :  1.23819e-06
 Reference value :  1.23855e-06
 Reference value :  1.23931e-06
 Reference value :  1.23995e-06
 Reference value :  1.24011e-06
 Reference value :  1.24019e-06
 Reference value :  1.24035e-06
 Reference value :  1.24051e-06
 Reference value :  1.24127e-06
 Reference value :  1.24195e-06
 Reference value :  1.24223e-06
 Reference value :  1.24299e-06
 Reference value :  1.24367e-06
 Reference value :  1.24404e-06
 Reference value :  1.24447e-06
 Reference value :  1.24499e-06
 Reference value :  1.24571e-06
 Reference value :  1.24607e-06
 Reference value :  1.24671e-06
 Reference value :  1.24707e-06
 Reference value :  1.24783e-06
 Reference value :  1.24815e-06
 Reference value :  1.24863e-06
 Reference value :  1.24931e-06
 Reference value :  1.25000e-06
 Reference value :  1.25023e-06
 Reference value :  1.25099e-06
 Reference value :  1.25159e-06
 Reference value :  1.25200e-06
 Reference value :  1.25231e-06
 Reference value :  1.25275e-06
 Reference value :  1.25331e-06
 Reference value :  1.25397e-06
 Reference value :  1.25427e-06
 Reference value :  1.25495e-06
 Reference value :  1.25567e-06
 Reference value :  1.25602e-06
 Reference value :  1.25639e-06
 Reference value :  1.25699e-06
 Reference value :  1.25771e-06
 Reference value :  1.25807e-06
 Reference value :  1.25843e-06
 Reference value :  1.25919e-06
 Reference value :  1.25983e-06
 Reference value :  1.26011e-06
 Reference value :  1.26059e-06
 Reference value :  1.26107e-06
 Reference value :  1.26183e-06
 Reference value :  1.26215e-06
 Reference value :  1.26279e-06
 Reference value :  1.26347e-06
 Reference value :  1.26383e-06
 Reference value :  1.26400e-06
 Reference value :  1.26419e-06
 Reference value :  1.26443e-06
 Reference value :  1.26471e-06
 Reference value :  1.26507e-06
 Reference value :  1.26519e-06
 Reference value :  1.26527e-06
 Reference value :  1.26535e-06
 Reference value :  1.26567e-06
 Reference value :  1.26600e-06
 Reference value :  1.26601e-06
 Reference value :  1.26607e-06
 Reference value :  1.26623e-06
 Reference value :  1.26691e-06
 Reference value :  1.26767e-06
 Reference value :  1.26804e-06
 Reference value :  1.26847e-06
 Reference value :  1.26867e-06
 Reference value :  1.26899e-06
 Reference value :  1.26971e-06
 Reference value :  1.27002e-06
 Reference value :  1.27059e-06
 Reference value :  1.27123e-06
 Reference value :  1.27197e-06
 Reference value :  1.27223e-06
 Reference value :  1.27247e-06
 Reference value :  1.27283e-06
 Reference value :  1.27351e-06
 Reference value :  1.27402e-06
 Reference value :  1.27439e-06
 Reference value :  1.27515e-06
 Reference value :  1.27591e-06
 Reference value :  1.27602e-06
 Reference value :  1.27631e-06
 Reference value :  1.27675e-06
 Reference value :  1.27735e-06
 Reference value :  1.27800e-06
 Reference value :  1.27827e-06
 Reference value :  1.27863e-06
 Reference value :  1.27919e-06
 Reference value :  1.27991e-06
 Reference value :  1.28015e-06
 Reference value :  1.28051e-06
 Reference value :  1.28119e-06
 Reference value :  1.28195e-06
 Reference value :  1.28223e-06
 Reference value :  1.28291e-06
 Reference value :  1.28371e-06
 Reference value :  1.28407e-06
 Reference value :  1.28419e-06
 Reference value :  1.28471e-06
 Reference value :  1.28515e-06
 Reference value :  1.28579e-06
 Reference value :  1.28615e-06
 Reference value :  1.28687e-06
 Reference value :  1.28751e-06
 Reference value :  1.28802e-06
 Reference value :  1.28843e-06
 Reference value :  1.28915e-06
 Reference value :  1.28991e-06
 Reference value :  1.29023e-06
 Reference value :  1.29095e-06
 Reference value :  1.29171e-06
 Reference value :  1.29207e-06
 Reference value :  1.29255e-06
 Reference value :  1.29299e-06
 Reference value :  1.29363e-06
 Reference value :  1.29404e-06
 Reference value :  1.29463e-06
 Reference value :  1.29535e-06
 Reference value :  1.29600e-06
 Reference value :  1.29627e-06
 Reference value :  1.29675e-06
 Reference value :  1.29731e-06
 Reference value :  1.29791e-06
 Reference value :  1.29802e-06
 Reference value :  1.29851e-06
 Reference value :  1.29923e-06
 Reference value :  1.29995e-06
 Reference value :  1.30023e-06
 Reference value :  1.30055e-06
 Reference value :  1.30103e-06
 Reference value :  1.30171e-06
 Reference value :  1.30211e-06
 Reference value :  1.30267e-06
 Reference value :  1.30339e-06
 Reference value :  1.30401e-06
 Reference value :  1.30431e-06
 Reference value :  1.30483e-06
 Reference value :  1.30555e-06
 Reference value :  1.30602e-06
 Reference value :  1.30639e-06
 Reference value :  1.30715e-06
 Reference value :  1.30791e-06
 Reference value :  1.30819e-06
 Reference value :  1.30871e-06
 Reference value :  1.30923e-06
 Reference value :  1.30995e-06
 Reference value :  1.31023e-06
 Reference value :  1.31095e-06
 Reference value :  1.31171e-06
 Reference value :  1.31207e-06
 Reference value :  1.31255e-06
 Reference value :  1.31323e-06
 Reference value :  1.31397e-06
 Reference value :  1.31423e-06
 Reference value :  1.31455e-06
 Reference value :  1.31507e-06
 Reference value :  1.31531e-06
 Reference value :  1.31575e-06
 Reference value :  1.31601e-06
 Reference value :  1.31619e-06
 Reference value :  1.31651e-06
 Reference value :  1.31683e-06
 Reference value :  1.31719e-06
 Reference value :  1.31747e-06
 Reference value :  1.31755e-06
 Reference value :  1.31767e-06
 Reference value :  1.31800e-06
 Reference value :  1.31811e-06
 Reference value :  1.31871e-06
 Reference value :  1.31947e-06
 Reference value :  1.32001e-06
 Reference value :  1.32035e-06
 Reference value :  1.32087e-06
 Reference value :  1.32143e-06
 Reference value :  1.32201e-06
 Reference value :  1.32239e-06
 Reference value :  1.32315e-06
 Reference value :  1.32383e-06
 Reference value :  1.32415e-06
 Reference value :  1.32459e-06
 Reference value :  1.32507e-06
 Reference value :  1.32575e-06
 Reference value :  1.32611e-06
 Reference value :  1.32655e-06
 Reference value :  1.32687e-06
 Reference value :  1.32763e-06
 Reference value :  1.32802e-06
 Reference value :  1.32843e-06
 Reference value :  1.32851e-06
 Reference value :  1.32911e-06
 Reference value :  1.32983e-06
 Reference value :  1.33015e-06
 Reference value :  1.33027e-06
 Reference value :  1.33091e-06
 Reference value :  1.33167e-06
 Reference value :  1.33204e-06
 Reference value :  1.33251e-06
 Reference value :  1.33299e-06
 Reference value :  1.33371e-06
 Reference value :  1.33407e-06
 Reference value :  1.33459e-06
 Reference value :  1.33531e-06
 Reference value :  1.33597e-06
 Reference value :  1.33627e-06
 Reference value :  1.33675e-06
 Reference value :  1.33751e-06
 Reference value :  1.33801e-06
 Reference value :  1.33839e-06
 Reference value :  1.33919e-06
 Reference value :  1.33991e-06
 Reference value :  1.34023e-06
 Reference value :  1.34067e-06
 Reference value :  1.34115e-06
 Reference value :  1.34191e-06
 Reference value :  1.34215e-06
 Reference value :  1.34287e-06
 Reference value :  1.34355e-06
 Reference value :  1.34402e-06
 Reference value :  1.34439e-06
 Reference value :  1.34455e-06
 Reference value :  1.34511e-06
 Reference value :  1.34579e-06
 Reference value :  1.34615e-06
 Reference value :  1.34675e-06
 Reference value :  1.34751e-06
 Reference value :  1.34801e-06
 Reference value :  1.34843e-06
 Reference value :  1.34891e-06
 Reference value :  1.34939e-06
 Reference value :  1.34971e-06
 Reference value :  1.35003e-06
 Reference value :  1.35063e-06
 Reference value :  1.35135e-06
 Reference value :  1.35200e-06
 Reference value :  1.35231e-06
 Reference value :  1.35283e-06
 Reference value :  1.35355e-06
 Reference value :  1.35402e-06
 Reference value :  1.35451e-06
 Reference value :  1.35515e-06
 Reference value :  1.35591e-06
 Reference value :  1.35623e-06
 Reference value :  1.35639e-06
 Reference value :  1.35683e-06
 Reference value :  1.35743e-06
 Reference value :  1.35801e-06
 Reference value :  1.35839e-06
 Reference value :  1.35911e-06
 Reference value :  1.35983e-06
 Reference value :  1.36015e-06
 Reference value :  1.36059e-06
 Reference value :  1.36131e-06
 Reference value :  1.36200e-06
 Reference value :  1.36223e-06
 Reference value :  1.36299e-06
 Reference value :  1.36371e-06
 Reference value :  1.36407e-06
 Reference value :  1.36459e-06
 Reference value :  1.36507e-06
 Reference value :  1.36583e-06
 Reference value :  1.36601e-06
 Reference value :  1.36643e-06
 Reference value :  1.36715e-06
 Reference value :  1.36791e-06
 Reference value :  1.36819e-06
 Reference value :  1.36863e-06
 Reference value :  1.36939e-06
 Reference value :  1.36991e-06
 Reference value :  1.37004e-06
 Reference value :  1.37011e-06
 Reference value :  1.37043e-06
 Reference value :  1.37111e-06
 Reference value :  1.37187e-06
 Reference value :  1.37211e-06
 Reference value :  1.37235e-06
 Reference value :  1.37239e-06
 Reference value :  1.37271e-06
 Reference value :  1.37299e-06
 Reference value :  1.37363e-06
 Reference value :  1.37400e-06
 Reference value :  1.37407e-06
 Reference value :  1.37471e-06
 Reference value :  1.37543e-06
 Reference value :  1.37567e-06
 Reference value :  1.37600e-06
 Reference value :  1.37611e-06
 Reference value :  1.37647e-06
 Reference value :  1.37679e-06
 Reference value :  1.37735e-06
 Reference value :  1.37791e-06
 Reference value :  1.37804e-06
 Reference value :  1.37811e-06
 Reference value :  1.37827e-06
 Reference value :  1.37855e-06
 Reference value :  1.37867e-06
 Reference value :  1.37879e-06
 Reference value :  1.37887e-06
 Reference value :  1.37895e-06
 Reference value :  1.37903e-06
 Reference value :  1.37911e-06
 Reference value :  1.37919e-06
 Reference value :  1.37927e-06
 Reference value :  1.37939e-06
 Reference value :  1.37959e-06
 Reference value :  1.37971e-06
 Reference value :  1.37983e-06
 Reference value :  1.37995e-06
 Reference value :  1.38000e-06
 Reference value :  1.38001e-06
 Reference value :  1.38001e-06
 Reference value :  1.38003e-06
 Reference value :  1.38015e-06
 Reference value :  1.38023e-06
 Reference value :  1.38055e-06
 Reference value :  1.38099e-06
 Reference value :  1.38171e-06
 Reference value :  1.38203e-06
 Reference value :  1.38255e-06
 Reference value :  1.38303e-06
 Reference value :  1.38355e-06
 Reference value :  1.38400e-06
 Reference value :  1.38419e-06
 Reference value :  1.38447e-06
 Reference value :  1.38511e-06
 Reference value :  1.38575e-06
 Reference value :  1.38601e-06
 Reference value :  1.38623e-06
 Reference value :  1.38659e-06
 Reference value :  1.38683e-06
 Reference value :  1.38739e-06
 Reference value :  1.38791e-06
 Reference value :  1.38807e-06
 Reference value :  1.38847e-06
 Reference value :  1.38883e-06
 Reference value :  1.38927e-06
 Reference value :  1.38983e-06
 Reference value :  1.39002e-06
 Reference value :  1.39011e-06
 Reference value :  1.39023e-06
 Reference value :  1.39099e-06
 Reference value :  1.39171e-06
 Reference value :  1.39204e-06
 Reference value :  1.39251e-06
 Reference value :  1.39315e-06
 Reference value :  1.39391e-06
 Reference value :  1.39415e-06
 Reference value :  1.39483e-06
 Reference value :  1.39555e-06
 Reference value :  1.39602e-06
 Reference value :  1.39647e-06
 Reference value :  1.39691e-06
 Reference value :  1.39763e-06
 Reference value :  1.39803e-06
 Reference value :  1.39863e-06
 Reference value :  1.39931e-06
 Reference value :  1.40000e-06
 Reference value :  1.40031e-06
 Reference value :  1.40079e-06
 Reference value :  1.40155e-06
 Reference value :  1.40202e-06
 Reference value :  1.40247e-06
 Reference value :  1.40319e-06
 Reference value :  1.40359e-06
 Reference value :  1.40402e-06
 Reference value :  1.40443e-06
 Reference value :  1.40491e-06
 Reference value :  1.40563e-06
 Reference value :  1.40602e-06
 Reference value :  1.40655e-06
 Reference value :  1.40731e-06
 Reference value :  1.40800e-06
 Reference value :  1.40827e-06
 Reference value :  1.40875e-06
 Reference value :  1.40907e-06
 Reference value :  1.40983e-06
 Reference value :  1.41015e-06
 Reference value :  1.41079e-06
 Reference value :  1.41147e-06
 Reference value :  1.41200e-06
 Reference value :  1.41231e-06
 Reference value :  1.41279e-06
 Reference value :  1.41311e-06
 Reference value :  1.41379e-06
 Reference value :  1.41400e-06
 Reference value :  1.41423e-06
 Reference value :  1.41491e-06
 Reference value :  1.41551e-06
 Reference value :  1.41602e-06
 Reference value :  1.41639e-06
 Reference value :  1.41699e-06
 Reference value :  1.41775e-06
 Reference value :  1.41803e-06
 Reference value :  1.41843e-06
 Reference value :  1.41915e-06
 Reference value :  1.41991e-06
 Reference value :  1.42019e-06
 Reference value :  1.42067e-06
 Reference value :  1.42119e-06
 Reference value :  1.42143e-06
 Reference value :  1.42201e-06
 Reference value :  1.42243e-06
 Reference value :  1.42307e-06
 Reference value :  1.42375e-06
 Reference value :  1.42407e-06
 Reference value :  1.42451e-06
 Reference value :  1.42519e-06
 Reference value :  1.42591e-06
 Reference value :  1.42619e-06
 Reference value :  1.42691e-06
 Reference value :  1.42751e-06
 Reference value :  1.42802e-06
 Reference value :  1.42843e-06
 Reference value :  1.42863e-06
 Reference value :  1.42923e-06
 Reference value :  1.42995e-06
 Reference value :  1.43023e-06
 Reference value :  1.43091e-06
 Reference value :  1.43167e-06
 Reference value :  1.43203e-06
 Reference value :  1.43219e-06
 Reference value :  1.43247e-06
 Reference value :  1.43311e-06
 Reference value :  1.43383e-06
 Reference value :  1.43411e-06
 Reference value :  1.43475e-06
 Reference value :  1.43535e-06
 Reference value :  1.43571e-06
 Reference value :  1.43600e-06
 Reference value :  1.43607e-06
 Reference value :  1.43639e-06
 Reference value :  1.43675e-06
 Reference value :  1.43715e-06
 Reference value :  1.43751e-06
 Reference value :  1.43800e-06
 Reference value :  1.43819e-06
 Reference value :  1.43847e-06
 Reference value :  1.43915e-06
 Reference value :  1.43991e-06
 Reference value :  1.44015e-06
 Reference value :  1.44059e-06
 Reference value :  1.44135e-06
 Reference value :  1.44187e-06
 Reference value :  1.44202e-06
 Reference value :  1.44247e-06
 Reference value :  1.44287e-06
 Reference value :  1.44335e-06
 Reference value :  1.44391e-06
 Reference value :  1.44404e-06
 Reference value :  1.44435e-06
 Reference value :  1.44467e-06
 Reference value :  1.44491e-06
 Reference value :  1.44527e-06
 Reference value :  1.44539e-06
 Reference value :  1.44575e-06
 Reference value :  1.44611e-06
 Reference value :  1.44675e-06
 Reference value :  1.44747e-06
 Reference value :  1.44801e-06
 Reference value :  1.44804e-06
 Reference value :  1.44831e-06
 Reference value :  1.44887e-06
 Reference value :  1.44963e-06
 Reference value :  1.45004e-06
 Reference value :  1.45031e-06
 Reference value :  1.45099e-06
 Reference value :  1.45135e-06
 Reference value :  1.45200e-06
 Reference value :  1.45231e-06
 Reference value :  1.45275e-06
 Reference value :  1.45327e-06
 Reference value :  1.45391e-06
 Reference value :  1.45423e-06
 Reference value :  1.45491e-06
 Reference value :  1.45567e-06
 Reference value :  1.45602e-06
 Reference value :  1.45647e-06
 Reference value :  1.45711e-06
 Reference value :  1.45783e-06
 Reference value :  1.45815e-06
 Reference value :  1.45875e-06
 Reference value :  1.45955e-06
 Reference value :  1.46002e-06
 Reference value :  1.46047e-06
 Reference value :  1.46099e-06
 Reference value :  1.46171e-06
 Reference value :  1.46202e-06
 Reference value :  1.46251e-06
 Reference value :  1.46327e-06
 Reference value :  1.46397e-06
 Reference value :  1.46427e-06
 Reference value :  1.46483e-06
 Reference value :  1.46511e-06
 Reference value :  1.46583e-06
 Reference value :  1.46611e-06
 Reference value :  1.46635e-06
 Reference value :  1.46703e-06
 Reference value :  1.46735e-06
 Reference value :  1.46800e-06
 Reference value :  1.46831e-06
 Reference value :  1.46875e-06
 Reference value :  1.46935e-06
 Reference value :  1.47000e-06
 Reference value :  1.47031e-06
 Reference value :  1.47103e-06
 Reference value :  1.47171e-06
 Reference value :  1.47201e-06
 Reference value :  1.47215e-06
 Reference value :  1.47263e-06
 Reference value :  1.47335e-06
 Reference value :  1.47400e-06
 Reference value :  1.47435e-06
 Reference value :  1.47503e-06
 Reference value :  1.47579e-06
 Reference value :  1.47611e-06
 Reference value :  1.47659e-06
 Reference value :  1.47703e-06
 Reference value :  1.47767e-06
 Reference value :  1.47801e-06
 Reference value :  1.47839e-06
 Reference value :  1.47907e-06
 Reference value :  1.47971e-06
 Reference value :  1.48007e-06
 Reference value :  1.48047e-06
 Reference value :  1.48063e-06
 Reference value :  1.48135e-06
 Reference value :  1.48200e-06
 Reference value :  1.48207e-06
 Reference value :  1.48219e-06
 Reference value :  1.48287e-06
 Reference value :  1.48355e-06
 Reference value :  1.48402e-06
 Reference value :  1.48439e-06
 Reference value :  1.48483e-06
 Reference value :  1.48551e-06
 Reference value :  1.48602e-06
 Reference value :  1.48651e-06
 Reference value :  1.48723e-06
 Reference value :  1.48797e-06
 Reference value :  1.48823e-06
 Reference value :  1.48871e-06
 Reference value :  1.48947e-06
 Reference value :  1.49001e-06
 Reference value :  1.49043e-06
 Reference value :  1.49115e-06
 Reference value :  1.49191e-06
 Reference value :  1.49215e-06
 Reference value :  1.49267e-06
 Reference value :  1.49311e-06
 Reference value :  1.49387e-06
 Reference value :  1.49419e-06
 Reference value :  1.49463e-06
 Reference value :  1.49515e-06
 Reference value :  1.49547e-06
 Reference value :  1.49600e-06
 Reference value :  1.49604e-06
 Reference value :  1.49631e-06
 Reference value :  1.49639e-06
 Reference value :  1.49643e-06
 Reference value :  1.49647e-06
 Reference value :  1.49651e-06
 Reference value :  1.49663e-06
 Reference value :  1.49675e-06
 Reference value :  1.49687e-06
 Reference value :  1.49699e-06
 Reference value :  1.49711e-06
 Reference value :  1.49723e-06
 Reference value :  1.49731e-06
 Reference value :  1.49743e-06
 Reference value :  1.49755e-06
 Reference value :  1.49767e-06
 Reference value :  1.49779e-06
 Reference value :  1.49791e-06
 Reference value :  1.49800e-06
 Reference value :  1.49801e-06
 Reference value :  1.49802e-06
 Reference value :  1.49804e-06
 Reference value :  1.49811e-06
 Reference value :  1.49819e-06
 Reference value :  1.49823e-06
 Reference value :  1.49835e-06
 Reference value :  1.49847e-06
 Reference value :  1.49859e-06
 Reference value :  1.49871e-06
 Reference value :  1.49879e-06
 Reference value :  1.49891e-06
 Reference value :  1.49899e-06
 Reference value :  1.49907e-06
 Reference value :  1.49919e-06
 Reference value :  1.49967e-06
 Reference value :  1.50001e-06
 Reference value :  1.50039e-06
 Reference value :  1.50087e-06
 Reference value :  1.50151e-06
 Reference value :  1.50201e-06
 Reference value :  1.50251e-06
 Reference value :  1.50319e-06
 Reference value :  1.50395e-06
 Reference value :  1.50419e-06
 Reference value :  1.50451e-06
 Reference value :  1.50503e-06
 Reference value :  1.50583e-06
 Reference value :  1.50611e-06
 Reference value :  1.50675e-06
 Reference value :  1.50739e-06
 Reference value :  1.50801e-06
 Reference value :  1.50804e-06
 Reference value :  1.50851e-06
 Reference value :  1.50903e-06
 Reference value :  1.50967e-06
 Reference value :  1.51004e-06
 Reference value :  1.51051e-06
 Reference value :  1.51103e-06
 Reference value :  1.51183e-06
 Reference value :  1.51215e-06
 Reference value :  1.51259e-06
 Reference value :  1.51331e-06
 Reference value :  1.51400e-06
 Reference value :  1.51423e-06
 Reference value :  1.51499e-06
 Reference value :  1.51571e-06
 Reference value :  1.51611e-06
 Reference value :  1.51663e-06
 Reference value :  1.51711e-06
 Reference value :  1.51783e-06
 Reference value :  1.51815e-06
 Reference value :  1.51887e-06
 Reference value :  1.51951e-06
 Reference value :  1.52000e-06
 Reference value :  1.52031e-06
 Reference value :  1.52087e-06
 Reference value :  1.52167e-06
 Reference value :  1.52204e-06
 Reference value :  1.52263e-06
 Reference value :  1.52331e-06
 Reference value :  1.52363e-06
 Reference value :  1.52401e-06
 Reference value :  1.52423e-06
 Reference value :  1.52455e-06
 Reference value :  1.52491e-06
 Reference value :  1.52531e-06
 Reference value :  1.52575e-06
 Reference value :  1.52597e-06
 Reference value :  1.52602e-06
 Reference value :  1.52635e-06
 Reference value :  1.52671e-06
 Reference value :  1.52691e-06
 Reference value :  1.52711e-06
 Reference value :  1.52763e-06
 Reference value :  1.52783e-06
 Reference value :  1.52803e-06
 Reference value :  1.52815e-06
 Reference value :  1.52843e-06
 Reference value :  1.52907e-06
 Reference value :  1.52979e-06
 Reference value :  1.53015e-06
 Reference value :  1.53063e-06
 Reference value :  1.53143e-06
 Reference value :  1.53201e-06
 Reference value :  1.53243e-06
 Reference value :  1.53291e-06
 Reference value :  1.53335e-06
 Reference value :  1.53400e-06
 Reference value :  1.53435e-06
 Reference value :  1.53511e-06
 Reference value :  1.53591e-06
 Reference value :  1.53615e-06
 Reference value :  1.53663e-06
 Reference value :  1.53735e-06
 Reference value :  1.53800e-06
 Reference value :  1.53827e-06
 Reference value :  1.53903e-06
 Reference value :  1.53971e-06
 Reference value :  1.54003e-06
 Reference value :  1.54039e-06
 Reference value :  1.54087e-06
 Reference value :  1.54135e-06
 Reference value :  1.54200e-06
 Reference value :  1.54231e-06
 Reference value :  1.54299e-06
 Reference value :  1.54367e-06
 Reference value :  1.54407e-06
 Reference value :  1.54451e-06
 Reference value :  1.54515e-06
 Reference value :  1.54587e-06
 Reference value :  1.54619e-06
 Reference value :  1.54691e-06
 Reference value :  1.54767e-06
 Reference value :  1.54804e-06
 Reference value :  1.54823e-06
 Reference value :  1.54867e-06
 Reference value :  1.54911e-06
 Reference value :  1.54983e-06
 Reference value :  1.55001e-06
 Reference value :  1.55023e-06
 Reference value :  1.55071e-06
 Reference value :  1.55123e-06
 Reference value :  1.55171e-06
 Reference value :  1.55197e-06
 Reference value :  1.55207e-06
 Reference value :  1.55219e-06
 Reference value :  1.55239e-06
 Reference value :  1.55259e-06
 Reference value :  1.55319e-06
 Reference value :  1.55367e-06
 Reference value :  1.55397e-06
 Reference value :  1.55404e-06
 Reference value :  1.55447e-06
 Reference value :  1.55507e-06
 Reference value :  1.55579e-06
 Reference value :  1.55600e-06
 Reference value :  1.55615e-06
 Reference value :  1.55663e-06
 Reference value :  1.55687e-06
 Reference value :  1.55723e-06
 Reference value :  1.55771e-06
 Reference value :  1.55801e-06
 Reference value :  1.55823e-06
 Reference value :  1.55839e-06
 Reference value :  1.55855e-06
 Reference value :  1.55899e-06
 Reference value :  1.55931e-06
 Reference value :  1.55971e-06
 Reference value :  1.55987e-06
 Reference value :  1.56001e-06
 Reference value :  1.56015e-06
 Reference value :  1.56039e-06
 Reference value :  1.56059e-06
 Reference value :  1.56115e-06
 Reference value :  1.56143e-06
 Reference value :  1.56201e-06
 Reference value :  1.56239e-06
 Reference value :  1.56307e-06
 Reference value :  1.56379e-06
 Reference value :  1.56411e-06
 Reference value :  1.56459e-06
 Reference value :  1.56511e-06
 Reference value :  1.56567e-06
 Reference value :  1.56607e-06
 Reference value :  1.56663e-06
 Reference value :  1.56719e-06
 Reference value :  1.56787e-06
 Reference value :  1.56819e-06
 Reference value :  1.56867e-06
 Reference value :  1.56939e-06
 Reference value :  1.57001e-06
 Reference value :  1.57031e-06
 Reference value :  1.57091e-06
 Reference value :  1.57159e-06
 Reference value :  1.57204e-06
 Reference value :  1.57247e-06
 Reference value :  1.57295e-06
 Reference value :  1.57363e-06
 Reference value :  1.57407e-06
 Reference value :  1.57435e-06
 Reference value :  1.57507e-06
 Reference value :  1.57563e-06
 Reference value :  1.57601e-06
 Reference value :  1.57635e-06
 Reference value :  1.57687e-06
 Reference value :  1.57763e-06
 Reference value :  1.57801e-06
 Reference value :  1.57847e-06
 Reference value :  1.57923e-06
 Reference value :  1.57991e-06
 Reference value :  1.58023e-06
 Reference value :  1.58067e-06
 Reference value :  1.58127e-06
 Reference value :  1.58195e-06
 Reference value :  1.58227e-06
 Reference value :  1.58303e-06
 Reference value :  1.58371e-06
 Reference value :  1.58404e-06
 Reference value :  1.58447e-06
 Reference value :  1.58519e-06
 Reference value :  1.58579e-06
 Reference value :  1.58615e-06
 Reference value :  1.58679e-06
 Reference value :  1.58755e-06
 Reference value :  1.58801e-06
 Reference value :  1.58839e-06
 Reference value :  1.58887e-06
 Reference value :  1.58943e-06
 Reference value :  1.59001e-06
 Reference value :  1.59031e-06
 Reference value :  1.59107e-06
 Reference value :  1.59183e-06
 Reference value :  1.59201e-06
 Reference value :  1.59231e-06
 Reference value :  1.59279e-06
 Reference value :  1.59355e-06
 Reference value :  1.59401e-06
 Reference value :  1.59443e-06
 Reference value :  1.59511e-06
 Reference value :  1.59575e-06
 Reference value :  1.59607e-06
 Reference value :  1.59655e-06
 Reference value :  1.59707e-06
 Reference value :  1.59775e-06
 Reference value :  1.59811e-06
 Reference value :  1.59879e-06
 Reference value :  1.59951e-06
 Reference value :  1.60001e-06
 Reference value :  1.60035e-06
 Reference value :  1.60095e-06
 Reference value :  1.60167e-06
 Reference value :  1.60204e-06
 Reference value :  1.60263e-06
 Reference value :  1.60319e-06
 Reference value :  1.60395e-06
 Reference value :  1.60415e-06
 Reference value :  1.60467e-06
 Reference value :  1.60503e-06
 Reference value :  1.60531e-06
 Reference value :  1.60579e-06
 Reference value :  1.60601e-06
 Reference value :  1.60627e-06
 Reference value :  1.60659e-06
 Reference value :  1.60703e-06
 Reference value :  1.60747e-06
 Reference value :  1.60801e-06
 Reference value :  1.60831e-06
 Reference value :  1.60887e-06
 Reference value :  1.60963e-06
 Reference value :  1.61001e-06
 Reference value :  1.61027e-06
 Reference value :  1.61103e-06
 Reference value :  1.61151e-06
 Reference value :  1.61201e-06
 Reference value :  1.61239e-06
 Reference value :  1.61279e-06
 Reference value :  1.61343e-06
 Reference value :  1.61401e-06
 Reference value :  1.61443e-06
 Reference value :  1.61511e-06
 Reference value :  1.61587e-06
 Reference value :  1.61615e-06
 Reference value :  1.61659e-06
 Reference value :  1.61739e-06
 Reference value :  1.61783e-06
 Reference value :  1.61815e-06
 Reference value :  1.61875e-06
 Reference value :  1.61951e-06
 Reference value :  1.62002e-06
 Reference value :  1.62043e-06
 Reference value :  1.62095e-06
 Reference value :  1.62159e-06
 Reference value :  1.62202e-06
 Reference value :  1.62255e-06
 Reference value :  1.62307e-06
 Reference value :  1.62375e-06
 Reference value :  1.62397e-06
 Reference value :  1.62402e-06
 Reference value :  1.62427e-06
 Reference value :  1.62435e-06
 Reference value :  1.62443e-06
 Reference value :  1.62447e-06
 Reference value :  1.62475e-06
 Reference value :  1.62483e-06
 Reference value :  1.62507e-06
 Reference value :  1.62519e-06
 Reference value :  1.62551e-06
 Reference value :  1.62597e-06
 Reference value :  1.62602e-06
 Reference value :  1.62655e-06
 Reference value :  1.62727e-06
 Reference value :  1.62800e-06
 Reference value :  1.62827e-06
 Reference value :  1.62847e-06
 Reference value :  1.62871e-06
 Reference value :  1.62879e-06
 Reference value :  1.62911e-06
 Reference value :  1.62987e-06
 Reference value :  1.63015e-06
 Reference value :  1.63075e-06
 Reference value :  1.63151e-06
 Reference value :  1.63200e-06
 Reference value :  1.63215e-06
 Reference value :  1.63259e-06
 Reference value :  1.63311e-06
 Reference value :  1.63335e-06
 Reference value :  1.63400e-06
 Reference value :  1.63427e-06
 Reference value :  1.63491e-06
 Reference value :  1.63519e-06
 Reference value :  1.63587e-06
 Reference value :  1.63619e-06
 Reference value :  1.63667e-06
 Reference value :  1.63715e-06
 Reference value :  1.63791e-06
 Reference value :  1.63815e-06
 Reference value :  1.63875e-06
 Reference value :  1.63919e-06
 Reference value :  1.63997e-06
 Reference value :  1.64027e-06
 Reference value :  1.64075e-06
 Reference value :  1.64147e-06
 Reference value :  1.64201e-06
 Reference value :  1.64239e-06
 Reference value :  1.64311e-06
 Reference value :  1.64355e-06
 Reference value :  1.64401e-06
 Reference value :  1.64443e-06
 Reference value :  1.64487e-06
 Reference value :  1.64547e-06
 Reference value :  1.64601e-06
 Reference value :  1.64639e-06
 Reference value :  1.64711e-06
 Reference value :  1.64775e-06
 Reference value :  1.64807e-06
 Reference value :  1.64851e-06
 Reference value :  1.64919e-06
 Reference value :  1.64983e-06
 Reference value :  1.65011e-06
 Reference value :  1.65071e-06
 Reference value :  1.65139e-06
 Reference value :  1.65200e-06
 Reference value :  1.65235e-06
 Reference value :  1.65279e-06
 Reference value :  1.65307e-06
 Reference value :  1.65347e-06
 Reference value :  1.65395e-06
 Reference value :  1.65415e-06
 Reference value :  1.65423e-06
 Reference value :  1.65487e-06
 Reference value :  1.65563e-06
 Reference value :  1.65597e-06
 Reference value :  1.65611e-06
 Reference value :  1.65627e-06
 Reference value :  1.65651e-06
 Reference value :  1.65687e-06
 Reference value :  1.65739e-06
 Reference value :  1.65787e-06
 Reference value :  1.65804e-06
 Reference value :  1.65835e-06
 Reference value :  1.65891e-06
 Reference value :  1.65931e-06
 Reference value :  1.65971e-06
 Reference value :  1.66001e-06
 Reference value :  1.66039e-06
 Reference value :  1.66087e-06
 Reference value :  1.66147e-06
 Reference value :  1.66201e-06
 Reference value :  1.66251e-06
 Reference value :  1.66323e-06
 Reference value :  1.66383e-06
 Reference value :  1.66395e-06
 Reference value :  1.66423e-06
 Reference value :  1.66471e-06
 Reference value :  1.66551e-06
 Reference value :  1.66601e-06
 Reference value :  1.66623e-06
 Reference value :  1.66691e-06
 Reference value :  1.66759e-06
 Reference value :  1.66803e-06
 Reference value :  1.66847e-06
 Reference value :  1.66899e-06
 Reference value :  1.66959e-06
 Reference value :  1.67003e-06
 Reference value :  1.67059e-06
 Reference value :  1.67139e-06
 Reference value :  1.67201e-06
 Reference value :  1.67215e-06
 Reference value :  1.67239e-06
 Reference value :  1.67299e-06
 Reference value :  1.67375e-06
 Reference value :  1.67411e-06
 Reference value :  1.67475e-06
 Reference value :  1.67547e-06
 Reference value :  1.67601e-06
 Reference value :  1.67643e-06
 Reference value :  1.67675e-06
 Reference value :  1.67731e-06
 Reference value :  1.67800e-06
 Reference value :  1.67819e-06
 Reference value :  1.67883e-06
 Reference value :  1.67939e-06
 Reference value :  1.67995e-06
 Reference value :  1.68001e-06
 Reference value :  1.68002e-06
 Reference value :  1.68007e-06
 Reference value :  1.68035e-06
 Reference value :  1.68075e-06
 Reference value :  1.68123e-06
 Reference value :  1.68163e-06
 Reference value :  1.68191e-06
 Reference value :  1.68219e-06
 Reference value :  1.68243e-06
 Reference value :  1.68271e-06
 Reference value :  1.68323e-06
 Reference value :  1.68371e-06
 Reference value :  1.68402e-06
 Reference value :  1.68431e-06
 Reference value :  1.68463e-06
 Reference value :  1.68491e-06
 Reference value :  1.68515e-06
 Reference value :  1.68539e-06
 Reference value :  1.68600e-06
 Reference value :  1.68639e-06
 Reference value :  1.68711e-06
 Reference value :  1.68787e-06
 Reference value :  1.68819e-06
 Reference value :  1.68847e-06
 Reference value :  1.68851e-06
 Reference value :  1.68899e-06
 Reference value :  1.68955e-06
 Reference value :  1.69000e-06
 Reference value :  1.69031e-06
 Reference value :  1.69099e-06
 Reference value :  1.69163e-06
 Reference value :  1.69200e-06
 Reference value :  1.69215e-06
 Reference value :  1.69267e-06
 Reference value :  1.69315e-06
 Reference value :  1.69395e-06
 Reference value :  1.69419e-06
 Reference value :  1.69479e-06
 Reference value :  1.69511e-06
 Reference value :  1.69579e-06
 Reference value :  1.69615e-06
 Reference value :  1.69635e-06
 Reference value :  1.69699e-06
 Reference value :  1.69743e-06
 Reference value :  1.69767e-06
 Reference value :  1.69801e-06
 Reference value :  1.69839e-06
 Reference value :  1.69907e-06
 Reference value :  1.69979e-06
 Reference value :  1.70011e-06
 Reference value :  1.70043e-06
 Reference value :  1.70087e-06
 Reference value :  1.70147e-06
 Reference value :  1.70201e-06
 Reference value :  1.70235e-06
 Reference value :  1.70311e-06
 Reference value :  1.70335e-06
 Reference value :  1.70400e-06
 Reference value :  1.70427e-06
 Reference value :  1.70479e-06
 Reference value :  1.70555e-06
 Reference value :  1.70601e-06
 Reference value :  1.70631e-06
 Reference value :  1.70663e-06
 Reference value :  1.70739e-06
 Reference value :  1.70795e-06
 Reference value :  1.70803e-06
 Reference value :  1.70851e-06
 Reference value :  1.70899e-06
 Reference value :  1.70955e-06
 Reference value :  1.70995e-06
 Reference value :  1.71027e-06
 Reference value :  1.71091e-06
 Reference value :  1.71167e-06
 Reference value :  1.71202e-06
 Reference value :  1.71223e-06
 Reference value :  1.71255e-06
 Reference value :  1.71295e-06
 Reference value :  1.71343e-06
 Reference value :  1.71397e-06
 Reference value :  1.71423e-06
 Reference value :  1.71487e-06
 Reference value :  1.71563e-06
 Reference value :  1.71604e-06
 Reference value :  1.71635e-06
 Reference value :  1.71651e-06
 Reference value :  1.71687e-06
 Reference value :  1.71751e-06
 Reference value :  1.71801e-06
 Reference value :  1.71815e-06
 Reference value :  1.71855e-06
 Reference value :  1.71935e-06
 Reference value :  1.72000e-06
 Reference value :  1.72035e-06
 Reference value :  1.72095e-06
 Reference value :  1.72163e-06
 Reference value :  1.72201e-06
 Reference value :  1.72219e-06
 Reference value :  1.72283e-06
 Reference value :  1.72351e-06
 Reference value :  1.72402e-06
 Reference value :  1.72419e-06
 Reference value :  1.72459e-06
 Reference value :  1.72483e-06
 Reference value :  1.72551e-06
 Reference value :  1.72601e-06
 Reference value :  1.72631e-06
 Reference value :  1.72707e-06
 Reference value :  1.72767e-06
 Reference value :  1.72801e-06
 Reference value :  1.72807e-06
 Reference value :  1.72823e-06
 Reference value :  1.72847e-06
 Reference value :  1.72895e-06
 Reference value :  1.72939e-06
 Reference value :  1.72967e-06
 Reference value :  1.72997e-06
 Reference value :  1.73015e-06
 Reference value :  1.73043e-06
 Reference value :  1.73095e-06
 Reference value :  1.73119e-06
 Reference value :  1.73155e-06
 Reference value :  1.73202e-06
 Reference value :  1.73247e-06
 Reference value :  1.73291e-06
 Reference value :  1.73339e-06
 Reference value :  1.73400e-06
 Reference value :  1.73411e-06
 Reference value :  1.73447e-06
 Reference value :  1.73519e-06
 Reference value :  1.73591e-06
 Reference value :  1.73611e-06
 Reference value :  1.73647e-06
 Reference value :  1.73699e-06
 Reference value :  1.73751e-06
 Reference value :  1.73800e-06
 Reference value :  1.73819e-06
 Reference value :  1.73839e-06
 Reference value :  1.73915e-06
 Reference value :  1.73995e-06
 Reference value :  1.74027e-06
 Reference value :  1.74051e-06
 Reference value :  1.74075e-06
 Reference value :  1.74131e-06
 Reference value :  1.74200e-06
 Reference value :  1.74231e-06
 Reference value :  1.74307e-06
 Reference value :  1.74331e-06
 Reference value :  1.74383e-06
 Reference value :  1.74401e-06
 Reference value :  1.74439e-06
 Reference value :  1.74499e-06
 Reference value :  1.74575e-06
 Reference value :  1.74611e-06
 Reference value :  1.74675e-06
 Reference value :  1.74711e-06
 Reference value :  1.74723e-06
 Reference value :  1.74735e-06
 Reference value :  1.74783e-06
 Reference value :  1.74803e-06
 Reference value :  1.74835e-06
 Reference value :  1.74855e-06
 Reference value :  1.74883e-06
 Reference value :  1.74903e-06
 Reference value :  1.74919e-06
 Reference value :  1.74983e-06
 Reference value :  1.75015e-06
 Reference value :  1.75079e-06
 Reference value :  1.75155e-06
 Reference value :  1.75201e-06
 Reference value :  1.75239e-06
 Reference value :  1.75255e-06
 Reference value :  1.75327e-06
 Reference value :  1.75379e-06
 Reference value :  1.75403e-06
 Reference value :  1.75423e-06
 Reference value :  1.75451e-06
 Reference value :  1.75463e-06
 Reference value :  1.75475e-06
 Reference value :  1.75515e-06
 Reference value :  1.75587e-06
 Reference value :  1.75603e-06
 Reference value :  1.75639e-06
 Reference value :  1.75655e-06
 Reference value :  1.75683e-06
 Reference value :  1.75751e-06
 Reference value :  1.75800e-06
 Reference value :  1.75823e-06
 Reference value :  1.75875e-06
 Reference value :  1.75911e-06
 Reference value :  1.75987e-06
 Reference value :  1.76019e-06
 Reference value :  1.76063e-06
 Reference value :  1.76139e-06
 Reference value :  1.76191e-06
 Reference value :  1.76201e-06
 Reference value :  1.76219e-06
 Reference value :  1.76267e-06
 Reference value :  1.76339e-06
 Reference value :  1.76391e-06
 Reference value :  1.76415e-06
 Reference value :  1.76463e-06
 Reference value :  1.76515e-06
 Reference value :  1.76583e-06
 Reference value :  1.76619e-06
 Reference value :  1.76659e-06
 Reference value :  1.76707e-06
 Reference value :  1.76735e-06
 Reference value :  1.76797e-06
 Reference value :  1.76827e-06
 Reference value :  1.76859e-06
 Reference value :  1.76903e-06
 Reference value :  1.76967e-06
 Reference value :  1.77000e-06
 Reference value :  1.77031e-06
 Reference value :  1.77111e-06
 Reference value :  1.77179e-06
 Reference value :  1.77201e-06
 Reference value :  1.77239e-06
 Reference value :  1.77283e-06
 Reference value :  1.77355e-06
 Reference value :  1.77402e-06
 Reference value :  1.77459e-06
 Reference value :  1.77531e-06
 Reference value :  1.77567e-06
 Reference value :  1.77591e-06
 Reference value :  1.77607e-06
 Reference value :  1.77643e-06
 Reference value :  1.77687e-06
 Reference value :  1.77715e-06
 Reference value :  1.77751e-06
 Reference value :  1.77771e-06
 Reference value :  1.77797e-06
 Reference value :  1.77801e-06
 Reference value :  1.77802e-06
 Reference value :  1.77804e-06
 Reference value :  1.77811e-06
 Reference value :  1.77819e-06
 Reference value :  1.77823e-06
 Reference value :  1.77831e-06
 Reference value :  1.77843e-06
 Reference value :  1.77863e-06
 Reference value :  1.77875e-06
 Reference value :  1.77887e-06
 Reference value :  1.77899e-06
 Reference value :  1.77907e-06
 Reference value :  1.77919e-06
 Reference value :  1.77931e-06
 Reference value :  1.77943e-06
 Reference value :  1.77955e-06
 Reference value :  1.77967e-06
 Reference value :  1.77975e-06
 Reference value :  1.77987e-06
 Reference value :  1.77997e-06
 Reference value :  1.78000e-06
 Reference value :  1.78007e-06
 Reference value :  1.78051e-06
 Reference value :  1.78103e-06
 Reference value :  1.78167e-06
 Reference value :  1.78202e-06
 Reference value :  1.78211e-06
 Reference value :  1.78247e-06
 Reference value :  1.78311e-06
 Reference value :  1.78327e-06
 Reference value :  1.78391e-06
 Reference value :  1.78404e-06
 Reference value :  1.78431e-06
 Reference value :  1.78451e-06
 Reference value :  1.78479e-06
 Reference value :  1.78491e-06
 Reference value :  1.78531e-06
 Reference value :  1.78555e-06
 Reference value :  1.78602e-06
 Reference value :  1.78643e-06
 Reference value :  1.78711e-06
 Reference value :  1.78791e-06
 Reference value :  1.78819e-06
 Reference value :  1.78843e-06
 Reference value :  1.78859e-06
 Reference value :  1.78911e-06
 Reference value :  1.78987e-06
 Reference value :  1.79019e-06
 Reference value :  1.79079e-06
 Reference value :  1.79103e-06
 Reference value :  1.79131e-06
 Reference value :  1.79187e-06
 Reference value :  1.79219e-06
 Reference value :  1.79263e-06
 Reference value :  1.79331e-06
 Reference value :  1.79400e-06
 Reference value :  1.79427e-06
 Reference value :  1.79503e-06
 Reference value :  1.79563e-06
 Reference value :  1.79603e-06
 Reference value :  1.79639e-06
 Reference value :  1.79691e-06
 Reference value :  1.79739e-06
 Reference value :  1.79801e-06
 Reference value :  1.79839e-06
 Reference value :  1.79911e-06
 Reference value :  1.79991e-06
 Reference value :  1.80019e-06
 Reference value :  1.80071e-06
 Reference value :  1.80147e-06
 Reference value :  1.80201e-06
 Reference value :  1.80223e-06
 Reference value :  1.80299e-06
 Reference value :  1.80375e-06
 Reference value :  1.80401e-06
 Reference value :  1.80439e-06
 Reference value :  1.80479e-06
 Reference value :  1.80539e-06
 Reference value :  1.80601e-06
 Reference value :  1.80643e-06
 Reference value :  1.80715e-06
 Reference value :  1.80787e-06
 Reference value :  1.80815e-06
 Reference value :  1.80847e-06
 Reference value :  1.80895e-06
 Reference value :  1.80939e-06
 Reference value :  1.80997e-06
 Reference value :  1.81003e-06
 Reference value :  1.81011e-06
 Reference value :  1.81047e-06
 Reference value :  1.81083e-06
 Reference value :  1.81115e-06
 Reference value :  1.81183e-06
 Reference value :  1.81215e-06
 Reference value :  1.81259e-06
 Reference value :  1.81311e-06
 Reference value :  1.81383e-06
 Reference value :  1.81415e-06
 Reference value :  1.81483e-06
 Reference value :  1.81555e-06
 Reference value :  1.81602e-06
 Reference value :  1.81643e-06
 Reference value :  1.81711e-06
 Reference value :  1.81775e-06
 Reference value :  1.81797e-06
 Reference value :  1.81815e-06
 Reference value :  1.81883e-06
 Reference value :  1.81959e-06
 Reference value :  1.82002e-06
 Reference value :  1.82047e-06
 Reference value :  1.82083e-06
 Reference value :  1.82147e-06
 Reference value :  1.82200e-06
 Reference value :  1.82235e-06
 Reference value :  1.82311e-06
 Reference value :  1.82383e-06
 Reference value :  1.82415e-06
 Reference value :  1.82459e-06
 Reference value :  1.82535e-06
 Reference value :  1.82579e-06
 Reference value :  1.82615e-06
 Reference value :  1.82635e-06
 Reference value :  1.82715e-06
 Reference value :  1.82791e-06
 Reference value :  1.82801e-06
 Reference value :  1.82819e-06
 Reference value :  1.82839e-06
 Reference value :  1.82867e-06
 Reference value :  1.82895e-06
 Reference value :  1.82939e-06
 Reference value :  1.82991e-06
 Reference value :  1.83000e-06
 Reference value :  1.83019e-06
 Reference value :  1.83071e-06
 Reference value :  1.83087e-06
 Reference value :  1.83143e-06
 Reference value :  1.83201e-06
 Reference value :  1.83219e-06
 Reference value :  1.83235e-06
 Reference value :  1.83247e-06
 Reference value :  1.83307e-06
 Reference value :  1.83351e-06
 Reference value :  1.83391e-06
 Reference value :  1.83423e-06
 Reference value :  1.83463e-06
 Reference value :  1.83531e-06
 Reference value :  1.83591e-06
 Reference value :  1.83601e-06
 Reference value :  1.83635e-06
 Reference value :  1.83679e-06
 Reference value :  1.83747e-06
 Reference value :  1.83801e-06
 Reference value :  1.83839e-06
 Reference value :  1.83903e-06
 Reference value :  1.83967e-06
 Reference value :  1.84001e-06
 Reference value :  1.84043e-06
 Reference value :  1.84111e-06
 Reference value :  1.84183e-06
 Reference value :  1.84215e-06
 Reference value :  1.84271e-06
 Reference value :  1.84347e-06
 Reference value :  1.84383e-06
 Reference value :  1.84407e-06
 Reference value :  1.84459e-06
 Reference value :  1.84483e-06
 Reference value :  1.84543e-06
 Reference value :  1.84601e-06
 Reference value :  1.84647e-06
 Reference value :  1.84719e-06
 Reference value :  1.84795e-06
 Reference value :  1.84815e-06
 Reference value :  1.84855e-06
 Reference value :  1.84919e-06
 Reference value :  1.84991e-06
 Reference value :  1.85019e-06
 Reference value :  1.85083e-06
 Reference value :  1.85143e-06
 Reference value :  1.85179e-06
 Reference value :  1.85211e-06
 Reference value :  1.85255e-06
 Reference value :  1.85303e-06
 Reference value :  1.85367e-06
 Reference value :  1.85404e-06
 Reference value :  1.85467e-06
 Reference value :  1.85523e-06
 Reference value :  1.85587e-06
 Reference value :  1.85611e-06
 Reference value :  1.85659e-06
 Reference value :  1.85731e-06
 Reference value :  1.85795e-06
 Reference value :  1.85823e-06
 Reference value :  1.85887e-06
 Reference value :  1.85963e-06
 Reference value :  1.86002e-06
 Reference value :  1.86015e-06
 Reference value :  1.86063e-06
 Reference value :  1.86107e-06
 Reference value :  1.86175e-06
 Reference value :  1.86207e-06
 Reference value :  1.86275e-06
 Reference value :  1.86347e-06
 Reference value :  1.86401e-06
 Reference value :  1.86427e-06
 Reference value :  1.86443e-06
 Reference value :  1.86511e-06
 Reference value :  1.86579e-06
 Reference value :  1.86615e-06
 Reference value :  1.86675e-06
 Reference value :  1.86743e-06
 Reference value :  1.86797e-06
 Reference value :  1.86827e-06
 Reference value :  1.86867e-06
 Reference value :  1.86919e-06
 Reference value :  1.86987e-06
 Reference value :  1.87015e-06
 Reference value :  1.87087e-06
 Reference value :  1.87159e-06
 Reference value :  1.87204e-06
 Reference value :  1.87247e-06
 Reference value :  1.87319e-06
 Reference value :  1.87395e-06
 Reference value :  1.87423e-06
 Reference value :  1.87475e-06
 Reference value :  1.87503e-06
 Reference value :  1.87551e-06
 Reference value :  1.87600e-06
 Reference value :  1.87611e-06
 Reference value :  1.87627e-06
 Reference value :  1.87635e-06
 Reference value :  1.87655e-06
 Reference value :  1.87663e-06
 Reference value :  1.87671e-06
 Reference value :  1.87679e-06
 Reference value :  1.87687e-06
 Reference value :  1.87695e-06
 Reference value :  1.87703e-06
 Reference value :  1.87711e-06
 Reference value :  1.87719e-06
 Reference value :  1.87731e-06
 Reference value :  1.87743e-06
 Reference value :  1.87755e-06
 Reference value :  1.87767e-06
 Reference value :  1.87779e-06
 Reference value :  1.87791e-06
 Reference value :  1.87800e-06
 Reference value :  1.87801e-06
 Reference value :  1.87802e-06
 Reference value :  1.87804e-06
 Reference value :  1.87827e-06
 Reference value :  1.87899e-06
 Reference value :  1.87971e-06
 Reference value :  1.88004e-06
 Reference value :  1.88015e-06
 Reference value :  1.88039e-06
 Reference value :  1.88075e-06
 Reference value :  1.88155e-06
 Reference value :  1.88202e-06
 Reference value :  1.88251e-06
 Reference value :  1.88319e-06
 Reference value :  1.88387e-06
 Reference value :  1.88419e-06
 Reference value :  1.88467e-06
 Reference value :  1.88527e-06
 Reference value :  1.88591e-06
 Reference value :  1.88615e-06
 Reference value :  1.88687e-06
 Reference value :  1.88751e-06
 Reference value :  1.88802e-06
 Reference value :  1.88839e-06
 Reference value :  1.88903e-06
 Reference value :  1.88967e-06
 Reference value :  1.89007e-06
 Reference value :  1.89063e-06
 Reference value :  1.89139e-06
 Reference value :  1.89200e-06
 Reference value :  1.89231e-06
 Reference value :  1.89251e-06
 Reference value :  1.89295e-06
 Reference value :  1.89355e-06
 Reference value :  1.89401e-06
 Reference value :  1.89447e-06
 Reference value :  1.89519e-06
 Reference value :  1.89595e-06
 Reference value :  1.89627e-06
 Reference value :  1.89667e-06
 Reference value :  1.89747e-06
 Reference value :  1.89800e-06
 Reference value :  1.89835e-06
 Reference value :  1.89895e-06
 Reference value :  1.89907e-06
 Reference value :  1.89971e-06
 Reference value :  1.90001e-06
 Reference value :  1.90027e-06
 Reference value :  1.90063e-06
 Reference value :  1.90111e-06
 Reference value :  1.90175e-06
 Reference value :  1.90201e-06
 Reference value :  1.90239e-06
 Reference value :  1.90319e-06
 Reference value :  1.90395e-06
 Reference value :  1.90419e-06
 Reference value :  1.90471e-06
 Reference value :  1.90539e-06
 Reference value :  1.90601e-06
 Reference value :  1.90631e-06
 Reference value :  1.90707e-06
 Reference value :  1.90783e-06
 Reference value :  1.90803e-06
 Reference value :  1.90839e-06
 Reference value :  1.90875e-06
 Reference value :  1.90915e-06
 Reference value :  1.90963e-06
 Reference value :  1.91001e-06
 Reference value :  1.91023e-06
 Reference value :  1.91043e-06
 Reference value :  1.91107e-06
 Reference value :  1.91123e-06
 Reference value :  1.91131e-06
 Reference value :  1.91143e-06
 Reference value :  1.91151e-06
 Reference value :  1.91163e-06
 Reference value :  1.91175e-06
 Reference value :  1.91187e-06
 Reference value :  1.91195e-06
 Reference value :  1.91200e-06
 Reference value :  1.91201e-06
 Reference value :  1.91202e-06
 Reference value :  1.91203e-06
 Reference value :  1.91207e-06
 Reference value :  1.91215e-06
 Reference value :  1.91223e-06
 Reference value :  1.91231e-06
 Reference value :  1.91239e-06
 Reference value :  1.91243e-06
 Reference value :  1.91247e-06
 Reference value :  1.91255e-06
 Reference value :  1.91275e-06
 Reference value :  1.91331e-06
 Reference value :  1.91395e-06
 Reference value :  1.91423e-06
 Reference value :  1.91491e-06
 Reference value :  1.91567e-06
 Reference value :  1.91604e-06
 Reference value :  1.91651e-06
 Reference value :  1.91667e-06
 Reference value :  1.91719e-06
 Reference value :  1.91795e-06
 Reference value :  1.91819e-06
 Reference value :  1.91891e-06
 Reference value :  1.91959e-06
 Reference value :  1.92004e-06
 Reference value :  1.92051e-06
 Reference value :  1.92103e-06
 Reference value :  1.92143e-06
 Reference value :  1.92201e-06
 Reference value :  1.92239e-06
 Reference value :  1.92271e-06
 Reference value :  1.92335e-06
 Reference value :  1.92359e-06
 Reference value :  1.92395e-06
 Reference value :  1.92401e-06
 Reference value :  1.92402e-06
 Reference value :  1.92407e-06
 Reference value :  1.92431e-06
 Reference value :  1.92447e-06
 Reference value :  1.92483e-06
 Reference value :  1.92511e-06
 Reference value :  1.92527e-06
 Reference value :  1.92591e-06
 Reference value :  1.92623e-06
 Reference value :  1.92695e-06
 Reference value :  1.92771e-06
 Reference value :  1.92804e-06
 Reference value :  1.92843e-06
 Reference value :  1.92875e-06
 Reference value :  1.92951e-06
 Reference value :  1.93002e-06
 Reference value :  1.93051e-06
 Reference value :  1.93127e-06
 Reference value :  1.93167e-06
 Reference value :  1.93207e-06
 Reference value :  1.93259e-06
 Reference value :  1.93307e-06
 Reference value :  1.93375e-06
 Reference value :  1.93415e-06
 Reference value :  1.93427e-06
 Reference value :  1.93495e-06
 Reference value :  1.93571e-06
 Reference value :  1.93604e-06
 Reference value :  1.93651e-06
 Reference value :  1.93719e-06
 Reference value :  1.93797e-06
 Reference value :  1.93823e-06
 Reference value :  1.93895e-06
 Reference value :  1.93971e-06
 Reference value :  1.94003e-06
 Reference value :  1.94051e-06
 Reference value :  1.94099e-06
 Reference value :  1.94171e-06
 Reference value :  1.94202e-06
 Reference value :  1.94243e-06
 Reference value :  1.94319e-06
 Reference value :  1.94391e-06
 Reference value :  1.94427e-06
 Reference value :  1.94471e-06
 Reference value :  1.94547e-06
 Reference value :  1.94601e-06
 Reference value :  1.94647e-06
 Reference value :  1.94719e-06
 Reference value :  1.94795e-06
 Reference value :  1.94831e-06
 Reference value :  1.94875e-06
 Reference value :  1.94939e-06
 Reference value :  1.95000e-06
 Reference value :  1.95039e-06
 Reference value :  1.95111e-06
 Reference value :  1.95191e-06
 Reference value :  1.95219e-06
 Reference value :  1.95251e-06
 Reference value :  1.95327e-06
 Reference value :  1.95400e-06
 Reference value :  1.95427e-06
 Reference value :  1.95495e-06
 Reference value :  1.95575e-06
 Reference value :  1.95607e-06
 Reference value :  1.95651e-06
 Reference value :  1.95687e-06
 Reference value :  1.95751e-06
 Reference value :  1.95801e-06
 Reference value :  1.95847e-06
 Reference value :  1.95923e-06
 Reference value :  1.95995e-06
 Reference value :  1.96027e-06
 Reference value :  1.96075e-06
 Reference value :  1.96155e-06
 Reference value :  1.96202e-06
 Reference value :  1.96243e-06
 Reference value :  1.96307e-06
 Reference value :  1.96379e-06
 Reference value :  1.96415e-06
 Reference value :  1.96463e-06
 Reference value :  1.96523e-06
 Reference value :  1.96595e-06
 Reference value :  1.96619e-06
 Reference value :  1.96683e-06
 Reference value :  1.96747e-06
 Reference value :  1.96801e-06
 Reference value :  1.96835e-06
 Reference value :  1.96895e-06
 Reference value :  1.96971e-06
 Reference value :  1.97004e-06
 Reference value :  1.97059e-06
 Reference value :  1.97131e-06
 Reference value :  1.97200e-06
 Reference value :  1.97215e-06
 Reference value :  1.97271e-06
 Reference value :  1.97327e-06
 Reference value :  1.97400e-06
 Reference value :  1.97431e-06
 Reference value :  1.97503e-06
 Reference value :  1.97583e-06
 Reference value :  1.97611e-06
 Reference value :  1.97659e-06
 Reference value :  1.97683e-06
 Reference value :  1.97731e-06
 Reference value :  1.97783e-06
 Reference value :  1.97802e-06
 Reference value :  1.97823e-06
 Reference value :  1.97875e-06
 Reference value :  1.97927e-06
 Reference value :  1.97947e-06
 Reference value :  1.97959e-06
 Reference value :  1.98000e-06
 Reference value :  1.98023e-06
 Reference value :  1.98035e-06
 Reference value :  1.98063e-06
 Reference value :  1.98091e-06
 Reference value :  1.98139e-06
 Reference value :  1.98183e-06
 Reference value :  1.98204e-06
 Reference value :  1.98223e-06
 Reference value :  1.98243e-06
 Reference value :  1.98259e-06
 Reference value :  1.98335e-06
 Reference value :  1.98400e-06
 Reference value :  1.98431e-06
 Reference value :  1.98475e-06
 Reference value :  1.98527e-06
 Reference value :  1.98600e-06
 Reference value :  1.98627e-06
 Reference value :  1.98671e-06
 Reference value :  1.98715e-06
 Reference value :  1.98783e-06
 Reference value :  1.98795e-06
 Reference value :  1.98827e-06
 Reference value :  1.98875e-06
 Reference value :  1.98927e-06
 Reference value :  1.98995e-06
 Reference value :  1.99019e-06
 Reference value :  1.99091e-06
 Reference value :  1.99163e-06
 Reference value :  1.99204e-06
 Reference value :  1.99247e-06
 Reference value :  1.99323e-06
 Reference value :  1.99400e-06
 Reference value :  1.99423e-06
 Reference value :  1.99499e-06
 Reference value :  1.99567e-06
 Reference value :  1.99607e-06
 Reference value :  1.99655e-06
 Reference value :  1.99699e-06
 Reference value :  1.99719e-06
 Reference value :  1.99763e-06
 Reference value :  1.99800e-06
 Reference value :  1.99819e-06
 Reference value :  1.99867e-06
 Reference value :  1.99895e-06
 Reference value :  1.99927e-06
 Reference value :  1.99979e-06
 Reference value :  2.00001e-06
 Reference value :  2.00035e-06
 Reference value :  2.00095e-06
 Reference value :  2.00175e-06
 Reference value :  2.00211e-06
 Reference value :  2.00275e-06
 Reference value :  2.00331e-06
 Reference value :  2.00400e-06
 Reference value :  2.00431e-06
 Reference value :  2.00483e-06
 Reference value :  2.00551e-06
 Reference value :  2.00601e-06
 Reference value :  2.00627e-06
 Reference value :  2.00695e-06
 Reference value :  2.00771e-06
 Reference value :  2.00804e-06
 Reference value :  2.00847e-06
 Reference value :  2.00907e-06
 Reference value :  2.00987e-06
 Reference value :  2.01015e-06
 Reference value :  2.01071e-06
 Reference value :  2.01143e-06
 Reference value :  2.01201e-06
 Reference value :  2.01243e-06
 Reference value :  2.01287e-06
 Reference value :  2.01359e-06
 Reference value :  2.01402e-06
 Reference value :  2.01459e-06
 Reference value :  2.01539e-06
 Reference value :  2.01600e-06
 Reference value :  2.01627e-06
 Reference value :  2.01675e-06
 Reference value :  2.01751e-06
 Reference value :  2.01801e-06
 Reference value :  2.01851e-06
 Reference value :  2.01931e-06
 Reference value :  2.01983e-06
 Reference value :  2.02007e-06
 Reference value :  2.02047e-06
 Reference value :  2.02091e-06
 Reference value :  2.02151e-06
 Reference value :  2.02202e-06
 Reference value :  2.02247e-06
 Reference value :  2.02319e-06
 Reference value :  2.02397e-06
 Reference value :  2.02423e-06
 Reference value :  2.02475e-06
 Reference value :  2.02547e-06
 Reference value :  2.02601e-06
 Reference value :  2.02631e-06
 Reference value :  2.02711e-06
 Reference value :  2.02783e-06
 Reference value :  2.02819e-06
 Reference value :  2.02871e-06
 Reference value :  2.02891e-06
 Reference value :  2.02911e-06
 Reference value :  2.02943e-06
 Reference value :  2.03001e-06
 Reference value :  2.03039e-06
 Reference value :  2.03103e-06
 Reference value :  2.03175e-06
 Reference value :  2.03207e-06
 Reference value :  2.03251e-06
 Reference value :  2.03315e-06
 Reference value :  2.03391e-06
 Reference value :  2.03419e-06
 Reference value :  2.03491e-06
 Reference value :  2.03547e-06
 Reference value :  2.03601e-06
 Reference value :  2.03643e-06
 Reference value :  2.03687e-06
 Reference value :  2.03743e-06
 Reference value :  2.03775e-06
 Reference value :  2.03811e-06
 Reference value :  2.03879e-06
 Reference value :  2.03951e-06
 Reference value :  2.04001e-06
 Reference value :  2.04039e-06
 Reference value :  2.04091e-06
 Reference value :  2.04163e-06
 Reference value :  2.04200e-06
 Reference value :  2.04219e-06
 Reference value :  2.04287e-06
 Reference value :  2.04363e-06
 Reference value :  2.04403e-06
 Reference value :  2.04451e-06
 Reference value :  2.04491e-06
 Reference value :  2.04559e-06
 Reference value :  2.04602e-06
 Reference value :  2.04655e-06
 Reference value :  2.04703e-06
 Reference value :  2.04775e-06
 Reference value :  2.04807e-06
 Reference value :  2.04847e-06
 Reference value :  2.04915e-06
 Reference value :  2.04983e-06
 Reference value :  2.05015e-06
 Reference value :  2.05043e-06
 Reference value :  2.05087e-06
 Reference value :  2.05139e-06
 Reference value :  2.05167e-06
 Reference value :  2.05201e-06
 Reference value :  2.05223e-06
 Reference value :  2.05255e-06
 Reference value :  2.05283e-06
 Reference value :  2.05295e-06
 Reference value :  2.05315e-06
 Reference value :  2.05363e-06
 Reference value :  2.05397e-06
 Reference value :  2.05407e-06
 Reference value :  2.05431e-06
 Reference value :  2.05495e-06
 Reference value :  2.05511e-06
 Reference value :  2.05535e-06
 Reference value :  2.05600e-06
 Reference value :  2.05602e-06
 Reference value :  2.05611e-06
 Reference value :  2.05639e-06
 Reference value :  2.05659e-06
 Reference value :  2.05671e-06
 Reference value :  2.05703e-06
 Reference value :  2.05731e-06
 Reference value :  2.05751e-06
 Reference value :  2.05787e-06
 Reference value :  2.05801e-06
 Reference value :  2.05819e-06
 Reference value :  2.05851e-06
 Reference value :  2.05883e-06
 Reference value :  2.05959e-06
 Reference value :  2.06002e-06
 Reference value :  2.06047e-06
 Reference value :  2.06067e-06
 Reference value :  2.06079e-06
 Reference value :  2.06091e-06
 Reference value :  2.06135e-06
 Reference value :  2.06201e-06
 Reference value :  2.06235e-06
 Reference value :  2.06315e-06
 Reference value :  2.06379e-06
 Reference value :  2.06391e-06
 Reference value :  2.06419e-06
 Reference value :  2.06443e-06
 Reference value :  2.06463e-06
 Reference value :  2.06531e-06
 Reference value :  2.06600e-06
 Reference value :  2.06627e-06
 Reference value :  2.06655e-06
 Reference value :  2.06727e-06
 Reference value :  2.06797e-06
 Reference value :  2.06823e-06
 Reference value :  2.06863e-06
 Reference value :  2.06911e-06
 Reference value :  2.06967e-06
 Reference value :  2.06979e-06
 Reference value :  2.06995e-06
 Reference value :  2.07023e-06
 Reference value :  2.07095e-06
 Reference value :  2.07135e-06
 Reference value :  2.07200e-06
 Reference value :  2.07215e-06
 Reference value :  2.07259e-06
 Reference value :  2.07331e-06
 Reference value :  2.07400e-06
 Reference value :  2.07402e-06
 Reference value :  2.07447e-06
 Reference value :  2.07523e-06
 Reference value :  2.07591e-06
 Reference value :  2.07619e-06
 Reference value :  2.07667e-06
 Reference value :  2.07715e-06
 Reference value :  2.07787e-06
 Reference value :  2.07819e-06
 Reference value :  2.07891e-06
 Reference value :  2.07959e-06
 Reference value :  2.08003e-06
 Reference value :  2.08043e-06
 Reference value :  2.08107e-06
 Reference value :  2.08179e-06
 Reference value :  2.08215e-06
 Reference value :  2.08279e-06
 Reference value :  2.08351e-06
 Reference value :  2.08402e-06
 Reference value :  2.08443e-06
 Reference value :  2.08495e-06
 Reference value :  2.08559e-06
 Reference value :  2.08602e-06
 Reference value :  2.08655e-06
 Reference value :  2.08731e-06
 Reference value :  2.08800e-06
 Reference value :  2.08823e-06
 Reference value :  2.08871e-06
 Reference value :  2.08943e-06
 Reference value :  2.09001e-06
 Reference value :  2.09039e-06
 Reference value :  2.09119e-06
 Reference value :  2.09195e-06
 Reference value :  2.09219e-06
 Reference value :  2.09247e-06
 Reference value :  2.09279e-06
 Reference value :  2.09351e-06
 Reference value :  2.09401e-06
 Reference value :  2.09451e-06
 Reference value :  2.09527e-06
 Reference value :  2.09597e-06
 Reference value :  2.09619e-06
 Reference value :  2.09663e-06
 Reference value :  2.09739e-06
 Reference value :  2.09800e-06
 Reference value :  2.09827e-06
 Reference value :  2.09899e-06
 Reference value :  2.09975e-06
 Reference value :  2.10015e-06
 Reference value :  2.10051e-06
 Reference value :  2.10075e-06
 Reference value :  2.10111e-06
 Reference value :  2.10163e-06
 Reference value :  2.10200e-06
 Reference value :  2.10219e-06
 Reference value :  2.10267e-06
 Reference value :  2.10319e-06
 Reference value :  2.10367e-06
 Reference value :  2.10391e-06
 Reference value :  2.10419e-06
 Reference value :  2.10451e-06
 Reference value :  2.10527e-06
 Reference value :  2.10591e-06
 Reference value :  2.10619e-06
 Reference value :  2.10683e-06
 Reference value :  2.10747e-06
 Reference value :  2.10801e-06
 Reference value :  2.10839e-06
 Reference value :  2.10887e-06
 Reference value :  2.10947e-06
 Reference value :  2.10967e-06
 Reference value :  2.11000e-06
 Reference value :  2.11011e-06
 Reference value :  2.11067e-06
 Reference value :  2.11143e-06
 Reference value :  2.11201e-06
 Reference value :  2.11204e-06
 Reference value :  2.11239e-06
 Reference value :  2.11271e-06
 Reference value :  2.11347e-06
 Reference value :  2.11401e-06
 Reference value :  2.11443e-06
 Reference value :  2.11519e-06
 Reference value :  2.11591e-06
 Reference value :  2.11623e-06
 Reference value :  2.11667e-06
 Reference value :  2.11719e-06
 Reference value :  2.11763e-06
 Reference value :  2.11804e-06
 Reference value :  2.11867e-06
 Reference value :  2.11943e-06
 Reference value :  2.12001e-06
 Reference value :  2.12035e-06
 Reference value :  2.12087e-06
 Reference value :  2.12159e-06
 Reference value :  2.12203e-06
 Reference value :  2.12255e-06
 Reference value :  2.12331e-06
 Reference value :  2.12400e-06
 Reference value :  2.12431e-06
 Reference value :  2.12475e-06
 Reference value :  2.12531e-06
 Reference value :  2.12597e-06
 Reference value :  2.12623e-06
 Reference value :  2.12699e-06
 Reference value :  2.12779e-06
 Reference value :  2.12811e-06
 Reference value :  2.12847e-06
 Reference value :  2.12911e-06
 Reference value :  2.12987e-06
 Reference value :  2.13011e-06
 Reference value :  2.13075e-06
 Reference value :  2.13139e-06
 Reference value :  2.13201e-06
 Reference value :  2.13239e-06
 Reference value :  2.13287e-06
 Reference value :  2.13355e-06
 Reference value :  2.13401e-06
 Reference value :  2.13451e-06
 Reference value :  2.13519e-06
 Reference value :  2.13597e-06
 Reference value :  2.13623e-06
 Reference value :  2.13667e-06
 Reference value :  2.13743e-06
 Reference value :  2.13800e-06
 Reference value :  2.13831e-06
 Reference value :  2.13867e-06
 Reference value :  2.13919e-06
 Reference value :  2.13979e-06
 Reference value :  2.14002e-06
 Reference value :  2.14019e-06
 Reference value :  2.14047e-06
 Reference value :  2.14079e-06
 Reference value :  2.14123e-06
 Reference value :  2.14163e-06
 Reference value :  2.14200e-06
 Reference value :  2.14204e-06
 Reference value :  2.14231e-06
 Reference value :  2.14307e-06
 Reference value :  2.14379e-06
 Reference value :  2.14415e-06
 Reference value :  2.14459e-06
 Reference value :  2.14531e-06
 Reference value :  2.14600e-06
 Reference value :  2.14631e-06
 Reference value :  2.14711e-06
 Reference value :  2.14779e-06
 Reference value :  2.14815e-06
 Reference value :  2.14867e-06
 Reference value :  2.14915e-06
 Reference value :  2.14991e-06
 Reference value :  2.15019e-06
 Reference value :  2.15091e-06
 Reference value :  2.15159e-06
 Reference value :  2.15204e-06
 Reference value :  2.15251e-06
 Reference value :  2.15283e-06
 Reference value :  2.15323e-06
 Reference value :  2.15397e-06
 Reference value :  2.15423e-06
 Reference value :  2.15491e-06
 Reference value :  2.15567e-06
 Reference value :  2.15601e-06
 Reference value :  2.15611e-06
 Reference value :  2.15659e-06
 Reference value :  2.15683e-06
 Reference value :  2.15715e-06
 Reference value :  2.15791e-06
 Reference value :  2.15819e-06
 Reference value :  2.15879e-06
 Reference value :  2.15955e-06
 Reference value :  2.16001e-06
 Reference value :  2.16019e-06
 Reference value :  2.16063e-06
 Reference value :  2.16139e-06
 Reference value :  2.16200e-06
 Reference value :  2.16231e-06
 Reference value :  2.16307e-06
 Reference value :  2.16367e-06
 Reference value :  2.16404e-06
 Reference value :  2.16447e-06
 Reference value :  2.16499e-06
 Reference value :  2.16563e-06
 Reference value :  2.16604e-06
 Reference value :  2.16667e-06
 Reference value :  2.16735e-06
 Reference value :  2.16800e-06
 Reference value :  2.16831e-06
 Reference value :  2.16887e-06
 Reference value :  2.16959e-06
 Reference value :  2.17002e-06
 Reference value :  2.17019e-06
 Reference value :  2.17075e-06
 Reference value :  2.17139e-06
 Reference value :  2.17195e-06
 Reference value :  2.17201e-06
 Reference value :  2.17235e-06
 Reference value :  2.17283e-06
 Reference value :  2.17343e-06
 Reference value :  2.17375e-06
 Reference value :  2.17401e-06
 Reference value :  2.17407e-06
 Reference value :  2.17427e-06
 Reference value :  2.17463e-06
 Reference value :  2.17479e-06
 Reference value :  2.17515e-06
 Reference value :  2.17551e-06
 Reference value :  2.17575e-06
 Reference value :  2.17600e-06
 Reference value :  2.17631e-06
 Reference value :  2.17655e-06
 Reference value :  2.17695e-06
 Reference value :  2.17771e-06
 Reference value :  2.17811e-06
 Reference value :  2.17859e-06
 Reference value :  2.17895e-06
 Reference value :  2.17963e-06
 Reference value :  2.18004e-06
 Reference value :  2.18051e-06
 Reference value :  2.18099e-06
 Reference value :  2.18159e-06
 Reference value :  2.18175e-06
 Reference value :  2.18183e-06
 Reference value :  2.18195e-06
 Reference value :  2.18200e-06
 Reference value :  2.18201e-06
 Reference value :  2.18201e-06
 Reference value :  2.18203e-06
 Reference value :  2.18207e-06
 Reference value :  2.18239e-06
 Reference value :  2.18279e-06
 Reference value :  2.18351e-06
 Reference value :  2.18402e-06
 Reference value :  2.18427e-06
 Reference value :  2.18483e-06
 Reference value :  2.18555e-06
 Reference value :  2.18583e-06
 Reference value :  2.18591e-06
 Reference value :  2.18600e-06
 Reference value :  2.18600e-06
 Reference value :  2.18601e-06
 Reference value :  2.18603e-06
 Reference value :  2.18607e-06
 Reference value :  2.18615e-06
 Reference value :  2.18635e-06
 Reference value :  2.18655e-06
 Reference value :  2.18731e-06
 Reference value :  2.18797e-06
 Reference value :  2.18831e-06
 Reference value :  2.18867e-06
 Reference value :  2.18875e-06
 Reference value :  2.18879e-06
 Reference value :  2.18887e-06
 Reference value :  2.18895e-06
 Reference value :  2.18903e-06
 Reference value :  2.18915e-06
 Reference value :  2.18923e-06
 Reference value :  2.18935e-06
 Reference value :  2.18947e-06
 Reference value :  2.19000e-06
 Reference value :  2.19019e-06
 Reference value :  2.19059e-06
 Reference value :  2.19099e-06
 Reference value :  2.19115e-06
 Reference value :  2.19135e-06
 Reference value :  2.19200e-06
 Reference value :  2.19227e-06
 Reference value :  2.19275e-06
 Reference value :  2.19355e-06
 Reference value :  2.19401e-06
 Reference value :  2.19447e-06
 Reference value :  2.19511e-06
 Reference value :  2.19527e-06
 Reference value :  2.19535e-06
 Reference value :  2.19547e-06
 Reference value :  2.19559e-06
 Reference value :  2.19567e-06
 Reference value :  2.19575e-06
 Reference value :  2.19587e-06
 Reference value :  2.19597e-06
 Reference value :  2.19607e-06
 Reference value :  2.19619e-06
 Reference value :  2.19627e-06
 Reference value :  2.19675e-06
 Reference value :  2.19727e-06
 Reference value :  2.19779e-06
 Reference value :  2.19787e-06
 Reference value :  2.19795e-06
 Reference value :  2.19800e-06
 Reference value :  2.19801e-06
 Reference value :  2.19801e-06
 Reference value :  2.19803e-06
 Reference value :  2.19807e-06
 Reference value :  2.19815e-06
 Reference value :  2.19847e-06
 Reference value :  2.19895e-06
 Reference value :  2.19963e-06
 Reference value :  2.20004e-06
 Reference value :  2.20039e-06
 Reference value :  2.20051e-06
 Reference value :  2.20107e-06
 Reference value :  2.20119e-06
 Reference value :  2.20127e-06
 Reference value :  2.20135e-06
 Reference value :  2.20147e-06
 Reference value :  2.20155e-06
 Reference value :  2.20167e-06
 Reference value :  2.20175e-06
 Reference value :  2.20183e-06
 Reference value :  2.20200e-06
 Reference value :  2.20202e-06
 Reference value :  2.20204e-06
 Reference value :  2.20255e-06
 Reference value :  2.20295e-06
 Reference value :  2.20351e-06
 Reference value :  2.20395e-06
 Reference value :  2.20404e-06
 Reference value :  2.20431e-06
 Reference value :  2.20451e-06
 Reference value :  2.20487e-06
 Reference value :  2.20559e-06
 Reference value :  2.20604e-06
 Reference value :  2.20667e-06
 Reference value :  2.20715e-06
 Reference value :  2.20723e-06
 Reference value :  2.20735e-06
 Reference value :  2.20747e-06
 Reference value :  2.20755e-06
 Reference value :  2.20767e-06
 Reference value :  2.20775e-06
 Reference value :  2.20787e-06
 Reference value :  2.20800e-06
 Reference value :  2.20807e-06
 Reference value :  2.20855e-06
 Reference value :  2.20923e-06
 Reference value :  2.21000e-06
 Reference value :  2.21023e-06
 Reference value :  2.21095e-06
 Reference value :  2.21159e-06
 Reference value :  2.21171e-06
 Reference value :  2.21179e-06
 Reference value :  2.21191e-06
 Reference value :  2.21200e-06
 Reference value :  2.21201e-06
 Reference value :  2.21202e-06
 Reference value :  2.21204e-06
 Reference value :  2.21211e-06
 Reference value :  2.21243e-06
 Reference value :  2.21279e-06
 Reference value :  2.21303e-06
 Reference value :  2.21363e-06
 Reference value :  2.21379e-06
 Reference value :  2.21391e-06
 Reference value :  2.21400e-06
 Reference value :  2.21401e-06
 Reference value :  2.21402e-06
 Reference value :  2.21404e-06
 Reference value :  2.21411e-06
 Reference value :  2.21419e-06
 Reference value :  2.21427e-06
 Reference value :  2.21435e-06
 Reference value :  2.21443e-06
 Reference value :  2.21455e-06
 Reference value :  2.21471e-06
 Reference value :  2.21483e-06
 Reference value :  2.21495e-06
 Reference value :  2.21507e-06
 Reference value :  2.21519e-06
 Reference value :  2.21531e-06
 Reference value :  2.21543e-06
 Reference value :  2.21555e-06
 Reference value :  2.21567e-06
 Reference value :  2.21579e-06
 Reference value :  2.21591e-06
 Reference value :  2.21600e-06
 Reference value :  2.21601e-06
 Reference value :  2.21627e-06
 Reference value :  2.21671e-06
 Reference value :  2.21735e-06
 Reference value :  2.21783e-06
 Reference value :  2.21800e-06
 Reference value :  2.21819e-06
 Reference value :  2.21891e-06
 Reference value :  2.21959e-06
 Reference value :  2.21967e-06
 Reference value :  2.21979e-06
 Reference value :  2.21991e-06
 Reference value :  2.21997e-06
 Reference value :  2.22000e-06
 Reference value :  2.22001e-06
 Reference value :  2.22002e-06
 Reference value :  2.22004e-06
 Reference value :  2.22011e-06
 Reference value :  2.22039e-06
 Reference value :  2.22075e-06
 Reference value :  2.22143e-06
 Reference value :  2.22201e-06
 Reference value :  2.22247e-06
 Reference value :  2.22291e-06
 Reference value :  2.22323e-06
 Reference value :  2.22375e-06
 Reference value :  2.22411e-06
 Reference value :  2.22455e-06
 Reference value :  2.22503e-06
 Reference value :  2.22575e-06
 Reference value :  2.22604e-06
 Reference value :  2.22611e-06
 Reference value :  2.22619e-06
 Reference value :  2.22623e-06
 Reference value :  2.22631e-06
 Reference value :  2.22643e-06
 Reference value :  2.22651e-06
 Reference value :  2.22663e-06
 Reference value :  2.22679e-06
 Reference value :  2.22743e-06
 Reference value :  2.22801e-06
 Reference value :  2.22815e-06
 Reference value :  2.22843e-06
 Reference value :  2.22887e-06
 Reference value :  2.22911e-06
 Reference value :  2.22975e-06
 Reference value :  2.23011e-06
 Reference value :  2.23047e-06
 Reference value :  2.23055e-06
 Reference value :  2.23067e-06
 Reference value :  2.23075e-06
 Reference value :  2.23087e-06
 Reference value :  2.23099e-06
 Reference value :  2.23111e-06
 Reference value :  2.23123e-06
 Reference value :  2.23139e-06
 Reference value :  2.23179e-06
 Reference value :  2.23207e-06
 Reference value :  2.23251e-06
 Reference value :  2.23311e-06
 Reference value :  2.23339e-06
 Reference value :  2.23355e-06
 Reference value :  2.23367e-06
 Reference value :  2.23379e-06
 Reference value :  2.23391e-06
 Reference value :  2.23400e-06
 Reference value :  2.23401e-06
 Reference value :  2.23402e-06
 Reference value :  2.23404e-06
 Reference value :  2.23411e-06
 Reference value :  2.23423e-06
 Reference value :  2.23435e-06
 Reference value :  2.23479e-06
 Reference value :  2.23519e-06
 Reference value :  2.23563e-06
 Reference value :  2.23579e-06
 Reference value :  2.23591e-06
 Reference value :  2.23600e-06
 Reference value :  2.23601e-06
 Reference value :  2.23601e-06
 Reference value :  2.23603e-06
 Reference value :  2.23607e-06
 Reference value :  2.23615e-06
 Reference value :  2.23623e-06
 Reference value :  2.23655e-06
 Reference value :  2.23691e-06
 Reference value :  2.23699e-06
 Reference value :  2.23707e-06
 Reference value :  2.23723e-06
 Reference value :  2.23743e-06
 Reference value :  2.23755e-06
 Reference value :  2.23767e-06
 Reference value :  2.23779e-06
 Reference value :  2.23791e-06
 Reference value :  2.23800e-06
 Reference value :  2.23801e-06
 Reference value :  2.23802e-06
 Reference value :  2.23804e-06
 Reference value :  2.23811e-06
 Reference value :  2.23815e-06
 Reference value :  2.23823e-06
 Reference value :  2.23831e-06
 Reference value :  2.23843e-06
 Reference value :  2.23855e-06
 Reference value :  2.23867e-06
 Reference value :  2.23879e-06
 Reference value :  2.23891e-06
 Reference value :  2.23903e-06
 Reference value :  2.23915e-06
 Reference value :  2.23927e-06
 Reference value :  2.23939e-06
 Reference value :  2.23947e-06
 Reference value :  2.23959e-06
 Reference value :  2.23971e-06
 Reference value :  2.23979e-06
 Reference value :  2.23991e-06
 Reference value :  2.24000e-06
 Reference value :  2.24000e-06
 Reference value :  2.24003e-06
 Reference value :  2.24031e-06
 Reference value :  2.24059e-06
 Reference value :  2.24091e-06
 Reference value :  2.24111e-06
 Reference value :  2.24123e-06
 Reference value :  2.24135e-06
 Reference value :  2.24147e-06
 Reference value :  2.24159e-06
 Reference value :  2.24171e-06
 Reference value :  2.24183e-06
 Reference value :  2.24195e-06
 Reference value :  2.24201e-06
 Reference value :  2.24215e-06
 Reference value :  2.24279e-06
 Reference value :  2.24327e-06
 Reference value :  2.24383e-06
 Reference value :  2.24403e-06
 Reference value :  2.24439e-06
 Reference value :  2.24451e-06
 Reference value :  2.24479e-06
 Reference value :  2.24503e-06
 Reference value :  2.24555e-06
 Reference value :  2.24601e-06
 Reference value :  2.24639e-06
 Reference value :  2.24667e-06
 Reference value :  2.24715e-06
 Reference value :  2.24791e-06
 Reference value :  2.24802e-06
 Reference value :  2.24803e-06
 Reference value :  2.24807e-06
 Reference value :  2.24815e-06
 Reference value :  2.24823e-06
 Reference value :  2.24831e-06
 Reference value :  2.24839e-06
 Reference value :  2.24847e-06
 Reference value :  2.24887e-06
 Reference value :  2.24919e-06
 Reference value :  2.24967e-06
 Reference value :  2.25007e-06
 Reference value :  2.25055e-06
 Reference value :  2.25131e-06
 Reference value :  2.25197e-06
 Reference value :  2.25201e-06
 Reference value :  2.25219e-06
 Reference value :  2.25231e-06
 Reference value :  2.25239e-06
 Reference value :  2.25247e-06
 Reference value :  2.25255e-06
 Reference value :  2.25263e-06
 Reference value :  2.25271e-06
 Reference value :  2.25287e-06
 Reference value :  2.25319e-06
 Reference value :  2.25367e-06
 Reference value :  2.25400e-06
 Reference value :  2.25404e-06
 Reference value :  2.25459e-06
 Reference value :  2.25531e-06
 Reference value :  2.25597e-06
 Reference value :  2.25603e-06
 Reference value :  2.25643e-06
 Reference value :  2.25687e-06
 Reference value :  2.25719e-06
 Reference value :  2.25787e-06
 Reference value :  2.25819e-06
 Reference value :  2.25847e-06
 Reference value :  2.25855e-06
 Reference value :  2.25867e-06
 Reference value :  2.25879e-06
 Reference value :  2.25895e-06
 Reference value :  2.25907e-06
 Reference value :  2.25919e-06
 Reference value :  2.25927e-06
 Reference value :  2.25939e-06
 Reference value :  2.25955e-06
 Reference value :  2.26001e-06
 Reference value :  2.26039e-06
 Reference value :  2.26079e-06
 Reference value :  2.26119e-06
 Reference value :  2.26163e-06
 Reference value :  2.26175e-06
 Reference value :  2.26183e-06
 Reference value :  2.26191e-06
 Reference value :  2.26200e-06
 Reference value :  2.26201e-06
 Reference value :  2.26202e-06
 Reference value :  2.26204e-06
 Reference value :  2.26211e-06
 Reference value :  2.26219e-06
 Reference value :  2.26231e-06
 Reference value :  2.26283e-06
 Reference value :  2.26303e-06
 Reference value :  2.26347e-06
 Reference value :  2.26400e-06
 Reference value :  2.26415e-06
 Reference value :  2.26439e-06
 Reference value :  2.26443e-06
 Reference value :  2.26447e-06
 Reference value :  2.26451e-06
 Reference value :  2.26459e-06
 Reference value :  2.26471e-06
 Reference value :  2.26483e-06
 Reference value :  2.26495e-06
 Reference value :  2.26515e-06
 Reference value :  2.26527e-06
 Reference value :  2.26539e-06
 Reference value :  2.26551e-06
 Reference value :  2.26591e-06
 Reference value :  2.26602e-06
 Reference value :  2.26604e-06
 Reference value :  2.26611e-06
 Reference value :  2.26619e-06
 Reference value :  2.26623e-06
 Reference value :  2.26635e-06
 Reference value :  2.26647e-06
 Reference value :  2.26655e-06
 Reference value :  2.26675e-06
 Reference value :  2.26715e-06
 Reference value :  2.26771e-06
 Reference value :  2.26803e-06
 Reference value :  2.26831e-06
 Reference value :  2.26871e-06
 Reference value :  2.26899e-06
 Reference value :  2.26963e-06
 Reference value :  2.26995e-06
 Reference value :  2.27004e-06
 Reference value :  2.27023e-06
 Reference value :  2.27039e-06
 Reference value :  2.27051e-06
 Reference value :  2.27063e-06
 Reference value :  2.27075e-06
 Reference value :  2.27087e-06
 Reference value :  2.27099e-06
 Reference value :  2.27111e-06
 Reference value :  2.27123e-06
 Reference value :  2.27139e-06
 Reference value :  2.27175e-06
 Reference value :  2.27207e-06
 Reference value :  2.27243e-06
 Reference value :  2.27279e-06
 Reference value :  2.27339e-06
 Reference value :  2.27351e-06
 Reference value :  2.27363e-06
 Reference value :  2.27375e-06
 Reference value :  2.27387e-06
 Reference value :  2.27397e-06
 Reference value :  2.27400e-06
 Reference value :  2.27401e-06
 Reference value :  2.27407e-06
 Reference value :  2.27419e-06
 Reference value :  2.27463e-06
 Reference value :  2.27531e-06
 Reference value :  2.27600e-06
 Reference value :  2.27623e-06
 Reference value :  2.27635e-06
 Reference value :  2.27643e-06
 Reference value :  2.27651e-06
 Reference value :  2.27659e-06
 Reference value :  2.27667e-06
 Reference value :  2.27675e-06
 Reference value :  2.27683e-06
 Reference value :  2.27691e-06
 Reference value :  2.27703e-06
 Reference value :  2.27755e-06
 Reference value :  2.27802e-06
 Reference value :  2.27855e-06
 Reference value :  2.27923e-06
 Reference value :  2.27943e-06
 Reference value :  2.28000e-06
 Reference value :  2.28031e-06
 Reference value :  2.28043e-06
 Reference value :  2.28047e-06
 Reference value :  2.28051e-06
 Reference value :  2.28059e-06
 Reference value :  2.28071e-06
 Reference value :  2.28083e-06
 Reference value :  2.28095e-06
 Reference value :  2.28127e-06
 Reference value :  2.28139e-06
 Reference value :  2.28163e-06
 Reference value :  2.28200e-06
 Reference value :  2.28219e-06
 Reference value :  2.28291e-06
 Reference value :  2.28363e-06
 Reference value :  2.28397e-06
 Reference value :  2.28411e-06
 Reference value :  2.28439e-06
 Reference value :  2.28451e-06
 Reference value :  2.28499e-06
 Reference value :  2.28571e-06
 Reference value :  2.28604e-06
 Reference value :  2.28667e-06
 Reference value :  2.28719e-06
 Reference value :  2.28739e-06
 Reference value :  2.28767e-06
 Reference value :  2.28804e-06
 Reference value :  2.28851e-06
 Reference value :  2.28915e-06
 Reference value :  2.28991e-06
 Reference value :  2.29004e-06
 Reference value :  2.29031e-06
 Reference value :  2.29063e-06
 Reference value :  2.29143e-06
 Reference value :  2.29201e-06
 Reference value :  2.29239e-06
 Reference value :  2.29291e-06
 Reference value :  2.29355e-06
 Reference value :  2.29391e-06
 Reference value :  2.29402e-06
 Reference value :  2.29459e-06
 Reference value :  2.29527e-06
 Reference value :  2.29600e-06
 Reference value :  2.29627e-06
 Reference value :  2.29635e-06
 Reference value :  2.29643e-06
 Reference value :  2.29647e-06
 Reference value :  2.29651e-06
 Reference value :  2.29659e-06
 Reference value :  2.29671e-06
 Reference value :  2.29683e-06
 Reference value :  2.29723e-06
 Reference value :  2.29735e-06
 Reference value :  2.29747e-06
 Reference value :  2.29755e-06
 Reference value :  2.29767e-06
 Reference value :  2.29779e-06
 Reference value :  2.29791e-06
 Reference value :  2.29800e-06
 Reference value :  2.29807e-06
 Reference value :  2.29839e-06
 Reference value :  2.29915e-06
 Reference value :  2.29983e-06
 Reference value :  2.30015e-06
 Reference value :  2.30035e-06
 Reference value :  2.30083e-06
 Reference value :  2.30115e-06
 Reference value :  2.30127e-06
 Reference value :  2.30139e-06
 Reference value :  2.30147e-06
 Reference value :  2.30155e-06
 Reference value :  2.30167e-06
 Reference value :  2.30175e-06
 Reference value :  2.30183e-06
 Reference value :  2.30195e-06
 Reference value :  2.30200e-06
 Reference value :  2.30201e-06
 Reference value :  2.30202e-06
 Reference value :  2.30203e-06
 Reference value :  2.30207e-06
 Reference value :  2.30215e-06
 Reference value :  2.30223e-06
 Reference value :  2.30251e-06
 Reference value :  2.30283e-06
 Reference value :  2.30319e-06
 Reference value :  2.30355e-06
 Reference value :  2.30387e-06
 Reference value :  2.30419e-06
 Reference value :  2.30435e-06
 Reference value :  2.30443e-06
 Reference value :  2.30447e-06
 Reference value :  2.30451e-06
 Reference value :  2.30463e-06
 Reference value :  2.30475e-06
 Reference value :  2.30487e-06
 Reference value :  2.30499e-06
 Reference value :  2.30511e-06
 Reference value :  2.30523e-06
 Reference value :  2.30535e-06
 Reference value :  2.30547e-06
 Reference value :  2.30559e-06
 Reference value :  2.30567e-06
 Reference value :  2.30579e-06
 Reference value :  2.30591e-06
 Reference value :  2.30600e-06
 Reference value :  2.30601e-06
 Reference value :  2.30611e-06
 Reference value :  2.30659e-06
 Reference value :  2.30699e-06
 Reference value :  2.30727e-06
 Reference value :  2.30739e-06
 Reference value :  2.30751e-06
 Reference value :  2.30763e-06
 Reference value :  2.30775e-06
 Reference value :  2.30787e-06
 Reference value :  2.30797e-06
 Reference value :  2.30800e-06
 Reference value :  2.30801e-06
 Reference value :  2.30803e-06
 Reference value :  2.30807e-06
 Reference value :  2.30815e-06
 Reference value :  2.30823e-06
 Reference value :  2.30831e-06
 Reference value :  2.30839e-06
 Reference value :  2.30847e-06
 Reference value :  2.30855e-06
 Reference value :  2.30887e-06
 Reference value :  2.30935e-06
 Reference value :  2.31000e-06
 Reference value :  2.31035e-06
 Reference value :  2.31111e-06
 Reference value :  2.31163e-06
 Reference value :  2.31175e-06
 Reference value :  2.31187e-06
 Reference value :  2.31197e-06
 Reference value :  2.31200e-06
 Reference value :  2.31201e-06
 Reference value :  2.31202e-06
 Reference value :  2.31204e-06
 Reference value :  2.31211e-06
 Reference value :  2.31219e-06
 Reference value :  2.31227e-06
 Reference value :  2.31235e-06
 Reference value :  2.31239e-06
 Reference value :  2.31243e-06
 Reference value :  2.31251e-06
 Reference value :  2.31259e-06
 Reference value :  2.31303e-06
 Reference value :  2.31379e-06
 Reference value :  2.31411e-06
 Reference value :  2.31475e-06
 Reference value :  2.31543e-06
 Reference value :  2.31601e-06
 Reference value :  2.31604e-06
 Reference value :  2.31607e-06
 Reference value :  2.31615e-06
 Reference value :  2.31623e-06
 Reference value :  2.31631e-06
 Reference value :  2.31639e-06
 Reference value :  2.31647e-06
 Reference value :  2.31655e-06
 Reference value :  2.31663e-06
 Reference value :  2.31667e-06
 Reference value :  2.31671e-06
 Reference value :  2.31679e-06
 Reference value :  2.31683e-06
 Reference value :  2.31687e-06
 Reference value :  2.31695e-06
 Reference value :  2.31723e-06
 Reference value :  2.31775e-06
 Reference value :  2.31802e-06
 Reference value :  2.31827e-06
 Reference value :  2.31855e-06
 Reference value :  2.31899e-06
 Reference value :  2.31919e-06
 Reference value :  2.31943e-06
 Reference value :  2.31975e-06
 Reference value :  2.32007e-06
 Reference value :  2.32051e-06
 Reference value :  2.32095e-06
 Reference value :  2.32111e-06
 Reference value :  2.32123e-06
 Reference value :  2.32147e-06
 Reference value :  2.32191e-06
 Reference value :  2.32204e-06
 Reference value :  2.32223e-06
 Reference value :  2.32243e-06
 Reference value :  2.32255e-06
 Reference value :  2.32271e-06
 Reference value :  2.32299e-06
 Reference value :  2.32371e-06
 Reference value :  2.32407e-06
 Reference value :  2.32455e-06
 Reference value :  2.32503e-06
 Reference value :  2.32559e-06
 Reference value :  2.32575e-06
 Reference value :  2.32607e-06
 Reference value :  2.32667e-06
 Reference value :  2.32743e-06
 Reference value :  2.32800e-06
 Reference value :  2.32831e-06
 Reference value :  2.32851e-06
 Reference value :  2.32867e-06
 Reference value :  2.32943e-06
 Reference value :  2.33001e-06
 Reference value :  2.33035e-06
 Reference value :  2.33095e-06
 Reference value :  2.33127e-06
 Reference value :  2.33195e-06
 Reference value :  2.33207e-06
 Reference value :  2.33239e-06
 Reference value :  2.33279e-06
 Reference value :  2.33315e-06
 Reference value :  2.33383e-06
 Reference value :  2.33415e-06
 Reference value :  2.33459e-06
 Reference value :  2.33495e-06
 Reference value :  2.33567e-06
 Reference value :  2.33604e-06
 Reference value :  2.33647e-06
 Reference value :  2.33719e-06
 Reference value :  2.33797e-06
 Reference value :  2.33803e-06
 Reference value :  2.33819e-06
 Reference value :  2.33883e-06
 Reference value :  2.33919e-06
 Reference value :  2.33991e-06
 Reference value :  2.34019e-06
 Reference value :  2.34047e-06
 Reference value :  2.34059e-06
 Reference value :  2.34079e-06
 Reference value :  2.34139e-06
 Reference value :  2.34200e-06
 Reference value :  2.34239e-06
 Reference value :  2.34315e-06
 Reference value :  2.34383e-06
 Reference value :  2.34401e-06
 Reference value :  2.34419e-06
 Reference value :  2.34467e-06
 Reference value :  2.34535e-06
 Reference value :  2.34601e-06
 Reference value :  2.34615e-06
 Reference value :  2.34683e-06
 Reference value :  2.34723e-06
 Reference value :  2.34751e-06
 Reference value :  2.34763e-06
 Reference value :  2.34775e-06
 Reference value :  2.34801e-06
 Reference value :  2.34823e-06
 Reference value :  2.34855e-06
 Reference value :  2.34863e-06
 Reference value :  2.34875e-06
 Reference value :  2.34887e-06
 Reference value :  2.34903e-06
 Reference value :  2.34983e-06
 Reference value :  2.35015e-06
 Reference value :  2.35087e-06
 Reference value :  2.35143e-06
 Reference value :  2.35151e-06
 Reference value :  2.35163e-06
 Reference value :  2.35175e-06
 Reference value :  2.35187e-06
 Reference value :  2.35195e-06
 Reference value :  2.35200e-06
 Reference value :  2.35201e-06
 Reference value :  2.35207e-06
 Reference value :  2.35231e-06
 Reference value :  2.35283e-06
 Reference value :  2.35363e-06
 Reference value :  2.35404e-06
 Reference value :  2.35455e-06
 Reference value :  2.35479e-06
 Reference value :  2.35491e-06
 Reference value :  2.35499e-06
 Reference value :  2.35507e-06
 Reference value :  2.35519e-06
 Reference value :  2.35531e-06
 Reference value :  2.35543e-06
 Reference value :  2.35555e-06
 Reference value :  2.35567e-06
 Reference value :  2.35597e-06
 Reference value :  2.35607e-06
 Reference value :  2.35639e-06
 Reference value :  2.35671e-06
 Reference value :  2.35691e-06
 Reference value :  2.35759e-06
 Reference value :  2.35801e-06
 Reference value :  2.35843e-06
 Reference value :  2.35915e-06
 Reference value :  2.35979e-06
 Reference value :  2.35997e-06
 Reference value :  2.36000e-06
 Reference value :  2.36001e-06
 Reference value :  2.36002e-06
 Reference value :  2.36004e-06
 Reference value :  2.36011e-06
 Reference value :  2.36019e-06
 Reference value :  2.36027e-06
 Reference value :  2.36047e-06
 Reference value :  2.36095e-06
 Reference value :  2.36167e-06
 Reference value :  2.36203e-06
 Reference value :  2.36255e-06
 Reference value :  2.36319e-06
 Reference value :  2.36395e-06
 Reference value :  2.36419e-06
 Reference value :  2.36471e-06
 Reference value :  2.36519e-06
 Reference value :  2.36591e-06
 Reference value :  2.36601e-06
 Reference value :  2.36602e-06
 Reference value :  2.36607e-06
 Reference value :  2.36615e-06
 Reference value :  2.36623e-06
 Reference value :  2.36631e-06
 Reference value :  2.36643e-06
 Reference value :  2.36655e-06
 Reference value :  2.36679e-06
 Reference value :  2.36691e-06
 Reference value :  2.36715e-06
 Reference value :  2.36767e-06
 Reference value :  2.36801e-06
 Reference value :  2.36823e-06
 Reference value :  2.36851e-06
 Reference value :  2.36899e-06
 Reference value :  2.36947e-06
 Reference value :  2.36975e-06
 Reference value :  2.37002e-06
 Reference value :  2.37004e-06
 Reference value :  2.37011e-06
 Reference value :  2.37019e-06
 Reference value :  2.37023e-06
 Reference value :  2.37031e-06
 Reference value :  2.37039e-06
 Reference value :  2.37051e-06
 Reference value :  2.37079e-06
 Reference value :  2.37091e-06
 Reference value :  2.37159e-06
 Reference value :  2.37201e-06
 Reference value :  2.37239e-06
 Reference value :  2.37291e-06
 Reference value :  2.37335e-06
 Reference value :  2.37347e-06
 Reference value :  2.37359e-06
 Reference value :  2.37371e-06
 Reference value :  2.37379e-06
 Reference value :  2.37391e-06
 Reference value :  2.37400e-06
 Reference value :  2.37401e-06
 Reference value :  2.37402e-06
 Reference value :  2.37404e-06
 Reference value :  2.37411e-06
 Reference value :  2.37415e-06
 Reference value :  2.37423e-06
 Reference value :  2.37431e-06
 Reference value :  2.37439e-06
 Reference value :  2.37455e-06
 Reference value :  2.37467e-06
 Reference value :  2.37479e-06
 Reference value :  2.37491e-06
 Reference value :  2.37499e-06
 Reference value :  2.37511e-06
 Reference value :  2.37523e-06
 Reference value :  2.37535e-06
 Reference value :  2.37575e-06
 Reference value :  2.37604e-06
 Reference value :  2.37647e-06
 Reference value :  2.37711e-06
 Reference value :  2.37787e-06
 Reference value :  2.37811e-06
 Reference value :  2.37871e-06
 Reference value :  2.37907e-06
 Reference value :  2.37927e-06
 Reference value :  2.37963e-06
 Reference value :  2.38000e-06
 Reference value :  2.38019e-06
 Reference value :  2.38051e-06
 Reference value :  2.38075e-06
 Reference value :  2.38103e-06
 Reference value :  2.38111e-06
 Reference value :  2.38119e-06
 Reference value :  2.38127e-06
 Reference value :  2.38139e-06
 Reference value :  2.38151e-06
 Reference value :  2.38163e-06
 Reference value :  2.38171e-06
 Reference value :  2.38187e-06
 Reference value :  2.38203e-06
 Reference value :  2.38227e-06
 Reference value :  2.38291e-06
 Reference value :  2.38319e-06
 Reference value :  2.38391e-06
 Reference value :  2.38419e-06
 Reference value :  2.38447e-06
 Reference value :  2.38451e-06
 Reference value :  2.38459e-06
 Reference value :  2.38471e-06
 Reference value :  2.38483e-06
 Reference value :  2.38495e-06
 Reference value :  2.38507e-06
 Reference value :  2.38519e-06
 Reference value :  2.38539e-06
 Reference value :  2.38559e-06
 Reference value :  2.38591e-06
 Reference value :  2.38602e-06
 Reference value :  2.38643e-06
 Reference value :  2.38719e-06
 Reference value :  2.38731e-06
 Reference value :  2.38743e-06
 Reference value :  2.38755e-06
 Reference value :  2.38767e-06
 Reference value :  2.38779e-06
 Reference value :  2.38791e-06
 Reference value :  2.38800e-06
 Reference value :  2.38801e-06
 Reference value :  2.38802e-06
 Reference value :  2.38804e-06
 Reference value :  2.38823e-06
 Reference value :  2.38863e-06
 Reference value :  2.38879e-06
 Reference value :  2.38887e-06
 Reference value :  2.38895e-06
 Reference value :  2.38903e-06
 Reference value :  2.38911e-06
 Reference value :  2.38923e-06
 Reference value :  2.38931e-06
 Reference value :  2.38939e-06
 Reference value :  2.38951e-06
 Reference value :  2.38967e-06
 Reference value :  2.39004e-06
 Reference value :  2.39043e-06
 Reference value :  2.39091e-06
 Reference value :  2.39151e-06
 Reference value :  2.39200e-06
 Reference value :  2.39231e-06
 Reference value :  2.39287e-06
 Reference value :  2.39327e-06
 Reference value :  2.39400e-06
 Reference value :  2.39404e-06
 Reference value :  2.39411e-06
 Reference value :  2.39419e-06
 Reference value :  2.39423e-06
 Reference value :  2.39431e-06
 Reference value :  2.39443e-06
 Reference value :  2.39451e-06
 Reference value :  2.39463e-06
 Reference value :  2.39499e-06
 Reference value :  2.39555e-06
 Reference value :  2.39601e-06
 Reference value :  2.39639e-06
 Reference value :  2.39687e-06
 Reference value :  2.39747e-06
 Reference value :  2.39787e-06
 Reference value :  2.39800e-06
 Reference value :  2.39801e-06
 Reference value :  2.39802e-06
 Reference value :  2.39807e-06
 Reference value :  2.39815e-06
 Reference value :  2.39823e-06
 Reference value :  2.39831e-06
 Reference value :  2.39843e-06
 Reference value :  2.39855e-06
 Reference value :  2.39895e-06
 Reference value :  2.39963e-06
 Reference value :  2.40007e-06
 Reference value :  2.40047e-06
 Reference value :  2.40063e-06
 Reference value :  2.40079e-06
 Reference value :  2.40091e-06
 Reference value :  2.40103e-06
 Reference value :  2.40115e-06
 Reference value :  2.40123e-06
 Reference value :  2.40135e-06
 Reference value :  2.40147e-06
 Reference value :  2.40159e-06
 Reference value :  2.40200e-06
 Reference value :  2.40211e-06
 Reference value :  2.40275e-06
 Reference value :  2.40355e-06
 Reference value :  2.40401e-06
 Reference value :  2.40431e-06
 Reference value :  2.40447e-06
 Reference value :  2.40455e-06
 Reference value :  2.40463e-06
 Reference value :  2.40471e-06
 Reference value :  2.40479e-06
 Reference value :  2.40487e-06
 Reference value :  2.40495e-06
 Reference value :  2.40511e-06
 Reference value :  2.40519e-06
 Reference value :  2.40531e-06
 Reference value :  2.40543e-06
 Reference value :  2.40555e-06
 Reference value :  2.40567e-06
 Reference value :  2.40587e-06
 Reference value :  2.40597e-06
 Reference value :  2.40601e-06
 Reference value :  2.40607e-06
 Reference value :  2.40627e-06
 Reference value :  2.40635e-06
 Reference value :  2.40647e-06
 Reference value :  2.40659e-06
 Reference value :  2.40671e-06
 Reference value :  2.40683e-06
 Reference value :  2.40695e-06
 Reference value :  2.40707e-06
 Reference value :  2.40715e-06
 Reference value :  2.40731e-06
 Reference value :  2.40739e-06
 Reference value :  2.40751e-06
 Reference value :  2.40759e-06
 Reference value :  2.40767e-06
 Reference value :  2.40779e-06
 Reference value :  2.40791e-06
 Reference value :  2.40800e-06
 Reference value :  2.40801e-06
 Reference value :  2.40802e-06
 Reference value :  2.40804e-06
 Reference value :  2.40811e-06
 Reference value :  2.40823e-06
 Reference value :  2.40851e-06
 Reference value :  2.40883e-06
 Reference value :  2.40919e-06
 Reference value :  2.40975e-06
 Reference value :  2.40987e-06
 Reference value :  2.41007e-06
 Reference value :  2.41067e-06
 Reference value :  2.41111e-06
 Reference value :  2.41151e-06
 Reference value :  2.41195e-06
 Reference value :  2.41223e-06
 Reference value :  2.41255e-06
 Reference value :  2.41295e-06
 Reference value :  2.41375e-06
 Reference value :  2.41407e-06
 Reference value :  2.41415e-06
 Reference value :  2.41443e-06
 Reference value :  2.41511e-06
 Reference value :  2.41579e-06
 Reference value :  2.41611e-06
 Reference value :  2.41651e-06
 Reference value :  2.41711e-06
 Reference value :  2.41747e-06
 Reference value :  2.41759e-06
 Reference value :  2.41771e-06
 Reference value :  2.41783e-06
 Reference value :  2.41795e-06
 Reference value :  2.41811e-06
 Reference value :  2.41831e-06
 Reference value :  2.41907e-06
 Reference value :  2.41987e-06
 Reference value :  2.42015e-06
 Reference value :  2.42039e-06
 Reference value :  2.42087e-06
 Reference value :  2.42123e-06
 Reference value :  2.42135e-06
 Reference value :  2.42147e-06
 Reference value :  2.42201e-06
 Reference value :  2.42251e-06
 Reference value :  2.42295e-06
 Reference value :  2.42367e-06
 Reference value :  2.42397e-06
 Reference value :  2.42404e-06
 Reference value :  2.42451e-06
 Reference value :  2.42523e-06
 Reference value :  2.42600e-06
 Reference value :  2.42615e-06
 Reference value :  2.42627e-06
 Reference value :  2.42667e-06
 Reference value :  2.42715e-06
 Reference value :  2.42767e-06
 Reference value :  2.42801e-06
 Reference value :  2.42823e-06
 Reference value :  2.42851e-06
 Reference value :  2.42871e-06
 Reference value :  2.42903e-06
 Reference value :  2.42935e-06
 Reference value :  2.42995e-06
 Reference value :  2.43023e-06
 Reference value :  2.43079e-06
 Reference value :  2.43123e-06
 Reference value :  2.43147e-06
 Reference value :  2.43202e-06
 Reference value :  2.43239e-06
 Reference value :  2.43307e-06
 Reference value :  2.43371e-06
 Reference value :  2.43401e-06
 Reference value :  2.43411e-06
 Reference value :  2.43471e-06
 Reference value :  2.43551e-06
 Reference value :  2.43602e-06
 Reference value :  2.43647e-06
 Reference value :  2.43679e-06
 Reference value :  2.43707e-06
 Reference value :  2.43755e-06
 Reference value :  2.43802e-06
 Reference value :  2.43859e-06
 Reference value :  2.43935e-06
 Reference value :  2.44001e-06
 Reference value :  2.44031e-06
 Reference value :  2.44047e-06
 Reference value :  2.44111e-06
 Reference value :  2.44175e-06
 Reference value :  2.44211e-06
 Reference value :  2.44279e-06
 Reference value :  2.44351e-06
 Reference value :  2.44401e-06
 Reference value :  2.44415e-06
 Reference value :  2.44451e-06
 Reference value :  2.44471e-06
 Reference value :  2.44527e-06
 Reference value :  2.44600e-06
 Reference value :  2.44631e-06
 Reference value :  2.44675e-06
 Reference value :  2.44723e-06
 Reference value :  2.44797e-06
 Reference value :  2.44823e-06
 Reference value :  2.44851e-06
 Reference value :  2.44907e-06
 Reference value :  2.44919e-06
 Reference value :  2.44931e-06
 Reference value :  2.44943e-06
 Reference value :  2.44951e-06
 Reference value :  2.44963e-06
 Reference value :  2.44975e-06
 Reference value :  2.44987e-06
 Reference value :  2.45000e-06
 Reference value :  2.45019e-06
 Reference value :  2.45091e-06
 Reference value :  2.45159e-06
 Reference value :  2.45203e-06
 Reference value :  2.45247e-06
 Reference value :  2.45251e-06
 Reference value :  2.45259e-06
 Reference value :  2.45267e-06
 Reference value :  2.45275e-06
 Reference value :  2.45283e-06
 Reference value :  2.45291e-06
 Reference value :  2.45319e-06
 Reference value :  2.45355e-06
 Reference value :  2.45395e-06
 Reference value :  2.45404e-06
 Reference value :  2.45439e-06
 Reference value :  2.45475e-06
 Reference value :  2.45487e-06
 Reference value :  2.45515e-06
 Reference value :  2.45563e-06
 Reference value :  2.45595e-06
 Reference value :  2.45601e-06
 Reference value :  2.45615e-06
 Reference value :  2.45631e-06
 Reference value :  2.45667e-06
 Reference value :  2.45739e-06
 Reference value :  2.45801e-06
 Reference value :  2.45839e-06
 Reference value :  2.45895e-06
 Reference value :  2.45915e-06
 Reference value :  2.45935e-06
 Reference value :  2.45975e-06
 Reference value :  2.46007e-06
 Reference value :  2.46055e-06
 Reference value :  2.46107e-06
 Reference value :  2.46175e-06
 Reference value :  2.46215e-06
 Reference value :  2.46255e-06
 Reference value :  2.46295e-06
 Reference value :  2.46367e-06
 Reference value :  2.46404e-06
 Reference value :  2.46451e-06
 Reference value :  2.46511e-06
 Reference value :  2.46531e-06
 Reference value :  2.46547e-06
 Reference value :  2.46559e-06
 Reference value :  2.46575e-06
 Reference value :  2.46597e-06
 Reference value :  2.46611e-06
 Reference value :  2.46635e-06
 Reference value :  2.46647e-06
 Reference value :  2.46679e-06
 Reference value :  2.46691e-06
 Reference value :  2.46715e-06
 Reference value :  2.46759e-06
 Reference value :  2.46771e-06
 Reference value :  2.46783e-06
 Reference value :  2.46795e-06
 Reference value :  2.46800e-06
 Reference value :  2.46801e-06
 Reference value :  2.46803e-06
 Reference value :  2.46807e-06
 Reference value :  2.46815e-06
 Reference value :  2.46843e-06
 Reference value :  2.46895e-06
 Reference value :  2.46955e-06
 Reference value :  2.47003e-06
 Reference value :  2.47059e-06
 Reference value :  2.47079e-06
 Reference value :  2.47091e-06
 Reference value :  2.47099e-06
 Reference value :  2.47107e-06
 Reference value :  2.47119e-06
 Reference value :  2.47127e-06
 Reference value :  2.47139e-06
 Reference value :  2.47147e-06
 Reference value :  2.47159e-06
 Reference value :  2.47187e-06
 Reference value :  2.47207e-06
 Reference value :  2.47251e-06
 Reference value :  2.47323e-06
 Reference value :  2.47397e-06
 Reference value :  2.47402e-06
 Reference value :  2.47419e-06
 Reference value :  2.47431e-06
 Reference value :  2.47499e-06
 Reference value :  2.47575e-06
 Reference value :  2.47611e-06
 Reference value :  2.47639e-06
 Reference value :  2.47663e-06
 Reference value :  2.47707e-06
 Reference value :  2.47775e-06
 Reference value :  2.47801e-06
 Reference value :  2.47843e-06
 Reference value :  2.47915e-06
 Reference value :  2.47991e-06
 Reference value :  2.48002e-06
 Reference value :  2.48019e-06
 Reference value :  2.48071e-06
 Reference value :  2.48139e-06
 Reference value :  2.48197e-06
 Reference value :  2.48211e-06
 Reference value :  2.48267e-06
 Reference value :  2.48283e-06
 Reference value :  2.48351e-06
 Reference value :  2.48375e-06
 Reference value :  2.48407e-06
 Reference value :  2.48463e-06
 Reference value :  2.48511e-06
 Reference value :  2.48563e-06
 Reference value :  2.48583e-06
 Reference value :  2.48595e-06
 Reference value :  2.48600e-06
 Reference value :  2.48601e-06
 Reference value :  2.48602e-06
 Reference value :  2.48603e-06
 Reference value :  2.48607e-06
 Reference value :  2.48615e-06
 Reference value :  2.48627e-06
 Reference value :  2.48695e-06
 Reference value :  2.48767e-06
 Reference value :  2.48807e-06
 Reference value :  2.48835e-06
 Reference value :  2.48843e-06
 Reference value :  2.48847e-06
 Reference value :  2.48851e-06
 Reference value :  2.48859e-06
 Reference value :  2.48871e-06
 Reference value :  2.48883e-06
 Reference value :  2.48895e-06
 Reference value :  2.48923e-06
 Reference value :  2.48963e-06
 Reference value :  2.49003e-06
 Reference value :  2.49023e-06
 Reference value :  2.49087e-06
 Reference value :  2.49163e-06
 Reference value :  2.49183e-06
 Reference value :  2.49195e-06
 Reference value :  2.49200e-06
 Reference value :  2.49201e-06
 Reference value :  2.49202e-06
 Reference value :  2.49203e-06
 Reference value :  2.49207e-06
 Reference value :  2.49215e-06
 Reference value :  2.49223e-06
 Reference value :  2.49231e-06
 Reference value :  2.49239e-06
 Reference value :  2.49251e-06
 Reference value :  2.49275e-06
 Reference value :  2.49299e-06
 Reference value :  2.49311e-06
 Reference value :  2.49323e-06
 Reference value :  2.49335e-06
 Reference value :  2.49347e-06
 Reference value :  2.49359e-06
 Reference value :  2.49371e-06
 Reference value :  2.49383e-06
 Reference value :  2.49395e-06
 Reference value :  2.49400e-06
 Reference value :  2.49401e-06
 Reference value :  2.49402e-06
 Reference value :  2.49411e-06
 Reference value :  2.49419e-06
 Reference value :  2.49427e-06
 Reference value :  2.49439e-06
 Reference value :  2.49451e-06
 Reference value :  2.49463e-06
 Reference value :  2.49475e-06
 Reference value :  2.49487e-06
 Reference value :  2.49499e-06
 Reference value :  2.49511e-06
 Reference value :  2.49523e-06
 Reference value :  2.49531e-06
 Reference value :  2.49539e-06
 Reference value :  2.49551e-06
 Reference value :  2.49563e-06
 Reference value :  2.49575e-06
 Reference value :  2.49583e-06
 Reference value :  2.49591e-06
 Reference value :  2.49597e-06
 Reference value :  2.49615e-06
 Reference value :  2.49631e-06
 Reference value :  2.49647e-06
 Reference value :  2.49711e-06
 Reference value :  2.49787e-06
 Reference value :  2.49819e-06
 Reference value :  2.49883e-06
 Reference value :  2.49959e-06
 Reference value :  2.50001e-06
 Reference value :  2.50004e-06
 Reference value :  2.50019e-06
 Reference value :  2.50051e-06
 Reference value :  2.50099e-06
 Reference value :  2.50155e-06
 Reference value :  2.50202e-06
 Reference value :  2.50239e-06
 Reference value :  2.50315e-06
 Reference value :  2.50371e-06
 Reference value :  2.50401e-06
 Reference value :  2.50439e-06
 Reference value :  2.50467e-06
 Reference value :  2.50527e-06
 Reference value :  2.50597e-06
 Reference value :  2.50615e-06
 Reference value :  2.50631e-06
 Reference value :  2.50679e-06
 Reference value :  2.50751e-06
 Reference value :  2.50801e-06
 Reference value :  2.50843e-06
 Reference value :  2.50879e-06
 Reference value :  2.50887e-06
 Reference value :  2.50935e-06
 Reference value :  2.51000e-06
 Reference value :  2.51035e-06
 Reference value :  2.51115e-06
 Reference value :  2.51175e-06
 Reference value :  2.51202e-06
 Reference value :  2.51219e-06
 Reference value :  2.51263e-06
 Reference value :  2.51343e-06
 Reference value :  2.51401e-06
 Reference value :  2.51447e-06
 Reference value :  2.51523e-06
 Reference value :  2.51597e-06
 Reference value :  2.51611e-06
 Reference value :  2.51643e-06
 Reference value :  2.51691e-06
 Reference value :  2.51727e-06
 Reference value :  2.51783e-06
 Reference value :  2.51801e-06
 Reference value :  2.51839e-06
 Reference value :  2.51871e-06
 Reference value :  2.51935e-06
 Reference value :  2.51987e-06
 Reference value :  2.52002e-06
 Reference value :  2.52027e-06
 Reference value :  2.52079e-06
 Reference value :  2.52123e-06
 Reference value :  2.52167e-06
 Reference value :  2.52207e-06
 Reference value :  2.52223e-06
 Reference value :  2.52251e-06
 Reference value :  2.52279e-06
 Reference value :  2.52303e-06
 Reference value :  2.52351e-06
 Reference value :  2.52395e-06
 Reference value :  2.52401e-06
 Reference value :  2.52403e-06
 Reference value :  2.52415e-06
 Reference value :  2.52447e-06
 Reference value :  2.52459e-06
 Reference value :  2.52467e-06
 Reference value :  2.52475e-06
 Reference value :  2.52499e-06
 Reference value :  2.52575e-06
 Reference value :  2.52600e-06
 Reference value :  2.52602e-06
 Reference value :  2.52623e-06
 Reference value :  2.52687e-06
 Reference value :  2.52755e-06
 Reference value :  2.52802e-06
 Reference value :  2.52839e-06
 Reference value :  2.52883e-06
 Reference value :  2.52915e-06
 Reference value :  2.52983e-06
 Reference value :  2.53019e-06
 Reference value :  2.53083e-06
 Reference value :  2.53127e-06
 Reference value :  2.53151e-06
 Reference value :  2.53187e-06
 Reference value :  2.53201e-06
 Reference value :  2.53243e-06
 Reference value :  2.53291e-06
 Reference value :  2.53351e-06
 Reference value :  2.53402e-06
 Reference value :  2.53427e-06
 Reference value :  2.53475e-06
 Reference value :  2.53499e-06
 Reference value :  2.53575e-06
 Reference value :  2.53601e-06
 Reference value :  2.53623e-06
 Reference value :  2.53651e-06
 Reference value :  2.53699e-06
 Reference value :  2.53747e-06
 Reference value :  2.53771e-06
 Reference value :  2.53801e-06
 Reference value :  2.53819e-06
 Reference value :  2.53867e-06
 Reference value :  2.53907e-06
 Reference value :  2.53979e-06
 Reference value :  2.54011e-06
 Reference value :  2.54047e-06
 Reference value :  2.54071e-06
 Reference value :  2.54087e-06
 Reference value :  2.54119e-06
 Reference value :  2.54187e-06
 Reference value :  2.54219e-06
 Reference value :  2.54275e-06
 Reference value :  2.54319e-06
 Reference value :  2.54371e-06
 Reference value :  2.54402e-06
 Reference value :  2.54415e-06
 Reference value :  2.54459e-06
 Reference value :  2.54523e-06
 Reference value :  2.54551e-06
 Reference value :  2.54600e-06
 Reference value :  2.54615e-06
 Reference value :  2.54631e-06
 Reference value :  2.54679e-06
 Reference value :  2.54691e-06
 Reference value :  2.54743e-06
 Reference value :  2.54800e-06
 Reference value :  2.54803e-06
 Reference value :  2.54827e-06
 Reference value :  2.54847e-06
 Reference value :  2.54855e-06
 Reference value :  2.54887e-06
 Reference value :  2.54931e-06
 Reference value :  2.54975e-06
 Reference value :  2.55003e-06
 Reference value :  2.55011e-06
 Reference value :  2.55019e-06
 Reference value :  2.55027e-06
 Reference value :  2.55035e-06
 Reference value :  2.55047e-06
 Reference value :  2.55059e-06
 Reference value :  2.55071e-06
 Reference value :  2.55083e-06
 Reference value :  2.55107e-06
 Reference value :  2.55151e-06
 Reference value :  2.55202e-06
 Reference value :  2.55239e-06
 Reference value :  2.55259e-06
 Reference value :  2.55327e-06
 Reference value :  2.55387e-06
 Reference value :  2.55397e-06
 Reference value :  2.55400e-06
 Reference value :  2.55401e-06
 Reference value :  2.55403e-06
 Reference value :  2.55407e-06
 Reference value :  2.55415e-06
 Reference value :  2.55419e-06
 Reference value :  2.55423e-06
 Reference value :  2.55455e-06
 Reference value :  2.55483e-06
 Reference value :  2.55523e-06
 Reference value :  2.55579e-06
 Reference value :  2.55611e-06
 Reference value :  2.55663e-06
 Reference value :  2.55679e-06
 Reference value :  2.55683e-06
 Reference value :  2.55691e-06
 Reference value :  2.55699e-06
 Reference value :  2.55707e-06
 Reference value :  2.55715e-06
 Reference value :  2.55723e-06
 Reference value :  2.55735e-06
 Reference value :  2.55751e-06
 Reference value :  2.55787e-06
 Reference value :  2.55801e-06
 Reference value :  2.55843e-06
 Reference value :  2.55907e-06
 Reference value :  2.55943e-06
 Reference value :  2.56000e-06
 Reference value :  2.56007e-06
 Reference value :  2.56015e-06
 Reference value :  2.56023e-06
 Reference value :  2.56027e-06
 Reference value :  2.56035e-06
 Reference value :  2.56039e-06
 Reference value :  2.56047e-06
 Reference value :  2.56067e-06
 Reference value :  2.56099e-06
 Reference value :  2.56175e-06
 Reference value :  2.56211e-06
 Reference value :  2.56267e-06
 Reference value :  2.56335e-06
 Reference value :  2.56347e-06
 Reference value :  2.56355e-06
 Reference value :  2.56363e-06
 Reference value :  2.56371e-06
 Reference value :  2.56379e-06
 Reference value :  2.56391e-06
 Reference value :  2.56400e-06
 Reference value :  2.56401e-06
 Reference value :  2.56401e-06
 Reference value :  2.56407e-06
 Reference value :  2.56423e-06
 Reference value :  2.56451e-06
 Reference value :  2.56483e-06
 Reference value :  2.56519e-06
 Reference value :  2.56559e-06
 Reference value :  2.56571e-06
 Reference value :  2.56583e-06
 Reference value :  2.56595e-06
 Reference value :  2.56600e-06
 Reference value :  2.56601e-06
 Reference value :  2.56602e-06
 Reference value :  2.56604e-06
 Reference value :  2.56611e-06
 Reference value :  2.56619e-06
 Reference value :  2.56647e-06
 Reference value :  2.56727e-06
 Reference value :  2.56771e-06
 Reference value :  2.56800e-06
 Reference value :  2.56804e-06
 Reference value :  2.56815e-06
 Reference value :  2.56823e-06
 Reference value :  2.56827e-06
 Reference value :  2.56835e-06
 Reference value :  2.56847e-06
 Reference value :  2.56855e-06
 Reference value :  2.56863e-06
 Reference value :  2.56871e-06
 Reference value :  2.56883e-06
 Reference value :  2.56927e-06
 Reference value :  2.57000e-06
 Reference value :  2.57031e-06
 Reference value :  2.57107e-06
 Reference value :  2.57179e-06
 Reference value :  2.57201e-06
 Reference value :  2.57202e-06
 Reference value :  2.57204e-06
 Reference value :  2.57211e-06
 Reference value :  2.57219e-06
 Reference value :  2.57227e-06
 Reference value :  2.57235e-06
 Reference value :  2.57239e-06
 Reference value :  2.57263e-06
 Reference value :  2.57287e-06
 Reference value :  2.57335e-06
 Reference value :  2.57367e-06
 Reference value :  2.57407e-06
 Reference value :  2.57431e-06
 Reference value :  2.57447e-06
 Reference value :  2.57459e-06
 Reference value :  2.57471e-06
 Reference value :  2.57483e-06
 Reference value :  2.57495e-06
 Reference value :  2.57507e-06
 Reference value :  2.57519e-06
 Reference value :  2.57531e-06
 Reference value :  2.57543e-06
 Reference value :  2.57567e-06
 Reference value :  2.57601e-06
 Reference value :  2.57615e-06
 Reference value :  2.57635e-06
 Reference value :  2.57659e-06
 Reference value :  2.57735e-06
 Reference value :  2.57747e-06
 Reference value :  2.57759e-06
 Reference value :  2.57767e-06
 Reference value :  2.57775e-06
 Reference value :  2.57787e-06
 Reference value :  2.57797e-06
 Reference value :  2.57800e-06
 Reference value :  2.57801e-06
 Reference value :  2.57803e-06
 Reference value :  2.57811e-06
 Reference value :  2.57819e-06
 Reference value :  2.57839e-06
 Reference value :  2.57847e-06
 Reference value :  2.57859e-06
 Reference value :  2.57871e-06
 Reference value :  2.57883e-06
 Reference value :  2.57895e-06
 Reference value :  2.57907e-06
 Reference value :  2.57919e-06
 Reference value :  2.57931e-06
 Reference value :  2.57951e-06
 Reference value :  2.57979e-06
 Reference value :  2.58001e-06
 Reference value :  2.58035e-06
 Reference value :  2.58075e-06
 Reference value :  2.58123e-06
 Reference value :  2.58197e-06
 Reference value :  2.58201e-06
 Reference value :  2.58202e-06
 Reference value :  2.58207e-06
 Reference value :  2.58215e-06
 Reference value :  2.58223e-06
 Reference value :  2.58231e-06
 Reference value :  2.58243e-06
 Reference value :  2.58255e-06
 Reference value :  2.58275e-06
 Reference value :  2.58335e-06
 Reference value :  2.58387e-06
 Reference value :  2.58401e-06
 Reference value :  2.58402e-06
 Reference value :  2.58404e-06
 Reference value :  2.58411e-06
 Reference value :  2.58419e-06
 Reference value :  2.58427e-06
 Reference value :  2.58435e-06
 Reference value :  2.58443e-06
 Reference value :  2.58447e-06
 Reference value :  2.58455e-06
 Reference value :  2.58463e-06
 Reference value :  2.58479e-06
 Reference value :  2.58495e-06
 Reference value :  2.58507e-06
 Reference value :  2.58519e-06
 Reference value :  2.58531e-06
 Reference value :  2.58543e-06
 Reference value :  2.58555e-06
 Reference value :  2.58567e-06
 Reference value :  2.58579e-06
 Reference value :  2.58591e-06
 Reference value :  2.58600e-06
 Reference value :  2.58601e-06
 Reference value :  2.58602e-06
 Reference value :  2.58604e-06
 Reference value :  2.58615e-06
 Reference value :  2.58623e-06
 Reference value :  2.58643e-06
 Reference value :  2.58675e-06
 Reference value :  2.58687e-06
 Reference value :  2.58699e-06
 Reference value :  2.58711e-06
 Reference value :  2.58731e-06
 Reference value :  2.58739e-06
 Reference value :  2.58751e-06
 Reference value :  2.58763e-06
 Reference value :  2.58775e-06
 Reference value :  2.58800e-06
 Reference value :  2.58807e-06
 Reference value :  2.58859e-06
 Reference value :  2.58903e-06
 Reference value :  2.58919e-06
 Reference value :  2.58931e-06
 Reference value :  2.58951e-06
 Reference value :  2.58995e-06
 Reference value :  2.59000e-06
 Reference value :  2.59002e-06
 Reference value :  2.59011e-06
 Reference value :  2.59019e-06
 Reference value :  2.59027e-06
 Reference value :  2.59035e-06
 Reference value :  2.59047e-06
 Reference value :  2.59059e-06
 Reference value :  2.59071e-06
 Reference value :  2.59087e-06
 Reference value :  2.59103e-06
 Reference value :  2.59147e-06
 Reference value :  2.59202e-06
 Reference value :  2.59227e-06
 Reference value :  2.59235e-06
 Reference value :  2.59239e-06
 Reference value :  2.59247e-06
 Reference value :  2.59255e-06
 Reference value :  2.59263e-06
 Reference value :  2.59275e-06
 Reference value :  2.59287e-06
 Reference value :  2.59303e-06
 Reference value :  2.59347e-06
 Reference value :  2.59387e-06
 Reference value :  2.59407e-06
 Reference value :  2.59447e-06
 Reference value :  2.59511e-06
 Reference value :  2.59579e-06
 Reference value :  2.59602e-06
 Reference value :  2.59611e-06
 Reference value :  2.59655e-06
 Reference value :  2.59667e-06
 Reference value :  2.59675e-06
 Reference value :  2.59683e-06
 Reference value :  2.59691e-06
 Reference value :  2.59695e-06
 Reference value :  2.59703e-06
 Reference value :  2.59711e-06
 Reference value :  2.59739e-06
 Reference value :  2.59759e-06
 Reference value :  2.59800e-06
 Reference value :  2.59827e-06
 Reference value :  2.59847e-06
 Reference value :  2.59915e-06
 Reference value :  2.59959e-06
 Reference value :  2.60003e-06
 Reference value :  2.60047e-06
 Reference value :  2.60119e-06
 Reference value :  2.60191e-06
 Reference value :  2.60219e-06
 Reference value :  2.60251e-06
 Reference value :  2.60263e-06
 Reference value :  2.60271e-06
 Reference value :  2.60283e-06
 Reference value :  2.60295e-06
 Reference value :  2.60307e-06
 Reference value :  2.60319e-06
 Reference value :  2.60331e-06
 Reference value :  2.60343e-06
 Reference value :  2.60355e-06
 Reference value :  2.60367e-06
 Reference value :  2.60387e-06
 Reference value :  2.60397e-06
 Reference value :  2.60400e-06
 Reference value :  2.60401e-06
 Reference value :  2.60402e-06
 Reference value :  2.60404e-06
 Reference value :  2.60411e-06
 Reference value :  2.60419e-06
 Reference value :  2.60427e-06
 Reference value :  2.60435e-06
 Reference value :  2.60443e-06
 Reference value :  2.60451e-06
 Reference value :  2.60459e-06
 Reference value :  2.60467e-06
 Reference value :  2.60475e-06
 Reference value :  2.60487e-06
 Reference value :  2.60503e-06
 Reference value :  2.60523e-06
 Reference value :  2.60595e-06
 Reference value :  2.60601e-06
 Reference value :  2.60635e-06
 Reference value :  2.60687e-06
 Reference value :  2.60747e-06
 Reference value :  2.60797e-06
 Reference value :  2.60807e-06
 Reference value :  2.60827e-06
 Reference value :  2.60835e-06
 Reference value :  2.60843e-06
 Reference value :  2.60847e-06
 Reference value :  2.60851e-06
 Reference value :  2.60859e-06
 Reference value :  2.60871e-06
 Reference value :  2.60883e-06
 Reference value :  2.60895e-06
 Reference value :  2.60943e-06
 Reference value :  2.60995e-06
 Reference value :  2.61011e-06
 Reference value :  2.61063e-06
 Reference value :  2.61111e-06
 Reference value :  2.61127e-06
 Reference value :  2.61200e-06
 Reference value :  2.61227e-06
 Reference value :  2.61275e-06
 Reference value :  2.61323e-06
 Reference value :  2.61351e-06
 Reference value :  2.61363e-06
 Reference value :  2.61375e-06
 Reference value :  2.61383e-06
 Reference value :  2.61395e-06
 Reference value :  2.61400e-06
 Reference value :  2.61419e-06
 Reference value :  2.61491e-06
 Reference value :  2.61507e-06
 Reference value :  2.61519e-06
 Reference value :  2.61531e-06
 Reference value :  2.61543e-06
 Reference value :  2.61555e-06
 Reference value :  2.61597e-06
 Reference value :  2.61603e-06
 Reference value :  2.61619e-06
 Reference value :  2.61631e-06
 Reference value :  2.61639e-06
 Reference value :  2.61647e-06
 Reference value :  2.61667e-06
 Reference value :  2.61679e-06
 Reference value :  2.61707e-06
 Reference value :  2.61783e-06
 Reference value :  2.61801e-06
 Reference value :  2.61803e-06
 Reference value :  2.61807e-06
 Reference value :  2.61815e-06
 Reference value :  2.61819e-06
 Reference value :  2.61823e-06
 Reference value :  2.61831e-06
 Reference value :  2.61839e-06
 Reference value :  2.61855e-06
 Reference value :  2.61903e-06
 Reference value :  2.61971e-06
 Reference value :  2.62011e-06
 Reference value :  2.62051e-06
 Reference value :  2.62067e-06
 Reference value :  2.62075e-06
 Reference value :  2.62111e-06
 Reference value :  2.62159e-06
 Reference value :  2.62200e-06
 Reference value :  2.62207e-06
 Reference value :  2.62215e-06
 Reference value :  2.62223e-06
 Reference value :  2.62231e-06
 Reference value :  2.62243e-06
 Reference value :  2.62255e-06
 Reference value :  2.62267e-06
 Reference value :  2.62275e-06
 Reference value :  2.62307e-06
 Reference value :  2.62339e-06
 Reference value :  2.62379e-06
 Reference value :  2.62400e-06
 Reference value :  2.62419e-06
 Reference value :  2.62467e-06
 Reference value :  2.62531e-06
 Reference value :  2.62591e-06
 Reference value :  2.62604e-06
 Reference value :  2.62651e-06
 Reference value :  2.62723e-06
 Reference value :  2.62783e-06
 Reference value :  2.62800e-06
 Reference value :  2.62800e-06
 Reference value :  2.62801e-06
 Reference value :  2.62802e-06
 Reference value :  2.62804e-06
 Reference value :  2.62811e-06
 Reference value :  2.62819e-06
 Reference value :  2.62827e-06
 Reference value :  2.62839e-06
 Reference value :  2.62867e-06
 Reference value :  2.62915e-06
 Reference value :  2.62971e-06
 Reference value :  2.63011e-06
 Reference value :  2.63071e-06
 Reference value :  2.63147e-06
 Reference value :  2.63191e-06
 Reference value :  2.63202e-06
 Reference value :  2.63219e-06
 Reference value :  2.63267e-06
 Reference value :  2.63331e-06
 Reference value :  2.63400e-06
 Reference value :  2.63403e-06
 Reference value :  2.63411e-06
 Reference value :  2.63419e-06
 Reference value :  2.63423e-06
 Reference value :  2.63431e-06
 Reference value :  2.63443e-06
 Reference value :  2.63455e-06
 Reference value :  2.63467e-06
 Reference value :  2.63487e-06
 Reference value :  2.63511e-06
 Reference value :  2.63547e-06
 Reference value :  2.63559e-06
 Reference value :  2.63597e-06
 Reference value :  2.63615e-06
 Reference value :  2.63651e-06
 Reference value :  2.63675e-06
 Reference value :  2.63679e-06
 Reference value :  2.63687e-06
 Reference value :  2.63711e-06
 Reference value :  2.63723e-06
 Reference value :  2.63735e-06
 Reference value :  2.63747e-06
 Reference value :  2.63759e-06
 Reference value :  2.63767e-06
 Reference value :  2.63775e-06
 Reference value :  2.63787e-06
 Reference value :  2.63797e-06
 Reference value :  2.63800e-06
 Reference value :  2.63802e-06
 Reference value :  2.63827e-06
 Reference value :  2.63871e-06
 Reference value :  2.63915e-06
 Reference value :  2.63959e-06
 Reference value :  2.64002e-06
 Reference value :  2.64035e-06
 Reference value :  2.64075e-06
 Reference value :  2.64123e-06
 Reference value :  2.64143e-06
 Reference value :  2.64167e-06
 Reference value :  2.64187e-06
 Reference value :  2.64197e-06
 Reference value :  2.64202e-06
 Reference value :  2.64204e-06
 Reference value :  2.64211e-06
 Reference value :  2.64219e-06
 Reference value :  2.64223e-06
 Reference value :  2.64231e-06
 Reference value :  2.64243e-06
 Reference value :  2.64255e-06
 Reference value :  2.64267e-06
 Reference value :  2.64279e-06
 Reference value :  2.64295e-06
 Reference value :  2.64307e-06
 Reference value :  2.64327e-06
 Reference value :  2.64343e-06
 Reference value :  2.64387e-06
 Reference value :  2.64400e-06
 Reference value :  2.64401e-06
 Reference value :  2.64411e-06
 Reference value :  2.64439e-06
 Reference value :  2.64475e-06
 Reference value :  2.64483e-06
 Reference value :  2.64491e-06
 Reference value :  2.64499e-06
 Reference value :  2.64507e-06
 Reference value :  2.64519e-06
 Reference value :  2.64531e-06
 Reference value :  2.64543e-06
 Reference value :  2.64551e-06
 Reference value :  2.64579e-06
 Reference value :  2.64601e-06
 Reference value :  2.64615e-06
 Reference value :  2.64651e-06
 Reference value :  2.64667e-06
 Reference value :  2.64679e-06
 Reference value :  2.64715e-06
 Reference value :  2.64727e-06
 Reference value :  2.64739e-06
 Reference value :  2.64751e-06
 Reference value :  2.64763e-06
 Reference value :  2.64775e-06
 Reference value :  2.64787e-06
 Reference value :  2.64797e-06
 Reference value :  2.64800e-06
 Reference value :  2.64801e-06
 Reference value :  2.64802e-06
 Reference value :  2.64804e-06
 Reference value :  2.64811e-06
 Reference value :  2.64819e-06
 Reference value :  2.64827e-06
 Reference value :  2.64835e-06
 Reference value :  2.64843e-06
 Reference value :  2.64847e-06
 Reference value :  2.64851e-06
 Reference value :  2.64859e-06
 Reference value :  2.64871e-06
 Reference value :  2.64883e-06
 Reference value :  2.64895e-06
 Reference value :  2.64907e-06
 Reference value :  2.64919e-06
 Reference value :  2.64931e-06
 Reference value :  2.64943e-06
 Reference value :  2.64955e-06
 Reference value :  2.64967e-06
 Reference value :  2.65000e-06
 Reference value :  2.65002e-06
 Reference value :  2.65004e-06
 Reference value :  2.65011e-06
 Reference value :  2.65019e-06
 Reference value :  2.65023e-06
 Reference value :  2.65039e-06
 Reference value :  2.65051e-06
 Reference value :  2.65063e-06
 Reference value :  2.65075e-06
 Reference value :  2.65087e-06
 Reference value :  2.65099e-06
 Reference value :  2.65111e-06
 Reference value :  2.65123e-06
 Reference value :  2.65131e-06
 Reference value :  2.65143e-06
 Reference value :  2.65155e-06
 Reference value :  2.65167e-06
 Reference value :  2.65179e-06
 Reference value :  2.65200e-06
 Reference value :  2.65211e-06
 Reference value :  2.65251e-06
 Reference value :  2.65279e-06
 Reference value :  2.65295e-06
 Reference value :  2.65319e-06
 Reference value :  2.65367e-06
 Reference value :  2.65401e-06
 Reference value :  2.65403e-06
 Reference value :  2.65415e-06
 Reference value :  2.65423e-06
 Reference value :  2.65431e-06
 Reference value :  2.65439e-06
 Reference value :  2.65451e-06
 Reference value :  2.65463e-06
 Reference value :  2.65475e-06
 Reference value :  2.65495e-06
 Reference value :  2.65567e-06
 Reference value :  2.65602e-06
 Reference value :  2.65619e-06
 Reference value :  2.65651e-06
 Reference value :  2.65659e-06
 Reference value :  2.65671e-06
 Reference value :  2.65683e-06
 Reference value :  2.65691e-06
 Reference value :  2.65703e-06
 Reference value :  2.65711e-06
 Reference value :  2.65723e-06
 Reference value :  2.65735e-06
 Reference value :  2.65771e-06
 Reference value :  2.65811e-06
 Reference value :  2.65867e-06
 Reference value :  2.65943e-06
 Reference value :  2.65995e-06
 Reference value :  2.66000e-06
 Reference value :  2.66001e-06
 Reference value :  2.66002e-06
 Reference value :  2.66004e-06
 Reference value :  2.66011e-06
 Reference value :  2.66019e-06
 Reference value :  2.66027e-06
 Reference value :  2.66035e-06
 Reference value :  2.66047e-06
 Reference value :  2.66063e-06
 Reference value :  2.66079e-06
 Reference value :  2.66139e-06
 Reference value :  2.66200e-06
 Reference value :  2.66223e-06
 Reference value :  2.66239e-06
 Reference value :  2.66251e-06
 Reference value :  2.66259e-06
 Reference value :  2.66271e-06
 Reference value :  2.66283e-06
 Reference value :  2.66295e-06
 Reference value :  2.66307e-06
 Reference value :  2.66319e-06
 Reference value :  2.66343e-06
 Reference value :  2.66391e-06
 Reference value :  2.66407e-06
 Reference value :  2.66439e-06
 Reference value :  2.66471e-06
 Reference value :  2.66491e-06
 Reference value :  2.66499e-06
 Reference value :  2.66511e-06
 Reference value :  2.66523e-06
 Reference value :  2.66535e-06
 Reference value :  2.66547e-06
 Reference value :  2.66559e-06
 Reference value :  2.66571e-06
 Reference value :  2.66583e-06
 Reference value :  2.66595e-06
 Reference value :  2.66619e-06
 Reference value :  2.66691e-06
 Reference value :  2.66767e-06
 Reference value :  2.66800e-06
 Reference value :  2.66801e-06
 Reference value :  2.66803e-06
 Reference value :  2.66807e-06
 Reference value :  2.66815e-06
 Reference value :  2.66827e-06
 Reference value :  2.66835e-06
 Reference value :  2.66839e-06
 Reference value :  2.66847e-06
 Reference value :  2.66855e-06
 Reference value :  2.66871e-06
 Reference value :  2.66895e-06
 Reference value :  2.66935e-06
 Reference value :  2.66959e-06
 Reference value :  2.66983e-06
 Reference value :  2.66995e-06
 Reference value :  2.67000e-06
 Reference value :  2.67001e-06
 Reference value :  2.67002e-06
 Reference value :  2.67004e-06
 Reference value :  2.67011e-06
 Reference value :  2.67015e-06
 Reference value :  2.67023e-06
 Reference value :  2.67071e-06
 Reference value :  2.67111e-06
 Reference value :  2.67187e-06
 Reference value :  2.67211e-06
 Reference value :  2.67259e-06
 Reference value :  2.67331e-06
 Reference value :  2.67387e-06
 Reference value :  2.67395e-06
 Reference value :  2.67400e-06
 Reference value :  2.67401e-06
 Reference value :  2.67402e-06
 Reference value :  2.67403e-06
 Reference value :  2.67407e-06
 Reference value :  2.67415e-06
 Reference value :  2.67419e-06
 Reference value :  2.67431e-06
 Reference value :  2.67439e-06
 Reference value :  2.67451e-06
 Reference value :  2.67467e-06
 Reference value :  2.67487e-06
 Reference value :  2.67499e-06
 Reference value :  2.67511e-06
 Reference value :  2.67523e-06
 Reference value :  2.67535e-06
 Reference value :  2.67547e-06
 Reference value :  2.67559e-06
 Reference value :  2.67571e-06
 Reference value :  2.67583e-06
 Reference value :  2.67600e-06
 Reference value :  2.67631e-06
 Reference value :  2.67683e-06
 Reference value :  2.67743e-06
 Reference value :  2.67801e-06
 Reference value :  2.67823e-06
 Reference value :  2.67831e-06
 Reference value :  2.67843e-06
 Reference value :  2.67855e-06
 Reference value :  2.67863e-06
 Reference value :  2.67875e-06
 Reference value :  2.67887e-06
 Reference value :  2.67895e-06
 Reference value :  2.67943e-06
 Reference value :  2.67979e-06
 Reference value :  2.68001e-06
 Reference value :  2.68035e-06
 Reference value :  2.68087e-06
 Reference value :  2.68167e-06
 Reference value :  2.68204e-06
 Reference value :  2.68263e-06
 Reference value :  2.68291e-06
 Reference value :  2.68299e-06
 Reference value :  2.68311e-06
 Reference value :  2.68319e-06
 Reference value :  2.68331e-06
 Reference value :  2.68343e-06
 Reference value :  2.68355e-06
 Reference value :  2.68367e-06
 Reference value :  2.68383e-06
 Reference value :  2.68415e-06
 Reference value :  2.68463e-06
 Reference value :  2.68519e-06
 Reference value :  2.68563e-06
 Reference value :  2.68575e-06
 Reference value :  2.68587e-06
 Reference value :  2.68595e-06
 Reference value :  2.68600e-06
 Reference value :  2.68601e-06
 Reference value :  2.68602e-06
 Reference value :  2.68604e-06
 Reference value :  2.68611e-06
 Reference value :  2.68619e-06
 Reference value :  2.68643e-06
 Reference value :  2.68667e-06
 Reference value :  2.68687e-06
 Reference value :  2.68699e-06
 Reference value :  2.68711e-06
 Reference value :  2.68723e-06
 Reference value :  2.68731e-06
 Reference value :  2.68743e-06
 Reference value :  2.68751e-06
 Reference value :  2.68763e-06
 Reference value :  2.68775e-06
 Reference value :  2.68801e-06
 Reference value :  2.68804e-06
 Reference value :  2.68835e-06
 Reference value :  2.68895e-06
 Reference value :  2.68923e-06
 Reference value :  2.68931e-06
 Reference value :  2.68943e-06
 Reference value :  2.68951e-06
 Reference value :  2.68963e-06
 Reference value :  2.68971e-06
 Reference value :  2.68979e-06
 Reference value :  2.68991e-06
 Reference value :  2.69000e-06
 Reference value :  2.69011e-06
 Reference value :  2.69067e-06
 Reference value :  2.69123e-06
 Reference value :  2.69155e-06
 Reference value :  2.69163e-06
 Reference value :  2.69175e-06
 Reference value :  2.69187e-06
 Reference value :  2.69197e-06
 Reference value :  2.69200e-06
 Reference value :  2.69201e-06
 Reference value :  2.69211e-06
 Reference value :  2.69231e-06
 Reference value :  2.69251e-06
 Reference value :  2.69295e-06
 Reference value :  2.69335e-06
 Reference value :  2.69347e-06
 Reference value :  2.69359e-06
 Reference value :  2.69371e-06
 Reference value :  2.69383e-06
 Reference value :  2.69391e-06
 Reference value :  2.69400e-06
 Reference value :  2.69400e-06
 Reference value :  2.69404e-06
 Reference value :  2.69411e-06
 Reference value :  2.69463e-06
 Reference value :  2.69531e-06
 Reference value :  2.69575e-06
 Reference value :  2.69587e-06
 Reference value :  2.69595e-06
 Reference value :  2.69600e-06
 Reference value :  2.69601e-06
 Reference value :  2.69602e-06
 Reference value :  2.69603e-06
 Reference value :  2.69607e-06
 Reference value :  2.69615e-06
 Reference value :  2.69623e-06
 Reference value :  2.69627e-06
 Reference value :  2.69635e-06
 Reference value :  2.69639e-06
 Reference value :  2.69643e-06
 Reference value :  2.69647e-06
 Reference value :  2.69651e-06
 Reference value :  2.69659e-06
 Reference value :  2.69671e-06
 Reference value :  2.69683e-06
 Reference value :  2.69691e-06
 Reference value :  2.69703e-06
 Reference value :  2.69711e-06
 Reference value :  2.69723e-06
 Reference value :  2.69735e-06
 Reference value :  2.69747e-06
 Reference value :  2.69759e-06
 Reference value :  2.69771e-06
 Reference value :  2.69779e-06
 Reference value :  2.69791e-06
 Reference value :  2.69800e-06
 Reference value :  2.69801e-06
 Reference value :  2.69802e-06
 Reference value :  2.69804e-06
 Reference value :  2.69811e-06
 Reference value :  2.69819e-06
 Reference value :  2.69823e-06
 Reference value :  2.69831e-06
 Reference value :  2.69843e-06
 Reference value :  2.69855e-06
 Reference value :  2.69867e-06
 Reference value :  2.69879e-06
 Reference value :  2.69887e-06
 Reference value :  2.69899e-06
 Reference value :  2.69907e-06
 Reference value :  2.69919e-06
 Reference value :  2.69931e-06
 Reference value :  2.69939e-06
 Reference value :  2.69951e-06
 Reference value :  2.69963e-06
 Reference value :  2.69971e-06
 Reference value :  2.69979e-06
 Reference value :  2.69987e-06
 Reference value :  2.69995e-06
 Reference value :  2.70000e-06
 Reference value :  2.70001e-06
 Reference value :  2.70002e-06
 Reference value :  2.70007e-06
 Reference value :  2.70019e-06
 Reference value :  2.70027e-06
 Reference value :  2.70031e-06
 Reference value :  2.70039e-06
 Reference value :  2.70047e-06
 Reference value :  2.70055e-06
 Reference value :  2.70063e-06
 Reference value :  2.70067e-06
 Reference value :  2.70071e-06
 Reference value :  2.70075e-06
 Reference value :  2.70079e-06
 Reference value :  2.70087e-06
 Reference value :  2.70095e-06
 Reference value :  2.70103e-06
 Reference value :  2.70115e-06
 Reference value :  2.70127e-06
 Reference value :  2.70135e-06
 Reference value :  2.70143e-06
 Reference value :  2.70155e-06
 Reference value :  2.70167e-06
 Reference value :  2.70179e-06
 Reference value :  2.70191e-06
 Reference value :  2.70200e-06
 Reference value :  2.70201e-06
 Reference value :  2.70202e-06
 Reference value :  2.70204e-06
 Reference value :  2.70211e-06
 Reference value :  2.70219e-06
 Reference value :  2.70227e-06
 Reference value :  2.70239e-06
 Reference value :  2.70275e-06
 Reference value :  2.70291e-06
 Reference value :  2.70339e-06
 Reference value :  2.70371e-06
 Reference value :  2.70400e-06
 Reference value :  2.70403e-06
 Reference value :  2.70415e-06
 Reference value :  2.70423e-06
 Reference value :  2.70443e-06
 Reference value :  2.70487e-06
 Reference value :  2.70503e-06
 Reference value :  2.70511e-06
 Reference value :  2.70523e-06
 Reference value :  2.70535e-06
 Reference value :  2.70547e-06
 Reference value :  2.70559e-06
 Reference value :  2.70571e-06
 Reference value :  2.70583e-06
 Reference value :  2.70595e-06
 Reference value :  2.70600e-06
 Reference value :  2.70601e-06
 Reference value :  2.70602e-06
 Reference value :  2.70604e-06
 Reference value :  2.70611e-06
 Reference value :  2.70619e-06
 Reference value :  2.70623e-06
 Reference value :  2.70635e-06
 Reference value :  2.70647e-06
 Reference value :  2.70659e-06
 Reference value :  2.70671e-06
 Reference value :  2.70683e-06
 Reference value :  2.70695e-06
 Reference value :  2.70703e-06
 Reference value :  2.70715e-06
 Reference value :  2.70727e-06
 Reference value :  2.70739e-06
 Reference value :  2.70751e-06
 Reference value :  2.70763e-06
 Reference value :  2.70775e-06
 Reference value :  2.70783e-06
 Reference value :  2.70791e-06
 Reference value :  2.70800e-06
 Reference value :  2.70801e-06
 Reference value :  2.70802e-06
 Reference value :  2.70803e-06
 Reference value :  2.70807e-06
 Reference value :  2.70815e-06
 Reference value :  2.70823e-06
 Reference value :  2.70831e-06
 Reference value :  2.70839e-06
 Reference value :  2.70847e-06
 Reference value :  2.70855e-06
 Reference value :  2.70887e-06
 Reference value :  2.70911e-06
 Reference value :  2.70983e-06
 Reference value :  2.71015e-06
 Reference value :  2.71083e-06
 Reference value :  2.71151e-06
 Reference value :  2.71201e-06
 Reference value :  2.71219e-06
 Reference value :  2.71239e-06
 Reference value :  2.71247e-06
 Reference value :  2.71287e-06
 Reference value :  2.71335e-06
 Reference value :  2.71383e-06
 Reference value :  2.71403e-06
 Reference value :  2.71419e-06
 Reference value :  2.71443e-06
 Reference value :  2.71515e-06
 Reference value :  2.71587e-06
 Reference value :  2.71611e-06
 Reference value :  2.71639e-06
 Reference value :  2.71667e-06
 Reference value :  2.71691e-06
 Reference value :  2.71727e-06
 Reference value :  2.71797e-06
 Reference value :  2.71802e-06
 Reference value :  2.71815e-06
 Reference value :  2.71855e-06
 Reference value :  2.71895e-06
 Reference value :  2.71915e-06
 Reference value :  2.71947e-06
 Reference value :  2.71967e-06
 Reference value :  2.71991e-06
 Reference value :  2.72000e-06
 Reference value :  2.72004e-06
 Reference value :  2.72011e-06
 Reference value :  2.72027e-06
 Reference value :  2.72035e-06
 Reference value :  2.72063e-06
 Reference value :  2.72131e-06
 Reference value :  2.72191e-06
 Reference value :  2.72202e-06
 Reference value :  2.72223e-06
 Reference value :  2.72267e-06
 Reference value :  2.72315e-06
 Reference value :  2.72383e-06
 Reference value :  2.72415e-06
 Reference value :  2.72447e-06
 Reference value :  2.72455e-06
 Reference value :  2.72463e-06
 Reference value :  2.72515e-06
 Reference value :  2.72575e-06
 Reference value :  2.72607e-06
 Reference value :  2.72639e-06
 Reference value :  2.72695e-06
 Reference value :  2.72723e-06
 Reference value :  2.72767e-06
 Reference value :  2.72804e-06
 Reference value :  2.72847e-06
 Reference value :  2.72859e-06
 Reference value :  2.72891e-06
 Reference value :  2.72943e-06
 Reference value :  2.72979e-06
 Reference value :  2.73000e-06
 Reference value :  2.73002e-06
 Reference value :  2.73004e-06
 Reference value :  2.73011e-06
 Reference value :  2.73031e-06
 Reference value :  2.73047e-06
 Reference value :  2.73067e-06
 Reference value :  2.73095e-06
 Reference value :  2.73159e-06
 Reference value :  2.73204e-06
 Reference value :  2.73255e-06
 Reference value :  2.73303e-06
 Reference value :  2.73379e-06
 Reference value :  2.73404e-06
 Reference value :  2.73463e-06
 Reference value :  2.73503e-06
 Reference value :  2.73567e-06
 Reference value :  2.73600e-06
 Reference value :  2.73615e-06
 Reference value :  2.73647e-06
 Reference value :  2.73687e-06
 Reference value :  2.73715e-06
 Reference value :  2.73731e-06
 Reference value :  2.73743e-06
 Reference value :  2.73779e-06
 Reference value :  2.73795e-06
 Reference value :  2.73800e-06
 Reference value :  2.73801e-06
 Reference value :  2.73802e-06
 Reference value :  2.73804e-06
 Reference value :  2.73815e-06
 Reference value :  2.73819e-06
 Reference value :  2.73823e-06
 Reference value :  2.73843e-06
 Reference value :  2.73855e-06
 Reference value :  2.73879e-06
 Reference value :  2.73895e-06
 Reference value :  2.73907e-06
 Reference value :  2.73919e-06
 Reference value :  2.73931e-06
 Reference value :  2.73943e-06
 Reference value :  2.73955e-06
 Reference value :  2.73967e-06
 Reference value :  2.73975e-06
 Reference value :  2.73991e-06
 Reference value :  2.74001e-06
 Reference value :  2.74003e-06
 Reference value :  2.74007e-06
 Reference value :  2.74015e-06
 Reference value :  2.74023e-06
 Reference value :  2.74031e-06
 Reference value :  2.74039e-06
 Reference value :  2.74047e-06
 Reference value :  2.74055e-06
 Reference value :  2.74063e-06
 Reference value :  2.74071e-06
 Reference value :  2.74083e-06
 Reference value :  2.74091e-06
 Reference value :  2.74099e-06
 Reference value :  2.74107e-06
 Reference value :  2.74123e-06
 Reference value :  2.74135e-06
 Reference value :  2.74147e-06
 Reference value :  2.74159e-06
 Reference value :  2.74171e-06
 Reference value :  2.74183e-06
 Reference value :  2.74195e-06
 Reference value :  2.74200e-06
 Reference value :  2.74201e-06
 Reference value :  2.74202e-06
 Reference value :  2.74207e-06
 Reference value :  2.74215e-06
 Reference value :  2.74223e-06
 Reference value :  2.74231e-06
 Reference value :  2.74243e-06
 Reference value :  2.74255e-06
 Reference value :  2.74263e-06
 Reference value :  2.74275e-06
 Reference value :  2.74283e-06
 Reference value :  2.74295e-06
 Reference value :  2.74307e-06
 Reference value :  2.74319e-06
 Reference value :  2.74327e-06
 Reference value :  2.74339e-06
 Reference value :  2.74347e-06
 Reference value :  2.74359e-06
 Reference value :  2.74367e-06
 Reference value :  2.74379e-06
 Reference value :  2.74391e-06
 Reference value :  2.74400e-06
 Reference value :  2.74401e-06
 Reference value :  2.74419e-06
 Reference value :  2.74447e-06
 Reference value :  2.74511e-06
 Reference value :  2.74563e-06
 Reference value :  2.74604e-06
 Reference value :  2.74659e-06
 Reference value :  2.74735e-06
 Reference value :  2.74791e-06
 Reference value :  2.74802e-06
 Reference value :  2.74847e-06
 Reference value :  2.74895e-06
 Reference value :  2.74971e-06
 Reference value :  2.75002e-06
 Reference value :  2.75059e-06
 Reference value :  2.75131e-06
 Reference value :  2.75191e-06
 Reference value :  2.75223e-06
 Reference value :  2.75271e-06
 Reference value :  2.75347e-06
 Reference value :  2.75401e-06
 Reference value :  2.75443e-06
 Reference value :  2.75519e-06
 Reference value :  2.75595e-06
 Reference value :  2.75627e-06
 Reference value :  2.75663e-06
 Reference value :  2.75707e-06
 Reference value :  2.75771e-06
 Reference value :  2.75811e-06
 Reference value :  2.75871e-06
 Reference value :  2.75947e-06
 Reference value :  2.76001e-06
 Reference value :  2.76039e-06
 Reference value :  2.76103e-06
 Reference value :  2.76175e-06
 Reference value :  2.76211e-06
 Reference value :  2.76267e-06
 Reference value :  2.76343e-06
 Reference value :  2.76400e-06
 Reference value :  2.76431e-06
 Reference value :  2.76467e-06
 Reference value :  2.76475e-06
 Reference value :  2.76515e-06
 Reference value :  2.76539e-06
 Reference value :  2.76559e-06
 Reference value :  2.76583e-06
 Reference value :  2.76595e-06
 Reference value :  2.76601e-06
 Reference value :  2.76604e-06
 Reference value :  2.76611e-06
 Reference value :  2.76619e-06
 Reference value :  2.76627e-06
 Reference value :  2.76647e-06
 Reference value :  2.76655e-06
 Reference value :  2.76667e-06
 Reference value :  2.76675e-06
 Reference value :  2.76683e-06
 Reference value :  2.76695e-06
 Reference value :  2.76707e-06
 Reference value :  2.76719e-06
 Reference value :  2.76731e-06
 Reference value :  2.76743e-06
 Reference value :  2.76755e-06
 Reference value :  2.76767e-06
 Reference value :  2.76775e-06
 Reference value :  2.76787e-06
 Reference value :  2.76797e-06
 Reference value :  2.76800e-06
 Reference value :  2.76801e-06
 Reference value :  2.76802e-06
 Reference value :  2.76804e-06
 Reference value :  2.76811e-06
 Reference value :  2.76815e-06
 Reference value :  2.76823e-06
 Reference value :  2.76827e-06
 Reference value :  2.76835e-06
 Reference value :  2.76843e-06
 Reference value :  2.76847e-06
 Reference value :  2.76855e-06
 Reference value :  2.76867e-06
 Reference value :  2.76879e-06
 Reference value :  2.76891e-06
 Reference value :  2.76903e-06
 Reference value :  2.76915e-06
 Reference value :  2.76927e-06
 Reference value :  2.76939e-06
 Reference value :  2.76951e-06
 Reference value :  2.76963e-06
 Reference value :  2.76975e-06
 Reference value :  2.76983e-06
 Reference value :  2.76995e-06
 Reference value :  2.77000e-06
 Reference value :  2.77001e-06
 Reference value :  2.77002e-06
 Reference value :  2.77004e-06
 Reference value :  2.77011e-06
 Reference value :  2.77019e-06
 Reference value :  2.77023e-06
 Reference value :  2.77031e-06
 Reference value :  2.77039e-06
 Reference value :  2.77051e-06
 Reference value :  2.77063e-06
 Reference value :  2.77075e-06
 Reference value :  2.77087e-06
 Reference value :  2.77099e-06
 Reference value :  2.77111e-06
 Reference value :  2.77119e-06
 Reference value :  2.77131e-06
 Reference value :  2.77143e-06
 Reference value :  2.77155e-06
 Reference value :  2.77167e-06
 Reference value :  2.77175e-06
 Reference value :  2.77187e-06
 Reference value :  2.77197e-06
 Reference value :  2.77200e-06
 Reference value :  2.77201e-06
 Reference value :  2.77203e-06
 Reference value :  2.77207e-06
 Reference value :  2.77215e-06
 Reference value :  2.77223e-06
 Reference value :  2.77231e-06
 Reference value :  2.77239e-06
 Reference value :  2.77247e-06
 Reference value :  2.77255e-06
 Reference value :  2.77263e-06
 Reference value :  2.77271e-06
 Reference value :  2.77279e-06
 Reference value :  2.77287e-06
 Reference value :  2.77295e-06
 Reference value :  2.77303e-06
 Reference value :  2.77311e-06
 Reference value :  2.77323e-06
 Reference value :  2.77335e-06
 Reference value :  2.77347e-06
 Reference value :  2.77355e-06
 Reference value :  2.77367e-06
 Reference value :  2.77375e-06
 Reference value :  2.77391e-06
 Reference value :  2.77400e-06
 Reference value :  2.77401e-06
 Reference value :  2.77402e-06
 Reference value :  2.77403e-06
 Reference value :  2.77407e-06
 Reference value :  2.77415e-06
 Reference value :  2.77423e-06
 Reference value :  2.77439e-06
 Reference value :  2.77451e-06
 Reference value :  2.77463e-06
 Reference value :  2.77471e-06
 Reference value :  2.77483e-06
 Reference value :  2.77495e-06
 Reference value :  2.77507e-06
 Reference value :  2.77519e-06
 Reference value :  2.77531e-06
 Reference value :  2.77539e-06
 Reference value :  2.77551e-06
 Reference value :  2.77563e-06
 Reference value :  2.77571e-06
 Reference value :  2.77583e-06
 Reference value :  2.77591e-06
 Reference value :  2.77600e-06
 Reference value :  2.77601e-06
 Reference value :  2.77602e-06
 Reference value :  2.77603e-06
 Reference value :  2.77607e-06
 Reference value :  2.77615e-06
 Reference value :  2.77623e-06
 Reference value :  2.77631e-06
 Reference value :  2.77639e-06
 Reference value :  2.77643e-06
 Reference value :  2.77647e-06
 Reference value :  2.77651e-06
 Reference value :  2.77659e-06
 Reference value :  2.77671e-06
 Reference value :  2.77683e-06
 Reference value :  2.77695e-06
 Reference value :  2.77707e-06
 Reference value :  2.77719e-06
 Reference value :  2.77727e-06
 Reference value :  2.77735e-06
 Reference value :  2.77747e-06
 Reference value :  2.77759e-06
 Reference value :  2.77771e-06
 Reference value :  2.77783e-06
 Reference value :  2.77795e-06
 Reference value :  2.77800e-06
 Reference value :  2.77801e-06
 Reference value :  2.77802e-06
 Reference value :  2.77804e-06
 Reference value :  2.77811e-06
 Reference value :  2.77819e-06
 Reference value :  2.77823e-06
 Reference value :  2.77835e-06
 Reference value :  2.77843e-06
 Reference value :  2.77855e-06
 Reference value :  2.77867e-06
 Reference value :  2.77875e-06
 Reference value :  2.77887e-06
 Reference value :  2.77895e-06
 Reference value :  2.77907e-06
 Reference value :  2.77915e-06
 Reference value :  2.77923e-06
 Reference value :  2.77935e-06
 Reference value :  2.77947e-06
 Reference value :  2.77959e-06
 Reference value :  2.77967e-06
 Reference value :  2.77975e-06
 Reference value :  2.77987e-06
 Reference value :  2.77995e-06
 Reference value :  2.78000e-06
 Reference value :  2.78000e-06
 Reference value :  2.78001e-06
 Reference value :  2.78002e-06
 Reference value :  2.78004e-06
 Reference value :  2.78011e-06
 Reference value :  2.78019e-06
 Reference value :  2.78027e-06
 Reference value :  2.78035e-06
 Reference value :  2.78039e-06
 Reference value :  2.78047e-06
 Reference value :  2.78055e-06
 Reference value :  2.78063e-06
 Reference value :  2.78071e-06
 Reference value :  2.78079e-06
 Reference value :  2.78083e-06
 Reference value :  2.78091e-06
 Reference value :  2.78099e-06
 Reference value :  2.78111e-06
 Reference value :  2.78123e-06
 Reference value :  2.78131e-06
 Reference value :  2.78143e-06
 Reference value :  2.78155e-06
 Reference value :  2.78167e-06
 Reference value :  2.78179e-06
 Reference value :  2.78191e-06
 Reference value :  2.78200e-06
 Reference value :  2.78201e-06
 Reference value :  2.78201e-06
 Reference value :  2.78203e-06
 Reference value :  2.78207e-06
 Reference value :  2.78215e-06
 Reference value :  2.78223e-06
 Reference value :  2.78231e-06
 Reference value :  2.78243e-06
 Reference value :  2.78255e-06
 Reference value :  2.78267e-06
 Reference value :  2.78279e-06
 Reference value :  2.78291e-06
 Reference value :  2.78299e-06
 Reference value :  2.78311e-06
 Reference value :  2.78319e-06
 Reference value :  2.78331e-06
 Reference value :  2.78343e-06
 Reference value :  2.78355e-06
 Reference value :  2.78367e-06
 Reference value :  2.78379e-06
 Reference value :  2.78387e-06
 Reference value :  2.78395e-06
 Reference value :  2.78400e-06
 Reference value :  2.78401e-06
 Reference value :  2.78402e-06
 Reference value :  2.78403e-06
 Reference value :  2.78407e-06
 Reference value :  2.78415e-06
 Reference value :  2.78423e-06
 Reference value :  2.78427e-06
 Reference value :  2.78435e-06
 Reference value :  2.78439e-06
 Reference value :  2.78447e-06
 Reference value :  2.78451e-06
 Reference value :  2.78459e-06
 Reference value :  2.78467e-06
 Reference value :  2.78479e-06
 Reference value :  2.78491e-06
 Reference value :  2.78503e-06
 Reference value :  2.78515e-06
 Reference value :  2.78527e-06
 Reference value :  2.78539e-06
 Reference value :  2.78551e-06
 Reference value :  2.78563e-06
 Reference value :  2.78575e-06
 Reference value :  2.78583e-06
 Reference value :  2.78591e-06
 Reference value :  2.78597e-06
 Reference value :  2.78600e-06
 Reference value :  2.78601e-06
 Reference value :  2.78602e-06
 Reference value :  2.78604e-06
 Reference value :  2.78611e-06
 Reference value :  2.78619e-06
 Reference value :  2.78623e-06
 Reference value :  2.78631e-06
 Reference value :  2.78643e-06
 Reference value :  2.78655e-06
 Reference value :  2.78663e-06
 Reference value :  2.78675e-06
 Reference value :  2.78687e-06
 Reference value :  2.78699e-06
 Reference value :  2.78707e-06
 Reference value :  2.78719e-06
 Reference value :  2.78731e-06
 Reference value :  2.78743e-06
 Reference value :  2.78755e-06
 Reference value :  2.78767e-06
 Reference value :  2.78775e-06
 Reference value :  2.78787e-06
 Reference value :  2.78797e-06
 Reference value :  2.78800e-06
 Reference value :  2.78801e-06
 Reference value :  2.78803e-06
 Reference value :  2.78807e-06
 Reference value :  2.78815e-06
 Reference value :  2.78823e-06
 Reference value :  2.78831e-06
 Reference value :  2.78839e-06
 Reference value :  2.78847e-06
 Reference value :  2.78855e-06
 Reference value :  2.78863e-06
 Reference value :  2.78871e-06
 Reference value :  2.78879e-06
 Reference value :  2.78887e-06
 Reference value :  2.78895e-06
 Reference value :  2.78903e-06
 Reference value :  2.78911e-06
 Reference value :  2.78919e-06
 Reference value :  2.78927e-06
 Reference value :  2.78939e-06
 Reference value :  2.78951e-06
 Reference value :  2.78963e-06
 Reference value :  2.78975e-06
 Reference value :  2.78987e-06
 Reference value :  2.78995e-06
 Reference value :  2.79000e-06
 Reference value :  2.79001e-06
 Reference value :  2.79002e-06
 Reference value :  2.79003e-06
 Reference value :  2.79007e-06
 Reference value :  2.79019e-06
 Reference value :  2.79027e-06
 Reference value :  2.79035e-06
 Reference value :  2.79047e-06
 Reference value :  2.79055e-06
 Reference value :  2.79067e-06
 Reference value :  2.79079e-06
 Reference value :  2.79095e-06
 Reference value :  2.79107e-06
 Reference value :  2.79119e-06
 Reference value :  2.79131e-06
 Reference value :  2.79143e-06
 Reference value :  2.79151e-06
 Reference value :  2.79163e-06
 Reference value :  2.79175e-06
 Reference value :  2.79183e-06
 Reference value :  2.79191e-06
 Reference value :  2.79197e-06
 Reference value :  2.79200e-06
 Reference value :  2.79201e-06
 Reference value :  2.79202e-06
 Reference value :  2.79204e-06
 Reference value :  2.79211e-06
 Reference value :  2.79219e-06
 Reference value :  2.79227e-06
 Reference value :  2.79235e-06
 Reference value :  2.79243e-06
 Reference value :  2.79247e-06
 Reference value :  2.79255e-06
 Reference value :  2.79263e-06
 Reference value :  2.79271e-06
 Reference value :  2.79283e-06
 Reference value :  2.79295e-06
 Reference value :  2.79307e-06
 Reference value :  2.79315e-06
 Reference value :  2.79323e-06
 Reference value :  2.79331e-06
 Reference value :  2.79339e-06
 Reference value :  2.79351e-06
 Reference value :  2.79359e-06
 Reference value :  2.79371e-06
 Reference value :  2.79379e-06
 Reference value :  2.79391e-06
 Reference value :  2.79400e-06
 Reference value :  2.79401e-06
 Reference value :  2.79402e-06
 Reference value :  2.79404e-06
 Reference value :  2.79411e-06
 Reference value :  2.79419e-06
 Reference value :  2.79423e-06
 Reference value :  2.79431e-06
 Reference value :  2.79443e-06
 Reference value :  2.79455e-06
 Reference value :  2.79463e-06
 Reference value :  2.79471e-06
 Reference value :  2.79479e-06
 Reference value :  2.79491e-06
 Reference value :  2.79503e-06
 Reference value :  2.79511e-06
 Reference value :  2.79523e-06
 Reference value :  2.79535e-06
 Reference value :  2.79547e-06
 Reference value :  2.79559e-06
 Reference value :  2.79571e-06
 Reference value :  2.79583e-06
 Reference value :  2.79591e-06
 Reference value :  2.79600e-06
 Reference value :  2.79600e-06
 Reference value :  2.79601e-06
 Reference value :  2.79603e-06
 Reference value :  2.79607e-06
 Reference value :  2.79615e-06
 Reference value :  2.79623e-06
 Reference value :  2.79631e-06
 Reference value :  2.79639e-06
 Reference value :  2.79647e-06
 Reference value :  2.79655e-06
 Reference value :  2.79663e-06
 Reference value :  2.79667e-06
 Reference value :  2.79675e-06
 Reference value :  2.79683e-06
 Reference value :  2.79691e-06
 Reference value :  2.79699e-06
 Reference value :  2.79711e-06
 Reference value :  2.79723e-06
 Reference value :  2.79735e-06
 Reference value :  2.79747e-06
 Reference value :  2.79759e-06
 Reference value :  2.79771e-06
 Reference value :  2.79779e-06
 Reference value :  2.79791e-06
 Reference value :  2.79797e-06
 Reference value :  2.79800e-06
 Reference value :  2.79801e-06
 Reference value :  2.79802e-06
 Reference value :  2.79804e-06
 Reference value :  2.79811e-06
 Reference value :  2.79819e-06
 Reference value :  2.79827e-06
 Reference value :  2.79835e-06
 Reference value :  2.79847e-06
 Reference value :  2.79859e-06
 Reference value :  2.79867e-06
 Reference value :  2.79879e-06
 Reference value :  2.79891e-06
 Reference value :  2.79899e-06
 Reference value :  2.79907e-06
 Reference value :  2.79919e-06
 Reference value :  2.79931e-06
 Reference value :  2.79943e-06
 Reference value :  2.79955e-06
 Reference value :  2.79967e-06
 Reference value :  2.79979e-06
 Reference value :  2.79991e-06
 Reference value :  2.80000e-06
 Reference value :  2.80001e-06
 Reference value :  2.80001e-06
 Reference value :  2.80003e-06
 Reference value :  2.80007e-06
 Reference value :  2.80015e-06
 Reference value :  2.80023e-06
 Reference value :  2.80027e-06
 Reference value :  2.80035e-06
 Reference value :  2.80043e-06
 Reference value :  2.80047e-06
 Reference value :  2.80055e-06
 Reference value :  2.80063e-06
 Reference value :  2.80071e-06
 Reference value :  2.80083e-06
 Reference value :  2.80095e-06
 Reference value :  2.80103e-06
 Reference value :  2.80115e-06
 Reference value :  2.80127e-06
 Reference value :  2.80139e-06
 Reference value :  2.80151e-06
 Reference value :  2.80159e-06
 Reference value :  2.80167e-06
 Reference value :  2.80175e-06
 Reference value :  2.80187e-06
 Reference value :  2.80197e-06
 Reference value :  2.80200e-06
 Reference value :  2.80201e-06
 Reference value :  2.80203e-06
 Reference value :  2.80207e-06
 Reference value :  2.80215e-06
 Reference value :  2.80219e-06
 Reference value :  2.80223e-06
 Reference value :  2.80231e-06
 Reference value :  2.80243e-06
 Reference value :  2.80255e-06
 Reference value :  2.80267e-06
 Reference value :  2.80279e-06
 Reference value :  2.80291e-06
 Reference value :  2.80303e-06
 Reference value :  2.80315e-06
 Reference value :  2.80327e-06
 Reference value :  2.80335e-06
 Reference value :  2.80347e-06
 Reference value :  2.80359e-06
 Reference value :  2.80367e-06
 Reference value :  2.80379e-06
 Reference value :  2.80391e-06
 Reference value :  2.80400e-06
 Reference value :  2.80401e-06
 Reference value :  2.80402e-06
 Reference value :  2.80404e-06
 Reference value :  2.80411e-06
 Reference value :  2.80419e-06
 Reference value :  2.80427e-06
 Reference value :  2.80435e-06
 Reference value :  2.80443e-06
 Reference value :  2.80451e-06
 Reference value :  2.80459e-06
 Reference value :  2.80467e-06
 Reference value :  2.80475e-06
 Reference value :  2.80483e-06
 Reference value :  2.80491e-06
 Reference value :  2.80499e-06
 Reference value :  2.80507e-06
 Reference value :  2.80519e-06
 Reference value :  2.80527e-06
 Reference value :  2.80539e-06
 Reference value :  2.80547e-06
 Reference value :  2.80559e-06
 Reference value :  2.80571e-06
 Reference value :  2.80583e-06
 Reference value :  2.80595e-06
 Reference value :  2.80600e-06
 Reference value :  2.80601e-06
 Reference value :  2.80602e-06
 Reference value :  2.80607e-06
 Reference value :  2.80615e-06
 Reference value :  2.80623e-06
 Reference value :  2.80631e-06
 Reference value :  2.80643e-06
 Reference value :  2.80655e-06
 Reference value :  2.80667e-06
 Reference value :  2.80679e-06
 Reference value :  2.80691e-06
 Reference value :  2.80703e-06
 Reference value :  2.80715e-06
 Reference value :  2.80727e-06
 Reference value :  2.80739e-06
 Reference value :  2.80751e-06
 Reference value :  2.80763e-06
 Reference value :  2.80779e-06
 Reference value :  2.80791e-06
 Reference value :  2.80800e-06
 Reference value :  2.80801e-06
 Reference value :  2.80802e-06
 Reference value :  2.80804e-06
 Reference value :  2.80811e-06
 Reference value :  2.80815e-06
 Reference value :  2.80823e-06
 Reference value :  2.80827e-06
 Reference value :  2.80835e-06
 Reference value :  2.80843e-06
 Reference value :  2.80847e-06
 Reference value :  2.80851e-06
 Reference value :  2.80859e-06
 Reference value :  2.80871e-06
 Reference value :  2.80883e-06
 Reference value :  2.80895e-06
 Reference value :  2.80907e-06
 Reference value :  2.80915e-06
 Reference value :  2.80923e-06
 Reference value :  2.80935e-06
 Reference value :  2.80947e-06
 Reference value :  2.80959e-06
 Reference value :  2.80971e-06
 Reference value :  2.80979e-06
 Reference value :  2.80991e-06
 Reference value :  2.80997e-06
 Reference value :  2.81000e-06
 Reference value :  2.81001e-06
 Reference value :  2.81003e-06
 Reference value :  2.81007e-06
 Reference value :  2.81015e-06
 Reference value :  2.81019e-06
 Reference value :  2.81023e-06
 Reference value :  2.81031e-06
 Reference value :  2.81043e-06
 Reference value :  2.81051e-06
 Reference value :  2.81059e-06
 Reference value :  2.81071e-06
 Reference value :  2.81083e-06
 Reference value :  2.81095e-06
 Reference value :  2.81103e-06
 Reference value :  2.81111e-06
 Reference value :  2.81119e-06
 Reference value :  2.81127e-06
 Reference value :  2.81135e-06
 Reference value :  2.81147e-06
 Reference value :  2.81155e-06
 Reference value :  2.81167e-06
 Reference value :  2.81175e-06
 Reference value :  2.81183e-06
 Reference value :  2.81195e-06
 Reference value :  2.81200e-06
 Reference value :  2.81201e-06
 Reference value :  2.81202e-06
 Reference value :  2.81207e-06
 Reference value :  2.81215e-06
 Reference value :  2.81223e-06
 Reference value :  2.81231e-06
 Reference value :  2.81239e-06
 Reference value :  2.81247e-06
 Reference value :  2.81251e-06
 Reference value :  2.81259e-06
 Reference value :  2.81267e-06
 Reference value :  2.81275e-06
 Reference value :  2.81279e-06
 Reference value :  2.81283e-06
 Reference value :  2.81291e-06
 Reference value :  2.81299e-06
 Reference value :  2.81307e-06
 Reference value :  2.81315e-06
 Reference value :  2.81327e-06
 Reference value :  2.81339e-06
 Reference value :  2.81351e-06
 Reference value :  2.81359e-06
 Reference value :  2.81367e-06
 Reference value :  2.81379e-06
 Reference value :  2.81391e-06
 Reference value :  2.81400e-06
 Reference value :  2.81400e-06
 Reference value :  2.81401e-06
 Reference value :  2.81402e-06
 Reference value :  2.81407e-06
 Reference value :  2.81415e-06
 Reference value :  2.81423e-06
 Reference value :  2.81431e-06
 Reference value :  2.81439e-06
 Reference value :  2.81451e-06
 Reference value :  2.81459e-06
 Reference value :  2.81471e-06
 Reference value :  2.81483e-06
 Reference value :  2.81495e-06
 Reference value :  2.81507e-06
 Reference value :  2.81519e-06
 Reference value :  2.81527e-06
 Reference value :  2.81539e-06
 Reference value :  2.81547e-06
 Reference value :  2.81559e-06
 Reference value :  2.81567e-06
 Reference value :  2.81579e-06
 Reference value :  2.81587e-06
 Reference value :  2.81597e-06
 Reference value :  2.81600e-06
 Reference value :  2.81601e-06
 Reference value :  2.81602e-06
 Reference value :  2.81604e-06
 Reference value :  2.81611e-06
 Reference value :  2.81619e-06
 Reference value :  2.81627e-06
 Reference value :  2.81635e-06
 Reference value :  2.81643e-06
 Reference value :  2.81647e-06
 Reference value :  2.81651e-06
 Reference value :  2.81659e-06
 Reference value :  2.81667e-06
 Reference value :  2.81679e-06
 Reference value :  2.81691e-06
 Reference value :  2.81707e-06
 Reference value :  2.81719e-06
 Reference value :  2.81731e-06
 Reference value :  2.81739e-06
 Reference value :  2.81751e-06
 Reference value :  2.81763e-06
 Reference value :  2.81775e-06
 Reference value :  2.81787e-06
 Reference value :  2.81797e-06
 Reference value :  2.81800e-06
 Reference value :  2.81802e-06
 Reference value :  2.81804e-06
 Reference value :  2.81811e-06
 Reference value :  2.81819e-06
 Reference value :  2.81823e-06
 Reference value :  2.81831e-06
 Reference value :  2.81843e-06
 Reference value :  2.81855e-06
 Reference value :  2.81867e-06
 Reference value :  2.81875e-06
 Reference value :  2.81883e-06
 Reference value :  2.81895e-06
 Reference value :  2.81907e-06
 Reference value :  2.81919e-06
 Reference value :  2.81931e-06
 Reference value :  2.81939e-06
 Reference value :  2.81951e-06
 Reference value :  2.81963e-06
 Reference value :  2.81971e-06
 Reference value :  2.81983e-06
 Reference value :  2.81991e-06
 Reference value :  2.82000e-06
 Reference value :  2.82001e-06
 Reference value :  2.82002e-06
 Reference value :  2.82003e-06
 Reference value :  2.82007e-06
 Reference value :  2.82015e-06
 Reference value :  2.82023e-06
 Reference value :  2.82031e-06
 Reference value :  2.82039e-06
 Reference value :  2.82047e-06
 Reference value :  2.82055e-06
 Reference value :  2.82063e-06
 Reference value :  2.82071e-06
 Reference value :  2.82079e-06
 Reference value :  2.82087e-06
 Reference value :  2.82095e-06
 Reference value :  2.82103e-06
 Reference value :  2.82111e-06
 Reference value :  2.82119e-06
 Reference value :  2.82127e-06
 Reference value :  2.82135e-06
 Reference value :  2.82147e-06
 Reference value :  2.82159e-06
 Reference value :  2.82171e-06
 Reference value :  2.82183e-06
 Reference value :  2.82195e-06
 Reference value :  2.82200e-06
 Reference value :  2.82200e-06
 Reference value :  2.82201e-06
 Reference value :  2.82202e-06
 Reference value :  2.82204e-06
 Reference value :  2.82211e-06
 Reference value :  2.82219e-06
 Reference value :  2.82227e-06
 Reference value :  2.82235e-06
 Reference value :  2.82247e-06
 Reference value :  2.82259e-06
 Reference value :  2.82271e-06
 Reference value :  2.82283e-06
 Reference value :  2.82295e-06
 Reference value :  2.82303e-06
 Reference value :  2.82311e-06
 Reference value :  2.82323e-06
 Reference value :  2.82335e-06
 Reference value :  2.82347e-06
 Reference value :  2.82359e-06
 Reference value :  2.82371e-06
 Reference value :  2.82379e-06
 Reference value :  2.82391e-06
 Reference value :  2.82400e-06
 Reference value :  2.82401e-06
 Reference value :  2.82402e-06
 Reference value :  2.82404e-06
 Reference value :  2.82411e-06
 Reference value :  2.82415e-06
 Reference value :  2.82423e-06
 Reference value :  2.82427e-06
 Reference value :  2.82435e-06
 Reference value :  2.82439e-06
 Reference value :  2.82443e-06
 Reference value :  2.82451e-06
 Reference value :  2.82459e-06
 Reference value :  2.82475e-06
 Reference value :  2.82487e-06
 Reference value :  2.82495e-06
 Reference value :  2.82507e-06
 Reference value :  2.82515e-06
 Reference value :  2.82527e-06
 Reference value :  2.82539e-06
 Reference value :  2.82547e-06
 Reference value :  2.82559e-06
 Reference value :  2.82571e-06
 Reference value :  2.82583e-06
 Reference value :  2.82595e-06
 Reference value :  2.82600e-06
 Reference value :  2.82601e-06
 Reference value :  2.82602e-06
 Reference value :  2.82604e-06
 Reference value :  2.82611e-06
 Reference value :  2.82619e-06
 Reference value :  2.82623e-06
 Reference value :  2.82631e-06
 Reference value :  2.82639e-06
 Reference value :  2.82651e-06
 Reference value :  2.82663e-06
 Reference value :  2.82671e-06
 Reference value :  2.82683e-06
 Reference value :  2.82695e-06
 Reference value :  2.82707e-06
 Reference value :  2.82715e-06
 Reference value :  2.82723e-06
 Reference value :  2.82731e-06
 Reference value :  2.82743e-06
 Reference value :  2.82755e-06
 Reference value :  2.82767e-06
 Reference value :  2.82779e-06
 Reference value :  2.82791e-06
 Reference value :  2.82800e-06
 Reference value :  2.82801e-06
 Reference value :  2.82802e-06
 Reference value :  2.82807e-06
 Reference value :  2.82815e-06
 Reference value :  2.82823e-06
 Reference value :  2.82831e-06
 Reference value :  2.82839e-06
 Reference value :  2.82847e-06
 Reference value :  2.82855e-06
 Reference value :  2.82863e-06
 Reference value :  2.82867e-06
 Reference value :  2.82871e-06
 Reference value :  2.82875e-06
 Reference value :  2.82879e-06
 Reference value :  2.82883e-06
 Reference value :  2.82891e-06
 Reference value :  2.82899e-06
 Reference value :  2.82907e-06
 Reference value :  2.82915e-06
 Reference value :  2.82923e-06
 Reference value :  2.82935e-06
 Reference value :  2.82943e-06
 Reference value :  2.82951e-06
 Reference value :  2.82963e-06
 Reference value :  2.82975e-06
 Reference value :  2.82983e-06
 Reference value :  2.82991e-06
 Reference value :  2.82997e-06
 Reference value :  2.83000e-06
 Reference value :  2.83001e-06
 Reference value :  2.83002e-06
 Reference value :  2.83007e-06
 Reference value :  2.83015e-06
 Reference value :  2.83023e-06
 Reference value :  2.83031e-06
 Reference value :  2.83043e-06
 Reference value :  2.83055e-06
 Reference value :  2.83067e-06
 Reference value :  2.83075e-06
 Reference value :  2.83087e-06
 Reference value :  2.83095e-06
 Reference value :  2.83107e-06
 Reference value :  2.83115e-06
 Reference value :  2.83123e-06
 Reference value :  2.83131e-06
 Reference value :  2.83139e-06
 Reference value :  2.83147e-06
 Reference value :  2.83159e-06
 Reference value :  2.83171e-06
 Reference value :  2.83183e-06
 Reference value :  2.83195e-06
 Reference value :  2.83200e-06
 Reference value :  2.83202e-06
 Reference value :  2.83203e-06
 Reference value :  2.83207e-06
 Reference value :  2.83215e-06
 Reference value :  2.83223e-06
 Reference value :  2.83227e-06
 Reference value :  2.83235e-06
 Reference value :  2.83243e-06
 Reference value :  2.83247e-06
 Reference value :  2.83251e-06
 Reference value :  2.83259e-06
 Reference value :  2.83271e-06
 Reference value :  2.83283e-06
 Reference value :  2.83295e-06
 Reference value :  2.83307e-06
 Reference value :  2.83315e-06
 Reference value :  2.83327e-06
 Reference value :  2.83339e-06
 Reference value :  2.83347e-06
 Reference value :  2.83359e-06
 Reference value :  2.83367e-06
 Reference value :  2.83379e-06
 Reference value :  2.83391e-06
 Reference value :  2.83397e-06
 Reference value :  2.83400e-06
 Reference value :  2.83401e-06
 Reference value :  2.83403e-06
 Reference value :  2.83407e-06
 Reference value :  2.83415e-06
 Reference value :  2.83419e-06
 Reference value :  2.83423e-06
 Reference value :  2.83431e-06
 Reference value :  2.83443e-06
 Reference value :  2.83455e-06
 Reference value :  2.83467e-06
 Reference value :  2.83475e-06
 Reference value :  2.83487e-06
 Reference value :  2.83495e-06
 Reference value :  2.83507e-06
 Reference value :  2.83515e-06
 Reference value :  2.83527e-06
 Reference value :  2.83539e-06
 Reference value :  2.83547e-06
 Reference value :  2.83559e-06
 Reference value :  2.83571e-06
 Reference value :  2.83583e-06
 Reference value :  2.83591e-06
 Reference value :  2.83600e-06
 Reference value :  2.83601e-06
 Reference value :  2.83602e-06
 Reference value :  2.83604e-06
 Reference value :  2.83611e-06
 Reference value :  2.83619e-06
 Reference value :  2.83627e-06
 Reference value :  2.83635e-06
 Reference value :  2.83639e-06
 Reference value :  2.83647e-06
 Reference value :  2.83655e-06
 Reference value :  2.83663e-06
 Reference value :  2.83671e-06
 Reference value :  2.83679e-06
 Reference value :  2.83687e-06
 Reference value :  2.83695e-06
 Reference value :  2.83703e-06
 Reference value :  2.83711e-06
 Reference value :  2.83723e-06
 Reference value :  2.83735e-06
 Reference value :  2.83747e-06
 Reference value :  2.83759e-06
 Reference value :  2.83771e-06
 Reference value :  2.83783e-06
 Reference value :  2.83795e-06
 Reference value :  2.83800e-06
 Reference value :  2.83801e-06
 Reference value :  2.83802e-06
 Reference value :  2.83807e-06
 Reference value :  2.83815e-06
 Reference value :  2.83823e-06
 Reference value :  2.83831e-06
 Reference value :  2.83843e-06
 Reference value :  2.83855e-06
 Reference value :  2.83867e-06
 Reference value :  2.83879e-06
 Reference value :  2.83891e-06
 Reference value :  2.83903e-06
 Reference value :  2.83915e-06
 Reference value :  2.83923e-06
 Reference value :  2.83935e-06
 Reference value :  2.83947e-06
 Reference value :  2.83955e-06
 Reference value :  2.83967e-06
 Reference value :  2.83979e-06
 Reference value :  2.83991e-06
 Reference value :  2.83997e-06
 Reference value :  2.84000e-06
 Reference value :  2.84001e-06
 Reference value :  2.84002e-06
 Reference value :  2.84004e-06
 Reference value :  2.84011e-06
 Reference value :  2.84015e-06
 Reference value :  2.84023e-06
 Reference value :  2.84027e-06
 Reference value :  2.84035e-06
 Reference value :  2.84039e-06
 Reference value :  2.84043e-06
 Reference value :  2.84047e-06
 Reference value :  2.84051e-06
 Reference value :  2.84059e-06
 Reference value :  2.84071e-06
 Reference value :  2.84083e-06
 Reference value :  2.84091e-06
 Reference value :  2.84099e-06
 Reference value :  2.84107e-06
 Reference value :  2.84119e-06
 Reference value :  2.84131e-06
 Reference value :  2.84143e-06
 Reference value :  2.84155e-06
 Reference value :  2.84163e-06
 Reference value :  2.84175e-06
 Reference value :  2.84187e-06
 Reference value :  2.84197e-06
 Reference value :  2.84200e-06
 Reference value :  2.84201e-06
 Reference value :  2.84203e-06
 Reference value :  2.84207e-06
 Reference value :  2.84215e-06
 Reference value :  2.84219e-06
 Reference value :  2.84223e-06
 Reference value :  2.84231e-06
 Reference value :  2.84243e-06
 Reference value :  2.84251e-06
 Reference value :  2.84263e-06
 Reference value :  2.84275e-06
 Reference value :  2.84287e-06
 Reference value :  2.84295e-06
 Reference value :  2.84303e-06
 Reference value :  2.84315e-06
 Reference value :  2.84323e-06
 Reference value :  2.84331e-06
 Reference value :  2.84343e-06
 Reference value :  2.84355e-06
 Reference value :  2.84363e-06
 Reference value :  2.84375e-06
 Reference value :  2.84383e-06
 Reference value :  2.84391e-06
 Reference value :  2.84400e-06
 Reference value :  2.84401e-06
 Reference value :  2.84402e-06
 Reference value :  2.84404e-06
 Reference value :  2.84407e-06
 Reference value :  2.84415e-06
 Reference value :  2.84423e-06
 Reference value :  2.84431e-06
 Reference value :  2.84439e-06
 Reference value :  2.84447e-06
 Reference value :  2.84455e-06
 Reference value :  2.84463e-06
 Reference value :  2.84471e-06
 Reference value :  2.84479e-06
 Reference value :  2.84483e-06
 Reference value :  2.84491e-06
 Reference value :  2.84499e-06
 Reference value :  2.84507e-06
 Reference value :  2.84519e-06
 Reference value :  2.84531e-06
 Reference value :  2.84543e-06
 Reference value :  2.84555e-06
 Reference value :  2.84567e-06
 Reference value :  2.84579e-06
 Reference value :  2.84591e-06
 Reference value :  2.84600e-06
 Reference value :  2.84601e-06
 Reference value :  2.84602e-06
 Reference value :  2.84603e-06
 Reference value :  2.84607e-06
 Reference value :  2.84615e-06
 Reference value :  2.84623e-06
 Reference value :  2.84631e-06
 Reference value :  2.84639e-06
 Reference value :  2.84647e-06
 Reference value :  2.84659e-06
 Reference value :  2.84667e-06
 Reference value :  2.84679e-06
 Reference value :  2.84691e-06
 Reference value :  2.84703e-06
 Reference value :  2.84715e-06
 Reference value :  2.84727e-06
 Reference value :  2.84739e-06
 Reference value :  2.84747e-06
 Reference value :  2.84759e-06
 Reference value :  2.84771e-06
 Reference value :  2.84783e-06
 Reference value :  2.84795e-06
 Reference value :  2.84800e-06
 Reference value :  2.84801e-06
 Reference value :  2.84802e-06
 Reference value :  2.84803e-06
 Reference value :  2.84807e-06
 Reference value :  2.84815e-06
 Reference value :  2.84823e-06
 Reference value :  2.84827e-06
 Reference value :  2.84835e-06
 Reference value :  2.84839e-06
 Reference value :  2.84847e-06
 Reference value :  2.84851e-06
 Reference value :  2.84859e-06
 Reference value :  2.84871e-06
 Reference value :  2.84879e-06
 Reference value :  2.84891e-06
 Reference value :  2.84899e-06
 Reference value :  2.84911e-06
 Reference value :  2.84923e-06
 Reference value :  2.84931e-06
 Reference value :  2.84943e-06
 Reference value :  2.84955e-06
 Reference value :  2.84967e-06
 Reference value :  2.84975e-06
 Reference value :  2.84987e-06
 Reference value :  2.84997e-06
 Reference value :  2.85000e-06
 Reference value :  2.85001e-06
 Reference value :  2.85003e-06
 Reference value :  2.85007e-06
 Reference value :  2.85015e-06
 Reference value :  2.85019e-06
 Reference value :  2.85023e-06
 Reference value :  2.85031e-06
 Reference value :  2.85043e-06
 Reference value :  2.85055e-06
 Reference value :  2.85067e-06
 Reference value :  2.85079e-06
 Reference value :  2.85091e-06
 Reference value :  2.85099e-06
 Reference value :  2.85111e-06
 Reference value :  2.85119e-06
 Reference value :  2.85127e-06
 Reference value :  2.85139e-06
 Reference value :  2.85151e-06
 Reference value :  2.85163e-06
 Reference value :  2.85171e-06
 Reference value :  2.85183e-06
 Reference value :  2.85195e-06
 Reference value :  2.85200e-06
 Reference value :  2.85201e-06
 Reference value :  2.85202e-06
 Reference value :  2.85204e-06
 Reference value :  2.85207e-06
 Reference value :  2.85215e-06
 Reference value :  2.85223e-06
 Reference value :  2.85231e-06
 Reference value :  2.85239e-06
 Reference value :  2.85247e-06
 Reference value :  2.85255e-06
 Reference value :  2.85263e-06
 Reference value :  2.85271e-06
 Reference value :  2.85279e-06
 Reference value :  2.85287e-06
 Reference value :  2.85295e-06
 Reference value :  2.85303e-06
 Reference value :  2.85311e-06
 Reference value :  2.85319e-06
 Reference value :  2.85331e-06
 Reference value :  2.85339e-06
 Reference value :  2.85347e-06
 Reference value :  2.85359e-06
 Reference value :  2.85371e-06
 Reference value :  2.85383e-06
 Reference value :  2.85391e-06
 Reference value :  2.85397e-06
 Reference value :  2.85400e-06
 Reference value :  2.85401e-06
 Reference value :  2.85402e-06
 Reference value :  2.85407e-06
 Reference value :  2.85415e-06
 Reference value :  2.85423e-06
 Reference value :  2.85431e-06
 Reference value :  2.85443e-06
 Reference value :  2.85455e-06
 Reference value :  2.85463e-06
 Reference value :  2.85471e-06
 Reference value :  2.85483e-06
 Reference value :  2.85495e-06
 Reference value :  2.85507e-06
 Reference value :  2.85515e-06
 Reference value :  2.85523e-06
 Reference value :  2.85531e-06
 Reference value :  2.85543e-06
 Reference value :  2.85555e-06
 Reference value :  2.85567e-06
 Reference value :  2.85579e-06
 Reference value :  2.85591e-06
 Reference value :  2.85597e-06
 Reference value :  2.85600e-06
 Reference value :  2.85601e-06
 Reference value :  2.85602e-06
 Reference value :  2.85604e-06
 Reference value :  2.85611e-06
 Reference value :  2.85615e-06
 Reference value :  2.85623e-06
 Reference value :  2.85627e-06
 Reference value :  2.85635e-06
 Reference value :  2.85639e-06
 Reference value :  2.85643e-06
 Reference value :  2.85647e-06
 Reference value :  2.85651e-06
 Reference value :  2.85659e-06
 Reference value :  2.85671e-06
 Reference value :  2.85679e-06
 Reference value :  2.85691e-06
 Reference value :  2.85699e-06
 Reference value :  2.85707e-06
 Reference value :  2.85719e-06
 Reference value :  2.85731e-06
 Reference value :  2.85743e-06
 Reference value :  2.85755e-06
 Reference value :  2.85767e-06
 Reference value :  2.85779e-06
 Reference value :  2.85791e-06
 Reference value :  2.85800e-06
 Reference value :  2.85801e-06
 Reference value :  2.85802e-06
 Reference value :  2.85804e-06
 Reference value :  2.85811e-06
 Reference value :  2.85819e-06
 Reference value :  2.85827e-06
 Reference value :  2.85839e-06
 Reference value :  2.85851e-06
 Reference value :  2.85859e-06
 Reference value :  2.85867e-06
 Reference value :  2.85875e-06
 Reference value :  2.85883e-06
 Reference value :  2.85895e-06
 Reference value :  2.85907e-06
 Reference value :  2.85919e-06
 Reference value :  2.85927e-06
 Reference value :  2.85939e-06
 Reference value :  2.85951e-06
 Reference value :  2.85963e-06
 Reference value :  2.85975e-06
 Reference value :  2.85987e-06
 Reference value :  2.85995e-06
 Reference value :  2.86000e-06
 Reference value :  2.86000e-06
 Reference value :  2.86001e-06
 Reference value :  2.86003e-06
 Reference value :  2.86007e-06
 Reference value :  2.86015e-06
 Reference value :  2.86023e-06
 Reference value :  2.86031e-06
 Reference value :  2.86039e-06
 Reference value :  2.86047e-06
 Reference value :  2.86051e-06
 Reference value :  2.86059e-06
 Reference value :  2.86067e-06
 Reference value :  2.86075e-06
 Reference value :  2.86083e-06
 Reference value :  2.86115e-06
 Reference value :  2.86155e-06
 Reference value :  2.86179e-06
 Reference value :  2.86203e-06
 Reference value :  2.86235e-06
 Reference value :  2.86247e-06
 Reference value :  2.86259e-06
 Reference value :  2.86271e-06
 Reference value :  2.86307e-06
 Reference value :  2.86379e-06
 Reference value :  2.86404e-06
 Reference value :  2.86415e-06
 Reference value :  2.86459e-06
 Reference value :  2.86531e-06
 Reference value :  2.86591e-06
 Reference value :  2.86601e-06
 Reference value :  2.86602e-06
 Reference value :  2.86603e-06
 Reference value :  2.86607e-06
 Reference value :  2.86615e-06
 Reference value :  2.86619e-06
 Reference value :  2.86623e-06
 Reference value :  2.86631e-06
 Reference value :  2.86643e-06
 Reference value :  2.86651e-06
 Reference value :  2.86659e-06
 Reference value :  2.86671e-06
 Reference value :  2.86683e-06
 Reference value :  2.86695e-06
 Reference value :  2.86703e-06
 Reference value :  2.86715e-06
 Reference value :  2.86727e-06
 Reference value :  2.86739e-06
 Reference value :  2.86747e-06
 Reference value :  2.86755e-06
 Reference value :  2.86763e-06
 Reference value :  2.86771e-06
 Reference value :  2.86783e-06
 Reference value :  2.86795e-06
 Reference value :  2.86800e-06
 Reference value :  2.86801e-06
 Reference value :  2.86803e-06
 Reference value :  2.86807e-06
 Reference value :  2.86815e-06
 Reference value :  2.86823e-06
 Reference value :  2.86831e-06
 Reference value :  2.86839e-06
 Reference value :  2.86847e-06
 Reference value :  2.86855e-06
 Reference value :  2.86863e-06
 Reference value :  2.86871e-06
 Reference value :  2.86879e-06
 Reference value :  2.86887e-06
 Reference value :  2.86895e-06
 Reference value :  2.86903e-06
 Reference value :  2.86911e-06
 Reference value :  2.86919e-06
 Reference value :  2.86931e-06
 Reference value :  2.86959e-06
 Reference value :  2.86971e-06
 Reference value :  2.86983e-06
 Reference value :  2.86991e-06
 Reference value :  2.87000e-06
 Reference value :  2.87001e-06
 Reference value :  2.87002e-06
 Reference value :  2.87004e-06
 Reference value :  2.87011e-06
 Reference value :  2.87019e-06
 Reference value :  2.87027e-06
 Reference value :  2.87035e-06
 Reference value :  2.87043e-06
 Reference value :  2.87055e-06
 Reference value :  2.87067e-06
 Reference value :  2.87079e-06
 Reference value :  2.87091e-06
 Reference value :  2.87103e-06
 Reference value :  2.87115e-06
 Reference value :  2.87127e-06
 Reference value :  2.87139e-06
 Reference value :  2.87151e-06
 Reference value :  2.87159e-06
 Reference value :  2.87167e-06
 Reference value :  2.87175e-06
 Reference value :  2.87183e-06
 Reference value :  2.87195e-06
 Reference value :  2.87200e-06
 Reference value :  2.87201e-06
 Reference value :  2.87202e-06
 Reference value :  2.87204e-06
 Reference value :  2.87211e-06
 Reference value :  2.87219e-06
 Reference value :  2.87227e-06
 Reference value :  2.87235e-06
 Reference value :  2.87239e-06
 Reference value :  2.87243e-06
 Reference value :  2.87247e-06
 Reference value :  2.87251e-06
 Reference value :  2.87259e-06
 Reference value :  2.87271e-06
 Reference value :  2.87283e-06
 Reference value :  2.87295e-06
 Reference value :  2.87307e-06
 Reference value :  2.87315e-06
 Reference value :  2.87327e-06
 Reference value :  2.87339e-06
 Reference value :  2.87347e-06
 Reference value :  2.87359e-06
 Reference value :  2.87371e-06
 Reference value :  2.87383e-06
 Reference value :  2.87391e-06
 Reference value :  2.87397e-06
 Reference value :  2.87400e-06
 Reference value :  2.87401e-06
 Reference value :  2.87402e-06
 Reference value :  2.87404e-06
 Reference value :  2.87411e-06
 Reference value :  2.87419e-06
 Reference value :  2.87423e-06
 Reference value :  2.87431e-06
 Reference value :  2.87439e-06
 Reference value :  2.87451e-06
 Reference value :  2.87463e-06
 Reference value :  2.87475e-06
 Reference value :  2.87487e-06
 Reference value :  2.87495e-06
 Reference value :  2.87507e-06
 Reference value :  2.87519e-06
 Reference value :  2.87531e-06
 Reference value :  2.87539e-06
 Reference value :  2.87551e-06
 Reference value :  2.87559e-06
 Reference value :  2.87571e-06
 Reference value :  2.87579e-06
 Reference value :  2.87591e-06
 Reference value :  2.87600e-06
 Reference value :  2.87601e-06
 Reference value :  2.87602e-06
 Reference value :  2.87604e-06
 Reference value :  2.87611e-06
 Reference value :  2.87619e-06
 Reference value :  2.87627e-06
 Reference value :  2.87631e-06
 Reference value :  2.87639e-06
 Reference value :  2.87647e-06
 Reference value :  2.87651e-06
 Reference value :  2.87659e-06
 Reference value :  2.87667e-06
 Reference value :  2.87675e-06
 Reference value :  2.87679e-06
 Reference value :  2.87687e-06
 Reference value :  2.87695e-06
 Reference value :  2.87703e-06
 Reference value :  2.87715e-06
 Reference value :  2.87723e-06
 Reference value :  2.87735e-06
 Reference value :  2.87747e-06
 Reference value :  2.87759e-06
 Reference value :  2.87771e-06
 Reference value :  2.87783e-06
 Reference value :  2.87795e-06
 Reference value :  2.87800e-06
 Reference value :  2.87801e-06
 Reference value :  2.87802e-06
 Reference value :  2.87807e-06
 Reference value :  2.87815e-06
 Reference value :  2.87823e-06
 Reference value :  2.87831e-06
 Reference value :  2.87843e-06
 Reference value :  2.87855e-06
 Reference value :  2.87867e-06
 Reference value :  2.87875e-06
 Reference value :  2.87887e-06
 Reference value :  2.87899e-06
 Reference value :  2.87907e-06
 Reference value :  2.87915e-06
 Reference value :  2.87927e-06
 Reference value :  2.87939e-06
 Reference value :  2.87951e-06
 Reference value :  2.87963e-06
 Reference value :  2.87975e-06
 Reference value :  2.87987e-06
 Reference value :  2.87995e-06
 Reference value :  2.88000e-06
 Reference value :  2.88001e-06
 Reference value :  2.88001e-06
 Reference value :  2.88004e-06
 Reference value :  2.88011e-06
 Reference value :  2.88019e-06
 Reference value :  2.88027e-06
 Reference value :  2.88035e-06
 Reference value :  2.88039e-06
 Reference value :  2.88047e-06
 Reference value :  2.88051e-06
 Reference value :  2.88059e-06
 Reference value :  2.88067e-06
 Reference value :  2.88075e-06
 Reference value :  2.88087e-06
 Reference value :  2.88099e-06
 Reference value :  2.88111e-06
 Reference value :  2.88123e-06
 Reference value :  2.88131e-06
 Reference value :  2.88139e-06
 Reference value :  2.88147e-06
 Reference value :  2.88159e-06
 Reference value :  2.88171e-06
 Reference value :  2.88183e-06
 Reference value :  2.88195e-06
 Reference value :  2.88200e-06
 Reference value :  2.88201e-06
 Reference value :  2.88202e-06
 Reference value :  2.88204e-06
 Reference value :  2.88211e-06
 Reference value :  2.88219e-06
 Reference value :  2.88223e-06
 Reference value :  2.88231e-06
 Reference value :  2.88239e-06
 Reference value :  2.88247e-06
 Reference value :  2.88255e-06
 Reference value :  2.88267e-06
 Reference value :  2.88279e-06
 Reference value :  2.88291e-06
 Reference value :  2.88299e-06
 Reference value :  2.88307e-06
 Reference value :  2.88315e-06
 Reference value :  2.88327e-06
 Reference value :  2.88339e-06
 Reference value :  2.88351e-06
 Reference value :  2.88363e-06
 Reference value :  2.88371e-06
 Reference value :  2.88383e-06
 Reference value :  2.88395e-06
 Reference value :  2.88400e-06
 Reference value :  2.88400e-06
 Reference value :  2.88401e-06
 Reference value :  2.88403e-06
 Reference value :  2.88407e-06
 Reference value :  2.88415e-06
 Reference value :  2.88423e-06
 Reference value :  2.88431e-06
 Reference value :  2.88439e-06
 Reference value :  2.88447e-06
 Reference value :  2.88455e-06
 Reference value :  2.88463e-06
 Reference value :  2.88471e-06
 Reference value :  2.88479e-06
 Reference value :  2.88487e-06
 Reference value :  2.88495e-06
 Reference value :  2.88503e-06
 Reference value :  2.88511e-06
 Reference value :  2.88519e-06
 Reference value :  2.88527e-06
 Reference value :  2.88535e-06
 Reference value :  2.88543e-06
 Reference value :  2.88555e-06
 Reference value :  2.88567e-06
 Reference value :  2.88575e-06
 Reference value :  2.88583e-06
 Reference value :  2.88595e-06
 Reference value :  2.88600e-06
 Reference value :  2.88601e-06
 Reference value :  2.88602e-06
 Reference value :  2.88604e-06
 Reference value :  2.88611e-06
 Reference value :  2.88619e-06
 Reference value :  2.88627e-06
 Reference value :  2.88635e-06
 Reference value :  2.88647e-06
 Reference value :  2.88659e-06
 Reference value :  2.88671e-06
 Reference value :  2.88683e-06
 Reference value :  2.88691e-06
 Reference value :  2.88699e-06
 Reference value :  2.88707e-06
 Reference value :  2.88719e-06
 Reference value :  2.88731e-06
 Reference value :  2.88739e-06
 Reference value :  2.88751e-06
 Reference value :  2.88759e-06
 Reference value :  2.88771e-06
 Reference value :  2.88783e-06
 Reference value :  2.88791e-06
 Reference value :  2.88800e-06
 Reference value :  2.88801e-06
 Reference value :  2.88802e-06
 Reference value :  2.88803e-06
 Reference value :  2.88807e-06
 Reference value :  2.88815e-06
 Reference value :  2.88823e-06
 Reference value :  2.88827e-06
 Reference value :  2.88835e-06
 Reference value :  2.88839e-06
 Reference value :  2.88843e-06
 Reference value :  2.88847e-06
 Reference value :  2.88851e-06
 Reference value :  2.88859e-06
 Reference value :  2.88871e-06
 Reference value :  2.88879e-06
 Reference value :  2.88891e-06
 Reference value :  2.88903e-06
 Reference value :  2.88915e-06
 Reference value :  2.88927e-06
 Reference value :  2.88939e-06
 Reference value :  2.88951e-06
 Reference value :  2.88963e-06
 Reference value :  2.88975e-06
 Reference value :  2.88987e-06
 Reference value :  2.88995e-06
 Reference value :  2.89000e-06
 Reference value :  2.89001e-06
 Reference value :  2.89002e-06
 Reference value :  2.89004e-06
 Reference value :  2.89011e-06
 Reference value :  2.89019e-06
 Reference value :  2.89023e-06
 Reference value :  2.89031e-06
 Reference value :  2.89043e-06
 Reference value :  2.89051e-06
 Reference value :  2.89059e-06
 Reference value :  2.89071e-06
 Reference value :  2.89079e-06
 Reference value :  2.89087e-06
 Reference value :  2.89099e-06
 Reference value :  2.89107e-06
 Reference value :  2.89115e-06
 Reference value :  2.89127e-06
 Reference value :  2.89135e-06
 Reference value :  2.89147e-06
 Reference value :  2.89159e-06
 Reference value :  2.89171e-06
 Reference value :  2.89183e-06
 Reference value :  2.89191e-06
 Reference value :  2.89200e-06
 Reference value :  2.89201e-06
 Reference value :  2.89201e-06
 Reference value :  2.89203e-06
 Reference value :  2.89207e-06
 Reference value :  2.89215e-06
 Reference value :  2.89223e-06
 Reference value :  2.89231e-06
 Reference value :  2.89239e-06
 Reference value :  2.89247e-06
 Reference value :  2.89255e-06
 Reference value :  2.89263e-06
 Reference value :  2.89271e-06
 Reference value :  2.89275e-06
 Reference value :  2.89283e-06
 Reference value :  2.89291e-06
 Reference value :  2.89299e-06
 Reference value :  2.89307e-06
 Reference value :  2.89319e-06
 Reference value :  2.89327e-06
 Reference value :  2.89339e-06
 Reference value :  2.89347e-06
 Reference value :  2.89359e-06
 Reference value :  2.89371e-06
 Reference value :  2.89383e-06
 Reference value :  2.89395e-06
 Reference value :  2.89400e-06
 Reference value :  2.89401e-06
 Reference value :  2.89402e-06
 Reference value :  2.89407e-06
 Reference value :  2.89415e-06
 Reference value :  2.89423e-06
 Reference value :  2.89431e-06
 Reference value :  2.89443e-06
 Reference value :  2.89455e-06
 Reference value :  2.89467e-06
 Reference value :  2.89479e-06
 Reference value :  2.89491e-06
 Reference value :  2.89503e-06
 Reference value :  2.89515e-06
 Reference value :  2.89527e-06
 Reference value :  2.89539e-06
 Reference value :  2.89551e-06
 Reference value :  2.89563e-06
 Reference value :  2.89575e-06
 Reference value :  2.89587e-06
 Reference value :  2.89597e-06
 Reference value :  2.89600e-06
 Reference value :  2.89601e-06
 Reference value :  2.89603e-06
 Reference value :  2.89607e-06
 Reference value :  2.89615e-06
 Reference value :  2.89623e-06
 Reference value :  2.89631e-06
 Reference value :  2.89639e-06
 Reference value :  2.89647e-06
 Reference value :  2.89651e-06
 Reference value :  2.89659e-06
 Reference value :  2.89671e-06
 Reference value :  2.89679e-06
 Reference value :  2.89687e-06
 Reference value :  2.89699e-06
 Reference value :  2.89711e-06
 Reference value :  2.89719e-06
 Reference value :  2.89731e-06
 Reference value :  2.89739e-06
 Reference value :  2.89747e-06
 Reference value :  2.89759e-06
 Reference value :  2.89771e-06
 Reference value :  2.89779e-06
 Reference value :  2.89787e-06
 Reference value :  2.89795e-06
 Reference value :  2.89800e-06
 Reference value :  2.89801e-06
 Reference value :  2.89802e-06
 Reference value :  2.89804e-06
 Reference value :  2.89811e-06
 Reference value :  2.89819e-06
 Reference value :  2.89823e-06
 Reference value :  2.89831e-06
 Reference value :  2.89843e-06
 Reference value :  2.89855e-06
 Reference value :  2.89867e-06
 Reference value :  2.89879e-06
 Reference value :  2.89887e-06
 Reference value :  2.89899e-06
 Reference value :  2.89911e-06
 Reference value :  2.89919e-06
 Reference value :  2.89927e-06
 Reference value :  2.89935e-06
 Reference value :  2.89943e-06
 Reference value :  2.89951e-06
 Reference value :  2.89963e-06
 Reference value :  2.89975e-06
 Reference value :  2.89987e-06
 Reference value :  2.89997e-06
 Reference value :  2.90000e-06
 Reference value :  2.90001e-06
 Reference value :  2.90002e-06
 Reference value :  2.90004e-06
 Reference value :  2.90011e-06
 Reference value :  2.90019e-06
 Reference value :  2.90027e-06
 Reference value :  2.90035e-06
 Reference value :  2.90043e-06
 Reference value :  2.90051e-06
 Reference value :  2.90059e-06
 Reference value :  2.90067e-06
 Reference value :  2.90075e-06
 Reference value :  2.90083e-06
 Reference value :  2.90091e-06
 Reference value :  2.90099e-06
 Reference value :  2.90107e-06
 Reference value :  2.90119e-06
 Reference value :  2.90127e-06
 Reference value :  2.90139e-06
 Reference value :  2.90147e-06
 Reference value :  2.90159e-06
 Reference value :  2.90167e-06
 Reference value :  2.90179e-06
 Reference value :  2.90191e-06
 Reference value :  2.90200e-06
 Reference value :  2.90201e-06
 Reference value :  2.90202e-06
 Reference value :  2.90204e-06
 Reference value :  2.90211e-06
 Reference value :  2.90215e-06
 Reference value :  2.90223e-06
 Reference value :  2.90231e-06
 Reference value :  2.90239e-06
 Reference value :  2.90251e-06
 Reference value :  2.90263e-06
 Reference value :  2.90275e-06
 Reference value :  2.90283e-06
 Reference value :  2.90291e-06
 Reference value :  2.90299e-06
 Reference value :  2.90311e-06
 Reference value :  2.90319e-06
 Reference value :  2.90331e-06
 Reference value :  2.90343e-06
 Reference value :  2.90355e-06
 Reference value :  2.90367e-06
 Reference value :  2.90379e-06
 Reference value :  2.90387e-06
 Reference value :  2.90395e-06
 Reference value :  2.90400e-06
 Reference value :  2.90401e-06
 Reference value :  2.90402e-06
 Reference value :  2.90404e-06
 Reference value :  2.90411e-06
 Reference value :  2.90419e-06
 Reference value :  2.90427e-06
 Reference value :  2.90435e-06
 Reference value :  2.90439e-06
 Reference value :  2.90447e-06
 Reference value :  2.90451e-06
 Reference value :  2.90459e-06
 Reference value :  2.90471e-06
 Reference value :  2.90483e-06
 Reference value :  2.90495e-06
 Reference value :  2.90503e-06
 Reference value :  2.90515e-06
 Reference value :  2.90523e-06
 Reference value :  2.90535e-06
 Reference value :  2.90543e-06
 Reference value :  2.90555e-06
 Reference value :  2.90567e-06
 Reference value :  2.90575e-06
 Reference value :  2.90583e-06
 Reference value :  2.90595e-06
 Reference value :  2.90600e-06
 Reference value :  2.90601e-06
 Reference value :  2.90602e-06
 Reference value :  2.90604e-06
 Reference value :  2.90611e-06
 Reference value :  2.90619e-06
 Reference value :  2.90623e-06
 Reference value :  2.90631e-06
 Reference value :  2.90639e-06
 Reference value :  2.90651e-06
 Reference value :  2.90659e-06
 Reference value :  2.90671e-06
 Reference value :  2.90679e-06
 Reference value :  2.90687e-06
 Reference value :  2.90695e-06
 Reference value :  2.90703e-06
 Reference value :  2.90711e-06
 Reference value :  2.90719e-06
 Reference value :  2.90727e-06
 Reference value :  2.90739e-06
 Reference value :  2.90751e-06
 Reference value :  2.90759e-06
 Reference value :  2.90771e-06
 Reference value :  2.90783e-06
 Reference value :  2.90795e-06
 Reference value :  2.90800e-06
 Reference value :  2.90801e-06
 Reference value :  2.90802e-06
 Reference value :  2.90804e-06
 Reference value :  2.90811e-06
 Reference value :  2.90819e-06
 Reference value :  2.90827e-06
 Reference value :  2.90835e-06
 Reference value :  2.90843e-06
 Reference value :  2.90851e-06
 Reference value :  2.90859e-06
 Reference value :  2.90867e-06
 Reference value :  2.90875e-06
 Reference value :  2.90879e-06
 Reference value :  2.90883e-06
 Reference value :  2.90891e-06
 Reference value :  2.90899e-06
 Reference value :  2.90911e-06
 Reference value :  2.90919e-06
 Reference value :  2.90931e-06
 Reference value :  2.90943e-06
 Reference value :  2.90951e-06
 Reference value :  2.90963e-06
 Reference value :  2.90975e-06
 Reference value :  2.90987e-06
 Reference value :  2.90997e-06
 Reference value :  2.91000e-06
 Reference value :  2.91001e-06
 Reference value :  2.91003e-06
 Reference value :  2.91007e-06
 Reference value :  2.91015e-06
 Reference value :  2.91023e-06
 Reference value :  2.91031e-06
 Reference value :  2.91043e-06
 Reference value :  2.91055e-06
 Reference value :  2.91067e-06
 Reference value :  2.91079e-06
 Reference value :  2.91091e-06
 Reference value :  2.91103e-06
 Reference value :  2.91115e-06
 Reference value :  2.91127e-06
 Reference value :  2.91135e-06
 Reference value :  2.91147e-06
 Reference value :  2.91155e-06
 Reference value :  2.91167e-06
 Reference value :  2.91175e-06
 Reference value :  2.91183e-06
 Reference value :  2.91195e-06
 Reference value :  2.91200e-06
 Reference value :  2.91201e-06
 Reference value :  2.91202e-06
 Reference value :  2.91204e-06
 Reference value :  2.91211e-06
 Reference value :  2.91219e-06
 Reference value :  2.91227e-06
 Reference value :  2.91235e-06
 Reference value :  2.91239e-06
 Reference value :  2.91247e-06
 Reference value :  2.91251e-06
 Reference value :  2.91259e-06
 Reference value :  2.91267e-06
 Reference value :  2.91279e-06
 Reference value :  2.91287e-06
 Reference value :  2.91299e-06
 Reference value :  2.91311e-06
 Reference value :  2.91319e-06
 Reference value :  2.91327e-06
 Reference value :  2.91335e-06
 Reference value :  2.91343e-06
 Reference value :  2.91355e-06
 Reference value :  2.91363e-06
 Reference value :  2.91371e-06
 Reference value :  2.91379e-06
 Reference value :  2.91391e-06
 Reference value :  2.91400e-06
 Reference value :  2.91401e-06
 Reference value :  2.91402e-06
 Reference value :  2.91404e-06
 Reference value :  2.91411e-06
 Reference value :  2.91419e-06
 Reference value :  2.91423e-06
 Reference value :  2.91431e-06
 Reference value :  2.91443e-06
 Reference value :  2.91455e-06
 Reference value :  2.91467e-06
 Reference value :  2.91479e-06
 Reference value :  2.91491e-06
 Reference value :  2.91503e-06
 Reference value :  2.91515e-06
 Reference value :  2.91527e-06
 Reference value :  2.91539e-06
 Reference value :  2.91551e-06
 Reference value :  2.91563e-06
 Reference value :  2.91575e-06
 Reference value :  2.91587e-06
 Reference value :  2.91597e-06
 Reference value :  2.91600e-06
 Reference value :  2.91601e-06
 Reference value :  2.91603e-06
 Reference value :  2.91607e-06
 Reference value :  2.91615e-06
 Reference value :  2.91623e-06
 Reference value :  2.91631e-06
 Reference value :  2.91639e-06
 Reference value :  2.91647e-06
 Reference value :  2.91655e-06
 Reference value :  2.91663e-06
 Reference value :  2.91671e-06
 Reference value :  2.91679e-06
 Reference value :  2.91687e-06
 Reference value :  2.91695e-06
 Reference value :  2.91703e-06
 Reference value :  2.91711e-06
 Reference value :  2.91719e-06
 Reference value :  2.91731e-06
 Reference value :  2.91743e-06
 Reference value :  2.91755e-06
 Reference value :  2.91767e-06
 Reference value :  2.91779e-06
 Reference value :  2.91791e-06
 Reference value :  2.91797e-06
 Reference value :  2.91800e-06
 Reference value :  2.91801e-06
 Reference value :  2.91803e-06
 Reference value :  2.91807e-06
 Reference value :  2.91815e-06
 Reference value :  2.91823e-06
 Reference value :  2.91831e-06
 Reference value :  2.91843e-06
 Reference value :  2.91855e-06
 Reference value :  2.91867e-06
 Reference value :  2.91879e-06
 Reference value :  2.91891e-06
 Reference value :  2.91899e-06
 Reference value :  2.91907e-06
 Reference value :  2.91915e-06
 Reference value :  2.91927e-06
 Reference value :  2.91939e-06
 Reference value :  2.91947e-06
 Reference value :  2.91955e-06
 Reference value :  2.91967e-06
 Reference value :  2.91975e-06
 Reference value :  2.91983e-06
 Reference value :  2.91991e-06
 Reference value :  2.91997e-06
 Reference value :  2.92000e-06
 Reference value :  2.92001e-06
 Reference value :  2.92002e-06
 Reference value :  2.92004e-06
 Reference value :  2.92011e-06
 Reference value :  2.92019e-06
 Reference value :  2.92027e-06
 Reference value :  2.92035e-06
 Reference value :  2.92039e-06
 Reference value :  2.92043e-06
 Reference value :  2.92047e-06
 Reference value :  2.92051e-06
 Reference value :  2.92059e-06
 Reference value :  2.92071e-06
 Reference value :  2.92083e-06
 Reference value :  2.92091e-06
 Reference value :  2.92103e-06
 Reference value :  2.92115e-06
 Reference value :  2.92123e-06
 Reference value :  2.92135e-06
 Reference value :  2.92147e-06
 Reference value :  2.92159e-06
 Reference value :  2.92167e-06
 Reference value :  2.92175e-06
 Reference value :  2.92187e-06
 Reference value :  2.92195e-06
 Reference value :  2.92200e-06
 Reference value :  2.92201e-06
 Reference value :  2.92201e-06
 Reference value :  2.92203e-06
 Reference value :  2.92207e-06
 Reference value :  2.92215e-06
 Reference value :  2.92219e-06
 Reference value :  2.92223e-06
 Reference value :  2.92231e-06
 Reference value :  2.92243e-06
 Reference value :  2.92255e-06
 Reference value :  2.92267e-06
 Reference value :  2.92279e-06
 Reference value :  2.92287e-06
 Reference value :  2.92299e-06
 Reference value :  2.92307e-06
 Reference value :  2.92319e-06
 Reference value :  2.92327e-06
 Reference value :  2.92339e-06
 Reference value :  2.92351e-06
 Reference value :  2.92363e-06
 Reference value :  2.92375e-06
 Reference value :  2.92387e-06
 Reference value :  2.92397e-06
 Reference value :  2.92400e-06
 Reference value :  2.92401e-06
 Reference value :  2.92403e-06
 Reference value :  2.92407e-06
 Reference value :  2.92415e-06
 Reference value :  2.92423e-06
 Reference value :  2.92431e-06
 Reference value :  2.92439e-06
 Reference value :  2.92447e-06
 Reference value :  2.92455e-06
 Reference value :  2.92463e-06
 Reference value :  2.92471e-06
 Reference value :  2.92479e-06
 Reference value :  2.92487e-06
 Reference value :  2.92495e-06
 Reference value :  2.92503e-06
 Reference value :  2.92511e-06
 Reference value :  2.92519e-06
 Reference value :  2.92531e-06
 Reference value :  2.92543e-06
 Reference value :  2.92555e-06
 Reference value :  2.92567e-06
 Reference value :  2.92579e-06
 Reference value :  2.92591e-06
 Reference value :  2.92597e-06
 Reference value :  2.92600e-06
 Reference value :  2.92601e-06
 Reference value :  2.92602e-06
 Reference value :  2.92607e-06
 Reference value :  2.92615e-06
 Reference value :  2.92623e-06
 Reference value :  2.92631e-06
 Reference value :  2.92643e-06
 Reference value :  2.92655e-06
 Reference value :  2.92667e-06
 Reference value :  2.92679e-06
 Reference value :  2.92691e-06
 Reference value :  2.92699e-06
 Reference value :  2.92711e-06
 Reference value :  2.92723e-06
 Reference value :  2.92735e-06
 Reference value :  2.92743e-06
 Reference value :  2.92751e-06
 Reference value :  2.92763e-06
 Reference value :  2.92779e-06
 Reference value :  2.92787e-06
 Reference value :  2.92797e-06
 Reference value :  2.92800e-06
 Reference value :  2.92801e-06
 Reference value :  2.92802e-06
 Reference value :  2.92804e-06
 Reference value :  2.92811e-06
 Reference value :  2.92819e-06
 Reference value :  2.92827e-06
 Reference value :  2.92835e-06
 Reference value :  2.92843e-06
 Reference value :  2.92847e-06
 Reference value :  2.92851e-06
 Reference value :  2.92859e-06
 Reference value :  2.92871e-06
 Reference value :  2.92879e-06
 Reference value :  2.92887e-06
 Reference value :  2.92899e-06
 Reference value :  2.92907e-06
 Reference value :  2.92919e-06
 Reference value :  2.92931e-06
 Reference value :  2.92943e-06
 Reference value :  2.92955e-06
 Reference value :  2.92963e-06
 Reference value :  2.92975e-06
 Reference value :  2.92987e-06
 Reference value :  2.92997e-06
 Reference value :  2.93000e-06
 Reference value :  2.93001e-06
 Reference value :  2.93001e-06
 Reference value :  2.93002e-06
 Reference value :  2.93004e-06
 Reference value :  2.93011e-06
 Reference value :  2.93019e-06
 Reference value :  2.93023e-06
 Reference value :  2.93031e-06
 Reference value :  2.93043e-06
 Reference value :  2.93055e-06
 Reference value :  2.93063e-06
 Reference value :  2.93075e-06
 Reference value :  2.93087e-06
 Reference value :  2.93099e-06
 Reference value :  2.93111e-06
 Reference value :  2.93119e-06
 Reference value :  2.93127e-06
 Reference value :  2.93135e-06
 Reference value :  2.93143e-06
 Reference value :  2.93151e-06
 Reference value :  2.93163e-06
 Reference value :  2.93175e-06
 Reference value :  2.93187e-06
 Reference value :  2.93197e-06
 Reference value :  2.93200e-06
 Reference value :  2.93201e-06
 Reference value :  2.93203e-06
 Reference value :  2.93207e-06
 Reference value :  2.93215e-06
 Reference value :  2.93223e-06
 Reference value :  2.93231e-06
 Reference value :  2.93239e-06
 Reference value :  2.93247e-06
 Reference value :  2.93251e-06
 Reference value :  2.93259e-06
 Reference value :  2.93267e-06
 Reference value :  2.93275e-06
 Reference value :  2.93283e-06
 Reference value :  2.93291e-06
 Reference value :  2.93299e-06
 Reference value :  2.93307e-06
 Reference value :  2.93319e-06
 Reference value :  2.93327e-06
 Reference value :  2.93335e-06
 Reference value :  2.93347e-06
 Reference value :  2.93359e-06
 Reference value :  2.93367e-06
 Reference value :  2.93375e-06
 Reference value :  2.93383e-06
 Reference value :  2.93391e-06
 Reference value :  2.93400e-06
 Reference value :  2.93401e-06
 Reference value :  2.93402e-06
 Reference value :  2.93404e-06
 Reference value :  2.93411e-06
 Reference value :  2.93419e-06
 Reference value :  2.93427e-06
 Reference value :  2.93435e-06
 Reference value :  2.93447e-06
 Reference value :  2.93455e-06
 Reference value :  2.93463e-06
 Reference value :  2.93471e-06
 Reference value :  2.93483e-06
 Reference value :  2.93495e-06
 Reference value :  2.93507e-06
 Reference value :  2.93515e-06
 Reference value :  2.93523e-06
 Reference value :  2.93535e-06
 Reference value :  2.93547e-06
 Reference value :  2.93559e-06
 Reference value :  2.93571e-06
 Reference value :  2.93583e-06
 Reference value :  2.93595e-06
 Reference value :  2.93600e-06
 Reference value :  2.93601e-06
 Reference value :  2.93602e-06
 Reference value :  2.93604e-06
 Reference value :  2.93611e-06
 Reference value :  2.93619e-06
 Reference value :  2.93627e-06
 Reference value :  2.93635e-06
 Reference value :  2.93643e-06
 Reference value :  2.93647e-06
 Reference value :  2.93651e-06
 Reference value :  2.93659e-06
 Reference value :  2.93671e-06
 Reference value :  2.93683e-06
 Reference value :  2.93691e-06
 Reference value :  2.93703e-06
 Reference value :  2.93711e-06
 Reference value :  2.93719e-06
 Reference value :  2.93731e-06
 Reference value :  2.93743e-06
 Reference value :  2.93755e-06
 Reference value :  2.93767e-06
 Reference value :  2.93779e-06
 Reference value :  2.93791e-06
 Reference value :  2.93797e-06
 Reference value :  2.93800e-06
 Reference value :  2.93801e-06
 Reference value :  2.93802e-06
 Reference value :  2.93804e-06
 Reference value :  2.93811e-06
 Reference value :  2.93819e-06
 Reference value :  2.93823e-06
 Reference value :  2.93831e-06
 Reference value :  2.93843e-06
 Reference value :  2.93851e-06
 Reference value :  2.93863e-06
 Reference value :  2.93875e-06
 Reference value :  2.93887e-06
 Reference value :  2.93899e-06
 Reference value :  2.93911e-06
 Reference value :  2.93923e-06
 Reference value :  2.93935e-06
 Reference value :  2.93947e-06
 Reference value :  2.93959e-06
 Reference value :  2.93967e-06
 Reference value :  2.93979e-06
 Reference value :  2.93991e-06
 Reference value :  2.94000e-06
 Reference value :  2.94000e-06
 Reference value :  2.94001e-06
 Reference value :  2.94003e-06
 Reference value :  2.94007e-06
 Reference value :  2.94015e-06
 Reference value :  2.94023e-06
 Reference value :  2.94031e-06
 Reference value :  2.94039e-06
 Reference value :  2.94047e-06
 Reference value :  2.94055e-06
 Reference value :  2.94063e-06
 Reference value :  2.94071e-06
 Reference value :  2.94079e-06
 Reference value :  2.94083e-06
 Reference value :  2.94091e-06
 Reference value :  2.94099e-06
 Reference value :  2.94107e-06
 Reference value :  2.94119e-06
 Reference value :  2.94131e-06
 Reference value :  2.94143e-06
 Reference value :  2.94155e-06
 Reference value :  2.94167e-06
 Reference value :  2.94179e-06
 Reference value :  2.94191e-06
 Reference value :  2.94200e-06
 Reference value :  2.94201e-06
 Reference value :  2.94201e-06
 Reference value :  2.94203e-06
 Reference value :  2.94207e-06
 Reference value :  2.94215e-06
 Reference value :  2.94223e-06
 Reference value :  2.94231e-06
 Reference value :  2.94243e-06
 Reference value :  2.94255e-06
 Reference value :  2.94267e-06
 Reference value :  2.94279e-06
 Reference value :  2.94291e-06
 Reference value :  2.94303e-06
 Reference value :  2.94315e-06
 Reference value :  2.94327e-06
 Reference value :  2.94339e-06
 Reference value :  2.94347e-06
 Reference value :  2.94359e-06
 Reference value :  2.94371e-06
 Reference value :  2.94383e-06
 Reference value :  2.94397e-06
 Reference value :  2.94401e-06
 Reference value :  2.94402e-06
 Reference value :  2.94403e-06
 Reference value :  2.94407e-06
 Reference value :  2.94415e-06
 Reference value :  2.94423e-06
 Reference value :  2.94427e-06
 Reference value :  2.94435e-06
 Reference value :  2.94439e-06
 Reference value :  2.94447e-06
 Reference value :  2.94451e-06
 Reference value :  2.94459e-06
 Reference value :  2.94471e-06
 Reference value :  2.94483e-06
 Reference value :  2.94491e-06
 Reference value :  2.94499e-06
 Reference value :  2.94511e-06
 Reference value :  2.94523e-06
 Reference value :  2.94535e-06
 Reference value :  2.94547e-06
 Reference value :  2.94559e-06
 Reference value :  2.94571e-06
 Reference value :  2.94583e-06
 Reference value :  2.94591e-06
 Reference value :  2.94600e-06
 Reference value :  2.94601e-06
 Reference value :  2.94601e-06
 Reference value :  2.94602e-06
 Reference value :  2.94604e-06
 Reference value :  2.94611e-06
 Reference value :  2.94619e-06
 Reference value :  2.94623e-06
 Reference value :  2.94631e-06
 Reference value :  2.94639e-06
 Reference value :  2.94651e-06
 Reference value :  2.94659e-06
 Reference value :  2.94671e-06
 Reference value :  2.94683e-06
 Reference value :  2.94695e-06
 Reference value :  2.94707e-06
 Reference value :  2.94715e-06
 Reference value :  2.94723e-06
 Reference value :  2.94735e-06
 Reference value :  2.94743e-06
 Reference value :  2.94755e-06
 Reference value :  2.94763e-06
 Reference value :  2.94771e-06
 Reference value :  2.94783e-06
 Reference value :  2.94795e-06
 Reference value :  2.94800e-06
 Reference value :  2.94801e-06
 Reference value :  2.94802e-06
 Reference value :  2.94807e-06
 Reference value :  2.94815e-06
 Reference value :  2.94823e-06
 Reference value :  2.94831e-06
 Reference value :  2.94839e-06
 Reference value :  2.94847e-06
 Reference value :  2.94855e-06
 Reference value :  2.94863e-06
 Reference value :  2.94871e-06
 Reference value :  2.94879e-06
 Reference value :  2.94887e-06
 Reference value :  2.94895e-06
 Reference value :  2.94903e-06
 Reference value :  2.94911e-06
 Reference value :  2.94919e-06
 Reference value :  2.94927e-06
 Reference value :  2.94935e-06
 Reference value :  2.94943e-06
 Reference value :  2.94955e-06
 Reference value :  2.94967e-06
 Reference value :  2.94979e-06
 Reference value :  2.94991e-06
 Reference value :  2.95000e-06
 Reference value :  2.95000e-06
 Reference value :  2.95001e-06
 Reference value :  2.95003e-06
 Reference value :  2.95007e-06
 Reference value :  2.95015e-06
 Reference value :  2.95023e-06
 Reference value :  2.95031e-06
 Reference value :  2.95043e-06
 Reference value :  2.95051e-06
 Reference value :  2.95063e-06
 Reference value :  2.95075e-06
 Reference value :  2.95087e-06
 Reference value :  2.95099e-06
 Reference value :  2.95111e-06
 Reference value :  2.95123e-06
 Reference value :  2.95135e-06
 Reference value :  2.95147e-06
 Reference value :  2.95171e-06
 Reference value :  2.95183e-06
 Reference value :  2.95195e-06
 Reference value :  2.95200e-06
 Reference value :  2.95201e-06
 Reference value :  2.95202e-06
 Reference value :  2.95204e-06
 Reference value :  2.95211e-06
 Reference value :  2.95215e-06
 Reference value :  2.95223e-06
 Reference value :  2.95231e-06
 Reference value :  2.95239e-06
 Reference value :  2.95247e-06
 Reference value :  2.95255e-06
 Reference value :  2.95263e-06
 Reference value :  2.95275e-06
 Reference value :  2.95287e-06
 Reference value :  2.95299e-06
 Reference value :  2.95311e-06
 Reference value :  2.95323e-06
 Reference value :  2.95335e-06
 Reference value :  2.95355e-06
 Reference value :  2.95367e-06
 Reference value :  2.95375e-06
 Reference value :  2.95383e-06
 Reference value :  2.95395e-06
 Reference value :  2.95400e-06
 Reference value :  2.95401e-06
 Reference value :  2.95402e-06
 Reference value :  2.95403e-06
 Reference value :  2.95407e-06
 Reference value :  2.95415e-06
 Reference value :  2.95419e-06
 Reference value :  2.95427e-06
 Reference value :  2.95439e-06
 Reference value :  2.95451e-06
 Reference value :  2.95463e-06
 Reference value :  2.95475e-06
 Reference value :  2.95487e-06
 Reference value :  2.95499e-06
 Reference value :  2.95511e-06
 Reference value :  2.95523e-06
 Reference value :  2.95535e-06
 Reference value :  2.95547e-06
 Reference value :  2.95559e-06
 Reference value :  2.95571e-06
 Reference value :  2.95583e-06
 Reference value :  2.95595e-06
 Reference value :  2.95600e-06
 Reference value :  2.95601e-06
 Reference value :  2.95602e-06
 Reference value :  2.95607e-06
 Reference value :  2.95615e-06
 Reference value :  2.95623e-06
 Reference value :  2.95631e-06
 Reference value :  2.95639e-06
 Reference value :  2.95647e-06
 Reference value :  2.95655e-06
 Reference value :  2.95663e-06
 Reference value :  2.95667e-06
 Reference value :  2.95671e-06
 Reference value :  2.95675e-06
 Reference value :  2.95679e-06
 Reference value :  2.95687e-06
 Reference value :  2.95695e-06
 Reference value :  2.95703e-06
 Reference value :  2.95715e-06
 Reference value :  2.95727e-06
 Reference value :  2.95739e-06
 Reference value :  2.95747e-06
 Reference value :  2.95759e-06
 Reference value :  2.95771e-06
 Reference value :  2.95783e-06
 Reference value :  2.95795e-06
 Reference value :  2.95800e-06
 Reference value :  2.95801e-06
 Reference value :  2.95802e-06
 Reference value :  2.95804e-06
 Reference value :  2.95811e-06
 Reference value :  2.95819e-06
 Reference value :  2.95827e-06
 Reference value :  2.95839e-06
 Reference value :  2.95851e-06
 Reference value :  2.95863e-06
 Reference value :  2.95875e-06
 Reference value :  2.95887e-06
 Reference value :  2.95899e-06
 Reference value :  2.95911e-06
 Reference value :  2.95923e-06
 Reference value :  2.95935e-06
 Reference value :  2.95947e-06
 Reference value :  2.95959e-06
 Reference value :  2.95971e-06
 Reference value :  2.95983e-06
 Reference value :  2.95995e-06
 Reference value :  2.96000e-06
 Reference value :  2.96001e-06
 Reference value :  2.96002e-06
 Reference value :  2.96007e-06
 Reference value :  2.96015e-06
 Reference value :  2.96023e-06
 Reference value :  2.96027e-06
 Reference value :  2.96035e-06
 Reference value :  2.96043e-06
 Reference value :  2.96051e-06
 Reference value :  2.96059e-06
 Reference value :  2.96071e-06
 Reference value :  2.96083e-06
 Reference value :  2.96095e-06
 Reference value :  2.96107e-06
 Reference value :  2.96119e-06
 Reference value :  2.96131e-06
 Reference value :  2.96139e-06
 Reference value :  2.96151e-06
 Reference value :  2.96163e-06
 Reference value :  2.96175e-06
 Reference value :  2.96187e-06
 Reference value :  2.96197e-06
 Reference value :  2.96200e-06
 Reference value :  2.96201e-06
 Reference value :  2.96203e-06
 Reference value :  2.96207e-06
 Reference value :  2.96215e-06
 Reference value :  2.96219e-06
 Reference value :  2.96227e-06
 Reference value :  2.96239e-06
 Reference value :  2.96251e-06
 Reference value :  2.96263e-06
 Reference value :  2.96275e-06
 Reference value :  2.96287e-06
 Reference value :  2.96299e-06
 Reference value :  2.96311e-06
 Reference value :  2.96323e-06
 Reference value :  2.96335e-06
 Reference value :  2.96347e-06
 Reference value :  2.96359e-06
 Reference value :  2.96371e-06
 Reference value :  2.96383e-06
 Reference value :  2.96395e-06
 Reference value :  2.96400e-06
 Reference value :  2.96401e-06
 Reference value :  2.96403e-06
 Reference value :  2.96407e-06
 Reference value :  2.96415e-06
 Reference value :  2.96423e-06
 Reference value :  2.96431e-06
 Reference value :  2.96439e-06
 Reference value :  2.96447e-06
 Reference value :  2.96455e-06
 Reference value :  2.96463e-06
 Reference value :  2.96471e-06
 Reference value :  2.96479e-06
 Reference value :  2.96487e-06
 Reference value :  2.96495e-06
 Reference value :  2.96503e-06
 Reference value :  2.96511e-06
 Reference value :  2.96523e-06
 Reference value :  2.96535e-06
 Reference value :  2.96547e-06
 Reference value :  2.96559e-06
 Reference value :  2.96571e-06
 Reference value :  2.96583e-06
 Reference value :  2.96595e-06
 Reference value :  2.96600e-06
 Reference value :  2.96601e-06
 Reference value :  2.96602e-06
 Reference value :  2.96607e-06
 Reference value :  2.96615e-06
 Reference value :  2.96623e-06
 Reference value :  2.96631e-06
 Reference value :  2.96643e-06
 Reference value :  2.96655e-06
 Reference value :  2.96667e-06
 Reference value :  2.96679e-06
 Reference value :  2.96691e-06
 Reference value :  2.96703e-06
 Reference value :  2.96715e-06
 Reference value :  2.96727e-06
 Reference value :  2.96739e-06
 Reference value :  2.96751e-06
 Reference value :  2.96763e-06
 Reference value :  2.96775e-06
 Reference value :  2.96783e-06
 Reference value :  2.96795e-06
 Reference value :  2.96800e-06
 Reference value :  2.96801e-06
 Reference value :  2.96802e-06
 Reference value :  2.96804e-06
 Reference value :  2.96811e-06
 Reference value :  2.96819e-06
 Reference value :  2.96827e-06
 Reference value :  2.96835e-06
 Reference value :  2.96843e-06
 Reference value :  2.96847e-06
 Reference value :  2.96855e-06
 Reference value :  2.96863e-06
 Reference value :  2.96875e-06
 Reference value :  2.96883e-06
 Reference value :  2.96895e-06
 Reference value :  2.96907e-06
 Reference value :  2.96919e-06
 Reference value :  2.96931e-06
 Reference value :  2.96939e-06
 Reference value :  2.96951e-06
 Reference value :  2.96963e-06
 Reference value :  2.96971e-06
 Reference value :  2.96983e-06
 Reference value :  2.96995e-06
 Reference value :  2.97000e-06
 Reference value :  2.97001e-06
 Reference value :  2.97002e-06
 Reference value :  2.97004e-06
 Reference value :  2.97011e-06
 Reference value :  2.97019e-06
 Reference value :  2.97023e-06
 Reference value :  2.97031e-06
 Reference value :  2.97043e-06
 Reference value :  2.97055e-06
 Reference value :  2.97067e-06
 Reference value :  2.97079e-06
 Reference value :  2.97091e-06
 Reference value :  2.97103e-06
 Reference value :  2.97115e-06
 Reference value :  2.97127e-06
 Reference value :  2.97139e-06
 Reference value :  2.97151e-06
 Reference value :  2.97163e-06
 Reference value :  2.97175e-06
 Reference value :  2.97187e-06
 Reference value :  2.97197e-06
 Reference value :  2.97200e-06
 Reference value :  2.97201e-06
 Reference value :  2.97203e-06
 Reference value :  2.97207e-06
 Reference value :  2.97215e-06
 Reference value :  2.97223e-06
 Reference value :  2.97231e-06
 Reference value :  2.97239e-06
 Reference value :  2.97247e-06
 Reference value :  2.97251e-06
 Reference value :  2.97259e-06
 Reference value :  2.97267e-06
 Reference value :  2.97275e-06
 Reference value :  2.97283e-06
 Reference value :  2.97291e-06
 Reference value :  2.97299e-06
 Reference value :  2.97311e-06
 Reference value :  2.97323e-06
 Reference value :  2.97335e-06
 Reference value :  2.97347e-06
 Reference value :  2.97359e-06
 Reference value :  2.97371e-06
 Reference value :  2.97383e-06
 Reference value :  2.97391e-06
 Reference value :  2.97400e-06
 Reference value :  2.97401e-06
 Reference value :  2.97402e-06
 Reference value :  2.97404e-06
 Reference value :  2.97411e-06
 Reference value :  2.97419e-06
 Reference value :  2.97427e-06
 Reference value :  2.97435e-06
 Reference value :  2.97447e-06
 Reference value :  2.97459e-06
 Reference value :  2.97471e-06
 Reference value :  2.97483e-06
 Reference value :  2.97495e-06
 Reference value :  2.97507e-06
 Reference value :  2.97519e-06
 Reference value :  2.97531e-06
 Reference value :  2.97543e-06
 Reference value :  2.97555e-06
 Reference value :  2.97567e-06
 Reference value :  2.97579e-06
 Reference value :  2.97591e-06
 Reference value :  2.97600e-06
 Reference value :  2.97601e-06
 Reference value :  2.97602e-06
 Reference value :  2.97604e-06
 Reference value :  2.97611e-06
 Reference value :  2.97619e-06
 Reference value :  2.97627e-06
 Reference value :  2.97635e-06
 Reference value :  2.97643e-06
 Reference value :  2.97647e-06
 Reference value :  2.97651e-06
 Reference value :  2.97659e-06
 Reference value :  2.97671e-06
 Reference value :  2.97683e-06
 Reference value :  2.97695e-06
 Reference value :  2.97707e-06
 Reference value :  2.97719e-06
 Reference value :  2.97731e-06
 Reference value :  2.97743e-06
 Reference value :  2.97755e-06
 Reference value :  2.97763e-06
 Reference value :  2.97775e-06
 Reference value :  2.97787e-06
 Reference value :  2.97797e-06
 Reference value :  2.97800e-06
 Reference value :  2.97801e-06
 Reference value :  2.97803e-06
 Reference value :  2.97807e-06
 Reference value :  2.97815e-06
 Reference value :  2.97819e-06
 Reference value :  2.97827e-06
 Reference value :  2.97839e-06
 Reference value :  2.97851e-06
 Reference value :  2.97863e-06
 Reference value :  2.97875e-06
 Reference value :  2.97887e-06
 Reference value :  2.97899e-06
 Reference value :  2.97911e-06
 Reference value :  2.97923e-06
 Reference value :  2.97935e-06
 Reference value :  2.97947e-06
 Reference value :  2.97959e-06
 Reference value :  2.97971e-06
 Reference value :  2.97983e-06
 Reference value :  2.97995e-06
 Reference value :  2.98000e-06
 Reference value :  2.98001e-06
 Reference value :  2.98002e-06
 Reference value :  2.98004e-06
 Reference value :  2.98011e-06
 Reference value :  2.98019e-06
 Reference value :  2.98027e-06
 Reference value :  2.98035e-06
 Reference value :  2.98039e-06
 Reference value :  2.98047e-06
 Reference value :  2.98055e-06
 Reference value :  2.98063e-06
 Reference value :  2.98071e-06
 Reference value :  2.98079e-06
 Reference value :  2.98087e-06
 Reference value :  2.98095e-06
 Reference value :  2.98103e-06
 Reference value :  2.98111e-06
 Reference value :  2.98119e-06
 Reference value :  2.98131e-06
 Reference value :  2.98143e-06
 Reference value :  2.98155e-06
 Reference value :  2.98167e-06
 Reference value :  2.98179e-06
 Reference value :  2.98191e-06
 Reference value :  2.98200e-06
 Reference value :  2.98201e-06
 Reference value :  2.98202e-06
 Reference value :  2.98204e-06
 Reference value :  2.98211e-06
 Reference value :  2.98219e-06
 Reference value :  2.98227e-06
 Reference value :  2.98235e-06
 Reference value :  2.98247e-06
 Reference value :  2.98259e-06
 Reference value :  2.98271e-06
 Reference value :  2.98283e-06
 Reference value :  2.98295e-06
 Reference value :  2.98307e-06
 Reference value :  2.98319e-06
 Reference value :  2.98331e-06
 Reference value :  2.98343e-06
 Reference value :  2.98355e-06
 Reference value :  2.98367e-06
 Reference value :  2.98379e-06
 Reference value :  2.98391e-06
 Reference value :  2.98400e-06
 Reference value :  2.98401e-06
 Reference value :  2.98402e-06
 Reference value :  2.98404e-06
 Reference value :  2.98411e-06
 Reference value :  2.98419e-06
 Reference value :  2.98427e-06
 Reference value :  2.98435e-06
 Reference value :  2.98443e-06
 Reference value :  2.98447e-06
 Reference value :  2.98451e-06
 Reference value :  2.98459e-06
 Reference value :  2.98467e-06
 Reference value :  2.98479e-06
 Reference value :  2.98491e-06
 Reference value :  2.98503e-06
 Reference value :  2.98515e-06
 Reference value :  2.98527e-06
 Reference value :  2.98539e-06
 Reference value :  2.98551e-06
 Reference value :  2.98563e-06
 Reference value :  2.98575e-06
 Reference value :  2.98587e-06
 Reference value :  2.98597e-06
 Reference value :  2.98600e-06
 Reference value :  2.98601e-06
 Reference value :  2.98603e-06
 Reference value :  2.98607e-06
 Reference value :  2.98615e-06
 Reference value :  2.98619e-06
 Reference value :  2.98623e-06
 Reference value :  2.98631e-06
 Reference value :  2.98643e-06
 Reference value :  2.98655e-06
 Reference value :  2.98667e-06
 Reference value :  2.98679e-06
 Reference value :  2.98691e-06
 Reference value :  2.98703e-06
 Reference value :  2.98715e-06
 Reference value :  2.98727e-06
 Reference value :  2.98739e-06
 Reference value :  2.98751e-06
 Reference value :  2.98763e-06
 Reference value :  2.98775e-06
 Reference value :  2.98787e-06
 Reference value :  2.98797e-06
 Reference value :  2.98800e-06
 Reference value :  2.98801e-06
 Reference value :  2.98803e-06
 Reference value :  2.98807e-06
 Reference value :  2.98815e-06
 Reference value :  2.98823e-06
 Reference value :  2.98831e-06
 Reference value :  2.98839e-06
 Reference value :  2.98847e-06
 Reference value :  2.98855e-06
 Reference value :  2.98863e-06
 Reference value :  2.98867e-06
 Reference value :  2.98875e-06
 Reference value :  2.98883e-06
 Reference value :  2.98891e-06
 Reference value :  2.98903e-06
 Reference value :  2.98915e-06
 Reference value :  2.98927e-06
 Reference value :  2.98939e-06
 Reference value :  2.98951e-06
 Reference value :  2.98963e-06
 Reference value :  2.98975e-06
 Reference value :  2.98987e-06
 Reference value :  2.98997e-06
 Reference value :  2.99000e-06
 Reference value :  2.99001e-06
 Reference value :  2.99003e-06
 Reference value :  2.99007e-06
 Reference value :  2.99015e-06
 Reference value :  2.99023e-06
 Reference value :  2.99031e-06
 Reference value :  2.99043e-06
 Reference value :  2.99055e-06
 Reference value :  2.99067e-06
 Reference value :  2.99075e-06
 Reference value :  2.99087e-06
 Reference value :  2.99099e-06
 Reference value :  2.99111e-06
 Reference value :  2.99123e-06
 Reference value :  2.99135e-06
 Reference value :  2.99147e-06
 Reference value :  2.99159e-06
 Reference value :  2.99171e-06
 Reference value :  2.99183e-06
 Reference value :  2.99195e-06
 Reference value :  2.99200e-06
 Reference value :  2.99201e-06
 Reference value :  2.99202e-06
 Reference value :  2.99207e-06
 Reference value :  2.99215e-06
 Reference value :  2.99223e-06
 Reference value :  2.99231e-06
 Reference value :  2.99239e-06
 Reference value :  2.99247e-06
 Reference value :  2.99251e-06
 Reference value :  2.99259e-06
 Reference value :  2.99271e-06
 Reference value :  2.99283e-06
 Reference value :  2.99295e-06
 Reference value :  2.99307e-06
 Reference value :  2.99319e-06
 Reference value :  2.99331e-06
 Reference value :  2.99343e-06
 Reference value :  2.99355e-06
 Reference value :  2.99367e-06
 Reference value :  2.99379e-06
 Reference value :  2.99391e-06
 Reference value :  2.99400e-06
 Reference value :  2.99400e-06
 Reference value :  2.99401e-06
 Reference value :  2.99403e-06
 Reference value :  2.99407e-06
 Reference value :  2.99415e-06
 Reference value :  2.99419e-06
 Reference value :  2.99427e-06
 Reference value :  2.99439e-06
 Reference value :  2.99451e-06
 Reference value :  2.99463e-06
 Reference value :  2.99475e-06
 Reference value :  2.99487e-06
 Reference value :  2.99499e-06
 Reference value :  2.99511e-06
 Reference value :  2.99523e-06
 Reference value :  2.99535e-06
 Reference value :  2.99547e-06
 Reference value :  2.99559e-06
 Reference value :  2.99571e-06
 Reference value :  2.99583e-06
 Reference value :  2.99595e-06
 Reference value :  2.99600e-06
 Reference value :  2.99601e-06
 Reference value :  2.99602e-06
 Reference value :  2.99604e-06
 Reference value :  2.99611e-06
 Reference value :  2.99619e-06
 Reference value :  2.99627e-06
 Reference value :  2.99635e-06
 Reference value :  2.99643e-06
 Reference value :  2.99651e-06
 Reference value :  2.99659e-06
 Reference value :  2.99667e-06
 Reference value :  2.99675e-06
 Reference value :  2.99683e-06
 Reference value :  2.99691e-06
 Reference value :  2.99699e-06
 Reference value :  2.99707e-06
 Reference value :  2.99719e-06
 Reference value :  2.99731e-06
 Reference value :  2.99743e-06
 Reference value :  2.99751e-06
 Reference value :  2.99763e-06
 Reference value :  2.99775e-06
 Reference value :  2.99787e-06
 Reference value :  2.99797e-06
 Reference value :  2.99800e-06
 Reference value :  2.99801e-06
 Reference value :  2.99803e-06
 Reference value :  2.99807e-06
 Reference value :  2.99815e-06
 Reference value :  2.99823e-06
 Reference value :  2.99831e-06
 Reference value :  2.99843e-06
 Reference value :  2.99855e-06
 Reference value :  2.99867e-06
 Reference value :  2.99879e-06
 Reference value :  2.99891e-06
 Reference value :  2.99903e-06
 Reference value :  2.99915e-06
 Reference value :  2.99927e-06
 Reference value :  2.99939e-06
 Reference value :  2.99951e-06
 Reference value :  2.99963e-06
 Reference value :  2.99975e-06
 Reference value :  2.99987e-06
 Reference value :  2.99997e-06
 Reference value :  3.00000e-06
 Reference value :  3.00001e-06
 Reference value :  3.00003e-06
 Reference value :  3.00007e-06
 Reference value :  3.00015e-06
 Reference value :  3.00023e-06
 Reference value :  3.00031e-06
 Reference value :  3.00039e-06
 Reference value :  3.00043e-06
 Reference value :  3.00047e-06
 Reference value :  3.00051e-06
 Reference value :  3.00059e-06
 Reference value :  3.00071e-06
 Reference value :  3.00083e-06
 Reference value :  3.00095e-06
 Reference value :  3.00107e-06
 Reference value :  3.00119e-06
 Reference value :  3.00131e-06
 Reference value :  3.00143e-06
 Reference value :  3.00155e-06
 Reference value :  3.00167e-06
 Reference value :  3.00179e-06
 Reference value :  3.00191e-06
 Reference value :  3.00200e-06
 Reference value :  3.00201e-06
 Reference value :  3.00202e-06
 Reference value :  3.00204e-06
 Reference value :  3.00211e-06
 Reference value :  3.00219e-06
 Reference value :  3.00227e-06
 Reference value :  3.00239e-06
 Reference value :  3.00247e-06
 Reference value :  3.00259e-06
 Reference value :  3.00271e-06
 Reference value :  3.00283e-06
 Reference value :  3.00295e-06
 Reference value :  3.00307e-06
 Reference value :  3.00319e-06
 Reference value :  3.00331e-06
 Reference value :  3.00343e-06
 Reference value :  3.00355e-06
 Reference value :  3.00367e-06
 Reference value :  3.00379e-06
 Reference value :  3.00391e-06
 Reference value :  3.00400e-06
 Reference value :  3.00401e-06
 Reference value :  3.00402e-06
 Reference value :  3.00404e-06
 Reference value :  3.00411e-06
 Reference value :  3.00419e-06
 Reference value :  3.00427e-06
 Reference value :  3.00435e-06
 Reference value :  3.00439e-06
 Reference value :  3.00447e-06
 Reference value :  3.00455e-06
 Reference value :  3.00467e-06
 Reference value :  3.00475e-06
 Reference value :  3.00479e-06
 Reference value :  3.00487e-06
 Reference value :  3.00495e-06
 Reference value :  3.00507e-06
 Reference value :  3.00519e-06
 Reference value :  3.00531e-06
 Reference value :  3.00543e-06
 Reference value :  3.00555e-06
 Reference value :  3.00567e-06
 Reference value :  3.00579e-06
 Reference value :  3.00591e-06
 Reference value :  3.00600e-06
 Reference value :  3.00601e-06
 Reference value :  3.00602e-06
 Reference value :  3.00604e-06
 Reference value :  3.00611e-06
 Reference value :  3.00619e-06
 Reference value :  3.00627e-06
 Reference value :  3.00639e-06
 Reference value :  3.00651e-06
 Reference value :  3.00663e-06
 Reference value :  3.00675e-06
 Reference value :  3.00687e-06
 Reference value :  3.00699e-06
 Reference value :  3.00715e-06
 Reference value :  3.00727e-06
 Reference value :  3.00739e-06
 Reference value :  3.00755e-06
 Reference value :  3.00771e-06
 Reference value :  3.00779e-06
 Reference value :  3.00795e-06
 Reference value :  3.00800e-06
 Reference value :  3.00801e-06
 Reference value :  3.00802e-06
 Reference value :  3.00807e-06
 Reference value :  3.00815e-06
 Reference value :  3.00823e-06
 Reference value :  3.00831e-06
 Reference value :  3.00839e-06
 Reference value :  3.00847e-06
 Reference value :  3.00851e-06
 Reference value :  3.00859e-06
 Reference value :  3.00871e-06
 Reference value :  3.00883e-06
 Reference value :  3.00895e-06
 Reference value :  3.00907e-06
 Reference value :  3.00919e-06
 Reference value :  3.00927e-06
 Reference value :  3.00939e-06
 Reference value :  3.00951e-06
 Reference value :  3.00963e-06
 Reference value :  3.00975e-06
 Reference value :  3.00987e-06
 Reference value :  3.00997e-06
 Reference value :  3.01000e-06
 Reference value :  3.01001e-06
 Reference value :  3.01003e-06
 Reference value :  3.01011e-06
 Reference value :  3.01019e-06
 Reference value :  3.01027e-06
 Reference value :  3.01039e-06
 Reference value :  3.01051e-06
 Reference value :  3.01063e-06
 Reference value :  3.01075e-06
 Reference value :  3.01087e-06
 Reference value :  3.01103e-06
 Reference value :  3.01115e-06
 Reference value :  3.01127e-06
 Reference value :  3.01135e-06
 Reference value :  3.01147e-06
 Reference value :  3.01159e-06
 Reference value :  3.01171e-06
 Reference value :  3.01187e-06
 Reference value :  3.01197e-06
 Reference value :  3.01201e-06
 Reference value :  3.01202e-06
 Reference value :  3.01207e-06
 Reference value :  3.01215e-06
 Reference value :  3.01227e-06
 Reference value :  3.01239e-06
 Reference value :  3.01251e-06
 Reference value :  3.01263e-06
 Reference value :  3.01271e-06
 Reference value :  3.01279e-06
 Reference value :  3.01287e-06
 Reference value :  3.01295e-06
 Reference value :  3.01303e-06
 Reference value :  3.01311e-06
 Reference value :  3.01319e-06
 Reference value :  3.01327e-06
 Reference value :  3.01339e-06
 Reference value :  3.01351e-06
 Reference value :  3.01363e-06
 Reference value :  3.01379e-06
 Reference value :  3.01395e-06
 Reference value :  3.01400e-06
 Reference value :  3.01401e-06
 Reference value :  3.01404e-06
 Reference value :  3.01411e-06
 Reference value :  3.01419e-06
 Reference value :  3.01427e-06
 Reference value :  3.01439e-06
 Reference value :  3.01451e-06
 Reference value :  3.01463e-06
 Reference value :  3.01479e-06
 Reference value :  3.01491e-06
 Reference value :  3.01503e-06
 Reference value :  3.01515e-06
 Reference value :  3.01523e-06
 Reference value :  3.01535e-06
 Reference value :  3.01547e-06
 Reference value :  3.01563e-06
 Reference value :  3.01579e-06
 Reference value :  3.01591e-06
 Reference value :  3.01600e-06
 Reference value :  3.01601e-06
 Reference value :  3.01602e-06
 Reference value :  3.01604e-06
 Reference value :  3.01611e-06
 Reference value :  3.01619e-06
 Reference value :  3.01627e-06
 Reference value :  3.01635e-06
 Reference value :  3.01643e-06
 Reference value :  3.01651e-06
 Reference value :  3.01659e-06
 Reference value :  3.01671e-06
 Reference value :  3.01683e-06
 Reference value :  3.01691e-06
 Reference value :  3.01703e-06
 Reference value :  3.01715e-06
 Reference value :  3.01727e-06
 Reference value :  3.01739e-06
 Reference value :  3.01751e-06
 Reference value :  3.01763e-06
 Reference value :  3.01775e-06
 Reference value :  3.01787e-06
 Reference value :  3.01797e-06
 Reference value :  3.01800e-06
 Reference value :  3.01801e-06
 Reference value :  3.01803e-06
 Reference value :  3.01807e-06
 Reference value :  3.01815e-06
 Reference value :  3.01819e-06
 Reference value :  3.01827e-06
 Reference value :  3.01839e-06
 Reference value :  3.01851e-06
 Reference value :  3.01863e-06
 Reference value :  3.01871e-06
 Reference value :  3.01883e-06
 Reference value :  3.01891e-06
 Reference value :  3.01899e-06
 Reference value :  3.01911e-06
 Reference value :  3.01923e-06
 Reference value :  3.01935e-06
 Reference value :  3.01943e-06
 Reference value :  3.01955e-06
 Reference value :  3.01963e-06
 Reference value :  3.01975e-06
 Reference value :  3.01983e-06
 Reference value :  3.01991e-06
 Reference value :  3.01997e-06
 Reference value :  3.02000e-06
 Reference value :  3.02001e-06
 Reference value :  3.02002e-06
 Reference value :  3.02004e-06
 Reference value :  3.02007e-06
 Reference value :  3.02015e-06
 Reference value :  3.02023e-06
 Reference value :  3.02031e-06
 Reference value :  3.02039e-06
 Reference value :  3.02047e-06
 Reference value :  3.02055e-06
 Reference value :  3.02063e-06
 Reference value :  3.02067e-06
 Reference value :  3.02071e-06
 Reference value :  3.02079e-06
 Reference value :  3.02083e-06
 Reference value :  3.02091e-06
 Reference value :  3.02099e-06
 Reference value :  3.02111e-06
 Reference value :  3.02123e-06
 Reference value :  3.02135e-06
 Reference value :  3.02143e-06
 Reference value :  3.02151e-06
 Reference value :  3.02163e-06
 Reference value :  3.02175e-06
 Reference value :  3.02183e-06
 Reference value :  3.02191e-06
 Reference value :  3.02197e-06
 Reference value :  3.02200e-06
 Reference value :  3.02201e-06
 Reference value :  3.02203e-06
 Reference value :  3.02207e-06
 Reference value :  3.02215e-06
 Reference value :  3.02223e-06
 Reference value :  3.02231e-06
 Reference value :  3.02243e-06
 Reference value :  3.02255e-06
 Reference value :  3.02267e-06
 Reference value :  3.02279e-06
 Reference value :  3.02291e-06
 Reference value :  3.02303e-06
 Reference value :  3.02319e-06
 Reference value :  3.02339e-06
 Reference value :  3.02351e-06
 Reference value :  3.02363e-06
 Reference value :  3.02375e-06
 Reference value :  3.02387e-06
 Reference value :  3.02395e-06
 Reference value :  3.02400e-06
 Reference value :  3.02401e-06
 Reference value :  3.02401e-06
 Reference value :  3.02403e-06
 Reference value :  3.02407e-06
 Reference value :  3.02415e-06
 Reference value :  3.02423e-06
 Reference value :  3.02427e-06
 Reference value :  3.02435e-06
 Reference value :  3.02439e-06
 Reference value :  3.02447e-06
 Reference value :  3.02451e-06
 Reference value :  3.02459e-06
 Reference value :  3.02471e-06
 Reference value :  3.02483e-06
 Reference value :  3.02495e-06
 Reference value :  3.02503e-06
 Reference value :  3.02511e-06
 Reference value :  3.02523e-06
 Reference value :  3.02531e-06
 Reference value :  3.02539e-06
 Reference value :  3.02551e-06
 Reference value :  3.02563e-06
 Reference value :  3.02575e-06
 Reference value :  3.02587e-06
 Reference value :  3.02597e-06
 Reference value :  3.02600e-06
 Reference value :  3.02601e-06
 Reference value :  3.02603e-06
 Reference value :  3.02607e-06
 Reference value :  3.02615e-06
 Reference value :  3.02619e-06
 Reference value :  3.02623e-06
 Reference value :  3.02631e-06
 Reference value :  3.02643e-06
 Reference value :  3.02651e-06
 Reference value :  3.02659e-06
 Reference value :  3.02671e-06
 Reference value :  3.02683e-06
 Reference value :  3.02695e-06
 Reference value :  3.02707e-06
 Reference value :  3.02719e-06
 Reference value :  3.02731e-06
 Reference value :  3.02743e-06
 Reference value :  3.02755e-06
 Reference value :  3.02767e-06
 Reference value :  3.02779e-06
 Reference value :  3.02791e-06
 Reference value :  3.02800e-06
 Reference value :  3.02801e-06
 Reference value :  3.02802e-06
 Reference value :  3.02804e-06
 Reference value :  3.02811e-06
 Reference value :  3.02819e-06
 Reference value :  3.02827e-06
 Reference value :  3.02835e-06
 Reference value :  3.02843e-06
 Reference value :  3.02851e-06
 Reference value :  3.02859e-06
 Reference value :  3.02867e-06
 Reference value :  3.02875e-06
 Reference value :  3.02883e-06
 Reference value :  3.02891e-06
 Reference value :  3.02899e-06
 Reference value :  3.02907e-06
 Reference value :  3.02919e-06
 Reference value :  3.02931e-06
 Reference value :  3.02943e-06
 Reference value :  3.02955e-06
 Reference value :  3.02963e-06
 Reference value :  3.02975e-06
 Reference value :  3.02983e-06
 Reference value :  3.02995e-06
 Reference value :  3.03000e-06
 Reference value :  3.03001e-06
 Reference value :  3.03002e-06
 Reference value :  3.03007e-06
 Reference value :  3.03015e-06
 Reference value :  3.03023e-06
 Reference value :  3.03031e-06
 Reference value :  3.03043e-06
 Reference value :  3.03055e-06
 Reference value :  3.03067e-06
 Reference value :  3.03079e-06
 Reference value :  3.03091e-06
 Reference value :  3.03103e-06
 Reference value :  3.03115e-06
 Reference value :  3.03127e-06
 Reference value :  3.03139e-06
 Reference value :  3.03151e-06
 Reference value :  3.03163e-06
 Reference value :  3.03175e-06
 Reference value :  3.03187e-06
 Reference value :  3.03197e-06
 Reference value :  3.03200e-06
 Reference value :  3.03201e-06
 Reference value :  3.03202e-06
 Reference value :  3.03204e-06
 Reference value :  3.03211e-06
 Reference value :  3.03219e-06
 Reference value :  3.03227e-06
 Reference value :  3.03235e-06
 Reference value :  3.03243e-06
 Reference value :  3.03251e-06
 Reference value :  3.03259e-06
 Reference value :  3.03271e-06
 Reference value :  3.03283e-06
 Reference value :  3.03295e-06
 Reference value :  3.03303e-06
 Reference value :  3.03315e-06
 Reference value :  3.03327e-06
 Reference value :  3.03339e-06
 Reference value :  3.03347e-06
 Reference value :  3.03367e-06
 Reference value :  3.03379e-06
 Reference value :  3.03387e-06
 Reference value :  3.03397e-06
 Reference value :  3.03400e-06
 Reference value :  3.03401e-06
 Reference value :  3.03402e-06
 Reference value :  3.03404e-06
 Reference value :  3.03411e-06
 Reference value :  3.03419e-06
 Reference value :  3.03423e-06
 Reference value :  3.03431e-06
 Reference value :  3.03443e-06
 Reference value :  3.03451e-06
 Reference value :  3.03459e-06
 Reference value :  3.03471e-06
 Reference value :  3.03479e-06
 Reference value :  3.03491e-06
 Reference value :  3.03499e-06
 Reference value :  3.03507e-06
 Reference value :  3.03515e-06
 Reference value :  3.03523e-06
 Reference value :  3.03531e-06
 Reference value :  3.03543e-06
 Reference value :  3.03551e-06
 Reference value :  3.03559e-06
 Reference value :  3.03567e-06
 Reference value :  3.03579e-06
 Reference value :  3.03591e-06
 Reference value :  3.03600e-06
 Reference value :  3.03601e-06
 Reference value :  3.03602e-06
 Reference value :  3.03604e-06
 Reference value :  3.03607e-06
 Reference value :  3.03615e-06
 Reference value :  3.03623e-06
 Reference value :  3.03631e-06
 Reference value :  3.03639e-06
 Reference value :  3.03647e-06
 Reference value :  3.03651e-06
 Reference value :  3.03659e-06
 Reference value :  3.03667e-06
 Reference value :  3.03675e-06
 Reference value :  3.03683e-06
 Reference value :  3.03691e-06
 Reference value :  3.03699e-06
 Reference value :  3.03711e-06
 Reference value :  3.03723e-06
 Reference value :  3.03735e-06
 Reference value :  3.03747e-06
 Reference value :  3.03759e-06
 Reference value :  3.03767e-06
 Reference value :  3.03779e-06
 Reference value :  3.03791e-06
 Reference value :  3.03800e-06
 Reference value :  3.03800e-06
 Reference value :  3.03801e-06
 Reference value :  3.03802e-06
 Reference value :  3.03807e-06
 Reference value :  3.03815e-06
 Reference value :  3.03823e-06
 Reference value :  3.03831e-06
 Reference value :  3.03843e-06
 Reference value :  3.03855e-06
 Reference value :  3.03867e-06
 Reference value :  3.03879e-06
 Reference value :  3.03891e-06
 Reference value :  3.03903e-06
 Reference value :  3.03915e-06
 Reference value :  3.03927e-06
 Reference value :  3.03939e-06
 Reference value :  3.03951e-06
 Reference value :  3.03959e-06
 Reference value :  3.03971e-06
 Reference value :  3.03983e-06
 Reference value :  3.03995e-06
 Reference value :  3.04000e-06
 Reference value :  3.04001e-06
 Reference value :  3.04001e-06
 Reference value :  3.04003e-06
 Reference value :  3.04007e-06
 Reference value :  3.04015e-06
 Reference value :  3.04023e-06
 Reference value :  3.04027e-06
 Reference value :  3.04035e-06
 Reference value :  3.04043e-06
 Reference value :  3.04047e-06
 Reference value :  3.04051e-06
 Reference value :  3.04059e-06
 Reference value :  3.04071e-06
 Reference value :  3.04083e-06
 Reference value :  3.04095e-06
 Reference value :  3.04107e-06
 Reference value :  3.04119e-06
 Reference value :  3.04127e-06
 Reference value :  3.04139e-06
 Reference value :  3.04151e-06
 Reference value :  3.04163e-06
 Reference value :  3.04175e-06
 Reference value :  3.04187e-06
 Reference value :  3.04197e-06
 Reference value :  3.04200e-06
 Reference value :  3.04201e-06
 Reference value :  3.04203e-06
 Reference value :  3.04207e-06
 Reference value :  3.04215e-06
 Reference value :  3.04219e-06
 Reference value :  3.04223e-06
 Reference value :  3.04231e-06
 Reference value :  3.04243e-06
 Reference value :  3.04255e-06
 Reference value :  3.04263e-06
 Reference value :  3.04275e-06
 Reference value :  3.04287e-06
 Reference value :  3.04299e-06
 Reference value :  3.04311e-06
 Reference value :  3.04319e-06
 Reference value :  3.04331e-06
 Reference value :  3.04339e-06
 Reference value :  3.04351e-06
 Reference value :  3.04363e-06
 Reference value :  3.04375e-06
 Reference value :  3.04387e-06
 Reference value :  3.04397e-06
 Reference value :  3.04400e-06
 Reference value :  3.04401e-06
 Reference value :  3.04402e-06
 Reference value :  3.04404e-06
 Reference value :  3.04411e-06
 Reference value :  3.04419e-06
 Reference value :  3.04427e-06
 Reference value :  3.04435e-06
 Reference value :  3.04439e-06
 Reference value :  3.04447e-06
 Reference value :  3.04455e-06
 Reference value :  3.04463e-06
 Reference value :  3.04471e-06
 Reference value :  3.04479e-06
 Reference value :  3.04487e-06
 Reference value :  3.04495e-06
 Reference value :  3.04503e-06
 Reference value :  3.04511e-06
 Reference value :  3.04519e-06
 Reference value :  3.04531e-06
 Reference value :  3.04539e-06
 Reference value :  3.04551e-06
 Reference value :  3.04563e-06
 Reference value :  3.04575e-06
 Reference value :  3.04587e-06
 Reference value :  3.04597e-06
 Reference value :  3.04600e-06
 Reference value :  3.04601e-06
 Reference value :  3.04602e-06
 Reference value :  3.04603e-06
 Reference value :  3.04607e-06
 Reference value :  3.04615e-06
 Reference value :  3.04623e-06
 Reference value :  3.04631e-06
 Reference value :  3.04643e-06
 Reference value :  3.04655e-06
 Reference value :  3.04667e-06
 Reference value :  3.04679e-06
 Reference value :  3.04691e-06
 Reference value :  3.04703e-06
 Reference value :  3.04715e-06
 Reference value :  3.04727e-06
 Reference value :  3.04739e-06
 Reference value :  3.04751e-06
 Reference value :  3.04763e-06
 Reference value :  3.04771e-06
 Reference value :  3.04779e-06
 Reference value :  3.04791e-06
 Reference value :  3.04800e-06
 Reference value :  3.04801e-06
 Reference value :  3.04802e-06
 Reference value :  3.04804e-06
 Reference value :  3.04811e-06
 Reference value :  3.04819e-06
 Reference value :  3.04827e-06
 Reference value :  3.04835e-06
 Reference value :  3.04843e-06
 Reference value :  3.04847e-06
 Reference value :  3.04851e-06
 Reference value :  3.04859e-06
 Reference value :  3.04871e-06
 Reference value :  3.04883e-06
 Reference value :  3.04895e-06
 Reference value :  3.04907e-06
 Reference value :  3.04919e-06
 Reference value :  3.04931e-06
 Reference value :  3.04939e-06
 Reference value :  3.04951e-06
 Reference value :  3.04963e-06
 Reference value :  3.04975e-06
 Reference value :  3.04987e-06
 Reference value :  3.04997e-06
 Reference value :  3.05000e-06
 Reference value :  3.05001e-06
 Reference value :  3.05002e-06
 Reference value :  3.05007e-06
 Reference value :  3.05015e-06
 Reference value :  3.05019e-06
 Reference value :  3.05027e-06
 Reference value :  3.05039e-06
 Reference value :  3.05051e-06
 Reference value :  3.05063e-06
 Reference value :  3.05075e-06
 Reference value :  3.05087e-06
 Reference value :  3.05099e-06
 Reference value :  3.05107e-06
 Reference value :  3.05119e-06
 Reference value :  3.05131e-06
 Reference value :  3.05143e-06
 Reference value :  3.05155e-06
 Reference value :  3.05163e-06
 Reference value :  3.05175e-06
 Reference value :  3.05187e-06
 Reference value :  3.05197e-06
 Reference value :  3.05200e-06
 Reference value :  3.05201e-06
 Reference value :  3.05204e-06
 Reference value :  3.05207e-06
 Reference value :  3.05215e-06
 Reference value :  3.05223e-06
 Reference value :  3.05231e-06
 Reference value :  3.05239e-06
 Reference value :  3.05247e-06
 Reference value :  3.05255e-06
 Reference value :  3.05263e-06
 Reference value :  3.05267e-06
 Reference value :  3.05275e-06
 Reference value :  3.05283e-06
 Reference value :  3.05291e-06
 Reference value :  3.05299e-06
 Reference value :  3.05307e-06
 Reference value :  3.05319e-06
 Reference value :  3.05327e-06
 Reference value :  3.05335e-06
 Reference value :  3.05343e-06
 Reference value :  3.05351e-06
 Reference value :  3.05363e-06
 Reference value :  3.05375e-06
 Reference value :  3.05383e-06
 Reference value :  3.05391e-06
 Reference value :  3.05397e-06
 Reference value :  3.05401e-06
 Reference value :  3.05402e-06
 Reference value :  3.05404e-06
 Reference value :  3.05411e-06
 Reference value :  3.05415e-06
 Reference value :  3.05423e-06
 Reference value :  3.05431e-06
 Reference value :  3.05443e-06
 Reference value :  3.05455e-06
 Reference value :  3.05467e-06
 Reference value :  3.05479e-06
 Reference value :  3.05491e-06
 Reference value :  3.05503e-06
 Reference value :  3.05515e-06
 Reference value :  3.05523e-06
 Reference value :  3.05535e-06
 Reference value :  3.05547e-06
 Reference value :  3.05559e-06
 Reference value :  3.05571e-06
 Reference value :  3.05579e-06
 Reference value :  3.05587e-06
 Reference value :  3.05595e-06
 Reference value :  3.05600e-06
 Reference value :  3.05601e-06
 Reference value :  3.05602e-06
 Reference value :  3.05603e-06
 Reference value :  3.05607e-06
 Reference value :  3.05615e-06
 Reference value :  3.05623e-06
 Reference value :  3.05631e-06
 Reference value :  3.05639e-06
 Reference value :  3.05647e-06
 Reference value :  3.05655e-06
 Reference value :  3.05667e-06
 Reference value :  3.05679e-06
 Reference value :  3.05691e-06
 Reference value :  3.05699e-06
 Reference value :  3.05711e-06
 Reference value :  3.05719e-06
 Reference value :  3.05731e-06
 Reference value :  3.05739e-06
 Reference value :  3.05747e-06
 Reference value :  3.05759e-06
 Reference value :  3.05767e-06
 Reference value :  3.05779e-06
 Reference value :  3.05791e-06
 Reference value :  3.05800e-06
 Reference value :  3.05801e-06
 Reference value :  3.05801e-06
 Reference value :  3.05803e-06
 Reference value :  3.05807e-06
 Reference value :  3.05815e-06
 Reference value :  3.05819e-06
 Reference value :  3.05823e-06
 Reference value :  3.05831e-06
 Reference value :  3.05843e-06
 Reference value :  3.05855e-06
 Reference value :  3.05867e-06
 Reference value :  3.05879e-06
 Reference value :  3.05891e-06
 Reference value :  3.05903e-06
 Reference value :  3.05915e-06
 Reference value :  3.05927e-06
 Reference value :  3.05939e-06
 Reference value :  3.05951e-06
 Reference value :  3.05963e-06
 Reference value :  3.05971e-06
 Reference value :  3.05983e-06
 Reference value :  3.05995e-06
 Reference value :  3.06000e-06
 Reference value :  3.06001e-06
 Reference value :  3.06003e-06
 Reference value :  3.06007e-06
 Reference value :  3.06015e-06
 Reference value :  3.06023e-06
 Reference value :  3.06031e-06
 Reference value :  3.06039e-06
 Reference value :  3.06047e-06
 Reference value :  3.06055e-06
 Reference value :  3.06063e-06
 Reference value :  3.06071e-06
 Reference value :  3.06079e-06
 Reference value :  3.06087e-06
 Reference value :  3.06091e-06
 Reference value :  3.06099e-06
 Reference value :  3.06107e-06
 Reference value :  3.06115e-06
 Reference value :  3.06123e-06
 Reference value :  3.06131e-06
 Reference value :  3.06139e-06
 Reference value :  3.06151e-06
 Reference value :  3.06163e-06
 Reference value :  3.06175e-06
 Reference value :  3.06187e-06
 Reference value :  3.06195e-06
 Reference value :  3.06200e-06
 Reference value :  3.06201e-06
 Reference value :  3.06202e-06
 Reference value :  3.06204e-06
 Reference value :  3.06211e-06
 Reference value :  3.06219e-06
 Reference value :  3.06227e-06
 Reference value :  3.06235e-06
 Reference value :  3.06247e-06
 Reference value :  3.06259e-06
 Reference value :  3.06271e-06
 Reference value :  3.06283e-06
 Reference value :  3.06295e-06
 Reference value :  3.06307e-06
 Reference value :  3.06319e-06
 Reference value :  3.06331e-06
 Reference value :  3.06339e-06
 Reference value :  3.06347e-06
 Reference value :  3.06359e-06
 Reference value :  3.06371e-06
 Reference value :  3.06383e-06
 Reference value :  3.06395e-06
 Reference value :  3.06400e-06
 Reference value :  3.06401e-06
 Reference value :  3.06402e-06
 Reference value :  3.06407e-06
 Reference value :  3.06415e-06
 Reference value :  3.06423e-06
 Reference value :  3.06427e-06
 Reference value :  3.06435e-06
 Reference value :  3.06443e-06
 Reference value :  3.06447e-06
 Reference value :  3.06455e-06
 Reference value :  3.06463e-06
 Reference value :  3.06475e-06
 Reference value :  3.06487e-06
 Reference value :  3.06499e-06
 Reference value :  3.06511e-06
 Reference value :  3.06523e-06
 Reference value :  3.06535e-06
 Reference value :  3.06547e-06
 Reference value :  3.06555e-06
 Reference value :  3.06563e-06
 Reference value :  3.06575e-06
 Reference value :  3.06587e-06
 Reference value :  3.06595e-06
 Reference value :  3.06600e-06
 Reference value :  3.06601e-06
 Reference value :  3.06602e-06
 Reference value :  3.06604e-06
 Reference value :  3.06611e-06
 Reference value :  3.06619e-06
 Reference value :  3.06623e-06
 Reference value :  3.06631e-06
 Reference value :  3.06639e-06
 Reference value :  3.06651e-06
 Reference value :  3.06663e-06
 Reference value :  3.06675e-06
 Reference value :  3.06683e-06
 Reference value :  3.06695e-06
 Reference value :  3.06703e-06
 Reference value :  3.06715e-06
 Reference value :  3.06727e-06
 Reference value :  3.06739e-06
 Reference value :  3.06751e-06
 Reference value :  3.06759e-06
 Reference value :  3.06771e-06
 Reference value :  3.06779e-06
 Reference value :  3.06791e-06
 Reference value :  3.06800e-06
 Reference value :  3.06801e-06
 Reference value :  3.06804e-06
 Reference value :  3.06811e-06
 Reference value :  3.06819e-06
 Reference value :  3.06827e-06
 Reference value :  3.06835e-06
 Reference value :  3.06839e-06
 Reference value :  3.06847e-06
 Reference value :  3.06855e-06
 Reference value :  3.06863e-06
 Reference value :  3.06871e-06
 Reference value :  3.06879e-06
 Reference value :  3.06883e-06
 Reference value :  3.06891e-06
 Reference value :  3.06899e-06
 Reference value :  3.06907e-06
 Reference value :  3.06915e-06
 Reference value :  3.06927e-06
 Reference value :  3.06939e-06
 Reference value :  3.06951e-06
 Reference value :  3.06963e-06
 Reference value :  3.06975e-06
 Reference value :  3.06987e-06
 Reference value :  3.06997e-06
 Reference value :  3.07000e-06
 Reference value :  3.07001e-06
 Reference value :  3.07002e-06
 Reference value :  3.07007e-06
 Reference value :  3.07015e-06
 Reference value :  3.07023e-06
 Reference value :  3.07031e-06
 Reference value :  3.07043e-06
 Reference value :  3.07055e-06
 Reference value :  3.07067e-06
 Reference value :  3.07075e-06
 Reference value :  3.07083e-06
 Reference value :  3.07095e-06
 Reference value :  3.07103e-06
 Reference value :  3.07111e-06
 Reference value :  3.07123e-06
 Reference value :  3.07135e-06
 Reference value :  3.07147e-06
 Reference value :  3.07159e-06
 Reference value :  3.07171e-06
 Reference value :  3.07183e-06
 Reference value :  3.07195e-06
 Reference value :  3.07200e-06
 Reference value :  3.07200e-06
 Reference value :  3.07201e-06
 Reference value :  3.07202e-06
 Reference value :  3.07203e-06
 Reference value :  3.07207e-06
 Reference value :  3.07215e-06
 Reference value :  3.07223e-06
 Reference value :  3.07227e-06
 Reference value :  3.07235e-06
 Reference value :  3.07243e-06
 Reference value :  3.07247e-06
 Reference value :  3.07251e-06
 Reference value :  3.07259e-06
 Reference value :  3.07267e-06
 Reference value :  3.07279e-06
 Reference value :  3.07291e-06
 Reference value :  3.07303e-06
 Reference value :  3.07315e-06
 Reference value :  3.07327e-06
 Reference value :  3.07339e-06
 Reference value :  3.07347e-06
 Reference value :  3.07355e-06
 Reference value :  3.07367e-06
 Reference value :  3.07379e-06
 Reference value :  3.07391e-06
 Reference value :  3.07400e-06
 Reference value :  3.07400e-06
 Reference value :  3.07401e-06
 Reference value :  3.07402e-06
 Reference value :  3.07404e-06
 Reference value :  3.07411e-06
 Reference value :  3.07419e-06
 Reference value :  3.07423e-06
 Reference value :  3.07431e-06
 Reference value :  3.07443e-06
 Reference value :  3.07455e-06
 Reference value :  3.07467e-06
 Reference value :  3.07479e-06
 Reference value :  3.07491e-06
 Reference value :  3.07499e-06
 Reference value :  3.07511e-06
 Reference value :  3.07523e-06
 Reference value :  3.07535e-06
 Reference value :  3.07547e-06
 Reference value :  3.07559e-06
 Reference value :  3.07567e-06
 Reference value :  3.07579e-06
 Reference value :  3.07591e-06
 Reference value :  3.07600e-06
 Reference value :  3.07601e-06
 Reference value :  3.07602e-06
 Reference value :  3.07603e-06
 Reference value :  3.07607e-06
 Reference value :  3.07615e-06
 Reference value :  3.07623e-06
 Reference value :  3.07631e-06
 Reference value :  3.07639e-06
 Reference value :  3.07647e-06
 Reference value :  3.07651e-06
 Reference value :  3.07659e-06
 Reference value :  3.07667e-06
 Reference value :  3.07675e-06
 Reference value :  3.07683e-06
 Reference value :  3.07691e-06
 Reference value :  3.07699e-06
 Reference value :  3.07703e-06
 Reference value :  3.07711e-06
 Reference value :  3.07719e-06
 Reference value :  3.07727e-06
 Reference value :  3.07735e-06
 Reference value :  3.07747e-06
 Reference value :  3.07759e-06
 Reference value :  3.07771e-06
 Reference value :  3.07783e-06
 Reference value :  3.07795e-06
 Reference value :  3.07800e-06
 Reference value :  3.07801e-06
 Reference value :  3.07802e-06
 Reference value :  3.07807e-06
 Reference value :  3.07815e-06
 Reference value :  3.07823e-06
 Reference value :  3.07831e-06
 Reference value :  3.07843e-06
 Reference value :  3.07855e-06
 Reference value :  3.07863e-06
 Reference value :  3.07871e-06
 Reference value :  3.07879e-06
 Reference value :  3.07891e-06
 Reference value :  3.07899e-06
 Reference value :  3.07911e-06
 Reference value :  3.07923e-06
 Reference value :  3.07931e-06
 Reference value :  3.07943e-06
 Reference value :  3.07955e-06
 Reference value :  3.07963e-06
 Reference value :  3.07971e-06
 Reference value :  3.07983e-06
 Reference value :  3.07991e-06
 Reference value :  3.07997e-06
 Reference value :  3.08000e-06
 Reference value :  3.08001e-06
 Reference value :  3.08002e-06
 Reference value :  3.08003e-06
 Reference value :  3.08007e-06
 Reference value :  3.08015e-06
 Reference value :  3.08023e-06
 Reference value :  3.08027e-06
 Reference value :  3.08035e-06
 Reference value :  3.08043e-06
 Reference value :  3.08051e-06
 Reference value :  3.08059e-06
 Reference value :  3.08067e-06
 Reference value :  3.08079e-06
 Reference value :  3.08091e-06
 Reference value :  3.08103e-06
 Reference value :  3.08115e-06
 Reference value :  3.08127e-06
 Reference value :  3.08139e-06
 Reference value :  3.08151e-06
 Reference value :  3.08163e-06
 Reference value :  3.08175e-06
 Reference value :  3.08187e-06
 Reference value :  3.08197e-06
 Reference value :  3.08200e-06
 Reference value :  3.08201e-06
 Reference value :  3.08203e-06
 Reference value :  3.08207e-06
 Reference value :  3.08215e-06
 Reference value :  3.08219e-06
 Reference value :  3.08223e-06
 Reference value :  3.08231e-06
 Reference value :  3.08243e-06
 Reference value :  3.08255e-06
 Reference value :  3.08267e-06
 Reference value :  3.08279e-06
 Reference value :  3.08291e-06
 Reference value :  3.08299e-06
 Reference value :  3.08307e-06
 Reference value :  3.08315e-06
 Reference value :  3.08323e-06
 Reference value :  3.08335e-06
 Reference value :  3.08347e-06
 Reference value :  3.08359e-06
 Reference value :  3.08371e-06
 Reference value :  3.08383e-06
 Reference value :  3.08395e-06
 Reference value :  3.08400e-06
 Reference value :  3.08401e-06
 Reference value :  3.08402e-06
 Reference value :  3.08403e-06
 Reference value :  3.08407e-06
 Reference value :  3.08415e-06
 Reference value :  3.08423e-06
 Reference value :  3.08431e-06
 Reference value :  3.08439e-06
 Reference value :  3.08447e-06
 Reference value :  3.08455e-06
 Reference value :  3.08463e-06
 Reference value :  3.08467e-06
 Reference value :  3.08471e-06
 Reference value :  3.08475e-06
 Reference value :  3.08483e-06
 Reference value :  3.08487e-06
 Reference value :  3.08491e-06
 Reference value :  3.08499e-06
 Reference value :  3.08507e-06
 Reference value :  3.08515e-06
 Reference value :  3.08527e-06
 Reference value :  3.08535e-06
 Reference value :  3.08543e-06
 Reference value :  3.08555e-06
 Reference value :  3.08567e-06
 Reference value :  3.08575e-06
 Reference value :  3.08587e-06
 Reference value :  3.08597e-06
 Reference value :  3.08600e-06
 Reference value :  3.08601e-06
 Reference value :  3.08603e-06
 Reference value :  3.08607e-06
 Reference value :  3.08615e-06
 Reference value :  3.08631e-06
 Reference value :  3.08643e-06
 Reference value :  3.08655e-06
 Reference value :  3.08663e-06
 Reference value :  3.08675e-06
 Reference value :  3.08687e-06
 Reference value :  3.08695e-06
 Reference value :  3.08703e-06
 Reference value :  3.08711e-06
 Reference value :  3.08719e-06
 Reference value :  3.08727e-06
 Reference value :  3.08739e-06
 Reference value :  3.08747e-06
 Reference value :  3.08755e-06
 Reference value :  3.08767e-06
 Reference value :  3.08779e-06
 Reference value :  3.08791e-06
 Reference value :  3.08800e-06
 Reference value :  3.08801e-06
 Reference value :  3.08802e-06
 Reference value :  3.08803e-06
 Reference value :  3.08807e-06
 Reference value :  3.08815e-06
 Reference value :  3.08823e-06
 Reference value :  3.08831e-06
 Reference value :  3.08839e-06
 Reference value :  3.08847e-06
 Reference value :  3.08851e-06
 Reference value :  3.08859e-06
 Reference value :  3.08871e-06
 Reference value :  3.08883e-06
 Reference value :  3.08895e-06
 Reference value :  3.08907e-06
 Reference value :  3.08915e-06
 Reference value :  3.08927e-06
 Reference value :  3.08939e-06
 Reference value :  3.08951e-06
 Reference value :  3.08963e-06
 Reference value :  3.08971e-06
 Reference value :  3.08979e-06
 Reference value :  3.08991e-06
 Reference value :  3.09000e-06
 Reference value :  3.09001e-06
 Reference value :  3.09002e-06
 Reference value :  3.09004e-06
 Reference value :  3.09011e-06
 Reference value :  3.09019e-06
 Reference value :  3.09023e-06
 Reference value :  3.09031e-06
 Reference value :  3.09043e-06
 Reference value :  3.09055e-06
 Reference value :  3.09067e-06
 Reference value :  3.09075e-06
 Reference value :  3.09087e-06
 Reference value :  3.09099e-06
 Reference value :  3.09111e-06
 Reference value :  3.09123e-06
 Reference value :  3.09135e-06
 Reference value :  3.09147e-06
 Reference value :  3.09155e-06
 Reference value :  3.09163e-06
 Reference value :  3.09171e-06
 Reference value :  3.09183e-06
 Reference value :  3.09191e-06
 Reference value :  3.09200e-06
 Reference value :  3.09200e-06
 Reference value :  3.09202e-06
 Reference value :  3.09204e-06
 Reference value :  3.09207e-06
 Reference value :  3.09215e-06
 Reference value :  3.09223e-06
 Reference value :  3.09231e-06
 Reference value :  3.09239e-06
 Reference value :  3.09247e-06
 Reference value :  3.09251e-06
 Reference value :  3.09255e-06
 Reference value :  3.09263e-06
 Reference value :  3.09271e-06
 Reference value :  3.09279e-06
 Reference value :  3.09287e-06
 Reference value :  3.09295e-06
 Reference value :  3.09303e-06
 Reference value :  3.09311e-06
 Reference value :  3.09323e-06
 Reference value :  3.09335e-06
 Reference value :  3.09347e-06
 Reference value :  3.09359e-06
 Reference value :  3.09371e-06
 Reference value :  3.09383e-06
 Reference value :  3.09395e-06
 Reference value :  3.09400e-06
 Reference value :  3.09401e-06
 Reference value :  3.09402e-06
 Reference value :  3.09407e-06
 Reference value :  3.09415e-06
 Reference value :  3.09423e-06
 Reference value :  3.09431e-06
 Reference value :  3.09443e-06
 Reference value :  3.09455e-06
 Reference value :  3.09467e-06
 Reference value :  3.09479e-06
 Reference value :  3.09491e-06
 Reference value :  3.09503e-06
 Reference value :  3.09515e-06
 Reference value :  3.09527e-06
 Reference value :  3.09539e-06
 Reference value :  3.09551e-06
 Reference value :  3.09563e-06
 Reference value :  3.09575e-06
 Reference value :  3.09583e-06
 Reference value :  3.09595e-06
 Reference value :  3.09600e-06
 Reference value :  3.09601e-06
 Reference value :  3.09601e-06
 Reference value :  3.09603e-06
 Reference value :  3.09607e-06
 Reference value :  3.09615e-06
 Reference value :  3.09623e-06
 Reference value :  3.09627e-06
 Reference value :  3.09635e-06
 Reference value :  3.09643e-06
 Reference value :  3.09647e-06
 Reference value :  3.09651e-06
 Reference value :  3.09659e-06
 Reference value :  3.09671e-06
 Reference value :  3.09683e-06
 Reference value :  3.09695e-06
 Reference value :  3.09703e-06
 Reference value :  3.09715e-06
 Reference value :  3.09727e-06
 Reference value :  3.09739e-06
 Reference value :  3.09751e-06
 Reference value :  3.09767e-06
 Reference value :  3.09779e-06
 Reference value :  3.09791e-06
 Reference value :  3.09797e-06
 Reference value :  3.09800e-06
 Reference value :  3.09801e-06
 Reference value :  3.09802e-06
 Reference value :  3.09804e-06
 Reference value :  3.09811e-06
 Reference value :  3.09819e-06
 Reference value :  3.09823e-06
 Reference value :  3.09831e-06
 Reference value :  3.09839e-06
 Reference value :  3.09851e-06
 Reference value :  3.09863e-06
 Reference value :  3.09875e-06
 Reference value :  3.09887e-06
 Reference value :  3.09895e-06
 Reference value :  3.09903e-06
 Reference value :  3.09915e-06
 Reference value :  3.09923e-06
 Reference value :  3.09935e-06
 Reference value :  3.09947e-06
 Reference value :  3.09959e-06
 Reference value :  3.09967e-06
 Reference value :  3.09979e-06
 Reference value :  3.09991e-06
 Reference value :  3.10000e-06
 Reference value :  3.10001e-06
 Reference value :  3.10001e-06
 Reference value :  3.10003e-06
 Reference value :  3.10007e-06
 Reference value :  3.10015e-06
 Reference value :  3.10023e-06
 Reference value :  3.10031e-06
 Reference value :  3.10039e-06
 Reference value :  3.10047e-06
 Reference value :  3.10051e-06
 Reference value :  3.10059e-06
 Reference value :  3.10067e-06
 Reference value :  3.10075e-06
 Reference value :  3.10079e-06
 Reference value :  3.10083e-06
 Reference value :  3.10091e-06
 Reference value :  3.10099e-06
 Reference value :  3.10111e-06
 Reference value :  3.10119e-06
 Reference value :  3.10131e-06
 Reference value :  3.10139e-06
 Reference value :  3.10151e-06
 Reference value :  3.10163e-06
 Reference value :  3.10175e-06
 Reference value :  3.10187e-06
 Reference value :  3.10197e-06
 Reference value :  3.10200e-06
 Reference value :  3.10201e-06
 Reference value :  3.10203e-06
 Reference value :  3.10207e-06
 Reference value :  3.10215e-06
 Reference value :  3.10223e-06
 Reference value :  3.10231e-06
 Reference value :  3.10239e-06
 Reference value :  3.10247e-06
 Reference value :  3.10263e-06
 Reference value :  3.10275e-06
 Reference value :  3.10287e-06
 Reference value :  3.10299e-06
 Reference value :  3.10311e-06
 Reference value :  3.10323e-06
 Reference value :  3.10331e-06
 Reference value :  3.10343e-06
 Reference value :  3.10355e-06
 Reference value :  3.10367e-06
 Reference value :  3.10379e-06
 Reference value :  3.10391e-06
 Reference value :  3.10400e-06
 Reference value :  3.10401e-06
 Reference value :  3.10402e-06
 Reference value :  3.10404e-06
 Reference value :  3.10411e-06
 Reference value :  3.10419e-06
 Reference value :  3.10427e-06
 Reference value :  3.10435e-06
 Reference value :  3.10443e-06
 Reference value :  3.10447e-06
 Reference value :  3.10455e-06
 Reference value :  3.10467e-06
 Reference value :  3.10479e-06
 Reference value :  3.10491e-06
 Reference value :  3.10499e-06
 Reference value :  3.10507e-06
 Reference value :  3.10519e-06
 Reference value :  3.10527e-06
 Reference value :  3.10535e-06
 Reference value :  3.10547e-06
 Reference value :  3.10559e-06
 Reference value :  3.10571e-06
 Reference value :  3.10583e-06
 Reference value :  3.10591e-06
 Reference value :  3.10600e-06
 Reference value :  3.10601e-06
 Reference value :  3.10601e-06
 Reference value :  3.10603e-06
 Reference value :  3.10607e-06
 Reference value :  3.10615e-06
 Reference value :  3.10619e-06
 Reference value :  3.10623e-06
 Reference value :  3.10635e-06
 Reference value :  3.10643e-06
 Reference value :  3.10655e-06
 Reference value :  3.10667e-06
 Reference value :  3.10679e-06
 Reference value :  3.10691e-06
 Reference value :  3.10703e-06
 Reference value :  3.10711e-06
 Reference value :  3.10723e-06
 Reference value :  3.10735e-06
 Reference value :  3.10747e-06
 Reference value :  3.10759e-06
 Reference value :  3.10771e-06
 Reference value :  3.10783e-06
 Reference value :  3.10795e-06
 Reference value :  3.10800e-06
 Reference value :  3.10801e-06
 Reference value :  3.10803e-06
 Reference value :  3.10807e-06
 Reference value :  3.10815e-06
 Reference value :  3.10823e-06
 Reference value :  3.10831e-06
 Reference value :  3.10839e-06
 Reference value :  3.10847e-06
 Reference value :  3.10855e-06
 Reference value :  3.10863e-06
 Reference value :  3.10871e-06
 Reference value :  3.10879e-06
 Reference value :  3.10887e-06
 Reference value :  3.10895e-06
 Reference value :  3.10903e-06
 Reference value :  3.10911e-06
 Reference value :  3.10919e-06
 Reference value :  3.10931e-06
 Reference value :  3.10943e-06
 Reference value :  3.10951e-06
 Reference value :  3.10963e-06
 Reference value :  3.10971e-06
 Reference value :  3.10979e-06
 Reference value :  3.10991e-06
 Reference value :  3.11000e-06
 Reference value :  3.11001e-06
 Reference value :  3.11002e-06
 Reference value :  3.11003e-06
 Reference value :  3.11007e-06
 Reference value :  3.11015e-06
 Reference value :  3.11023e-06
 Reference value :  3.11031e-06
 Reference value :  3.11039e-06
 Reference value :  3.11051e-06
 Reference value :  3.11063e-06
 Reference value :  3.11075e-06
 Reference value :  3.11083e-06
 Reference value :  3.11091e-06
 Reference value :  3.11099e-06
 Reference value :  3.11111e-06
 Reference value :  3.11123e-06
 Reference value :  3.11135e-06
 Reference value :  3.11147e-06
 Reference value :  3.11159e-06
 Reference value :  3.11171e-06
 Reference value :  3.11183e-06
 Reference value :  3.11195e-06
 Reference value :  3.11200e-06
 Reference value :  3.11202e-06
 Reference value :  3.11207e-06
 Reference value :  3.11215e-06
 Reference value :  3.11223e-06
 Reference value :  3.11235e-06
 Reference value :  3.11267e-06
 Reference value :  3.11335e-06
 Reference value :  3.11395e-06
 Reference value :  3.11402e-06
 Reference value :  3.11415e-06
 Reference value :  3.11483e-06
 Reference value :  3.11551e-06
 Reference value :  3.11602e-06
 Reference value :  3.11639e-06
 Reference value :  3.11675e-06
 Reference value :  3.11691e-06
 Reference value :  3.11747e-06
 Reference value :  3.11801e-06
 Reference value :  3.11847e-06
 Reference value :  3.11919e-06
 Reference value :  3.11995e-06
 Reference value :  3.12015e-06
 Reference value :  3.12059e-06
 Reference value :  3.12139e-06
 Reference value :  3.12201e-06
 Reference value :  3.12219e-06
 Reference value :  3.12291e-06
 Reference value :  3.12331e-06
 Reference value :  3.12400e-06
 Reference value :  3.12431e-06
 Reference value :  3.12483e-06
 Reference value :  3.12539e-06
 Reference value :  3.12583e-06
 Reference value :  3.12604e-06
 Reference value :  3.12643e-06
 Reference value :  3.12715e-06
 Reference value :  3.12787e-06
 Reference value :  3.12800e-06
 Reference value :  3.12807e-06
 Reference value :  3.12851e-06
 Reference value :  3.12919e-06
 Reference value :  3.12995e-06
 Reference value :  3.13015e-06
 Reference value :  3.13047e-06
 Reference value :  3.13075e-06
 Reference value :  3.13151e-06
 Reference value :  3.13201e-06
 Reference value :  3.13239e-06
 Reference value :  3.13283e-06
 Reference value :  3.13339e-06
 Reference value :  3.13400e-06
 Reference value :  3.13415e-06
 Reference value :  3.13471e-06
 Reference value :  3.13531e-06
 Reference value :  3.13591e-06
 Reference value :  3.13602e-06
 Reference value :  3.13619e-06
 Reference value :  3.13647e-06
 Reference value :  3.13691e-06
 Reference value :  3.13743e-06
 Reference value :  3.13791e-06
 Reference value :  3.13807e-06
 Reference value :  3.13843e-06
 Reference value :  3.13903e-06
 Reference value :  3.13943e-06
 Reference value :  3.14001e-06
 Reference value :  3.14039e-06
 Reference value :  3.14071e-06
 Reference value :  3.14119e-06
 Reference value :  3.14183e-06
 Reference value :  3.14215e-06
 Reference value :  3.14279e-06
 Reference value :  3.14343e-06
 Reference value :  3.14355e-06
 Reference value :  3.14391e-06
 Reference value :  3.14403e-06
 Reference value :  3.14447e-06
 Reference value :  3.14515e-06
 Reference value :  3.14587e-06
 Reference value :  3.14615e-06
 Reference value :  3.14627e-06
 Reference value :  3.14651e-06
 Reference value :  3.14675e-06
 Reference value :  3.14743e-06
 Reference value :  3.14801e-06
 Reference value :  3.14804e-06
 Reference value :  3.14815e-06
 Reference value :  3.14851e-06
 Reference value :  3.14887e-06
 Reference value :  3.14923e-06
 Reference value :  3.14959e-06
 Reference value :  3.15000e-06
 Reference value :  3.15015e-06
 Reference value :  3.15043e-06
 Reference value :  3.15099e-06
 Reference value :  3.15135e-06
 Reference value :  3.15183e-06
 Reference value :  3.15200e-06
 Reference value :  3.15207e-06
 Reference value :  3.15251e-06
 Reference value :  3.15319e-06
 Reference value :  3.15383e-06
 Reference value :  3.15402e-06
 Reference value :  3.15451e-06
 Reference value :  3.15523e-06
 Reference value :  3.15591e-06
 Reference value :  3.15623e-06
 Reference value :  3.15675e-06
 Reference value :  3.15715e-06
 Reference value :  3.15763e-06
 Reference value :  3.15803e-06
 Reference value :  3.15851e-06
 Reference value :  3.15887e-06
 Reference value :  3.15931e-06
 Reference value :  3.16000e-06
 Reference value :  3.16027e-06
 Reference value :  3.16075e-06
 Reference value :  3.16147e-06
 Reference value :  3.16201e-06
 Reference value :  3.16247e-06
 Reference value :  3.16315e-06
 Reference value :  3.16391e-06
 Reference value :  3.16419e-06
 Reference value :  3.16471e-06
 Reference value :  3.16531e-06
 Reference value :  3.16600e-06
 Reference value :  3.16631e-06
 Reference value :  3.16707e-06
 Reference value :  3.16779e-06
 Reference value :  3.16811e-06
 Reference value :  3.16859e-06
 Reference value :  3.16927e-06
 Reference value :  3.17000e-06
 Reference value :  3.17027e-06
 Reference value :  3.17099e-06
 Reference value :  3.17175e-06
 Reference value :  3.17207e-06
 Reference value :  3.17239e-06
 Reference value :  3.17275e-06
 Reference value :  3.17287e-06
 Reference value :  3.17307e-06
 Reference value :  3.17355e-06
 Reference value :  3.17400e-06
 Reference value :  3.17402e-06
 Reference value :  3.17423e-06
 Reference value :  3.17475e-06
 Reference value :  3.17515e-06
 Reference value :  3.17579e-06
 Reference value :  3.17615e-06
 Reference value :  3.17659e-06
 Reference value :  3.17739e-06
 Reference value :  3.17801e-06
 Reference value :  3.17835e-06
 Reference value :  3.17915e-06
 Reference value :  3.17959e-06
 Reference value :  3.17991e-06
 Reference value :  3.18004e-06
 Reference value :  3.18051e-06
 Reference value :  3.18091e-06
 Reference value :  3.18123e-06
 Reference value :  3.18139e-06
 Reference value :  3.18151e-06
 Reference value :  3.18167e-06
 Reference value :  3.18201e-06
 Reference value :  3.18219e-06
 Reference value :  3.18263e-06
 Reference value :  3.18303e-06
 Reference value :  3.18351e-06
 Reference value :  3.18403e-06
 Reference value :  3.18435e-06
 Reference value :  3.18455e-06
 Reference value :  3.18519e-06
 Reference value :  3.18579e-06
 Reference value :  3.18607e-06
 Reference value :  3.18615e-06
 Reference value :  3.18635e-06
 Reference value :  3.18683e-06
 Reference value :  3.18739e-06
 Reference value :  3.18801e-06
 Reference value :  3.18831e-06
 Reference value :  3.18883e-06
 Reference value :  3.18951e-06
 Reference value :  3.19002e-06
 Reference value :  3.19059e-06
 Reference value :  3.19123e-06
 Reference value :  3.19191e-06
 Reference value :  3.19201e-06
 Reference value :  3.19239e-06
 Reference value :  3.19299e-06
 Reference value :  3.19379e-06
 Reference value :  3.19415e-06
 Reference value :  3.19475e-06
 Reference value :  3.19543e-06
 Reference value :  3.19601e-06
 Reference value :  3.19635e-06
 Reference value :  3.19683e-06
 Reference value :  3.19751e-06
 Reference value :  3.19802e-06
 Reference value :  3.19859e-06
 Reference value :  3.19939e-06
No. of Data Rows : 94280
sim/harness: analysis complete
Note: Simulation executed from .control section 
