
Note: Compatibility modes selected: hs a


Circuit: ** sch_path: /home/ubuntu/github/sky130-pll/.loom/worktrees/issue-52/sim/pll/testbench/tb_pll.sch

option SCALE: Scale is set to 1e-06 for instance and model parameters
option SCALE: Scale is set to 1e-06 for instance and model parameters
option SCALE: Scale is set to 1e-06 for instance and model parameters
option SCALE: Scale is set to 1e-06 for instance and model parameters
Doing analysis at TEMP = -40.000000 and TNOM = 27.000000

Using KLU as Direct Linear Solver
 Reference value :  0.00000e+00
 Reference value :  7.64000e-10
 Reference value :  1.32314e-09
 Reference value :  2.15773e-09
 Reference value :  3.10773e-09
 Reference value :  4.15773e-09
 Reference value :  5.00500e-09
 Reference value :  5.92500e-09
 Reference value :  6.67500e-09
 Reference value :  7.52500e-09
 Reference value :  8.67500e-09
 Reference value :  9.67500e-09
 Reference value :  1.06250e-08
 Reference value :  1.15750e-08
 Reference value :  1.24250e-08
 Reference value :  1.33750e-08
 Reference value :  1.44750e-08
 Reference value :  1.58750e-08
 Reference value :  1.71250e-08
 Reference value :  1.84750e-08
 Reference value :  1.98750e-08
 Reference value :  2.11250e-08
 Reference value :  2.24750e-08
 Reference value :  2.37750e-08
 Reference value :  2.51750e-08
 Reference value :  2.64750e-08
 Reference value :  2.78750e-08
 Reference value :  2.92250e-08
 Reference value :  3.04750e-08
 Reference value :  3.18250e-08
 Reference value :  3.30750e-08
 Reference value :  3.43250e-08
 Reference value :  3.55750e-08
 Reference value :  3.69750e-08
 Reference value :  3.83750e-08
 Reference value :  3.96250e-08
 Reference value :  4.10250e-08
 Reference value :  4.21250e-08
 Reference value :  4.26250e-08
 Reference value :  4.39250e-08
 Reference value :  4.52750e-08
 Reference value :  4.66750e-08
 Reference value :  4.78750e-08
 Reference value :  4.90750e-08
 Reference value :  5.00000e-08
 Reference value :  5.08750e-08
 Reference value :  5.18250e-08
 Reference value :  5.28250e-08
 Reference value :  5.37750e-08
 Reference value :  5.46750e-08
 Reference value :  5.60250e-08
 Reference value :  5.73750e-08
 Reference value :  5.87250e-08
 Reference value :  6.00250e-08
 Reference value :  6.13750e-08
 Reference value :  6.27250e-08
 Reference value :  6.40250e-08
 Reference value :  6.54250e-08
 Reference value :  6.67250e-08
 Reference value :  6.81250e-08
 Reference value :  6.93750e-08
 Reference value :  7.07750e-08
 Reference value :  7.21250e-08
 Reference value :  7.33750e-08
 Reference value :  7.47750e-08
 Reference value :  7.55750e-08
 Reference value :  7.58750e-08
 Reference value :  7.71750e-08
 Reference value :  7.85750e-08
 Reference value :  7.99750e-08
 Reference value :  8.12750e-08
 Reference value :  8.25750e-08
 Reference value :  8.38750e-08
 Reference value :  8.52250e-08
 Reference value :  8.65250e-08
 Reference value :  8.79250e-08
 Reference value :  8.93250e-08
 Reference value :  9.05750e-08
 Reference value :  9.18750e-08
 Reference value :  9.30750e-08
 Reference value :  9.44750e-08
 Reference value :  9.57250e-08
 Reference value :  9.71250e-08
 Reference value :  9.84750e-08
 Reference value :  9.97750e-08
 Reference value :  1.00775e-07
 Reference value :  1.01475e-07
 Reference value :  1.02475e-07
 Reference value :  1.03725e-07
 Reference value :  1.05025e-07
 Reference value :  1.06425e-07
 Reference value :  1.07775e-07
 Reference value :  1.09175e-07
 Reference value :  1.10425e-07
 Reference value :  1.11225e-07
 Reference value :  1.12225e-07
 Reference value :  1.13575e-07
 Reference value :  1.14875e-07
 Reference value :  1.16225e-07
 Reference value :  1.17625e-07
 Reference value :  1.18925e-07
 Reference value :  1.20175e-07
 Reference value :  1.21425e-07
 Reference value :  1.22775e-07
 Reference value :  1.24075e-07
 Reference value :  1.25325e-07
 Reference value :  1.26675e-07
 Reference value :  1.27925e-07
 Reference value :  1.29325e-07
 Reference value :  1.30625e-07
 Reference value :  1.31975e-07
 Reference value :  1.33275e-07
 Reference value :  1.34625e-07
 Reference value :  1.36025e-07
 Reference value :  1.37275e-07
 Reference value :  1.38675e-07
 Reference value :  1.39975e-07
 Reference value :  1.41375e-07
 Reference value :  1.42625e-07
 Reference value :  1.44025e-07
 Reference value :  1.45375e-07
 Reference value :  1.46675e-07
 Reference value :  1.48075e-07
 Reference value :  1.49125e-07
 Reference value :  1.50015e-07
 Reference value :  1.50925e-07
 Reference value :  1.51925e-07
 Reference value :  1.52925e-07
 Reference value :  1.53825e-07
 Reference value :  1.54875e-07
 Reference value :  1.56175e-07
 Reference value :  1.57525e-07
 Reference value :  1.58825e-07
 Reference value :  1.59875e-07
 Reference value :  1.61275e-07
 Reference value :  1.62525e-07
 Reference value :  1.63875e-07
 Reference value :  1.65125e-07
 Reference value :  1.66525e-07
 Reference value :  1.67775e-07
 Reference value :  1.69125e-07
 Reference value :  1.70525e-07
 Reference value :  1.71775e-07
 Reference value :  1.73175e-07
 Reference value :  1.74425e-07
 Reference value :  1.75825e-07
 Reference value :  1.77125e-07
 Reference value :  1.78475e-07
 Reference value :  1.79875e-07
 Reference value :  1.81125e-07
 Reference value :  1.82475e-07
 Reference value :  1.83775e-07
 Reference value :  1.85175e-07
 Reference value :  1.86425e-07
 Reference value :  1.87825e-07
 Reference value :  1.89175e-07
 Reference value :  1.90475e-07
 Reference value :  1.91825e-07
 Reference value :  1.93075e-07
 Reference value :  1.94425e-07
 Reference value :  1.95675e-07
 Reference value :  1.97025e-07
 Reference value :  1.98425e-07
 Reference value :  1.99625e-07
No. of Data Rows : 4036
** sch_path: /home/ubuntu/github/sky130-pll/.loom/worktrees/issue-52/sim/pll/testbench/tb_pll.sch
Transient Analysis  Wed Aug 19 13:36:33  2026
--------------------------------------------------------------------------------
Index   time            v(clk)          
--------------------------------------------------------------------------------
0	0.000000e+00	1.800000e+00	
1	5.000000e-13	1.800000e+00	
2	1.000000e-12	1.800000e+00	
3	2.000000e-12	1.800000e+00	
4	4.000000e-12	1.800000e+00	
5	8.000000e-12	1.800000e+00	
6	1.600000e-11	1.800000e+00	
7	3.200000e-11	1.800000e+00	
8	6.400000e-11	1.800000e+00	
9	1.140000e-10	1.800000e+00	
10	1.640000e-10	1.800000e+00	
11	2.140000e-10	1.800000e+00	
12	2.640000e-10	1.800000e+00	
13	3.140000e-10	1.800000e+00	
14	3.640000e-10	1.800000e+00	
15	4.140000e-10	1.800000e+00	
16	4.640000e-10	1.800000e+00	
17	5.140000e-10	1.800000e+00	
18	5.640000e-10	1.800000e+00	
19	6.140000e-10	1.800000e+00	
20	6.640000e-10	1.800000e+00	
21	7.140000e-10	1.800000e+00	
22	7.640000e-10	1.800000e+00	
23	8.140000e-10	1.800000e+00	
24	8.640000e-10	1.800000e+00	
25	9.095705e-10	1.800000e+00	
26	9.512375e-10	1.800000e+00	
27	9.756187e-10	1.800000e+00	
28	1.000000e-09	1.800000e+00	
29	1.004876e-09	1.800000e+00	
30	1.014629e-09	1.800000e+00	
31	1.034134e-09	1.800000e+00	
32	1.073144e-09	1.800000e+00	
33	1.123144e-09	1.800000e+00	
34	1.173144e-09	1.800000e+00	
35	1.223144e-09	1.800000e+00	
36	1.273144e-09	1.800000e+00	
37	1.323144e-09	1.800000e+00	
38	1.373144e-09	1.800000e+00	
39	1.423144e-09	1.800000e+00	
40	1.473144e-09	1.800000e+00	
41	1.523144e-09	1.800000e+00	
42	1.573144e-09	1.800000e+00	
43	1.623144e-09	1.800000e+00	
44	1.673144e-09	1.800000e+00	
45	1.723144e-09	1.800000e+00	
46	1.764526e-09	1.800000e+00	
47	1.807727e-09	1.800000e+00	
48	1.857727e-09	1.800000e+00	
49	1.907727e-09	1.800000e+00	
50	1.957727e-09	1.800000e+00	
51	2.007727e-09	1.800000e+00	
52	2.057727e-09	1.800000e+00	
53	2.107727e-09	1.800000e+00	
54	2.157727e-09	1.800000e+00	

Index   time            v(clk)          
--------------------------------------------------------------------------------
55	2.207727e-09	1.800000e+00	
56	2.257727e-09	1.800000e+00	
57	2.307727e-09	1.800000e+00	
58	2.357727e-09	1.800000e+00	
59	2.407727e-09	1.800000e+00	
60	2.457727e-09	1.800000e+00	
61	2.507727e-09	1.800000e+00	
62	2.557727e-09	1.800000e+00	
63	2.607727e-09	1.800000e+00	
64	2.657727e-09	1.800000e+00	
65	2.707727e-09	1.800000e+00	
66	2.757727e-09	1.800000e+00	
67	2.807727e-09	1.800000e+00	
68	2.857727e-09	1.800000e+00	
69	2.907727e-09	1.800000e+00	
70	2.957727e-09	1.800000e+00	
71	3.007727e-09	1.800000e+00	
72	3.057727e-09	1.800000e+00	
73	3.107727e-09	1.800000e+00	
74	3.157727e-09	1.800000e+00	
75	3.207727e-09	1.800000e+00	
76	3.257727e-09	1.800000e+00	
77	3.307727e-09	1.800000e+00	
78	3.357727e-09	1.800000e+00	
79	3.407727e-09	1.800000e+00	
80	3.457727e-09	1.800000e+00	
81	3.507727e-09	1.800000e+00	
82	3.557727e-09	1.800000e+00	
83	3.607727e-09	1.800000e+00	
84	3.657727e-09	1.800000e+00	
85	3.707727e-09	1.800000e+00	
86	3.757727e-09	1.800000e+00	
87	3.807727e-09	1.800000e+00	
88	3.857727e-09	1.800000e+00	
89	3.907727e-09	1.800000e+00	
90	3.957727e-09	1.800000e+00	
91	4.007727e-09	1.800000e+00	
92	4.057727e-09	1.800000e+00	
93	4.107727e-09	1.800000e+00	
94	4.157727e-09	1.800000e+00	
95	4.207727e-09	1.800000e+00	
96	4.257727e-09	1.800000e+00	
97	4.307727e-09	1.800000e+00	
98	4.357727e-09	1.800000e+00	
99	4.407727e-09	1.800000e+00	
100	4.457727e-09	1.800000e+00	
101	4.507727e-09	1.800000e+00	
102	4.557727e-09	1.800000e+00	
103	4.607727e-09	1.800000e+00	
104	4.657727e-09	1.800000e+00	
105	4.707727e-09	1.800000e+00	
106	4.757727e-09	1.800000e+00	
107	4.807727e-09	1.800000e+00	
108	4.857727e-09	1.800000e+00	
109	4.907727e-09	1.800000e+00	
110	4.953864e-09	1.800000e+00	
111	5.000000e-09	1.800000e+00	
112	5.005000e-09	1.800003e+00	

Index   time            v(clk)          
--------------------------------------------------------------------------------
113	5.015000e-09	1.800000e+00	
114	5.035000e-09	1.799998e+00	
115	5.075000e-09	1.800001e+00	
116	5.125000e-09	1.799999e+00	
117	5.175000e-09	1.800001e+00	
118	5.225000e-09	1.799999e+00	
119	5.275000e-09	1.800001e+00	
120	5.325000e-09	1.799999e+00	
121	5.375000e-09	1.800001e+00	
122	5.425000e-09	1.799999e+00	
123	5.475000e-09	1.800001e+00	
124	5.525000e-09	1.799999e+00	
125	5.575000e-09	1.800000e+00	
126	5.625000e-09	1.800000e+00	
127	5.675000e-09	1.800000e+00	
128	5.725000e-09	1.800001e+00	
129	5.775000e-09	1.799999e+00	
130	5.825000e-09	1.800001e+00	
131	5.875000e-09	1.800000e+00	
132	5.925000e-09	1.800000e+00	
133	5.962500e-09	1.800000e+00	
134	6.000000e-09	1.800000e+00	
135	6.005000e-09	1.800000e+00	
136	6.015000e-09	1.800000e+00	
137	6.035000e-09	1.800000e+00	
138	6.075000e-09	1.800000e+00	
139	6.125000e-09	1.800000e+00	
140	6.175000e-09	1.800000e+00	
141	6.225000e-09	1.800000e+00	
142	6.275000e-09	1.800000e+00	
143	6.325000e-09	1.800000e+00	
144	6.375000e-09	1.800000e+00	
145	6.425000e-09	1.800000e+00	
146	6.475000e-09	1.800000e+00	
147	6.525000e-09	1.800000e+00	
148	6.575000e-09	1.800000e+00	
149	6.625000e-09	1.800000e+00	
150	6.675000e-09	1.800000e+00	
151	6.725000e-09	1.800000e+00	
152	6.775000e-09	1.800000e+00	
153	6.825000e-09	1.800000e+00	
154	6.875000e-09	1.800000e+00	
155	6.925000e-09	1.800000e+00	
156	6.975000e-09	1.800000e+00	
157	7.025000e-09	1.800000e+00	
158	7.075000e-09	1.800000e+00	
159	7.125000e-09	1.800000e+00	
160	7.175000e-09	1.800000e+00	
161	7.225000e-09	1.800000e+00	
162	7.275000e-09	1.800000e+00	
163	7.325000e-09	1.800000e+00	
164	7.375000e-09	1.800000e+00	
165	7.425000e-09	1.800000e+00	
166	7.475000e-09	1.800000e+00	
167	7.525000e-09	1.800000e+00	
168	7.575000e-09	1.800000e+00	
169	7.625000e-09	1.800000e+00	
170	7.675000e-09	1.800000e+00	

Index   time            v(clk)          
--------------------------------------------------------------------------------
171	7.725000e-09	1.800000e+00	
172	7.775000e-09	1.800000e+00	
173	7.825000e-09	1.800000e+00	
174	7.875000e-09	1.800000e+00	
175	7.925000e-09	1.800000e+00	
176	7.975000e-09	1.800000e+00	
177	8.025000e-09	1.800000e+00	
178	8.075000e-09	1.800000e+00	
179	8.125000e-09	1.800000e+00	
180	8.175000e-09	1.800000e+00	
181	8.225000e-09	1.800000e+00	
182	8.275000e-09	1.800000e+00	
183	8.325000e-09	1.800000e+00	
184	8.375000e-09	1.800000e+00	
185	8.425000e-09	1.800000e+00	
186	8.475000e-09	1.800000e+00	
187	8.525000e-09	1.800000e+00	
188	8.575000e-09	1.800000e+00	
189	8.625000e-09	1.800000e+00	
190	8.675000e-09	1.800000e+00	
191	8.725000e-09	1.800000e+00	
192	8.775000e-09	1.800000e+00	
193	8.825000e-09	1.800000e+00	
194	8.875000e-09	1.800000e+00	
195	8.925000e-09	1.800000e+00	
196	8.975000e-09	1.800000e+00	
197	9.025000e-09	1.800000e+00	
198	9.075000e-09	1.800000e+00	
199	9.125000e-09	1.800000e+00	
200	9.175000e-09	1.800000e+00	
201	9.225000e-09	1.800000e+00	
202	9.275000e-09	1.800000e+00	
203	9.325000e-09	1.800000e+00	
204	9.375000e-09	1.800000e+00	
205	9.425000e-09	1.800000e+00	
206	9.475000e-09	1.800000e+00	
207	9.525000e-09	1.800000e+00	
208	9.575000e-09	1.800000e+00	
209	9.625000e-09	1.800000e+00	
210	9.675000e-09	1.800000e+00	
211	9.725000e-09	1.800000e+00	
212	9.775000e-09	1.800000e+00	
213	9.825000e-09	1.800000e+00	
214	9.875000e-09	1.800000e+00	
215	9.925000e-09	1.800000e+00	
216	9.975000e-09	1.800000e+00	
217	1.002500e-08	1.800000e+00	
218	1.007500e-08	1.800000e+00	
219	1.012500e-08	1.800000e+00	
220	1.017500e-08	1.800000e+00	
221	1.022500e-08	1.800000e+00	
222	1.027500e-08	1.800000e+00	
223	1.032500e-08	1.800000e+00	
224	1.037500e-08	1.800000e+00	
225	1.042500e-08	1.800000e+00	
226	1.047500e-08	1.800000e+00	
227	1.052500e-08	1.800000e+00	
228	1.057500e-08	1.800000e+00	

Index   time            v(clk)          
--------------------------------------------------------------------------------
229	1.062500e-08	1.800000e+00	
230	1.067500e-08	1.800000e+00	
231	1.072500e-08	1.800000e+00	
232	1.077500e-08	1.800000e+00	
233	1.082500e-08	1.800000e+00	
234	1.087500e-08	1.800000e+00	
235	1.092500e-08	1.800000e+00	
236	1.097500e-08	1.800000e+00	
237	1.102500e-08	1.800000e+00	
238	1.107500e-08	1.800000e+00	
239	1.112500e-08	1.800000e+00	
240	1.117500e-08	1.800000e+00	
241	1.122500e-08	1.800000e+00	
242	1.127500e-08	1.800000e+00	
243	1.132500e-08	1.800000e+00	
244	1.137500e-08	1.800000e+00	
245	1.142500e-08	1.800000e+00	
246	1.147500e-08	1.800000e+00	
247	1.152500e-08	1.800000e+00	
248	1.157500e-08	1.800000e+00	
249	1.162500e-08	1.800000e+00	
250	1.167500e-08	1.800000e+00	
251	1.172500e-08	1.800000e+00	
252	1.177500e-08	1.800000e+00	
253	1.182500e-08	1.800000e+00	
254	1.187500e-08	1.800000e+00	
255	1.192500e-08	1.800000e+00	
256	1.197500e-08	1.800000e+00	
257	1.202500e-08	1.800000e+00	
258	1.207500e-08	1.800000e+00	
259	1.212500e-08	1.800000e+00	
260	1.217500e-08	1.800000e+00	
261	1.222500e-08	1.800000e+00	
262	1.227500e-08	1.800000e+00	
263	1.232500e-08	1.800000e+00	
264	1.237500e-08	1.800000e+00	
265	1.242500e-08	1.800000e+00	
266	1.247500e-08	1.800000e+00	
267	1.252500e-08	1.800000e+00	
268	1.257500e-08	1.800000e+00	
269	1.262500e-08	1.800000e+00	
270	1.267500e-08	1.800000e+00	
271	1.272500e-08	1.800000e+00	
272	1.277500e-08	1.800000e+00	
273	1.282500e-08	1.800000e+00	
274	1.287500e-08	1.800000e+00	
275	1.292500e-08	1.800000e+00	
276	1.297500e-08	1.800000e+00	
277	1.302500e-08	1.800000e+00	
278	1.307500e-08	1.800000e+00	
279	1.312500e-08	1.800000e+00	
280	1.317500e-08	1.800000e+00	
281	1.322500e-08	1.800000e+00	
282	1.327500e-08	1.800000e+00	
283	1.332500e-08	1.800000e+00	
284	1.337500e-08	1.800000e+00	
285	1.342500e-08	1.800000e+00	
286	1.347500e-08	1.800000e+00	

Index   time            v(clk)          
--------------------------------------------------------------------------------
287	1.352500e-08	1.800000e+00	
288	1.357500e-08	1.800000e+00	
289	1.362500e-08	1.800000e+00	
290	1.367500e-08	1.800000e+00	
291	1.372500e-08	1.800000e+00	
292	1.377500e-08	1.800000e+00	
293	1.382500e-08	1.800000e+00	
294	1.387500e-08	1.800000e+00	
295	1.392500e-08	1.800000e+00	
296	1.397500e-08	1.800000e+00	
297	1.402500e-08	1.800000e+00	
298	1.407500e-08	1.800000e+00	
299	1.412500e-08	1.800000e+00	
300	1.417500e-08	1.800000e+00	
301	1.422500e-08	1.800000e+00	
302	1.427500e-08	1.800000e+00	
303	1.432500e-08	1.800000e+00	
304	1.437500e-08	1.800000e+00	
305	1.442500e-08	1.800000e+00	
306	1.447500e-08	1.800000e+00	
307	1.452500e-08	1.800000e+00	
308	1.457500e-08	1.800000e+00	
309	1.462500e-08	1.800000e+00	
310	1.467500e-08	1.800000e+00	
311	1.472500e-08	1.800000e+00	
312	1.477500e-08	1.800000e+00	
313	1.482500e-08	1.800000e+00	
314	1.487500e-08	1.800000e+00	
315	1.492500e-08	1.800000e+00	
316	1.497500e-08	1.800000e+00	
317	1.502500e-08	1.800000e+00	
318	1.507500e-08	1.800000e+00	
319	1.512500e-08	1.800000e+00	
320	1.517500e-08	1.800000e+00	
321	1.522500e-08	1.800000e+00	
322	1.527500e-08	1.800000e+00	
323	1.532500e-08	1.800000e+00	
324	1.537500e-08	1.800000e+00	
325	1.542500e-08	1.800000e+00	
326	1.547500e-08	1.800000e+00	
327	1.552500e-08	1.800000e+00	
328	1.557500e-08	1.800000e+00	
329	1.562500e-08	1.800000e+00	
330	1.567500e-08	1.800000e+00	
331	1.572500e-08	1.800000e+00	
332	1.577500e-08	1.800000e+00	
333	1.582500e-08	1.800000e+00	
334	1.587500e-08	1.800000e+00	
335	1.592500e-08	1.800000e+00	
336	1.597500e-08	1.800000e+00	
337	1.602500e-08	1.800000e+00	
338	1.607500e-08	1.800000e+00	
339	1.612500e-08	1.800000e+00	
340	1.617500e-08	1.800000e+00	
341	1.622500e-08	1.800000e+00	
342	1.627500e-08	1.800000e+00	
343	1.632500e-08	1.800000e+00	
344	1.637500e-08	1.800000e+00	

Index   time            v(clk)          
--------------------------------------------------------------------------------
345	1.642500e-08	1.800000e+00	
346	1.647500e-08	1.800000e+00	
347	1.652500e-08	1.800000e+00	
348	1.657500e-08	1.800000e+00	
349	1.662500e-08	1.800000e+00	
350	1.667500e-08	1.800000e+00	
351	1.672500e-08	1.800000e+00	
352	1.677500e-08	1.800000e+00	
353	1.682500e-08	1.800000e+00	
354	1.687500e-08	1.800000e+00	
355	1.692500e-08	1.800000e+00	
356	1.697500e-08	1.800000e+00	
357	1.702500e-08	1.800000e+00	
358	1.707500e-08	1.800000e+00	
359	1.712500e-08	1.800000e+00	
360	1.717500e-08	1.800000e+00	
361	1.722500e-08	1.800000e+00	
362	1.727500e-08	1.800000e+00	
363	1.732500e-08	1.800000e+00	
364	1.737500e-08	1.800000e+00	
365	1.742500e-08	1.800000e+00	
366	1.747500e-08	1.800000e+00	
367	1.752500e-08	1.800000e+00	
368	1.757500e-08	1.800000e+00	
369	1.762500e-08	1.800000e+00	
370	1.767500e-08	1.800000e+00	
371	1.772500e-08	1.800000e+00	
372	1.777500e-08	1.800000e+00	
373	1.782500e-08	1.800000e+00	
374	1.787500e-08	1.800000e+00	
375	1.792500e-08	1.800000e+00	
376	1.797500e-08	1.800000e+00	
377	1.802500e-08	1.800000e+00	
378	1.807500e-08	1.800000e+00	
379	1.812500e-08	1.800000e+00	
380	1.817500e-08	1.800000e+00	
381	1.822500e-08	1.800000e+00	
382	1.827500e-08	1.800000e+00	
383	1.832500e-08	1.800000e+00	
384	1.837500e-08	1.800000e+00	
385	1.842500e-08	1.800000e+00	
386	1.847500e-08	1.800000e+00	
387	1.852500e-08	1.800000e+00	
388	1.857500e-08	1.800000e+00	
389	1.862500e-08	1.800000e+00	
390	1.867500e-08	1.800000e+00	
391	1.872500e-08	1.800000e+00	
392	1.877500e-08	1.800000e+00	
393	1.882500e-08	1.800000e+00	
394	1.887500e-08	1.800000e+00	
395	1.892500e-08	1.800000e+00	
396	1.897500e-08	1.800000e+00	
397	1.902500e-08	1.800000e+00	
398	1.907500e-08	1.800000e+00	
399	1.912500e-08	1.800000e+00	
400	1.917500e-08	1.800000e+00	
401	1.922500e-08	1.800000e+00	
402	1.927500e-08	1.800000e+00	

Index   time            v(clk)          
--------------------------------------------------------------------------------
403	1.932500e-08	1.800000e+00	
404	1.937500e-08	1.800000e+00	
405	1.942500e-08	1.800000e+00	
406	1.947500e-08	1.800000e+00	
407	1.952500e-08	1.800000e+00	
408	1.957500e-08	1.800000e+00	
409	1.962500e-08	1.800000e+00	
410	1.967500e-08	1.800000e+00	
411	1.972500e-08	1.800000e+00	
412	1.977500e-08	1.800000e+00	
413	1.982500e-08	1.800000e+00	
414	1.987500e-08	1.800000e+00	
415	1.992500e-08	1.800000e+00	
416	1.997500e-08	1.800000e+00	
417	2.002500e-08	1.800000e+00	
418	2.007500e-08	1.800000e+00	
419	2.012500e-08	1.800000e+00	
420	2.017500e-08	1.800000e+00	
421	2.022500e-08	1.800000e+00	
422	2.027500e-08	1.800000e+00	
423	2.032500e-08	1.800000e+00	
424	2.037500e-08	1.800000e+00	
425	2.042500e-08	1.800000e+00	
426	2.047500e-08	1.800000e+00	
427	2.052500e-08	1.800000e+00	
428	2.057500e-08	1.800000e+00	
429	2.062500e-08	1.800000e+00	
430	2.067500e-08	1.800000e+00	
431	2.072500e-08	1.800000e+00	
432	2.077500e-08	1.800000e+00	
433	2.082500e-08	1.800000e+00	
434	2.087500e-08	1.800000e+00	
435	2.092500e-08	1.800000e+00	
436	2.097500e-08	1.800000e+00	
437	2.102500e-08	1.800000e+00	
438	2.107500e-08	1.800000e+00	
439	2.112500e-08	1.800000e+00	
440	2.117500e-08	1.800000e+00	
441	2.122500e-08	1.800000e+00	
442	2.127500e-08	1.800000e+00	
443	2.132500e-08	1.800000e+00	
444	2.137500e-08	1.800000e+00	
445	2.142500e-08	1.800000e+00	
446	2.147500e-08	1.800000e+00	
447	2.152500e-08	1.800000e+00	
448	2.157500e-08	1.800000e+00	
449	2.162500e-08	1.800000e+00	
450	2.167500e-08	1.800000e+00	
451	2.172500e-08	1.800000e+00	
452	2.177500e-08	1.800000e+00	
453	2.182500e-08	1.800000e+00	
454	2.187500e-08	1.800000e+00	
455	2.192500e-08	1.800000e+00	
456	2.197500e-08	1.800000e+00	
457	2.202500e-08	1.800000e+00	
458	2.207500e-08	1.800000e+00	
459	2.212500e-08	1.800000e+00	
460	2.217500e-08	1.800000e+00	

Index   time            v(clk)          
--------------------------------------------------------------------------------
461	2.222500e-08	1.800000e+00	
462	2.227500e-08	1.800000e+00	
463	2.232500e-08	1.800000e+00	
464	2.237500e-08	1.800000e+00	
465	2.242500e-08	1.800000e+00	
466	2.247500e-08	1.800000e+00	
467	2.252500e-08	1.800000e+00	
468	2.257500e-08	1.800000e+00	
469	2.262500e-08	1.800000e+00	
470	2.267500e-08	1.800000e+00	
471	2.272500e-08	1.800000e+00	
472	2.277500e-08	1.800000e+00	
473	2.282500e-08	1.800000e+00	
474	2.287500e-08	1.800000e+00	
475	2.292500e-08	1.800000e+00	
476	2.297500e-08	1.800000e+00	
477	2.302500e-08	1.800000e+00	
478	2.307500e-08	1.800000e+00	
479	2.312500e-08	1.800000e+00	
480	2.317500e-08	1.800000e+00	
481	2.322500e-08	1.800000e+00	
482	2.327500e-08	1.800000e+00	
483	2.332500e-08	1.800000e+00	
484	2.337500e-08	1.800000e+00	
485	2.342500e-08	1.800000e+00	
486	2.347500e-08	1.800000e+00	
487	2.352500e-08	1.800000e+00	
488	2.357500e-08	1.800000e+00	
489	2.362500e-08	1.800000e+00	
490	2.367500e-08	1.800000e+00	
491	2.372500e-08	1.800000e+00	
492	2.377500e-08	1.800000e+00	
493	2.382500e-08	1.800000e+00	
494	2.387500e-08	1.800000e+00	
495	2.392500e-08	1.800000e+00	
496	2.397500e-08	1.800000e+00	
497	2.402500e-08	1.800000e+00	
498	2.407500e-08	1.800000e+00	
499	2.412500e-08	1.800000e+00	
500	2.417500e-08	1.800000e+00	
501	2.422500e-08	1.800000e+00	
502	2.427500e-08	1.800000e+00	
503	2.432500e-08	1.800000e+00	
504	2.437500e-08	1.800000e+00	
505	2.442500e-08	1.800000e+00	
506	2.447500e-08	1.800000e+00	
507	2.452500e-08	1.800000e+00	
508	2.457500e-08	1.800000e+00	
509	2.462500e-08	1.800000e+00	
510	2.467500e-08	1.800000e+00	
511	2.472500e-08	1.800000e+00	
512	2.477500e-08	1.800000e+00	
513	2.482500e-08	1.800000e+00	
514	2.487500e-08	1.800000e+00	
515	2.492500e-08	1.800000e+00	
516	2.497500e-08	1.800000e+00	
517	2.502500e-08	1.800000e+00	
518	2.507500e-08	1.800000e+00	

Index   time            v(clk)          
--------------------------------------------------------------------------------
519	2.512500e-08	1.800000e+00	
520	2.517500e-08	1.800000e+00	
521	2.522500e-08	1.800000e+00	
522	2.527500e-08	1.800000e+00	
523	2.532500e-08	1.800000e+00	
524	2.537500e-08	1.800000e+00	
525	2.542500e-08	1.800000e+00	
526	2.547500e-08	1.800000e+00	
527	2.552500e-08	1.800000e+00	
528	2.557500e-08	1.800000e+00	
529	2.562500e-08	1.800000e+00	
530	2.567500e-08	1.800000e+00	
531	2.572500e-08	1.800000e+00	
532	2.577500e-08	1.800000e+00	
533	2.582500e-08	1.800000e+00	
534	2.587500e-08	1.800000e+00	
535	2.592500e-08	1.800000e+00	
536	2.597500e-08	1.800000e+00	
537	2.602500e-08	1.800000e+00	
538	2.607500e-08	1.800000e+00	
539	2.612500e-08	1.800000e+00	
540	2.617500e-08	1.800000e+00	
541	2.622500e-08	1.800000e+00	
542	2.627500e-08	1.800000e+00	
543	2.632500e-08	1.800000e+00	
544	2.637500e-08	1.800000e+00	
545	2.642500e-08	1.800000e+00	
546	2.647500e-08	1.800000e+00	
547	2.652500e-08	1.800000e+00	
548	2.657500e-08	1.800000e+00	
549	2.662500e-08	1.800000e+00	
550	2.667500e-08	1.800000e+00	
551	2.672500e-08	1.800000e+00	
552	2.677500e-08	1.800000e+00	
553	2.682500e-08	1.800000e+00	
554	2.687500e-08	1.800000e+00	
555	2.692500e-08	1.800000e+00	
556	2.697500e-08	1.800000e+00	
557	2.702500e-08	1.800000e+00	
558	2.707500e-08	1.800000e+00	
559	2.712500e-08	1.800000e+00	
560	2.717500e-08	1.800000e+00	
561	2.722500e-08	1.800000e+00	
562	2.727500e-08	1.800000e+00	
563	2.732500e-08	1.800000e+00	
564	2.737500e-08	1.800000e+00	
565	2.742500e-08	1.800000e+00	
566	2.747500e-08	1.800000e+00	
567	2.752500e-08	1.800000e+00	
568	2.757500e-08	1.800000e+00	
569	2.762500e-08	1.800000e+00	
570	2.767500e-08	1.800000e+00	
571	2.772500e-08	1.800000e+00	
572	2.777500e-08	1.800000e+00	
573	2.782500e-08	1.800000e+00	
574	2.787500e-08	1.800000e+00	
575	2.792500e-08	1.800000e+00	
576	2.797500e-08	1.800000e+00	

Index   time            v(clk)          
--------------------------------------------------------------------------------
577	2.802500e-08	1.800000e+00	
578	2.807500e-08	1.800000e+00	
579	2.812500e-08	1.800000e+00	
580	2.817500e-08	1.800000e+00	
581	2.822500e-08	1.800000e+00	
582	2.827500e-08	1.800000e+00	
583	2.832500e-08	1.800000e+00	
584	2.837500e-08	1.800000e+00	
585	2.842500e-08	1.800000e+00	
586	2.847500e-08	1.800000e+00	
587	2.852500e-08	1.800000e+00	
588	2.857500e-08	1.800000e+00	
589	2.862500e-08	1.800000e+00	
590	2.867500e-08	1.800000e+00	
591	2.872500e-08	1.800000e+00	
592	2.877500e-08	1.800000e+00	
593	2.882500e-08	1.800000e+00	
594	2.887500e-08	1.800000e+00	
595	2.892500e-08	1.800000e+00	
596	2.897500e-08	1.800000e+00	
597	2.902500e-08	1.800000e+00	
598	2.907500e-08	1.800000e+00	
599	2.912500e-08	1.800000e+00	
600	2.917500e-08	1.800000e+00	
601	2.922500e-08	1.800000e+00	
602	2.927500e-08	1.800000e+00	
603	2.932500e-08	1.800000e+00	
604	2.937500e-08	1.800000e+00	
605	2.942500e-08	1.800000e+00	
606	2.947500e-08	1.800000e+00	
607	2.952500e-08	1.800000e+00	
608	2.957500e-08	1.800000e+00	
609	2.962500e-08	1.800000e+00	
610	2.967500e-08	1.800000e+00	
611	2.972500e-08	1.800000e+00	
612	2.977500e-08	1.800000e+00	
613	2.982500e-08	1.800000e+00	
614	2.987500e-08	1.800000e+00	
615	2.992500e-08	1.800000e+00	
616	2.997500e-08	1.800000e+00	
617	3.002500e-08	1.800000e+00	
618	3.007500e-08	1.800000e+00	
619	3.012500e-08	1.800000e+00	
620	3.017500e-08	1.800000e+00	
621	3.022500e-08	1.800000e+00	
622	3.027500e-08	1.800000e+00	
623	3.032500e-08	1.800000e+00	
624	3.037500e-08	1.800000e+00	
625	3.042500e-08	1.800000e+00	
626	3.047500e-08	1.800000e+00	
627	3.052500e-08	1.800000e+00	
628	3.057500e-08	1.800000e+00	
629	3.062500e-08	1.800000e+00	
630	3.067500e-08	1.800000e+00	
631	3.072500e-08	1.800000e+00	
632	3.077500e-08	1.800000e+00	
633	3.082500e-08	1.800000e+00	
634	3.087500e-08	1.800000e+00	

Index   time            v(clk)          
--------------------------------------------------------------------------------
635	3.092500e-08	1.800000e+00	
636	3.097500e-08	1.800000e+00	
637	3.102500e-08	1.800000e+00	
638	3.107500e-08	1.800000e+00	
639	3.112500e-08	1.800000e+00	
640	3.117500e-08	1.800000e+00	
641	3.122500e-08	1.800000e+00	
642	3.127500e-08	1.800000e+00	
643	3.132500e-08	1.800000e+00	
644	3.137500e-08	1.800000e+00	
645	3.142500e-08	1.800000e+00	
646	3.147500e-08	1.800000e+00	
647	3.152500e-08	1.800000e+00	
648	3.157500e-08	1.800000e+00	
649	3.162500e-08	1.800000e+00	
650	3.167500e-08	1.800000e+00	
651	3.172500e-08	1.800000e+00	
652	3.177500e-08	1.800000e+00	
653	3.182500e-08	1.800000e+00	
654	3.187500e-08	1.800000e+00	
655	3.192500e-08	1.800000e+00	
656	3.197500e-08	1.800000e+00	
657	3.202500e-08	1.800000e+00	
658	3.207500e-08	1.800000e+00	
659	3.212500e-08	1.800000e+00	
660	3.217500e-08	1.800000e+00	
661	3.222500e-08	1.800000e+00	
662	3.227500e-08	1.800000e+00	
663	3.232500e-08	1.800000e+00	
664	3.237500e-08	1.800000e+00	
665	3.242500e-08	1.800000e+00	
666	3.247500e-08	1.800000e+00	
667	3.252500e-08	1.800000e+00	
668	3.257500e-08	1.800000e+00	
669	3.262500e-08	1.800000e+00	
670	3.267500e-08	1.800000e+00	
671	3.272500e-08	1.800000e+00	
672	3.277500e-08	1.800000e+00	
673	3.282500e-08	1.800000e+00	
674	3.287500e-08	1.800000e+00	
675	3.292500e-08	1.800000e+00	
676	3.297500e-08	1.800000e+00	
677	3.302500e-08	1.800000e+00	
678	3.307500e-08	1.800000e+00	
679	3.312500e-08	1.800000e+00	
680	3.317500e-08	1.800000e+00	
681	3.322500e-08	1.800000e+00	
682	3.327500e-08	1.800000e+00	
683	3.332500e-08	1.800000e+00	
684	3.337500e-08	1.800000e+00	
685	3.342500e-08	1.800000e+00	
686	3.347500e-08	1.800000e+00	
687	3.352500e-08	1.800000e+00	
688	3.357500e-08	1.800000e+00	
689	3.362500e-08	1.800000e+00	
690	3.367500e-08	1.800000e+00	
691	3.372500e-08	1.800000e+00	
692	3.377500e-08	1.800000e+00	

Index   time            v(clk)          
--------------------------------------------------------------------------------
693	3.382500e-08	1.800000e+00	
694	3.387500e-08	1.800000e+00	
695	3.392500e-08	1.800000e+00	
696	3.397500e-08	1.800000e+00	
697	3.402500e-08	1.800000e+00	
698	3.407500e-08	1.800000e+00	
699	3.412500e-08	1.800000e+00	
700	3.417500e-08	1.800000e+00	
701	3.422500e-08	1.800000e+00	
702	3.427500e-08	1.800000e+00	
703	3.432500e-08	1.800000e+00	
704	3.437500e-08	1.800000e+00	
705	3.442500e-08	1.800000e+00	
706	3.447500e-08	1.800000e+00	
707	3.452500e-08	1.800000e+00	
708	3.457500e-08	1.800000e+00	
709	3.462500e-08	1.800000e+00	
710	3.467500e-08	1.800000e+00	
711	3.472500e-08	1.800000e+00	
712	3.477500e-08	1.800000e+00	
713	3.482500e-08	1.800000e+00	
714	3.487500e-08	1.800000e+00	
715	3.492500e-08	1.800000e+00	
716	3.497500e-08	1.800000e+00	
717	3.502500e-08	1.800000e+00	
718	3.507500e-08	1.800000e+00	
719	3.512500e-08	1.800000e+00	
720	3.517500e-08	1.800000e+00	
721	3.522500e-08	1.800000e+00	
722	3.527500e-08	1.800000e+00	
723	3.532500e-08	1.800000e+00	
724	3.537500e-08	1.800000e+00	
725	3.542500e-08	1.800000e+00	
726	3.547500e-08	1.800000e+00	
727	3.552500e-08	1.800000e+00	
728	3.557500e-08	1.800000e+00	
729	3.562500e-08	1.800000e+00	
730	3.567500e-08	1.800000e+00	
731	3.572500e-08	1.800000e+00	
732	3.577500e-08	1.800000e+00	
733	3.582500e-08	1.800000e+00	
734	3.587500e-08	1.800000e+00	
735	3.592500e-08	1.800000e+00	
736	3.597500e-08	1.800000e+00	
737	3.602500e-08	1.800000e+00	
738	3.607500e-08	1.800000e+00	
739	3.612500e-08	1.800000e+00	
740	3.617500e-08	1.800000e+00	
741	3.622500e-08	1.800000e+00	
742	3.627500e-08	1.800000e+00	
743	3.632500e-08	1.800000e+00	
744	3.637500e-08	1.800000e+00	
745	3.642500e-08	1.800000e+00	
746	3.647500e-08	1.800000e+00	
747	3.652500e-08	1.800000e+00	
748	3.657500e-08	1.800000e+00	
749	3.662500e-08	1.800000e+00	
750	3.667500e-08	1.800000e+00	

Index   time            v(clk)          
--------------------------------------------------------------------------------
751	3.672500e-08	1.800000e+00	
752	3.677500e-08	1.800000e+00	
753	3.682500e-08	1.800000e+00	
754	3.687500e-08	1.800000e+00	
755	3.692500e-08	1.800000e+00	
756	3.697500e-08	1.800000e+00	
757	3.702500e-08	1.800000e+00	
758	3.707500e-08	1.800000e+00	
759	3.712500e-08	1.800000e+00	
760	3.717500e-08	1.800000e+00	
761	3.722500e-08	1.800000e+00	
762	3.727500e-08	1.800000e+00	
763	3.732500e-08	1.800000e+00	
764	3.737500e-08	1.800000e+00	
765	3.742500e-08	1.800000e+00	
766	3.747500e-08	1.800000e+00	
767	3.752500e-08	1.800000e+00	
768	3.757500e-08	1.800000e+00	
769	3.762500e-08	1.800000e+00	
770	3.767500e-08	1.800000e+00	
771	3.772500e-08	1.800000e+00	
772	3.777500e-08	1.800000e+00	
773	3.782500e-08	1.800000e+00	
774	3.787500e-08	1.800000e+00	
775	3.792500e-08	1.800000e+00	
776	3.797500e-08	1.800000e+00	
777	3.802500e-08	1.800000e+00	
778	3.807500e-08	1.800000e+00	
779	3.812500e-08	1.800000e+00	
780	3.817500e-08	1.800000e+00	
781	3.822500e-08	1.800000e+00	
782	3.827500e-08	1.800000e+00	
783	3.832500e-08	1.800000e+00	
784	3.837500e-08	1.800000e+00	
785	3.842500e-08	1.800000e+00	
786	3.847500e-08	1.800000e+00	
787	3.852500e-08	1.800000e+00	
788	3.857500e-08	1.800000e+00	
789	3.862500e-08	1.800000e+00	
790	3.867500e-08	1.800000e+00	
791	3.872500e-08	1.800000e+00	
792	3.877500e-08	1.800000e+00	
793	3.882500e-08	1.800000e+00	
794	3.887500e-08	1.800000e+00	
795	3.892500e-08	1.800000e+00	
796	3.897500e-08	1.800000e+00	
797	3.902500e-08	1.800000e+00	
798	3.907500e-08	1.800000e+00	
799	3.912500e-08	1.800000e+00	
800	3.917500e-08	1.800000e+00	
801	3.922500e-08	1.800000e+00	
802	3.927500e-08	1.800000e+00	
803	3.932500e-08	1.800000e+00	
804	3.937500e-08	1.800000e+00	
805	3.942500e-08	1.800000e+00	
806	3.947500e-08	1.800000e+00	
807	3.952500e-08	1.800000e+00	
808	3.957500e-08	1.800000e+00	

Index   time            v(clk)          
--------------------------------------------------------------------------------
809	3.962500e-08	1.800000e+00	
810	3.967500e-08	1.800000e+00	
811	3.972500e-08	1.800000e+00	
812	3.977500e-08	1.800000e+00	
813	3.982500e-08	1.800000e+00	
814	3.987500e-08	1.800000e+00	
815	3.992500e-08	1.800000e+00	
816	3.997500e-08	1.800000e+00	
817	4.002500e-08	1.800000e+00	
818	4.007500e-08	1.800000e+00	
819	4.012500e-08	1.800000e+00	
820	4.017500e-08	1.800000e+00	
821	4.022500e-08	1.800000e+00	
822	4.027500e-08	1.800000e+00	
823	4.032500e-08	1.800000e+00	
824	4.037500e-08	1.800000e+00	
825	4.042500e-08	1.800000e+00	
826	4.047500e-08	1.800000e+00	
827	4.052500e-08	1.800000e+00	
828	4.057500e-08	1.800000e+00	
829	4.062500e-08	1.800000e+00	
830	4.067500e-08	1.800000e+00	
831	4.072500e-08	1.800000e+00	
832	4.077500e-08	1.800000e+00	
833	4.082500e-08	1.800000e+00	
834	4.087500e-08	1.800000e+00	
835	4.092500e-08	1.800000e+00	
836	4.097500e-08	1.800000e+00	
837	4.102500e-08	1.800000e+00	
838	4.107500e-08	1.800000e+00	
839	4.112500e-08	1.800000e+00	
840	4.117500e-08	1.800000e+00	
841	4.122500e-08	1.800000e+00	
842	4.127500e-08	1.800000e+00	
843	4.132500e-08	1.800000e+00	
844	4.137500e-08	1.800000e+00	
845	4.142500e-08	1.800000e+00	
846	4.147500e-08	1.800000e+00	
847	4.152500e-08	1.800000e+00	
848	4.157500e-08	1.800000e+00	
849	4.162500e-08	1.800000e+00	
850	4.167500e-08	1.800000e+00	
851	4.172500e-08	1.800000e+00	
852	4.177500e-08	1.800000e+00	
853	4.182500e-08	1.800000e+00	
854	4.187500e-08	1.800000e+00	
855	4.192500e-08	1.800000e+00	
856	4.197500e-08	1.800000e+00	
857	4.202500e-08	1.800000e+00	
858	4.207500e-08	1.800000e+00	
859	4.212500e-08	1.800000e+00	
860	4.217500e-08	1.800000e+00	
861	4.222500e-08	1.800000e+00	
862	4.227500e-08	1.800000e+00	
863	4.232500e-08	1.800000e+00	
864	4.237500e-08	1.800000e+00	
865	4.242500e-08	1.800000e+00	
866	4.247500e-08	1.800000e+00	

Index   time            v(clk)          
--------------------------------------------------------------------------------
867	4.252500e-08	1.800000e+00	
868	4.257500e-08	1.800000e+00	
869	4.262500e-08	1.800000e+00	
870	4.267500e-08	1.800000e+00	
871	4.272500e-08	1.800000e+00	
872	4.277500e-08	1.800000e+00	
873	4.282500e-08	1.800000e+00	
874	4.287500e-08	1.800000e+00	
875	4.292500e-08	1.800000e+00	
876	4.297500e-08	1.800000e+00	
877	4.302500e-08	1.800000e+00	
878	4.307500e-08	1.800000e+00	
879	4.312500e-08	1.800000e+00	
880	4.317500e-08	1.800000e+00	
881	4.322500e-08	1.800000e+00	
882	4.327500e-08	1.800000e+00	
883	4.332500e-08	1.800000e+00	
884	4.337500e-08	1.800000e+00	
885	4.342500e-08	1.800000e+00	
886	4.347500e-08	1.800000e+00	
887	4.352500e-08	1.800000e+00	
888	4.357500e-08	1.800000e+00	
889	4.362500e-08	1.800000e+00	
890	4.367500e-08	1.800000e+00	
891	4.372500e-08	1.800000e+00	
892	4.377500e-08	1.800000e+00	
893	4.382500e-08	1.800000e+00	
894	4.387500e-08	1.800000e+00	
895	4.392500e-08	1.800000e+00	
896	4.397500e-08	1.800000e+00	
897	4.402500e-08	1.800000e+00	
898	4.407500e-08	1.800000e+00	
899	4.412500e-08	1.800000e+00	
900	4.417500e-08	1.800000e+00	
901	4.422500e-08	1.800000e+00	
902	4.427500e-08	1.800000e+00	
903	4.432500e-08	1.800000e+00	
904	4.437500e-08	1.800000e+00	
905	4.442500e-08	1.800000e+00	
906	4.447500e-08	1.800000e+00	
907	4.452500e-08	1.800000e+00	
908	4.457500e-08	1.800000e+00	
909	4.462500e-08	1.800000e+00	
910	4.467500e-08	1.800000e+00	
911	4.472500e-08	1.800000e+00	
912	4.477500e-08	1.800000e+00	
913	4.482500e-08	1.800000e+00	
914	4.487500e-08	1.800000e+00	
915	4.492500e-08	1.800000e+00	
916	4.497500e-08	1.800000e+00	
917	4.502500e-08	1.800000e+00	
918	4.507500e-08	1.800000e+00	
919	4.512500e-08	1.800000e+00	
920	4.517500e-08	1.800000e+00	
921	4.522500e-08	1.800000e+00	
922	4.527500e-08	1.800000e+00	
923	4.532500e-08	1.800000e+00	
924	4.537500e-08	1.800000e+00	

Index   time            v(clk)          
--------------------------------------------------------------------------------
925	4.542500e-08	1.800000e+00	
926	4.547500e-08	1.800000e+00	
927	4.552500e-08	1.800000e+00	
928	4.557500e-08	1.800000e+00	
929	4.562500e-08	1.800000e+00	
930	4.567500e-08	1.800000e+00	
931	4.572500e-08	1.800000e+00	
932	4.577500e-08	1.800000e+00	
933	4.582500e-08	1.800000e+00	
934	4.587500e-08	1.800000e+00	
935	4.592500e-08	1.800000e+00	
936	4.597500e-08	1.800000e+00	
937	4.602500e-08	1.800000e+00	
938	4.607500e-08	1.800000e+00	
939	4.612500e-08	1.800000e+00	
940	4.617500e-08	1.800000e+00	
941	4.622500e-08	1.800000e+00	
942	4.627500e-08	1.800000e+00	
943	4.632500e-08	1.800000e+00	
944	4.637500e-08	1.800000e+00	
945	4.642500e-08	1.800000e+00	
946	4.647500e-08	1.800000e+00	
947	4.652500e-08	1.800000e+00	
948	4.657500e-08	1.800000e+00	
949	4.662500e-08	1.800000e+00	
950	4.667500e-08	1.800000e+00	
951	4.672500e-08	1.800000e+00	
952	4.677500e-08	1.800000e+00	
953	4.682500e-08	1.800000e+00	
954	4.687500e-08	1.800000e+00	
955	4.692500e-08	1.800000e+00	
956	4.697500e-08	1.800000e+00	
957	4.702500e-08	1.800000e+00	
958	4.707500e-08	1.800000e+00	
959	4.712500e-08	1.800000e+00	
960	4.717500e-08	1.800000e+00	
961	4.722500e-08	1.800000e+00	
962	4.727500e-08	1.800000e+00	
963	4.732500e-08	1.800000e+00	
964	4.737500e-08	1.800000e+00	
965	4.742500e-08	1.800000e+00	
966	4.747500e-08	1.800000e+00	
967	4.752500e-08	1.800000e+00	
968	4.757500e-08	1.800000e+00	
969	4.762500e-08	1.800000e+00	
970	4.767500e-08	1.800000e+00	
971	4.772500e-08	1.800000e+00	
972	4.777500e-08	1.800000e+00	
973	4.782500e-08	1.800000e+00	
974	4.787500e-08	1.800000e+00	
975	4.792500e-08	1.800000e+00	
976	4.797500e-08	1.800000e+00	
977	4.802500e-08	1.800000e+00	
978	4.807500e-08	1.800000e+00	
979	4.812500e-08	1.800000e+00	
980	4.817500e-08	1.800000e+00	
981	4.822500e-08	1.800000e+00	
982	4.827500e-08	1.800000e+00	

Index   time            v(clk)          
--------------------------------------------------------------------------------
983	4.832500e-08	1.800000e+00	
984	4.837500e-08	1.800000e+00	
985	4.842500e-08	1.800000e+00	
986	4.847500e-08	1.800000e+00	
987	4.852500e-08	1.800000e+00	
988	4.857500e-08	1.800000e+00	
989	4.862500e-08	1.800000e+00	
990	4.867500e-08	1.800000e+00	
991	4.872500e-08	1.800000e+00	
992	4.877500e-08	1.800000e+00	
993	4.882500e-08	1.800000e+00	
994	4.887500e-08	1.800000e+00	
995	4.892500e-08	1.800000e+00	
996	4.896250e-08	1.800000e+00	
997	4.900000e-08	1.800000e+00	
998	4.900500e-08	1.800000e+00	
999	4.901500e-08	1.800000e+00	
1000	4.903500e-08	1.800000e+00	
1001	4.907500e-08	1.800000e+00	
1002	4.912500e-08	1.800000e+00	
1003	4.917500e-08	1.800000e+00	
1004	4.922500e-08	1.800000e+00	
1005	4.927500e-08	1.800000e+00	
1006	4.932500e-08	1.800000e+00	
1007	4.937500e-08	1.800000e+00	
1008	4.942500e-08	1.800000e+00	
1009	4.947500e-08	1.800000e+00	
1010	4.952500e-08	1.800000e+00	
1011	4.957500e-08	1.800000e+00	
1012	4.962500e-08	1.800000e+00	
1013	4.967500e-08	1.800000e+00	
1014	4.972500e-08	1.800000e+00	
1015	4.977500e-08	1.800000e+00	
1016	4.982500e-08	1.800000e+00	
1017	4.987500e-08	1.800000e+00	
1018	4.992500e-08	1.800000e+00	
1019	4.996250e-08	1.800000e+00	
1020	5.000000e-08	1.800000e+00	
1021	5.000500e-08	1.800000e+00	
1022	5.001500e-08	1.800000e+00	
1023	5.003500e-08	1.800000e+00	
1024	5.007500e-08	1.800000e+00	
1025	5.012500e-08	1.800000e+00	
1026	5.017500e-08	1.800000e+00	
1027	5.022500e-08	1.800000e+00	
1028	5.027500e-08	1.800000e+00	
1029	5.032500e-08	1.800000e+00	
1030	5.037500e-08	1.800000e+00	
1031	5.042500e-08	1.800000e+00	
1032	5.047500e-08	1.800000e+00	
1033	5.052500e-08	1.800000e+00	
1034	5.057500e-08	1.800000e+00	
1035	5.062500e-08	1.800000e+00	
1036	5.067500e-08	1.800000e+00	
1037	5.072500e-08	1.800000e+00	
1038	5.077500e-08	1.800000e+00	
1039	5.082500e-08	1.800000e+00	
1040	5.087500e-08	1.800000e+00	

Index   time            v(clk)          
--------------------------------------------------------------------------------
1041	5.092500e-08	1.800000e+00	
1042	5.097500e-08	1.800000e+00	
1043	5.102500e-08	1.800000e+00	
1044	5.107500e-08	1.800000e+00	
1045	5.112500e-08	1.800000e+00	
1046	5.117500e-08	1.800000e+00	
1047	5.122500e-08	1.800000e+00	
1048	5.127500e-08	1.800000e+00	
1049	5.132500e-08	1.800000e+00	
1050	5.137500e-08	1.800000e+00	
1051	5.142500e-08	1.800000e+00	
1052	5.147500e-08	1.800000e+00	
1053	5.152500e-08	1.800000e+00	
1054	5.157500e-08	1.800000e+00	
1055	5.162500e-08	1.800000e+00	
1056	5.167500e-08	1.800000e+00	
1057	5.172500e-08	1.800000e+00	
1058	5.177500e-08	1.800000e+00	
1059	5.182500e-08	1.800000e+00	
1060	5.187500e-08	1.800000e+00	
1061	5.192500e-08	1.800000e+00	
1062	5.197500e-08	1.800000e+00	
1063	5.202500e-08	1.800000e+00	
1064	5.207500e-08	1.800000e+00	
1065	5.212500e-08	1.800000e+00	
1066	5.217500e-08	1.800000e+00	
1067	5.222500e-08	1.800000e+00	
1068	5.227500e-08	1.800000e+00	
1069	5.232500e-08	1.800000e+00	
1070	5.237500e-08	1.800000e+00	
1071	5.242500e-08	1.800000e+00	
1072	5.247500e-08	1.800000e+00	
1073	5.252500e-08	1.800000e+00	
1074	5.257500e-08	1.800000e+00	
1075	5.262500e-08	1.800000e+00	
1076	5.267500e-08	1.800000e+00	
1077	5.272500e-08	1.800000e+00	
1078	5.277500e-08	1.800000e+00	
1079	5.282500e-08	1.800000e+00	
1080	5.287500e-08	1.800000e+00	
1081	5.292500e-08	1.800000e+00	
1082	5.297500e-08	1.800000e+00	
1083	5.302500e-08	1.800000e+00	
1084	5.307500e-08	1.800000e+00	
1085	5.312500e-08	1.800000e+00	
1086	5.317500e-08	1.800000e+00	
1087	5.322500e-08	1.800000e+00	
1088	5.327500e-08	1.800000e+00	
1089	5.332500e-08	1.800000e+00	
1090	5.337500e-08	1.800000e+00	
1091	5.342500e-08	1.800000e+00	
1092	5.347500e-08	1.800000e+00	
1093	5.352500e-08	1.800000e+00	
1094	5.357500e-08	1.800000e+00	
1095	5.362500e-08	1.800000e+00	
1096	5.367500e-08	1.800000e+00	
1097	5.372500e-08	1.800000e+00	
1098	5.377500e-08	1.800000e+00	

Index   time            v(clk)          
--------------------------------------------------------------------------------
1099	5.382500e-08	1.800000e+00	
1100	5.387500e-08	1.800000e+00	
1101	5.392500e-08	1.800000e+00	
1102	5.397500e-08	1.800000e+00	
1103	5.402500e-08	1.800000e+00	
1104	5.407500e-08	1.800000e+00	
1105	5.412500e-08	1.800000e+00	
1106	5.417500e-08	1.800000e+00	
1107	5.422500e-08	1.800000e+00	
1108	5.427500e-08	1.800000e+00	
1109	5.432500e-08	1.800000e+00	
1110	5.437500e-08	1.800000e+00	
1111	5.442500e-08	1.800000e+00	
1112	5.447500e-08	1.800000e+00	
1113	5.452500e-08	1.800000e+00	
1114	5.457500e-08	1.800000e+00	
1115	5.462500e-08	1.800000e+00	
1116	5.467500e-08	1.800000e+00	
1117	5.472500e-08	1.800000e+00	
1118	5.477500e-08	1.800000e+00	
1119	5.482500e-08	1.800000e+00	
1120	5.487500e-08	1.800000e+00	
1121	5.492500e-08	1.800000e+00	
1122	5.497500e-08	1.800000e+00	
1123	5.502500e-08	1.800000e+00	
1124	5.507500e-08	1.800000e+00	
1125	5.512500e-08	1.800000e+00	
1126	5.517500e-08	1.800000e+00	
1127	5.522500e-08	1.800000e+00	
1128	5.527500e-08	1.800000e+00	
1129	5.532500e-08	1.800000e+00	
1130	5.537500e-08	1.800000e+00	
1131	5.542500e-08	1.800000e+00	
1132	5.547500e-08	1.800000e+00	
1133	5.552500e-08	1.800000e+00	
1134	5.557500e-08	1.800000e+00	
1135	5.562500e-08	1.800000e+00	
1136	5.567500e-08	1.800000e+00	
1137	5.572500e-08	1.800000e+00	
1138	5.577500e-08	1.800000e+00	
1139	5.582500e-08	1.800000e+00	
1140	5.587500e-08	1.800000e+00	
1141	5.592500e-08	1.800000e+00	
1142	5.597500e-08	1.800000e+00	
1143	5.602500e-08	1.800000e+00	
1144	5.607500e-08	1.800000e+00	
1145	5.612500e-08	1.800000e+00	
1146	5.617500e-08	1.800000e+00	
1147	5.622500e-08	1.800000e+00	
1148	5.627500e-08	1.800000e+00	
1149	5.632500e-08	1.800000e+00	
1150	5.637500e-08	1.800000e+00	
1151	5.642500e-08	1.800000e+00	
1152	5.647500e-08	1.800000e+00	
1153	5.652500e-08	1.800000e+00	
1154	5.657500e-08	1.800000e+00	
1155	5.662500e-08	1.800000e+00	
1156	5.667500e-08	1.800000e+00	

Index   time            v(clk)          
--------------------------------------------------------------------------------
1157	5.672500e-08	1.800000e+00	
1158	5.677500e-08	1.800000e+00	
1159	5.682500e-08	1.800000e+00	
1160	5.687500e-08	1.800000e+00	
1161	5.692500e-08	1.800000e+00	
1162	5.697500e-08	1.800000e+00	
1163	5.702500e-08	1.800000e+00	
1164	5.707500e-08	1.800000e+00	
1165	5.712500e-08	1.800000e+00	
1166	5.717500e-08	1.800000e+00	
1167	5.722500e-08	1.800000e+00	
1168	5.727500e-08	1.800000e+00	
1169	5.732500e-08	1.800000e+00	
1170	5.737500e-08	1.800000e+00	
1171	5.742500e-08	1.800000e+00	
1172	5.747500e-08	1.800000e+00	
1173	5.752500e-08	1.800000e+00	
1174	5.757500e-08	1.800000e+00	
1175	5.762500e-08	1.800000e+00	
1176	5.767500e-08	1.800000e+00	
1177	5.772500e-08	1.800000e+00	
1178	5.777500e-08	1.800000e+00	
1179	5.782500e-08	1.800000e+00	
1180	5.787500e-08	1.800000e+00	
1181	5.792500e-08	1.800000e+00	
1182	5.797500e-08	1.800000e+00	
1183	5.802500e-08	1.800000e+00	
1184	5.807500e-08	1.800000e+00	
1185	5.812500e-08	1.800000e+00	
1186	5.817500e-08	1.800000e+00	
1187	5.822500e-08	1.800000e+00	
1188	5.827500e-08	1.800000e+00	
1189	5.832500e-08	1.800000e+00	
1190	5.837500e-08	1.800000e+00	
1191	5.842500e-08	1.800000e+00	
1192	5.847500e-08	1.800000e+00	
1193	5.852500e-08	1.800000e+00	
1194	5.857500e-08	1.800000e+00	
1195	5.862500e-08	1.800000e+00	
1196	5.867500e-08	1.800000e+00	
1197	5.872500e-08	1.800000e+00	
1198	5.877500e-08	1.800000e+00	
1199	5.882500e-08	1.800000e+00	
1200	5.887500e-08	1.800000e+00	
1201	5.892500e-08	1.800000e+00	
1202	5.897500e-08	1.800000e+00	
1203	5.902500e-08	1.800000e+00	
1204	5.907500e-08	1.800000e+00	
1205	5.912500e-08	1.800000e+00	
1206	5.917500e-08	1.800000e+00	
1207	5.922500e-08	1.800000e+00	
1208	5.927500e-08	1.800000e+00	
1209	5.932500e-08	1.800000e+00	
1210	5.937500e-08	1.800000e+00	
1211	5.942500e-08	1.800000e+00	
1212	5.947500e-08	1.800000e+00	
1213	5.952500e-08	1.800000e+00	
1214	5.957500e-08	1.800000e+00	

Index   time            v(clk)          
--------------------------------------------------------------------------------
1215	5.962500e-08	1.800000e+00	
1216	5.967500e-08	1.800000e+00	
1217	5.972500e-08	1.800000e+00	
1218	5.977500e-08	1.800000e+00	
1219	5.982500e-08	1.800000e+00	
1220	5.987500e-08	1.800000e+00	
1221	5.992500e-08	1.800000e+00	
1222	5.997500e-08	1.800000e+00	
1223	6.002500e-08	1.800000e+00	
1224	6.007500e-08	1.800000e+00	
1225	6.012500e-08	1.800000e+00	
1226	6.017500e-08	1.800000e+00	
1227	6.022500e-08	1.800000e+00	
1228	6.027500e-08	1.800000e+00	
1229	6.032500e-08	1.800000e+00	
1230	6.037500e-08	1.800000e+00	
1231	6.042500e-08	1.800000e+00	
1232	6.047500e-08	1.800000e+00	
1233	6.052500e-08	1.800000e+00	
1234	6.057500e-08	1.800000e+00	
1235	6.062500e-08	1.800000e+00	
1236	6.067500e-08	1.800000e+00	
1237	6.072500e-08	1.800000e+00	
1238	6.077500e-08	1.800000e+00	
1239	6.082500e-08	1.800000e+00	
1240	6.087500e-08	1.800000e+00	
1241	6.092500e-08	1.800000e+00	
1242	6.097500e-08	1.800000e+00	
1243	6.102500e-08	1.800000e+00	
1244	6.107500e-08	1.800000e+00	
1245	6.112500e-08	1.800000e+00	
1246	6.117500e-08	1.800000e+00	
1247	6.122500e-08	1.800000e+00	
1248	6.127500e-08	1.800000e+00	
1249	6.132500e-08	1.800000e+00	
1250	6.137500e-08	1.800000e+00	
1251	6.142500e-08	1.800000e+00	
1252	6.147500e-08	1.800000e+00	
1253	6.152500e-08	1.800000e+00	
1254	6.157500e-08	1.800000e+00	
1255	6.162500e-08	1.800000e+00	
1256	6.167500e-08	1.800000e+00	
1257	6.172500e-08	1.800000e+00	
1258	6.177500e-08	1.800000e+00	
1259	6.182500e-08	1.800000e+00	
1260	6.187500e-08	1.800000e+00	
1261	6.192500e-08	1.800000e+00	
1262	6.197500e-08	1.800000e+00	
1263	6.202500e-08	1.800000e+00	
1264	6.207500e-08	1.800000e+00	
1265	6.212500e-08	1.800000e+00	
1266	6.217500e-08	1.800000e+00	
1267	6.222500e-08	1.800000e+00	
1268	6.227500e-08	1.800000e+00	
1269	6.232500e-08	1.800000e+00	
1270	6.237500e-08	1.800000e+00	
1271	6.242500e-08	1.800000e+00	
1272	6.247500e-08	1.800000e+00	

Index   time            v(clk)          
--------------------------------------------------------------------------------
1273	6.252500e-08	1.800000e+00	
1274	6.257500e-08	1.800000e+00	
1275	6.262500e-08	1.800000e+00	
1276	6.267500e-08	1.800000e+00	
1277	6.272500e-08	1.800000e+00	
1278	6.277500e-08	1.800000e+00	
1279	6.282500e-08	1.800000e+00	
1280	6.287500e-08	1.800000e+00	
1281	6.292500e-08	1.800000e+00	
1282	6.297500e-08	1.800000e+00	
1283	6.302500e-08	1.800000e+00	
1284	6.307500e-08	1.800000e+00	
1285	6.312500e-08	1.800000e+00	
1286	6.317500e-08	1.800000e+00	
1287	6.322500e-08	1.800000e+00	
1288	6.327500e-08	1.800000e+00	
1289	6.332500e-08	1.800000e+00	
1290	6.337500e-08	1.800000e+00	
1291	6.342500e-08	1.800000e+00	
1292	6.347500e-08	1.800000e+00	
1293	6.352500e-08	1.800000e+00	
1294	6.357500e-08	1.800000e+00	
1295	6.362500e-08	1.800000e+00	
1296	6.367500e-08	1.800000e+00	
1297	6.372500e-08	1.800000e+00	
1298	6.377500e-08	1.800000e+00	
1299	6.382500e-08	1.800000e+00	
1300	6.387500e-08	1.800000e+00	
1301	6.392500e-08	1.800000e+00	
1302	6.397500e-08	1.800000e+00	
1303	6.402500e-08	1.800000e+00	
1304	6.407500e-08	1.800000e+00	
1305	6.412500e-08	1.800000e+00	
1306	6.417500e-08	1.800000e+00	
1307	6.422500e-08	1.800000e+00	
1308	6.427500e-08	1.800000e+00	
1309	6.432500e-08	1.800000e+00	
1310	6.437500e-08	1.800000e+00	
1311	6.442500e-08	1.800000e+00	
1312	6.447500e-08	1.800000e+00	
1313	6.452500e-08	1.800000e+00	
1314	6.457500e-08	1.800000e+00	
1315	6.462500e-08	1.800000e+00	
1316	6.467500e-08	1.800000e+00	
1317	6.472500e-08	1.800000e+00	
1318	6.477500e-08	1.800000e+00	
1319	6.482500e-08	1.800000e+00	
1320	6.487500e-08	1.800000e+00	
1321	6.492500e-08	1.800000e+00	
1322	6.497500e-08	1.800000e+00	
1323	6.502500e-08	1.800000e+00	
1324	6.507500e-08	1.800000e+00	
1325	6.512500e-08	1.800000e+00	
1326	6.517500e-08	1.800000e+00	
1327	6.522500e-08	1.800000e+00	
1328	6.527500e-08	1.800000e+00	
1329	6.532500e-08	1.800000e+00	
1330	6.537500e-08	1.800000e+00	

Index   time            v(clk)          
--------------------------------------------------------------------------------
1331	6.542500e-08	1.800000e+00	
1332	6.547500e-08	1.800000e+00	
1333	6.552500e-08	1.800000e+00	
1334	6.557500e-08	1.800000e+00	
1335	6.562500e-08	1.800000e+00	
1336	6.567500e-08	1.800000e+00	
1337	6.572500e-08	1.800000e+00	
1338	6.577500e-08	1.800000e+00	
1339	6.582500e-08	1.800000e+00	
1340	6.587500e-08	1.800000e+00	
1341	6.592500e-08	1.800000e+00	
1342	6.597500e-08	1.800000e+00	
1343	6.602500e-08	1.800000e+00	
1344	6.607500e-08	1.800000e+00	
1345	6.612500e-08	1.800000e+00	
1346	6.617500e-08	1.800000e+00	
1347	6.622500e-08	1.800000e+00	
1348	6.627500e-08	1.800000e+00	
1349	6.632500e-08	1.800000e+00	
1350	6.637500e-08	1.800000e+00	
1351	6.642500e-08	1.800000e+00	
1352	6.647500e-08	1.800000e+00	
1353	6.652500e-08	1.800000e+00	
1354	6.657500e-08	1.800000e+00	
1355	6.662500e-08	1.800000e+00	
1356	6.667500e-08	1.800000e+00	
1357	6.672500e-08	1.800000e+00	
1358	6.677500e-08	1.800000e+00	
1359	6.682500e-08	1.800000e+00	
1360	6.687500e-08	1.800000e+00	
1361	6.692500e-08	1.800000e+00	
1362	6.697500e-08	1.800000e+00	
1363	6.702500e-08	1.800000e+00	
1364	6.707500e-08	1.800000e+00	
1365	6.712500e-08	1.800000e+00	
1366	6.717500e-08	1.800000e+00	
1367	6.722500e-08	1.800000e+00	
1368	6.727500e-08	1.800000e+00	
1369	6.732500e-08	1.800000e+00	
1370	6.737500e-08	1.800000e+00	
1371	6.742500e-08	1.800000e+00	
1372	6.747500e-08	1.800000e+00	
1373	6.752500e-08	1.800000e+00	
1374	6.757500e-08	1.800000e+00	
1375	6.762500e-08	1.800000e+00	
1376	6.767500e-08	1.800000e+00	
1377	6.772500e-08	1.800000e+00	
1378	6.777500e-08	1.800000e+00	
1379	6.782500e-08	1.800000e+00	
1380	6.787500e-08	1.800000e+00	
1381	6.792500e-08	1.800000e+00	
1382	6.797500e-08	1.800000e+00	
1383	6.802500e-08	1.800000e+00	
1384	6.807500e-08	1.800000e+00	
1385	6.812500e-08	1.800000e+00	
1386	6.817500e-08	1.800000e+00	
1387	6.822500e-08	1.800000e+00	
1388	6.827500e-08	1.800000e+00	

Index   time            v(clk)          
--------------------------------------------------------------------------------
1389	6.832500e-08	1.800000e+00	
1390	6.837500e-08	1.800000e+00	
1391	6.842500e-08	1.800000e+00	
1392	6.847500e-08	1.800000e+00	
1393	6.852500e-08	1.800000e+00	
1394	6.857500e-08	1.800000e+00	
1395	6.862500e-08	1.800000e+00	
1396	6.867500e-08	1.800000e+00	
1397	6.872500e-08	1.800000e+00	
1398	6.877500e-08	1.800000e+00	
1399	6.882500e-08	1.800000e+00	
1400	6.887500e-08	1.800000e+00	
1401	6.892500e-08	1.800000e+00	
1402	6.897500e-08	1.800000e+00	
1403	6.902500e-08	1.800000e+00	
1404	6.907500e-08	1.800000e+00	
1405	6.912500e-08	1.800000e+00	
1406	6.917500e-08	1.800000e+00	
1407	6.922500e-08	1.800000e+00	
1408	6.927500e-08	1.800000e+00	
1409	6.932500e-08	1.800000e+00	
1410	6.937500e-08	1.800000e+00	
1411	6.942500e-08	1.800000e+00	
1412	6.947500e-08	1.800000e+00	
1413	6.952500e-08	1.800000e+00	
1414	6.957500e-08	1.800000e+00	
1415	6.962500e-08	1.800000e+00	
1416	6.967500e-08	1.800000e+00	
1417	6.972500e-08	1.800000e+00	
1418	6.977500e-08	1.800000e+00	
1419	6.982500e-08	1.800000e+00	
1420	6.987500e-08	1.800000e+00	
1421	6.992500e-08	1.800000e+00	
1422	6.997500e-08	1.800000e+00	
1423	7.002500e-08	1.800000e+00	
1424	7.007500e-08	1.800000e+00	
1425	7.012500e-08	1.800000e+00	
1426	7.017500e-08	1.800000e+00	
1427	7.022500e-08	1.800000e+00	
1428	7.027500e-08	1.800000e+00	
1429	7.032500e-08	1.800000e+00	
1430	7.037500e-08	1.800000e+00	
1431	7.042500e-08	1.800000e+00	
1432	7.047500e-08	1.800000e+00	
1433	7.052500e-08	1.800000e+00	
1434	7.057500e-08	1.800000e+00	
1435	7.062500e-08	1.800000e+00	
1436	7.067500e-08	1.800000e+00	
1437	7.072500e-08	1.800000e+00	
1438	7.077500e-08	1.800000e+00	
1439	7.082500e-08	1.800000e+00	
1440	7.087500e-08	1.800000e+00	
1441	7.092500e-08	1.800000e+00	
1442	7.097500e-08	1.800000e+00	
1443	7.102500e-08	1.800000e+00	
1444	7.107500e-08	1.800000e+00	
1445	7.112500e-08	1.800000e+00	
1446	7.117500e-08	1.800000e+00	

Index   time            v(clk)          
--------------------------------------------------------------------------------
1447	7.122500e-08	1.800000e+00	
1448	7.127500e-08	1.800000e+00	
1449	7.132500e-08	1.800000e+00	
1450	7.137500e-08	1.800000e+00	
1451	7.142500e-08	1.800000e+00	
1452	7.147500e-08	1.800000e+00	
1453	7.152500e-08	1.800000e+00	
1454	7.157500e-08	1.800000e+00	
1455	7.162500e-08	1.800000e+00	
1456	7.167500e-08	1.800000e+00	
1457	7.172500e-08	1.800000e+00	
1458	7.177500e-08	1.800000e+00	
1459	7.182500e-08	1.800000e+00	
1460	7.187500e-08	1.800000e+00	
1461	7.192500e-08	1.800000e+00	
1462	7.197500e-08	1.800000e+00	
1463	7.202500e-08	1.800000e+00	
1464	7.207500e-08	1.800000e+00	
1465	7.212500e-08	1.800000e+00	
1466	7.217500e-08	1.800000e+00	
1467	7.222500e-08	1.800000e+00	
1468	7.227500e-08	1.800000e+00	
1469	7.232500e-08	1.800000e+00	
1470	7.237500e-08	1.800000e+00	
1471	7.242500e-08	1.800000e+00	
1472	7.247500e-08	1.800000e+00	
1473	7.252500e-08	1.800000e+00	
1474	7.257500e-08	1.800000e+00	
1475	7.262500e-08	1.800000e+00	
1476	7.267500e-08	1.800000e+00	
1477	7.272500e-08	1.800000e+00	
1478	7.277500e-08	1.800000e+00	
1479	7.282500e-08	1.800000e+00	
1480	7.287500e-08	1.800000e+00	
1481	7.292500e-08	1.800000e+00	
1482	7.297500e-08	1.800000e+00	
1483	7.302500e-08	1.800000e+00	
1484	7.307500e-08	1.800000e+00	
1485	7.312500e-08	1.800000e+00	
1486	7.317500e-08	1.800000e+00	
1487	7.322500e-08	1.800000e+00	
1488	7.327500e-08	1.800000e+00	
1489	7.332500e-08	1.800000e+00	
1490	7.337500e-08	1.800000e+00	
1491	7.342500e-08	1.800000e+00	
1492	7.347500e-08	1.800000e+00	
1493	7.352500e-08	1.800000e+00	
1494	7.357500e-08	1.800000e+00	
1495	7.362500e-08	1.800000e+00	
1496	7.367500e-08	1.800000e+00	
1497	7.372500e-08	1.800000e+00	
1498	7.377500e-08	1.800000e+00	
1499	7.382500e-08	1.800000e+00	
1500	7.387500e-08	1.800000e+00	
1501	7.392500e-08	1.800000e+00	
1502	7.397500e-08	1.800000e+00	
1503	7.402500e-08	1.800000e+00	
1504	7.407500e-08	1.800000e+00	

Index   time            v(clk)          
--------------------------------------------------------------------------------
1505	7.412500e-08	1.800000e+00	
1506	7.417500e-08	1.800000e+00	
1507	7.422500e-08	1.800000e+00	
1508	7.427500e-08	1.800000e+00	
1509	7.432500e-08	1.800000e+00	
1510	7.437500e-08	1.800000e+00	
1511	7.442500e-08	1.800000e+00	
1512	7.447500e-08	1.800000e+00	
1513	7.452500e-08	1.800000e+00	
1514	7.457500e-08	1.800000e+00	
1515	7.462500e-08	1.800000e+00	
1516	7.467500e-08	1.800000e+00	
1517	7.472500e-08	1.800000e+00	
1518	7.477500e-08	1.800000e+00	
1519	7.482500e-08	1.800000e+00	
1520	7.487500e-08	1.800000e+00	
1521	7.492500e-08	1.800000e+00	
1522	7.497500e-08	1.800000e+00	
1523	7.502500e-08	1.800000e+00	
1524	7.507500e-08	1.800000e+00	
1525	7.512500e-08	1.800000e+00	
1526	7.517500e-08	1.800000e+00	
1527	7.522500e-08	1.800000e+00	
1528	7.527500e-08	1.800000e+00	
1529	7.532500e-08	1.800000e+00	
1530	7.537500e-08	1.800000e+00	
1531	7.542500e-08	1.800000e+00	
1532	7.547500e-08	1.800000e+00	
1533	7.552500e-08	1.800000e+00	
1534	7.557500e-08	1.800000e+00	
1535	7.562500e-08	1.800000e+00	
1536	7.567500e-08	1.800000e+00	
1537	7.572500e-08	1.800000e+00	
1538	7.577500e-08	1.800000e+00	
1539	7.582500e-08	1.800000e+00	
1540	7.587500e-08	1.800000e+00	
1541	7.592500e-08	1.800000e+00	
1542	7.597500e-08	1.800000e+00	
1543	7.602500e-08	1.800000e+00	
1544	7.607500e-08	1.800000e+00	
1545	7.612500e-08	1.800000e+00	
1546	7.617500e-08	1.800000e+00	
1547	7.622500e-08	1.800000e+00	
1548	7.627500e-08	1.800000e+00	
1549	7.632500e-08	1.800000e+00	
1550	7.637500e-08	1.800000e+00	
1551	7.642500e-08	1.800000e+00	
1552	7.647500e-08	1.800000e+00	
1553	7.652500e-08	1.800000e+00	
1554	7.657500e-08	1.800000e+00	
1555	7.662500e-08	1.800000e+00	
1556	7.667500e-08	1.800000e+00	
1557	7.672500e-08	1.800000e+00	
1558	7.677500e-08	1.800000e+00	
1559	7.682500e-08	1.800000e+00	
1560	7.687500e-08	1.800000e+00	
1561	7.692500e-08	1.800000e+00	
1562	7.697500e-08	1.800000e+00	

Index   time            v(clk)          
--------------------------------------------------------------------------------
1563	7.702500e-08	1.800000e+00	
1564	7.707500e-08	1.800000e+00	
1565	7.712500e-08	1.800000e+00	
1566	7.717500e-08	1.800000e+00	
1567	7.722500e-08	1.800000e+00	
1568	7.727500e-08	1.800000e+00	
1569	7.732500e-08	1.800000e+00	
1570	7.737500e-08	1.800000e+00	
1571	7.742500e-08	1.800000e+00	
1572	7.747500e-08	1.800000e+00	
1573	7.752500e-08	1.800000e+00	
1574	7.757500e-08	1.800000e+00	
1575	7.762500e-08	1.800000e+00	
1576	7.767500e-08	1.800000e+00	
1577	7.772500e-08	1.800000e+00	
1578	7.777500e-08	1.800000e+00	
1579	7.782500e-08	1.800000e+00	
1580	7.787500e-08	1.800000e+00	
1581	7.792500e-08	1.800000e+00	
1582	7.797500e-08	1.800000e+00	
1583	7.802500e-08	1.800000e+00	
1584	7.807500e-08	1.800000e+00	
1585	7.812500e-08	1.800000e+00	
1586	7.817500e-08	1.800000e+00	
1587	7.822500e-08	1.800000e+00	
1588	7.827500e-08	1.800000e+00	
1589	7.832500e-08	1.800000e+00	
1590	7.837500e-08	1.800000e+00	
1591	7.842500e-08	1.800000e+00	
1592	7.847500e-08	1.800000e+00	
1593	7.852500e-08	1.800000e+00	
1594	7.857500e-08	1.800000e+00	
1595	7.862500e-08	1.800000e+00	
1596	7.867500e-08	1.800000e+00	
1597	7.872500e-08	1.800000e+00	
1598	7.877500e-08	1.800000e+00	
1599	7.882500e-08	1.800000e+00	
1600	7.887500e-08	1.800000e+00	
1601	7.892500e-08	1.800000e+00	
1602	7.897500e-08	1.800000e+00	
1603	7.902500e-08	1.800000e+00	
1604	7.907500e-08	1.800000e+00	
1605	7.912500e-08	1.800000e+00	
1606	7.917500e-08	1.800000e+00	
1607	7.922500e-08	1.800000e+00	
1608	7.927500e-08	1.800000e+00	
1609	7.932500e-08	1.800000e+00	
1610	7.937500e-08	1.800000e+00	
1611	7.942500e-08	1.800000e+00	
1612	7.947500e-08	1.800000e+00	
1613	7.952500e-08	1.800000e+00	
1614	7.957500e-08	1.800000e+00	
1615	7.962500e-08	1.800000e+00	
1616	7.967500e-08	1.800000e+00	
1617	7.972500e-08	1.800000e+00	
1618	7.977500e-08	1.800000e+00	
1619	7.982500e-08	1.800000e+00	
1620	7.987500e-08	1.800000e+00	

Index   time            v(clk)          
--------------------------------------------------------------------------------
1621	7.992500e-08	1.800000e+00	
1622	7.997500e-08	1.800000e+00	
1623	8.002500e-08	1.800000e+00	
1624	8.007500e-08	1.800000e+00	
1625	8.012500e-08	1.800000e+00	
1626	8.017500e-08	1.800000e+00	
1627	8.022500e-08	1.800000e+00	
1628	8.027500e-08	1.800000e+00	
1629	8.032500e-08	1.800000e+00	
1630	8.037500e-08	1.800000e+00	
1631	8.042500e-08	1.800000e+00	
1632	8.047500e-08	1.800000e+00	
1633	8.052500e-08	1.800000e+00	
1634	8.057500e-08	1.800000e+00	
1635	8.062500e-08	1.800000e+00	
1636	8.067500e-08	1.800000e+00	
1637	8.072500e-08	1.800000e+00	
1638	8.077500e-08	1.800000e+00	
1639	8.082500e-08	1.800000e+00	
1640	8.087500e-08	1.800000e+00	
1641	8.092500e-08	1.800000e+00	
1642	8.097500e-08	1.800000e+00	
1643	8.102500e-08	1.800000e+00	
1644	8.107500e-08	1.800000e+00	
1645	8.112500e-08	1.800000e+00	
1646	8.117500e-08	1.800000e+00	
1647	8.122500e-08	1.800000e+00	
1648	8.127500e-08	1.800000e+00	
1649	8.132500e-08	1.800000e+00	
1650	8.137500e-08	1.800000e+00	
1651	8.142500e-08	1.800000e+00	
1652	8.147500e-08	1.800000e+00	
1653	8.152500e-08	1.800000e+00	
1654	8.157500e-08	1.800000e+00	
1655	8.162500e-08	1.800000e+00	
1656	8.167500e-08	1.800000e+00	
1657	8.172500e-08	1.800000e+00	
1658	8.177500e-08	1.800000e+00	
1659	8.182500e-08	1.800000e+00	
1660	8.187500e-08	1.800000e+00	
1661	8.192500e-08	1.800000e+00	
1662	8.197500e-08	1.800000e+00	
1663	8.202500e-08	1.800000e+00	
1664	8.207500e-08	1.800000e+00	
1665	8.212500e-08	1.800000e+00	
1666	8.217500e-08	1.800000e+00	
1667	8.222500e-08	1.800000e+00	
1668	8.227500e-08	1.800000e+00	
1669	8.232500e-08	1.800000e+00	
1670	8.237500e-08	1.800000e+00	
1671	8.242500e-08	1.800000e+00	
1672	8.247500e-08	1.800000e+00	
1673	8.252500e-08	1.800000e+00	
1674	8.257500e-08	1.800000e+00	
1675	8.262500e-08	1.800000e+00	
1676	8.267500e-08	1.800000e+00	
1677	8.272500e-08	1.800000e+00	
1678	8.277500e-08	1.800000e+00	

Index   time            v(clk)          
--------------------------------------------------------------------------------
1679	8.282500e-08	1.800000e+00	
1680	8.287500e-08	1.800000e+00	
1681	8.292500e-08	1.800000e+00	
1682	8.297500e-08	1.800000e+00	
1683	8.302500e-08	1.800000e+00	
1684	8.307500e-08	1.800000e+00	
1685	8.312500e-08	1.800000e+00	
1686	8.317500e-08	1.800000e+00	
1687	8.322500e-08	1.800000e+00	
1688	8.327500e-08	1.800000e+00	
1689	8.332500e-08	1.800000e+00	
1690	8.337500e-08	1.800000e+00	
1691	8.342500e-08	1.800000e+00	
1692	8.347500e-08	1.800000e+00	
1693	8.352500e-08	1.800000e+00	
1694	8.357500e-08	1.800000e+00	
1695	8.362500e-08	1.800000e+00	
1696	8.367500e-08	1.800000e+00	
1697	8.372500e-08	1.800000e+00	
1698	8.377500e-08	1.800000e+00	
1699	8.382500e-08	1.800000e+00	
1700	8.387500e-08	1.800000e+00	
1701	8.392500e-08	1.800000e+00	
1702	8.397500e-08	1.800000e+00	
1703	8.402500e-08	1.800000e+00	
1704	8.407500e-08	1.800000e+00	
1705	8.412500e-08	1.800000e+00	
1706	8.417500e-08	1.800000e+00	
1707	8.422500e-08	1.800000e+00	
1708	8.427500e-08	1.800000e+00	
1709	8.432500e-08	1.800000e+00	
1710	8.437500e-08	1.800000e+00	
1711	8.442500e-08	1.800000e+00	
1712	8.447500e-08	1.800000e+00	
1713	8.452500e-08	1.800000e+00	
1714	8.457500e-08	1.800000e+00	
1715	8.462500e-08	1.800000e+00	
1716	8.467500e-08	1.800000e+00	
1717	8.472500e-08	1.800000e+00	
1718	8.477500e-08	1.800000e+00	
1719	8.482500e-08	1.800000e+00	
1720	8.487500e-08	1.800000e+00	
1721	8.492500e-08	1.800000e+00	
1722	8.497500e-08	1.800000e+00	
1723	8.502500e-08	1.800000e+00	
1724	8.507500e-08	1.800000e+00	
1725	8.512500e-08	1.800000e+00	
1726	8.517500e-08	1.800000e+00	
1727	8.522500e-08	1.800000e+00	
1728	8.527500e-08	1.800000e+00	
1729	8.532500e-08	1.800000e+00	
1730	8.537500e-08	1.800000e+00	
1731	8.542500e-08	1.800000e+00	
1732	8.547500e-08	1.800000e+00	
1733	8.552500e-08	1.800000e+00	
1734	8.557500e-08	1.800000e+00	
1735	8.562500e-08	1.800000e+00	
1736	8.567500e-08	1.800000e+00	

Index   time            v(clk)          
--------------------------------------------------------------------------------
1737	8.572500e-08	1.800000e+00	
1738	8.577500e-08	1.800000e+00	
1739	8.582500e-08	1.800000e+00	
1740	8.587500e-08	1.800000e+00	
1741	8.592500e-08	1.800000e+00	
1742	8.597500e-08	1.800000e+00	
1743	8.602500e-08	1.800000e+00	
1744	8.607500e-08	1.800000e+00	
1745	8.612500e-08	1.800000e+00	
1746	8.617500e-08	1.800000e+00	
1747	8.622500e-08	1.800000e+00	
1748	8.627500e-08	1.800000e+00	
1749	8.632500e-08	1.800000e+00	
1750	8.637500e-08	1.800000e+00	
1751	8.642500e-08	1.800000e+00	
1752	8.647500e-08	1.800000e+00	
1753	8.652500e-08	1.800000e+00	
1754	8.657500e-08	1.800000e+00	
1755	8.662500e-08	1.800000e+00	
1756	8.667500e-08	1.800000e+00	
1757	8.672500e-08	1.800000e+00	
1758	8.677500e-08	1.800000e+00	
1759	8.682500e-08	1.800000e+00	
1760	8.687500e-08	1.800000e+00	
1761	8.692500e-08	1.800000e+00	
1762	8.697500e-08	1.800000e+00	
1763	8.702500e-08	1.800000e+00	
1764	8.707500e-08	1.800000e+00	
1765	8.712500e-08	1.800000e+00	
1766	8.717500e-08	1.800000e+00	
1767	8.722500e-08	1.800000e+00	
1768	8.727500e-08	1.800000e+00	
1769	8.732500e-08	1.800000e+00	
1770	8.737500e-08	1.800000e+00	
1771	8.742500e-08	1.800000e+00	
1772	8.747500e-08	1.800000e+00	
1773	8.752500e-08	1.800000e+00	
1774	8.757500e-08	1.800000e+00	
1775	8.762500e-08	1.800000e+00	
1776	8.767500e-08	1.800000e+00	
1777	8.772500e-08	1.800000e+00	
1778	8.777500e-08	1.800000e+00	
1779	8.782500e-08	1.800000e+00	
1780	8.787500e-08	1.800000e+00	
1781	8.792500e-08	1.800000e+00	
1782	8.797500e-08	1.800000e+00	
1783	8.802500e-08	1.800000e+00	
1784	8.807500e-08	1.800000e+00	
1785	8.812500e-08	1.800000e+00	
1786	8.817500e-08	1.800000e+00	
1787	8.822500e-08	1.800000e+00	
1788	8.827500e-08	1.800000e+00	
1789	8.832500e-08	1.800000e+00	
1790	8.837500e-08	1.800000e+00	
1791	8.842500e-08	1.800000e+00	
1792	8.847500e-08	1.800000e+00	
1793	8.852500e-08	1.800000e+00	
1794	8.857500e-08	1.800000e+00	

Index   time            v(clk)          
--------------------------------------------------------------------------------
1795	8.862500e-08	1.800000e+00	
1796	8.867500e-08	1.800000e+00	
1797	8.872500e-08	1.800000e+00	
1798	8.877500e-08	1.800000e+00	
1799	8.882500e-08	1.800000e+00	
1800	8.887500e-08	1.800000e+00	
1801	8.892500e-08	1.800000e+00	
1802	8.897500e-08	1.800000e+00	
1803	8.902500e-08	1.800000e+00	
1804	8.907500e-08	1.800000e+00	
1805	8.912500e-08	1.800000e+00	
1806	8.917500e-08	1.800000e+00	
1807	8.922500e-08	1.800000e+00	
1808	8.927500e-08	1.800000e+00	
1809	8.932500e-08	1.800000e+00	
1810	8.937500e-08	1.800000e+00	
1811	8.942500e-08	1.800000e+00	
1812	8.947500e-08	1.800000e+00	
1813	8.952500e-08	1.800000e+00	
1814	8.957500e-08	1.800000e+00	
1815	8.962500e-08	1.800000e+00	
1816	8.967500e-08	1.800000e+00	
1817	8.972500e-08	1.800000e+00	
1818	8.977500e-08	1.800000e+00	
1819	8.982500e-08	1.800000e+00	
1820	8.987500e-08	1.800000e+00	
1821	8.992500e-08	1.800000e+00	
1822	8.997500e-08	1.800000e+00	
1823	9.002500e-08	1.800000e+00	
1824	9.007500e-08	1.800000e+00	
1825	9.012500e-08	1.800000e+00	
1826	9.017500e-08	1.800000e+00	
1827	9.022500e-08	1.800000e+00	
1828	9.027500e-08	1.800000e+00	
1829	9.032500e-08	1.800000e+00	
1830	9.037500e-08	1.800000e+00	
1831	9.042500e-08	1.800000e+00	
1832	9.047500e-08	1.800000e+00	
1833	9.052500e-08	1.800000e+00	
1834	9.057500e-08	1.800000e+00	
1835	9.062500e-08	1.800000e+00	
1836	9.067500e-08	1.800000e+00	
1837	9.072500e-08	1.800000e+00	
1838	9.077500e-08	1.800000e+00	
1839	9.082500e-08	1.800000e+00	
1840	9.087500e-08	1.800000e+00	
1841	9.092500e-08	1.800000e+00	
1842	9.097500e-08	1.800000e+00	
1843	9.102500e-08	1.800000e+00	
1844	9.107500e-08	1.800000e+00	
1845	9.112500e-08	1.800000e+00	
1846	9.117500e-08	1.800000e+00	
1847	9.122500e-08	1.800000e+00	
1848	9.127500e-08	1.800000e+00	
1849	9.132500e-08	1.800000e+00	
1850	9.137500e-08	1.800000e+00	
1851	9.142500e-08	1.800000e+00	
1852	9.147500e-08	1.800000e+00	

Index   time            v(clk)          
--------------------------------------------------------------------------------
1853	9.152500e-08	1.800000e+00	
1854	9.157500e-08	1.800000e+00	
1855	9.162500e-08	1.800000e+00	
1856	9.167500e-08	1.800000e+00	
1857	9.172500e-08	1.800000e+00	
1858	9.177500e-08	1.800000e+00	
1859	9.182500e-08	1.800000e+00	
1860	9.187500e-08	1.800000e+00	
1861	9.192500e-08	1.800000e+00	
1862	9.197500e-08	1.800000e+00	
1863	9.202500e-08	1.800000e+00	
1864	9.207500e-08	1.800000e+00	
1865	9.212500e-08	1.800000e+00	
1866	9.217500e-08	1.800000e+00	
1867	9.222500e-08	1.800000e+00	
1868	9.227500e-08	1.800000e+00	
1869	9.232500e-08	1.800000e+00	
1870	9.237500e-08	1.800000e+00	
1871	9.242500e-08	1.800000e+00	
1872	9.247500e-08	1.800000e+00	
1873	9.252500e-08	1.800000e+00	
1874	9.257500e-08	1.800000e+00	
1875	9.262500e-08	1.800000e+00	
1876	9.267500e-08	1.800000e+00	
1877	9.272500e-08	1.800000e+00	
1878	9.277500e-08	1.800000e+00	
1879	9.282500e-08	1.800000e+00	
1880	9.287500e-08	1.800000e+00	
1881	9.292500e-08	1.800000e+00	
1882	9.297500e-08	1.800000e+00	
1883	9.302500e-08	1.800000e+00	
1884	9.307500e-08	1.800000e+00	
1885	9.312500e-08	1.800000e+00	
1886	9.317500e-08	1.800000e+00	
1887	9.322500e-08	1.800000e+00	
1888	9.327500e-08	1.800000e+00	
1889	9.332500e-08	1.800000e+00	
1890	9.337500e-08	1.800000e+00	
1891	9.342500e-08	1.800000e+00	
1892	9.347500e-08	1.800000e+00	
1893	9.352500e-08	1.800000e+00	
1894	9.357500e-08	1.800000e+00	
1895	9.362500e-08	1.800000e+00	
1896	9.367500e-08	1.800000e+00	
1897	9.372500e-08	1.800000e+00	
1898	9.377500e-08	1.800000e+00	
1899	9.382500e-08	1.800000e+00	
1900	9.387500e-08	1.800000e+00	
1901	9.392500e-08	1.800000e+00	
1902	9.397500e-08	1.800000e+00	
1903	9.402500e-08	1.800000e+00	
1904	9.407500e-08	1.800000e+00	
1905	9.412500e-08	1.800000e+00	
1906	9.417500e-08	1.800000e+00	
1907	9.422500e-08	1.800000e+00	
1908	9.427500e-08	1.800000e+00	
1909	9.432500e-08	1.800000e+00	
1910	9.437500e-08	1.800000e+00	

Index   time            v(clk)          
--------------------------------------------------------------------------------
1911	9.442500e-08	1.800000e+00	
1912	9.447500e-08	1.800000e+00	
1913	9.452500e-08	1.800000e+00	
1914	9.457500e-08	1.800000e+00	
1915	9.462500e-08	1.800000e+00	
1916	9.467500e-08	1.800000e+00	
1917	9.472500e-08	1.800000e+00	
1918	9.477500e-08	1.800000e+00	
1919	9.482500e-08	1.800000e+00	
1920	9.487500e-08	1.800000e+00	
1921	9.492500e-08	1.800000e+00	
1922	9.497500e-08	1.800000e+00	
1923	9.502500e-08	1.800000e+00	
1924	9.507500e-08	1.800000e+00	
1925	9.512500e-08	1.800000e+00	
1926	9.517500e-08	1.800000e+00	
1927	9.522500e-08	1.800000e+00	
1928	9.527500e-08	1.800000e+00	
1929	9.532500e-08	1.800000e+00	
1930	9.537500e-08	1.800000e+00	
1931	9.542500e-08	1.800000e+00	
1932	9.547500e-08	1.800000e+00	
1933	9.552500e-08	1.800000e+00	
1934	9.557500e-08	1.800000e+00	
1935	9.562500e-08	1.800000e+00	
1936	9.567500e-08	1.800000e+00	
1937	9.572500e-08	1.800000e+00	
1938	9.577500e-08	1.800000e+00	
1939	9.582500e-08	1.800000e+00	
1940	9.587500e-08	1.800000e+00	
1941	9.592500e-08	1.800000e+00	
1942	9.597500e-08	1.800000e+00	
1943	9.602500e-08	1.800000e+00	
1944	9.607500e-08	1.800000e+00	
1945	9.612500e-08	1.800000e+00	
1946	9.617500e-08	1.800000e+00	
1947	9.622500e-08	1.800000e+00	
1948	9.627500e-08	1.800000e+00	
1949	9.632500e-08	1.800000e+00	
1950	9.637500e-08	1.800000e+00	
1951	9.642500e-08	1.800000e+00	
1952	9.647500e-08	1.800000e+00	
1953	9.652500e-08	1.800000e+00	
1954	9.657500e-08	1.800000e+00	
1955	9.662500e-08	1.800000e+00	
1956	9.667500e-08	1.800000e+00	
1957	9.672500e-08	1.800000e+00	
1958	9.677500e-08	1.800000e+00	
1959	9.682500e-08	1.800000e+00	
1960	9.687500e-08	1.800000e+00	
1961	9.692500e-08	1.800000e+00	
1962	9.697500e-08	1.800000e+00	
1963	9.702500e-08	1.800000e+00	
1964	9.707500e-08	1.800000e+00	
1965	9.712500e-08	1.800000e+00	
1966	9.717500e-08	1.800000e+00	
1967	9.722500e-08	1.800000e+00	
1968	9.727500e-08	1.800000e+00	

Index   time            v(clk)          
--------------------------------------------------------------------------------
1969	9.732500e-08	1.800000e+00	
1970	9.737500e-08	1.800000e+00	
1971	9.742500e-08	1.800000e+00	
1972	9.747500e-08	1.800000e+00	
1973	9.752500e-08	1.800000e+00	
1974	9.757500e-08	1.800000e+00	
1975	9.762500e-08	1.800000e+00	
1976	9.767500e-08	1.800000e+00	
1977	9.772500e-08	1.800000e+00	
1978	9.777500e-08	1.800000e+00	
1979	9.782500e-08	1.800000e+00	
1980	9.787500e-08	1.800000e+00	
1981	9.792500e-08	1.800000e+00	
1982	9.797500e-08	1.800000e+00	
1983	9.802500e-08	1.800000e+00	
1984	9.807500e-08	1.800000e+00	
1985	9.812500e-08	1.800000e+00	
1986	9.817500e-08	1.800000e+00	
1987	9.822500e-08	1.800000e+00	
1988	9.827500e-08	1.800000e+00	
1989	9.832500e-08	1.800000e+00	
1990	9.837500e-08	1.800000e+00	
1991	9.842500e-08	1.800000e+00	
1992	9.847500e-08	1.800000e+00	
1993	9.852500e-08	1.800000e+00	
1994	9.857500e-08	1.800000e+00	
1995	9.862500e-08	1.800000e+00	
1996	9.867500e-08	1.800000e+00	
1997	9.872500e-08	1.800000e+00	
1998	9.877500e-08	1.800000e+00	
1999	9.882500e-08	1.800000e+00	
2000	9.887500e-08	1.800000e+00	
2001	9.892500e-08	1.800000e+00	
2002	9.897500e-08	1.800000e+00	
2003	9.902500e-08	1.800000e+00	
2004	9.907500e-08	1.800000e+00	
2005	9.912500e-08	1.800000e+00	
2006	9.917500e-08	1.800000e+00	
2007	9.922500e-08	1.800000e+00	
2008	9.927500e-08	1.800000e+00	
2009	9.932500e-08	1.800000e+00	
2010	9.937500e-08	1.800000e+00	
2011	9.942500e-08	1.800000e+00	
2012	9.947500e-08	1.800000e+00	
2013	9.952500e-08	1.800000e+00	
2014	9.957500e-08	1.800000e+00	
2015	9.962500e-08	1.800000e+00	
2016	9.967500e-08	1.800000e+00	
2017	9.972500e-08	1.800000e+00	
2018	9.977500e-08	1.800000e+00	
2019	9.982500e-08	1.800000e+00	
2020	9.987500e-08	1.800000e+00	
2021	9.992500e-08	1.800000e+00	
2022	9.996250e-08	1.800000e+00	
2023	1.000000e-07	1.800000e+00	
2024	1.000050e-07	1.800000e+00	
2025	1.000150e-07	1.800000e+00	
2026	1.000350e-07	1.800000e+00	

Index   time            v(clk)          
--------------------------------------------------------------------------------
2027	1.000750e-07	1.800000e+00	
2028	1.001250e-07	1.800000e+00	
2029	1.001750e-07	1.800000e+00	
2030	1.002250e-07	1.800000e+00	
2031	1.002750e-07	1.800000e+00	
2032	1.003250e-07	1.800000e+00	
2033	1.003750e-07	1.800000e+00	
2034	1.004250e-07	1.800000e+00	
2035	1.004750e-07	1.800000e+00	
2036	1.005250e-07	1.800000e+00	
2037	1.005750e-07	1.800000e+00	
2038	1.006250e-07	1.800000e+00	
2039	1.006750e-07	1.800000e+00	
2040	1.007250e-07	1.800000e+00	
2041	1.007750e-07	1.800000e+00	
2042	1.008250e-07	1.800000e+00	
2043	1.008750e-07	1.800000e+00	
2044	1.009250e-07	1.800000e+00	
2045	1.009625e-07	1.800000e+00	
2046	1.010000e-07	1.800000e+00	
2047	1.010050e-07	1.800000e+00	
2048	1.010150e-07	1.800000e+00	
2049	1.010350e-07	1.800000e+00	
2050	1.010750e-07	1.800000e+00	
2051	1.011250e-07	1.800000e+00	
2052	1.011750e-07	1.800000e+00	
2053	1.012250e-07	1.800000e+00	
2054	1.012750e-07	1.800000e+00	
2055	1.013250e-07	1.800000e+00	
2056	1.013750e-07	1.800000e+00	
2057	1.014250e-07	1.800000e+00	
2058	1.014750e-07	1.800000e+00	
2059	1.015250e-07	1.800000e+00	
2060	1.015750e-07	1.800000e+00	
2061	1.016250e-07	1.800000e+00	
2062	1.016750e-07	1.800000e+00	
2063	1.017250e-07	1.800000e+00	
2064	1.017750e-07	1.800000e+00	
2065	1.018250e-07	1.800000e+00	
2066	1.018750e-07	1.800000e+00	
2067	1.019250e-07	1.800000e+00	
2068	1.019750e-07	1.800000e+00	
2069	1.020250e-07	1.800000e+00	
2070	1.020750e-07	1.800000e+00	
2071	1.021250e-07	1.800000e+00	
2072	1.021750e-07	1.800000e+00	
2073	1.022250e-07	1.800000e+00	
2074	1.022750e-07	1.800000e+00	
2075	1.023250e-07	1.800000e+00	
2076	1.023750e-07	1.800000e+00	
2077	1.024250e-07	1.800000e+00	
2078	1.024750e-07	1.800000e+00	
2079	1.025250e-07	1.800000e+00	
2080	1.025750e-07	1.800000e+00	
2081	1.026250e-07	1.800000e+00	
2082	1.026750e-07	1.800000e+00	
2083	1.027250e-07	1.800000e+00	
2084	1.027750e-07	1.800000e+00	

Index   time            v(clk)          
--------------------------------------------------------------------------------
2085	1.028250e-07	1.800000e+00	
2086	1.028750e-07	1.800000e+00	
2087	1.029250e-07	1.800000e+00	
2088	1.029750e-07	1.800000e+00	
2089	1.030250e-07	1.800000e+00	
2090	1.030750e-07	1.800000e+00	
2091	1.031250e-07	1.800000e+00	
2092	1.031750e-07	1.800000e+00	
2093	1.032250e-07	1.800000e+00	
2094	1.032750e-07	1.800000e+00	
2095	1.033250e-07	1.800000e+00	
2096	1.033750e-07	1.800000e+00	
2097	1.034250e-07	1.800000e+00	
2098	1.034750e-07	1.800000e+00	
2099	1.035250e-07	1.800000e+00	
2100	1.035750e-07	1.800000e+00	
2101	1.036250e-07	1.800000e+00	
2102	1.036750e-07	1.800000e+00	
2103	1.037250e-07	1.800000e+00	
2104	1.037750e-07	1.800000e+00	
2105	1.038250e-07	1.800000e+00	
2106	1.038750e-07	1.800000e+00	
2107	1.039250e-07	1.800000e+00	
2108	1.039750e-07	1.800000e+00	
2109	1.040250e-07	1.800000e+00	
2110	1.040750e-07	1.800000e+00	
2111	1.041250e-07	1.800000e+00	
2112	1.041750e-07	1.800000e+00	
2113	1.042250e-07	1.800000e+00	
2114	1.042750e-07	1.800000e+00	
2115	1.043250e-07	1.800000e+00	
2116	1.043750e-07	1.800000e+00	
2117	1.044250e-07	1.800000e+00	
2118	1.044750e-07	1.800000e+00	
2119	1.045250e-07	1.800000e+00	
2120	1.045750e-07	1.800000e+00	
2121	1.046250e-07	1.800000e+00	
2122	1.046750e-07	1.800000e+00	
2123	1.047250e-07	1.800000e+00	
2124	1.047750e-07	1.800000e+00	
2125	1.048250e-07	1.800000e+00	
2126	1.048750e-07	1.800000e+00	
2127	1.049250e-07	1.800000e+00	
2128	1.049750e-07	1.800000e+00	
2129	1.050250e-07	1.800000e+00	
2130	1.050750e-07	1.800000e+00	
2131	1.051250e-07	1.800000e+00	
2132	1.051750e-07	1.800000e+00	
2133	1.052250e-07	1.800000e+00	
2134	1.052750e-07	1.800000e+00	
2135	1.053250e-07	1.800000e+00	
2136	1.053750e-07	1.800000e+00	
2137	1.054250e-07	1.800000e+00	
2138	1.054750e-07	1.800000e+00	
2139	1.055250e-07	1.800000e+00	
2140	1.055750e-07	1.800000e+00	
2141	1.056250e-07	1.800000e+00	
2142	1.056750e-07	1.800000e+00	

Index   time            v(clk)          
--------------------------------------------------------------------------------
2143	1.057250e-07	1.800000e+00	
2144	1.057750e-07	1.800000e+00	
2145	1.058250e-07	1.800000e+00	
2146	1.058750e-07	1.800000e+00	
2147	1.059250e-07	1.800000e+00	
2148	1.059750e-07	1.800000e+00	
2149	1.060250e-07	1.800000e+00	
2150	1.060750e-07	1.800000e+00	
2151	1.061250e-07	1.800000e+00	
2152	1.061750e-07	1.800000e+00	
2153	1.062250e-07	1.800000e+00	
2154	1.062750e-07	1.800000e+00	
2155	1.063250e-07	1.800000e+00	
2156	1.063750e-07	1.800000e+00	
2157	1.064250e-07	1.800000e+00	
2158	1.064750e-07	1.800000e+00	
2159	1.065250e-07	1.800000e+00	
2160	1.065750e-07	1.800000e+00	
2161	1.066250e-07	1.800000e+00	
2162	1.066750e-07	1.800000e+00	
2163	1.067250e-07	1.800000e+00	
2164	1.067750e-07	1.800000e+00	
2165	1.068250e-07	1.800000e+00	
2166	1.068750e-07	1.800000e+00	
2167	1.069250e-07	1.800000e+00	
2168	1.069750e-07	1.800000e+00	
2169	1.070250e-07	1.800000e+00	
2170	1.070750e-07	1.800000e+00	
2171	1.071250e-07	1.800000e+00	
2172	1.071750e-07	1.800000e+00	
2173	1.072250e-07	1.800000e+00	
2174	1.072750e-07	1.800000e+00	
2175	1.073250e-07	1.800000e+00	
2176	1.073750e-07	1.800000e+00	
2177	1.074250e-07	1.800000e+00	
2178	1.074750e-07	1.800000e+00	
2179	1.075250e-07	1.800000e+00	
2180	1.075750e-07	1.800000e+00	
2181	1.076250e-07	1.800000e+00	
2182	1.076750e-07	1.800000e+00	
2183	1.077250e-07	1.800000e+00	
2184	1.077750e-07	1.800000e+00	
2185	1.078250e-07	1.800000e+00	
2186	1.078750e-07	1.800000e+00	
2187	1.079250e-07	1.800000e+00	
2188	1.079750e-07	1.800000e+00	
2189	1.080250e-07	1.800000e+00	
2190	1.080750e-07	1.800000e+00	
2191	1.081250e-07	1.800000e+00	
2192	1.081750e-07	1.800000e+00	
2193	1.082250e-07	1.800000e+00	
2194	1.082750e-07	1.800000e+00	
2195	1.083250e-07	1.800000e+00	
2196	1.083750e-07	1.800000e+00	
2197	1.084250e-07	1.800000e+00	
2198	1.084750e-07	1.800000e+00	
2199	1.085250e-07	1.800000e+00	
2200	1.085750e-07	1.800000e+00	

Index   time            v(clk)          
--------------------------------------------------------------------------------
2201	1.086250e-07	1.800000e+00	
2202	1.086750e-07	1.800000e+00	
2203	1.087250e-07	1.800000e+00	
2204	1.087750e-07	1.800000e+00	
2205	1.088250e-07	1.800000e+00	
2206	1.088750e-07	1.800000e+00	
2207	1.089250e-07	1.800000e+00	
2208	1.089750e-07	1.800000e+00	
2209	1.090250e-07	1.800000e+00	
2210	1.090750e-07	1.800000e+00	
2211	1.091250e-07	1.800000e+00	
2212	1.091750e-07	1.800000e+00	
2213	1.092250e-07	1.800000e+00	
2214	1.092750e-07	1.800000e+00	
2215	1.093250e-07	1.800000e+00	
2216	1.093750e-07	1.800000e+00	
2217	1.094250e-07	1.800000e+00	
2218	1.094750e-07	1.800000e+00	
2219	1.095250e-07	1.800000e+00	
2220	1.095750e-07	1.800000e+00	
2221	1.096250e-07	1.800000e+00	
2222	1.096750e-07	1.800000e+00	
2223	1.097250e-07	1.800000e+00	
2224	1.097750e-07	1.800000e+00	
2225	1.098250e-07	1.800000e+00	
2226	1.098750e-07	1.800000e+00	
2227	1.099250e-07	1.800000e+00	
2228	1.099750e-07	1.800000e+00	
2229	1.100250e-07	1.800000e+00	
2230	1.100750e-07	1.800000e+00	
2231	1.101250e-07	1.800000e+00	
2232	1.101750e-07	1.800000e+00	
2233	1.102250e-07	1.800000e+00	
2234	1.102750e-07	1.800000e+00	
2235	1.103250e-07	1.800000e+00	
2236	1.103750e-07	1.800000e+00	
2237	1.104250e-07	1.800000e+00	
2238	1.104750e-07	1.800000e+00	
2239	1.105250e-07	1.800000e+00	
2240	1.105750e-07	1.800000e+00	
2241	1.106250e-07	1.800000e+00	
2242	1.106750e-07	1.800000e+00	
2243	1.107250e-07	1.800000e+00	
2244	1.107750e-07	1.800000e+00	
2245	1.108250e-07	1.800000e+00	
2246	1.108750e-07	1.800000e+00	
2247	1.109250e-07	1.800000e+00	
2248	1.109750e-07	1.800000e+00	
2249	1.110250e-07	1.800000e+00	
2250	1.110750e-07	1.800000e+00	
2251	1.111250e-07	1.800000e+00	
2252	1.111750e-07	1.800000e+00	
2253	1.112250e-07	1.800000e+00	
2254	1.112750e-07	1.800000e+00	
2255	1.113250e-07	1.800000e+00	
2256	1.113750e-07	1.800000e+00	
2257	1.114250e-07	1.800000e+00	
2258	1.114750e-07	1.800000e+00	

Index   time            v(clk)          
--------------------------------------------------------------------------------
2259	1.115250e-07	1.800000e+00	
2260	1.115750e-07	1.800000e+00	
2261	1.116250e-07	1.800000e+00	
2262	1.116750e-07	1.800000e+00	
2263	1.117250e-07	1.800000e+00	
2264	1.117750e-07	1.800000e+00	
2265	1.118250e-07	1.800000e+00	
2266	1.118750e-07	1.800000e+00	
2267	1.119250e-07	1.800000e+00	
2268	1.119750e-07	1.800000e+00	
2269	1.120250e-07	1.800000e+00	
2270	1.120750e-07	1.800000e+00	
2271	1.121250e-07	1.800000e+00	
2272	1.121750e-07	1.800000e+00	
2273	1.122250e-07	1.800000e+00	
2274	1.122750e-07	1.800000e+00	
2275	1.123250e-07	1.800000e+00	
2276	1.123750e-07	1.800000e+00	
2277	1.124250e-07	1.800000e+00	
2278	1.124750e-07	1.800000e+00	
2279	1.125250e-07	1.800000e+00	
2280	1.125750e-07	1.800000e+00	
2281	1.126250e-07	1.800000e+00	
2282	1.126750e-07	1.800000e+00	
2283	1.127250e-07	1.800000e+00	
2284	1.127750e-07	1.800000e+00	
2285	1.128250e-07	1.800000e+00	
2286	1.128750e-07	1.800000e+00	
2287	1.129250e-07	1.800000e+00	
2288	1.129750e-07	1.800000e+00	
2289	1.130250e-07	1.800000e+00	
2290	1.130750e-07	1.800000e+00	
2291	1.131250e-07	1.800000e+00	
2292	1.131750e-07	1.800000e+00	
2293	1.132250e-07	1.800000e+00	
2294	1.132750e-07	1.800000e+00	
2295	1.133250e-07	1.800000e+00	
2296	1.133750e-07	1.800000e+00	
2297	1.134250e-07	1.800000e+00	
2298	1.134750e-07	1.800000e+00	
2299	1.135250e-07	1.800000e+00	
2300	1.135750e-07	1.800000e+00	
2301	1.136250e-07	1.800000e+00	
2302	1.136750e-07	1.800000e+00	
2303	1.137250e-07	1.800000e+00	
2304	1.137750e-07	1.800000e+00	
2305	1.138250e-07	1.800000e+00	
2306	1.138750e-07	1.800000e+00	
2307	1.139250e-07	1.800000e+00	
2308	1.139750e-07	1.800000e+00	
2309	1.140250e-07	1.800000e+00	
2310	1.140750e-07	1.800000e+00	
2311	1.141250e-07	1.800000e+00	
2312	1.141750e-07	1.800000e+00	
2313	1.142250e-07	1.800000e+00	
2314	1.142750e-07	1.800000e+00	
2315	1.143250e-07	1.800000e+00	
2316	1.143750e-07	1.800000e+00	

Index   time            v(clk)          
--------------------------------------------------------------------------------
2317	1.144250e-07	1.800000e+00	
2318	1.144750e-07	1.800000e+00	
2319	1.145250e-07	1.800000e+00	
2320	1.145750e-07	1.800000e+00	
2321	1.146250e-07	1.800000e+00	
2322	1.146750e-07	1.800000e+00	
2323	1.147250e-07	1.800000e+00	
2324	1.147750e-07	1.800000e+00	
2325	1.148250e-07	1.800000e+00	
2326	1.148750e-07	1.800000e+00	
2327	1.149250e-07	1.800000e+00	
2328	1.149750e-07	1.800000e+00	
2329	1.150250e-07	1.800000e+00	
2330	1.150750e-07	1.800000e+00	
2331	1.151250e-07	1.800000e+00	
2332	1.151750e-07	1.800000e+00	
2333	1.152250e-07	1.800000e+00	
2334	1.152750e-07	1.800000e+00	
2335	1.153250e-07	1.800000e+00	
2336	1.153750e-07	1.800000e+00	
2337	1.154250e-07	1.800000e+00	
2338	1.154750e-07	1.800000e+00	
2339	1.155250e-07	1.800000e+00	
2340	1.155750e-07	1.800000e+00	
2341	1.156250e-07	1.800000e+00	
2342	1.156750e-07	1.800000e+00	
2343	1.157250e-07	1.800000e+00	
2344	1.157750e-07	1.800000e+00	
2345	1.158250e-07	1.800000e+00	
2346	1.158750e-07	1.800000e+00	
2347	1.159250e-07	1.800000e+00	
2348	1.159750e-07	1.800000e+00	
2349	1.160250e-07	1.800000e+00	
2350	1.160750e-07	1.800000e+00	
2351	1.161250e-07	1.800000e+00	
2352	1.161750e-07	1.800000e+00	
2353	1.162250e-07	1.800000e+00	
2354	1.162750e-07	1.800000e+00	
2355	1.163250e-07	1.800000e+00	
2356	1.163750e-07	1.800000e+00	
2357	1.164250e-07	1.800000e+00	
2358	1.164750e-07	1.800000e+00	
2359	1.165250e-07	1.800000e+00	
2360	1.165750e-07	1.800000e+00	
2361	1.166250e-07	1.800000e+00	
2362	1.166750e-07	1.800000e+00	
2363	1.167250e-07	1.800000e+00	
2364	1.167750e-07	1.800000e+00	
2365	1.168250e-07	1.800000e+00	
2366	1.168750e-07	1.800000e+00	
2367	1.169250e-07	1.800000e+00	
2368	1.169750e-07	1.800000e+00	
2369	1.170250e-07	1.800000e+00	
2370	1.170750e-07	1.800000e+00	
2371	1.171250e-07	1.800000e+00	
2372	1.171750e-07	1.800000e+00	
2373	1.172250e-07	1.800000e+00	
2374	1.172750e-07	1.800000e+00	

Index   time            v(clk)          
--------------------------------------------------------------------------------
2375	1.173250e-07	1.800000e+00	
2376	1.173750e-07	1.800000e+00	
2377	1.174250e-07	1.800000e+00	
2378	1.174750e-07	1.800000e+00	
2379	1.175250e-07	1.800000e+00	
2380	1.175750e-07	1.800000e+00	
2381	1.176250e-07	1.800000e+00	
2382	1.176750e-07	1.800000e+00	
2383	1.177250e-07	1.800000e+00	
2384	1.177750e-07	1.800000e+00	
2385	1.178250e-07	1.800000e+00	
2386	1.178750e-07	1.800000e+00	
2387	1.179250e-07	1.800000e+00	
2388	1.179750e-07	1.800000e+00	
2389	1.180250e-07	1.800000e+00	
2390	1.180750e-07	1.800000e+00	
2391	1.181250e-07	1.800000e+00	
2392	1.181750e-07	1.800000e+00	
2393	1.182250e-07	1.800000e+00	
2394	1.182750e-07	1.800000e+00	
2395	1.183250e-07	1.800000e+00	
2396	1.183750e-07	1.800000e+00	
2397	1.184250e-07	1.800000e+00	
2398	1.184750e-07	1.800000e+00	
2399	1.185250e-07	1.800000e+00	
2400	1.185750e-07	1.800000e+00	
2401	1.186250e-07	1.800000e+00	
2402	1.186750e-07	1.800000e+00	
2403	1.187250e-07	1.800000e+00	
2404	1.187750e-07	1.800000e+00	
2405	1.188250e-07	1.800000e+00	
2406	1.188750e-07	1.800000e+00	
2407	1.189250e-07	1.800000e+00	
2408	1.189750e-07	1.800000e+00	
2409	1.190250e-07	1.800000e+00	
2410	1.190750e-07	1.800000e+00	
2411	1.191250e-07	1.800000e+00	
2412	1.191750e-07	1.800000e+00	
2413	1.192250e-07	1.800000e+00	
2414	1.192750e-07	1.800000e+00	
2415	1.193250e-07	1.800000e+00	
2416	1.193750e-07	1.800000e+00	
2417	1.194250e-07	1.800000e+00	
2418	1.194750e-07	1.800000e+00	
2419	1.195250e-07	1.800000e+00	
2420	1.195750e-07	1.800000e+00	
2421	1.196250e-07	1.800000e+00	
2422	1.196750e-07	1.800000e+00	
2423	1.197250e-07	1.800000e+00	
2424	1.197750e-07	1.800000e+00	
2425	1.198250e-07	1.800000e+00	
2426	1.198750e-07	1.800000e+00	
2427	1.199250e-07	1.800000e+00	
2428	1.199750e-07	1.800000e+00	
2429	1.200250e-07	1.800000e+00	
2430	1.200750e-07	1.800000e+00	
2431	1.201250e-07	1.800000e+00	
2432	1.201750e-07	1.800000e+00	

Index   time            v(clk)          
--------------------------------------------------------------------------------
2433	1.202250e-07	1.800000e+00	
2434	1.202750e-07	1.800000e+00	
2435	1.203250e-07	1.800000e+00	
2436	1.203750e-07	1.800000e+00	
2437	1.204250e-07	1.800000e+00	
2438	1.204750e-07	1.800000e+00	
2439	1.205250e-07	1.800000e+00	
2440	1.205750e-07	1.800000e+00	
2441	1.206250e-07	1.800000e+00	
2442	1.206750e-07	1.800000e+00	
2443	1.207250e-07	1.800000e+00	
2444	1.207750e-07	1.800000e+00	
2445	1.208250e-07	1.800000e+00	
2446	1.208750e-07	1.800000e+00	
2447	1.209250e-07	1.800000e+00	
2448	1.209750e-07	1.800000e+00	
2449	1.210250e-07	1.800000e+00	
2450	1.210750e-07	1.800000e+00	
2451	1.211250e-07	1.800000e+00	
2452	1.211750e-07	1.800000e+00	
2453	1.212250e-07	1.800000e+00	
2454	1.212750e-07	1.800000e+00	
2455	1.213250e-07	1.800000e+00	
2456	1.213750e-07	1.800000e+00	
2457	1.214250e-07	1.800000e+00	
2458	1.214750e-07	1.800000e+00	
2459	1.215250e-07	1.800000e+00	
2460	1.215750e-07	1.800000e+00	
2461	1.216250e-07	1.800000e+00	
2462	1.216750e-07	1.800000e+00	
2463	1.217250e-07	1.800000e+00	
2464	1.217750e-07	1.800000e+00	
2465	1.218250e-07	1.800000e+00	
2466	1.218750e-07	1.800000e+00	
2467	1.219250e-07	1.800000e+00	
2468	1.219750e-07	1.800000e+00	
2469	1.220250e-07	1.800000e+00	
2470	1.220750e-07	1.800000e+00	
2471	1.221250e-07	1.800000e+00	
2472	1.221750e-07	1.800000e+00	
2473	1.222250e-07	1.800000e+00	
2474	1.222750e-07	1.800000e+00	
2475	1.223250e-07	1.800000e+00	
2476	1.223750e-07	1.800000e+00	
2477	1.224250e-07	1.800000e+00	
2478	1.224750e-07	1.800000e+00	
2479	1.225250e-07	1.800000e+00	
2480	1.225750e-07	1.800000e+00	
2481	1.226250e-07	1.800000e+00	
2482	1.226750e-07	1.800000e+00	
2483	1.227250e-07	1.800000e+00	
2484	1.227750e-07	1.800000e+00	
2485	1.228250e-07	1.800000e+00	
2486	1.228750e-07	1.800000e+00	
2487	1.229250e-07	1.800000e+00	
2488	1.229750e-07	1.800000e+00	
2489	1.230250e-07	1.800000e+00	
2490	1.230750e-07	1.800000e+00	

Index   time            v(clk)          
--------------------------------------------------------------------------------
2491	1.231250e-07	1.800000e+00	
2492	1.231750e-07	1.800000e+00	
2493	1.232250e-07	1.800000e+00	
2494	1.232750e-07	1.800000e+00	
2495	1.233250e-07	1.800000e+00	
2496	1.233750e-07	1.800000e+00	
2497	1.234250e-07	1.800000e+00	
2498	1.234750e-07	1.800000e+00	
2499	1.235250e-07	1.800000e+00	
2500	1.235750e-07	1.800000e+00	
2501	1.236250e-07	1.800000e+00	
2502	1.236750e-07	1.800000e+00	
2503	1.237250e-07	1.800000e+00	
2504	1.237750e-07	1.800000e+00	
2505	1.238250e-07	1.800000e+00	
2506	1.238750e-07	1.800000e+00	
2507	1.239250e-07	1.800000e+00	
2508	1.239750e-07	1.800000e+00	
2509	1.240250e-07	1.800000e+00	
2510	1.240750e-07	1.800000e+00	
2511	1.241250e-07	1.800000e+00	
2512	1.241750e-07	1.800000e+00	
2513	1.242250e-07	1.800000e+00	
2514	1.242750e-07	1.800000e+00	
2515	1.243250e-07	1.800000e+00	
2516	1.243750e-07	1.800000e+00	
2517	1.244250e-07	1.800000e+00	
2518	1.244750e-07	1.800000e+00	
2519	1.245250e-07	1.800000e+00	
2520	1.245750e-07	1.800000e+00	
2521	1.246250e-07	1.800000e+00	
2522	1.246750e-07	1.800000e+00	
2523	1.247250e-07	1.800000e+00	
2524	1.247750e-07	1.800000e+00	
2525	1.248250e-07	1.800000e+00	
2526	1.248750e-07	1.800000e+00	
2527	1.249250e-07	1.800000e+00	
2528	1.249750e-07	1.800000e+00	
2529	1.250250e-07	1.800000e+00	
2530	1.250750e-07	1.800000e+00	
2531	1.251250e-07	1.800000e+00	
2532	1.251750e-07	1.800000e+00	
2533	1.252250e-07	1.800000e+00	
2534	1.252750e-07	1.800000e+00	
2535	1.253250e-07	1.800000e+00	
2536	1.253750e-07	1.800000e+00	
2537	1.254250e-07	1.800000e+00	
2538	1.254750e-07	1.800000e+00	
2539	1.255250e-07	1.800000e+00	
2540	1.255750e-07	1.800000e+00	
2541	1.256250e-07	1.800000e+00	
2542	1.256750e-07	1.800000e+00	
2543	1.257250e-07	1.800000e+00	
2544	1.257750e-07	1.800000e+00	
2545	1.258250e-07	1.800000e+00	
2546	1.258750e-07	1.800000e+00	
2547	1.259250e-07	1.800000e+00	
2548	1.259750e-07	1.800000e+00	

Index   time            v(clk)          
--------------------------------------------------------------------------------
2549	1.260250e-07	1.800000e+00	
2550	1.260750e-07	1.800000e+00	
2551	1.261250e-07	1.800000e+00	
2552	1.261750e-07	1.800000e+00	
2553	1.262250e-07	1.800000e+00	
2554	1.262750e-07	1.800000e+00	
2555	1.263250e-07	1.800000e+00	
2556	1.263750e-07	1.800000e+00	
2557	1.264250e-07	1.800000e+00	
2558	1.264750e-07	1.800000e+00	
2559	1.265250e-07	1.800000e+00	
2560	1.265750e-07	1.800000e+00	
2561	1.266250e-07	1.800000e+00	
2562	1.266750e-07	1.800000e+00	
2563	1.267250e-07	1.800000e+00	
2564	1.267750e-07	1.800000e+00	
2565	1.268250e-07	1.800000e+00	
2566	1.268750e-07	1.800000e+00	
2567	1.269250e-07	1.800000e+00	
2568	1.269750e-07	1.800000e+00	
2569	1.270250e-07	1.800000e+00	
2570	1.270750e-07	1.800000e+00	
2571	1.271250e-07	1.800000e+00	
2572	1.271750e-07	1.800000e+00	
2573	1.272250e-07	1.800000e+00	
2574	1.272750e-07	1.800000e+00	
2575	1.273250e-07	1.800000e+00	
2576	1.273750e-07	1.800000e+00	
2577	1.274250e-07	1.800000e+00	
2578	1.274750e-07	1.800000e+00	
2579	1.275250e-07	1.800000e+00	
2580	1.275750e-07	1.800000e+00	
2581	1.276250e-07	1.800000e+00	
2582	1.276750e-07	1.800000e+00	
2583	1.277250e-07	1.800000e+00	
2584	1.277750e-07	1.800000e+00	
2585	1.278250e-07	1.800000e+00	
2586	1.278750e-07	1.800000e+00	
2587	1.279250e-07	1.800000e+00	
2588	1.279750e-07	1.800000e+00	
2589	1.280250e-07	1.800000e+00	
2590	1.280750e-07	1.800000e+00	
2591	1.281250e-07	1.800000e+00	
2592	1.281750e-07	1.800000e+00	
2593	1.282250e-07	1.800000e+00	
2594	1.282750e-07	1.800000e+00	
2595	1.283250e-07	1.800000e+00	
2596	1.283750e-07	1.800000e+00	
2597	1.284250e-07	1.800000e+00	
2598	1.284750e-07	1.800000e+00	
2599	1.285250e-07	1.800000e+00	
2600	1.285750e-07	1.800000e+00	
2601	1.286250e-07	1.800000e+00	
2602	1.286750e-07	1.800000e+00	
2603	1.287250e-07	1.800000e+00	
2604	1.287750e-07	1.800000e+00	
2605	1.288250e-07	1.800000e+00	
2606	1.288750e-07	1.800000e+00	

Index   time            v(clk)          
--------------------------------------------------------------------------------
2607	1.289250e-07	1.800000e+00	
2608	1.289750e-07	1.800000e+00	
2609	1.290250e-07	1.800000e+00	
2610	1.290750e-07	1.800000e+00	
2611	1.291250e-07	1.800000e+00	
2612	1.291750e-07	1.800000e+00	
2613	1.292250e-07	1.800000e+00	
2614	1.292750e-07	1.800000e+00	
2615	1.293250e-07	1.800000e+00	
2616	1.293750e-07	1.800000e+00	
2617	1.294250e-07	1.800000e+00	
2618	1.294750e-07	1.800000e+00	
2619	1.295250e-07	1.800000e+00	
2620	1.295750e-07	1.800000e+00	
2621	1.296250e-07	1.800000e+00	
2622	1.296750e-07	1.800000e+00	
2623	1.297250e-07	1.800000e+00	
2624	1.297750e-07	1.800000e+00	
2625	1.298250e-07	1.800000e+00	
2626	1.298750e-07	1.800000e+00	
2627	1.299250e-07	1.800000e+00	
2628	1.299750e-07	1.800000e+00	
2629	1.300250e-07	1.800000e+00	
2630	1.300750e-07	1.800000e+00	
2631	1.301250e-07	1.800000e+00	
2632	1.301750e-07	1.800000e+00	
2633	1.302250e-07	1.800000e+00	
2634	1.302750e-07	1.800000e+00	
2635	1.303250e-07	1.800000e+00	
2636	1.303750e-07	1.800000e+00	
2637	1.304250e-07	1.800000e+00	
2638	1.304750e-07	1.800000e+00	
2639	1.305250e-07	1.800000e+00	
2640	1.305750e-07	1.800000e+00	
2641	1.306250e-07	1.800000e+00	
2642	1.306750e-07	1.800000e+00	
2643	1.307250e-07	1.800000e+00	
2644	1.307750e-07	1.800000e+00	
2645	1.308250e-07	1.800000e+00	
2646	1.308750e-07	1.800000e+00	
2647	1.309250e-07	1.800000e+00	
2648	1.309750e-07	1.800000e+00	
2649	1.310250e-07	1.800000e+00	
2650	1.310750e-07	1.800000e+00	
2651	1.311250e-07	1.800000e+00	
2652	1.311750e-07	1.800000e+00	
2653	1.312250e-07	1.800000e+00	
2654	1.312750e-07	1.800000e+00	
2655	1.313250e-07	1.800000e+00	
2656	1.313750e-07	1.800000e+00	
2657	1.314250e-07	1.800000e+00	
2658	1.314750e-07	1.800000e+00	
2659	1.315250e-07	1.800000e+00	
2660	1.315750e-07	1.800000e+00	
2661	1.316250e-07	1.800000e+00	
2662	1.316750e-07	1.800000e+00	
2663	1.317250e-07	1.800000e+00	
2664	1.317750e-07	1.800000e+00	

Index   time            v(clk)          
--------------------------------------------------------------------------------
2665	1.318250e-07	1.800000e+00	
2666	1.318750e-07	1.800000e+00	
2667	1.319250e-07	1.800000e+00	
2668	1.319750e-07	1.800000e+00	
2669	1.320250e-07	1.800000e+00	
2670	1.320750e-07	1.800000e+00	
2671	1.321250e-07	1.800000e+00	
2672	1.321750e-07	1.800000e+00	
2673	1.322250e-07	1.800000e+00	
2674	1.322750e-07	1.800000e+00	
2675	1.323250e-07	1.800000e+00	
2676	1.323750e-07	1.800000e+00	
2677	1.324250e-07	1.800000e+00	
2678	1.324750e-07	1.800000e+00	
2679	1.325250e-07	1.800000e+00	
2680	1.325750e-07	1.800000e+00	
2681	1.326250e-07	1.800000e+00	
2682	1.326750e-07	1.800000e+00	
2683	1.327250e-07	1.800000e+00	
2684	1.327750e-07	1.800000e+00	
2685	1.328250e-07	1.800000e+00	
2686	1.328750e-07	1.800000e+00	
2687	1.329250e-07	1.800000e+00	
2688	1.329750e-07	1.800000e+00	
2689	1.330250e-07	1.800000e+00	
2690	1.330750e-07	1.800000e+00	
2691	1.331250e-07	1.800000e+00	
2692	1.331750e-07	1.800000e+00	
2693	1.332250e-07	1.800000e+00	
2694	1.332750e-07	1.800000e+00	
2695	1.333250e-07	1.800000e+00	
2696	1.333750e-07	1.800000e+00	
2697	1.334250e-07	1.800000e+00	
2698	1.334750e-07	1.800000e+00	
2699	1.335250e-07	1.800000e+00	
2700	1.335750e-07	1.800000e+00	
2701	1.336250e-07	1.800000e+00	
2702	1.336750e-07	1.800000e+00	
2703	1.337250e-07	1.800000e+00	
2704	1.337750e-07	1.800000e+00	
2705	1.338250e-07	1.800000e+00	
2706	1.338750e-07	1.800000e+00	
2707	1.339250e-07	1.800000e+00	
2708	1.339750e-07	1.800000e+00	
2709	1.340250e-07	1.800000e+00	
2710	1.340750e-07	1.800000e+00	
2711	1.341250e-07	1.800000e+00	
2712	1.341750e-07	1.800000e+00	
2713	1.342250e-07	1.800000e+00	
2714	1.342750e-07	1.800000e+00	
2715	1.343250e-07	1.800000e+00	
2716	1.343750e-07	1.800000e+00	
2717	1.344250e-07	1.800000e+00	
2718	1.344750e-07	1.800000e+00	
2719	1.345250e-07	1.800000e+00	
2720	1.345750e-07	1.800000e+00	
2721	1.346250e-07	1.800000e+00	
2722	1.346750e-07	1.800000e+00	

Index   time            v(clk)          
--------------------------------------------------------------------------------
2723	1.347250e-07	1.800000e+00	
2724	1.347750e-07	1.800000e+00	
2725	1.348250e-07	1.800000e+00	
2726	1.348750e-07	1.800000e+00	
2727	1.349250e-07	1.800000e+00	
2728	1.349750e-07	1.800000e+00	
2729	1.350250e-07	1.800000e+00	
2730	1.350750e-07	1.800000e+00	
2731	1.351250e-07	1.800000e+00	
2732	1.351750e-07	1.800000e+00	
2733	1.352250e-07	1.800000e+00	
2734	1.352750e-07	1.800000e+00	
2735	1.353250e-07	1.800000e+00	
2736	1.353750e-07	1.800000e+00	
2737	1.354250e-07	1.800000e+00	
2738	1.354750e-07	1.800000e+00	
2739	1.355250e-07	1.800000e+00	
2740	1.355750e-07	1.800000e+00	
2741	1.356250e-07	1.800000e+00	
2742	1.356750e-07	1.800000e+00	
2743	1.357250e-07	1.800000e+00	
2744	1.357750e-07	1.800000e+00	
2745	1.358250e-07	1.800000e+00	
2746	1.358750e-07	1.800000e+00	
2747	1.359250e-07	1.800000e+00	
2748	1.359750e-07	1.800000e+00	
2749	1.360250e-07	1.800000e+00	
2750	1.360750e-07	1.800000e+00	
2751	1.361250e-07	1.800000e+00	
2752	1.361750e-07	1.800000e+00	
2753	1.362250e-07	1.800000e+00	
2754	1.362750e-07	1.800000e+00	
2755	1.363250e-07	1.800000e+00	
2756	1.363750e-07	1.800000e+00	
2757	1.364250e-07	1.800000e+00	
2758	1.364750e-07	1.800000e+00	
2759	1.365250e-07	1.800000e+00	
2760	1.365750e-07	1.800000e+00	
2761	1.366250e-07	1.800000e+00	
2762	1.366750e-07	1.800000e+00	
2763	1.367250e-07	1.800000e+00	
2764	1.367750e-07	1.800000e+00	
2765	1.368250e-07	1.800000e+00	
2766	1.368750e-07	1.800000e+00	
2767	1.369250e-07	1.800000e+00	
2768	1.369750e-07	1.800000e+00	
2769	1.370250e-07	1.800000e+00	
2770	1.370750e-07	1.800000e+00	
2771	1.371250e-07	1.800000e+00	
2772	1.371750e-07	1.800000e+00	
2773	1.372250e-07	1.800000e+00	
2774	1.372750e-07	1.800000e+00	
2775	1.373250e-07	1.800000e+00	
2776	1.373750e-07	1.800000e+00	
2777	1.374250e-07	1.800000e+00	
2778	1.374750e-07	1.800000e+00	
2779	1.375250e-07	1.800000e+00	
2780	1.375750e-07	1.800000e+00	

Index   time            v(clk)          
--------------------------------------------------------------------------------
2781	1.376250e-07	1.800000e+00	
2782	1.376750e-07	1.800000e+00	
2783	1.377250e-07	1.800000e+00	
2784	1.377750e-07	1.800000e+00	
2785	1.378250e-07	1.800000e+00	
2786	1.378750e-07	1.800000e+00	
2787	1.379250e-07	1.800000e+00	
2788	1.379750e-07	1.800000e+00	
2789	1.380250e-07	1.800000e+00	
2790	1.380750e-07	1.800000e+00	
2791	1.381250e-07	1.800000e+00	
2792	1.381750e-07	1.800000e+00	
2793	1.382250e-07	1.800000e+00	
2794	1.382750e-07	1.800000e+00	
2795	1.383250e-07	1.800000e+00	
2796	1.383750e-07	1.800000e+00	
2797	1.384250e-07	1.800000e+00	
2798	1.384750e-07	1.800000e+00	
2799	1.385250e-07	1.800000e+00	
2800	1.385750e-07	1.800000e+00	
2801	1.386250e-07	1.800000e+00	
2802	1.386750e-07	1.800000e+00	
2803	1.387250e-07	1.800000e+00	
2804	1.387750e-07	1.800000e+00	
2805	1.388250e-07	1.800000e+00	
2806	1.388750e-07	1.800000e+00	
2807	1.389250e-07	1.800000e+00	
2808	1.389750e-07	1.800000e+00	
2809	1.390250e-07	1.800000e+00	
2810	1.390750e-07	1.800000e+00	
2811	1.391250e-07	1.800000e+00	
2812	1.391750e-07	1.800000e+00	
2813	1.392250e-07	1.800000e+00	
2814	1.392750e-07	1.800000e+00	
2815	1.393250e-07	1.800000e+00	
2816	1.393750e-07	1.800000e+00	
2817	1.394250e-07	1.800000e+00	
2818	1.394750e-07	1.800000e+00	
2819	1.395250e-07	1.800000e+00	
2820	1.395750e-07	1.800000e+00	
2821	1.396250e-07	1.800000e+00	
2822	1.396750e-07	1.800000e+00	
2823	1.397250e-07	1.800000e+00	
2824	1.397750e-07	1.800000e+00	
2825	1.398250e-07	1.800000e+00	
2826	1.398750e-07	1.800000e+00	
2827	1.399250e-07	1.800000e+00	
2828	1.399750e-07	1.800000e+00	
2829	1.400250e-07	1.800000e+00	
2830	1.400750e-07	1.800000e+00	
2831	1.401250e-07	1.800000e+00	
2832	1.401750e-07	1.800000e+00	
2833	1.402250e-07	1.800000e+00	
2834	1.402750e-07	1.800000e+00	
2835	1.403250e-07	1.800000e+00	
2836	1.403750e-07	1.800000e+00	
2837	1.404250e-07	1.800000e+00	
2838	1.404750e-07	1.800000e+00	

Index   time            v(clk)          
--------------------------------------------------------------------------------
2839	1.405250e-07	1.800000e+00	
2840	1.405750e-07	1.800000e+00	
2841	1.406250e-07	1.800000e+00	
2842	1.406750e-07	1.800000e+00	
2843	1.407250e-07	1.800000e+00	
2844	1.407750e-07	1.800000e+00	
2845	1.408250e-07	1.800000e+00	
2846	1.408750e-07	1.800000e+00	
2847	1.409250e-07	1.800000e+00	
2848	1.409750e-07	1.800000e+00	
2849	1.410250e-07	1.800000e+00	
2850	1.410750e-07	1.800000e+00	
2851	1.411250e-07	1.800000e+00	
2852	1.411750e-07	1.800000e+00	
2853	1.412250e-07	1.800000e+00	
2854	1.412750e-07	1.800000e+00	
2855	1.413250e-07	1.800000e+00	
2856	1.413750e-07	1.800000e+00	
2857	1.414250e-07	1.800000e+00	
2858	1.414750e-07	1.800000e+00	
2859	1.415250e-07	1.800000e+00	
2860	1.415750e-07	1.800000e+00	
2861	1.416250e-07	1.800000e+00	
2862	1.416750e-07	1.800000e+00	
2863	1.417250e-07	1.800000e+00	
2864	1.417750e-07	1.800000e+00	
2865	1.418250e-07	1.800000e+00	
2866	1.418750e-07	1.800000e+00	
2867	1.419250e-07	1.800000e+00	
2868	1.419750e-07	1.800000e+00	
2869	1.420250e-07	1.800000e+00	
2870	1.420750e-07	1.800000e+00	
2871	1.421250e-07	1.800000e+00	
2872	1.421750e-07	1.800000e+00	
2873	1.422250e-07	1.800000e+00	
2874	1.422750e-07	1.800000e+00	
2875	1.423250e-07	1.800000e+00	
2876	1.423750e-07	1.800000e+00	
2877	1.424250e-07	1.800000e+00	
2878	1.424750e-07	1.800000e+00	
2879	1.425250e-07	1.800000e+00	
2880	1.425750e-07	1.800000e+00	
2881	1.426250e-07	1.800000e+00	
2882	1.426750e-07	1.800000e+00	
2883	1.427250e-07	1.800000e+00	
2884	1.427750e-07	1.800000e+00	
2885	1.428250e-07	1.800000e+00	
2886	1.428750e-07	1.800000e+00	
2887	1.429250e-07	1.800000e+00	
2888	1.429750e-07	1.800000e+00	
2889	1.430250e-07	1.800000e+00	
2890	1.430750e-07	1.800000e+00	
2891	1.431250e-07	1.800000e+00	
2892	1.431750e-07	1.800000e+00	
2893	1.432250e-07	1.800000e+00	
2894	1.432750e-07	1.800000e+00	
2895	1.433250e-07	1.800000e+00	
2896	1.433750e-07	1.800000e+00	

Index   time            v(clk)          
--------------------------------------------------------------------------------
2897	1.434250e-07	1.800000e+00	
2898	1.434750e-07	1.800000e+00	
2899	1.435250e-07	1.800000e+00	
2900	1.435750e-07	1.800000e+00	
2901	1.436250e-07	1.800000e+00	
2902	1.436750e-07	1.800000e+00	
2903	1.437250e-07	1.800000e+00	
2904	1.437750e-07	1.800000e+00	
2905	1.438250e-07	1.800000e+00	
2906	1.438750e-07	1.800000e+00	
2907	1.439250e-07	1.800000e+00	
2908	1.439750e-07	1.800000e+00	
2909	1.440250e-07	1.800000e+00	
2910	1.440750e-07	1.800000e+00	
2911	1.441250e-07	1.800000e+00	
2912	1.441750e-07	1.800000e+00	
2913	1.442250e-07	1.800000e+00	
2914	1.442750e-07	1.800000e+00	
2915	1.443250e-07	1.800000e+00	
2916	1.443750e-07	1.800000e+00	
2917	1.444250e-07	1.800000e+00	
2918	1.444750e-07	1.800000e+00	
2919	1.445250e-07	1.800000e+00	
2920	1.445750e-07	1.800000e+00	
2921	1.446250e-07	1.800000e+00	
2922	1.446750e-07	1.800000e+00	
2923	1.447250e-07	1.800000e+00	
2924	1.447750e-07	1.800000e+00	
2925	1.448250e-07	1.800000e+00	
2926	1.448750e-07	1.800000e+00	
2927	1.449250e-07	1.800000e+00	
2928	1.449750e-07	1.800000e+00	
2929	1.450250e-07	1.800000e+00	
2930	1.450750e-07	1.800000e+00	
2931	1.451250e-07	1.800000e+00	
2932	1.451750e-07	1.800000e+00	
2933	1.452250e-07	1.800000e+00	
2934	1.452750e-07	1.800000e+00	
2935	1.453250e-07	1.800000e+00	
2936	1.453750e-07	1.800000e+00	
2937	1.454250e-07	1.800000e+00	
2938	1.454750e-07	1.800000e+00	
2939	1.455250e-07	1.800000e+00	
2940	1.455750e-07	1.800000e+00	
2941	1.456250e-07	1.800000e+00	
2942	1.456750e-07	1.800000e+00	
2943	1.457250e-07	1.800000e+00	
2944	1.457750e-07	1.800000e+00	
2945	1.458250e-07	1.800000e+00	
2946	1.458750e-07	1.800000e+00	
2947	1.459250e-07	1.800000e+00	
2948	1.459750e-07	1.800000e+00	
2949	1.460250e-07	1.800000e+00	
2950	1.460750e-07	1.800000e+00	
2951	1.461250e-07	1.800000e+00	
2952	1.461750e-07	1.800000e+00	
2953	1.462250e-07	1.800000e+00	
2954	1.462750e-07	1.800000e+00	

Index   time            v(clk)          
--------------------------------------------------------------------------------
2955	1.463250e-07	1.800000e+00	
2956	1.463750e-07	1.800000e+00	
2957	1.464250e-07	1.800000e+00	
2958	1.464750e-07	1.800000e+00	
2959	1.465250e-07	1.800000e+00	
2960	1.465750e-07	1.800000e+00	
2961	1.466250e-07	1.800000e+00	
2962	1.466750e-07	1.800000e+00	
2963	1.467250e-07	1.800000e+00	
2964	1.467750e-07	1.800000e+00	
2965	1.468250e-07	1.800000e+00	
2966	1.468750e-07	1.800000e+00	
2967	1.469250e-07	1.800000e+00	
2968	1.469750e-07	1.800000e+00	
2969	1.470250e-07	1.800000e+00	
2970	1.470750e-07	1.800000e+00	
2971	1.471250e-07	1.800000e+00	
2972	1.471750e-07	1.800000e+00	
2973	1.472250e-07	1.800000e+00	
2974	1.472750e-07	1.800000e+00	
2975	1.473250e-07	1.800000e+00	
2976	1.473750e-07	1.800000e+00	
2977	1.474250e-07	1.800000e+00	
2978	1.474750e-07	1.800000e+00	
2979	1.475250e-07	1.800000e+00	
2980	1.475750e-07	1.800000e+00	
2981	1.476250e-07	1.800000e+00	
2982	1.476750e-07	1.800000e+00	
2983	1.477250e-07	1.800000e+00	
2984	1.477750e-07	1.800000e+00	
2985	1.478250e-07	1.800000e+00	
2986	1.478750e-07	1.800000e+00	
2987	1.479250e-07	1.800000e+00	
2988	1.479750e-07	1.800000e+00	
2989	1.480250e-07	1.800000e+00	
2990	1.480750e-07	1.800000e+00	
2991	1.481250e-07	1.800000e+00	
2992	1.481750e-07	1.800000e+00	
2993	1.482250e-07	1.800000e+00	
2994	1.482750e-07	1.800000e+00	
2995	1.483250e-07	1.800000e+00	
2996	1.483750e-07	1.800000e+00	
2997	1.484250e-07	1.800000e+00	
2998	1.484750e-07	1.800000e+00	
2999	1.485250e-07	1.800000e+00	
3000	1.485750e-07	1.800000e+00	
3001	1.486250e-07	1.800000e+00	
3002	1.486750e-07	1.800000e+00	
3003	1.487250e-07	1.800000e+00	
3004	1.487750e-07	1.800000e+00	
3005	1.488250e-07	1.800000e+00	
3006	1.488750e-07	1.800000e+00	
3007	1.489250e-07	1.800000e+00	
3008	1.489625e-07	1.800000e+00	
3009	1.490000e-07	1.800000e+00	
3010	1.490050e-07	1.800000e+00	
3011	1.490150e-07	1.800000e+00	
3012	1.490350e-07	1.800000e+00	

Index   time            v(clk)          
--------------------------------------------------------------------------------
3013	1.490750e-07	1.800000e+00	
3014	1.491250e-07	1.800000e+00	
3015	1.491750e-07	1.800000e+00	
3016	1.492250e-07	1.800000e+00	
3017	1.492750e-07	1.800000e+00	
3018	1.493250e-07	1.800000e+00	
3019	1.493750e-07	1.800000e+00	
3020	1.494250e-07	1.800000e+00	
3021	1.494750e-07	1.800000e+00	
3022	1.495250e-07	1.800000e+00	
3023	1.495750e-07	1.800000e+00	
3024	1.496250e-07	1.800000e+00	
3025	1.496750e-07	1.800000e+00	
3026	1.497250e-07	1.800000e+00	
3027	1.497750e-07	1.800000e+00	
3028	1.498250e-07	1.800000e+00	
3029	1.498750e-07	1.800000e+00	
3030	1.499250e-07	1.800000e+00	
3031	1.499625e-07	1.800000e+00	
3032	1.500000e-07	1.800000e+00	
3033	1.500050e-07	1.800000e+00	
3034	1.500150e-07	1.800000e+00	
3035	1.500350e-07	1.800000e+00	
3036	1.500750e-07	1.800000e+00	
3037	1.501250e-07	1.800000e+00	
3038	1.501750e-07	1.800000e+00	
3039	1.502250e-07	1.800000e+00	
3040	1.502750e-07	1.800000e+00	
3041	1.503250e-07	1.800000e+00	
3042	1.503750e-07	1.800000e+00	
3043	1.504250e-07	1.800000e+00	
3044	1.504750e-07	1.800000e+00	
3045	1.505250e-07	1.800000e+00	
3046	1.505750e-07	1.800000e+00	
3047	1.506250e-07	1.800000e+00	
3048	1.506750e-07	1.800000e+00	
3049	1.507250e-07	1.800000e+00	
3050	1.507750e-07	1.800000e+00	
3051	1.508250e-07	1.800000e+00	
3052	1.508750e-07	1.800000e+00	
3053	1.509250e-07	1.800000e+00	
3054	1.509750e-07	1.800000e+00	
3055	1.510250e-07	1.800000e+00	
3056	1.510750e-07	1.800000e+00	
3057	1.511250e-07	1.800000e+00	
3058	1.511750e-07	1.800000e+00	
3059	1.512250e-07	1.800000e+00	
3060	1.512750e-07	1.800000e+00	
3061	1.513250e-07	1.800000e+00	
3062	1.513750e-07	1.800000e+00	
3063	1.514250e-07	1.800000e+00	
3064	1.514750e-07	1.800000e+00	
3065	1.515250e-07	1.800000e+00	
3066	1.515750e-07	1.800000e+00	
3067	1.516250e-07	1.800000e+00	
3068	1.516750e-07	1.800000e+00	
3069	1.517250e-07	1.800000e+00	
3070	1.517750e-07	1.800000e+00	

Index   time            v(clk)          
--------------------------------------------------------------------------------
3071	1.518250e-07	1.800000e+00	
3072	1.518750e-07	1.800000e+00	
3073	1.519250e-07	1.800000e+00	
3074	1.519750e-07	1.800000e+00	
3075	1.520250e-07	1.800000e+00	
3076	1.520750e-07	1.800000e+00	
3077	1.521250e-07	1.800000e+00	
3078	1.521750e-07	1.800000e+00	
3079	1.522250e-07	1.800000e+00	
3080	1.522750e-07	1.800000e+00	
3081	1.523250e-07	1.800000e+00	
3082	1.523750e-07	1.800000e+00	
3083	1.524250e-07	1.800000e+00	
3084	1.524750e-07	1.800000e+00	
3085	1.525250e-07	1.800000e+00	
3086	1.525750e-07	1.800000e+00	
3087	1.526250e-07	1.800000e+00	
3088	1.526750e-07	1.800000e+00	
3089	1.527250e-07	1.800000e+00	
3090	1.527750e-07	1.800000e+00	
3091	1.528250e-07	1.800000e+00	
3092	1.528750e-07	1.800000e+00	
3093	1.529250e-07	1.800000e+00	
3094	1.529750e-07	1.800000e+00	
3095	1.530250e-07	1.800000e+00	
3096	1.530750e-07	1.800000e+00	
3097	1.531250e-07	1.800000e+00	
3098	1.531750e-07	1.800000e+00	
3099	1.532250e-07	1.800000e+00	
3100	1.532750e-07	1.800000e+00	
3101	1.533250e-07	1.800000e+00	
3102	1.533750e-07	1.800000e+00	
3103	1.534250e-07	1.800000e+00	
3104	1.534750e-07	1.800000e+00	
3105	1.535250e-07	1.800000e+00	
3106	1.535750e-07	1.800000e+00	
3107	1.536250e-07	1.800000e+00	
3108	1.536750e-07	1.800000e+00	
3109	1.537250e-07	1.800000e+00	
3110	1.537750e-07	1.800000e+00	
3111	1.538250e-07	1.800000e+00	
3112	1.538750e-07	1.800000e+00	
3113	1.539250e-07	1.800000e+00	
3114	1.539750e-07	1.800000e+00	
3115	1.540250e-07	1.800000e+00	
3116	1.540750e-07	1.800000e+00	
3117	1.541250e-07	1.800000e+00	
3118	1.541750e-07	1.800000e+00	
3119	1.542250e-07	1.800000e+00	
3120	1.542750e-07	1.800000e+00	
3121	1.543250e-07	1.800000e+00	
3122	1.543750e-07	1.800000e+00	
3123	1.544250e-07	1.800000e+00	
3124	1.544750e-07	1.800000e+00	
3125	1.545250e-07	1.800000e+00	
3126	1.545750e-07	1.800000e+00	
3127	1.546250e-07	1.800000e+00	
3128	1.546750e-07	1.800000e+00	

Index   time            v(clk)          
--------------------------------------------------------------------------------
3129	1.547250e-07	1.800000e+00	
3130	1.547750e-07	1.800000e+00	
3131	1.548250e-07	1.800000e+00	
3132	1.548750e-07	1.800000e+00	
3133	1.549250e-07	1.800000e+00	
3134	1.549750e-07	1.800000e+00	
3135	1.550250e-07	1.800000e+00	
3136	1.550750e-07	1.800000e+00	
3137	1.551250e-07	1.800000e+00	
3138	1.551750e-07	1.800000e+00	
3139	1.552250e-07	1.800000e+00	
3140	1.552750e-07	1.800000e+00	
3141	1.553250e-07	1.800000e+00	
3142	1.553750e-07	1.800000e+00	
3143	1.554250e-07	1.800000e+00	
3144	1.554750e-07	1.800000e+00	
3145	1.555250e-07	1.800000e+00	
3146	1.555750e-07	1.800000e+00	
3147	1.556250e-07	1.800000e+00	
3148	1.556750e-07	1.800000e+00	
3149	1.557250e-07	1.800000e+00	
3150	1.557750e-07	1.800000e+00	
3151	1.558250e-07	1.800000e+00	
3152	1.558750e-07	1.800000e+00	
3153	1.559250e-07	1.800000e+00	
3154	1.559750e-07	1.800000e+00	
3155	1.560250e-07	1.800000e+00	
3156	1.560750e-07	1.800000e+00	
3157	1.561250e-07	1.800000e+00	
3158	1.561750e-07	1.800000e+00	
3159	1.562250e-07	1.800000e+00	
3160	1.562750e-07	1.800000e+00	
3161	1.563250e-07	1.800000e+00	
3162	1.563750e-07	1.800000e+00	
3163	1.564250e-07	1.800000e+00	
3164	1.564750e-07	1.800000e+00	
3165	1.565250e-07	1.800000e+00	
3166	1.565750e-07	1.800000e+00	
3167	1.566250e-07	1.800000e+00	
3168	1.566750e-07	1.800000e+00	
3169	1.567250e-07	1.800000e+00	
3170	1.567750e-07	1.800000e+00	
3171	1.568250e-07	1.800000e+00	
3172	1.568750e-07	1.800000e+00	
3173	1.569250e-07	1.800000e+00	
3174	1.569750e-07	1.800000e+00	
3175	1.570250e-07	1.800000e+00	
3176	1.570750e-07	1.800000e+00	
3177	1.571250e-07	1.800000e+00	
3178	1.571750e-07	1.800000e+00	
3179	1.572250e-07	1.800000e+00	
3180	1.572750e-07	1.800000e+00	
3181	1.573250e-07	1.800000e+00	
3182	1.573750e-07	1.800000e+00	
3183	1.574250e-07	1.800000e+00	
3184	1.574750e-07	1.800000e+00	
3185	1.575250e-07	1.800000e+00	
3186	1.575750e-07	1.800000e+00	

Index   time            v(clk)          
--------------------------------------------------------------------------------
3187	1.576250e-07	1.800000e+00	
3188	1.576750e-07	1.800000e+00	
3189	1.577250e-07	1.800000e+00	
3190	1.577750e-07	1.800000e+00	
3191	1.578250e-07	1.800000e+00	
3192	1.578750e-07	1.800000e+00	
3193	1.579250e-07	1.800000e+00	
3194	1.579750e-07	1.800000e+00	
3195	1.580250e-07	1.800000e+00	
3196	1.580750e-07	1.800000e+00	
3197	1.581250e-07	1.800000e+00	
3198	1.581750e-07	1.800000e+00	
3199	1.582250e-07	1.800000e+00	
3200	1.582750e-07	1.800000e+00	
3201	1.583250e-07	1.800000e+00	
3202	1.583750e-07	1.800000e+00	
3203	1.584250e-07	1.800000e+00	
3204	1.584750e-07	1.800000e+00	
3205	1.585250e-07	1.800000e+00	
3206	1.585750e-07	1.800000e+00	
3207	1.586250e-07	1.800000e+00	
3208	1.586750e-07	1.800000e+00	
3209	1.587250e-07	1.800000e+00	
3210	1.587750e-07	1.800000e+00	
3211	1.588250e-07	1.800000e+00	
3212	1.588750e-07	1.800000e+00	
3213	1.589250e-07	1.800000e+00	
3214	1.589750e-07	1.800000e+00	
3215	1.590250e-07	1.800000e+00	
3216	1.590750e-07	1.800000e+00	
3217	1.591250e-07	1.800000e+00	
3218	1.591750e-07	1.800000e+00	
3219	1.592250e-07	1.800000e+00	
3220	1.592750e-07	1.800000e+00	
3221	1.593250e-07	1.800000e+00	
3222	1.593750e-07	1.800000e+00	
3223	1.594250e-07	1.800000e+00	
3224	1.594750e-07	1.800000e+00	
3225	1.595250e-07	1.800000e+00	
3226	1.595750e-07	1.800000e+00	
3227	1.596250e-07	1.800000e+00	
3228	1.596750e-07	1.800000e+00	
3229	1.597250e-07	1.800000e+00	
3230	1.597750e-07	1.800000e+00	
3231	1.598250e-07	1.800000e+00	
3232	1.598750e-07	1.800000e+00	
3233	1.599250e-07	1.800000e+00	
3234	1.599750e-07	1.800000e+00	
3235	1.600250e-07	1.800000e+00	
3236	1.600750e-07	1.800000e+00	
3237	1.601250e-07	1.800000e+00	
3238	1.601750e-07	1.800000e+00	
3239	1.602250e-07	1.800000e+00	
3240	1.602750e-07	1.800000e+00	
3241	1.603250e-07	1.800000e+00	
3242	1.603750e-07	1.800000e+00	
3243	1.604250e-07	1.800000e+00	
3244	1.604750e-07	1.800000e+00	

Index   time            v(clk)          
--------------------------------------------------------------------------------
3245	1.605250e-07	1.800000e+00	
3246	1.605750e-07	1.800000e+00	
3247	1.606250e-07	1.800000e+00	
3248	1.606750e-07	1.800000e+00	
3249	1.607250e-07	1.800000e+00	
3250	1.607750e-07	1.800000e+00	
3251	1.608250e-07	1.800000e+00	
3252	1.608750e-07	1.800000e+00	
3253	1.609250e-07	1.800000e+00	
3254	1.609750e-07	1.800000e+00	
3255	1.610250e-07	1.800000e+00	
3256	1.610750e-07	1.800000e+00	
3257	1.611250e-07	1.800000e+00	
3258	1.611750e-07	1.800000e+00	
3259	1.612250e-07	1.800000e+00	
3260	1.612750e-07	1.800000e+00	
3261	1.613250e-07	1.800000e+00	
3262	1.613750e-07	1.800000e+00	
3263	1.614250e-07	1.800000e+00	
3264	1.614750e-07	1.800000e+00	
3265	1.615250e-07	1.800000e+00	
3266	1.615750e-07	1.800000e+00	
3267	1.616250e-07	1.800000e+00	
3268	1.616750e-07	1.800000e+00	
3269	1.617250e-07	1.800000e+00	
3270	1.617750e-07	1.800000e+00	
3271	1.618250e-07	1.800000e+00	
3272	1.618750e-07	1.800000e+00	
3273	1.619250e-07	1.800000e+00	
3274	1.619750e-07	1.800000e+00	
3275	1.620250e-07	1.800000e+00	
3276	1.620750e-07	1.800000e+00	
3277	1.621250e-07	1.800000e+00	
3278	1.621750e-07	1.800000e+00	
3279	1.622250e-07	1.800000e+00	
3280	1.622750e-07	1.800000e+00	
3281	1.623250e-07	1.800000e+00	
3282	1.623750e-07	1.800000e+00	
3283	1.624250e-07	1.800000e+00	
3284	1.624750e-07	1.800000e+00	
3285	1.625250e-07	1.800000e+00	
3286	1.625750e-07	1.800000e+00	
3287	1.626250e-07	1.800000e+00	
3288	1.626750e-07	1.800000e+00	
3289	1.627250e-07	1.800000e+00	
3290	1.627750e-07	1.800000e+00	
3291	1.628250e-07	1.800000e+00	
3292	1.628750e-07	1.800000e+00	
3293	1.629250e-07	1.800000e+00	
3294	1.629750e-07	1.800000e+00	
3295	1.630250e-07	1.800000e+00	
3296	1.630750e-07	1.800000e+00	
3297	1.631250e-07	1.800000e+00	
3298	1.631750e-07	1.800000e+00	
3299	1.632250e-07	1.800000e+00	
3300	1.632750e-07	1.800000e+00	
3301	1.633250e-07	1.800000e+00	
3302	1.633750e-07	1.800000e+00	

Index   time            v(clk)          
--------------------------------------------------------------------------------
3303	1.634250e-07	1.800000e+00	
3304	1.634750e-07	1.800000e+00	
3305	1.635250e-07	1.800000e+00	
3306	1.635750e-07	1.800000e+00	
3307	1.636250e-07	1.800000e+00	
3308	1.636750e-07	1.800000e+00	
3309	1.637250e-07	1.800000e+00	
3310	1.637750e-07	1.800000e+00	
3311	1.638250e-07	1.800000e+00	
3312	1.638750e-07	1.800000e+00	
3313	1.639250e-07	1.800000e+00	
3314	1.639750e-07	1.800000e+00	
3315	1.640250e-07	1.800000e+00	
3316	1.640750e-07	1.800000e+00	
3317	1.641250e-07	1.800000e+00	
3318	1.641750e-07	1.800000e+00	
3319	1.642250e-07	1.800000e+00	
3320	1.642750e-07	1.800000e+00	
3321	1.643250e-07	1.800000e+00	
3322	1.643750e-07	1.800000e+00	
3323	1.644250e-07	1.800000e+00	
3324	1.644750e-07	1.800000e+00	
3325	1.645250e-07	1.800000e+00	
3326	1.645750e-07	1.800000e+00	
3327	1.646250e-07	1.800000e+00	
3328	1.646750e-07	1.800000e+00	
3329	1.647250e-07	1.800000e+00	
3330	1.647750e-07	1.800000e+00	
3331	1.648250e-07	1.800000e+00	
3332	1.648750e-07	1.800000e+00	
3333	1.649250e-07	1.800000e+00	
3334	1.649750e-07	1.800000e+00	
3335	1.650250e-07	1.800000e+00	
3336	1.650750e-07	1.800000e+00	
3337	1.651250e-07	1.800000e+00	
3338	1.651750e-07	1.800000e+00	
3339	1.652250e-07	1.800000e+00	
3340	1.652750e-07	1.800000e+00	
3341	1.653250e-07	1.800000e+00	
3342	1.653750e-07	1.800000e+00	
3343	1.654250e-07	1.800000e+00	
3344	1.654750e-07	1.800000e+00	
3345	1.655250e-07	1.800000e+00	
3346	1.655750e-07	1.800000e+00	
3347	1.656250e-07	1.800000e+00	
3348	1.656750e-07	1.800000e+00	
3349	1.657250e-07	1.800000e+00	
3350	1.657750e-07	1.800000e+00	
3351	1.658250e-07	1.800000e+00	
3352	1.658750e-07	1.800000e+00	
3353	1.659250e-07	1.800000e+00	
3354	1.659750e-07	1.800000e+00	
3355	1.660250e-07	1.800000e+00	
3356	1.660750e-07	1.800000e+00	
3357	1.661250e-07	1.800000e+00	
3358	1.661750e-07	1.800000e+00	
3359	1.662250e-07	1.800000e+00	
3360	1.662750e-07	1.800000e+00	

Index   time            v(clk)          
--------------------------------------------------------------------------------
3361	1.663250e-07	1.800000e+00	
3362	1.663750e-07	1.800000e+00	
3363	1.664250e-07	1.800000e+00	
3364	1.664750e-07	1.800000e+00	
3365	1.665250e-07	1.800000e+00	
3366	1.665750e-07	1.800000e+00	
3367	1.666250e-07	1.800000e+00	
3368	1.666750e-07	1.800000e+00	
3369	1.667250e-07	1.800000e+00	
3370	1.667750e-07	1.800000e+00	
3371	1.668250e-07	1.800000e+00	
3372	1.668750e-07	1.800000e+00	
3373	1.669250e-07	1.800000e+00	
3374	1.669750e-07	1.800000e+00	
3375	1.670250e-07	1.800000e+00	
3376	1.670750e-07	1.800000e+00	
3377	1.671250e-07	1.800000e+00	
3378	1.671750e-07	1.800000e+00	
3379	1.672250e-07	1.800000e+00	
3380	1.672750e-07	1.800000e+00	
3381	1.673250e-07	1.800000e+00	
3382	1.673750e-07	1.800000e+00	
3383	1.674250e-07	1.800000e+00	
3384	1.674750e-07	1.800000e+00	
3385	1.675250e-07	1.800000e+00	
3386	1.675750e-07	1.800000e+00	
3387	1.676250e-07	1.800000e+00	
3388	1.676750e-07	1.800000e+00	
3389	1.677250e-07	1.800000e+00	
3390	1.677750e-07	1.800000e+00	
3391	1.678250e-07	1.800000e+00	
3392	1.678750e-07	1.800000e+00	
3393	1.679250e-07	1.800000e+00	
3394	1.679750e-07	1.800000e+00	
3395	1.680250e-07	1.800000e+00	
3396	1.680750e-07	1.800000e+00	
3397	1.681250e-07	1.800000e+00	
3398	1.681750e-07	1.800000e+00	
3399	1.682250e-07	1.800000e+00	
3400	1.682750e-07	1.800000e+00	
3401	1.683250e-07	1.800000e+00	
3402	1.683750e-07	1.800000e+00	
3403	1.684250e-07	1.800000e+00	
3404	1.684750e-07	1.800000e+00	
3405	1.685250e-07	1.800000e+00	
3406	1.685750e-07	1.800000e+00	
3407	1.686250e-07	1.800000e+00	
3408	1.686750e-07	1.800000e+00	
3409	1.687250e-07	1.800000e+00	
3410	1.687750e-07	1.800000e+00	
3411	1.688250e-07	1.800000e+00	
3412	1.688750e-07	1.800000e+00	
3413	1.689250e-07	1.800000e+00	
3414	1.689750e-07	1.800000e+00	
3415	1.690250e-07	1.800000e+00	
3416	1.690750e-07	1.800000e+00	
3417	1.691250e-07	1.800000e+00	
3418	1.691750e-07	1.800000e+00	

Index   time            v(clk)          
--------------------------------------------------------------------------------
3419	1.692250e-07	1.800000e+00	
3420	1.692750e-07	1.800000e+00	
3421	1.693250e-07	1.800000e+00	
3422	1.693750e-07	1.800000e+00	
3423	1.694250e-07	1.800000e+00	
3424	1.694750e-07	1.800000e+00	
3425	1.695250e-07	1.800000e+00	
3426	1.695750e-07	1.800000e+00	
3427	1.696250e-07	1.800000e+00	
3428	1.696750e-07	1.800000e+00	
3429	1.697250e-07	1.800000e+00	
3430	1.697750e-07	1.800000e+00	
3431	1.698250e-07	1.800000e+00	
3432	1.698750e-07	1.800000e+00	
3433	1.699250e-07	1.800000e+00	
3434	1.699750e-07	1.800000e+00	
3435	1.700250e-07	1.800000e+00	
3436	1.700750e-07	1.800000e+00	
3437	1.701250e-07	1.800000e+00	
3438	1.701750e-07	1.800000e+00	
3439	1.702250e-07	1.800000e+00	
3440	1.702750e-07	1.800000e+00	
3441	1.703250e-07	1.800000e+00	
3442	1.703750e-07	1.800000e+00	
3443	1.704250e-07	1.800000e+00	
3444	1.704750e-07	1.800000e+00	
3445	1.705250e-07	1.800000e+00	
3446	1.705750e-07	1.800000e+00	
3447	1.706250e-07	1.800000e+00	
3448	1.706750e-07	1.800000e+00	
3449	1.707250e-07	1.800000e+00	
3450	1.707750e-07	1.800000e+00	
3451	1.708250e-07	1.800000e+00	
3452	1.708750e-07	1.800000e+00	
3453	1.709250e-07	1.800000e+00	
3454	1.709750e-07	1.800000e+00	
3455	1.710250e-07	1.800000e+00	
3456	1.710750e-07	1.800000e+00	
3457	1.711250e-07	1.800000e+00	
3458	1.711750e-07	1.800000e+00	
3459	1.712250e-07	1.800000e+00	
3460	1.712750e-07	1.800000e+00	
3461	1.713250e-07	1.800000e+00	
3462	1.713750e-07	1.800000e+00	
3463	1.714250e-07	1.800000e+00	
3464	1.714750e-07	1.800000e+00	
3465	1.715250e-07	1.800000e+00	
3466	1.715750e-07	1.800000e+00	
3467	1.716250e-07	1.800000e+00	
3468	1.716750e-07	1.800000e+00	
3469	1.717250e-07	1.800000e+00	
3470	1.717750e-07	1.800000e+00	
3471	1.718250e-07	1.800000e+00	
3472	1.718750e-07	1.800000e+00	
3473	1.719250e-07	1.800000e+00	
3474	1.719750e-07	1.800000e+00	
3475	1.720250e-07	1.800000e+00	
3476	1.720750e-07	1.800000e+00	

Index   time            v(clk)          
--------------------------------------------------------------------------------
3477	1.721250e-07	1.800000e+00	
3478	1.721750e-07	1.800000e+00	
3479	1.722250e-07	1.800000e+00	
3480	1.722750e-07	1.800000e+00	
3481	1.723250e-07	1.800000e+00	
3482	1.723750e-07	1.800000e+00	
3483	1.724250e-07	1.800000e+00	
3484	1.724750e-07	1.800000e+00	
3485	1.725250e-07	1.800000e+00	
3486	1.725750e-07	1.800000e+00	
3487	1.726250e-07	1.800000e+00	
3488	1.726750e-07	1.800000e+00	
3489	1.727250e-07	1.800000e+00	
3490	1.727750e-07	1.800000e+00	
3491	1.728250e-07	1.800000e+00	
3492	1.728750e-07	1.800000e+00	
3493	1.729250e-07	1.800000e+00	
3494	1.729750e-07	1.800000e+00	
3495	1.730250e-07	1.800000e+00	
3496	1.730750e-07	1.800000e+00	
3497	1.731250e-07	1.800000e+00	
3498	1.731750e-07	1.800000e+00	
3499	1.732250e-07	1.800000e+00	
3500	1.732750e-07	1.800000e+00	
3501	1.733250e-07	1.800000e+00	
3502	1.733750e-07	1.800000e+00	
3503	1.734250e-07	1.800000e+00	
3504	1.734750e-07	1.800000e+00	
3505	1.735250e-07	1.800000e+00	
3506	1.735750e-07	1.800000e+00	
3507	1.736250e-07	1.800000e+00	
3508	1.736750e-07	1.800000e+00	
3509	1.737250e-07	1.800000e+00	
3510	1.737750e-07	1.800000e+00	
3511	1.738250e-07	1.800000e+00	
3512	1.738750e-07	1.800000e+00	
3513	1.739250e-07	1.800000e+00	
3514	1.739750e-07	1.800000e+00	
3515	1.740250e-07	1.800000e+00	
3516	1.740750e-07	1.800000e+00	
3517	1.741250e-07	1.800000e+00	
3518	1.741750e-07	1.800000e+00	
3519	1.742250e-07	1.800000e+00	
3520	1.742750e-07	1.800000e+00	
3521	1.743250e-07	1.800000e+00	
3522	1.743750e-07	1.800000e+00	
3523	1.744250e-07	1.800000e+00	
3524	1.744750e-07	1.800000e+00	
3525	1.745250e-07	1.800000e+00	
3526	1.745750e-07	1.800000e+00	
3527	1.746250e-07	1.800000e+00	
3528	1.746750e-07	1.800000e+00	
3529	1.747250e-07	1.800000e+00	
3530	1.747750e-07	1.800000e+00	
3531	1.748250e-07	1.800000e+00	
3532	1.748750e-07	1.800000e+00	
3533	1.749250e-07	1.800000e+00	
3534	1.749750e-07	1.800000e+00	

Index   time            v(clk)          
--------------------------------------------------------------------------------
3535	1.750250e-07	1.800000e+00	
3536	1.750750e-07	1.800000e+00	
3537	1.751250e-07	1.800000e+00	
3538	1.751750e-07	1.800000e+00	
3539	1.752250e-07	1.800000e+00	
3540	1.752750e-07	1.800000e+00	
3541	1.753250e-07	1.800000e+00	
3542	1.753750e-07	1.800000e+00	
3543	1.754250e-07	1.800000e+00	
3544	1.754750e-07	1.800000e+00	
3545	1.755250e-07	1.800000e+00	
3546	1.755750e-07	1.800000e+00	
3547	1.756250e-07	1.800000e+00	
3548	1.756750e-07	1.800000e+00	
3549	1.757250e-07	1.800000e+00	
3550	1.757750e-07	1.800000e+00	
3551	1.758250e-07	1.800000e+00	
3552	1.758750e-07	1.800000e+00	
3553	1.759250e-07	1.800000e+00	
3554	1.759750e-07	1.800000e+00	
3555	1.760250e-07	1.800000e+00	
3556	1.760750e-07	1.800000e+00	
3557	1.761250e-07	1.800000e+00	
3558	1.761750e-07	1.800000e+00	
3559	1.762250e-07	1.800000e+00	
3560	1.762750e-07	1.800000e+00	
3561	1.763250e-07	1.800000e+00	
3562	1.763750e-07	1.800000e+00	
3563	1.764250e-07	1.800000e+00	
3564	1.764750e-07	1.800000e+00	
3565	1.765250e-07	1.800000e+00	
3566	1.765750e-07	1.800000e+00	
3567	1.766250e-07	1.800000e+00	
3568	1.766750e-07	1.800000e+00	
3569	1.767250e-07	1.800000e+00	
3570	1.767750e-07	1.800000e+00	
3571	1.768250e-07	1.800000e+00	
3572	1.768750e-07	1.800000e+00	
3573	1.769250e-07	1.800000e+00	
3574	1.769750e-07	1.800000e+00	
3575	1.770250e-07	1.800000e+00	
3576	1.770750e-07	1.800000e+00	
3577	1.771250e-07	1.800000e+00	
3578	1.771750e-07	1.800000e+00	
3579	1.772250e-07	1.800000e+00	
3580	1.772750e-07	1.800000e+00	
3581	1.773250e-07	1.800000e+00	
3582	1.773750e-07	1.800000e+00	
3583	1.774250e-07	1.800000e+00	
3584	1.774750e-07	1.800000e+00	
3585	1.775250e-07	1.800000e+00	
3586	1.775750e-07	1.800000e+00	
3587	1.776250e-07	1.800000e+00	
3588	1.776750e-07	1.800000e+00	
3589	1.777250e-07	1.800000e+00	
3590	1.777750e-07	1.800000e+00	
3591	1.778250e-07	1.800000e+00	
3592	1.778750e-07	1.800000e+00	

Index   time            v(clk)          
--------------------------------------------------------------------------------
3593	1.779250e-07	1.800000e+00	
3594	1.779750e-07	1.800000e+00	
3595	1.780250e-07	1.800000e+00	
3596	1.780750e-07	1.800000e+00	
3597	1.781250e-07	1.800000e+00	
3598	1.781750e-07	1.800000e+00	
3599	1.782250e-07	1.800000e+00	
3600	1.782750e-07	1.800000e+00	
3601	1.783250e-07	1.800000e+00	
3602	1.783750e-07	1.800000e+00	
3603	1.784250e-07	1.800000e+00	
3604	1.784750e-07	1.800000e+00	
3605	1.785250e-07	1.800000e+00	
3606	1.785750e-07	1.800000e+00	
3607	1.786250e-07	1.800000e+00	
3608	1.786750e-07	1.800000e+00	
3609	1.787250e-07	1.800000e+00	
3610	1.787750e-07	1.800000e+00	
3611	1.788250e-07	1.800000e+00	
3612	1.788750e-07	1.800000e+00	
3613	1.789250e-07	1.800000e+00	
3614	1.789750e-07	1.800000e+00	
3615	1.790250e-07	1.800000e+00	
3616	1.790750e-07	1.800000e+00	
3617	1.791250e-07	1.800000e+00	
3618	1.791750e-07	1.800000e+00	
3619	1.792250e-07	1.800000e+00	
3620	1.792750e-07	1.800000e+00	
3621	1.793250e-07	1.800000e+00	
3622	1.793750e-07	1.800000e+00	
3623	1.794250e-07	1.800000e+00	
3624	1.794750e-07	1.800000e+00	
3625	1.795250e-07	1.800000e+00	
3626	1.795750e-07	1.800000e+00	
3627	1.796250e-07	1.800000e+00	
3628	1.796750e-07	1.800000e+00	
3629	1.797250e-07	1.800000e+00	
3630	1.797750e-07	1.800000e+00	
3631	1.798250e-07	1.800000e+00	
3632	1.798750e-07	1.800000e+00	
3633	1.799250e-07	1.800000e+00	
3634	1.799750e-07	1.800000e+00	
3635	1.800250e-07	1.800000e+00	
3636	1.800750e-07	1.800000e+00	
3637	1.801250e-07	1.800000e+00	
3638	1.801750e-07	1.800000e+00	
3639	1.802250e-07	1.800000e+00	
3640	1.802750e-07	1.800000e+00	
3641	1.803250e-07	1.800000e+00	
3642	1.803750e-07	1.800000e+00	
3643	1.804250e-07	1.800000e+00	
3644	1.804750e-07	1.800000e+00	
3645	1.805250e-07	1.800000e+00	
3646	1.805750e-07	1.800000e+00	
3647	1.806250e-07	1.800000e+00	
3648	1.806750e-07	1.800000e+00	
3649	1.807250e-07	1.800000e+00	
3650	1.807750e-07	1.800000e+00	

Index   time            v(clk)          
--------------------------------------------------------------------------------
3651	1.808250e-07	1.800000e+00	
3652	1.808750e-07	1.800000e+00	
3653	1.809250e-07	1.800000e+00	
3654	1.809750e-07	1.800000e+00	
3655	1.810250e-07	1.800000e+00	
3656	1.810750e-07	1.800000e+00	
3657	1.811250e-07	1.800000e+00	
3658	1.811750e-07	1.800000e+00	
3659	1.812250e-07	1.800000e+00	
3660	1.812750e-07	1.800000e+00	
3661	1.813250e-07	1.800000e+00	
3662	1.813750e-07	1.800000e+00	
3663	1.814250e-07	1.800000e+00	
3664	1.814750e-07	1.800000e+00	
3665	1.815250e-07	1.800000e+00	
3666	1.815750e-07	1.800000e+00	
3667	1.816250e-07	1.800000e+00	
3668	1.816750e-07	1.800000e+00	
3669	1.817250e-07	1.800000e+00	
3670	1.817750e-07	1.800000e+00	
3671	1.818250e-07	1.800000e+00	
3672	1.818750e-07	1.800000e+00	
3673	1.819250e-07	1.800000e+00	
3674	1.819750e-07	1.800000e+00	
3675	1.820250e-07	1.800000e+00	
3676	1.820750e-07	1.800000e+00	
3677	1.821250e-07	1.800000e+00	
3678	1.821750e-07	1.800000e+00	
3679	1.822250e-07	1.800000e+00	
3680	1.822750e-07	1.800000e+00	
3681	1.823250e-07	1.800000e+00	
3682	1.823750e-07	1.800000e+00	
3683	1.824250e-07	1.800000e+00	
3684	1.824750e-07	1.800000e+00	
3685	1.825250e-07	1.800000e+00	
3686	1.825750e-07	1.800000e+00	
3687	1.826250e-07	1.800000e+00	
3688	1.826750e-07	1.800000e+00	
3689	1.827250e-07	1.800000e+00	
3690	1.827750e-07	1.800000e+00	
3691	1.828250e-07	1.800000e+00	
3692	1.828750e-07	1.800000e+00	
3693	1.829250e-07	1.800000e+00	
3694	1.829750e-07	1.800000e+00	
3695	1.830250e-07	1.800000e+00	
3696	1.830750e-07	1.800000e+00	
3697	1.831250e-07	1.800000e+00	
3698	1.831750e-07	1.800000e+00	
3699	1.832250e-07	1.800000e+00	
3700	1.832750e-07	1.800000e+00	
3701	1.833250e-07	1.800000e+00	
3702	1.833750e-07	1.800000e+00	
3703	1.834250e-07	1.800000e+00	
3704	1.834750e-07	1.800000e+00	
3705	1.835250e-07	1.800000e+00	
3706	1.835750e-07	1.800000e+00	
3707	1.836250e-07	1.800000e+00	
3708	1.836750e-07	1.800000e+00	

Index   time            v(clk)          
--------------------------------------------------------------------------------
3709	1.837250e-07	1.800000e+00	
3710	1.837750e-07	1.800000e+00	
3711	1.838250e-07	1.800000e+00	
3712	1.838750e-07	1.800000e+00	
3713	1.839250e-07	1.800000e+00	
3714	1.839750e-07	1.800000e+00	
3715	1.840250e-07	1.800000e+00	
3716	1.840750e-07	1.800000e+00	
3717	1.841250e-07	1.800000e+00	
3718	1.841750e-07	1.800000e+00	
3719	1.842250e-07	1.800000e+00	
3720	1.842750e-07	1.800000e+00	
3721	1.843250e-07	1.800000e+00	
3722	1.843750e-07	1.800000e+00	
3723	1.844250e-07	1.800000e+00	
3724	1.844750e-07	1.800000e+00	
3725	1.845250e-07	1.800000e+00	
3726	1.845750e-07	1.800000e+00	
3727	1.846250e-07	1.800000e+00	
3728	1.846750e-07	1.800000e+00	
3729	1.847250e-07	1.800000e+00	
3730	1.847750e-07	1.800000e+00	
3731	1.848250e-07	1.800000e+00	
3732	1.848750e-07	1.800000e+00	
3733	1.849250e-07	1.800000e+00	
3734	1.849750e-07	1.800000e+00	
3735	1.850250e-07	1.800000e+00	
3736	1.850750e-07	1.800000e+00	
3737	1.851250e-07	1.800000e+00	
3738	1.851750e-07	1.800000e+00	
3739	1.852250e-07	1.800000e+00	
3740	1.852750e-07	1.800000e+00	
3741	1.853250e-07	1.800000e+00	
3742	1.853750e-07	1.800000e+00	
3743	1.854250e-07	1.800000e+00	
3744	1.854750e-07	1.800000e+00	
3745	1.855250e-07	1.800000e+00	
3746	1.855750e-07	1.800000e+00	
3747	1.856250e-07	1.800000e+00	
3748	1.856750e-07	1.800000e+00	
3749	1.857250e-07	1.800000e+00	
3750	1.857750e-07	1.800000e+00	
3751	1.858250e-07	1.800000e+00	
3752	1.858750e-07	1.800000e+00	
3753	1.859250e-07	1.800000e+00	
3754	1.859750e-07	1.800000e+00	
3755	1.860250e-07	1.800000e+00	
3756	1.860750e-07	1.800000e+00	
3757	1.861250e-07	1.800000e+00	
3758	1.861750e-07	1.800000e+00	
3759	1.862250e-07	1.800000e+00	
3760	1.862750e-07	1.800000e+00	
3761	1.863250e-07	1.800000e+00	
3762	1.863750e-07	1.800000e+00	
3763	1.864250e-07	1.800000e+00	
3764	1.864750e-07	1.800000e+00	
3765	1.865250e-07	1.800000e+00	
3766	1.865750e-07	1.800000e+00	

Index   time            v(clk)          
--------------------------------------------------------------------------------
3767	1.866250e-07	1.800000e+00	
3768	1.866750e-07	1.800000e+00	
3769	1.867250e-07	1.800000e+00	
3770	1.867750e-07	1.800000e+00	
3771	1.868250e-07	1.800000e+00	
3772	1.868750e-07	1.800000e+00	
3773	1.869250e-07	1.800000e+00	
3774	1.869750e-07	1.800000e+00	
3775	1.870250e-07	1.800000e+00	
3776	1.870750e-07	1.800000e+00	
3777	1.871250e-07	1.800000e+00	
3778	1.871750e-07	1.800000e+00	
3779	1.872250e-07	1.800000e+00	
3780	1.872750e-07	1.800000e+00	
3781	1.873250e-07	1.800000e+00	
3782	1.873750e-07	1.800000e+00	
3783	1.874250e-07	1.800000e+00	
3784	1.874750e-07	1.800000e+00	
3785	1.875250e-07	1.800000e+00	
3786	1.875750e-07	1.800000e+00	
3787	1.876250e-07	1.800000e+00	
3788	1.876750e-07	1.800000e+00	
3789	1.877250e-07	1.800000e+00	
3790	1.877750e-07	1.800000e+00	
3791	1.878250e-07	1.800000e+00	
3792	1.878750e-07	1.800000e+00	
3793	1.879250e-07	1.800000e+00	
3794	1.879750e-07	1.800000e+00	
3795	1.880250e-07	1.800000e+00	
3796	1.880750e-07	1.800000e+00	
3797	1.881250e-07	1.800000e+00	
3798	1.881750e-07	1.800000e+00	
3799	1.882250e-07	1.800000e+00	
3800	1.882750e-07	1.800000e+00	
3801	1.883250e-07	1.800000e+00	
3802	1.883750e-07	1.800000e+00	
3803	1.884250e-07	1.800000e+00	
3804	1.884750e-07	1.800000e+00	
3805	1.885250e-07	1.800000e+00	
3806	1.885750e-07	1.800000e+00	
3807	1.886250e-07	1.800000e+00	
3808	1.886750e-07	1.800000e+00	
3809	1.887250e-07	1.800000e+00	
3810	1.887750e-07	1.800000e+00	
3811	1.888250e-07	1.800000e+00	
3812	1.888750e-07	1.800000e+00	
3813	1.889250e-07	1.800000e+00	
3814	1.889750e-07	1.800000e+00	
3815	1.890250e-07	1.800000e+00	
3816	1.890750e-07	1.800000e+00	
3817	1.891250e-07	1.800000e+00	
3818	1.891750e-07	1.800000e+00	
3819	1.892250e-07	1.800000e+00	
3820	1.892750e-07	1.800000e+00	
3821	1.893250e-07	1.800000e+00	
3822	1.893750e-07	1.800000e+00	
3823	1.894250e-07	1.800000e+00	
3824	1.894750e-07	1.800000e+00	

Index   time            v(clk)          
--------------------------------------------------------------------------------
3825	1.895250e-07	1.800000e+00	
3826	1.895750e-07	1.800000e+00	
3827	1.896250e-07	1.800000e+00	
3828	1.896750e-07	1.800000e+00	
3829	1.897250e-07	1.800000e+00	
3830	1.897750e-07	1.800000e+00	
3831	1.898250e-07	1.800000e+00	
3832	1.898750e-07	1.800000e+00	
3833	1.899250e-07	1.800000e+00	
3834	1.899750e-07	1.800000e+00	
3835	1.900250e-07	1.800000e+00	
3836	1.900750e-07	1.800000e+00	
3837	1.901250e-07	1.800000e+00	
3838	1.901750e-07	1.800000e+00	
3839	1.902250e-07	1.800000e+00	
3840	1.902750e-07	1.800000e+00	
3841	1.903250e-07	1.800000e+00	
3842	1.903750e-07	1.800000e+00	
3843	1.904250e-07	1.800000e+00	
3844	1.904750e-07	1.800000e+00	
3845	1.905250e-07	1.800000e+00	
3846	1.905750e-07	1.800000e+00	
3847	1.906250e-07	1.800000e+00	
3848	1.906750e-07	1.800000e+00	
3849	1.907250e-07	1.800000e+00	
3850	1.907750e-07	1.800000e+00	
3851	1.908250e-07	1.800000e+00	
3852	1.908750e-07	1.800000e+00	
3853	1.909250e-07	1.800000e+00	
3854	1.909750e-07	1.800000e+00	
3855	1.910250e-07	1.800000e+00	
3856	1.910750e-07	1.800000e+00	
3857	1.911250e-07	1.800000e+00	
3858	1.911750e-07	1.800000e+00	
3859	1.912250e-07	1.800000e+00	
3860	1.912750e-07	1.800000e+00	
3861	1.913250e-07	1.800000e+00	
3862	1.913750e-07	1.800000e+00	
3863	1.914250e-07	1.800000e+00	
3864	1.914750e-07	1.800000e+00	
3865	1.915250e-07	1.800000e+00	
3866	1.915750e-07	1.800000e+00	
3867	1.916250e-07	1.800000e+00	
3868	1.916750e-07	1.800000e+00	
3869	1.917250e-07	1.800000e+00	
3870	1.917750e-07	1.800000e+00	
3871	1.918250e-07	1.800000e+00	
3872	1.918750e-07	1.800000e+00	
3873	1.919250e-07	1.800000e+00	
3874	1.919750e-07	1.800000e+00	
3875	1.920250e-07	1.800000e+00	
3876	1.920750e-07	1.800000e+00	
3877	1.921250e-07	1.800000e+00	
3878	1.921750e-07	1.800000e+00	
3879	1.922250e-07	1.800000e+00	
3880	1.922750e-07	1.800000e+00	
3881	1.923250e-07	1.800000e+00	
3882	1.923750e-07	1.800000e+00	

Index   time            v(clk)          
--------------------------------------------------------------------------------
3883	1.924250e-07	1.800000e+00	
3884	1.924750e-07	1.800000e+00	
3885	1.925250e-07	1.800000e+00	
3886	1.925750e-07	1.800000e+00	
3887	1.926250e-07	1.800000e+00	
3888	1.926750e-07	1.800000e+00	
3889	1.927250e-07	1.800000e+00	
3890	1.927750e-07	1.800000e+00	
3891	1.928250e-07	1.800000e+00	
3892	1.928750e-07	1.800000e+00	
3893	1.929250e-07	1.800000e+00	
3894	1.929750e-07	1.800000e+00	
3895	1.930250e-07	1.800000e+00	
3896	1.930750e-07	1.800000e+00	
3897	1.931250e-07	1.800000e+00	
3898	1.931750e-07	1.800000e+00	
3899	1.932250e-07	1.800000e+00	
3900	1.932750e-07	1.800000e+00	
3901	1.933250e-07	1.800000e+00	
3902	1.933750e-07	1.800000e+00	
3903	1.934250e-07	1.800000e+00	
3904	1.934750e-07	1.800000e+00	
3905	1.935250e-07	1.800000e+00	
3906	1.935750e-07	1.800000e+00	
3907	1.936250e-07	1.800000e+00	
3908	1.936750e-07	1.800000e+00	
3909	1.937250e-07	1.800000e+00	
3910	1.937750e-07	1.800000e+00	
3911	1.938250e-07	1.800000e+00	
3912	1.938750e-07	1.800000e+00	
3913	1.939250e-07	1.800000e+00	
3914	1.939750e-07	1.800000e+00	
3915	1.940250e-07	1.800000e+00	
3916	1.940750e-07	1.800000e+00	
3917	1.941250e-07	1.800000e+00	
3918	1.941750e-07	1.800000e+00	
3919	1.942250e-07	1.800000e+00	
3920	1.942750e-07	1.800000e+00	
3921	1.943250e-07	1.800000e+00	
3922	1.943750e-07	1.800000e+00	
3923	1.944250e-07	1.800000e+00	
3924	1.944750e-07	1.800000e+00	
3925	1.945250e-07	1.800000e+00	
3926	1.945750e-07	1.800000e+00	
3927	1.946250e-07	1.800000e+00	
3928	1.946750e-07	1.800000e+00	
3929	1.947250e-07	1.800000e+00	
3930	1.947750e-07	1.800000e+00	
3931	1.948250e-07	1.800000e+00	
3932	1.948750e-07	1.800000e+00	
3933	1.949250e-07	1.800000e+00	
3934	1.949750e-07	1.800000e+00	
3935	1.950250e-07	1.800000e+00	
3936	1.950750e-07	1.800000e+00	
3937	1.951250e-07	1.800000e+00	
3938	1.951750e-07	1.800000e+00	
3939	1.952250e-07	1.800000e+00	
3940	1.952750e-07	1.800000e+00	

Index   time            v(clk)          
--------------------------------------------------------------------------------
3941	1.953250e-07	1.800000e+00	
3942	1.953750e-07	1.800000e+00	
3943	1.954250e-07	1.800000e+00	
3944	1.954750e-07	1.800000e+00	
3945	1.955250e-07	1.800000e+00	
3946	1.955750e-07	1.800000e+00	
3947	1.956250e-07	1.800000e+00	
3948	1.956750e-07	1.800000e+00	
3949	1.957250e-07	1.800000e+00	
3950	1.957750e-07	1.800000e+00	
3951	1.958250e-07	1.800000e+00	
3952	1.958750e-07	1.800000e+00	
3953	1.959250e-07	1.800000e+00	
3954	1.959750e-07	1.800000e+00	
3955	1.960250e-07	1.800000e+00	
3956	1.960750e-07	1.800000e+00	
3957	1.961250e-07	1.800000e+00	
3958	1.961750e-07	1.800000e+00	
3959	1.962250e-07	1.800000e+00	
3960	1.962750e-07	1.800000e+00	
3961	1.963250e-07	1.800000e+00	
3962	1.963750e-07	1.800000e+00	
3963	1.964250e-07	1.800000e+00	
3964	1.964750e-07	1.800000e+00	
3965	1.965250e-07	1.800000e+00	
3966	1.965750e-07	1.800000e+00	
3967	1.966250e-07	1.800000e+00	
3968	1.966750e-07	1.800000e+00	
3969	1.967250e-07	1.800000e+00	
3970	1.967750e-07	1.800000e+00	
3971	1.968250e-07	1.800000e+00	
3972	1.968750e-07	1.800000e+00	
3973	1.969250e-07	1.800000e+00	
3974	1.969750e-07	1.800000e+00	
3975	1.970250e-07	1.800000e+00	
3976	1.970750e-07	1.800000e+00	
3977	1.971250e-07	1.800000e+00	
3978	1.971750e-07	1.800000e+00	
3979	1.972250e-07	1.800000e+00	
3980	1.972750e-07	1.800000e+00	
3981	1.973250e-07	1.800000e+00	
3982	1.973750e-07	1.800000e+00	
3983	1.974250e-07	1.800000e+00	
3984	1.974750e-07	1.800000e+00	
3985	1.975250e-07	1.800000e+00	
3986	1.975750e-07	1.800000e+00	
3987	1.976250e-07	1.800000e+00	
3988	1.976750e-07	1.800000e+00	
3989	1.977250e-07	1.800000e+00	
3990	1.977750e-07	1.800000e+00	
3991	1.978250e-07	1.800000e+00	
3992	1.978750e-07	1.800000e+00	
3993	1.979250e-07	1.800000e+00	
3994	1.979750e-07	1.800000e+00	
3995	1.980250e-07	1.800000e+00	
3996	1.980750e-07	1.800000e+00	
3997	1.981250e-07	1.800000e+00	
3998	1.981750e-07	1.800000e+00	

Index   time            v(clk)          
--------------------------------------------------------------------------------
3999	1.982250e-07	1.800000e+00	
4000	1.982750e-07	1.800000e+00	
4001	1.983250e-07	1.800000e+00	
4002	1.983750e-07	1.800000e+00	
4003	1.984250e-07	1.800000e+00	
4004	1.984750e-07	1.800000e+00	
4005	1.985250e-07	1.800000e+00	
4006	1.985750e-07	1.800000e+00	
4007	1.986250e-07	1.800000e+00	
4008	1.986750e-07	1.800000e+00	
4009	1.987250e-07	1.800000e+00	
4010	1.987750e-07	1.800000e+00	
4011	1.988250e-07	1.800000e+00	
4012	1.988750e-07	1.800000e+00	
4013	1.989250e-07	1.800000e+00	
4014	1.989750e-07	1.800000e+00	
4015	1.990250e-07	1.800000e+00	
4016	1.990750e-07	1.800000e+00	
4017	1.991250e-07	1.800000e+00	
4018	1.991750e-07	1.800000e+00	
4019	1.992250e-07	1.800000e+00	
4020	1.992750e-07	1.800000e+00	
4021	1.993250e-07	1.800000e+00	
4022	1.993750e-07	1.800000e+00	
4023	1.994250e-07	1.800000e+00	
4024	1.994750e-07	1.800000e+00	
4025	1.995250e-07	1.800000e+00	
4026	1.995750e-07	1.800000e+00	
4027	1.996250e-07	1.800000e+00	
4028	1.996750e-07	1.800000e+00	
4029	1.997250e-07	1.800000e+00	
4030	1.997750e-07	1.800000e+00	
4031	1.998250e-07	1.800000e+00	
4032	1.998750e-07	1.800000e+00	
4033	1.999250e-07	1.800000e+00	
4034	1.999625e-07	1.800000e+00	
4035	2.000000e-07	1.800000e+00	


Total analysis time (seconds) = 7.43545

Total elapsed time (seconds) = 24.458 

Total DRAM available = 15700.234 MB.
DRAM currently available = 6099.625 MB.
Maximum ngspice program size =  450.770 MB.
Current ngspice program size =  386.293 MB.

Shared ngspice pages =    8.832 MB.
Text (code) pages =    6.355 MB.
Stack = 0 bytes.
Library pages =  436.086 MB.

Warning: singular matrix:  check node xxxtop.xxdiv.xcnt5.a_761_289#

Note: Starting dynamic gmin stepping
Warning: Dynamic gmin stepping failed
Note: Starting true gmin stepping
Note: True gmin stepping completed
