
Note: Compatibility modes selected: hs a


Circuit: ** sch_path: /home/ubuntu/github/sky130-pll/.loom/worktrees/issue-52/sim/pll/testbench/tb_pll.sch

option SCALE: Scale is set to 1e-06 for instance and model parameters
option SCALE: Scale is set to 1e-06 for instance and model parameters
option SCALE: Scale is set to 1e-06 for instance and model parameters
option SCALE: Scale is set to 1e-06 for instance and model parameters
Doing analysis at TEMP = 27.000000 and TNOM = 27.000000

Using KLU as Direct Linear Solver
 Reference value :  0.00000e+00
 Reference value :  6.64000e-10
 Reference value :  1.27500e-09
 Reference value :  1.89440e-09
 Reference value :  2.22957e-09
 Reference value :  2.54400e-09
 Reference value :  3.01818e-09
 Reference value :  3.51032e-09
 Reference value :  4.08019e-09
 Reference value :  4.58007e-09
 Reference value :  5.01500e-09
 Reference value :  5.13596e-09
 Reference value :  5.44972e-09
 Reference value :  5.54365e-09
 Reference value :  5.94641e-09
 Reference value :  6.34585e-09
 Reference value :  6.79770e-09
 Reference value :  7.07733e-09
 Reference value :  7.47076e-09
 Reference value :  7.88926e-09
 Reference value :  8.03837e-09
 Reference value :  8.53405e-09
 Reference value :  8.83936e-09
 Reference value :  9.30377e-09
 Reference value :  9.62375e-09
 Reference value :  1.00719e-08
 Reference value :  1.04033e-08
 Reference value :  1.06857e-08
 Reference value :  1.11391e-08
 Reference value :  1.15870e-08
 Reference value :  1.19667e-08
 Reference value :  1.24323e-08
 Reference value :  1.27276e-08
 Reference value :  1.29877e-08
 Reference value :  1.33965e-08
 Reference value :  1.37559e-08
 Reference value :  1.41708e-08
 Reference value :  1.45259e-08
 Reference value :  1.50011e-08
 Reference value :  1.53901e-08
 Reference value :  1.59315e-08
 Reference value :  1.63960e-08
 Reference value :  1.67613e-08
 Reference value :  1.70345e-08
 Reference value :  1.75832e-08
 Reference value :  1.77246e-08
 Reference value :  1.82884e-08
 Reference value :  1.86438e-08
 Reference value :  1.92321e-08
 Reference value :  1.96170e-08
 Reference value :  2.00917e-08
 Reference value :  2.04454e-08
 Reference value :  2.05403e-08
 Reference value :  2.08832e-08
 Reference value :  2.13682e-08
 Reference value :  2.17286e-08
 Reference value :  2.22179e-08
 Reference value :  2.26663e-08
 Reference value :  2.29663e-08
 Reference value :  2.33096e-08
 Reference value :  2.37925e-08
 Reference value :  2.42539e-08
 Reference value :  2.47943e-08
 Reference value :  2.50806e-08
 Reference value :  2.52806e-08
 Reference value :  2.57311e-08
 Reference value :  2.60877e-08
 Reference value :  2.65363e-08
 Reference value :  2.69746e-08
 Reference value :  2.73716e-08
 Reference value :  2.79294e-08
 Reference value :  2.82072e-08
 Reference value :  2.83562e-08
 Reference value :  2.89234e-08
 Reference value :  2.92482e-08
 Reference value :  2.97660e-08
 Reference value :  3.02809e-08
 Reference value :  3.06261e-08
 Reference value :  3.07812e-08
 Reference value :  3.12645e-08
 Reference value :  3.16837e-08
 Reference value :  3.20413e-08
 Reference value :  3.24363e-08
 Reference value :  3.27221e-08
 Reference value :  3.30242e-08
 Reference value :  3.33389e-08
 Reference value :  3.37016e-08
 Reference value :  3.41164e-08
 Reference value :  3.46015e-08
 Reference value :  3.50595e-08
 Reference value :  3.53589e-08
 Reference value :  3.55547e-08
 Reference value :  3.59213e-08
 Reference value :  3.62824e-08
 Reference value :  3.67405e-08
 Reference value :  3.70939e-08
 Reference value :  3.75352e-08
 Reference value :  3.77898e-08
 Reference value :  3.79772e-08
 Reference value :  3.84671e-08
 Reference value :  3.88520e-08
 Reference value :  3.91406e-08
 Reference value :  3.93285e-08
 Reference value :  3.95604e-08
 Reference value :  3.99916e-08
 Reference value :  4.03491e-08
 Reference value :  4.08082e-08
 Reference value :  4.11397e-08
 Reference value :  4.12409e-08
 Reference value :  4.16131e-08
 Reference value :  4.19768e-08
 Reference value :  4.24808e-08
 Reference value :  4.29254e-08
 Reference value :  4.33826e-08
 Reference value :  4.34806e-08
 Reference value :  4.40614e-08
 Reference value :  4.44149e-08
 Reference value :  4.48486e-08
 Reference value :  4.52455e-08
 Reference value :  4.56734e-08
 Reference value :  4.59272e-08
 Reference value :  4.61406e-08
 Reference value :  4.67839e-08
 Reference value :  4.72247e-08
 Reference value :  4.76688e-08
 Reference value :  4.80238e-08
 Reference value :  4.82484e-08
 Reference value :  4.85281e-08
 Reference value :  4.89674e-08
 Reference value :  4.92829e-08
 Reference value :  4.97480e-08
 Reference value :  5.00714e-08
 Reference value :  5.03514e-08
 Reference value :  5.07786e-08
 Reference value :  5.12154e-08
 Reference value :  5.17009e-08
 Reference value :  5.20860e-08
 Reference value :  5.23722e-08
 Reference value :  5.26112e-08
 Reference value :  5.27518e-08
 Reference value :  5.31054e-08
 Reference value :  5.35101e-08
 Reference value :  5.40001e-08
 Reference value :  5.45446e-08
 Reference value :  5.49512e-08
 Reference value :  5.54423e-08
 Reference value :  5.57620e-08
 Reference value :  5.60595e-08
 Reference value :  5.63478e-08
 Reference value :  5.67239e-08
 Reference value :  5.72681e-08
 Reference value :  5.76979e-08
 Reference value :  5.81344e-08
 Reference value :  5.85456e-08
 Reference value :  5.86833e-08
 Reference value :  5.90913e-08
 Reference value :  5.95667e-08
 Reference value :  5.99440e-08
 Reference value :  6.04218e-08
 Reference value :  6.07451e-08
 Reference value :  6.10795e-08
 Reference value :  6.12493e-08
 Reference value :  6.16567e-08
 Reference value :  6.21896e-08
 Reference value :  6.25291e-08
 Reference value :  6.27781e-08
 Reference value :  6.29538e-08
 Reference value :  6.33653e-08
 Reference value :  6.37555e-08
 Reference value :  6.42899e-08
 Reference value :  6.46883e-08
 Reference value :  6.50512e-08
 Reference value :  6.54665e-08
 Reference value :  6.55607e-08
 Reference value :  6.61289e-08
 Reference value :  6.64610e-08
 Reference value :  6.69424e-08
 Reference value :  6.71219e-08
 Reference value :  6.76153e-08
 Reference value :  6.79943e-08
 Reference value :  6.84520e-08
 Reference value :  6.87382e-08
 Reference value :  6.89444e-08
 Reference value :  6.92209e-08
 Reference value :  6.97768e-08
 Reference value :  7.03114e-08
 Reference value :  7.07789e-08
 Reference value :  7.09027e-08
 Reference value :  7.12295e-08
 Reference value :  7.16787e-08
 Reference value :  7.20022e-08
 Reference value :  7.25361e-08
 Reference value :  7.28839e-08
 Reference value :  7.32318e-08
 Reference value :  7.35031e-08
 Reference value :  7.39137e-08
 Reference value :  7.44043e-08
 Reference value :  7.46497e-08
 Reference value :  7.49949e-08
 Reference value :  7.52216e-08
 Reference value :  7.56826e-08
 Reference value :  7.60793e-08
 Reference value :  7.65758e-08
 Reference value :  7.68888e-08
 Reference value :  7.72346e-08
 Reference value :  7.76346e-08
 Reference value :  7.79068e-08
 Reference value :  7.80997e-08
 Reference value :  7.84441e-08
 Reference value :  7.86274e-08
 Reference value :  7.91116e-08
 Reference value :  7.96804e-08
 Reference value :  7.99882e-08
 Reference value :  8.03885e-08
 Reference value :  8.09514e-08
 Reference value :  8.13799e-08
 Reference value :  8.16522e-08
 Reference value :  8.20622e-08
 Reference value :  8.25586e-08
 Reference value :  8.30332e-08
 Reference value :  8.34055e-08
 Reference value :  8.38258e-08
 Reference value :  8.43445e-08
 Reference value :  8.47773e-08
 Reference value :  8.51924e-08
 Reference value :  8.56504e-08
 Reference value :  8.60312e-08
 Reference value :  8.64943e-08
 Reference value :  8.66889e-08
 Reference value :  8.70389e-08
 Reference value :  8.73655e-08
 Reference value :  8.78698e-08
 Reference value :  8.82380e-08
 Reference value :  8.88748e-08
 Reference value :  8.90030e-08
 Reference value :  8.92952e-08
 Reference value :  8.95813e-08
 Reference value :  9.00202e-08
 Reference value :  9.05260e-08
 Reference value :  9.08436e-08
 Reference value :  9.11936e-08
 Reference value :  9.15060e-08
 Reference value :  9.19533e-08
 Reference value :  9.23189e-08
 Reference value :  9.27207e-08
 Reference value :  9.29257e-08
 Reference value :  9.33847e-08
 Reference value :  9.37725e-08
 Reference value :  9.43629e-08
 Reference value :  9.47391e-08
 Reference value :  9.50650e-08
 Reference value :  9.52824e-08
 Reference value :  9.56682e-08
 Reference value :  9.61179e-08
 Reference value :  9.66531e-08
 Reference value :  9.71119e-08
 Reference value :  9.72331e-08
 Reference value :  9.76859e-08
 Reference value :  9.80323e-08
 Reference value :  9.84669e-08
 Reference value :  9.88385e-08
 Reference value :  9.93135e-08
 Reference value :  9.97149e-08
 Reference value :  1.00015e-07
 Reference value :  1.00319e-07
 Reference value :  1.00711e-07
 Reference value :  1.01014e-07
 Reference value :  1.01250e-07
 Reference value :  1.01713e-07
 Reference value :  1.02007e-07
 Reference value :  1.02177e-07
 Reference value :  1.02618e-07
 Reference value :  1.03022e-07
 Reference value :  1.03424e-07
 Reference value :  1.03659e-07
 Reference value :  1.04036e-07
 Reference value :  1.04244e-07
 Reference value :  1.04639e-07
 Reference value :  1.04999e-07
 Reference value :  1.05301e-07
 Reference value :  1.05674e-07
 Reference value :  1.05852e-07
 Reference value :  1.06351e-07
 Reference value :  1.06821e-07
 Reference value :  1.07277e-07
 Reference value :  1.07703e-07
 Reference value :  1.08151e-07
 Reference value :  1.08519e-07
 Reference value :  1.08971e-07
 Reference value :  1.09321e-07
 Reference value :  1.09791e-07
 Reference value :  1.10197e-07
 Reference value :  1.10345e-07
 Reference value :  1.10768e-07
 Reference value :  1.11134e-07
 Reference value :  1.11731e-07
 Reference value :  1.12200e-07
 Reference value :  1.12550e-07
 Reference value :  1.12789e-07
 Reference value :  1.13302e-07
 Reference value :  1.13631e-07
 Reference value :  1.14127e-07
 Reference value :  1.14525e-07
 Reference value :  1.14829e-07
 Reference value :  1.15041e-07
 Reference value :  1.15600e-07
 Reference value :  1.16032e-07
 Reference value :  1.16494e-07
 Reference value :  1.16852e-07
 Reference value :  1.17209e-07
 Reference value :  1.17660e-07
 Reference value :  1.17929e-07
 Reference value :  1.18307e-07
 Reference value :  1.18691e-07
 Reference value :  1.19034e-07
 Reference value :  1.19408e-07
 Reference value :  1.19645e-07
 Reference value :  1.19977e-07
 Reference value :  1.20454e-07
 Reference value :  1.20783e-07
 Reference value :  1.21124e-07
 Reference value :  1.21565e-07
 Reference value :  1.22134e-07
 Reference value :  1.22652e-07
 Reference value :  1.23058e-07
 Reference value :  1.23371e-07
 Reference value :  1.23692e-07
 Reference value :  1.23989e-07
 Reference value :  1.24570e-07
 Reference value :  1.24975e-07
 Reference value :  1.25451e-07
 Reference value :  1.25770e-07
 Reference value :  1.26172e-07
 Reference value :  1.26575e-07
 Reference value :  1.26965e-07
 Reference value :  1.27325e-07
 Reference value :  1.27755e-07
 Reference value :  1.28282e-07
 Reference value :  1.28677e-07
 Reference value :  1.29053e-07
 Reference value :  1.29573e-07
 Reference value :  1.30050e-07
 Reference value :  1.30370e-07
 Reference value :  1.30518e-07
 Reference value :  1.30898e-07
 Reference value :  1.31367e-07
 Reference value :  1.31967e-07
 Reference value :  1.32391e-07
 Reference value :  1.32847e-07
 Reference value :  1.33097e-07
 Reference value :  1.33292e-07
 Reference value :  1.33701e-07
 Reference value :  1.34217e-07
 Reference value :  1.34525e-07
 Reference value :  1.34763e-07
 Reference value :  1.35173e-07
 Reference value :  1.35566e-07
 Reference value :  1.36054e-07
 Reference value :  1.36366e-07
 Reference value :  1.36549e-07
 Reference value :  1.36832e-07
 Reference value :  1.37198e-07
 Reference value :  1.37664e-07
 Reference value :  1.38040e-07
 Reference value :  1.38256e-07
 Reference value :  1.38656e-07
 Reference value :  1.39158e-07
 Reference value :  1.39547e-07
 Reference value :  1.39948e-07
 Reference value :  1.40246e-07
 Reference value :  1.40756e-07
 Reference value :  1.41076e-07
 Reference value :  1.41466e-07
 Reference value :  1.41763e-07
 Reference value :  1.41842e-07
 Reference value :  1.42263e-07
 Reference value :  1.42611e-07
 Reference value :  1.42787e-07
 Reference value :  1.43220e-07
 Reference value :  1.43580e-07
 Reference value :  1.44045e-07
 Reference value :  1.44616e-07
 Reference value :  1.45012e-07
 Reference value :  1.45469e-07
 Reference value :  1.45608e-07
 Reference value :  1.46002e-07
 Reference value :  1.46398e-07
 Reference value :  1.46747e-07
 Reference value :  1.47116e-07
 Reference value :  1.47407e-07
 Reference value :  1.47887e-07
 Reference value :  1.48260e-07
 Reference value :  1.48826e-07
 Reference value :  1.49010e-07
 Reference value :  1.49430e-07
 Reference value :  1.49592e-07
 Reference value :  1.49863e-07
 Reference value :  1.50030e-07
 Reference value :  1.50327e-07
 Reference value :  1.50695e-07
 Reference value :  1.51111e-07
 Reference value :  1.51465e-07
 Reference value :  1.51931e-07
 Reference value :  1.52204e-07
 Reference value :  1.52419e-07
 Reference value :  1.52863e-07
 Reference value :  1.53154e-07
 Reference value :  1.53627e-07
 Reference value :  1.53910e-07
 Reference value :  1.54164e-07
 Reference value :  1.54525e-07
 Reference value :  1.54984e-07
 Reference value :  1.55295e-07
 Reference value :  1.55600e-07
 Reference value :  1.55981e-07
 Reference value :  1.56209e-07
 Reference value :  1.56618e-07
 Reference value :  1.56983e-07
 Reference value :  1.57334e-07
 Reference value :  1.57617e-07
 Reference value :  1.58030e-07
 Reference value :  1.58448e-07
 Reference value :  1.58861e-07
 Reference value :  1.59051e-07
 Reference value :  1.59371e-07
 Reference value :  1.59735e-07
 Reference value :  1.60167e-07
 Reference value :  1.60619e-07
 Reference value :  1.61169e-07
 Reference value :  1.61661e-07
 Reference value :  1.61958e-07
 Reference value :  1.62202e-07
 Reference value :  1.62750e-07
 Reference value :  1.63098e-07
 Reference value :  1.63565e-07
 Reference value :  1.63994e-07
 Reference value :  1.64431e-07
 Reference value :  1.64544e-07
 Reference value :  1.65084e-07
 Reference value :  1.65412e-07
 Reference value :  1.65960e-07
 Reference value :  1.66010e-07
 Reference value :  1.66145e-07
 Reference value :  1.66523e-07
 Reference value :  1.66776e-07
 Reference value :  1.67137e-07
 Reference value :  1.67685e-07
 Reference value :  1.68180e-07
 Reference value :  1.68562e-07
 Reference value :  1.69012e-07
 Reference value :  1.69237e-07
 Reference value :  1.69390e-07
 Reference value :  1.69933e-07
 Reference value :  1.70525e-07
 Reference value :  1.70989e-07
 Reference value :  1.71509e-07
 Reference value :  1.71909e-07
 Reference value :  1.72434e-07
 Reference value :  1.72666e-07
 Reference value :  1.73043e-07
 Reference value :  1.73436e-07
 Reference value :  1.74035e-07
 Reference value :  1.74450e-07
 Reference value :  1.75078e-07
 Reference value :  1.75284e-07
 Reference value :  1.75680e-07
 Reference value :  1.75930e-07
 Reference value :  1.76451e-07
 Reference value :  1.76803e-07
 Reference value :  1.77309e-07
 Reference value :  1.77551e-07
 Reference value :  1.77977e-07
 Reference value :  1.78224e-07
 Reference value :  1.78575e-07
 Reference value :  1.78940e-07
 Reference value :  1.79403e-07
 Reference value :  1.79931e-07
 Reference value :  1.79995e-07
 Reference value :  1.80512e-07
 Reference value :  1.80839e-07
 Reference value :  1.81421e-07
 Reference value :  1.81620e-07
 Reference value :  1.81905e-07
 Reference value :  1.82339e-07
 Reference value :  1.82787e-07
 Reference value :  1.83187e-07
 Reference value :  1.83650e-07
 Reference value :  1.84008e-07
 Reference value :  1.84264e-07
 Reference value :  1.84553e-07
 Reference value :  1.84911e-07
 Reference value :  1.85440e-07
 Reference value :  1.85696e-07
 Reference value :  1.86093e-07
 Reference value :  1.86587e-07
 Reference value :  1.87125e-07
 Reference value :  1.87596e-07
 Reference value :  1.88005e-07
 Reference value :  1.88456e-07
 Reference value :  1.88796e-07
 Reference value :  1.88964e-07
 Reference value :  1.89014e-07
 Reference value :  1.89515e-07
 Reference value :  1.89890e-07
 Reference value :  1.90313e-07
 Reference value :  1.90624e-07
 Reference value :  1.90992e-07
 Reference value :  1.91350e-07
 Reference value :  1.91805e-07
 Reference value :  1.92203e-07
 Reference value :  1.92632e-07
 Reference value :  1.93145e-07
 Reference value :  1.93621e-07
 Reference value :  1.93684e-07
 Reference value :  1.94129e-07
 Reference value :  1.94537e-07
 Reference value :  1.95010e-07
 Reference value :  1.95281e-07
 Reference value :  1.95780e-07
 Reference value :  1.96124e-07
 Reference value :  1.96587e-07
 Reference value :  1.96919e-07
 Reference value :  1.97388e-07
 Reference value :  1.97700e-07
 Reference value :  1.98006e-07
 Reference value :  1.98314e-07
 Reference value :  1.98650e-07
 Reference value :  1.99102e-07
 Reference value :  1.99492e-07
 Reference value :  1.99852e-07
No. of Data Rows : 4595
** sch_path: /home/ubuntu/github/sky130-pll/.loom/worktrees/issue-52/sim/pll/testbench/tb_pll.sch
Transient Analysis  Wed Aug 19 13:37:59  2026
--------------------------------------------------------------------------------
Index   time            v(clk)          
--------------------------------------------------------------------------------
0	0.000000e+00	2.603714e-02	
1	5.000000e-13	2.603714e-02	
2	1.000000e-12	2.603714e-02	
3	2.000000e-12	2.603714e-02	
4	4.000000e-12	2.603714e-02	
5	8.000000e-12	2.603714e-02	
6	1.600000e-11	2.603714e-02	
7	3.200000e-11	2.603714e-02	
8	6.400000e-11	2.603714e-02	
9	1.140000e-10	2.603714e-02	
10	1.640000e-10	2.603714e-02	
11	2.140000e-10	2.603714e-02	
12	2.640000e-10	2.603714e-02	
13	3.140000e-10	2.603714e-02	
14	3.640000e-10	2.603714e-02	
15	4.140000e-10	2.603714e-02	
16	4.640000e-10	2.603714e-02	
17	5.140000e-10	2.603714e-02	
18	5.640000e-10	2.603714e-02	
19	6.140000e-10	2.603715e-02	
20	6.640000e-10	2.603715e-02	
21	7.140000e-10	2.603709e-02	
22	7.640000e-10	2.603699e-02	
23	8.140000e-10	2.603745e-02	
24	8.640000e-10	2.603857e-02	
25	9.140000e-10	2.603585e-02	
26	9.570000e-10	2.602500e-02	
27	1.000000e-09	2.602142e-02	
28	1.005000e-09	2.602346e-02	
29	1.015000e-09	2.603006e-02	
30	1.035000e-09	2.606538e-02	
31	1.075000e-09	2.625435e-02	
32	1.125000e-09	2.621379e-02	
33	1.175000e-09	2.455733e-02	
34	1.225000e-09	2.333619e-02	
35	1.275000e-09	3.988091e-02	
36	1.325000e-09	1.298210e-01	
37	1.375000e-09	9.694001e-02	
38	1.425000e-09	1.133146e-02	
39	1.475000e-09	2.719056e-03	
40	1.525000e-09	-4.05045e-04	
41	1.575000e-09	7.060101e-04	
42	1.625000e-09	-7.39638e-07	
43	1.675000e-09	-8.74387e-04	
44	1.725000e-09	-7.77234e-03	
45	1.775000e-09	2.449404e-02	
46	1.825000e-09	1.281770e+00	
47	1.864185e-09	1.832909e+00	
48	1.894400e-09	1.764539e+00	
49	1.925560e-09	1.820625e+00	
50	1.955829e-09	1.785452e+00	
51	2.005829e-09	1.811541e+00	
52	2.051648e-09	1.789585e+00	
53	2.101648e-09	1.826735e+00	
54	2.151648e-09	1.784747e+00	

Index   time            v(clk)          
--------------------------------------------------------------------------------
55	2.201648e-09	2.039273e-01	
56	2.229574e-09	-6.82713e-02	
57	2.262194e-09	6.467750e-02	
58	2.288490e-09	-3.86629e-02	
59	2.317711e-09	3.119975e-02	
60	2.355401e-09	-2.45412e-02	
61	2.393995e-09	2.045118e-02	
62	2.443995e-09	-1.66758e-02	
63	2.493995e-09	1.284412e-02	
64	2.543995e-09	-2.24407e-02	
65	2.593995e-09	9.193459e-02	
66	2.643995e-09	1.366512e+00	
67	2.681804e-09	1.856720e+00	
68	2.712609e-09	1.755834e+00	
69	2.744116e-09	1.826775e+00	
70	2.772659e-09	1.781919e+00	
71	2.822659e-09	1.814484e+00	
72	2.868178e-09	1.787616e+00	
73	2.918178e-09	1.840896e+00	
74	2.968178e-09	1.439247e+00	
75	3.018178e-09	9.302083e-02	
76	3.056215e-09	-4.49409e-02	
77	3.092195e-09	4.387059e-02	
78	3.132136e-09	-3.26639e-02	
79	3.173522e-09	2.686324e-02	
80	3.223522e-09	-2.19171e-02	
81	3.273522e-09	1.887128e-02	
82	3.323522e-09	-2.04696e-02	
83	3.373522e-09	7.844429e-03	
84	3.423522e-09	6.181573e-01	
85	3.473522e-09	1.704379e+00	
86	3.510321e-09	1.802442e+00	
87	3.550020e-09	1.802097e+00	
88	3.600020e-09	1.794462e+00	
89	3.649377e-09	1.806266e+00	
90	3.699377e-09	1.799244e+00	
91	3.749377e-09	1.859551e+00	
92	3.786853e-09	1.140872e+00	
93	3.830466e-09	3.367056e-02	
94	3.859962e-09	-5.98946e-03	
95	3.891055e-09	1.472857e-02	
96	3.931154e-09	-8.32155e-03	
97	3.980194e-09	7.474917e-03	
98	4.030194e-09	-6.03348e-03	
99	4.080194e-09	5.812837e-03	
100	4.130194e-09	-8.13440e-03	
101	4.180194e-09	-5.24091e-03	
102	4.230194e-09	3.798837e-01	
103	4.280194e-09	1.603711e+00	
104	4.314799e-09	1.820819e+00	
105	4.353749e-09	1.785884e+00	
106	4.392989e-09	1.805518e+00	
107	4.430069e-09	1.798900e+00	
108	4.480069e-09	1.797971e+00	
109	4.530069e-09	1.818060e+00	
110	4.580069e-09	1.812027e+00	
111	4.630069e-09	2.111857e-01	
112	4.657141e-09	-6.58887e-02	

Index   time            v(clk)          
--------------------------------------------------------------------------------
113	4.689131e-09	6.291409e-02	
114	4.715215e-09	-3.67683e-02	
115	4.744046e-09	2.995031e-02	
116	4.782553e-09	-2.36328e-02	
117	4.821746e-09	1.971894e-02	
118	4.871746e-09	-1.60537e-02	
119	4.921218e-09	1.250522e-02	
120	4.960609e-09	-1.82702e-02	
121	5.000000e-09	4.397889e-03	
122	5.005000e-09	8.508108e-04	
123	5.015000e-09	1.311977e-02	
124	5.035000e-09	2.305920e-01	
125	5.067554e-09	1.331959e+00	
126	5.090962e-09	1.767346e+00	
127	5.113215e-09	1.769094e+00	
128	5.135960e-09	1.807563e+00	
129	5.161939e-09	1.790610e+00	
130	5.211939e-09	1.807794e+00	
131	5.257209e-09	1.792791e+00	
132	5.307209e-09	1.806430e+00	
133	5.357209e-09	1.824135e+00	
134	5.407209e-09	1.384310e+00	
135	5.449722e-09	1.059107e-01	
136	5.480730e-09	-4.20580e-02	
137	5.511221e-09	4.225493e-02	
138	5.543651e-09	-2.65585e-02	
139	5.578851e-09	2.175326e-02	
140	5.628851e-09	-1.79110e-02	
141	5.678851e-09	1.585199e-02	
142	5.728851e-09	-1.42759e-02	
143	5.778851e-09	4.705226e-03	
144	5.828851e-09	2.990033e-03	
145	5.878851e-09	1.297682e+00	
146	5.916066e-09	1.820791e+00	
147	5.946408e-09	1.767901e+00	
148	5.973204e-09	1.817338e+00	
149	6.000000e-09	1.787352e+00	
150	6.003277e-09	1.795858e+00	
151	6.009832e-09	1.800030e+00	
152	6.022941e-09	1.799592e+00	
153	6.049160e-09	1.799987e+00	
154	6.096529e-09	1.798876e+00	
155	6.146529e-09	1.810483e+00	
156	6.196529e-09	1.852596e+00	
157	6.246529e-09	3.594631e-01	
158	6.282467e-09	-6.24990e-02	
159	6.316401e-09	6.116601e-02	
160	6.345850e-09	-3.79008e-02	
161	6.377454e-09	3.063779e-02	
162	6.420967e-09	-2.48593e-02	
163	6.464164e-09	2.109512e-02	
164	6.514164e-09	-1.76836e-02	
165	6.564164e-09	1.294475e-02	
166	6.614164e-09	-2.52585e-02	
167	6.664164e-09	3.633104e-01	
168	6.714164e-09	1.545262e+00	
169	6.755190e-09	1.851625e+00	
170	6.797701e-09	1.765306e+00	

Index   time            v(clk)          
--------------------------------------------------------------------------------
171	6.831362e-09	1.819223e+00	
172	6.868040e-09	1.787732e+00	
173	6.907670e-09	1.806925e+00	
174	6.950584e-09	1.801658e+00	
175	6.999272e-09	1.858616e+00	
176	7.036449e-09	1.169792e+00	
177	7.077330e-09	4.979452e-02	
178	7.104548e-09	-1.30658e-02	
179	7.134354e-09	2.119053e-02	
180	7.174413e-09	-1.25068e-02	
181	7.220756e-09	1.097469e-02	
182	7.270756e-09	-9.07601e-03	
183	7.320756e-09	8.567964e-03	
184	7.370756e-09	-9.99546e-03	
185	7.420756e-09	-2.69517e-03	
186	7.470756e-09	1.836035e-01	
187	7.520756e-09	1.511912e+00	
188	7.554252e-09	1.835068e+00	
189	7.592235e-09	1.771746e+00	
190	7.626973e-09	1.816030e+00	
191	7.658251e-09	1.790906e+00	
192	7.708251e-09	1.805427e+00	
193	7.757032e-09	1.800106e+00	
194	7.807032e-09	1.852609e+00	
195	7.850700e-09	9.895174e-01	
196	7.889260e-09	3.092391e-02	
197	7.918868e-09	-1.82891e-03	
198	7.949416e-09	1.174936e-02	
199	7.988955e-09	-5.08982e-03	
200	8.038367e-09	4.440108e-03	
201	8.088367e-09	-3.25979e-03	
202	8.138367e-09	3.278928e-03	
203	8.188367e-09	-5.68850e-03	
204	8.238367e-09	-7.60428e-03	
205	8.288367e-09	3.570621e-01	
206	8.338367e-09	1.583529e+00	
207	8.377739e-09	1.840450e+00	
208	8.415413e-09	1.774889e+00	
209	8.447750e-09	1.812184e+00	
210	8.484051e-09	1.793062e+00	
211	8.534051e-09	1.803400e+00	
212	8.584051e-09	1.810408e+00	
213	8.634051e-09	1.843227e+00	
214	8.677546e-09	4.400057e-01	
215	8.708495e-09	-4.90954e-02	
216	8.739494e-09	5.106762e-02	
217	8.766654e-09	-2.68487e-02	
218	8.795038e-09	2.308144e-02	
219	8.839364e-09	-1.84030e-02	
220	8.881672e-09	1.547792e-02	
221	8.931672e-09	-1.23601e-02	
222	8.981672e-09	9.012501e-03	
223	9.031672e-09	-1.87951e-02	
224	9.081672e-09	8.625525e-02	
225	9.131672e-09	1.377104e+00	
226	9.167190e-09	1.843426e+00	
227	9.196277e-09	1.763780e+00	
228	9.226293e-09	1.819701e+00	

Index   time            v(clk)          
--------------------------------------------------------------------------------
229	9.253767e-09	1.787466e+00	
230	9.303767e-09	1.809532e+00	
231	9.349049e-09	1.791478e+00	
232	9.399049e-09	1.829162e+00	
233	9.449049e-09	1.718682e+00	
234	9.499049e-09	1.643628e-01	
235	9.529594e-09	-6.65968e-02	
236	9.563201e-09	6.259408e-02	
237	9.591810e-09	-4.01677e-02	
238	9.623749e-09	3.230661e-02	
239	9.664198e-09	-2.58338e-02	
240	9.706469e-09	2.214191e-02	
241	9.756469e-09	-1.85372e-02	
242	9.806469e-09	1.268225e-02	
243	9.856469e-09	-2.67895e-02	
244	9.906469e-09	6.494876e-01	
245	9.956469e-09	1.648402e+00	
246	9.993594e-09	1.826201e+00	
247	1.003316e-08	1.782682e+00	
248	1.007195e-08	1.810045e+00	
249	1.011370e-08	1.792839e+00	
250	1.016370e-08	1.805166e+00	
251	1.021370e-08	1.824140e+00	
252	1.026370e-08	1.454981e+00	
253	1.030719e-08	1.170661e-01	
254	1.033702e-08	-4.58053e-02	
255	1.037096e-08	4.642020e-02	
256	1.040329e-08	-3.00535e-02	
257	1.043803e-08	2.401675e-02	
258	1.048673e-08	-1.96594e-02	
259	1.053568e-08	1.719335e-02	
260	1.058568e-08	-1.49408e-02	
261	1.063568e-08	6.391709e-03	
262	1.068568e-08	-1.00449e-02	
263	1.073568e-08	1.178695e+00	
264	1.077079e-08	1.776135e+00	
265	1.079974e-08	1.778007e+00	
266	1.082975e-08	1.811067e+00	
267	1.086478e-08	1.790210e+00	
268	1.091478e-08	1.808343e+00	
269	1.096189e-08	1.791619e+00	
270	1.101189e-08	1.820639e+00	
271	1.106189e-08	1.832138e+00	
272	1.111189e-08	2.619374e-01	
273	1.113912e-08	-6.39784e-02	
274	1.117065e-08	6.218012e-02	
275	1.119665e-08	-3.52395e-02	
276	1.122463e-08	2.893207e-02	
277	1.126394e-08	-2.29518e-02	
278	1.130313e-08	1.908956e-02	
279	1.135313e-08	-1.55594e-02	
280	1.140255e-08	1.252868e-02	
281	1.145255e-08	-1.94841e-02	
282	1.150255e-08	3.492276e-02	
283	1.155255e-08	1.213691e+00	
284	1.158697e-08	1.809277e+00	
285	1.161427e-08	1.767295e+00	
286	1.164252e-08	1.817737e+00	

Index   time            v(clk)          
--------------------------------------------------------------------------------
287	1.167204e-08	1.785800e+00	
288	1.171636e-08	1.811969e+00	
289	1.176260e-08	1.788635e+00	
290	1.181260e-08	1.814003e+00	
291	1.186260e-08	1.836692e+00	
292	1.191260e-08	7.243015e-01	
293	1.194073e-08	2.050648e-02	
294	1.196671e-08	9.343427e-03	
295	1.199431e-08	5.304351e-03	
296	1.202483e-08	2.594316e-03	
297	1.207234e-08	-1.14388e-03	
298	1.212234e-08	1.184168e-03	
299	1.217234e-08	-3.81446e-04	
300	1.222234e-08	-6.91837e-04	
301	1.227234e-08	-8.27397e-03	
302	1.232234e-08	2.918576e-02	
303	1.237234e-08	1.316491e+00	
304	1.240362e-08	1.813326e+00	
305	1.243227e-08	1.767216e+00	
306	1.245981e-08	1.817926e+00	
307	1.248885e-08	1.785832e+00	
308	1.253212e-08	1.811941e+00	
309	1.257756e-08	1.788617e+00	
310	1.262756e-08	1.813729e+00	
311	1.267756e-08	1.836284e+00	
312	1.272756e-08	7.480817e-01	
313	1.275582e-08	2.560389e-02	
314	1.278169e-08	6.763738e-03	
315	1.280930e-08	6.830448e-03	
316	1.284054e-08	1.551655e-03	
317	1.288772e-08	-1.75711e-05	
318	1.293772e-08	1.454968e-04	
319	1.298772e-08	5.929854e-04	
320	1.303772e-08	-1.55641e-03	
321	1.308772e-08	-7.29131e-03	
322	1.313772e-08	2.592264e-02	
323	1.318772e-08	1.314565e+00	
324	1.321947e-08	1.814584e+00	
325	1.324975e-08	1.766152e+00	
326	1.327816e-08	1.819852e+00	
327	1.330779e-08	1.784455e+00	
328	1.335118e-08	1.812963e+00	
329	1.339652e-08	1.787751e+00	
330	1.344652e-08	1.815698e+00	
331	1.349652e-08	1.839505e+00	
332	1.354652e-08	6.311504e-01	
333	1.357394e-08	3.177844e-03	
334	1.360046e-08	1.900668e-02	
335	1.362816e-08	-1.69009e-03	
336	1.365670e-08	7.213704e-03	
337	1.370588e-08	-5.31151e-03	
338	1.375588e-08	4.794353e-03	
339	1.380588e-08	-3.41365e-03	
340	1.385588e-08	1.817905e-03	
341	1.390588e-08	-1.07398e-02	
342	1.395588e-08	3.568701e-02	
343	1.400588e-08	1.327037e+00	
344	1.403724e-08	1.819150e+00	

Index   time            v(clk)          
--------------------------------------------------------------------------------
345	1.406858e-08	1.765367e+00	
346	1.409815e-08	1.820969e+00	
347	1.412733e-08	1.784110e+00	
348	1.417077e-08	1.813254e+00	
349	1.421598e-08	1.787447e+00	
350	1.426598e-08	1.816970e+00	
351	1.431598e-08	1.841799e+00	
352	1.436598e-08	5.505254e-01	
353	1.439289e-08	-1.16874e-02	
354	1.442022e-08	2.786719e-02	
355	1.444834e-08	-8.87531e-03	
356	1.447590e-08	1.204445e-02	
357	1.452590e-08	-9.37058e-03	
358	1.457590e-08	8.261616e-03	
359	1.462590e-08	-6.45800e-03	
360	1.467590e-08	4.325037e-03	
361	1.472590e-08	-1.36331e-02	
362	1.477590e-08	5.028487e-02	
363	1.482590e-08	1.352344e+00	
364	1.485763e-08	1.828825e+00	
365	1.489001e-08	1.762548e+00	
366	1.492080e-08	1.823571e+00	
367	1.495109e-08	1.782529e+00	
368	1.500109e-08	1.814560e+00	
369	1.504654e-08	1.786467e+00	
370	1.509654e-08	1.827497e+00	
371	1.514654e-08	1.807739e+00	
372	1.519654e-08	2.236642e-01	
373	1.522359e-08	-6.94261e-02	
374	1.525556e-08	6.629327e-02	
375	1.528173e-08	-3.96172e-02	
376	1.531050e-08	3.209176e-02	
377	1.534990e-08	-2.58417e-02	
378	1.539008e-08	2.178854e-02	
379	1.544008e-08	-1.80302e-02	
380	1.549008e-08	1.415359e-02	
381	1.554008e-08	-2.33779e-02	
382	1.559008e-08	8.221901e-02	
383	1.564008e-08	1.360476e+00	
384	1.567326e-08	1.843710e+00	
385	1.571151e-08	1.756230e+00	
386	1.574695e-08	1.830703e+00	
387	1.578258e-08	1.777112e+00	
388	1.583258e-08	1.818243e+00	
389	1.588155e-08	1.786985e+00	
390	1.593155e-08	1.857128e+00	
391	1.598155e-08	8.726298e-01	
392	1.603155e-08	8.836943e-05	
393	1.606726e-08	1.232999e-02	
394	1.610527e-08	-2.45208e-03	
395	1.614602e-08	3.051433e-03	
396	1.619602e-08	-2.08656e-03	
397	1.624602e-08	2.312664e-03	
398	1.629602e-08	-2.94492e-03	
399	1.634602e-08	-6.20817e-03	
400	1.639602e-08	2.434006e-02	
401	1.644602e-08	1.313508e+00	
402	1.648639e-08	1.856190e+00	

Index   time            v(clk)          
--------------------------------------------------------------------------------
403	1.652532e-08	1.749218e+00	
404	1.656753e-08	1.838329e+00	
405	1.661130e-08	1.769600e+00	
406	1.666130e-08	1.824402e+00	
407	1.671130e-08	1.789245e+00	
408	1.676130e-08	1.870427e+00	
409	1.680490e-08	5.803132e-01	
410	1.683801e-08	-3.07196e-02	
411	1.687243e-08	3.790842e-02	
412	1.690358e-08	-1.90986e-02	
413	1.693454e-08	1.693794e-02	
414	1.698454e-08	-1.38474e-02	
415	1.703454e-08	1.218183e-02	
416	1.708454e-08	-9.80159e-03	
417	1.713454e-08	5.118703e-03	
418	1.718454e-08	-1.91624e-02	
419	1.723454e-08	5.731129e-01	
420	1.728454e-08	1.653756e+00	
421	1.733454e-08	1.827522e+00	
422	1.738318e-08	1.788636e+00	
423	1.743318e-08	1.801331e+00	
424	1.748318e-08	1.802362e+00	
425	1.753318e-08	1.815416e+00	
426	1.758318e-08	1.763929e+00	
427	1.763318e-08	1.896815e-01	
428	1.766232e-08	-6.88533e-02	
429	1.769691e-08	6.530062e-02	
430	1.772465e-08	-4.06429e-02	
431	1.775601e-08	3.265468e-02	
432	1.779669e-08	-2.62711e-02	
433	1.783838e-08	2.239208e-02	
434	1.788838e-08	-1.86098e-02	
435	1.793838e-08	1.312807e-02	
436	1.798838e-08	-2.70758e-02	
437	1.803838e-08	5.558568e-01	
438	1.808838e-08	1.629604e+00	
439	1.813838e-08	1.837238e+00	
440	1.818838e-08	1.779986e+00	
441	1.823838e-08	1.808639e+00	
442	1.828838e-08	1.796028e+00	
443	1.833838e-08	1.820439e+00	
444	1.838838e-08	1.774592e+00	
445	1.843838e-08	2.016882e-01	
446	1.846698e-08	-7.08071e-02	
447	1.850157e-08	6.741836e-02	
448	1.852902e-08	-4.23152e-02	
449	1.856003e-08	3.413179e-02	
450	1.860095e-08	-2.77219e-02	
451	1.864379e-08	2.383540e-02	
452	1.869379e-08	-1.99582e-02	
453	1.874379e-08	1.460211e-02	
454	1.879379e-08	-2.83351e-02	
455	1.884379e-08	4.999683e-01	
456	1.889379e-08	1.603239e+00	
457	1.893822e-08	1.839117e+00	
458	1.898211e-08	1.777351e+00	
459	1.903211e-08	1.812508e+00	
460	1.908211e-08	1.792186e+00	

Index   time            v(clk)          
--------------------------------------------------------------------------------
461	1.913211e-08	1.813684e+00	
462	1.918211e-08	1.843985e+00	
463	1.923211e-08	4.315595e-01	
464	1.926310e-08	-4.85081e-02	
465	1.929950e-08	5.230386e-02	
466	1.933446e-08	-3.35572e-02	
467	1.936696e-08	2.826577e-02	
468	1.941696e-08	-2.40988e-02	
469	1.946696e-08	2.142041e-02	
470	1.951696e-08	-1.82760e-02	
471	1.956696e-08	1.245846e-02	
472	1.961696e-08	-2.67553e-02	
473	1.966696e-08	7.481694e-01	
474	1.971696e-08	1.700390e+00	
475	1.976696e-08	1.816985e+00	
476	1.981395e-08	1.795326e+00	
477	1.986395e-08	1.798406e+00	
478	1.991395e-08	1.803250e+00	
479	1.996395e-08	1.817876e+00	
480	2.001395e-08	1.728188e+00	
481	2.006395e-08	1.702790e-01	
482	2.009166e-08	-6.70453e-02	
483	2.012646e-08	6.429321e-02	
484	2.016228e-08	-4.49178e-02	
485	2.019543e-08	3.615218e-02	
486	2.024543e-08	-3.05038e-02	
487	2.029543e-08	2.708808e-02	
488	2.034543e-08	-2.48190e-02	
489	2.039543e-08	1.363189e-02	
490	2.044543e-08	5.895421e-03	
491	2.049543e-08	1.378265e+00	
492	2.054034e-08	1.864884e+00	
493	2.058437e-08	1.749838e+00	
494	2.063437e-08	1.837144e+00	
495	2.068323e-08	1.771523e+00	
496	2.073323e-08	1.822158e+00	
497	2.078323e-08	1.810443e+00	
498	2.083323e-08	1.469109e+00	
499	2.088323e-08	9.769274e-02	
500	2.091742e-08	-4.64445e-02	
501	2.095122e-08	4.582897e-02	
502	2.100122e-08	-3.58492e-02	
503	2.104926e-08	3.042620e-02	
504	2.109926e-08	-2.52622e-02	
505	2.114926e-08	2.117424e-02	
506	2.119926e-08	-2.69449e-02	
507	2.124926e-08	3.951188e-02	
508	2.129926e-08	1.142737e+00	
509	2.133966e-08	1.807018e+00	
510	2.136820e-08	1.774791e+00	
511	2.139845e-08	1.812747e+00	
512	2.142918e-08	1.791055e+00	
513	2.147918e-08	1.806638e+00	
514	2.152478e-08	1.793775e+00	
515	2.157478e-08	1.820438e+00	
516	2.162478e-08	1.820945e+00	
517	2.166818e-08	4.044050e-01	
518	2.169649e-08	-5.77771e-02	

Index   time            v(clk)          
--------------------------------------------------------------------------------
519	2.172859e-08	5.904791e-02	
520	2.176016e-08	-3.61157e-02	
521	2.178875e-08	3.037305e-02	
522	2.183875e-08	-2.59330e-02	
523	2.188875e-08	2.312645e-02	
524	2.193875e-08	-1.97567e-02	
525	2.198875e-08	1.449976e-02	
526	2.203875e-08	-2.84414e-02	
527	2.208875e-08	5.398115e-01	
528	2.213875e-08	1.618193e+00	
529	2.217669e-08	1.829909e+00	
530	2.221787e-08	1.780447e+00	
531	2.225611e-08	1.810464e+00	
532	2.229474e-08	1.793647e+00	
533	2.234474e-08	1.803722e+00	
534	2.239474e-08	1.822074e+00	
535	2.244474e-08	1.576990e+00	
536	2.249474e-08	1.087242e-01	
537	2.253044e-08	-4.80176e-02	
538	2.256869e-08	4.646204e-02	
539	2.261629e-08	-3.48504e-02	
540	2.266629e-08	2.904762e-02	
541	2.271629e-08	-2.27079e-02	
542	2.276629e-08	1.810646e-02	
543	2.281629e-08	-2.27403e-02	
544	2.286629e-08	3.214193e-02	
545	2.291629e-08	1.091988e+00	
546	2.296629e-08	1.842855e+00	
547	2.300885e-08	1.758026e+00	
548	2.304902e-08	1.831102e+00	
549	2.309175e-08	1.775953e+00	
550	2.314175e-08	1.818330e+00	
551	2.319175e-08	1.797497e+00	
552	2.324175e-08	1.853358e+00	
553	2.327953e-08	6.780126e-01	
554	2.330959e-08	-1.98791e-02	
555	2.334210e-08	3.222430e-02	
556	2.337346e-08	-1.45207e-02	
557	2.340585e-08	1.524710e-02	
558	2.345585e-08	-1.28719e-02	
559	2.350585e-08	1.172160e-02	
560	2.355585e-08	-9.83029e-03	
561	2.360585e-08	5.662819e-03	
562	2.365585e-08	-1.91323e-02	
563	2.370585e-08	4.817954e-01	
564	2.375585e-08	1.623271e+00	
565	2.379254e-08	1.821757e+00	
566	2.383286e-08	1.786982e+00	
567	2.388286e-08	1.806111e+00	
568	2.393109e-08	1.797252e+00	
569	2.398109e-08	1.802565e+00	
570	2.403109e-08	1.839364e+00	
571	2.407581e-08	1.191759e+00	
572	2.412554e-08	3.205847e-02	
573	2.416675e-08	-7.41559e-03	
574	2.420801e-08	1.191004e-02	
575	2.425387e-08	-8.19589e-03	
576	2.430387e-08	6.459019e-03	

Index   time            v(clk)          
--------------------------------------------------------------------------------
577	2.435387e-08	-4.02269e-03	
578	2.440387e-08	9.727151e-04	
579	2.445387e-08	-1.20904e-02	
580	2.450387e-08	1.248431e-01	
581	2.455387e-08	1.420178e+00	
582	2.459845e-08	1.882687e+00	
583	2.464468e-08	1.739745e+00	
584	2.469468e-08	1.844102e+00	
585	2.474435e-08	1.766112e+00	
586	2.479435e-08	1.827967e+00	
587	2.484435e-08	1.813644e+00	
588	2.489435e-08	1.097560e+00	
589	2.494435e-08	3.419489e-02	
590	2.498815e-08	-1.16804e-02	
591	2.503064e-08	1.525636e-02	
592	2.508064e-08	-1.25547e-02	
593	2.513064e-08	1.102066e-02	
594	2.518064e-08	-8.81508e-03	
595	2.523064e-08	4.974737e-03	
596	2.528064e-08	-1.77616e-02	
597	2.533064e-08	3.447989e-01	
598	2.538064e-08	1.567637e+00	
599	2.541542e-08	1.828046e+00	
600	2.545474e-08	1.779654e+00	
601	2.549383e-08	1.810637e+00	
602	2.553109e-08	1.794595e+00	
603	2.558109e-08	1.801684e+00	
604	2.563109e-08	1.811907e+00	
605	2.568109e-08	1.841200e+00	
606	2.573109e-08	2.422576e-01	
607	2.575748e-08	-5.77730e-02	
608	2.578906e-08	5.679627e-02	
609	2.582022e-08	-3.33668e-02	
610	2.584932e-08	2.657996e-02	
611	2.589261e-08	-2.09145e-02	
612	2.593774e-08	1.750963e-02	
613	2.598774e-08	-1.37281e-02	
614	2.603774e-08	9.140609e-03	
615	2.608774e-08	-2.11594e-02	
616	2.613774e-08	2.830037e-01	
617	2.618774e-08	1.502348e+00	
618	2.622728e-08	1.859267e+00	
619	2.627158e-08	1.756904e+00	
620	2.630646e-08	1.826419e+00	
621	2.634163e-08	1.782359e+00	
622	2.639163e-08	1.812558e+00	
623	2.644163e-08	1.806689e+00	
624	2.649163e-08	1.806263e+00	
625	2.653634e-08	2.682258e-01	
626	2.656377e-08	-6.87729e-02	
627	2.659527e-08	6.585826e-02	
628	2.662079e-08	-3.76622e-02	
629	2.664854e-08	3.069551e-02	
630	2.668643e-08	-2.44915e-02	
631	2.672541e-08	2.054895e-02	
632	2.677541e-08	-1.68741e-02	
633	2.682459e-08	1.371821e-02	
634	2.687459e-08	-2.07226e-02	

Index   time            v(clk)          
--------------------------------------------------------------------------------
635	2.692459e-08	3.790673e-02	
636	2.697459e-08	1.229402e+00	
637	2.700727e-08	1.793474e+00	
638	2.703308e-08	1.775899e+00	
639	2.706048e-08	1.809212e+00	
640	2.708871e-08	1.792694e+00	
641	2.713871e-08	1.805809e+00	
642	2.718413e-08	1.794411e+00	
643	2.723413e-08	1.808259e+00	
644	2.728413e-08	1.837821e+00	
645	2.733413e-08	7.963996e-01	
646	2.737160e-08	1.810422e-03	
647	2.740914e-08	1.577101e-02	
648	2.744498e-08	-4.85755e-03	
649	2.748382e-08	6.419999e-03	
650	2.753382e-08	-5.89100e-03	
651	2.758382e-08	6.124359e-03	
652	2.763382e-08	-5.68307e-03	
653	2.768382e-08	5.205312e-04	
654	2.773382e-08	-1.20005e-02	
655	2.778382e-08	8.547542e-01	
656	2.783382e-08	1.751199e+00	
657	2.788382e-08	1.800284e+00	
658	2.792941e-08	1.806568e+00	
659	2.797941e-08	1.791198e+00	
660	2.802941e-08	1.808239e+00	
661	2.807941e-08	1.815390e+00	
662	2.812941e-08	1.688351e+00	
663	2.817941e-08	1.499252e-01	
664	2.820722e-08	-6.18123e-02	
665	2.824160e-08	5.972900e-02	
666	2.827457e-08	-4.05877e-02	
667	2.830679e-08	3.244020e-02	
668	2.835618e-08	-2.72305e-02	
669	2.840618e-08	2.410152e-02	
670	2.845618e-08	-2.19332e-02	
671	2.850618e-08	1.114964e-02	
672	2.855618e-08	4.746215e-03	
673	2.860618e-08	1.349120e+00	
674	2.864717e-08	1.848065e+00	
675	2.869095e-08	1.757178e+00	
676	2.873227e-08	1.830658e+00	
677	2.877337e-08	1.777304e+00	
678	2.882337e-08	1.817033e+00	
679	2.887337e-08	1.796597e+00	
680	2.892337e-08	1.863096e+00	
681	2.895814e-08	9.565016e-01	
682	2.899173e-08	1.736030e-02	
683	2.902828e-08	7.092500e-03	
684	2.906442e-08	2.872753e-03	
685	2.909825e-08	1.143595e-03	
686	2.914825e-08	-1.04816e-03	
687	2.919825e-08	1.921073e-03	
688	2.924825e-08	-1.69923e-03	
689	2.929825e-08	-1.62740e-03	
690	2.934825e-08	-1.18062e-02	
691	2.939825e-08	5.238712e-01	
692	2.944825e-08	1.653612e+00	

Index   time            v(clk)          
--------------------------------------------------------------------------------
693	2.948486e-08	1.814138e+00	
694	2.952488e-08	1.793069e+00	
695	2.957488e-08	1.801296e+00	
696	2.962424e-08	1.800995e+00	
697	2.967424e-08	1.800606e+00	
698	2.972424e-08	1.846305e+00	
699	2.976600e-08	1.192707e+00	
700	2.981414e-08	3.224812e-02	
701	2.985276e-08	-6.54099e-03	
702	2.989283e-08	1.199438e-02	
703	2.993620e-08	-8.03594e-03	
704	2.998620e-08	6.351257e-03	
705	3.003620e-08	-4.03488e-03	
706	3.008620e-08	1.918431e-03	
707	3.013620e-08	-1.02822e-02	
708	3.018620e-08	3.584041e-02	
709	3.023620e-08	1.272467e+00	
710	3.028095e-08	1.867095e+00	
711	3.032752e-08	1.743868e+00	
712	3.037752e-08	1.843526e+00	
713	3.042606e-08	1.765512e+00	
714	3.047606e-08	1.827722e+00	
715	3.052606e-08	1.803003e+00	
716	3.057606e-08	1.542452e+00	
717	3.062606e-08	1.110544e-01	
718	3.065892e-08	-5.20013e-02	
719	3.069306e-08	5.036390e-02	
720	3.073673e-08	-3.78550e-02	
721	3.078117e-08	3.152572e-02	
722	3.083117e-08	-2.61114e-02	
723	3.088117e-08	2.264385e-02	
724	3.093117e-08	-2.37743e-02	
725	3.098117e-08	1.032104e-02	
726	3.103117e-08	6.064556e-01	
727	3.108117e-08	1.675091e+00	
728	3.112311e-08	1.830150e+00	
729	3.116454e-08	1.781630e+00	
730	3.121454e-08	1.812235e+00	
731	3.126454e-08	1.790050e+00	
732	3.131454e-08	1.819542e+00	
733	3.136454e-08	1.841091e+00	
734	3.141454e-08	2.674617e-01	
735	3.144072e-08	-5.34442e-02	
736	3.147214e-08	5.409438e-02	
737	3.150474e-08	-3.12014e-02	
738	3.153566e-08	2.521808e-02	
739	3.158372e-08	-2.03841e-02	
740	3.163372e-08	1.755708e-02	
741	3.168372e-08	-1.40573e-02	
742	3.173372e-08	8.514485e-03	
743	3.178372e-08	-2.25226e-02	
744	3.183372e-08	6.171599e-01	
745	3.188372e-08	1.634948e+00	
746	3.192040e-08	1.830837e+00	
747	3.196094e-08	1.778978e+00	
748	3.200174e-08	1.812948e+00	
749	3.204126e-08	1.790841e+00	
750	3.209126e-08	1.807018e+00	

Index   time            v(clk)          
--------------------------------------------------------------------------------
751	3.214126e-08	1.825881e+00	
752	3.219126e-08	1.343948e+00	
753	3.224126e-08	7.695949e-02	
754	3.227125e-08	-3.24852e-02	
755	3.230637e-08	3.510818e-02	
756	3.234533e-08	-2.49575e-02	
757	3.238629e-08	2.085534e-02	
758	3.243629e-08	-1.73770e-02	
759	3.248629e-08	1.562453e-02	
760	3.253629e-08	-1.61024e-02	
761	3.258629e-08	2.654280e-03	
762	3.263629e-08	2.396759e-01	
763	3.268629e-08	1.542408e+00	
764	3.272205e-08	1.844073e+00	
765	3.276312e-08	1.766868e+00	
766	3.279589e-08	1.819622e+00	
767	3.283096e-08	1.786865e+00	
768	3.288096e-08	1.809098e+00	
769	3.293096e-08	1.803113e+00	
770	3.298096e-08	1.857419e+00	
771	3.302420e-08	5.901484e-01	
772	3.305394e-08	-2.58198e-02	
773	3.308251e-08	3.554823e-02	
774	3.311120e-08	-1.52756e-02	
775	3.313887e-08	1.609407e-02	
776	3.318887e-08	-1.29349e-02	
777	3.323887e-08	1.148419e-02	
778	3.328887e-08	-9.26647e-03	
779	3.333887e-08	6.152025e-03	
780	3.338887e-08	-1.73032e-02	
781	3.343887e-08	1.293747e-01	
782	3.348887e-08	1.447857e+00	
783	3.352264e-08	1.834878e+00	
784	3.355309e-08	1.771264e+00	
785	3.358094e-08	1.813084e+00	
786	3.360967e-08	1.792744e+00	
787	3.365456e-08	1.804271e+00	
788	3.370164e-08	1.796381e+00	
789	3.375164e-08	1.827447e+00	
790	3.380164e-08	1.662778e+00	
791	3.385164e-08	1.483550e-01	
792	3.387968e-08	-6.18947e-02	
793	3.391449e-08	5.990400e-02	
794	3.394395e-08	-3.93792e-02	
795	3.397677e-08	3.201314e-02	
796	3.402125e-08	-2.66031e-02	
797	3.406635e-08	2.329913e-02	
798	3.411635e-08	-2.01241e-02	
799	3.416635e-08	1.307120e-02	
800	3.421635e-08	-2.55643e-02	
801	3.426635e-08	9.147247e-01	
802	3.431635e-08	1.751261e+00	
803	3.435973e-08	1.798293e+00	
804	3.440149e-08	1.805750e+00	
805	3.445149e-08	1.793020e+00	
806	3.450149e-08	1.805911e+00	
807	3.455149e-08	1.809373e+00	
808	3.460149e-08	1.828101e+00	

Index   time            v(clk)          
--------------------------------------------------------------------------------
809	3.463758e-08	6.682901e-01	
810	3.466627e-08	-1.95879e-02	
811	3.469801e-08	3.233817e-02	
812	3.472837e-08	-1.40376e-02	
813	3.475951e-08	1.529489e-02	
814	3.480951e-08	-1.27557e-02	
815	3.485951e-08	1.158428e-02	
816	3.490951e-08	-9.66105e-03	
817	3.495951e-08	5.686554e-03	
818	3.500951e-08	-1.89959e-02	
819	3.505951e-08	4.267173e-01	
820	3.510951e-08	1.597983e+00	
821	3.514534e-08	1.827540e+00	
822	3.518520e-08	1.781409e+00	
823	3.522319e-08	1.809184e+00	
824	3.525889e-08	1.795702e+00	
825	3.530889e-08	1.800963e+00	
826	3.535889e-08	1.816511e+00	
827	3.540889e-08	1.794973e+00	
828	3.545889e-08	1.938473e-01	
829	3.548663e-08	-6.20159e-02	
830	3.551912e-08	5.931055e-02	
831	3.555473e-08	-3.84284e-02	
832	3.558922e-08	3.072815e-02	
833	3.563922e-08	-2.49098e-02	
834	3.568922e-08	2.154222e-02	
835	3.573922e-08	-1.81320e-02	
836	3.578922e-08	9.785286e-03	
837	3.583922e-08	-1.90273e-02	
838	3.588922e-08	1.101056e+00	
839	3.592134e-08	1.724587e+00	
840	3.594950e-08	1.786758e+00	
841	3.597934e-08	1.802846e+00	
842	3.602058e-08	1.795701e+00	
843	3.606695e-08	1.803842e+00	
844	3.611695e-08	1.795487e+00	
845	3.616695e-08	1.818264e+00	
846	3.621695e-08	1.827266e+00	
847	3.625295e-08	7.413335e-01	
848	3.628240e-08	-8.80163e-03	
849	3.630759e-08	2.518760e-02	
850	3.633379e-08	-6.09495e-03	
851	3.636078e-08	1.120814e-02	
852	3.640870e-08	-8.00203e-03	
853	3.645818e-08	6.947704e-03	
854	3.650818e-08	-5.31797e-03	
855	3.655818e-08	3.746256e-03	
856	3.660818e-08	-1.17924e-02	
857	3.665818e-08	2.629503e-02	
858	3.670818e-08	1.275643e+00	
859	3.674052e-08	1.801012e+00	
860	3.676725e-08	1.773040e+00	
861	3.679525e-08	1.812286e+00	
862	3.682412e-08	1.790369e+00	
863	3.686839e-08	1.807810e+00	
864	3.691469e-08	1.792535e+00	
865	3.696469e-08	1.809832e+00	
866	3.701469e-08	1.837180e+00	

Index   time            v(clk)          
--------------------------------------------------------------------------------
867	3.705498e-08	1.277807e+00	
868	3.709386e-08	7.975913e-02	
869	3.712483e-08	-2.69148e-02	
870	3.715748e-08	3.117572e-02	
871	3.719858e-08	-2.03307e-02	
872	3.724174e-08	1.661544e-02	
873	3.729174e-08	-1.32546e-02	
874	3.734174e-08	1.166654e-02	
875	3.739174e-08	-1.19200e-02	
876	3.744174e-08	-6.54097e-04	
877	3.749174e-08	1.181365e-01	
878	3.753522e-08	1.412069e+00	
879	3.756622e-08	1.823838e+00	
880	3.759473e-08	1.768905e+00	
881	3.762372e-08	1.816551e+00	
882	3.765140e-08	1.788546e+00	
883	3.769494e-08	1.808824e+00	
884	3.773980e-08	1.791646e+00	
885	3.778980e-08	1.817822e+00	
886	3.783980e-08	1.843167e+00	
887	3.788456e-08	5.316721e-01	
888	3.791603e-08	-3.92272e-02	
889	3.794627e-08	4.466342e-02	
890	3.797716e-08	-2.38256e-02	
891	3.800531e-08	2.116392e-02	
892	3.805531e-08	-1.76003e-02	
893	3.810531e-08	1.553725e-02	
894	3.815531e-08	-1.28222e-02	
895	3.820531e-08	8.585032e-03	
896	3.825531e-08	-2.12674e-02	
897	3.830531e-08	3.449221e-01	
898	3.835531e-08	1.550233e+00	
899	3.839524e-08	1.850082e+00	
900	3.843442e-08	1.766781e+00	
901	3.846707e-08	1.818481e+00	
902	3.850320e-08	1.788045e+00	
903	3.855320e-08	1.807806e+00	
904	3.860320e-08	1.807482e+00	
905	3.865320e-08	1.837800e+00	
906	3.869700e-08	3.696999e-01	
907	3.872777e-08	-5.62465e-02	
908	3.875829e-08	5.550687e-02	
909	3.878458e-08	-2.96194e-02	
910	3.881257e-08	2.490112e-02	
911	3.885197e-08	-1.89596e-02	
912	3.889123e-08	1.547591e-02	
913	3.894123e-08	-1.21987e-02	
914	3.899064e-08	9.546577e-03	
915	3.904064e-08	-1.68202e-02	
916	3.909064e-08	3.459327e-02	
917	3.914064e-08	1.214752e+00	
918	3.918499e-08	1.839608e+00	
919	3.921572e-08	1.763873e+00	
920	3.924810e-08	1.821168e+00	
921	3.927855e-08	1.786017e+00	
922	3.932855e-08	1.810451e+00	
923	3.937702e-08	1.791016e+00	
924	3.942702e-08	1.833597e+00	

Index   time            v(clk)          
--------------------------------------------------------------------------------
925	3.947702e-08	1.604349e+00	
926	3.952702e-08	1.263450e-01	
927	3.956040e-08	-5.61432e-02	
928	3.959447e-08	5.400971e-02	
929	3.963290e-08	-3.89213e-02	
930	3.966827e-08	3.081273e-02	
931	3.971827e-08	-2.51798e-02	
932	3.976827e-08	2.205931e-02	
933	3.981827e-08	-2.11284e-02	
934	3.986827e-08	8.170639e-03	
935	3.991827e-08	1.119828e-01	
936	3.996124e-08	1.430190e+00	
937	3.999158e-08	1.818306e+00	
938	4.001991e-08	1.773297e+00	
939	4.004865e-08	1.812464e+00	
940	4.007587e-08	1.792143e+00	
941	4.011909e-08	1.805486e+00	
942	4.016363e-08	1.794715e+00	
943	4.021363e-08	1.815288e+00	
944	4.026363e-08	1.845422e+00	
945	4.031363e-08	3.187971e-01	
946	4.034906e-08	-6.96217e-02	
947	4.038247e-08	6.598961e-02	
948	4.041096e-08	-4.07529e-02	
949	4.044183e-08	3.239458e-02	
950	4.048174e-08	-2.58088e-02	
951	4.052255e-08	2.153267e-02	
952	4.057255e-08	-1.75377e-02	
953	4.062255e-08	1.299877e-02	
954	4.067255e-08	-2.37985e-02	
955	4.072255e-08	1.698059e-01	
956	4.077255e-08	1.449742e+00	
957	4.080820e-08	1.848581e+00	
958	4.084051e-08	1.763597e+00	
959	4.086934e-08	1.819721e+00	
960	4.089924e-08	1.787482e+00	
961	4.094352e-08	1.808756e+00	
962	4.098972e-08	1.792966e+00	
963	4.103972e-08	1.836553e+00	
964	4.108972e-08	1.412022e+00	
965	4.113972e-08	8.980252e-02	
966	4.116918e-08	-3.87791e-02	
967	4.120408e-08	4.048923e-02	
968	4.124092e-08	-2.84688e-02	
969	4.127983e-08	2.320463e-02	
970	4.132983e-08	-1.91367e-02	
971	4.137983e-08	1.688148e-02	
972	4.142983e-08	-1.69697e-02	
973	4.147983e-08	3.516664e-03	
974	4.152983e-08	1.875201e-01	
975	4.157983e-08	1.525377e+00	
976	4.161310e-08	1.832618e+00	
977	4.165065e-08	1.773834e+00	
978	4.168170e-08	1.813368e+00	
979	4.171401e-08	1.792488e+00	
980	4.176401e-08	1.804169e+00	
981	4.181276e-08	1.800899e+00	
982	4.186276e-08	1.851032e+00	

Index   time            v(clk)          
--------------------------------------------------------------------------------
983	4.190607e-08	1.022496e+00	
984	4.194431e-08	3.664002e-02	
985	4.197682e-08	-5.52601e-03	
986	4.200799e-08	1.389250e-02	
987	4.204840e-08	-7.30824e-03	
988	4.209792e-08	6.410183e-03	
989	4.214792e-08	-4.74643e-03	
990	4.219792e-08	4.451117e-03	
991	4.224792e-08	-7.11334e-03	
992	4.229792e-08	-6.10011e-03	
993	4.234792e-08	4.443135e-01	
994	4.239792e-08	1.623247e+00	
995	4.244008e-08	1.836530e+00	
996	4.248079e-08	1.779040e+00	
997	4.251761e-08	1.809978e+00	
998	4.255754e-08	1.794402e+00	
999	4.260754e-08	1.803051e+00	
1000	4.265754e-08	1.827738e+00	
1001	4.270754e-08	1.405225e+00	
1002	4.275754e-08	8.045608e-02	
1003	4.279204e-08	-3.47757e-02	
1004	4.282968e-08	3.645004e-02	
1005	4.287664e-08	-2.77297e-02	
1006	4.292544e-08	2.326435e-02	
1007	4.297544e-08	-1.85730e-02	
1008	4.302544e-08	1.528745e-02	
1009	4.307544e-08	-2.01863e-02	
1010	4.312544e-08	2.351823e-02	
1011	4.317544e-08	1.023565e+00	
1012	4.322544e-08	1.822329e+00	
1013	4.326105e-08	1.766908e+00	
1014	4.329511e-08	1.823730e+00	
1015	4.333256e-08	1.781316e+00	
1016	4.338256e-08	1.814840e+00	
1017	4.343062e-08	1.789326e+00	
1018	4.348062e-08	1.855180e+00	
1019	4.353062e-08	8.776410e-01	
1020	4.358062e-08	-3.45110e-03	
1021	4.363062e-08	1.554172e-02	
1022	4.367760e-08	-9.12824e-03	
1023	4.372758e-08	7.757457e-03	
1024	4.377758e-08	-6.17333e-03	
1025	4.382758e-08	5.746214e-03	
1026	4.387758e-08	-8.70980e-03	
1027	4.392758e-08	-5.66367e-03	
1028	4.397758e-08	6.081744e-01	
1029	4.402758e-08	1.655922e+00	
1030	4.406145e-08	1.822560e+00	
1031	4.409914e-08	1.782429e+00	
1032	4.414334e-08	1.812300e+00	
1033	4.418651e-08	1.790131e+00	
1034	4.423651e-08	1.807895e+00	
1035	4.428651e-08	1.819869e+00	
1036	4.433651e-08	1.544301e+00	
1037	4.438651e-08	1.136010e-01	
1038	4.441487e-08	-4.87508e-02	
1039	4.444930e-08	4.854098e-02	
1040	4.448203e-08	-3.27105e-02	

Index   time            v(clk)          
--------------------------------------------------------------------------------
1041	4.451772e-08	2.631950e-02	
1042	4.456772e-08	-2.18722e-02	
1043	4.461772e-08	1.925257e-02	
1044	4.466772e-08	-1.75935e-02	
1045	4.471772e-08	6.743668e-03	
1046	4.476772e-08	1.463356e-02	
1047	4.481251e-08	1.223172e+00	
1048	4.484858e-08	1.811693e+00	
1049	4.488023e-08	1.767684e+00	
1050	4.490987e-08	1.819965e+00	
1051	4.494205e-08	1.784194e+00	
1052	4.499205e-08	1.813336e+00	
1053	4.503727e-08	1.787314e+00	
1054	4.508727e-08	1.825434e+00	
1055	4.513727e-08	1.822386e+00	
1056	4.518727e-08	2.466242e-01	
1057	4.521389e-08	-6.10440e-02	
1058	4.524548e-08	5.957881e-02	
1059	4.527401e-08	-3.45747e-02	
1060	4.530099e-08	2.780795e-02	
1061	4.534160e-08	-2.18846e-02	
1062	4.537964e-08	1.791934e-02	
1063	4.542964e-08	-1.42517e-02	
1064	4.547882e-08	1.112201e-02	
1065	4.552882e-08	-1.92452e-02	
1066	4.557882e-08	5.240227e-02	
1067	4.562882e-08	1.277665e+00	
1068	4.567335e-08	1.865045e+00	
1069	4.571089e-08	1.748741e+00	
1070	4.574566e-08	1.834258e+00	
1071	4.577942e-08	1.775675e+00	
1072	4.582942e-08	1.818989e+00	
1073	4.587725e-08	1.786135e+00	
1074	4.592725e-08	1.857189e+00	
1075	4.596903e-08	1.316800e+00	
1076	4.601874e-08	5.886075e-02	
1077	4.605666e-08	-2.45438e-02	
1078	4.609431e-08	2.744686e-02	
1079	4.614063e-08	-2.09670e-02	
1080	4.619046e-08	1.783427e-02	
1081	4.624046e-08	-1.41280e-02	
1082	4.629046e-08	1.084851e-02	
1083	4.634046e-08	-1.89521e-02	
1084	4.639046e-08	5.096213e-02	
1085	4.644046e-08	1.267251e+00	
1086	4.649046e-08	1.884027e+00	
1087	4.653556e-08	1.735892e+00	
1088	4.658556e-08	1.848840e+00	
1089	4.663394e-08	1.761691e+00	
1090	4.668394e-08	1.831153e+00	
1091	4.673394e-08	1.801800e+00	
1092	4.678394e-08	1.418854e+00	
1093	4.683394e-08	8.307122e-02	
1094	4.686308e-08	-3.42935e-02	
1095	4.689745e-08	3.647392e-02	
1096	4.693490e-08	-2.48605e-02	
1097	4.697467e-08	2.017174e-02	
1098	4.702467e-08	-1.64185e-02	

Index   time            v(clk)          
--------------------------------------------------------------------------------
1099	4.707467e-08	1.445558e-02	
1100	4.712467e-08	-1.48809e-02	
1101	4.717467e-08	1.078400e-03	
1102	4.722467e-08	2.375999e-01	
1103	4.727467e-08	1.527820e+00	
1104	4.731885e-08	1.870689e+00	
1105	4.736414e-08	1.750598e+00	
1106	4.741414e-08	1.835703e+00	
1107	4.746403e-08	1.772146e+00	
1108	4.751403e-08	1.829636e+00	
1109	4.756403e-08	1.833352e+00	
1110	4.761403e-08	4.751501e-01	
1111	4.764071e-08	-2.22363e-02	
1112	4.766876e-08	3.357854e-02	
1113	4.769730e-08	-1.29754e-02	
1114	4.772381e-08	1.384103e-02	
1115	4.777381e-08	-1.07315e-02	
1116	4.782378e-08	9.246672e-03	
1117	4.787378e-08	-7.06416e-03	
1118	4.792378e-08	4.515933e-03	
1119	4.797378e-08	-1.44937e-02	
1120	4.802378e-08	7.039796e-02	
1121	4.807378e-08	1.362550e+00	
1122	4.811669e-08	1.873633e+00	
1123	4.816181e-08	1.743227e+00	
1124	4.820595e-08	1.841107e+00	
1125	4.824842e-08	1.769366e+00	
1126	4.829842e-08	1.823611e+00	
1127	4.834842e-08	1.799661e+00	
1128	4.839842e-08	1.762702e+00	
1129	4.844324e-08	2.111250e-01	
1130	4.847106e-08	-6.79942e-02	
1131	4.850262e-08	6.375749e-02	
1132	4.852813e-08	-3.66978e-02	
1133	4.855697e-08	2.993017e-02	
1134	4.859395e-08	-2.32205e-02	
1135	4.863255e-08	1.935484e-02	
1136	4.868255e-08	-1.57170e-02	
1137	4.873141e-08	1.220018e-02	
1138	4.878141e-08	-2.04284e-02	
1139	4.883141e-08	5.691072e-02	
1140	4.888141e-08	1.319994e+00	
1141	4.891386e-08	1.810744e+00	
1142	4.893998e-08	1.775147e+00	
1143	4.896740e-08	1.809048e+00	
1144	4.898370e-08	1.796206e+00	
1145	4.900000e-08	1.800586e+00	
1146	4.900326e-08	1.800633e+00	
1147	4.900978e-08	1.799799e+00	
1148	4.902282e-08	1.800005e+00	
1149	4.904890e-08	1.799462e+00	
1150	4.909660e-08	1.799400e+00	
1151	4.914660e-08	1.811564e+00	
1152	4.919660e-08	1.849413e+00	
1153	4.924660e-08	3.033689e-01	
1154	4.928291e-08	-7.09658e-02	
1155	4.931700e-08	6.725264e-02	
1156	4.934593e-08	-4.25125e-02	

Index   time            v(clk)          
--------------------------------------------------------------------------------
1157	4.937759e-08	3.369263e-02	
1158	4.941781e-08	-2.68718e-02	
1159	4.945914e-08	2.252928e-02	
1160	4.950914e-08	-1.84130e-02	
1161	4.955914e-08	1.348009e-02	
1162	4.960914e-08	-2.53907e-02	
1163	4.965914e-08	2.900545e-01	
1164	4.970914e-08	1.508731e+00	
1165	4.974802e-08	1.852420e+00	
1166	4.978970e-08	1.762943e+00	
1167	4.982266e-08	1.821051e+00	
1168	4.985723e-08	1.786774e+00	
1169	4.990723e-08	1.808671e+00	
1170	4.995361e-08	1.801559e+00	
1171	5.000000e-08	1.861261e+00	
1172	5.000500e-08	1.859861e+00	
1173	5.001500e-08	1.829699e+00	
1174	5.003500e-08	1.329370e+00	
1175	5.005435e-08	2.855720e-01	
1176	5.007140e-08	-2.41537e-02	
1177	5.008940e-08	3.519638e-02	
1178	5.010677e-08	-6.00140e-03	
1179	5.012647e-08	1.457318e-02	
1180	5.016255e-08	-5.91265e-03	
1181	5.020138e-08	5.680689e-03	
1182	5.025138e-08	-4.84494e-03	
1183	5.030138e-08	4.998315e-03	
1184	5.035138e-08	-5.28553e-03	
1185	5.040138e-08	-3.04798e-03	
1186	5.045138e-08	1.198243e-02	
1187	5.050138e-08	1.255420e+00	
1188	5.054070e-08	1.821600e+00	
1189	5.057062e-08	1.769194e+00	
1190	5.060190e-08	1.817347e+00	
1191	5.063293e-08	1.787792e+00	
1192	5.068293e-08	1.809543e+00	
1193	5.072858e-08	1.791182e+00	
1194	5.077858e-08	1.823774e+00	
1195	5.082858e-08	1.803685e+00	
1196	5.087858e-08	2.207861e-01	
1197	5.090608e-08	-6.64907e-02	
1198	5.093831e-08	6.367628e-02	
1199	5.096423e-08	-3.68940e-02	
1200	5.099257e-08	2.944030e-02	
1201	5.102949e-08	-2.28400e-02	
1202	5.106685e-08	1.869759e-02	
1203	5.111685e-08	-1.50503e-02	
1204	5.116541e-08	1.187511e-02	
1205	5.121541e-08	-1.91063e-02	
1206	5.126541e-08	3.896127e-02	
1207	5.131541e-08	1.232540e+00	
1208	5.135828e-08	1.845099e+00	
1209	5.138915e-08	1.759536e+00	
1210	5.142136e-08	1.825039e+00	
1211	5.145211e-08	1.782524e+00	
1212	5.150211e-08	1.813902e+00	
1213	5.155089e-08	1.787720e+00	
1214	5.160089e-08	1.835849e+00	

Index   time            v(clk)          
--------------------------------------------------------------------------------
1215	5.165089e-08	1.634051e+00	
1216	5.170089e-08	1.352213e-01	
1217	5.173415e-08	-6.06175e-02	
1218	5.177021e-08	5.774047e-02	
1219	5.180573e-08	-4.08451e-02	
1220	5.184036e-08	3.255452e-02	
1221	5.188873e-08	-2.67721e-02	
1222	5.193596e-08	2.330417e-02	
1223	5.198596e-08	-2.15731e-02	
1224	5.203596e-08	9.415385e-03	
1225	5.208596e-08	4.013715e-02	
1226	5.213044e-08	1.361965e+00	
1227	5.216009e-08	1.801939e+00	
1228	5.218588e-08	1.775013e+00	
1229	5.221246e-08	1.809205e+00	
1230	5.223882e-08	1.793341e+00	
1231	5.227978e-08	1.804666e+00	
1232	5.232354e-08	1.795565e+00	
1233	5.237225e-08	1.805368e+00	
1234	5.242225e-08	1.834794e+00	
1235	5.246679e-08	1.289895e+00	
1236	5.251143e-08	7.061181e-02	
1237	5.253998e-08	-2.55038e-02	
1238	5.257173e-08	3.036512e-02	
1239	5.261116e-08	-2.01642e-02	
1240	5.265177e-08	1.649364e-02	
1241	5.270177e-08	-1.34535e-02	
1242	5.275177e-08	1.210918e-02	
1243	5.280177e-08	-1.25314e-02	
1244	5.285177e-08	-2.73635e-05	
1245	5.290177e-08	1.172513e-01	
1246	5.294595e-08	1.412558e+00	
1247	5.297748e-08	1.824783e+00	
1248	5.300584e-08	1.770105e+00	
1249	5.303474e-08	1.815143e+00	
1250	5.306208e-08	1.789912e+00	
1251	5.310543e-08	1.807563e+00	
1252	5.315008e-08	1.792721e+00	
1253	5.320008e-08	1.817535e+00	
1254	5.325008e-08	1.842200e+00	
1255	5.329207e-08	6.322936e-01	
1256	5.332259e-08	-2.02890e-02	
1257	5.335320e-08	3.151085e-02	
1258	5.338118e-08	-1.23029e-02	
1259	5.341014e-08	1.371912e-02	
1260	5.346014e-08	-1.08432e-02	
1261	5.351014e-08	9.519970e-03	
1262	5.356014e-08	-7.44323e-03	
1263	5.361014e-08	4.049332e-03	
1264	5.366014e-08	-1.65076e-02	
1265	5.371014e-08	2.545787e-01	
1266	5.376014e-08	1.512457e+00	
1267	5.379670e-08	1.846512e+00	
1268	5.383497e-08	1.765960e+00	
1269	5.386671e-08	1.819392e+00	
1270	5.390013e-08	1.787551e+00	
1271	5.395013e-08	1.808490e+00	
1272	5.400013e-08	1.799081e+00	

Index   time            v(clk)          
--------------------------------------------------------------------------------
1273	5.405013e-08	1.861234e+00	
1274	5.410013e-08	5.216662e-01	
1275	5.413800e-08	-3.72793e-02	
1276	5.417494e-08	4.279075e-02	
1277	5.421121e-08	-2.65471e-02	
1278	5.424459e-08	2.165179e-02	
1279	5.429459e-08	-1.80788e-02	
1280	5.434459e-08	1.597613e-02	
1281	5.439459e-08	-1.34970e-02	
1282	5.444459e-08	6.880657e-03	
1283	5.449459e-08	-1.89466e-02	
1284	5.454459e-08	8.974528e-01	
1285	5.458828e-08	1.728590e+00	
1286	5.463192e-08	1.802021e+00	
1287	5.467173e-08	1.804715e+00	
1288	5.472173e-08	1.792772e+00	
1289	5.477173e-08	1.807016e+00	
1290	5.482173e-08	1.803011e+00	
1291	5.487173e-08	1.859687e+00	
1292	5.491529e-08	5.604875e-01	
1293	5.495123e-08	-4.17975e-02	
1294	5.498526e-08	4.566271e-02	
1295	5.501957e-08	-2.69525e-02	
1296	5.505075e-08	2.284033e-02	
1297	5.510075e-08	-1.89591e-02	
1298	5.515075e-08	1.681186e-02	
1299	5.520075e-08	-1.40530e-02	
1300	5.525075e-08	8.413115e-03	
1301	5.530075e-08	-2.20215e-02	
1302	5.535075e-08	6.845334e-01	
1303	5.540075e-08	1.683541e+00	
1304	5.544235e-08	1.815595e+00	
1305	5.548551e-08	1.794388e+00	
1306	5.553551e-08	1.799889e+00	
1307	5.558362e-08	1.802012e+00	
1308	5.563362e-08	1.807386e+00	
1309	5.568362e-08	1.853198e+00	
1310	5.572744e-08	5.426041e-01	
1311	5.576201e-08	-4.46370e-02	
1312	5.579533e-08	4.819842e-02	
1313	5.582904e-08	-2.84804e-02	
1314	5.585955e-08	2.415815e-02	
1315	5.590955e-08	-2.04075e-02	
1316	5.595955e-08	1.807633e-02	
1317	5.600955e-08	-1.52097e-02	
1318	5.605955e-08	9.778259e-03	
1319	5.610955e-08	-2.34021e-02	
1320	5.615955e-08	6.341381e-01	
1321	5.620955e-08	1.666086e+00	
1322	5.625428e-08	1.824517e+00	
1323	5.629782e-08	1.789153e+00	
1324	5.634782e-08	1.803445e+00	
1325	5.639634e-08	1.799473e+00	
1326	5.644634e-08	1.811211e+00	
1327	5.649634e-08	1.842829e+00	
1328	5.654634e-08	2.776301e-01	
1329	5.657593e-08	-6.99502e-02	
1330	5.661394e-08	6.834836e-02	

Index   time            v(clk)          
--------------------------------------------------------------------------------
1331	5.664551e-08	-4.51709e-02	
1332	5.667676e-08	3.626399e-02	
1333	5.672391e-08	-3.04179e-02	
1334	5.677048e-08	2.642157e-02	
1335	5.682048e-08	-2.23970e-02	
1336	5.687048e-08	1.590280e-02	
1337	5.692048e-08	-2.95295e-02	
1338	5.697048e-08	7.032983e-01	
1339	5.702048e-08	1.681489e+00	
1340	5.707048e-08	1.825308e+00	
1341	5.711810e-08	1.789422e+00	
1342	5.716810e-08	1.802578e+00	
1343	5.721810e-08	1.800373e+00	
1344	5.726810e-08	1.818850e+00	
1345	5.731810e-08	1.739028e+00	
1346	5.736810e-08	1.744737e-01	
1347	5.739581e-08	-6.84559e-02	
1348	5.743067e-08	6.551014e-02	
1349	5.746572e-08	-4.55617e-02	
1350	5.749803e-08	3.633739e-02	
1351	5.754789e-08	-3.06583e-02	
1352	5.759789e-08	2.706369e-02	
1353	5.764789e-08	-2.44880e-02	
1354	5.769789e-08	1.355867e-02	
1355	5.774789e-08	8.340223e-04	
1356	5.778873e-08	1.069523e+00	
1357	5.782500e-08	1.773605e+00	
1358	5.786075e-08	1.778555e+00	
1359	5.789521e-08	1.816425e+00	
1360	5.793436e-08	1.785352e+00	
1361	5.798436e-08	1.812619e+00	
1362	5.803436e-08	1.788181e+00	
1363	5.808436e-08	1.837583e+00	
1364	5.813436e-08	1.540805e+00	
1365	5.818436e-08	1.070582e-01	
1366	5.821541e-08	-4.45500e-02	
1367	5.825050e-08	4.436820e-02	
1368	5.829612e-08	-3.20158e-02	
1369	5.834561e-08	2.673260e-02	
1370	5.839561e-08	-2.11842e-02	
1371	5.844561e-08	1.791776e-02	
1372	5.849561e-08	-1.94929e-02	
1373	5.854561e-08	8.671510e-03	
1374	5.859561e-08	6.679370e-01	
1375	5.864561e-08	1.726188e+00	
1376	5.868333e-08	1.796830e+00	
1377	5.872360e-08	1.806729e+00	
1378	5.877360e-08	1.791068e+00	
1379	5.882360e-08	1.808591e+00	
1380	5.887360e-08	1.799460e+00	
1381	5.892360e-08	1.862528e+00	
1382	5.897360e-08	4.147519e-01	
1383	5.901273e-08	-6.30931e-02	
1384	5.905195e-08	6.276648e-02	
1385	5.909132e-08	-4.49779e-02	
1386	5.913218e-08	3.723215e-02	
1387	5.918218e-08	-3.11995e-02	
1388	5.923218e-08	2.741915e-02	

Index   time            v(clk)          
--------------------------------------------------------------------------------
1389	5.928218e-08	-2.52372e-02	
1390	5.933218e-08	1.282784e-02	
1391	5.938218e-08	2.790156e-02	
1392	5.942395e-08	1.245517e+00	
1393	5.945634e-08	1.810755e+00	
1394	5.949232e-08	1.764729e+00	
1395	5.953013e-08	1.826599e+00	
1396	5.956670e-08	1.778206e+00	
1397	5.961670e-08	1.818375e+00	
1398	5.966670e-08	1.784270e+00	
1399	5.971670e-08	1.850025e+00	
1400	5.976670e-08	1.167102e+00	
1401	5.981670e-08	3.823237e-02	
1402	5.985706e-08	-1.14535e-02	
1403	5.989883e-08	1.562961e-02	
1404	5.994397e-08	-1.13542e-02	
1405	5.999397e-08	9.354535e-03	
1406	6.004397e-08	-6.58247e-03	
1407	6.009397e-08	3.058488e-03	
1408	6.014397e-08	-1.50978e-02	
1409	6.019397e-08	2.070228e-01	
1410	6.024397e-08	1.458686e+00	
1411	6.028887e-08	1.884377e+00	
1412	6.033304e-08	1.739878e+00	
1413	6.037674e-08	1.842716e+00	
1414	6.042180e-08	1.767287e+00	
1415	6.047180e-08	1.826642e+00	
1416	6.052180e-08	1.807571e+00	
1417	6.057180e-08	1.361209e+00	
1418	6.062180e-08	7.847210e-02	
1419	6.065911e-08	-3.74031e-02	
1420	6.069513e-08	3.766938e-02	
1421	6.074513e-08	-2.99057e-02	
1422	6.079335e-08	2.527118e-02	
1423	6.084335e-08	-2.06877e-02	
1424	6.089335e-08	1.658584e-02	
1425	6.094335e-08	-2.43297e-02	
1426	6.099335e-08	6.034414e-02	
1427	6.104335e-08	1.317463e+00	
1428	6.107948e-08	1.824979e+00	
1429	6.110738e-08	1.772603e+00	
1430	6.113630e-08	1.811677e+00	
1431	6.116360e-08	1.793624e+00	
1432	6.120544e-08	1.803829e+00	
1433	6.124935e-08	1.796617e+00	
1434	6.129935e-08	1.806867e+00	
1435	6.134935e-08	1.842525e+00	
1436	6.138905e-08	1.220167e+00	
1437	6.143573e-08	3.736955e-02	
1438	6.147475e-08	-9.55827e-03	
1439	6.151354e-08	1.430726e-02	
1440	6.155672e-08	-9.29131e-03	
1441	6.160672e-08	7.425640e-03	
1442	6.165672e-08	-4.85814e-03	
1443	6.170672e-08	2.651831e-03	
1444	6.175672e-08	-1.00858e-02	
1445	6.180672e-08	2.508364e-02	
1446	6.185672e-08	1.223650e+00	

Index   time            v(clk)          
--------------------------------------------------------------------------------
1447	6.190672e-08	1.863610e+00	
1448	6.195198e-08	1.748324e+00	
1449	6.199573e-08	1.837682e+00	
1450	6.203963e-08	1.771466e+00	
1451	6.208963e-08	1.821795e+00	
1452	6.213963e-08	1.801061e+00	
1453	6.218963e-08	1.768556e+00	
1454	6.222520e-08	4.110974e-01	
1455	6.225104e-08	-5.36126e-02	
1456	6.228001e-08	5.503861e-02	
1457	6.230884e-08	-2.98920e-02	
1458	6.233705e-08	2.658941e-02	
1459	6.238192e-08	-2.17375e-02	
1460	6.242907e-08	1.902670e-02	
1461	6.247907e-08	-1.58893e-02	
1462	6.252907e-08	1.186772e-02	
1463	6.257907e-08	-2.32322e-02	
1464	6.262907e-08	1.894303e-01	
1465	6.267907e-08	1.479280e+00	
1466	6.271355e-08	1.835686e+00	
1467	6.274862e-08	1.772311e+00	
1468	6.277806e-08	1.812968e+00	
1469	6.280848e-08	1.793440e+00	
1470	6.285848e-08	1.803209e+00	
1471	6.290380e-08	1.799485e+00	
1472	6.295380e-08	1.840949e+00	
1473	6.300380e-08	1.043305e+00	
1474	6.303533e-08	9.180407e-02	
1475	6.306016e-08	-2.79338e-02	
1476	6.308860e-08	3.445829e-02	
1477	6.312736e-08	-2.11257e-02	
1478	6.316528e-08	1.884995e-02	
1479	6.321528e-08	-1.65477e-02	
1480	6.326528e-08	1.545679e-02	
1481	6.331528e-08	-1.46933e-02	
1482	6.336528e-08	5.734493e-03	
1483	6.341528e-08	1.858288e-03	
1484	6.346528e-08	1.274255e+00	
1485	6.350826e-08	1.836437e+00	
1486	6.354192e-08	1.764578e+00	
1487	6.357485e-08	1.821562e+00	
1488	6.360742e-08	1.785308e+00	
1489	6.365742e-08	1.811046e+00	
1490	6.370552e-08	1.791055e+00	
1491	6.375552e-08	1.838449e+00	
1492	6.380552e-08	1.357588e+00	
1493	6.385552e-08	7.119253e-02	
1494	6.389909e-08	-3.21480e-02	
1495	6.394094e-08	3.221923e-02	
1496	6.398988e-08	-2.51092e-02	
1497	6.403988e-08	2.087519e-02	
1498	6.408988e-08	-1.60424e-02	
1499	6.413988e-08	1.074852e-02	
1500	6.418988e-08	-2.29376e-02	
1501	6.423988e-08	3.446237e-01	
1502	6.428988e-08	1.517437e+00	
1503	6.433417e-08	1.870186e+00	
1504	6.438022e-08	1.751274e+00	

Index   time            v(clk)          
--------------------------------------------------------------------------------
1505	6.443022e-08	1.834560e+00	
1506	6.447605e-08	1.774363e+00	
1507	6.452605e-08	1.822984e+00	
1508	6.457605e-08	1.826029e+00	
1509	6.462605e-08	8.305261e-01	
1510	6.465896e-08	3.067044e-02	
1511	6.468828e-08	-1.27438e-03	
1512	6.471694e-08	1.233499e-02	
1513	6.475175e-08	-5.09275e-03	
1514	6.480117e-08	5.445554e-03	
1515	6.485117e-08	-4.81065e-03	
1516	6.490117e-08	5.175958e-03	
1517	6.495117e-08	-6.68549e-03	
1518	6.500117e-08	-5.07160e-03	
1519	6.505117e-08	9.958224e-02	
1520	6.510117e-08	1.433326e+00	
1521	6.514362e-08	1.871662e+00	
1522	6.518828e-08	1.747228e+00	
1523	6.522779e-08	1.835443e+00	
1524	6.526650e-08	1.774932e+00	
1525	6.531650e-08	1.818683e+00	
1526	6.536650e-08	1.801388e+00	
1527	6.541650e-08	1.807971e+00	
1528	6.546650e-08	2.047980e-01	
1529	6.549468e-08	-7.08220e-02	
1530	6.552866e-08	6.751411e-02	
1531	6.556075e-08	-4.48248e-02	
1532	6.559030e-08	3.482365e-02	
1533	6.563571e-08	-2.88118e-02	
1534	6.568306e-08	2.517438e-02	
1535	6.573306e-08	-2.12897e-02	
1536	6.578306e-08	1.493618e-02	
1537	6.583306e-08	-2.85928e-02	
1538	6.588306e-08	6.976613e-01	
1539	6.593306e-08	1.683034e+00	
1540	6.598306e-08	1.823402e+00	
1541	6.602892e-08	1.791376e+00	
1542	6.607892e-08	1.800990e+00	
1543	6.612892e-08	1.801599e+00	
1544	6.617892e-08	1.815611e+00	
1545	6.622892e-08	1.778323e+00	
1546	6.627892e-08	1.977595e-01	
1547	6.630835e-08	-7.39140e-02	
1548	6.634241e-08	6.945630e-02	
1549	6.637780e-08	-4.80833e-02	
1550	6.641176e-08	3.879695e-02	
1551	6.646097e-08	-3.26549e-02	
1552	6.651097e-08	2.880466e-02	
1553	6.656097e-08	-2.58340e-02	
1554	6.661097e-08	1.507302e-02	
1555	6.666097e-08	-5.95857e-03	
1556	6.671097e-08	1.322267e+00	
1557	6.675229e-08	1.844460e+00	
1558	6.679637e-08	1.757271e+00	
1559	6.684376e-08	1.832902e+00	
1560	6.689241e-08	1.773783e+00	
1561	6.694241e-08	1.820505e+00	
1562	6.699241e-08	1.803677e+00	

Index   time            v(clk)          
--------------------------------------------------------------------------------
1563	6.704241e-08	1.738527e+00	
1564	6.709241e-08	1.673221e-01	
1565	6.712188e-08	-6.95020e-02	
1566	6.715635e-08	6.580401e-02	
1567	6.719296e-08	-4.69439e-02	
1568	6.723127e-08	3.857627e-02	
1569	6.728092e-08	-3.24328e-02	
1570	6.733092e-08	2.858065e-02	
1571	6.738092e-08	-2.64747e-02	
1572	6.743092e-08	1.375555e-02	
1573	6.748092e-08	3.784146e-02	
1574	6.753092e-08	1.425394e+00	
1575	6.757173e-08	1.866775e+00	
1576	6.761526e-08	1.748466e+00	
1577	6.766526e-08	1.838683e+00	
1578	6.771482e-08	1.769697e+00	
1579	6.776482e-08	1.824592e+00	
1580	6.781482e-08	1.810874e+00	
1581	6.786482e-08	1.319001e+00	
1582	6.791482e-08	7.257719e-02	
1583	6.795339e-08	-3.53863e-02	
1584	6.799427e-08	3.646671e-02	
1585	6.804427e-08	-2.96112e-02	
1586	6.809427e-08	2.565634e-02	
1587	6.814427e-08	-2.12755e-02	
1588	6.819427e-08	1.627084e-02	
1589	6.824427e-08	-2.74377e-02	
1590	6.829427e-08	2.199256e-01	
1591	6.834427e-08	1.485224e+00	
1592	6.837905e-08	1.836183e+00	
1593	6.841908e-08	1.771007e+00	
1594	6.845203e-08	1.815546e+00	
1595	6.848409e-08	1.791660e+00	
1596	6.853409e-08	1.804342e+00	
1597	6.858188e-08	1.800407e+00	
1598	6.863188e-08	1.850764e+00	
1599	6.868188e-08	7.568740e-01	
1600	6.871025e-08	3.885900e-02	
1601	6.873818e-08	-4.01949e-03	
1602	6.876522e-08	1.624216e-02	
1603	6.879778e-08	-7.21798e-03	
1604	6.884436e-08	7.695082e-03	
1605	6.889436e-08	-7.03001e-03	
1606	6.894436e-08	7.316744e-03	
1607	6.899436e-08	-8.20858e-03	
1608	6.904436e-08	-1.76152e-03	
1609	6.909436e-08	3.795340e-02	
1610	6.914436e-08	1.363261e+00	
1611	6.918610e-08	1.858105e+00	
1612	6.922093e-08	1.756961e+00	
1613	6.925431e-08	1.825980e+00	
1614	6.928487e-08	1.783457e+00	
1615	6.933487e-08	1.812236e+00	
1616	6.938047e-08	1.790731e+00	
1617	6.943047e-08	1.841953e+00	
1618	6.948047e-08	1.225755e+00	
1619	6.953047e-08	4.837510e-02	
1620	6.958047e-08	-2.00722e-02	

Index   time            v(clk)          
--------------------------------------------------------------------------------
1621	6.962682e-08	2.096866e-02	
1622	6.967682e-08	-1.66787e-02	
1623	6.972682e-08	1.390640e-02	
1624	6.977682e-08	-1.04981e-02	
1625	6.982682e-08	5.090974e-03	
1626	6.987682e-08	-1.90481e-02	
1627	6.992682e-08	6.156446e-01	
1628	6.997682e-08	1.635096e+00	
1629	7.001890e-08	1.840706e+00	
1630	7.006141e-08	1.773960e+00	
1631	7.011141e-08	1.817776e+00	
1632	7.016141e-08	1.786146e+00	
1633	7.021141e-08	1.817525e+00	
1634	7.026141e-08	1.845282e+00	
1635	7.031141e-08	4.853550e-01	
1636	7.033814e-08	-1.64657e-02	
1637	7.037077e-08	2.937212e-02	
1638	7.040029e-08	-1.09597e-02	
1639	7.042889e-08	1.128099e-02	
1640	7.047889e-08	-8.69963e-03	
1641	7.052889e-08	7.470680e-03	
1642	7.057889e-08	-5.42512e-03	
1643	7.062889e-08	2.366905e-03	
1644	7.067889e-08	-1.42994e-02	
1645	7.072889e-08	1.755867e-01	
1646	7.077889e-08	1.459814e+00	
1647	7.081934e-08	1.866835e+00	
1648	7.086489e-08	1.750721e+00	
1649	7.090272e-08	1.832179e+00	
1650	7.093979e-08	1.777782e+00	
1651	7.098979e-08	1.816373e+00	
1652	7.103979e-08	1.803929e+00	
1653	7.108979e-08	1.798570e+00	
1654	7.113979e-08	1.994557e-01	
1655	7.116793e-08	-6.96666e-02	
1656	7.120176e-08	6.593244e-02	
1657	7.122955e-08	-4.11539e-02	
1658	7.125952e-08	3.300469e-02	
1659	7.129953e-08	-2.64284e-02	
1660	7.134373e-08	2.256210e-02	
1661	7.139373e-08	-1.85744e-02	
1662	7.144373e-08	1.363761e-02	
1663	7.149373e-08	-2.60438e-02	
1664	7.154373e-08	3.635884e-01	
1665	7.159373e-08	1.555434e+00	
1666	7.163641e-08	1.847042e+00	
1667	7.167871e-08	1.770453e+00	
1668	7.172043e-08	1.816409e+00	
1669	7.176037e-08	1.790388e+00	
1670	7.181037e-08	1.805813e+00	
1671	7.186037e-08	1.823912e+00	
1672	7.191037e-08	1.429011e+00	
1673	7.196037e-08	7.878750e-02	
1674	7.200222e-08	-3.65064e-02	
1675	7.204367e-08	3.626370e-02	
1676	7.209037e-08	-2.81233e-02	
1677	7.214037e-08	2.354427e-02	
1678	7.219037e-08	-1.83862e-02	

Index   time            v(clk)          
--------------------------------------------------------------------------------
1679	7.224037e-08	1.335402e-02	
1680	7.229037e-08	-2.35879e-02	
1681	7.234037e-08	1.557954e-01	
1682	7.239037e-08	1.409931e+00	
1683	7.244037e-08	1.894119e+00	
1684	7.248614e-08	1.735242e+00	
1685	7.253614e-08	1.846019e+00	
1686	7.258162e-08	1.766262e+00	
1687	7.263162e-08	1.828015e+00	
1688	7.268162e-08	1.816431e+00	
1689	7.273162e-08	9.935534e-01	
1690	7.277485e-08	2.983701e-02	
1691	7.280834e-08	-4.74815e-03	
1692	7.284088e-08	1.269901e-02	
1693	7.288393e-08	-7.66198e-03	
1694	7.293175e-08	6.467127e-03	
1695	7.298175e-08	-4.95584e-03	
1696	7.303175e-08	4.495931e-03	
1697	7.308175e-08	-8.11461e-03	
1698	7.313175e-08	-5.28437e-03	
1699	7.318175e-08	7.139648e-01	
1700	7.323175e-08	1.693190e+00	
1701	7.326729e-08	1.814624e+00	
1702	7.330437e-08	1.790661e+00	
1703	7.335437e-08	1.805744e+00	
1704	7.340306e-08	1.795269e+00	
1705	7.345306e-08	1.807124e+00	
1706	7.350306e-08	1.846285e+00	
1707	7.355306e-08	7.030145e-01	
1708	7.358120e-08	2.319917e-02	
1709	7.360752e-08	6.293807e-03	
1710	7.363540e-08	8.126995e-03	
1711	7.366609e-08	-3.10443e-04	
1712	7.371366e-08	1.626751e-03	
1713	7.376366e-08	-1.52351e-03	
1714	7.381366e-08	2.239586e-03	
1715	7.386366e-08	-3.14369e-03	
1716	7.391366e-08	-5.68680e-03	
1717	7.396366e-08	2.412680e-02	
1718	7.401366e-08	1.297611e+00	
1719	7.405603e-08	1.849714e+00	
1720	7.409196e-08	1.757939e+00	
1721	7.412512e-08	1.826524e+00	
1722	7.415774e-08	1.781858e+00	
1723	7.420774e-08	1.813900e+00	
1724	7.425428e-08	1.789023e+00	
1725	7.430428e-08	1.843138e+00	
1726	7.435428e-08	1.252135e+00	
1727	7.440428e-08	5.563904e-02	
1728	7.445428e-08	-2.59910e-02	
1729	7.449973e-08	2.623517e-02	
1730	7.454973e-08	-2.13009e-02	
1731	7.459973e-08	1.822229e-02	
1732	7.464973e-08	-1.44994e-02	
1733	7.469973e-08	8.951197e-03	
1734	7.474973e-08	-2.27669e-02	
1735	7.479973e-08	5.745772e-01	
1736	7.484973e-08	1.616276e+00	

Index   time            v(clk)          
--------------------------------------------------------------------------------
1737	7.489973e-08	1.857572e+00	
1738	7.494486e-08	1.764172e+00	
1739	7.499486e-08	1.824241e+00	
1740	7.504486e-08	1.781394e+00	
1741	7.509486e-08	1.828208e+00	
1742	7.514486e-08	1.823380e+00	
1743	7.519486e-08	2.458307e-01	
1744	7.522157e-08	-6.21447e-02	
1745	7.525335e-08	6.084051e-02	
1746	7.528063e-08	-3.50307e-02	
1747	7.530849e-08	2.838729e-02	
1748	7.534932e-08	-2.26684e-02	
1749	7.538891e-08	1.893356e-02	
1750	7.543891e-08	-1.53855e-02	
1751	7.548891e-08	1.184926e-02	
1752	7.553891e-08	-2.11135e-02	
1753	7.558891e-08	7.662175e-02	
1754	7.563891e-08	1.339230e+00	
1755	7.568260e-08	1.876007e+00	
1756	7.572831e-08	1.741529e+00	
1757	7.577302e-08	1.842463e+00	
1758	7.581671e-08	1.768215e+00	
1759	7.586671e-08	1.824583e+00	
1760	7.591671e-08	1.801352e+00	
1761	7.596671e-08	1.708548e+00	
1762	7.601671e-08	1.493774e-01	
1763	7.604491e-08	-5.90855e-02	
1764	7.607930e-08	5.692602e-02	
1765	7.610807e-08	-3.54934e-02	
1766	7.614023e-08	2.822991e-02	
1767	7.618257e-08	-2.26200e-02	
1768	7.622576e-08	1.926634e-02	
1769	7.627576e-08	-1.58879e-02	
1770	7.632576e-08	9.931908e-03	
1771	7.637576e-08	-2.36555e-02	
1772	7.642576e-08	6.946027e-01	
1773	7.647576e-08	1.687311e+00	
1774	7.652576e-08	1.820449e+00	
1775	7.657576e-08	1.792837e+00	
1776	7.662576e-08	1.799284e+00	
1777	7.667576e-08	1.803314e+00	
1778	7.672576e-08	1.817334e+00	
1779	7.677576e-08	1.718569e+00	
1780	7.682576e-08	1.650332e-01	
1781	7.685374e-08	-6.39992e-02	
1782	7.688881e-08	6.151475e-02	
1783	7.691724e-08	-3.89123e-02	
1784	7.694919e-08	3.114622e-02	
1785	7.699155e-08	-2.51735e-02	
1786	7.703457e-08	2.155082e-02	
1787	7.708457e-08	-1.80730e-02	
1788	7.713457e-08	1.172020e-02	
1789	7.718457e-08	-2.54130e-02	
1790	7.723457e-08	7.643753e-01	
1791	7.728457e-08	1.708752e+00	
1792	7.733457e-08	1.813778e+00	
1793	7.738457e-08	1.797459e+00	
1794	7.743457e-08	1.796339e+00	

Index   time            v(clk)          
--------------------------------------------------------------------------------
1795	7.748457e-08	1.805344e+00	
1796	7.753457e-08	1.817243e+00	
1797	7.758457e-08	1.690665e+00	
1798	7.763457e-08	1.537519e-01	
1799	7.766240e-08	-6.20050e-02	
1800	7.769711e-08	5.950427e-02	
1801	7.772799e-08	-3.90091e-02	
1802	7.776029e-08	3.153463e-02	
1803	7.780682e-08	-2.61119e-02	
1804	7.785682e-08	2.306123e-02	
1805	7.790682e-08	-2.03067e-02	
1806	7.795682e-08	1.076034e-02	
1807	7.800682e-08	-1.07617e-02	
1808	7.805682e-08	1.236387e+00	
1809	7.809972e-08	1.829382e+00	
1810	7.814505e-08	1.762928e+00	
1811	7.819413e-08	1.830300e+00	
1812	7.824413e-08	1.774839e+00	
1813	7.829413e-08	1.820228e+00	
1814	7.834413e-08	1.805964e+00	
1815	7.839413e-08	1.686562e+00	
1816	7.844413e-08	1.466023e-01	
1817	7.847165e-08	-6.00163e-02	
1818	7.850595e-08	5.824208e-02	
1819	7.854298e-08	-4.08052e-02	
1820	7.857743e-08	3.245859e-02	
1821	7.862743e-08	-2.70737e-02	
1822	7.867743e-08	2.390066e-02	
1823	7.872743e-08	-2.21524e-02	
1824	7.877743e-08	1.014651e-02	
1825	7.882743e-08	3.046225e-02	
1826	7.887743e-08	1.408013e+00	
1827	7.891816e-08	1.865134e+00	
1828	7.896165e-08	1.748527e+00	
1829	7.901165e-08	1.838925e+00	
1830	7.906159e-08	1.769300e+00	
1831	7.911159e-08	1.824813e+00	
1832	7.916159e-08	1.809481e+00	
1833	7.921159e-08	1.376429e+00	
1834	7.926159e-08	8.024636e-02	
1835	7.929733e-08	-3.75278e-02	
1836	7.933186e-08	3.813277e-02	
1837	7.938186e-08	-2.96861e-02	
1838	7.943045e-08	2.510907e-02	
1839	7.948045e-08	-2.05560e-02	
1840	7.953045e-08	1.646303e-02	
1841	7.958045e-08	-2.44042e-02	
1842	7.963045e-08	6.294401e-02	
1843	7.968045e-08	1.313116e+00	
1844	7.971599e-08	1.823483e+00	
1845	7.974465e-08	1.772084e+00	
1846	7.977331e-08	1.812386e+00	
1847	7.980115e-08	1.792900e+00	
1848	7.984374e-08	1.804418e+00	
1849	7.988822e-08	1.796128e+00	
1850	7.993822e-08	1.808220e+00	
1851	7.998822e-08	1.843250e+00	
1852	8.003822e-08	6.427642e-01	

Index   time            v(clk)          
--------------------------------------------------------------------------------
1853	8.007188e-08	-1.72578e-02	
1854	8.011188e-08	2.987115e-02	
1855	8.014940e-08	-1.69135e-02	
1856	8.018848e-08	1.552426e-02	
1857	8.023848e-08	-1.36114e-02	
1858	8.028848e-08	1.273835e-02	
1859	8.033848e-08	-1.16407e-02	
1860	8.038848e-08	4.579183e-03	
1861	8.043848e-08	-1.12205e-02	
1862	8.048848e-08	1.057217e+00	
1863	8.053848e-08	1.808355e+00	
1864	8.058694e-08	1.775170e+00	
1865	8.063652e-08	1.822600e+00	
1866	8.068652e-08	1.780070e+00	
1867	8.073652e-08	1.816879e+00	
1868	8.078652e-08	1.813566e+00	
1869	8.083652e-08	1.483650e+00	
1870	8.088652e-08	1.006098e-01	
1871	8.091862e-08	-4.64212e-02	
1872	8.095136e-08	4.565674e-02	
1873	8.100136e-08	-3.49163e-02	
1874	8.104740e-08	2.946637e-02	
1875	8.109740e-08	-2.43645e-02	
1876	8.114740e-08	2.066277e-02	
1877	8.119740e-08	-2.45923e-02	
1878	8.124740e-08	2.143995e-02	
1879	8.129740e-08	9.607822e-01	
1880	8.134740e-08	1.790035e+00	
1881	8.137994e-08	1.782598e+00	
1882	8.141447e-08	1.811314e+00	
1883	8.145285e-08	1.791202e+00	
1884	8.150285e-08	1.806040e+00	
1885	8.155217e-08	1.796856e+00	
1886	8.160217e-08	1.846952e+00	
1887	8.165217e-08	9.438206e-01	
1888	8.168267e-08	7.142958e-02	
1889	8.170789e-08	-1.84489e-02	
1890	8.173609e-08	2.730122e-02	
1891	8.177187e-08	-1.51754e-02	
1892	8.181219e-08	1.400047e-02	
1893	8.186219e-08	-1.22749e-02	
1894	8.191219e-08	1.163875e-02	
1895	8.196219e-08	-1.10195e-02	
1896	8.201219e-08	3.018820e-03	
1897	8.206219e-08	-2.10224e-03	
1898	8.211219e-08	1.200392e+00	
1899	8.215978e-08	1.831308e+00	
1900	8.219309e-08	1.767690e+00	
1901	8.222780e-08	1.820204e+00	
1902	8.226164e-08	1.786025e+00	
1903	8.231164e-08	1.810351e+00	
1904	8.235865e-08	1.792480e+00	
1905	8.240865e-08	1.843156e+00	
1906	8.245865e-08	1.121938e+00	
1907	8.250865e-08	3.287838e-02	
1908	8.255865e-08	-1.00783e-02	
1909	8.260772e-08	1.237496e-02	
1910	8.265772e-08	-9.87717e-03	

Index   time            v(clk)          
--------------------------------------------------------------------------------
1911	8.270772e-08	8.322993e-03	
1912	8.275772e-08	-6.07456e-03	
1913	8.280772e-08	1.130111e-03	
1914	8.285772e-08	-1.50699e-02	
1915	8.290772e-08	6.616199e-01	
1916	8.295772e-08	1.660776e+00	
1917	8.299519e-08	1.826236e+00	
1918	8.303325e-08	1.782944e+00	
1919	8.308325e-08	1.811587e+00	
1920	8.313056e-08	1.790914e+00	
1921	8.318056e-08	1.808692e+00	
1922	8.323056e-08	1.833704e+00	
1923	8.328056e-08	9.981008e-01	
1924	8.331305e-08	7.056973e-02	
1925	8.333853e-08	-1.87146e-02	
1926	8.336734e-08	2.683914e-02	
1927	8.340553e-08	-1.53112e-02	
1928	8.344548e-08	1.351397e-02	
1929	8.349548e-08	-1.16001e-02	
1930	8.354548e-08	1.086963e-02	
1931	8.359548e-08	-1.04099e-02	
1932	8.364548e-08	1.502012e-03	
1933	8.369548e-08	7.630948e-03	
1934	8.374548e-08	1.270783e+00	
1935	8.378808e-08	1.839653e+00	
1936	8.382579e-08	1.761349e+00	
1937	8.386107e-08	1.825889e+00	
1938	8.389648e-08	1.781339e+00	
1939	8.394648e-08	1.814389e+00	
1940	8.399451e-08	1.789549e+00	
1941	8.404451e-08	1.850411e+00	
1942	8.409451e-08	9.815936e-01	
1943	8.414451e-08	1.092749e-02	
1944	8.419451e-08	5.005546e-03	
1945	8.424451e-08	-6.10103e-04	
1946	8.429451e-08	8.300556e-04	
1947	8.434451e-08	-5.87836e-04	
1948	8.439451e-08	1.299079e-03	
1949	8.444451e-08	-5.24009e-03	
1950	8.449451e-08	-8.60309e-03	
1951	8.454451e-08	6.742848e-01	
1952	8.459451e-08	1.672345e+00	
1953	8.463608e-08	1.829693e+00	
1954	8.467733e-08	1.781637e+00	
1955	8.472733e-08	1.812460e+00	
1956	8.477733e-08	1.789716e+00	
1957	8.482733e-08	1.816199e+00	
1958	8.487733e-08	1.849008e+00	
1959	8.492733e-08	4.110109e-01	
1960	8.495368e-08	-3.03794e-02	
1961	8.498571e-08	3.899106e-02	
1962	8.501478e-08	-1.82801e-02	
1963	8.504239e-08	1.662813e-02	
1964	8.509239e-08	-1.32977e-02	
1965	8.514239e-08	1.158079e-02	
1966	8.519239e-08	-9.01602e-03	
1967	8.524239e-08	5.413645e-03	
1968	8.529239e-08	-1.75502e-02	

Index   time            v(clk)          
--------------------------------------------------------------------------------
1969	8.534239e-08	2.203583e-01	
1970	8.539239e-08	1.478013e+00	
1971	8.543192e-08	1.863552e+00	
1972	8.547672e-08	1.753029e+00	
1973	8.551397e-08	1.830627e+00	
1974	8.555040e-08	1.778738e+00	
1975	8.560040e-08	1.815804e+00	
1976	8.565040e-08	1.803622e+00	
1977	8.570040e-08	1.807567e+00	
1978	8.574448e-08	2.737703e-01	
1979	8.577179e-08	-6.73110e-02	
1980	8.580300e-08	6.400545e-02	
1981	8.582835e-08	-3.54971e-02	
1982	8.585586e-08	2.934831e-02	
1983	8.589362e-08	-2.28829e-02	
1984	8.593210e-08	1.885172e-02	
1985	8.598210e-08	-1.52949e-02	
1986	8.603118e-08	1.235789e-02	
1987	8.608118e-08	-1.86258e-02	
1988	8.613118e-08	2.729681e-02	
1989	8.618118e-08	1.175777e+00	
1990	8.621416e-08	1.776152e+00	
1991	8.624007e-08	1.780220e+00	
1992	8.626770e-08	1.805641e+00	
1993	8.629765e-08	1.795325e+00	
1994	8.634765e-08	1.803300e+00	
1995	8.639428e-08	1.796794e+00	
1996	8.644428e-08	1.806385e+00	
1997	8.649428e-08	1.841706e+00	
1998	8.654428e-08	7.478589e-01	
1999	8.658131e-08	-4.96440e-03	
2000	8.661762e-08	2.030293e-02	
2001	8.665235e-08	-7.74097e-03	
2002	8.668889e-08	8.587281e-03	
2003	8.673889e-08	-7.50339e-03	
2004	8.678889e-08	7.254326e-03	
2005	8.683889e-08	-6.22867e-03	
2006	8.688889e-08	1.562338e-03	
2007	8.693889e-08	-1.46906e-02	
2008	8.698889e-08	7.111637e-01	
2009	8.703889e-08	1.704299e+00	
2010	8.708367e-08	1.812992e+00	
2011	8.712729e-08	1.796988e+00	
2012	8.717729e-08	1.798039e+00	
2013	8.722729e-08	1.803174e+00	
2014	8.727729e-08	1.812214e+00	
2015	8.732729e-08	1.812179e+00	
2016	8.736549e-08	5.090178e-01	
2017	8.739321e-08	-4.21116e-02	
2018	8.742415e-08	4.697013e-02	
2019	8.745446e-08	-2.49000e-02	
2020	8.748329e-08	2.259157e-02	
2021	8.753329e-08	-1.84247e-02	
2022	8.758329e-08	1.629696e-02	
2023	8.763329e-08	-1.34749e-02	
2024	8.768329e-08	8.650437e-03	
2025	8.773329e-08	-2.17879e-02	
2026	8.778329e-08	4.677430e-01	

Index   time            v(clk)          
--------------------------------------------------------------------------------
2027	8.783329e-08	1.611602e+00	
2028	8.786977e-08	1.824716e+00	
2029	8.791000e-08	1.784182e+00	
2030	8.795343e-08	1.807701e+00	
2031	8.799547e-08	1.796359e+00	
2032	8.804547e-08	1.801134e+00	
2033	8.809547e-08	1.828468e+00	
2034	8.814547e-08	1.406221e+00	
2035	8.819547e-08	7.566427e-02	
2036	8.823804e-08	-3.46041e-02	
2037	8.827899e-08	3.451855e-02	
2038	8.832778e-08	-2.70688e-02	
2039	8.837778e-08	2.268273e-02	
2040	8.842778e-08	-1.77107e-02	
2041	8.847778e-08	1.266505e-02	
2042	8.852778e-08	-2.39817e-02	
2043	8.857778e-08	2.449284e-01	
2044	8.862778e-08	1.462023e+00	
2045	8.867778e-08	1.889891e+00	
2046	8.872648e-08	1.737616e+00	
2047	8.877648e-08	1.843844e+00	
2048	8.882482e-08	1.767070e+00	
2049	8.887482e-08	1.832382e+00	
2050	8.892482e-08	1.829012e+00	
2051	8.897482e-08	5.390574e-01	
2052	8.900296e-08	-1.35274e-02	
2053	8.903573e-08	2.728895e-02	
2054	8.906556e-08	-1.00036e-02	
2055	8.909517e-08	1.120711e-02	
2056	8.914517e-08	-8.89493e-03	
2057	8.919517e-08	7.852861e-03	
2058	8.924517e-08	-5.96306e-03	
2059	8.929517e-08	2.902773e-03	
2060	8.934517e-08	-1.53917e-02	
2061	8.939517e-08	2.232869e-01	
2062	8.944517e-08	1.480663e+00	
2063	8.948980e-08	1.876594e+00	
2064	8.953643e-08	1.745790e+00	
2065	8.958131e-08	1.837504e+00	
2066	8.962520e-08	1.772239e+00	
2067	8.967520e-08	1.823460e+00	
2068	8.972520e-08	1.819083e+00	
2069	8.977520e-08	1.025932e+00	
2070	8.981716e-08	3.811943e-02	
2071	8.984677e-08	-7.57894e-03	
2072	8.987957e-08	1.577444e-02	
2073	8.992252e-08	-9.45005e-03	
2074	8.997022e-08	7.842122e-03	
2075	9.002022e-08	-6.02549e-03	
2076	9.007022e-08	5.481505e-03	
2077	9.012022e-08	-7.93351e-03	
2078	9.017022e-08	-6.20972e-03	
2079	9.022022e-08	4.941381e-01	
2080	9.027022e-08	1.620522e+00	
2081	9.030558e-08	1.832686e+00	
2082	9.034462e-08	1.776408e+00	
2083	9.038611e-08	1.815590e+00	
2084	9.042605e-08	1.788494e+00	

Index   time            v(clk)          
--------------------------------------------------------------------------------
2085	9.047605e-08	1.808585e+00	
2086	9.052605e-08	1.817733e+00	
2087	9.057605e-08	1.631609e+00	
2088	9.062605e-08	1.330273e-01	
2089	9.065412e-08	-5.51443e-02	
2090	9.068875e-08	5.366859e-02	
2091	9.071885e-08	-3.47077e-02	
2092	9.075220e-08	2.805466e-02	
2093	9.079761e-08	-2.30042e-02	
2094	9.084360e-08	1.995539e-02	
2095	9.089360e-08	-1.67758e-02	
2096	9.094360e-08	9.686621e-03	
2097	9.099360e-08	-2.18365e-02	
2098	9.104360e-08	9.011925e-01	
2099	9.109360e-08	1.754452e+00	
2100	9.114360e-08	1.797973e+00	
2101	9.119360e-08	1.808236e+00	
2102	9.124360e-08	1.789310e+00	
2103	9.129360e-08	1.810310e+00	
2104	9.134360e-08	1.815712e+00	
2105	9.139360e-08	1.608070e+00	
2106	9.144360e-08	1.258468e-01	
2107	9.147161e-08	-5.25710e-02	
2108	9.150601e-08	5.198244e-02	
2109	9.153712e-08	-3.40263e-02	
2110	9.157138e-08	2.728553e-02	
2111	9.162010e-08	-2.25169e-02	
2112	9.166921e-08	1.991159e-02	
2113	9.171921e-08	-1.84332e-02	
2114	9.176921e-08	7.148172e-03	
2115	9.181921e-08	2.317623e-02	
2116	9.186921e-08	1.384199e+00	
2117	9.190985e-08	1.857713e+00	
2118	9.195330e-08	1.752689e+00	
2119	9.199603e-08	1.834005e+00	
2120	9.203738e-08	1.774695e+00	
2121	9.208738e-08	1.819278e+00	
2122	9.213738e-08	1.798566e+00	
2123	9.218738e-08	1.836285e+00	
2124	9.223084e-08	3.462589e-01	
2125	9.225868e-08	-6.13737e-02	
2126	9.229026e-08	6.030070e-02	
2127	9.231891e-08	-3.46861e-02	
2128	9.234673e-08	2.882490e-02	
2129	9.239137e-08	-2.35367e-02	
2130	9.243618e-08	2.020476e-02	
2131	9.248618e-08	-1.66448e-02	
2132	9.253618e-08	1.236256e-02	
2133	9.258618e-08	-2.34314e-02	
2134	9.263618e-08	1.765022e-01	
2135	9.268618e-08	1.467379e+00	
2136	9.272073e-08	1.834812e+00	
2137	9.276078e-08	1.771628e+00	
2138	9.279383e-08	1.814757e+00	
2139	9.282613e-08	1.792565e+00	
2140	9.287613e-08	1.803278e+00	
2141	9.292565e-08	1.803321e+00	
2142	9.297565e-08	1.856048e+00	

Index   time            v(clk)          
--------------------------------------------------------------------------------
2143	9.302565e-08	5.769208e-01	
2144	9.305272e-08	2.543568e-03	
2145	9.307953e-08	1.742323e-02	
2146	9.310731e-08	1.304113e-04	
2147	9.313482e-08	4.696062e-03	
2148	9.318471e-08	-2.55286e-03	
2149	9.323470e-08	1.995292e-03	
2150	9.328470e-08	-6.80981e-04	
2151	9.333470e-08	-1.03295e-03	
2152	9.338470e-08	-8.71967e-03	
2153	9.343470e-08	5.103724e-02	
2154	9.348470e-08	1.356273e+00	
2155	9.352699e-08	1.862977e+00	
2156	9.356260e-08	1.753648e+00	
2157	9.359602e-08	1.828661e+00	
2158	9.362679e-08	1.781210e+00	
2159	9.367679e-08	1.814247e+00	
2160	9.372251e-08	1.789176e+00	
2161	9.377251e-08	1.845875e+00	
2162	9.382251e-08	1.140156e+00	
2163	9.387251e-08	3.675497e-02	
2164	9.392251e-08	-1.32863e-02	
2165	9.397095e-08	1.536364e-02	
2166	9.402095e-08	-1.24124e-02	
2167	9.407095e-08	1.073632e-02	
2168	9.412095e-08	-8.31480e-03	
2169	9.417095e-08	3.220135e-03	
2170	9.422095e-08	-1.72874e-02	
2171	9.427095e-08	6.626311e-01	
2172	9.432095e-08	1.655987e+00	
2173	9.436290e-08	1.835288e+00	
2174	9.440486e-08	1.777610e+00	
2175	9.445486e-08	1.815431e+00	
2176	9.450486e-08	1.787511e+00	
2177	9.455486e-08	1.817436e+00	
2178	9.460486e-08	1.846879e+00	
2179	9.465486e-08	4.422963e-01	
2180	9.468137e-08	-2.61437e-02	
2181	9.471003e-08	3.609548e-02	
2182	9.473905e-08	-1.52019e-02	
2183	9.476554e-08	1.511574e-02	
2184	9.481554e-08	-1.19596e-02	
2185	9.486495e-08	1.036280e-02	
2186	9.491495e-08	-8.08582e-03	
2187	9.496495e-08	5.327737e-03	
2188	9.501495e-08	-1.57738e-02	
2189	9.506495e-08	8.893548e-02	
2190	9.511495e-08	1.385333e+00	
2191	9.515791e-08	1.874040e+00	
2192	9.520301e-08	1.744494e+00	
2193	9.524394e-08	1.838280e+00	
2194	9.528236e-08	1.772796e+00	
2195	9.533236e-08	1.820517e+00	
2196	9.538236e-08	1.798431e+00	
2197	9.543236e-08	1.826024e+00	
2198	9.547430e-08	3.546658e-01	
2199	9.550159e-08	-5.77794e-02	
2200	9.553239e-08	5.716084e-02	

Index   time            v(clk)          
--------------------------------------------------------------------------------
2201	9.555797e-08	-2.98194e-02	
2202	9.558498e-08	2.547944e-02	
2203	9.562603e-08	-1.98378e-02	
2204	9.566823e-08	1.654138e-02	
2205	9.571823e-08	-1.32275e-02	
2206	9.576823e-08	1.007496e-02	
2207	9.581823e-08	-1.81993e-02	
2208	9.586823e-08	4.998066e-02	
2209	9.591823e-08	1.319862e+00	
2210	9.595028e-08	1.806711e+00	
2211	9.597641e-08	1.776549e+00	
2212	9.600379e-08	1.807805e+00	
2213	9.603050e-08	1.795465e+00	
2214	9.607289e-08	1.802558e+00	
2215	9.611786e-08	1.797768e+00	
2216	9.616673e-08	1.803168e+00	
2217	9.621673e-08	1.835780e+00	
2218	9.626673e-08	1.012776e+00	
2219	9.631673e-08	1.272042e-02	
2220	9.636077e-08	4.500289e-03	
2221	9.640319e-08	1.239686e-03	
2222	9.645305e-08	-3.18715e-04	
2223	9.650305e-08	2.293943e-04	
2224	9.655305e-08	7.671006e-04	
2225	9.660305e-08	-3.73046e-03	
2226	9.665305e-08	-9.73053e-03	
2227	9.670305e-08	3.633406e-01	
2228	9.675305e-08	1.561778e+00	
2229	9.679095e-08	1.849025e+00	
2230	9.683212e-08	1.765119e+00	
2231	9.687284e-08	1.823113e+00	
2232	9.691188e-08	1.783531e+00	
2233	9.696188e-08	1.812088e+00	
2234	9.701188e-08	1.809866e+00	
2235	9.706188e-08	1.759341e+00	
2236	9.711188e-08	1.786564e-01	
2237	9.713977e-08	-6.72189e-02	
2238	9.717420e-08	6.378829e-02	
2239	9.720181e-08	-3.99332e-02	
2240	9.723306e-08	3.217531e-02	
2241	9.727431e-08	-2.59594e-02	
2242	9.731825e-08	2.215535e-02	
2243	9.736825e-08	-1.82153e-02	
2244	9.741825e-08	1.290792e-02	
2245	9.746825e-08	-2.59461e-02	
2246	9.751825e-08	4.674270e-01	
2247	9.756825e-08	1.598669e+00	
2248	9.760507e-08	1.828459e+00	
2249	9.764560e-08	1.781187e+00	
2250	9.768587e-08	1.809513e+00	
2251	9.772420e-08	1.795299e+00	
2252	9.777420e-08	1.801347e+00	
2253	9.782420e-08	1.820914e+00	
2254	9.787420e-08	1.704915e+00	
2255	9.792420e-08	1.462184e-01	
2256	9.795532e-08	-5.96851e-02	
2257	9.799025e-08	5.719248e-02	
2258	9.803234e-08	-4.12950e-02	

Index   time            v(clk)          
--------------------------------------------------------------------------------
2259	9.807340e-08	3.352797e-02	
2260	9.812340e-08	-2.71593e-02	
2261	9.817340e-08	2.347040e-02	
2262	9.822340e-08	-2.20368e-02	
2263	9.827340e-08	8.829358e-03	
2264	9.832340e-08	9.979087e-02	
2265	9.837340e-08	1.505360e+00	
2266	9.840441e-08	1.824498e+00	
2267	9.843751e-08	1.776087e+00	
2268	9.846693e-08	1.811550e+00	
2269	9.849745e-08	1.793531e+00	
2270	9.854199e-08	1.803513e+00	
2271	9.858849e-08	1.797513e+00	
2272	9.863849e-08	1.832039e+00	
2273	9.868849e-08	1.435528e+00	
2274	9.873849e-08	9.476744e-02	
2275	9.876821e-08	-4.09230e-02	
2276	9.880298e-08	4.210182e-02	
2277	9.883849e-08	-2.88871e-02	
2278	9.887644e-08	2.349604e-02	
2279	9.892644e-08	-1.93428e-02	
2280	9.897644e-08	1.706713e-02	
2281	9.902644e-08	-1.68926e-02	
2282	9.907644e-08	3.745695e-03	
2283	9.912644e-08	1.375080e-01	
2284	9.917644e-08	1.496311e+00	
2285	9.921350e-08	1.850229e+00	
2286	9.925047e-08	1.763841e+00	
2287	9.928115e-08	1.820146e+00	
2288	9.931348e-08	1.787160e+00	
2289	9.936348e-08	1.808935e+00	
2290	9.941269e-08	1.797014e+00	
2291	9.946269e-08	1.854359e+00	
2292	9.950246e-08	1.187091e+00	
2293	9.954639e-08	4.504136e-02	
2294	9.958547e-08	-1.42916e-02	
2295	9.962209e-08	1.907351e-02	
2296	9.966489e-08	-1.36553e-02	
2297	9.971489e-08	1.145217e-02	
2298	9.976489e-08	-8.78250e-03	
2299	9.981489e-08	7.007964e-03	
2300	9.986489e-08	-1.26220e-02	
2301	9.991489e-08	1.112899e-02	
2302	9.995744e-08	7.611712e-01	
2303	1.000000e-07	1.720912e+00	
2304	1.000050e-07	1.733581e+00	
2305	1.000150e-07	1.762205e+00	
2306	1.000350e-07	1.794054e+00	
2307	1.000750e-07	1.799280e+00	
2308	1.001186e-07	1.800566e+00	
2309	1.001686e-07	1.798899e+00	
2310	1.002186e-07	1.802335e+00	
2311	1.002686e-07	1.837648e+00	
2312	1.003186e-07	1.026151e+00	
2313	1.003590e-07	4.272345e-02	
2314	1.003885e-07	-9.50628e-03	
2315	1.004206e-07	1.739332e-02	
2316	1.004625e-07	-1.02397e-02	

Index   time            v(clk)          
--------------------------------------------------------------------------------
2317	1.005110e-07	8.872331e-03	
2318	1.005610e-07	-6.89710e-03	
2319	1.006110e-07	6.299291e-03	
2320	1.006610e-07	-8.77438e-03	
2321	1.007110e-07	-4.85813e-03	
2322	1.007610e-07	4.680772e-01	
2323	1.008110e-07	1.629086e+00	
2324	1.008463e-07	1.823687e+00	
2325	1.008856e-07	1.784014e+00	
2326	1.009207e-07	1.807565e+00	
2327	1.009594e-07	1.795836e+00	
2328	1.010000e-07	1.800854e+00	
2329	1.010048e-07	1.800623e+00	
2330	1.010145e-07	1.800190e+00	
2331	1.010337e-07	1.803681e+00	
2332	1.010723e-07	1.831558e+00	
2333	1.011106e-07	1.760967e+00	
2334	1.011606e-07	1.718667e-01	
2335	1.011926e-07	-6.87462e-02	
2336	1.012227e-07	6.293724e-02	
2337	1.012499e-07	-3.87096e-02	
2338	1.012804e-07	3.065952e-02	
2339	1.013174e-07	-2.40294e-02	
2340	1.013584e-07	2.022145e-02	
2341	1.014084e-07	-1.64911e-02	
2342	1.014584e-07	1.198881e-02	
2343	1.015084e-07	-2.37521e-02	
2344	1.015584e-07	2.449617e-01	
2345	1.016084e-07	1.486048e+00	
2346	1.016462e-07	1.853488e+00	
2347	1.016826e-07	1.762163e+00	
2348	1.017134e-07	1.821369e+00	
2349	1.017457e-07	1.786326e+00	
2350	1.017957e-07	1.809591e+00	
2351	1.018447e-07	1.796269e+00	
2352	1.018947e-07	1.856498e+00	
2353	1.019342e-07	1.208713e+00	
2354	1.019789e-07	5.005818e-02	
2355	1.020071e-07	-1.50739e-02	
2356	1.020391e-07	2.221635e-02	
2357	1.020806e-07	-1.42441e-02	
2358	1.021272e-07	1.222588e-02	
2359	1.021772e-07	-1.00627e-02	
2360	1.022272e-07	9.271440e-03	
2361	1.022772e-07	-1.11180e-02	
2362	1.023272e-07	-2.27034e-03	
2363	1.023772e-07	3.538723e-01	
2364	1.024272e-07	1.593314e+00	
2365	1.024613e-07	1.824880e+00	
2366	1.024998e-07	1.782111e+00	
2367	1.025320e-07	1.807611e+00	
2368	1.025676e-07	1.796657e+00	
2369	1.026176e-07	1.800327e+00	
2370	1.026676e-07	1.809525e+00	
2371	1.027176e-07	1.854821e+00	
2372	1.027676e-07	3.600233e-01	
2373	1.027988e-07	-5.42848e-02	
2374	1.028288e-07	5.494619e-02	

Index   time            v(clk)          
--------------------------------------------------------------------------------
2375	1.028560e-07	-3.04251e-02	
2376	1.028849e-07	2.573643e-02	
2377	1.029283e-07	-2.09017e-02	
2378	1.029717e-07	1.785394e-02	
2379	1.030217e-07	-1.45911e-02	
2380	1.030717e-07	1.110265e-02	
2381	1.031217e-07	-2.07880e-02	
2382	1.031717e-07	8.646882e-02	
2383	1.032217e-07	1.372689e+00	
2384	1.032549e-07	1.837696e+00	
2385	1.032827e-07	1.763777e+00	
2386	1.033115e-07	1.819633e+00	
2387	1.033384e-07	1.786617e+00	
2388	1.033806e-07	1.810515e+00	
2389	1.034245e-07	1.790136e+00	
2390	1.034745e-07	1.815595e+00	
2391	1.035245e-07	1.844595e+00	
2392	1.035745e-07	4.914345e-01	
2393	1.036015e-07	-2.37105e-02	
2394	1.036298e-07	3.518911e-02	
2395	1.036587e-07	-1.53391e-02	
2396	1.036860e-07	1.611295e-02	
2397	1.037360e-07	-1.28684e-02	
2398	1.037860e-07	1.129182e-02	
2399	1.038360e-07	-9.04799e-03	
2400	1.038860e-07	6.224523e-03	
2401	1.039360e-07	-1.67262e-02	
2402	1.039860e-07	9.127284e-02	
2403	1.040360e-07	1.401896e+00	
2404	1.040689e-07	1.840249e+00	
2405	1.040977e-07	1.762268e+00	
2406	1.041273e-07	1.821802e+00	
2407	1.041547e-07	1.784851e+00	
2408	1.041987e-07	1.812054e+00	
2409	1.042439e-07	1.788698e+00	
2410	1.042939e-07	1.822649e+00	
2411	1.043439e-07	1.833727e+00	
2412	1.043939e-07	2.714508e-01	
2413	1.044207e-07	-6.44457e-02	
2414	1.044522e-07	6.334541e-02	
2415	1.044784e-07	-3.66625e-02	
2416	1.045065e-07	3.024259e-02	
2417	1.045478e-07	-2.47933e-02	
2418	1.045888e-07	2.116292e-02	
2419	1.046388e-07	-1.75313e-02	
2420	1.046888e-07	1.390233e-02	
2421	1.047388e-07	-2.27765e-02	
2422	1.047888e-07	6.997596e-02	
2423	1.048388e-07	1.338159e+00	
2424	1.048716e-07	1.834727e+00	
2425	1.049006e-07	1.761010e+00	
2426	1.049286e-07	1.822455e+00	
2427	1.049566e-07	1.783498e+00	
2428	1.049989e-07	1.813617e+00	
2429	1.050431e-07	1.787232e+00	
2430	1.050931e-07	1.816425e+00	
2431	1.051431e-07	1.839183e+00	
2432	1.051864e-07	9.349445e-01	

Index   time            v(clk)          
--------------------------------------------------------------------------------
2433	1.052138e-07	6.006117e-02	
2434	1.052410e-07	-8.98255e-03	
2435	1.052664e-07	1.834996e-02	
2436	1.053007e-07	-6.06674e-03	
2437	1.053393e-07	5.970177e-03	
2438	1.053893e-07	-4.72424e-03	
2439	1.054393e-07	4.510987e-03	
2440	1.054893e-07	-3.70573e-03	
2441	1.055393e-07	-1.96356e-03	
2442	1.055893e-07	-9.74122e-03	
2443	1.056393e-07	9.293674e-01	
2444	1.056745e-07	1.704378e+00	
2445	1.057165e-07	1.801996e+00	
2446	1.057553e-07	1.803205e+00	
2447	1.058019e-07	1.793995e+00	
2448	1.058519e-07	1.806142e+00	
2449	1.059019e-07	1.795903e+00	
2450	1.059519e-07	1.847462e+00	
2451	1.060019e-07	9.106154e-01	
2452	1.060457e-07	1.614346e-02	
2453	1.060774e-07	3.547728e-03	
2454	1.061119e-07	6.519240e-03	
2455	1.061514e-07	-3.09009e-03	
2456	1.062014e-07	2.842489e-03	
2457	1.062514e-07	-1.98310e-03	
2458	1.063014e-07	2.035113e-03	
2459	1.063514e-07	-6.01838e-03	
2460	1.064014e-07	-7.59024e-03	
2461	1.064514e-07	7.224522e-01	
2462	1.064957e-07	1.686197e+00	
2463	1.065327e-07	1.803750e+00	
2464	1.065715e-07	1.800281e+00	
2465	1.066212e-07	1.796149e+00	
2466	1.066706e-07	1.804751e+00	
2467	1.067206e-07	1.797132e+00	
2468	1.067706e-07	1.847259e+00	
2469	1.068206e-07	8.680380e-01	
2470	1.068668e-07	2.271243e-03	
2471	1.069012e-07	1.206094e-02	
2472	1.069372e-07	-1.58911e-03	
2473	1.069771e-07	3.090048e-03	
2474	1.070271e-07	-2.37070e-03	
2475	1.070771e-07	2.666785e-03	
2476	1.071271e-07	-2.46717e-03	
2477	1.071771e-07	-3.37813e-03	
2478	1.072271e-07	-5.97094e-03	
2479	1.072771e-07	9.693430e-01	
2480	1.073271e-07	1.792463e+00	
2481	1.073748e-07	1.778681e+00	
2482	1.074248e-07	1.822107e+00	
2483	1.074748e-07	1.778947e+00	
2484	1.075248e-07	1.818665e+00	
2485	1.075748e-07	1.810345e+00	
2486	1.076248e-07	1.526425e+00	
2487	1.076748e-07	1.046643e-01	
2488	1.077032e-07	-4.28580e-02	
2489	1.077375e-07	4.383446e-02	
2490	1.077711e-07	-2.90404e-02	

Index   time            v(clk)          
--------------------------------------------------------------------------------
2491	1.078076e-07	2.348241e-02	
2492	1.078576e-07	-1.92405e-02	
2493	1.079076e-07	1.697348e-02	
2494	1.079576e-07	-1.64546e-02	
2495	1.080076e-07	4.109352e-03	
2496	1.080576e-07	7.485132e-02	
2497	1.081076e-07	1.453800e+00	
2498	1.081511e-07	1.875104e+00	
2499	1.081932e-07	1.746508e+00	
2500	1.082432e-07	1.839236e+00	
2501	1.082888e-07	1.770443e+00	
2502	1.083388e-07	1.823736e+00	
2503	1.083888e-07	1.812833e+00	
2504	1.084388e-07	1.271511e+00	
2505	1.084888e-07	5.828006e-02	
2506	1.085192e-07	-2.16901e-02	
2507	1.085541e-07	2.631447e-02	
2508	1.085990e-07	-1.87845e-02	
2509	1.086450e-07	1.563442e-02	
2510	1.086950e-07	-1.25787e-02	
2511	1.087450e-07	1.094310e-02	
2512	1.087950e-07	-1.38382e-02	
2513	1.088450e-07	1.825346e-03	
2514	1.088950e-07	6.733506e-01	
2515	1.089398e-07	1.671255e+00	
2516	1.089711e-07	1.810920e+00	
2517	1.090059e-07	1.788717e+00	
2518	1.090494e-07	1.807426e+00	
2519	1.090918e-07	1.794176e+00	
2520	1.091418e-07	1.803919e+00	
2521	1.091918e-07	1.819379e+00	
2522	1.092418e-07	1.707272e+00	
2523	1.092918e-07	1.578273e-01	
2524	1.093211e-07	-6.32651e-02	
2525	1.093553e-07	6.067629e-02	
2526	1.093842e-07	-3.91641e-02	
2527	1.094163e-07	3.140594e-02	
2528	1.094581e-07	-2.54930e-02	
2529	1.095011e-07	2.195419e-02	
2530	1.095511e-07	-1.83550e-02	
2531	1.096011e-07	1.273624e-02	
2532	1.096511e-07	-2.71598e-02	
2533	1.097011e-07	6.382791e-01	
2534	1.097511e-07	1.649986e+00	
2535	1.097915e-07	1.825065e+00	
2536	1.098337e-07	1.785871e+00	
2537	1.098755e-07	1.806393e+00	
2538	1.099168e-07	1.796737e+00	
2539	1.099668e-07	1.802553e+00	
2540	1.100168e-07	1.833800e+00	
2541	1.100668e-07	1.118340e+00	
2542	1.101168e-07	3.160071e-02	
2543	1.101580e-07	-8.34846e-03	
2544	1.101971e-07	1.247879e-02	
2545	1.102450e-07	-8.80041e-03	
2546	1.102950e-07	7.086375e-03	
2547	1.103450e-07	-4.75927e-03	
2548	1.103950e-07	1.726967e-03	

Index   time            v(clk)          
--------------------------------------------------------------------------------
2549	1.104450e-07	-1.26944e-02	
2550	1.104950e-07	1.279009e-01	
2551	1.105450e-07	1.440258e+00	
2552	1.105885e-07	1.875891e+00	
2553	1.106351e-07	1.744550e+00	
2554	1.106768e-07	1.837742e+00	
2555	1.107175e-07	1.772984e+00	
2556	1.107675e-07	1.820330e+00	
2557	1.108175e-07	1.805902e+00	
2558	1.108675e-07	1.697304e+00	
2559	1.109175e-07	1.468269e-01	
2560	1.109451e-07	-5.90291e-02	
2561	1.109794e-07	5.744434e-02	
2562	1.110089e-07	-3.71271e-02	
2563	1.110418e-07	3.006959e-02	
2564	1.110876e-07	-2.48146e-02	
2565	1.111341e-07	2.169495e-02	
2566	1.111841e-07	-1.85420e-02	
2567	1.112341e-07	1.186662e-02	
2568	1.112841e-07	-2.54621e-02	
2569	1.113341e-07	8.680839e-01	
2570	1.113841e-07	1.739924e+00	
2571	1.114341e-07	1.803250e+00	
2572	1.114815e-07	1.805072e+00	
2573	1.115315e-07	1.791472e+00	
2574	1.115815e-07	1.808614e+00	
2575	1.116315e-07	1.814288e+00	
2576	1.116815e-07	1.701484e+00	
2577	1.117315e-07	1.536555e-01	
2578	1.117593e-07	-6.18749e-02	
2579	1.117937e-07	5.981184e-02	
2580	1.118231e-07	-3.86814e-02	
2581	1.118560e-07	3.156387e-02	
2582	1.119017e-07	-2.62441e-02	
2583	1.119500e-07	2.321422e-02	
2584	1.120000e-07	-2.03628e-02	
2585	1.120500e-07	1.218348e-02	
2586	1.121000e-07	-2.06113e-02	
2587	1.121500e-07	1.110844e+00	
2588	1.122000e-07	1.811710e+00	
2589	1.122500e-07	1.773891e+00	
2590	1.123000e-07	1.823672e+00	
2591	1.123500e-07	1.779303e+00	
2592	1.124000e-07	1.817401e+00	
2593	1.124500e-07	1.813094e+00	
2594	1.125000e-07	1.487236e+00	
2595	1.125500e-07	9.993816e-02	
2596	1.125785e-07	-4.29771e-02	
2597	1.126126e-07	4.433204e-02	
2598	1.126512e-07	-3.16786e-02	
2599	1.126888e-07	2.600808e-02	
2600	1.127388e-07	-2.17762e-02	
2601	1.127888e-07	1.943277e-02	
2602	1.128388e-07	-1.95693e-02	
2603	1.128888e-07	6.250400e-03	
2604	1.129388e-07	2.019919e-01	
2605	1.129888e-07	1.530273e+00	
2606	1.130277e-07	1.856337e+00	

Index   time            v(clk)          
--------------------------------------------------------------------------------
2607	1.130695e-07	1.759602e+00	
2608	1.131117e-07	1.827380e+00	
2609	1.131524e-07	1.780180e+00	
2610	1.132024e-07	1.815011e+00	
2611	1.132524e-07	1.813046e+00	
2612	1.133024e-07	1.613998e+00	
2613	1.133524e-07	1.271971e-01	
2614	1.133802e-07	-5.40846e-02	
2615	1.134143e-07	5.320773e-02	
2616	1.134463e-07	-3.59399e-02	
2617	1.134809e-07	2.971037e-02	
2618	1.135309e-07	-2.50677e-02	
2619	1.135809e-07	2.242901e-02	
2620	1.136309e-07	-2.03825e-02	
2621	1.136809e-07	1.072034e-02	
2622	1.137309e-07	-6.13130e-03	
2623	1.137809e-07	1.297572e+00	
2624	1.138309e-07	1.858780e+00	
2625	1.138783e-07	1.751945e+00	
2626	1.139279e-07	1.836259e+00	
2627	1.139767e-07	1.771837e+00	
2628	1.140267e-07	1.822215e+00	
2629	1.140767e-07	1.810192e+00	
2630	1.141267e-07	1.446765e+00	
2631	1.141767e-07	9.118510e-02	
2632	1.142057e-07	-3.95260e-02	
2633	1.142397e-07	4.150891e-02	
2634	1.142831e-07	-3.07505e-02	
2635	1.143251e-07	2.566268e-02	
2636	1.143751e-07	-2.14616e-02	
2637	1.144251e-07	1.905403e-02	
2638	1.144751e-07	-2.02280e-02	
2639	1.145251e-07	6.645279e-03	
2640	1.145751e-07	4.560787e-01	
2641	1.146251e-07	1.630313e+00	
2642	1.146594e-07	1.828352e+00	
2643	1.146969e-07	1.779357e+00	
2644	1.147388e-07	1.813411e+00	
2645	1.147792e-07	1.790173e+00	
2646	1.148292e-07	1.807100e+00	
2647	1.148792e-07	1.818411e+00	
2648	1.149292e-07	1.662871e+00	
2649	1.149792e-07	1.431562e-01	
2650	1.150069e-07	-5.98850e-02	
2651	1.150413e-07	5.836612e-02	
2652	1.150713e-07	-3.86592e-02	
2653	1.151046e-07	3.174882e-02	
2654	1.151514e-07	-2.67843e-02	
2655	1.152014e-07	2.393446e-02	
2656	1.152514e-07	-2.09205e-02	
2657	1.153014e-07	1.345714e-02	
2658	1.153514e-07	-2.49918e-02	
2659	1.154014e-07	1.005199e+00	
2660	1.154514e-07	1.779146e+00	
2661	1.155014e-07	1.789293e+00	
2662	1.155501e-07	1.813343e+00	
2663	1.156001e-07	1.786638e+00	
2664	1.156501e-07	1.811674e+00	

Index   time            v(clk)          
--------------------------------------------------------------------------------
2665	1.157001e-07	1.815272e+00	
2666	1.157501e-07	1.602056e+00	
2667	1.158001e-07	1.248577e-01	
2668	1.158279e-07	-5.35045e-02	
2669	1.158620e-07	5.314776e-02	
2670	1.158978e-07	-3.73163e-02	
2671	1.159320e-07	3.039011e-02	
2672	1.159820e-07	-2.56927e-02	
2673	1.160320e-07	2.299663e-02	
2674	1.160820e-07	-2.19992e-02	
2675	1.161320e-07	9.710564e-03	
2676	1.161820e-07	5.549977e-02	
2677	1.162320e-07	1.447101e+00	
2678	1.162730e-07	1.864147e+00	
2679	1.163164e-07	1.752304e+00	
2680	1.163557e-07	1.831881e+00	
2681	1.163941e-07	1.777461e+00	
2682	1.164441e-07	1.816694e+00	
2683	1.164941e-07	1.801358e+00	
2684	1.165441e-07	1.831347e+00	
2685	1.165789e-07	7.003001e-01	
2686	1.166073e-07	-1.45092e-02	
2687	1.166391e-07	2.917088e-02	
2688	1.166717e-07	-1.26468e-02	
2689	1.167022e-07	1.427729e-02	
2690	1.167522e-07	-1.19302e-02	
2691	1.168022e-07	1.098258e-02	
2692	1.168522e-07	-9.20037e-03	
2693	1.169022e-07	5.524788e-03	
2694	1.169522e-07	-1.87991e-02	
2695	1.170022e-07	3.835216e-01	
2696	1.170522e-07	1.582989e+00	
2697	1.170877e-07	1.826608e+00	
2698	1.171275e-07	1.781498e+00	
2699	1.171691e-07	1.809397e+00	
2700	1.172091e-07	1.795420e+00	
2701	1.172591e-07	1.801029e+00	
2702	1.173091e-07	1.820892e+00	
2703	1.173591e-07	1.711615e+00	
2704	1.174091e-07	1.473278e-01	
2705	1.174397e-07	-5.79416e-02	
2706	1.174741e-07	5.559285e-02	
2707	1.175167e-07	-3.95584e-02	
2708	1.175603e-07	3.197306e-02	
2709	1.176103e-07	-2.54161e-02	
2710	1.176603e-07	2.162609e-02	
2711	1.177103e-07	-2.01973e-02	
2712	1.177603e-07	6.569554e-03	
2713	1.178103e-07	1.370869e-01	
2714	1.178603e-07	1.522633e+00	
2715	1.178917e-07	1.825250e+00	
2716	1.179287e-07	1.776436e+00	
2717	1.179597e-07	1.812218e+00	
2718	1.179917e-07	1.793148e+00	
2719	1.180417e-07	1.803721e+00	
2720	1.180884e-07	1.799550e+00	
2721	1.181384e-07	1.845291e+00	
2722	1.181884e-07	9.099160e-01	

Index   time            v(clk)          
--------------------------------------------------------------------------------
2723	1.182185e-07	6.315571e-02	
2724	1.182437e-07	-1.42362e-02	
2725	1.182718e-07	2.385254e-02	
2726	1.183072e-07	-1.23212e-02	
2727	1.183499e-07	1.191506e-02	
2728	1.183999e-07	-1.05330e-02	
2729	1.184499e-07	1.021987e-02	
2730	1.184999e-07	-1.03171e-02	
2731	1.185499e-07	1.083894e-03	
2732	1.185999e-07	1.597051e-02	
2733	1.186499e-07	1.327310e+00	
2734	1.186915e-07	1.844739e+00	
2735	1.187230e-07	1.762975e+00	
2736	1.187558e-07	1.821694e+00	
2737	1.187860e-07	1.785969e+00	
2738	1.188360e-07	1.810539e+00	
2739	1.188841e-07	1.791113e+00	
2740	1.189341e-07	1.835053e+00	
2741	1.189841e-07	1.515370e+00	
2742	1.190341e-07	1.036221e-01	
2743	1.190715e-07	-4.80055e-02	
2744	1.191109e-07	4.685050e-02	
2745	1.191578e-07	-3.61451e-02	
2746	1.192078e-07	3.033138e-02	
2747	1.192578e-07	-2.41421e-02	
2748	1.193078e-07	1.886941e-02	
2749	1.193578e-07	-2.70370e-02	
2750	1.194078e-07	9.171455e-02	
2751	1.194578e-07	1.327167e+00	
2752	1.195078e-07	1.891749e+00	
2753	1.195533e-07	1.734186e+00	
2754	1.196005e-07	1.847225e+00	
2755	1.196447e-07	1.765109e+00	
2756	1.196947e-07	1.827156e+00	
2757	1.197447e-07	1.803460e+00	
2758	1.197947e-07	1.543410e+00	
2759	1.198447e-07	1.065400e-01	
2760	1.198728e-07	-4.49279e-02	
2761	1.199069e-07	4.526073e-02	
2762	1.199404e-07	-3.02639e-02	
2763	1.199768e-07	2.487566e-02	
2764	1.200268e-07	-2.05862e-02	
2765	1.200768e-07	1.829418e-02	
2766	1.201268e-07	-1.73187e-02	
2767	1.201768e-07	5.682022e-03	
2768	1.202268e-07	3.655016e-02	
2769	1.202768e-07	1.403335e+00	
2770	1.203177e-07	1.864172e+00	
2771	1.203613e-07	1.749187e+00	
2772	1.204089e-07	1.837907e+00	
2773	1.204543e-07	1.770908e+00	
2774	1.205043e-07	1.822856e+00	
2775	1.205543e-07	1.804969e+00	
2776	1.206043e-07	1.640954e+00	
2777	1.206543e-07	1.311845e-01	
2778	1.206819e-07	-5.46677e-02	
2779	1.207160e-07	5.374414e-02	
2780	1.207498e-07	-3.65333e-02	

Index   time            v(clk)          
--------------------------------------------------------------------------------
2781	1.207831e-07	2.923859e-02	
2782	1.208331e-07	-2.44900e-02	
2783	1.208831e-07	2.168579e-02	
2784	1.209331e-07	-1.97075e-02	
2785	1.209831e-07	9.182036e-03	
2786	1.210331e-07	4.972998e-03	
2787	1.210831e-07	1.336299e+00	
2788	1.211245e-07	1.851983e+00	
2789	1.211685e-07	1.753330e+00	
2790	1.212170e-07	1.836078e+00	
2791	1.212664e-07	1.771139e+00	
2792	1.213164e-07	1.822940e+00	
2793	1.213664e-07	1.803942e+00	
2794	1.214164e-07	1.673175e+00	
2795	1.214664e-07	1.409828e-01	
2796	1.214939e-07	-5.83612e-02	
2797	1.215281e-07	5.676895e-02	
2798	1.215655e-07	-3.97984e-02	
2799	1.216003e-07	3.210638e-02	
2800	1.216503e-07	-2.69729e-02	
2801	1.217003e-07	2.391452e-02	
2802	1.217503e-07	-2.22517e-02	
2803	1.218003e-07	1.033183e-02	
2804	1.218503e-07	2.953780e-02	
2805	1.219003e-07	1.407920e+00	
2806	1.219411e-07	1.865112e+00	
2807	1.219846e-07	1.748375e+00	
2808	1.220346e-07	1.839209e+00	
2809	1.220845e-07	1.768990e+00	
2810	1.221345e-07	1.825150e+00	
2811	1.221845e-07	1.808835e+00	
2812	1.222345e-07	1.380557e+00	
2813	1.222845e-07	8.080335e-02	
2814	1.223197e-07	-3.75351e-02	
2815	1.223538e-07	3.822518e-02	
2816	1.224038e-07	-2.98650e-02	
2817	1.224518e-07	2.530642e-02	
2818	1.225018e-07	-2.08132e-02	
2819	1.225518e-07	1.695446e-02	
2820	1.226018e-07	-2.42572e-02	
2821	1.226518e-07	5.168094e-02	
2822	1.227018e-07	1.268687e+00	
2823	1.227372e-07	1.813493e+00	
2824	1.227647e-07	1.774318e+00	
2825	1.227931e-07	1.810546e+00	
2826	1.228210e-07	1.793665e+00	
2827	1.228636e-07	1.803989e+00	
2828	1.229083e-07	1.796443e+00	
2829	1.229583e-07	1.806560e+00	
2830	1.230083e-07	1.840631e+00	
2831	1.230583e-07	7.596287e-01	
2832	1.230952e-07	-3.59646e-03	
2833	1.231374e-07	1.915312e-02	
2834	1.231771e-07	-9.33758e-03	
2835	1.232208e-07	9.571841e-03	
2836	1.232708e-07	-8.67998e-03	
2837	1.233208e-07	8.756456e-03	
2838	1.233708e-07	-9.41174e-03	

Index   time            v(clk)          
--------------------------------------------------------------------------------
2839	1.234208e-07	-7.73997e-04	
2840	1.234708e-07	4.012820e-02	
2841	1.235208e-07	1.373442e+00	
2842	1.235627e-07	1.864064e+00	
2843	1.236071e-07	1.749254e+00	
2844	1.236505e-07	1.836283e+00	
2845	1.236925e-07	1.773211e+00	
2846	1.237425e-07	1.820207e+00	
2847	1.237925e-07	1.799258e+00	
2848	1.238425e-07	1.821910e+00	
2849	1.238925e-07	2.159145e-01	
2850	1.239213e-07	-7.28514e-02	
2851	1.239550e-07	6.889011e-02	
2852	1.239891e-07	-4.66262e-02	
2853	1.240227e-07	3.769906e-02	
2854	1.240701e-07	-3.14564e-02	
2855	1.241201e-07	2.764261e-02	
2856	1.241701e-07	-2.38743e-02	
2857	1.242201e-07	1.595896e-02	
2858	1.242701e-07	-2.75612e-02	
2859	1.243201e-07	9.719446e-01	
2860	1.243701e-07	1.776853e+00	
2861	1.244201e-07	1.787289e+00	
2862	1.244701e-07	1.816050e+00	
2863	1.245201e-07	1.783352e+00	
2864	1.245701e-07	1.815349e+00	
2865	1.246201e-07	1.812643e+00	
2866	1.246701e-07	1.559764e+00	
2867	1.247201e-07	1.177797e-01	
2868	1.247524e-07	-5.48761e-02	
2869	1.247870e-07	5.319888e-02	
2870	1.248308e-07	-4.01175e-02	
2871	1.248753e-07	3.366284e-02	
2872	1.249253e-07	-2.80679e-02	
2873	1.249753e-07	2.438843e-02	
2874	1.250253e-07	-2.58894e-02	
2875	1.250753e-07	1.380350e-02	
2876	1.251253e-07	6.726733e-01	
2877	1.251753e-07	1.701826e+00	
2878	1.252140e-07	1.816656e+00	
2879	1.252517e-07	1.790680e+00	
2880	1.253017e-07	1.805733e+00	
2881	1.253510e-07	1.794992e+00	
2882	1.254010e-07	1.810858e+00	
2883	1.254510e-07	1.854574e+00	
2884	1.255010e-07	4.417472e-01	
2885	1.255274e-07	-2.18909e-02	
2886	1.255596e-07	3.275434e-02	
2887	1.255907e-07	-1.36637e-02	
2888	1.256200e-07	1.258259e-02	
2889	1.256700e-07	-9.69569e-03	
2890	1.257200e-07	8.190851e-03	
2891	1.257700e-07	-5.89362e-03	
2892	1.258200e-07	2.302283e-03	
2893	1.258700e-07	-1.47555e-02	
2894	1.259200e-07	2.746844e-01	
2895	1.259700e-07	1.513971e+00	
2896	1.260085e-07	1.855591e+00	

Index   time            v(clk)          
--------------------------------------------------------------------------------
2897	1.260520e-07	1.759661e+00	
2898	1.260867e-07	1.824690e+00	
2899	1.261217e-07	1.783454e+00	
2900	1.261717e-07	1.811829e+00	
2901	1.262217e-07	1.804349e+00	
2902	1.262717e-07	1.839156e+00	
2903	1.263217e-07	2.450261e-01	
2904	1.263501e-07	-6.96813e-02	
2905	1.263838e-07	6.673100e-02	
2906	1.264108e-07	-4.07960e-02	
2907	1.264403e-07	3.318840e-02	
2908	1.264805e-07	-2.66740e-02	
2909	1.265255e-07	2.313502e-02	
2910	1.265755e-07	-1.92338e-02	
2911	1.266255e-07	1.452617e-02	
2912	1.266755e-07	-2.61266e-02	
2913	1.267255e-07	2.415756e-01	
2914	1.267755e-07	1.492572e+00	
2915	1.268114e-07	1.840686e+00	
2916	1.268508e-07	1.769171e+00	
2917	1.268825e-07	1.816201e+00	
2918	1.269152e-07	1.790967e+00	
2919	1.269652e-07	1.804888e+00	
2920	1.270152e-07	1.802482e+00	
2921	1.270652e-07	1.859145e+00	
2922	1.271152e-07	5.175426e-01	
2923	1.271421e-07	-9.35095e-03	
2924	1.271697e-07	2.458660e-02	
2925	1.271981e-07	-5.50929e-03	
2926	1.272251e-07	8.101412e-03	
2927	1.272751e-07	-5.55827e-03	
2928	1.273249e-07	4.554607e-03	
2929	1.273749e-07	-2.82133e-03	
2930	1.274249e-07	5.897492e-04	
2931	1.274749e-07	-1.06879e-02	
2932	1.275249e-07	6.813072e-02	
2933	1.275749e-07	1.381720e+00	
2934	1.276172e-07	1.865294e+00	
2935	1.276507e-07	1.755146e+00	
2936	1.276801e-07	1.825107e+00	
2937	1.277108e-07	1.783793e+00	
2938	1.277553e-07	1.811815e+00	
2939	1.278018e-07	1.790130e+00	
2940	1.278518e-07	1.837339e+00	
2941	1.279018e-07	1.458697e+00	
2942	1.279518e-07	9.271469e-02	
2943	1.279936e-07	-4.50150e-02	
2944	1.280340e-07	4.370129e-02	
2945	1.280819e-07	-3.44264e-02	
2946	1.281319e-07	2.902214e-02	
2947	1.281819e-07	-2.32133e-02	
2948	1.282319e-07	1.762976e-02	
2949	1.282819e-07	-2.81809e-02	
2950	1.283319e-07	2.052215e-01	
2951	1.283819e-07	1.433550e+00	
2952	1.284319e-07	1.893591e+00	
2953	1.284793e-07	1.734890e+00	
2954	1.285293e-07	1.846516e+00	

Index   time            v(clk)          
--------------------------------------------------------------------------------
2955	1.285767e-07	1.765044e+00	
2956	1.286267e-07	1.831704e+00	
2957	1.286767e-07	1.821350e+00	
2958	1.287267e-07	7.308186e-01	
2959	1.287611e-07	2.424975e-03	
2960	1.287904e-07	1.608295e-02	
2961	1.288210e-07	-1.55781e-03	
2962	1.288533e-07	5.330483e-03	
2963	1.289033e-07	-4.09635e-03	
2964	1.289533e-07	3.863275e-03	
2965	1.290033e-07	-2.69113e-03	
2966	1.290533e-07	1.252218e-04	
2967	1.291033e-07	-1.26805e-02	
2968	1.291533e-07	2.060336e-01	
2969	1.292033e-07	1.483918e+00	
2970	1.292533e-07	1.886864e+00	
2971	1.292985e-07	1.741870e+00	
2972	1.293485e-07	1.841029e+00	
2973	1.293952e-07	1.769383e+00	
2974	1.294452e-07	1.830072e+00	
2975	1.294952e-07	1.829459e+00	
2976	1.295452e-07	5.680639e-01	
2977	1.295734e-07	-1.15260e-02	
2978	1.296013e-07	2.675055e-02	
2979	1.296299e-07	-8.53342e-03	
2980	1.296579e-07	1.126619e-02	
2981	1.297079e-07	-8.50251e-03	
2982	1.297579e-07	7.431057e-03	
2983	1.298079e-07	-5.69453e-03	
2984	1.298579e-07	3.568826e-03	
2985	1.299079e-07	-1.37726e-02	
2986	1.299579e-07	6.672438e-02	
2987	1.300079e-07	1.367332e+00	
2988	1.300504e-07	1.871685e+00	
2989	1.300918e-07	1.745215e+00	
2990	1.301353e-07	1.839529e+00	
2991	1.301770e-07	1.770498e+00	
2992	1.302270e-07	1.822760e+00	
2993	1.302770e-07	1.797129e+00	
2994	1.303270e-07	1.816862e+00	
2995	1.303698e-07	3.060015e-01	
2996	1.303967e-07	-6.14580e-02	
2997	1.304277e-07	5.986727e-02	
2998	1.304529e-07	-3.15717e-02	
2999	1.304799e-07	2.607158e-02	
3000	1.305184e-07	-2.01951e-02	
3001	1.305566e-07	1.649848e-02	
3002	1.306066e-07	-1.30765e-02	
3003	1.306559e-07	1.048341e-02	
3004	1.307059e-07	-1.61310e-02	
3005	1.307559e-07	1.854708e-02	
3006	1.308059e-07	1.101115e+00	
3007	1.308398e-07	1.753973e+00	
3008	1.308697e-07	1.790008e+00	
3009	1.308977e-07	1.801325e+00	
3010	1.309319e-07	1.798694e+00	
3011	1.309819e-07	1.800222e+00	
3012	1.310281e-07	1.799434e+00	

Index   time            v(clk)          
--------------------------------------------------------------------------------
3013	1.310781e-07	1.808952e+00	
3014	1.311281e-07	1.849617e+00	
3015	1.311684e-07	8.661378e-01	
3016	1.312130e-07	-1.67895e-02	
3017	1.312467e-07	2.670197e-02	
3018	1.312811e-07	-1.26584e-02	
3019	1.313172e-07	1.229307e-02	
3020	1.313672e-07	-1.04302e-02	
3021	1.314172e-07	9.597728e-03	
3022	1.314672e-07	-8.09489e-03	
3023	1.315172e-07	2.953394e-03	
3024	1.315672e-07	-1.62126e-02	
3025	1.316172e-07	7.544966e-01	
3026	1.316672e-07	1.718042e+00	
3027	1.317172e-07	1.810300e+00	
3028	1.317672e-07	1.800065e+00	
3029	1.318172e-07	1.794371e+00	
3030	1.318672e-07	1.807014e+00	
3031	1.319172e-07	1.817541e+00	
3032	1.319672e-07	1.636650e+00	
3033	1.320172e-07	1.360063e-01	
3034	1.320452e-07	-5.62290e-02	
3035	1.320796e-07	5.494086e-02	
3036	1.321101e-07	-3.57389e-02	
3037	1.321438e-07	2.887028e-02	
3038	1.321914e-07	-2.38148e-02	
3039	1.322414e-07	2.100962e-02	
3040	1.322914e-07	-1.90892e-02	
3041	1.323414e-07	8.378249e-03	
3042	1.323914e-07	9.091293e-03	
3043	1.324414e-07	1.349500e+00	
3044	1.324825e-07	1.853361e+00	
3045	1.325263e-07	1.753355e+00	
3046	1.325728e-07	1.835136e+00	
3047	1.326196e-07	1.772513e+00	
3048	1.326696e-07	1.821400e+00	
3049	1.327196e-07	1.802332e+00	
3050	1.327696e-07	1.752579e+00	
3051	1.328196e-07	1.709167e-01	
3052	1.328472e-07	-6.54699e-02	
3053	1.328820e-07	6.244699e-02	
3054	1.329160e-07	-4.22276e-02	
3055	1.329473e-07	3.343406e-02	
3056	1.329973e-07	-2.78766e-02	
3057	1.330473e-07	2.448922e-02	
3058	1.330973e-07	-2.14631e-02	
3059	1.331473e-07	1.228401e-02	
3060	1.331973e-07	-1.61566e-02	
3061	1.332473e-07	1.185331e+00	
3062	1.332915e-07	1.821990e+00	
3063	1.333378e-07	1.765455e+00	
3064	1.333878e-07	1.829818e+00	
3065	1.334378e-07	1.774286e+00	
3066	1.334878e-07	1.821506e+00	
3067	1.335378e-07	1.805784e+00	
3068	1.335878e-07	1.642848e+00	
3069	1.336378e-07	1.340095e-01	
3070	1.336682e-07	-5.88534e-02	

Index   time            v(clk)          
--------------------------------------------------------------------------------
3071	1.337009e-07	5.609326e-02	
3072	1.337399e-07	-4.00565e-02	
3073	1.337783e-07	3.261889e-02	
3074	1.338283e-07	-2.70996e-02	
3075	1.338783e-07	2.375985e-02	
3076	1.339283e-07	-2.29749e-02	
3077	1.339783e-07	9.162807e-03	
3078	1.340283e-07	1.787313e-01	
3079	1.340783e-07	1.516858e+00	
3080	1.341219e-07	1.872318e+00	
3081	1.341673e-07	1.749023e+00	
3082	1.342173e-07	1.836987e+00	
3083	1.342673e-07	1.771075e+00	
3084	1.343173e-07	1.828651e+00	
3085	1.343673e-07	1.831501e+00	
3086	1.344173e-07	5.881943e-01	
3087	1.344518e-07	-1.90285e-02	
3088	1.344873e-07	2.956062e-02	
3089	1.345249e-07	-1.48509e-02	
3090	1.345630e-07	1.334167e-02	
3091	1.346130e-07	-1.10585e-02	
3092	1.346630e-07	9.882600e-03	
3093	1.347130e-07	-8.16528e-03	
3094	1.347630e-07	2.409383e-03	
3095	1.348130e-07	-1.51385e-02	
3096	1.348630e-07	8.524044e-01	
3097	1.349040e-07	1.685365e+00	
3098	1.349393e-07	1.812432e+00	
3099	1.349742e-07	1.790421e+00	
3100	1.350242e-07	1.806445e+00	
3101	1.350730e-07	1.794501e+00	
3102	1.351230e-07	1.805041e+00	
3103	1.351730e-07	1.831397e+00	
3104	1.352230e-07	1.194059e+00	
3105	1.352670e-07	6.808113e-02	
3106	1.352960e-07	-2.45981e-02	
3107	1.353293e-07	2.971700e-02	
3108	1.353748e-07	-2.10233e-02	
3109	1.354157e-07	1.724877e-02	
3110	1.354657e-07	-1.41998e-02	
3111	1.355157e-07	1.277207e-02	
3112	1.355657e-07	-1.38726e-02	
3113	1.356157e-07	3.983628e-04	
3114	1.356657e-07	2.952381e-01	
3115	1.357157e-07	1.561860e+00	
3116	1.357513e-07	1.842074e+00	
3117	1.357920e-07	1.768901e+00	
3118	1.358271e-07	1.818992e+00	
3119	1.358621e-07	1.787208e+00	
3120	1.359121e-07	1.808960e+00	
3121	1.359621e-07	1.804389e+00	
3122	1.360121e-07	1.852710e+00	
3123	1.360539e-07	5.903700e-01	
3124	1.360832e-07	-2.56671e-02	
3125	1.361109e-07	3.516290e-02	
3126	1.361392e-07	-1.46764e-02	
3127	1.361662e-07	1.577711e-02	
3128	1.362162e-07	-1.21806e-02	

Index   time            v(clk)          
--------------------------------------------------------------------------------
3129	1.362662e-07	1.054832e-02	
3130	1.363162e-07	-8.28474e-03	
3131	1.363662e-07	5.482423e-03	
3132	1.364162e-07	-1.61572e-02	
3133	1.364662e-07	1.036256e-01	
3134	1.365162e-07	1.426574e+00	
3135	1.365493e-07	1.829873e+00	
3136	1.365784e-07	1.772138e+00	
3137	1.366083e-07	1.813054e+00	
3138	1.366357e-07	1.793022e+00	
3139	1.366857e-07	1.804113e+00	
3140	1.367316e-07	1.796796e+00	
3141	1.367816e-07	1.827558e+00	
3142	1.368316e-07	1.647628e+00	
3143	1.368816e-07	1.430093e-01	
3144	1.369097e-07	-5.96150e-02	
3145	1.369445e-07	5.795020e-02	
3146	1.369743e-07	-3.80412e-02	
3147	1.370074e-07	3.083991e-02	
3148	1.370526e-07	-2.54519e-02	
3149	1.370985e-07	2.230107e-02	
3150	1.371485e-07	-1.94039e-02	
3151	1.371985e-07	1.165085e-02	
3152	1.372485e-07	-2.16769e-02	
3153	1.372985e-07	1.035154e+00	
3154	1.373485e-07	1.788180e+00	
3155	1.373916e-07	1.784417e+00	
3156	1.374333e-07	1.814426e+00	
3157	1.374793e-07	1.787149e+00	
3158	1.375293e-07	1.810157e+00	
3159	1.375793e-07	1.804956e+00	
3160	1.376293e-07	1.840286e+00	
3161	1.376643e-07	7.723448e-01	
3162	1.376939e-07	-2.65516e-03	
3163	1.377266e-07	2.067193e-02	
3164	1.377571e-07	-5.31643e-03	
3165	1.377897e-07	8.598694e-03	
3166	1.378397e-07	-7.02381e-03	
3167	1.378897e-07	6.591678e-03	
3168	1.379397e-07	-5.26556e-03	
3169	1.379897e-07	1.743325e-03	
3170	1.380397e-07	-1.50580e-02	
3171	1.380897e-07	4.108585e-01	
3172	1.381397e-07	1.600315e+00	
3173	1.381750e-07	1.824307e+00	
3174	1.382145e-07	1.783757e+00	
3175	1.382560e-07	1.807722e+00	
3176	1.382959e-07	1.796729e+00	
3177	1.383459e-07	1.800034e+00	
3178	1.383959e-07	1.823081e+00	
3179	1.384459e-07	1.681921e+00	
3180	1.384959e-07	1.385674e-01	
3181	1.385277e-07	-5.77074e-02	
3182	1.385631e-07	5.553200e-02	
3183	1.386115e-07	-4.17476e-02	
3184	1.386561e-07	3.420296e-02	
3185	1.387061e-07	-2.75407e-02	
3186	1.387561e-07	2.357548e-02	

Index   time            v(clk)          
--------------------------------------------------------------------------------
3187	1.388061e-07	-2.33052e-02	
3188	1.388561e-07	9.813866e-03	
3189	1.389061e-07	4.145097e-01	
3190	1.389561e-07	1.644553e+00	
3191	1.389894e-07	1.813224e+00	
3192	1.390268e-07	1.790998e+00	
3193	1.390685e-07	1.803043e+00	
3194	1.391085e-07	1.799762e+00	
3195	1.391585e-07	1.797768e+00	
3196	1.392085e-07	1.823030e+00	
3197	1.392585e-07	1.730076e+00	
3198	1.393085e-07	1.599058e-01	
3199	1.393385e-07	-6.28380e-02	
3200	1.393727e-07	5.980070e-02	
3201	1.394113e-07	-4.19164e-02	
3202	1.394470e-07	3.359608e-02	
3203	1.394970e-07	-2.75531e-02	
3204	1.395470e-07	2.407051e-02	
3205	1.395970e-07	-2.17258e-02	
3206	1.396470e-07	1.036965e-02	
3207	1.396970e-07	1.259642e-02	
3208	1.397470e-07	1.404959e+00	
3209	1.397766e-07	1.803205e+00	
3210	1.398043e-07	1.777153e+00	
3211	1.398327e-07	1.809469e+00	
3212	1.398607e-07	1.793535e+00	
3213	1.399034e-07	1.804600e+00	
3214	1.399483e-07	1.795641e+00	
3215	1.399980e-07	1.806634e+00	
3216	1.400480e-07	1.839007e+00	
3217	1.400913e-07	1.158970e+00	
3218	1.401364e-07	4.043229e-02	
3219	1.401686e-07	-1.04766e-02	
3220	1.402003e-07	1.748534e-02	
3221	1.402459e-07	-1.14375e-02	
3222	1.402915e-07	9.416946e-03	
3223	1.403415e-07	-7.32939e-03	
3224	1.403915e-07	6.522828e-03	
3225	1.404415e-07	-9.53678e-03	
3226	1.404915e-07	-3.55409e-03	
3227	1.405415e-07	6.128900e-01	
3228	1.405915e-07	1.684090e+00	
3229	1.406284e-07	1.811359e+00	
3230	1.406682e-07	1.794780e+00	
3231	1.407125e-07	1.800512e+00	
3232	1.407559e-07	1.801040e+00	
3233	1.408059e-07	1.799369e+00	
3234	1.408559e-07	1.840495e+00	
3235	1.409008e-07	1.265264e+00	
3236	1.409508e-07	5.080022e-02	
3237	1.409908e-07	-2.05598e-02	
3238	1.410291e-07	2.362710e-02	
3239	1.410760e-07	-1.81673e-02	
3240	1.411260e-07	1.542239e-02	
3241	1.411760e-07	-1.21579e-02	
3242	1.412260e-07	8.842210e-03	
3243	1.412760e-07	-1.86214e-02	
3244	1.413260e-07	8.539513e-02	

Index   time            v(clk)          
--------------------------------------------------------------------------------
3245	1.413760e-07	1.360380e+00	
3246	1.414198e-07	1.877052e+00	
3247	1.414655e-07	1.741214e+00	
3248	1.415097e-07	1.842232e+00	
3249	1.415519e-07	1.768600e+00	
3250	1.416019e-07	1.824210e+00	
3251	1.416519e-07	1.799246e+00	
3252	1.417019e-07	1.759790e+00	
3253	1.417378e-07	3.685873e-01	
3254	1.417634e-07	-5.48882e-02	
3255	1.417921e-07	5.468302e-02	
3256	1.418164e-07	-2.62650e-02	
3257	1.418422e-07	2.322984e-02	
3258	1.418825e-07	-1.74787e-02	
3259	1.419246e-07	1.436769e-02	
3260	1.419746e-07	-1.13529e-02	
3261	1.420246e-07	9.087670e-03	
3262	1.420746e-07	-1.46344e-02	
3263	1.421246e-07	1.370669e-02	
3264	1.421746e-07	1.090325e+00	
3265	1.422081e-07	1.747217e+00	
3266	1.422348e-07	1.787342e+00	
3267	1.422628e-07	1.800576e+00	
3268	1.422966e-07	1.798793e+00	
3269	1.423466e-07	1.800363e+00	
3270	1.423939e-07	1.799250e+00	
3271	1.424439e-07	1.807318e+00	
3272	1.424939e-07	1.850008e+00	
3273	1.425309e-07	1.126902e+00	
3274	1.425738e-07	2.720973e-02	
3275	1.426106e-07	-2.40982e-03	
3276	1.426460e-07	9.807362e-03	
3277	1.426874e-07	-5.41640e-03	
3278	1.427374e-07	4.358572e-03	
3279	1.427874e-07	-2.76473e-03	
3280	1.428374e-07	2.238970e-03	
3281	1.428874e-07	-6.53883e-03	
3282	1.429374e-07	-4.46471e-03	
3283	1.429874e-07	7.839119e-01	
3284	1.430374e-07	1.742380e+00	
3285	1.430781e-07	1.794784e+00	
3286	1.431205e-07	1.809109e+00	
3287	1.431705e-07	1.789143e+00	
3288	1.432205e-07	1.809989e+00	
3289	1.432705e-07	1.804574e+00	
3290	1.433205e-07	1.837094e+00	
3291	1.433605e-07	5.203353e-01	
3292	1.433892e-07	-4.00600e-02	
3293	1.434212e-07	4.549404e-02	
3294	1.434513e-07	-2.36321e-02	
3295	1.434800e-07	2.105413e-02	
3296	1.435300e-07	-1.74373e-02	
3297	1.435800e-07	1.529901e-02	
3298	1.436300e-07	-1.24445e-02	
3299	1.436800e-07	7.723532e-03	
3300	1.437300e-07	-2.07241e-02	
3301	1.437800e-07	4.472627e-01	
3302	1.438300e-07	1.606495e+00	

Index   time            v(clk)          
--------------------------------------------------------------------------------
3303	1.438665e-07	1.824592e+00	
3304	1.439069e-07	1.784720e+00	
3305	1.439515e-07	1.807061e+00	
3306	1.439950e-07	1.797131e+00	
3307	1.440450e-07	1.800414e+00	
3308	1.440950e-07	1.830758e+00	
3309	1.441450e-07	1.335869e+00	
3310	1.441950e-07	6.368787e-02	
3311	1.442308e-07	-2.59049e-02	
3312	1.442693e-07	2.878225e-02	
3313	1.443158e-07	-2.14788e-02	
3314	1.443658e-07	1.799304e-02	
3315	1.444158e-07	-1.40190e-02	
3316	1.444658e-07	1.059188e-02	
3317	1.445158e-07	-1.88158e-02	
3318	1.445658e-07	5.841691e-02	
3319	1.446158e-07	1.286452e+00	
3320	1.446658e-07	1.886268e+00	
3321	1.447110e-07	1.735683e+00	
3322	1.447548e-07	1.846068e+00	
3323	1.447973e-07	1.765564e+00	
3324	1.448473e-07	1.826738e+00	
3325	1.448973e-07	1.797370e+00	
3326	1.449473e-07	1.758308e+00	
3327	1.449860e-07	2.867324e-01	
3328	1.450125e-07	-6.79027e-02	
3329	1.450419e-07	6.408540e-02	
3330	1.450713e-07	-3.74971e-02	
3331	1.450992e-07	3.059382e-02	
3332	1.451407e-07	-2.45812e-02	
3333	1.451839e-07	2.085823e-02	
3334	1.452339e-07	-1.71483e-02	
3335	1.452839e-07	1.297052e-02	
3336	1.453339e-07	-2.31867e-02	
3337	1.453839e-07	1.225202e-01	
3338	1.454339e-07	1.430711e+00	
3339	1.454689e-07	1.834729e+00	
3340	1.455042e-07	1.771605e+00	
3341	1.455342e-07	1.813239e+00	
3342	1.455638e-07	1.793838e+00	
3343	1.456081e-07	1.802436e+00	
3344	1.456543e-07	1.799123e+00	
3345	1.457043e-07	1.832303e+00	
3346	1.457543e-07	1.366837e+00	
3347	1.458043e-07	8.567775e-02	
3348	1.458340e-07	-3.77417e-02	
3349	1.458690e-07	3.947756e-02	
3350	1.459114e-07	-2.90829e-02	
3351	1.459521e-07	2.415498e-02	
3352	1.460021e-07	-2.00102e-02	
3353	1.460521e-07	1.767554e-02	
3354	1.461021e-07	-1.87371e-02	
3355	1.461521e-07	4.664285e-03	
3356	1.462021e-07	4.209351e-01	
3357	1.462521e-07	1.615415e+00	
3358	1.462865e-07	1.828544e+00	
3359	1.463256e-07	1.779238e+00	
3360	1.463597e-07	1.811402e+00	

Index   time            v(clk)          
--------------------------------------------------------------------------------
3361	1.463976e-07	1.792409e+00	
3362	1.464476e-07	1.804676e+00	
3363	1.464976e-07	1.813582e+00	
3364	1.465476e-07	1.800849e+00	
3365	1.465849e-07	4.959372e-01	
3366	1.466122e-07	-4.46666e-02	
3367	1.466424e-07	4.898923e-02	
3368	1.466707e-07	-2.54292e-02	
3369	1.466971e-07	2.307807e-02	
3370	1.467471e-07	-1.90509e-02	
3371	1.467971e-07	1.675854e-02	
3372	1.468471e-07	-1.38861e-02	
3373	1.468971e-07	9.857240e-03	
3374	1.469471e-07	-2.18404e-02	
3375	1.469971e-07	2.418869e-01	
3376	1.470471e-07	1.506510e+00	
3377	1.470815e-07	1.837605e+00	
3378	1.471164e-07	1.771501e+00	
3379	1.471465e-07	1.814447e+00	
3380	1.471780e-07	1.791842e+00	
3381	1.472280e-07	1.804755e+00	
3382	1.472747e-07	1.798900e+00	
3383	1.473247e-07	1.846211e+00	
3384	1.473747e-07	9.049888e-01	
3385	1.474069e-07	5.334513e-02	
3386	1.474335e-07	-1.21237e-02	
3387	1.474623e-07	2.167815e-02	
3388	1.474990e-07	-1.16849e-02	
3389	1.475454e-07	1.102244e-02	
3390	1.475954e-07	-9.62739e-03	
3391	1.476454e-07	9.338120e-03	
3392	1.476954e-07	-1.02447e-02	
3393	1.477454e-07	-1.25325e-03	
3394	1.477954e-07	7.676375e-02	
3395	1.478454e-07	1.430309e+00	
3396	1.478868e-07	1.861376e+00	
3397	1.479223e-07	1.758168e+00	
3398	1.479524e-07	1.822897e+00	
3399	1.479839e-07	1.785708e+00	
3400	1.480339e-07	1.810049e+00	
3401	1.480801e-07	1.793634e+00	
3402	1.481301e-07	1.846097e+00	
3403	1.481731e-07	1.349959e+00	
3404	1.482231e-07	6.370808e-02	
3405	1.482601e-07	-2.60131e-02	
3406	1.482979e-07	2.849450e-02	
3407	1.483438e-07	-2.12775e-02	
3408	1.483934e-07	1.776882e-02	
3409	1.484434e-07	-1.37799e-02	
3410	1.484934e-07	1.043915e-02	
3411	1.485434e-07	-1.83069e-02	
3412	1.485934e-07	5.056270e-02	
3413	1.486434e-07	1.265847e+00	
3414	1.486934e-07	1.878619e+00	
3415	1.487386e-07	1.740449e+00	
3416	1.487830e-07	1.842934e+00	
3417	1.488255e-07	1.767997e+00	
3418	1.488755e-07	1.824672e+00	

Index   time            v(clk)          
--------------------------------------------------------------------------------
3419	1.489255e-07	1.798504e+00	
3420	1.489628e-07	1.868308e+00	
3421	1.489946e-07	1.059283e+00	
3422	1.490000e-07	7.655691e-01	
3423	1.490034e-07	5.541841e-01	
3424	1.490102e-07	1.919957e-01	
3425	1.490214e-07	6.633900e-03	
3426	1.490330e-07	2.250093e-02	
3427	1.490481e-07	6.414326e-03	
3428	1.490641e-07	9.360535e-03	
3429	1.490961e-07	2.237803e-03	
3430	1.491316e-07	1.344587e-03	
3431	1.491802e-07	-9.03689e-04	
3432	1.492302e-07	1.310600e-03	
3433	1.492802e-07	-6.55163e-04	
3434	1.493302e-07	-2.67936e-03	
3435	1.493802e-07	-1.13048e-02	
3436	1.494302e-07	5.372191e-01	
3437	1.494802e-07	1.638351e+00	
3438	1.495170e-07	1.825495e+00	
3439	1.495558e-07	1.783657e+00	
3440	1.495921e-07	1.808200e+00	
3441	1.496318e-07	1.794914e+00	
3442	1.496818e-07	1.802666e+00	
3443	1.497318e-07	1.821968e+00	
3444	1.497818e-07	1.654063e+00	
3445	1.498318e-07	1.360512e-01	
3446	1.498633e-07	-5.88909e-02	
3447	1.498973e-07	5.616671e-02	
3448	1.499280e-07	-3.71000e-02	
3449	1.499617e-07	2.953584e-02	
3450	1.500000e-07	-2.31877e-02	
3451	1.500044e-07	-6.90421e-03	
3452	1.500131e-07	2.998945e-03	
3453	1.500305e-07	-8.92156e-04	
3454	1.500653e-07	1.162699e-03	
3455	1.501081e-07	-1.85929e-03	
3456	1.501581e-07	-6.22357e-03	
3457	1.502081e-07	1.502695e-02	
3458	1.502581e-07	1.238362e+00	
3459	1.502973e-07	1.820578e+00	
3460	1.503272e-07	1.768510e+00	
3461	1.503583e-07	1.818141e+00	
3462	1.503895e-07	1.786827e+00	
3463	1.504395e-07	1.810588e+00	
3464	1.504852e-07	1.790092e+00	
3465	1.505352e-07	1.824460e+00	
3466	1.505852e-07	1.808611e+00	
3467	1.506352e-07	2.264905e-01	
3468	1.506624e-07	-6.68581e-02	
3469	1.506946e-07	6.403653e-02	
3470	1.507205e-07	-3.71544e-02	
3471	1.507489e-07	3.006682e-02	
3472	1.507867e-07	-2.36818e-02	
3473	1.508249e-07	1.962617e-02	
3474	1.508749e-07	-1.59782e-02	
3475	1.509237e-07	1.266792e-02	
3476	1.509737e-07	-2.03699e-02	

Index   time            v(clk)          
--------------------------------------------------------------------------------
3477	1.510237e-07	4.666699e-02	
3478	1.510737e-07	1.265558e+00	
3479	1.511112e-07	1.835899e+00	
3480	1.511401e-07	1.761251e+00	
3481	1.511700e-07	1.822826e+00	
3482	1.511991e-07	1.783452e+00	
3483	1.512429e-07	1.813458e+00	
3484	1.512882e-07	1.787479e+00	
3485	1.513382e-07	1.818303e+00	
3486	1.513882e-07	1.842010e+00	
3487	1.514382e-07	4.823972e-01	
3488	1.514649e-07	-2.39421e-02	
3489	1.514930e-07	3.537770e-02	
3490	1.515215e-07	-1.48137e-02	
3491	1.515482e-07	1.551678e-02	
3492	1.515982e-07	-1.24602e-02	
3493	1.516482e-07	1.097166e-02	
3494	1.516982e-07	-8.79357e-03	
3495	1.517482e-07	6.103606e-03	
3496	1.517982e-07	-1.63514e-02	
3497	1.518482e-07	8.103690e-02	
3498	1.518982e-07	1.385255e+00	
3499	1.519311e-07	1.839413e+00	
3500	1.519595e-07	1.761926e+00	
3501	1.519888e-07	1.821955e+00	
3502	1.520162e-07	1.784440e+00	
3503	1.520592e-07	1.812644e+00	
3504	1.521037e-07	1.788061e+00	
3505	1.521537e-07	1.819127e+00	
3506	1.522037e-07	1.843847e+00	
3507	1.522537e-07	4.035971e-01	
3508	1.522800e-07	-3.87101e-02	
3509	1.523119e-07	4.560503e-02	
3510	1.523415e-07	-2.45899e-02	
3511	1.523691e-07	2.190082e-02	
3512	1.524191e-07	-1.81137e-02	
3513	1.524684e-07	1.608131e-02	
3514	1.525184e-07	-1.33128e-02	
3515	1.525684e-07	9.344902e-03	
3516	1.526184e-07	-2.14050e-02	
3517	1.526684e-07	2.382745e-01	
3518	1.527184e-07	1.491153e+00	
3519	1.527555e-07	1.855903e+00	
3520	1.527960e-07	1.757889e+00	
3521	1.528286e-07	1.826281e+00	
3522	1.528625e-07	1.781927e+00	
3523	1.529125e-07	1.813457e+00	
3524	1.529625e-07	1.796469e+00	
3525	1.530125e-07	1.865546e+00	
3526	1.530625e-07	4.361629e-01	
3527	1.530934e-07	-3.75023e-02	
3528	1.531254e-07	4.286842e-02	
3529	1.531538e-07	-2.14483e-02	
3530	1.531832e-07	1.862331e-02	
3531	1.532330e-07	-1.50880e-02	
3532	1.532778e-07	1.285700e-02	
3533	1.533278e-07	-1.01034e-02	
3534	1.533778e-07	6.299000e-03	

Index   time            v(clk)          
--------------------------------------------------------------------------------
3535	1.534278e-07	-1.84684e-02	
3536	1.534778e-07	2.550846e-01	
3537	1.535278e-07	1.508873e+00	
3538	1.535626e-07	1.835036e+00	
3539	1.535970e-07	1.774479e+00	
3540	1.536266e-07	1.811314e+00	
3541	1.536576e-07	1.794569e+00	
3542	1.537076e-07	1.802218e+00	
3543	1.537539e-07	1.800870e+00	
3544	1.538039e-07	1.843136e+00	
3545	1.538539e-07	9.224752e-01	
3546	1.538840e-07	6.248587e-02	
3547	1.539096e-07	-1.21920e-02	
3548	1.539377e-07	2.166104e-02	
3549	1.539732e-07	-1.00121e-02	
3550	1.540136e-07	9.525064e-03	
3551	1.540636e-07	-8.09613e-03	
3552	1.541136e-07	7.780159e-03	
3553	1.541636e-07	-7.62301e-03	
3554	1.542136e-07	-8.13492e-04	
3555	1.542636e-07	7.338603e-03	
3556	1.543136e-07	1.276215e+00	
3557	1.543479e-07	1.806632e+00	
3558	1.543761e-07	1.770995e+00	
3559	1.544052e-07	1.814953e+00	
3560	1.544353e-07	1.788487e+00	
3561	1.544791e-07	1.809337e+00	
3562	1.545248e-07	1.791065e+00	
3563	1.545748e-07	1.812803e+00	
3564	1.546248e-07	1.843703e+00	
3565	1.546748e-07	6.113533e-01	
3566	1.547023e-07	1.696816e-04	
3567	1.547289e-07	2.011983e-02	
3568	1.547567e-07	-2.47119e-03	
3569	1.547846e-07	7.390981e-03	
3570	1.548343e-07	-5.14759e-03	
3571	1.548843e-07	4.484597e-03	
3572	1.549343e-07	-3.08792e-03	
3573	1.549843e-07	1.361691e-03	
3574	1.550343e-07	-1.05773e-02	
3575	1.550843e-07	4.196343e-02	
3576	1.551343e-07	1.347057e+00	
3577	1.551675e-07	1.829161e+00	
3578	1.551960e-07	1.764651e+00	
3579	1.552247e-07	1.819525e+00	
3580	1.552529e-07	1.785886e+00	
3581	1.552952e-07	1.811453e+00	
3582	1.553397e-07	1.789233e+00	
3583	1.553897e-07	1.813820e+00	
3584	1.554397e-07	1.839918e+00	
3585	1.554897e-07	6.682742e-01	
3586	1.555174e-07	1.034098e-02	
3587	1.555437e-07	1.468138e-02	
3588	1.555713e-07	1.073247e-03	
3589	1.556005e-07	5.386641e-03	
3590	1.556491e-07	-3.19566e-03	
3591	1.556991e-07	2.799121e-03	
3592	1.557491e-07	-1.64528e-03	

Index   time            v(clk)          
--------------------------------------------------------------------------------
3593	1.557991e-07	2.726310e-04	
3594	1.558491e-07	-9.11773e-03	
3595	1.558991e-07	3.129939e-02	
3596	1.559491e-07	1.324684e+00	
3597	1.559814e-07	1.820315e+00	
3598	1.560121e-07	1.765014e+00	
3599	1.560411e-07	1.820739e+00	
3600	1.560704e-07	1.784274e+00	
3601	1.561137e-07	1.812947e+00	
3602	1.561588e-07	1.787833e+00	
3603	1.562088e-07	1.816193e+00	
3604	1.562588e-07	1.841594e+00	
3605	1.563088e-07	5.765929e-01	
3606	1.563359e-07	-6.92458e-03	
3607	1.563629e-07	2.493703e-02	
3608	1.563908e-07	-6.26299e-03	
3609	1.564185e-07	1.010990e-02	
3610	1.564685e-07	-7.86979e-03	
3611	1.565185e-07	7.010614e-03	
3612	1.565685e-07	-5.32410e-03	
3613	1.566185e-07	3.346360e-03	
3614	1.566685e-07	-1.25741e-02	
3615	1.567185e-07	4.627189e-02	
3616	1.567685e-07	1.348861e+00	
3617	1.568001e-07	1.826587e+00	
3618	1.568322e-07	1.763582e+00	
3619	1.568626e-07	1.822524e+00	
3620	1.568926e-07	1.783334e+00	
3621	1.569373e-07	1.813726e+00	
3622	1.569833e-07	1.787066e+00	
3623	1.570333e-07	1.821597e+00	
3624	1.570833e-07	1.842559e+00	
3625	1.571333e-07	3.255416e-01	
3626	1.571594e-07	-5.33308e-02	
3627	1.571909e-07	5.561374e-02	
3628	1.572175e-07	-3.05166e-02	
3629	1.572452e-07	2.623143e-02	
3630	1.572912e-07	-2.15991e-02	
3631	1.573341e-07	1.847020e-02	
3632	1.573841e-07	-1.52349e-02	
3633	1.574341e-07	1.182326e-02	
3634	1.574841e-07	-2.09898e-02	
3635	1.575341e-07	7.173793e-02	
3636	1.575841e-07	1.356439e+00	
3637	1.576168e-07	1.838706e+00	
3638	1.576507e-07	1.758794e+00	
3639	1.576833e-07	1.827083e+00	
3640	1.577156e-07	1.780081e+00	
3641	1.577656e-07	1.816205e+00	
3642	1.578153e-07	1.786128e+00	
3643	1.578653e-07	1.842960e+00	
3644	1.579153e-07	1.382202e+00	
3645	1.579653e-07	8.324756e-02	
3646	1.579953e-07	-3.68208e-02	
3647	1.580299e-07	3.898846e-02	
3648	1.580685e-07	-2.81391e-02	
3649	1.581092e-07	2.330993e-02	
3650	1.581592e-07	-1.93766e-02	

Index   time            v(clk)          
--------------------------------------------------------------------------------
3651	1.582092e-07	1.716537e-02	
3652	1.582592e-07	-1.79212e-02	
3653	1.583092e-07	3.809492e-03	
3654	1.583592e-07	3.539290e-01	
3655	1.584092e-07	1.604838e+00	
3656	1.584482e-07	1.827584e+00	
3657	1.584895e-07	1.784190e+00	
3658	1.585395e-07	1.807339e+00	
3659	1.585872e-07	1.796757e+00	
3660	1.586372e-07	1.803387e+00	
3661	1.586872e-07	1.841499e+00	
3662	1.587372e-07	8.607293e-01	
3663	1.587872e-07	-6.03154e-03	
3664	1.588230e-07	1.699203e-02	
3665	1.588609e-07	-6.35501e-03	
3666	1.589008e-07	6.323618e-03	
3667	1.589508e-07	-4.96134e-03	
3668	1.590008e-07	4.850788e-03	
3669	1.590508e-07	-4.93310e-03	
3670	1.591008e-07	-3.45367e-03	
3671	1.591508e-07	1.035349e-02	
3672	1.592008e-07	1.261866e+00	
3673	1.592416e-07	1.840488e+00	
3674	1.592810e-07	1.756278e+00	
3675	1.593279e-07	1.834233e+00	
3676	1.593712e-07	1.772712e+00	
3677	1.594212e-07	1.821734e+00	
3678	1.594712e-07	1.794150e+00	
3679	1.595212e-07	1.855675e+00	
3680	1.595649e-07	4.440633e-01	
3681	1.595936e-07	-4.36356e-02	
3682	1.596265e-07	4.766822e-02	
3683	1.596571e-07	-2.57626e-02	
3684	1.596851e-07	2.166269e-02	
3685	1.597351e-07	-1.77285e-02	
3686	1.597816e-07	1.529928e-02	
3687	1.598316e-07	-1.23558e-02	
3688	1.598816e-07	7.908114e-03	
3689	1.599316e-07	-2.12278e-02	
3690	1.599816e-07	4.130367e-01	
3691	1.600316e-07	1.584227e+00	
3692	1.600733e-07	1.834722e+00	
3693	1.601167e-07	1.779928e+00	
3694	1.601667e-07	1.809920e+00	
3695	1.602167e-07	1.794835e+00	
3696	1.602667e-07	1.807932e+00	
3697	1.603167e-07	1.845258e+00	
3698	1.603601e-07	9.065305e-01	
3699	1.604058e-07	-6.58609e-03	
3700	1.604437e-07	1.906246e-02	
3701	1.604796e-07	-7.93147e-03	
3702	1.605194e-07	8.261778e-03	
3703	1.605694e-07	-7.21349e-03	
3704	1.606194e-07	7.044084e-03	
3705	1.606694e-07	-6.56071e-03	
3706	1.607194e-07	-2.72949e-05	
3707	1.607694e-07	-7.04807e-03	
3708	1.608194e-07	1.055238e+00	

Index   time            v(clk)          
--------------------------------------------------------------------------------
3709	1.608694e-07	1.816129e+00	
3710	1.609194e-07	1.768613e+00	
3711	1.609694e-07	1.828769e+00	
3712	1.610194e-07	1.774505e+00	
3713	1.610694e-07	1.821964e+00	
3714	1.611194e-07	1.810603e+00	
3715	1.611694e-07	1.417793e+00	
3716	1.612194e-07	8.680274e-02	
3717	1.612483e-07	-3.60549e-02	
3718	1.612828e-07	3.840251e-02	
3719	1.613211e-07	-2.68976e-02	
3720	1.613611e-07	2.214879e-02	
3721	1.614111e-07	-1.82447e-02	
3722	1.614611e-07	1.616739e-02	
3723	1.615111e-07	-1.68621e-02	
3724	1.615611e-07	3.395888e-03	
3725	1.616111e-07	2.925361e-01	
3726	1.616611e-07	1.561947e+00	
3727	1.617111e-07	1.873814e+00	
3728	1.617578e-07	1.751600e+00	
3729	1.618078e-07	1.833312e+00	
3730	1.618578e-07	1.774726e+00	
3731	1.619078e-07	1.834394e+00	
3732	1.619578e-07	1.808738e+00	
3733	1.620078e-07	2.288485e-01	
3734	1.620352e-07	-6.49332e-02	
3735	1.620669e-07	6.199725e-02	
3736	1.620963e-07	-3.71550e-02	
3737	1.621235e-07	2.905464e-02	
3738	1.621638e-07	-2.26577e-02	
3739	1.622019e-07	1.842056e-02	
3740	1.622519e-07	-1.47235e-02	
3741	1.623019e-07	1.100799e-02	
3742	1.623519e-07	-2.01336e-02	
3743	1.624019e-07	8.132192e-02	
3744	1.624519e-07	1.362790e+00	
3745	1.625019e-07	1.893395e+00	
3746	1.625499e-07	1.732480e+00	
3747	1.625999e-07	1.849199e+00	
3748	1.626499e-07	1.762398e+00	
3749	1.626999e-07	1.831974e+00	
3750	1.627499e-07	1.816204e+00	
3751	1.627999e-07	8.927488e-01	
3752	1.628434e-07	8.353973e-03	
3753	1.628753e-07	9.833627e-03	
3754	1.629094e-07	1.247489e-03	
3755	1.629482e-07	1.513963e-03	
3756	1.629980e-07	-1.15892e-03	
3757	1.630480e-07	1.593992e-03	
3758	1.630980e-07	-1.16071e-03	
3759	1.631480e-07	-3.11179e-03	
3760	1.631980e-07	-9.65195e-03	
3761	1.632480e-07	6.837376e-01	
3762	1.632912e-07	1.648603e+00	
3763	1.633285e-07	1.826223e+00	
3764	1.633660e-07	1.781582e+00	
3765	1.634160e-07	1.812826e+00	
3766	1.634654e-07	1.789831e+00	

Index   time            v(clk)          
--------------------------------------------------------------------------------
3767	1.635154e-07	1.809524e+00	
3768	1.635654e-07	1.835158e+00	
3769	1.636154e-07	9.444404e-01	
3770	1.636504e-07	4.565285e-02	
3771	1.636780e-07	-7.59803e-03	
3772	1.637083e-07	1.726607e-02	
3773	1.637475e-07	-8.73052e-03	
3774	1.637940e-07	7.857156e-03	
3775	1.638440e-07	-6.51882e-03	
3776	1.638940e-07	6.434503e-03	
3777	1.639440e-07	-7.62066e-03	
3778	1.639940e-07	-3.70494e-03	
3779	1.640440e-07	8.300971e-02	
3780	1.640940e-07	1.445162e+00	
3781	1.641316e-07	1.857420e+00	
3782	1.641671e-07	1.757388e+00	
3783	1.642045e-07	1.827737e+00	
3784	1.642385e-07	1.781263e+00	
3785	1.642885e-07	1.813842e+00	
3786	1.643377e-07	1.793843e+00	
3787	1.643877e-07	1.858816e+00	
3788	1.644312e-07	9.474224e-01	
3789	1.644768e-07	5.787644e-03	
3790	1.645098e-07	1.051883e-02	
3791	1.645441e-07	2.251623e-04	
3792	1.645836e-07	2.078869e-03	
3793	1.646336e-07	-1.83249e-03	
3794	1.646836e-07	2.299396e-03	
3795	1.647336e-07	-1.98457e-03	
3796	1.647836e-07	-2.69619e-03	
3797	1.648336e-07	-1.03451e-02	
3798	1.648836e-07	8.152129e-01	
3799	1.649336e-07	1.743710e+00	
3800	1.649836e-07	1.799178e+00	
3801	1.650336e-07	1.808472e+00	
3802	1.650836e-07	1.788049e+00	
3803	1.651336e-07	1.812005e+00	
3804	1.651836e-07	1.814441e+00	
3805	1.652336e-07	1.595543e+00	
3806	1.652836e-07	1.230851e-01	
3807	1.653116e-07	-5.05680e-02	
3808	1.653461e-07	5.005404e-02	
3809	1.653775e-07	-3.25961e-02	
3810	1.654121e-07	2.673070e-02	
3811	1.654619e-07	-2.20173e-02	
3812	1.655117e-07	1.954158e-02	
3813	1.655617e-07	-1.83543e-02	
3814	1.656117e-07	6.939014e-03	
3815	1.656617e-07	2.991911e-02	
3816	1.657117e-07	1.409229e+00	
3817	1.657617e-07	1.885811e+00	
3818	1.658096e-07	1.738276e+00	
3819	1.658596e-07	1.844848e+00	
3820	1.659096e-07	1.765655e+00	
3821	1.659596e-07	1.829195e+00	
3822	1.660096e-07	1.818895e+00	
3823	1.660596e-07	9.079246e-01	
3824	1.661096e-07	1.258781e-03	

Index   time            v(clk)          
--------------------------------------------------------------------------------
3825	1.661448e-07	1.271456e-02	
3826	1.661819e-07	-2.78851e-03	
3827	1.662230e-07	3.484386e-03	
3828	1.662730e-07	-2.79628e-03	
3829	1.663230e-07	3.010818e-03	
3830	1.663730e-07	-3.47831e-03	
3831	1.664230e-07	-5.48292e-03	
3832	1.664730e-07	2.257670e-02	
3833	1.665230e-07	1.287231e+00	
3834	1.665542e-07	1.789880e+00	
3835	1.665802e-07	1.779331e+00	
3836	1.666076e-07	1.806356e+00	
3837	1.666356e-07	1.795084e+00	
3838	1.666801e-07	1.803430e+00	
3839	1.667266e-07	1.796587e+00	
3840	1.667762e-07	1.805255e+00	
3841	1.668262e-07	1.835551e+00	
3842	1.668762e-07	9.330426e-01	
3843	1.669250e-07	4.227123e-03	
3844	1.669589e-07	1.116126e-02	
3845	1.669957e-07	-1.51309e-03	
3846	1.670369e-07	3.215873e-03	
3847	1.670869e-07	-2.96449e-03	
3848	1.671369e-07	3.528371e-03	
3849	1.671869e-07	-3.96121e-03	
3850	1.672369e-07	-3.38961e-03	
3851	1.672869e-07	4.898573e-03	
3852	1.673369e-07	1.196180e+00	
3853	1.673869e-07	1.847412e+00	
3854	1.674356e-07	1.756140e+00	
3855	1.674851e-07	1.834470e+00	
3856	1.675351e-07	1.772425e+00	
3857	1.675851e-07	1.822205e+00	
3858	1.676351e-07	1.811820e+00	
3859	1.676851e-07	1.376503e+00	
3860	1.677351e-07	7.704915e-02	
3861	1.677645e-07	-3.12687e-02	
3862	1.677990e-07	3.447311e-02	
3863	1.678384e-07	-2.41988e-02	
3864	1.678798e-07	2.002528e-02	
3865	1.679298e-07	-1.63968e-02	
3866	1.679798e-07	1.451983e-02	
3867	1.680298e-07	-1.57369e-02	
3868	1.680798e-07	2.261796e-03	
3869	1.681298e-07	3.871664e-01	
3870	1.681798e-07	1.601071e+00	
3871	1.682195e-07	1.845776e+00	
3872	1.682604e-07	1.769488e+00	
3873	1.683104e-07	1.821213e+00	
3874	1.683576e-07	1.783945e+00	
3875	1.684076e-07	1.816019e+00	
3876	1.684576e-07	1.838282e+00	
3877	1.685076e-07	7.121595e-01	
3878	1.685362e-07	1.978843e-02	
3879	1.685625e-07	8.309942e-03	
3880	1.685902e-07	6.261360e-03	
3881	1.686203e-07	1.066739e-03	
3882	1.686680e-07	8.262459e-04	

Index   time            v(clk)          
--------------------------------------------------------------------------------
3883	1.687180e-07	-9.19071e-04	
3884	1.687680e-07	1.756594e-03	
3885	1.688180e-07	-2.68099e-03	
3886	1.688680e-07	-5.91193e-03	
3887	1.689180e-07	2.132470e-02	
3888	1.689680e-07	1.304380e+00	
3889	1.690116e-07	1.854591e+00	
3890	1.690542e-07	1.753394e+00	
3891	1.690956e-07	1.833360e+00	
3892	1.691372e-07	1.775220e+00	
3893	1.691872e-07	1.818661e+00	
3894	1.692372e-07	1.796281e+00	
3895	1.692872e-07	1.860030e+00	
3896	1.693270e-07	6.713341e-01	
3897	1.693604e-07	-2.34031e-02	
3898	1.693901e-07	3.280119e-02	
3899	1.694204e-07	-1.37988e-02	
3900	1.694501e-07	1.427819e-02	
3901	1.695001e-07	-1.16791e-02	
3902	1.695501e-07	1.044089e-02	
3903	1.696001e-07	-8.30434e-03	
3904	1.696501e-07	4.512347e-03	
3905	1.697001e-07	-1.78040e-02	
3906	1.697501e-07	3.722398e-01	
3907	1.698001e-07	1.573473e+00	
3908	1.698408e-07	1.837300e+00	
3909	1.698829e-07	1.777306e+00	
3910	1.699329e-07	1.812553e+00	
3911	1.699815e-07	1.792663e+00	
3912	1.700315e-07	1.807070e+00	
3913	1.700815e-07	1.838416e+00	
3914	1.701315e-07	8.203096e-01	
3915	1.701815e-07	-1.70827e-02	
3916	1.702305e-07	2.626950e-02	
3917	1.702760e-07	-1.81373e-02	
3918	1.703248e-07	1.568067e-02	
3919	1.703748e-07	-1.31506e-02	
3920	1.704248e-07	1.203100e-02	
3921	1.704748e-07	-1.41191e-02	
3922	1.705248e-07	6.558480e-04	
3923	1.705748e-07	4.659586e-01	
3924	1.706248e-07	1.621109e+00	
3925	1.706688e-07	1.848934e+00	
3926	1.707130e-07	1.768450e+00	
3927	1.707630e-07	1.821595e+00	
3928	1.708130e-07	1.783288e+00	
3929	1.708630e-07	1.822082e+00	
3930	1.709130e-07	1.845459e+00	
3931	1.709630e-07	3.506037e-01	
3932	1.709892e-07	-4.28071e-02	
3933	1.710210e-07	4.757204e-02	
3934	1.710475e-07	-2.36709e-02	
3935	1.710750e-07	2.049656e-02	
3936	1.711206e-07	-1.61913e-02	
3937	1.711620e-07	1.336939e-02	
3938	1.712120e-07	-1.04530e-02	
3939	1.712620e-07	7.665131e-03	
3940	1.713120e-07	-1.58587e-02	

Index   time            v(clk)          
--------------------------------------------------------------------------------
3941	1.713620e-07	4.441321e-02	
3942	1.714120e-07	1.300558e+00	
3943	1.714620e-07	1.880785e+00	
3944	1.715092e-07	1.739460e+00	
3945	1.715585e-07	1.844512e+00	
3946	1.716061e-07	1.766305e+00	
3947	1.716561e-07	1.826465e+00	
3948	1.717061e-07	1.807818e+00	
3949	1.717561e-07	1.387653e+00	
3950	1.718061e-07	7.729942e-02	
3951	1.718354e-07	-3.11297e-02	
3952	1.718700e-07	3.396960e-02	
3953	1.719086e-07	-2.32722e-02	
3954	1.719493e-07	1.926874e-02	
3955	1.719993e-07	-1.55941e-02	
3956	1.720493e-07	1.380503e-02	
3957	1.720993e-07	-1.47290e-02	
3958	1.721493e-07	1.280111e-03	
3959	1.721993e-07	2.973594e-01	
3960	1.722493e-07	1.563817e+00	
3961	1.722915e-07	1.858822e+00	
3962	1.723350e-07	1.760003e+00	
3963	1.723850e-07	1.828280e+00	
3964	1.724335e-07	1.778386e+00	
3965	1.724835e-07	1.822361e+00	
3966	1.725335e-07	1.837865e+00	
3967	1.725835e-07	5.716945e-01	
3968	1.726111e-07	-6.87530e-03	
3969	1.726382e-07	2.395466e-02	
3970	1.726663e-07	-5.39097e-03	
3971	1.726939e-07	8.973912e-03	
3972	1.727438e-07	-6.47446e-03	
3973	1.727934e-07	5.494307e-03	
3974	1.728434e-07	-3.84060e-03	
3975	1.728934e-07	1.954634e-03	
3976	1.729434e-07	-1.09854e-02	
3977	1.729934e-07	4.114311e-02	
3978	1.730434e-07	1.335733e+00	
3979	1.730854e-07	1.862146e+00	
3980	1.731260e-07	1.750133e+00	
3981	1.731679e-07	1.835524e+00	
3982	1.732091e-07	1.773671e+00	
3983	1.732591e-07	1.820059e+00	
3984	1.733091e-07	1.794847e+00	
3985	1.733591e-07	1.861600e+00	
3986	1.734007e-07	5.921977e-01	
3987	1.734357e-07	-3.66785e-02	
3988	1.734711e-07	4.215550e-02	
3989	1.735035e-07	-2.33056e-02	
3990	1.735350e-07	2.017860e-02	
3991	1.735850e-07	-1.67587e-02	
3992	1.736350e-07	1.484146e-02	
3993	1.736850e-07	-1.22819e-02	
3994	1.737350e-07	6.943334e-03	
3995	1.737850e-07	-2.10917e-02	
3996	1.738350e-07	6.908133e-01	
3997	1.738850e-07	1.690450e+00	
3998	1.739350e-07	1.817834e+00	

Index   time            v(clk)          
--------------------------------------------------------------------------------
3999	1.739850e-07	1.795117e+00	
4000	1.740350e-07	1.797160e+00	
4001	1.740850e-07	1.805302e+00	
4002	1.741350e-07	1.816743e+00	
4003	1.741850e-07	1.693781e+00	
4004	1.742350e-07	1.546312e-01	
4005	1.742628e-07	-6.11213e-02	
4006	1.742976e-07	5.915851e-02	
4007	1.743267e-07	-3.78528e-02	
4008	1.743594e-07	3.053409e-02	
4009	1.744041e-07	-2.49983e-02	
4010	1.744499e-07	2.176952e-02	
4011	1.744999e-07	-1.87105e-02	
4012	1.745499e-07	1.116279e-02	
4013	1.745999e-07	-2.23902e-02	
4014	1.746499e-07	1.012547e+00	
4015	1.746999e-07	1.789989e+00	
4016	1.747499e-07	1.781423e+00	
4017	1.747999e-07	1.819799e+00	
4018	1.748499e-07	1.780995e+00	
4019	1.748999e-07	1.816853e+00	
4020	1.749499e-07	1.812449e+00	
4021	1.749999e-07	1.532910e+00	
4022	1.750499e-07	1.100823e-01	
4023	1.750781e-07	-4.66149e-02	
4024	1.751124e-07	4.685746e-02	
4025	1.751477e-07	-3.20203e-02	
4026	1.751839e-07	2.633883e-02	
4027	1.752339e-07	-2.20321e-02	
4028	1.752839e-07	1.966462e-02	
4029	1.753339e-07	-1.90525e-02	
4030	1.753839e-07	6.431838e-03	
4031	1.754339e-07	9.179169e-02	
4032	1.754839e-07	1.468983e+00	
4033	1.755339e-07	1.888803e+00	
4034	1.755799e-07	1.739324e+00	
4035	1.756299e-07	1.843133e+00	
4036	1.756799e-07	1.766975e+00	
4037	1.757299e-07	1.833031e+00	
4038	1.757799e-07	1.831522e+00	
4039	1.758299e-07	4.893258e-01	
4040	1.758627e-07	-3.47796e-02	
4041	1.758962e-07	4.116871e-02	
4042	1.759302e-07	-2.28668e-02	
4043	1.759616e-07	1.922385e-02	
4044	1.760116e-07	-1.58166e-02	
4045	1.760616e-07	1.388401e-02	
4046	1.761116e-07	-1.12338e-02	
4047	1.761616e-07	6.261917e-03	
4048	1.762116e-07	-1.98018e-02	
4049	1.762616e-07	5.597362e-01	
4050	1.763116e-07	1.620741e+00	
4051	1.763563e-07	1.849746e+00	
4052	1.764013e-07	1.767976e+00	
4053	1.764513e-07	1.821777e+00	
4054	1.765013e-07	1.783207e+00	
4055	1.765513e-07	1.826275e+00	
4056	1.766013e-07	1.826897e+00	

Index   time            v(clk)          
--------------------------------------------------------------------------------
4057	1.766513e-07	2.476623e-01	
4058	1.766780e-07	-6.31525e-02	
4059	1.767099e-07	6.130251e-02	
4060	1.767359e-07	-3.44723e-02	
4061	1.767640e-07	2.829601e-02	
4062	1.768035e-07	-2.22858e-02	
4063	1.768427e-07	1.835582e-02	
4064	1.768927e-07	-1.47824e-02	
4065	1.769420e-07	1.142090e-02	
4066	1.769920e-07	-1.93343e-02	
4067	1.770420e-07	4.864351e-02	
4068	1.770920e-07	1.294916e+00	
4069	1.771341e-07	1.861433e+00	
4070	1.771751e-07	1.748941e+00	
4071	1.772168e-07	1.836968e+00	
4072	1.772590e-07	1.772059e+00	
4073	1.773090e-07	1.821548e+00	
4074	1.773590e-07	1.793660e+00	
4075	1.774090e-07	1.861787e+00	
4076	1.774527e-07	4.849086e-01	
4077	1.774867e-07	-4.82079e-02	
4078	1.775210e-07	5.053277e-02	
4079	1.775507e-07	-2.86493e-02	
4080	1.775815e-07	2.405020e-02	
4081	1.776315e-07	-1.99043e-02	
4082	1.776773e-07	1.719183e-02	
4083	1.777273e-07	-1.40455e-02	
4084	1.777773e-07	9.082626e-03	
4085	1.778273e-07	-2.28223e-02	
4086	1.778773e-07	5.163493e-01	
4087	1.779273e-07	1.623114e+00	
4088	1.779773e-07	1.838587e+00	
4089	1.780243e-07	1.780233e+00	
4090	1.780743e-07	1.808173e+00	
4091	1.781243e-07	1.796700e+00	
4092	1.781743e-07	1.818044e+00	
4093	1.782243e-07	1.794251e+00	
4094	1.782743e-07	2.150753e-01	
4095	1.783038e-07	-7.18987e-02	
4096	1.783378e-07	6.764022e-02	
4097	1.783650e-07	-4.17889e-02	
4098	1.783955e-07	3.369530e-02	
4099	1.784349e-07	-2.67815e-02	
4100	1.784753e-07	2.269047e-02	
4101	1.785253e-07	-1.86820e-02	
4102	1.785753e-07	1.380465e-02	
4103	1.786253e-07	-2.60382e-02	
4104	1.786753e-07	3.016736e-01	
4105	1.787253e-07	1.521120e+00	
4106	1.787648e-07	1.843190e+00	
4107	1.788059e-07	1.770890e+00	
4108	1.788489e-07	1.816914e+00	
4109	1.788904e-07	1.789814e+00	
4110	1.789404e-07	1.805619e+00	
4111	1.789904e-07	1.818423e+00	
4112	1.790404e-07	1.656352e+00	
4113	1.790904e-07	1.268943e-01	
4114	1.791233e-07	-5.55078e-02	

Index   time            v(clk)          
--------------------------------------------------------------------------------
4115	1.791596e-07	5.348432e-02	
4116	1.792080e-07	-4.06588e-02	
4117	1.792527e-07	3.323641e-02	
4118	1.793027e-07	-2.67301e-02	
4119	1.793527e-07	2.262688e-02	
4120	1.794027e-07	-2.32990e-02	
4121	1.794527e-07	1.057600e-02	
4122	1.795027e-07	6.159926e-01	
4123	1.795527e-07	1.707540e+00	
4124	1.796027e-07	1.814804e+00	
4125	1.796527e-07	1.796411e+00	
4126	1.797027e-07	1.797367e+00	
4127	1.797527e-07	1.804368e+00	
4128	1.798027e-07	1.818972e+00	
4129	1.798527e-07	1.670138e+00	
4130	1.799027e-07	1.453411e-01	
4131	1.799306e-07	-5.86416e-02	
4132	1.799652e-07	5.688298e-02	
4133	1.799949e-07	-3.63597e-02	
4134	1.800280e-07	2.940247e-02	
4135	1.800737e-07	-2.41509e-02	
4136	1.801201e-07	2.106954e-02	
4137	1.801701e-07	-1.83950e-02	
4138	1.802201e-07	9.937238e-03	
4139	1.802701e-07	-1.62123e-02	
4140	1.803201e-07	1.153001e+00	
4141	1.803648e-07	1.810420e+00	
4142	1.804115e-07	1.772401e+00	
4143	1.804615e-07	1.824276e+00	
4144	1.805115e-07	1.778970e+00	
4145	1.805615e-07	1.817322e+00	
4146	1.806115e-07	1.809923e+00	
4147	1.806615e-07	1.638347e+00	
4148	1.807115e-07	1.321854e-01	
4149	1.807392e-07	-5.46572e-02	
4150	1.807734e-07	5.362596e-02	
4151	1.808046e-07	-3.52402e-02	
4152	1.808387e-07	2.848254e-02	
4153	1.808885e-07	-2.37252e-02	
4154	1.809385e-07	2.095218e-02	
4155	1.809885e-07	-1.92239e-02	
4156	1.810385e-07	8.295385e-03	
4157	1.810885e-07	1.373499e-02	
4158	1.811385e-07	1.371307e+00	
4159	1.811794e-07	1.857376e+00	
4160	1.812231e-07	1.751643e+00	
4161	1.812723e-07	1.836791e+00	
4162	1.813214e-07	1.770970e+00	
4163	1.813714e-07	1.822969e+00	
4164	1.814214e-07	1.806536e+00	
4165	1.814714e-07	1.592021e+00	
4166	1.815214e-07	1.201351e-01	
4167	1.815492e-07	-5.07194e-02	
4168	1.815832e-07	5.007217e-02	
4169	1.816202e-07	-3.47898e-02	
4170	1.816547e-07	2.809828e-02	
4171	1.817047e-07	-2.35625e-02	
4172	1.817547e-07	2.094707e-02	

Index   time            v(clk)          
--------------------------------------------------------------------------------
4173	1.818047e-07	-1.97720e-02	
4174	1.818547e-07	7.755929e-03	
4175	1.819047e-07	4.279369e-02	
4176	1.819547e-07	1.422964e+00	
4177	1.819955e-07	1.867239e+00	
4178	1.820391e-07	1.747651e+00	
4179	1.820891e-07	1.839451e+00	
4180	1.821389e-07	1.768914e+00	
4181	1.821889e-07	1.825326e+00	
4182	1.822389e-07	1.810752e+00	
4183	1.822889e-07	1.302547e+00	
4184	1.823389e-07	6.594589e-02	
4185	1.823721e-07	-2.78686e-02	
4186	1.824056e-07	3.082613e-02	
4187	1.824556e-07	-2.36249e-02	
4188	1.825024e-07	1.978426e-02	
4189	1.825524e-07	-1.60191e-02	
4190	1.826024e-07	1.320720e-02	
4191	1.826524e-07	-1.89310e-02	
4192	1.827024e-07	2.292326e-02	
4193	1.827524e-07	1.096503e+00	
4194	1.827865e-07	1.759864e+00	
4195	1.828143e-07	1.785320e+00	
4196	1.828421e-07	1.803598e+00	
4197	1.828754e-07	1.796533e+00	
4198	1.829254e-07	1.802295e+00	
4199	1.829714e-07	1.797460e+00	
4200	1.830214e-07	1.811058e+00	
4201	1.830714e-07	1.847617e+00	
4202	1.831214e-07	4.150202e-01	
4203	1.831519e-07	-4.91963e-02	
4204	1.831874e-07	5.284410e-02	
4205	1.832203e-07	-3.27994e-02	
4206	1.832503e-07	2.720206e-02	
4207	1.833003e-07	-2.31809e-02	
4208	1.833503e-07	2.065329e-02	
4209	1.834003e-07	-1.75148e-02	
4210	1.834503e-07	1.213660e-02	
4211	1.835003e-07	-2.62666e-02	
4212	1.835503e-07	6.111044e-01	
4213	1.836003e-07	1.649929e+00	
4214	1.836503e-07	1.835649e+00	
4215	1.836953e-07	1.781976e+00	
4216	1.837453e-07	1.808535e+00	
4217	1.837953e-07	1.795361e+00	
4218	1.838453e-07	1.820093e+00	
4219	1.838953e-07	1.791513e+00	
4220	1.839453e-07	2.114239e-01	
4221	1.839743e-07	-7.35463e-02	
4222	1.840082e-07	6.945377e-02	
4223	1.840404e-07	-4.63180e-02	
4224	1.840701e-07	3.653164e-02	
4225	1.841156e-07	-3.03964e-02	
4226	1.841639e-07	2.662079e-02	
4227	1.842139e-07	-2.27166e-02	
4228	1.842639e-07	1.582270e-02	
4229	1.843139e-07	-2.96036e-02	
4230	1.843639e-07	8.156169e-01	

Index   time            v(clk)          
--------------------------------------------------------------------------------
4231	1.844139e-07	1.719350e+00	
4232	1.844582e-07	1.807380e+00	
4233	1.845032e-07	1.800560e+00	
4234	1.845532e-07	1.795507e+00	
4235	1.846032e-07	1.805065e+00	
4236	1.846532e-07	1.811313e+00	
4237	1.847032e-07	1.808464e+00	
4238	1.847419e-07	4.643369e-01	
4239	1.847698e-07	-5.05698e-02	
4240	1.848004e-07	5.294746e-02	
4241	1.848308e-07	-2.99632e-02	
4242	1.848622e-07	2.691222e-02	
4243	1.849109e-07	-2.23972e-02	
4244	1.849609e-07	1.992567e-02	
4245	1.850109e-07	-1.68402e-02	
4246	1.850609e-07	1.155993e-02	
4247	1.851109e-07	-2.52046e-02	
4248	1.851609e-07	5.457143e-01	
4249	1.852109e-07	1.635149e+00	
4250	1.852490e-07	1.822178e+00	
4251	1.852902e-07	1.787291e+00	
4252	1.853402e-07	1.805901e+00	
4253	1.853902e-07	1.797170e+00	
4254	1.854402e-07	1.805661e+00	
4255	1.854902e-07	1.846491e+00	
4256	1.855295e-07	1.149352e+00	
4257	1.855751e-07	2.592649e-02	
4258	1.856140e-07	-1.66792e-03	
4259	1.856538e-07	8.012500e-03	
4260	1.856956e-07	-4.56969e-03	
4261	1.857456e-07	3.304421e-03	
4262	1.857956e-07	-1.43812e-03	
4263	1.858456e-07	6.581562e-05	
4264	1.858956e-07	-6.98533e-03	
4265	1.859456e-07	1.248189e-02	
4266	1.859956e-07	1.148444e+00	
4267	1.860456e-07	1.849387e+00	
4268	1.860931e-07	1.753332e+00	
4269	1.861431e-07	1.837468e+00	
4270	1.861884e-07	1.769950e+00	
4271	1.862384e-07	1.824338e+00	
4272	1.862884e-07	1.804167e+00	
4273	1.863384e-07	1.621952e+00	
4274	1.863884e-07	1.284596e-01	
4275	1.864196e-07	-5.86572e-02	
4276	1.864544e-07	5.627127e-02	
4277	1.864953e-07	-4.15378e-02	
4278	1.865373e-07	3.436899e-02	
4279	1.865873e-07	-2.86341e-02	
4280	1.866373e-07	2.501952e-02	
4281	1.866873e-07	-2.48950e-02	
4282	1.867373e-07	1.053681e-02	
4283	1.867873e-07	3.758523e-01	
4284	1.868373e-07	1.599444e+00	
4285	1.868810e-07	1.854042e+00	
4286	1.869245e-07	1.764358e+00	
4287	1.869745e-07	1.824901e+00	
4288	1.870245e-07	1.780488e+00	

Index   time            v(clk)          
--------------------------------------------------------------------------------
4289	1.870745e-07	1.825169e+00	
4290	1.871245e-07	1.841080e+00	
4291	1.871745e-07	3.455595e-01	
4292	1.872007e-07	-4.09938e-02	
4293	1.872324e-07	4.586023e-02	
4294	1.872649e-07	-2.44683e-02	
4295	1.872965e-07	2.064094e-02	
4296	1.873465e-07	-1.67313e-02	
4297	1.873965e-07	1.444713e-02	
4298	1.874465e-07	-1.14080e-02	
4299	1.874965e-07	6.528817e-03	
4300	1.875465e-07	-2.03110e-02	
4301	1.875965e-07	5.286834e-01	
4302	1.876465e-07	1.604845e+00	
4303	1.876852e-07	1.842303e+00	
4304	1.877260e-07	1.771359e+00	
4305	1.877693e-07	1.818894e+00	
4306	1.878113e-07	1.786076e+00	
4307	1.878613e-07	1.811567e+00	
4308	1.879113e-07	1.825746e+00	
4309	1.879613e-07	1.183072e+00	
4310	1.880053e-07	6.429263e-02	
4311	1.880342e-07	-2.29702e-02	
4312	1.880674e-07	2.807578e-02	
4313	1.881134e-07	-1.96999e-02	
4314	1.881556e-07	1.645534e-02	
4315	1.882056e-07	-1.37208e-02	
4316	1.882556e-07	1.247851e-02	
4317	1.883056e-07	-1.36703e-02	
4318	1.883556e-07	5.269505e-05	
4319	1.884056e-07	3.296322e-01	
4320	1.884556e-07	1.573857e+00	
4321	1.884909e-07	1.839172e+00	
4322	1.885312e-07	1.770747e+00	
4323	1.885665e-07	1.818008e+00	
4324	1.886021e-07	1.787640e+00	
4325	1.886521e-07	1.808673e+00	
4326	1.887021e-07	1.805513e+00	
4327	1.887521e-07	1.847508e+00	
4328	1.887955e-07	4.609791e-01	
4329	1.888238e-07	-4.43804e-02	
4330	1.888566e-07	4.887005e-02	
4331	1.888862e-07	-2.67240e-02	
4332	1.889140e-07	2.316415e-02	
4333	1.889640e-07	-1.92307e-02	
4334	1.890140e-07	1.702333e-02	
4335	1.890640e-07	-1.41014e-02	
4336	1.891140e-07	9.542843e-03	
4337	1.891640e-07	-2.25476e-02	
4338	1.892140e-07	3.971545e-01	
4339	1.892640e-07	1.576342e+00	
4340	1.893001e-07	1.830955e+00	
4341	1.893399e-07	1.778871e+00	
4342	1.893787e-07	1.810861e+00	
4343	1.894153e-07	1.794631e+00	
4344	1.894653e-07	1.801620e+00	
4345	1.895153e-07	1.816066e+00	
4346	1.895653e-07	1.794254e+00	

Index   time            v(clk)          
--------------------------------------------------------------------------------
4347	1.896153e-07	1.923249e-01	
4348	1.896432e-07	-6.31365e-02	
4349	1.896758e-07	6.035480e-02	
4350	1.897111e-07	-3.92521e-02	
4351	1.897435e-07	3.083955e-02	
4352	1.897896e-07	-2.49923e-02	
4353	1.898396e-07	2.167496e-02	
4354	1.898896e-07	-1.80144e-02	
4355	1.899396e-07	1.080385e-02	
4356	1.899896e-07	-2.37755e-02	
4357	1.900396e-07	9.157159e-01	
4358	1.900744e-07	1.670058e+00	
4359	1.901044e-07	1.799191e+00	
4360	1.901370e-07	1.794038e+00	
4361	1.901736e-07	1.802355e+00	
4362	1.902134e-07	1.798584e+00	
4363	1.902634e-07	1.800011e+00	
4364	1.903134e-07	1.808018e+00	
4365	1.903634e-07	1.852048e+00	
4366	1.904047e-07	8.472159e-01	
4367	1.904375e-07	1.193726e-02	
4368	1.904659e-07	1.123141e-02	
4369	1.904934e-07	3.055973e-03	
4370	1.905258e-07	3.061039e-03	
4371	1.905742e-07	-1.82735e-03	
4372	1.906242e-07	1.773336e-03	
4373	1.906742e-07	-8.36270e-04	
4374	1.907242e-07	-9.53469e-04	
4375	1.907742e-07	-9.67950e-03	
4376	1.908242e-07	7.242141e-02	
4377	1.908742e-07	1.415102e+00	
4378	1.909062e-07	1.825921e+00	
4379	1.909348e-07	1.771789e+00	
4380	1.909642e-07	1.813568e+00	
4381	1.909917e-07	1.791813e+00	
4382	1.910348e-07	1.805610e+00	
4383	1.910793e-07	1.794770e+00	
4384	1.911293e-07	1.813555e+00	
4385	1.911793e-07	1.846717e+00	
4386	1.912185e-07	8.783499e-01	
4387	1.912566e-07	-2.56750e-03	
4388	1.912860e-07	1.851028e-02	
4389	1.913164e-07	-4.12981e-03	
4390	1.913498e-07	7.421914e-03	
4391	1.913998e-07	-5.77923e-03	
4392	1.914498e-07	5.479436e-03	
4393	1.914998e-07	-4.21386e-03	
4394	1.915498e-07	9.866830e-04	
4395	1.915998e-07	-1.39444e-02	
4396	1.916498e-07	3.268818e-01	
4397	1.916998e-07	1.561335e+00	
4398	1.917340e-07	1.831402e+00	
4399	1.917728e-07	1.775961e+00	
4400	1.918053e-07	1.812702e+00	
4401	1.918403e-07	1.792562e+00	
4402	1.918903e-07	1.803940e+00	
4403	1.919403e-07	1.805470e+00	
4404	1.919903e-07	1.860140e+00	

Index   time            v(clk)          
--------------------------------------------------------------------------------
4405	1.920403e-07	3.868309e-01	
4406	1.920710e-07	-4.50127e-02	
4407	1.921015e-07	4.823692e-02	
4408	1.921289e-07	-2.50634e-02	
4409	1.921579e-07	2.162680e-02	
4410	1.922033e-07	-1.74350e-02	
4411	1.922468e-07	1.482418e-02	
4412	1.922968e-07	-1.18429e-02	
4413	1.923468e-07	8.495086e-03	
4414	1.923968e-07	-1.87906e-02	
4415	1.924468e-07	1.041344e-01	
4416	1.924968e-07	1.395041e+00	
4417	1.925387e-07	1.867134e+00	
4418	1.925726e-07	1.754543e+00	
4419	1.926019e-07	1.825216e+00	
4420	1.926325e-07	1.783897e+00	
4421	1.926809e-07	1.811734e+00	
4422	1.927265e-07	1.791323e+00	
4423	1.927765e-07	1.844045e+00	
4424	1.928265e-07	1.149269e+00	
4425	1.928729e-07	4.893030e-02	
4426	1.929121e-07	-1.83381e-02	
4427	1.929488e-07	2.239247e-02	
4428	1.929946e-07	-1.67928e-02	
4429	1.930446e-07	1.431476e-02	
4430	1.930946e-07	-1.13093e-02	
4431	1.931446e-07	8.309609e-03	
4432	1.931946e-07	-1.77284e-02	
4433	1.932446e-07	6.937849e-02	
4434	1.932946e-07	1.337845e+00	
4435	1.933383e-07	1.874181e+00	
4436	1.933841e-07	1.741938e+00	
4437	1.934281e-07	1.842373e+00	
4438	1.934710e-07	1.768000e+00	
4439	1.935210e-07	1.824898e+00	
4440	1.935710e-07	1.797468e+00	
4441	1.936210e-07	1.778307e+00	
4442	1.936581e-07	3.654581e-01	
4443	1.936843e-07	-5.61794e-02	
4444	1.937134e-07	5.560400e-02	
4445	1.937379e-07	-2.73033e-02	
4446	1.937640e-07	2.381634e-02	
4447	1.938042e-07	-1.80628e-02	
4448	1.938462e-07	1.490322e-02	
4449	1.938962e-07	-1.18186e-02	
4450	1.939462e-07	9.340526e-03	
4451	1.939962e-07	-1.55366e-02	
4452	1.940462e-07	2.051162e-02	
4453	1.940962e-07	1.164227e+00	
4454	1.941289e-07	1.765607e+00	
4455	1.941550e-07	1.784194e+00	
4456	1.941824e-07	1.802180e+00	
4457	1.942128e-07	1.798053e+00	
4458	1.942628e-07	1.800832e+00	
4459	1.943101e-07	1.799044e+00	
4460	1.943601e-07	1.804611e+00	
4461	1.944101e-07	1.844966e+00	
4462	1.944496e-07	1.226119e+00	

Index   time            v(clk)          
--------------------------------------------------------------------------------
4463	1.944962e-07	4.102314e-02	
4464	1.945370e-07	-1.30342e-02	
4465	1.945752e-07	1.718667e-02	
4466	1.946193e-07	-1.22434e-02	
4467	1.946693e-07	1.012288e-02	
4468	1.947193e-07	-7.38277e-03	
4469	1.947693e-07	4.932536e-03	
4470	1.948193e-07	-1.30994e-02	
4471	1.948693e-07	3.878167e-02	
4472	1.949193e-07	1.274357e+00	
4473	1.949636e-07	1.862049e+00	
4474	1.950098e-07	1.747214e+00	
4475	1.950529e-07	1.839127e+00	
4476	1.950968e-07	1.769888e+00	
4477	1.951468e-07	1.823361e+00	
4478	1.951968e-07	1.797186e+00	
4479	1.952468e-07	1.807595e+00	
4480	1.952814e-07	5.751942e-01	
4481	1.953083e-07	-2.96093e-02	
4482	1.953385e-07	3.847050e-02	
4483	1.953671e-07	-1.68065e-02	
4484	1.953949e-07	1.680449e-02	
4485	1.954449e-07	-1.34886e-02	
4486	1.954949e-07	1.183179e-02	
4487	1.955449e-07	-9.41014e-03	
4488	1.955949e-07	5.547793e-03	
4489	1.956449e-07	-1.78190e-02	
4490	1.956949e-07	2.873827e-01	
4491	1.957449e-07	1.545268e+00	
4492	1.957795e-07	1.828139e+00	
4493	1.958190e-07	1.779623e+00	
4494	1.958587e-07	1.809985e+00	
4495	1.958968e-07	1.795683e+00	
4496	1.959468e-07	1.800275e+00	
4497	1.959968e-07	1.816178e+00	
4498	1.960468e-07	1.811378e+00	
4499	1.960968e-07	2.053235e-01	
4500	1.961239e-07	-6.19354e-02	
4501	1.961559e-07	5.979159e-02	
4502	1.961905e-07	-3.80350e-02	
4503	1.962221e-07	3.015958e-02	
4504	1.962675e-07	-2.44954e-02	
4505	1.963174e-07	2.134798e-02	
4506	1.963674e-07	-1.76386e-02	
4507	1.964174e-07	1.118591e-02	
4508	1.964674e-07	-2.53491e-02	
4509	1.965174e-07	7.980224e-01	
4510	1.965549e-07	1.631337e+00	
4511	1.965867e-07	1.811905e+00	
4512	1.966218e-07	1.785359e+00	
4513	1.966565e-07	1.808903e+00	
4514	1.966949e-07	1.793361e+00	
4515	1.967449e-07	1.804468e+00	
4516	1.967949e-07	1.804910e+00	
4517	1.968449e-07	1.856143e+00	
4518	1.968854e-07	8.310754e-01	
4519	1.969186e-07	6.109855e-03	
4520	1.969468e-07	1.436786e-02	

Index   time            v(clk)          
--------------------------------------------------------------------------------
4521	1.969747e-07	8.099565e-04	
4522	1.970065e-07	4.487217e-03	
4523	1.970555e-07	-2.95998e-03	
4524	1.971055e-07	2.674155e-03	
4525	1.971555e-07	-1.54217e-03	
4526	1.972055e-07	-5.09860e-04	
4527	1.972555e-07	-1.03000e-02	
4528	1.973055e-07	8.456738e-02	
4529	1.973555e-07	1.430092e+00	
4530	1.973878e-07	1.827102e+00	
4531	1.974168e-07	1.773149e+00	
4532	1.974465e-07	1.812359e+00	
4533	1.974739e-07	1.793251e+00	
4534	1.975181e-07	1.804140e+00	
4535	1.975634e-07	1.796162e+00	
4536	1.976134e-07	1.817261e+00	
4537	1.976634e-07	1.827961e+00	
4538	1.976995e-07	7.478119e-01	
4539	1.977292e-07	-7.66069e-03	
4540	1.977545e-07	2.405140e-02	
4541	1.977808e-07	-5.53140e-03	
4542	1.978080e-07	1.047497e-02	
4543	1.978569e-07	-7.07134e-03	
4544	1.979063e-07	6.206820e-03	
4545	1.979563e-07	-4.57246e-03	
4546	1.980063e-07	2.578733e-03	
4547	1.980563e-07	-1.18636e-02	
4548	1.981063e-07	4.611845e-02	
4549	1.981563e-07	1.355823e+00	
4550	1.981887e-07	1.818798e+00	
4551	1.982162e-07	1.771245e+00	
4552	1.982447e-07	1.813622e+00	
4553	1.982722e-07	1.790882e+00	
4554	1.983143e-07	1.806750e+00	
4555	1.983586e-07	1.793783e+00	
4556	1.984086e-07	1.808780e+00	
4557	1.984586e-07	1.838620e+00	
4558	1.984988e-07	1.263622e+00	
4559	1.985406e-07	6.487642e-02	
4560	1.985738e-07	-2.24682e-02	
4561	1.986067e-07	2.714795e-02	
4562	1.986500e-07	-1.84254e-02	
4563	1.986959e-07	1.508816e-02	
4564	1.987459e-07	-1.19025e-02	
4565	1.987959e-07	1.040050e-02	
4566	1.988459e-07	-1.19172e-02	
4567	1.988959e-07	-1.61155e-03	
4568	1.989459e-07	4.024226e-01	
4569	1.989959e-07	1.615023e+00	
4570	1.990298e-07	1.823508e+00	
4571	1.990680e-07	1.782933e+00	
4572	1.991017e-07	1.808266e+00	
4573	1.991394e-07	1.795416e+00	
4574	1.991894e-07	1.801654e+00	
4575	1.992394e-07	1.812080e+00	
4576	1.992894e-07	1.839928e+00	
4577	1.993394e-07	2.510979e-01	
4578	1.993704e-07	-6.75263e-02	

Index   time            v(clk)          
--------------------------------------------------------------------------------
4579	1.994008e-07	6.355711e-02	
4580	1.994270e-07	-3.64452e-02	
4581	1.994557e-07	2.950766e-02	
4582	1.994922e-07	-2.28909e-02	
4583	1.995307e-07	1.891257e-02	
4584	1.995807e-07	-1.52766e-02	
4585	1.996295e-07	1.223510e-02	
4586	1.996795e-07	-1.91492e-02	
4587	1.997295e-07	3.592565e-02	
4588	1.997795e-07	1.201497e+00	
4589	1.998220e-07	1.836804e+00	
4590	1.998520e-07	1.762631e+00	
4591	1.998835e-07	1.822441e+00	
4592	1.999138e-07	1.784193e+00	
4593	1.999569e-07	1.812313e+00	
4594	2.000000e-07	1.788687e+00	


Total analysis time (seconds) = 24.1924

Total elapsed time (seconds) = 40.841 

Total DRAM available = 15700.234 MB.
DRAM currently available = 6114.438 MB.
Maximum ngspice program size =  450.770 MB.
Current ngspice program size =  386.016 MB.

Shared ngspice pages =    8.555 MB.
Text (code) pages =    6.355 MB.
Stack = 0 bytes.
Library pages =  436.086 MB.


Error: 3.16328e+168, 2 out of range for ^
    in line b.xxxtop.xxlf.xr1.brbody

Note: Starting dynamic gmin stepping
Note: Dynamic gmin stepping completed
