
Note: Compatibility modes selected: hs a


Circuit: ** sch_path: /home/ubuntu/github/sky130-pll/.loom/worktrees/issue-52/sim/pll/testbench/tb_pll.sch

option SCALE: Scale is set to 1e-06 for instance and model parameters
option SCALE: Scale is set to 1e-06 for instance and model parameters
option SCALE: Scale is set to 1e-06 for instance and model parameters
option SCALE: Scale is set to 1e-06 for instance and model parameters
Doing analysis at TEMP = 27.000000 and TNOM = 27.000000

Using KLU as Direct Linear Solver
 Reference value :  0.00000e+00
 Reference value :  7.64000e-10
 Reference value :  1.02764e-09
 Reference value :  1.68034e-09
 Reference value :  2.11157e-09
 Reference value :  2.67623e-09
 Reference value :  3.12367e-09
 Reference value :  3.56907e-09
 Reference value :  4.13995e-09
 Reference value :  4.56512e-09
 Reference value :  4.93856e-09
 Reference value :  5.38614e-09
 Reference value :  5.88130e-09
 Reference value :  6.27158e-09
 Reference value :  6.65788e-09
 Reference value :  7.13702e-09
 Reference value :  7.56975e-09
 Reference value :  8.03922e-09
 Reference value :  8.50475e-09
 Reference value :  8.99824e-09
 Reference value :  9.45994e-09
 Reference value :  9.97815e-09
 Reference value :  1.04042e-08
 Reference value :  1.08826e-08
 Reference value :  1.13267e-08
 Reference value :  1.18233e-08
 Reference value :  1.22693e-08
 Reference value :  1.27530e-08
 Reference value :  1.31368e-08
 Reference value :  1.36945e-08
 Reference value :  1.40975e-08
 Reference value :  1.45701e-08
 Reference value :  1.50044e-08
 Reference value :  1.55380e-08
 Reference value :  1.59832e-08
 Reference value :  1.64041e-08
 Reference value :  1.68828e-08
 Reference value :  1.73210e-08
 Reference value :  1.78241e-08
 Reference value :  1.82604e-08
 Reference value :  1.83692e-08
 Reference value :  1.88253e-08
 Reference value :  1.92350e-08
 Reference value :  1.97148e-08
 Reference value :  2.01653e-08
 Reference value :  2.05468e-08
 Reference value :  2.10687e-08
 Reference value :  2.15285e-08
 Reference value :  2.19717e-08
 Reference value :  2.24848e-08
 Reference value :  2.29582e-08
 Reference value :  2.33978e-08
 Reference value :  2.38925e-08
 Reference value :  2.43361e-08
 Reference value :  2.48533e-08
 Reference value :  2.53131e-08
 Reference value :  2.57689e-08
 Reference value :  2.62049e-08
 Reference value :  2.66741e-08
 Reference value :  2.70910e-08
 Reference value :  2.75983e-08
 Reference value :  2.79991e-08
 Reference value :  2.84773e-08
 Reference value :  2.89438e-08
 Reference value :  2.94123e-08
 Reference value :  2.97903e-08
 Reference value :  3.02937e-08
 Reference value :  3.07610e-08
 Reference value :  3.12469e-08
 Reference value :  3.16542e-08
 Reference value :  3.22318e-08
 Reference value :  3.26281e-08
 Reference value :  3.31107e-08
 Reference value :  3.35097e-08
 Reference value :  3.40370e-08
 Reference value :  3.44939e-08
 Reference value :  3.49850e-08
 Reference value :  3.54410e-08
 Reference value :  3.59103e-08
 Reference value :  3.63411e-08
 Reference value :  3.67786e-08
 Reference value :  3.72097e-08
 Reference value :  3.76995e-08
 Reference value :  3.77894e-08
 Reference value :  3.81683e-08
 Reference value :  3.86808e-08
 Reference value :  3.90867e-08
 Reference value :  3.95596e-08
 Reference value :  4.00129e-08
 Reference value :  4.04699e-08
 Reference value :  4.08912e-08
 Reference value :  4.13838e-08
 Reference value :  4.18410e-08
 Reference value :  4.23489e-08
 Reference value :  4.28042e-08
 Reference value :  4.33319e-08
 Reference value :  4.37619e-08
 Reference value :  4.42726e-08
 Reference value :  4.46431e-08
 Reference value :  4.51301e-08
 Reference value :  4.55548e-08
 Reference value :  4.60670e-08
 Reference value :  4.65391e-08
 Reference value :  4.70152e-08
 Reference value :  4.74365e-08
 Reference value :  4.78912e-08
 Reference value :  4.83698e-08
 Reference value :  4.88293e-08
 Reference value :  4.92598e-08
 Reference value :  4.97210e-08
 Reference value :  5.00750e-08
 Reference value :  5.04858e-08
 Reference value :  5.09026e-08
 Reference value :  5.13011e-08
 Reference value :  5.16595e-08
 Reference value :  5.21045e-08
 Reference value :  5.25499e-08
 Reference value :  5.30438e-08
 Reference value :  5.35188e-08
 Reference value :  5.39426e-08
 Reference value :  5.44501e-08
 Reference value :  5.49559e-08
 Reference value :  5.54090e-08
 Reference value :  5.58060e-08
 Reference value :  5.63023e-08
 Reference value :  5.67027e-08
 Reference value :  5.71862e-08
 Reference value :  5.75931e-08
 Reference value :  5.80734e-08
 Reference value :  5.85739e-08
 Reference value :  5.89921e-08
 Reference value :  5.94486e-08
 Reference value :  5.99363e-08
 Reference value :  6.03816e-08
 Reference value :  6.08618e-08
 Reference value :  6.12990e-08
 Reference value :  6.17816e-08
 Reference value :  6.22342e-08
 Reference value :  6.27206e-08
 Reference value :  6.31568e-08
 Reference value :  6.36697e-08
 Reference value :  6.40841e-08
 Reference value :  6.46520e-08
 Reference value :  6.50303e-08
 Reference value :  6.55067e-08
 Reference value :  6.59754e-08
 Reference value :  6.64357e-08
 Reference value :  6.67840e-08
 Reference value :  6.71291e-08
 Reference value :  6.75641e-08
 Reference value :  6.79952e-08
 Reference value :  6.84648e-08
 Reference value :  6.88870e-08
 Reference value :  6.94292e-08
 Reference value :  6.98845e-08
 Reference value :  7.04010e-08
 Reference value :  7.08628e-08
 Reference value :  7.13161e-08
 Reference value :  7.17884e-08
 Reference value :  7.22618e-08
 Reference value :  7.26748e-08
 Reference value :  7.32334e-08
 Reference value :  7.36736e-08
 Reference value :  7.41078e-08
 Reference value :  7.45291e-08
 Reference value :  7.50667e-08
 Reference value :  7.54180e-08
 Reference value :  7.60614e-08
 Reference value :  7.66448e-08
 Reference value :  7.71068e-08
 Reference value :  7.76504e-08
 Reference value :  7.80710e-08
 Reference value :  7.85714e-08
 Reference value :  7.89749e-08
 Reference value :  7.95186e-08
 Reference value :  7.99809e-08
 Reference value :  8.04965e-08
 Reference value :  8.09042e-08
 Reference value :  8.13786e-08
 Reference value :  8.17228e-08
 Reference value :  8.22302e-08
 Reference value :  8.26753e-08
 Reference value :  8.31729e-08
 Reference value :  8.35646e-08
 Reference value :  8.40381e-08
 Reference value :  8.45498e-08
 Reference value :  8.49507e-08
 Reference value :  8.54250e-08
 Reference value :  8.58699e-08
 Reference value :  8.63203e-08
 Reference value :  8.65654e-08
 Reference value :  8.68880e-08
 Reference value :  8.72896e-08
 Reference value :  8.78089e-08
 Reference value :  8.82439e-08
 Reference value :  8.86644e-08
 Reference value :  8.90791e-08
 Reference value :  8.95947e-08
 Reference value :  9.00838e-08
 Reference value :  9.05415e-08
 Reference value :  9.11211e-08
 Reference value :  9.16083e-08
 Reference value :  9.20198e-08
 Reference value :  9.24656e-08
 Reference value :  9.28523e-08
 Reference value :  9.33698e-08
 Reference value :  9.37640e-08
 Reference value :  9.37966e-08
 Reference value :  9.42684e-08
 Reference value :  9.47277e-08
 Reference value :  9.52494e-08
 Reference value :  9.56216e-08
 Reference value :  9.61609e-08
 Reference value :  9.63521e-08
 Reference value :  9.67484e-08
 Reference value :  9.71632e-08
 Reference value :  9.75343e-08
 Reference value :  9.79947e-08
 Reference value :  9.84597e-08
 Reference value :  9.89185e-08
 Reference value :  9.93930e-08
 Reference value :  9.98372e-08
 Reference value :  1.00198e-07
 Reference value :  1.00719e-07
 Reference value :  1.01026e-07
 Reference value :  1.01424e-07
 Reference value :  1.01869e-07
 Reference value :  1.02283e-07
 Reference value :  1.02708e-07
 Reference value :  1.03183e-07
 Reference value :  1.03545e-07
 Reference value :  1.03954e-07
 Reference value :  1.04488e-07
 Reference value :  1.04956e-07
 Reference value :  1.05294e-07
 Reference value :  1.05481e-07
 Reference value :  1.05785e-07
 Reference value :  1.06056e-07
 Reference value :  1.06322e-07
 Reference value :  1.06713e-07
 Reference value :  1.07191e-07
 Reference value :  1.07615e-07
 Reference value :  1.08178e-07
 Reference value :  1.08546e-07
 Reference value :  1.09052e-07
 Reference value :  1.09521e-07
 Reference value :  1.10012e-07
 Reference value :  1.10471e-07
 Reference value :  1.10876e-07
 Reference value :  1.11081e-07
 Reference value :  1.11446e-07
 Reference value :  1.11980e-07
 Reference value :  1.12384e-07
 Reference value :  1.12968e-07
 Reference value :  1.13370e-07
 Reference value :  1.13948e-07
 Reference value :  1.14420e-07
 Reference value :  1.14889e-07
 Reference value :  1.15369e-07
 Reference value :  1.15853e-07
 Reference value :  1.16366e-07
 Reference value :  1.16774e-07
 Reference value :  1.17247e-07
 Reference value :  1.17766e-07
 Reference value :  1.18243e-07
 Reference value :  1.18657e-07
 Reference value :  1.19087e-07
 Reference value :  1.19546e-07
 Reference value :  1.20067e-07
 Reference value :  1.20466e-07
 Reference value :  1.20884e-07
 Reference value :  1.21394e-07
 Reference value :  1.21864e-07
 Reference value :  1.22322e-07
 Reference value :  1.22806e-07
 Reference value :  1.23223e-07
 Reference value :  1.23717e-07
 Reference value :  1.24129e-07
 Reference value :  1.24691e-07
 Reference value :  1.25141e-07
 Reference value :  1.25582e-07
 Reference value :  1.26024e-07
 Reference value :  1.26435e-07
 Reference value :  1.26939e-07
 Reference value :  1.27312e-07
 Reference value :  1.27770e-07
 Reference value :  1.28166e-07
 Reference value :  1.28689e-07
 Reference value :  1.29043e-07
 Reference value :  1.29590e-07
 Reference value :  1.30037e-07
 Reference value :  1.30504e-07
 Reference value :  1.30988e-07
 Reference value :  1.31228e-07
 Reference value :  1.31580e-07
 Reference value :  1.31762e-07
 Reference value :  1.32274e-07
 Reference value :  1.32734e-07
 Reference value :  1.33136e-07
 Reference value :  1.33519e-07
 Reference value :  1.34018e-07
 Reference value :  1.34442e-07
 Reference value :  1.34979e-07
 Reference value :  1.35408e-07
 Reference value :  1.35869e-07
 Reference value :  1.36334e-07
 Reference value :  1.36774e-07
 Reference value :  1.37164e-07
 Reference value :  1.37654e-07
 Reference value :  1.38074e-07
 Reference value :  1.38542e-07
 Reference value :  1.38935e-07
 Reference value :  1.39430e-07
 Reference value :  1.39810e-07
 Reference value :  1.40230e-07
 Reference value :  1.40640e-07
 Reference value :  1.40929e-07
 Reference value :  1.41382e-07
 Reference value :  1.41745e-07
 Reference value :  1.42283e-07
 Reference value :  1.42697e-07
 Reference value :  1.43194e-07
 Reference value :  1.43637e-07
 Reference value :  1.44103e-07
 Reference value :  1.44463e-07
 Reference value :  1.44960e-07
 Reference value :  1.45422e-07
 Reference value :  1.45868e-07
 Reference value :  1.46283e-07
 Reference value :  1.46651e-07
 Reference value :  1.47180e-07
 Reference value :  1.47517e-07
 Reference value :  1.48051e-07
 Reference value :  1.48383e-07
 Reference value :  1.48895e-07
 Reference value :  1.49332e-07
 Reference value :  1.49752e-07
 Reference value :  1.50200e-07
 Reference value :  1.50674e-07
 Reference value :  1.51098e-07
 Reference value :  1.51520e-07
 Reference value :  1.51945e-07
 Reference value :  1.52486e-07
 Reference value :  1.52860e-07
 Reference value :  1.53384e-07
 Reference value :  1.53821e-07
 Reference value :  1.54349e-07
 Reference value :  1.54681e-07
 Reference value :  1.55193e-07
 Reference value :  1.55543e-07
 Reference value :  1.56066e-07
 Reference value :  1.56553e-07
 Reference value :  1.56964e-07
 Reference value :  1.57513e-07
 Reference value :  1.57988e-07
 Reference value :  1.58420e-07
 Reference value :  1.58883e-07
 Reference value :  1.59429e-07
 Reference value :  1.59901e-07
 Reference value :  1.60387e-07
 Reference value :  1.60793e-07
 Reference value :  1.61210e-07
 Reference value :  1.61675e-07
 Reference value :  1.62097e-07
 Reference value :  1.62528e-07
 Reference value :  1.62885e-07
 Reference value :  1.63395e-07
 Reference value :  1.63825e-07
 Reference value :  1.64242e-07
 Reference value :  1.64582e-07
 Reference value :  1.65081e-07
 Reference value :  1.65446e-07
 Reference value :  1.65926e-07
 Reference value :  1.66310e-07
 Reference value :  1.66803e-07
 Reference value :  1.67219e-07
 Reference value :  1.67728e-07
 Reference value :  1.68205e-07
 Reference value :  1.68644e-07
 Reference value :  1.69068e-07
 Reference value :  1.69545e-07
 Reference value :  1.69950e-07
 Reference value :  1.70443e-07
 Reference value :  1.70900e-07
 Reference value :  1.71355e-07
 Reference value :  1.71831e-07
 Reference value :  1.72269e-07
 Reference value :  1.72727e-07
 Reference value :  1.73182e-07
 Reference value :  1.73551e-07
 Reference value :  1.73963e-07
 Reference value :  1.74540e-07
 Reference value :  1.75038e-07
 Reference value :  1.75485e-07
 Reference value :  1.75903e-07
 Reference value :  1.76319e-07
 Reference value :  1.76794e-07
 Reference value :  1.77263e-07
 Reference value :  1.77732e-07
 Reference value :  1.78143e-07
 Reference value :  1.78623e-07
 Reference value :  1.79052e-07
 Reference value :  1.79604e-07
 Reference value :  1.80050e-07
 Reference value :  1.80489e-07
 Reference value :  1.80955e-07
 Reference value :  1.81395e-07
 Reference value :  1.81794e-07
 Reference value :  1.82239e-07
 Reference value :  1.82652e-07
 Reference value :  1.83096e-07
 Reference value :  1.83324e-07
 Reference value :  1.83747e-07
 Reference value :  1.84188e-07
 Reference value :  1.84544e-07
 Reference value :  1.84956e-07
 Reference value :  1.85397e-07
 Reference value :  1.85901e-07
 Reference value :  1.86428e-07
 Reference value :  1.87013e-07
 Reference value :  1.87189e-07
 Reference value :  1.87458e-07
 Reference value :  1.87741e-07
 Reference value :  1.88024e-07
 Reference value :  1.88377e-07
 Reference value :  1.88570e-07
 Reference value :  1.88933e-07
 Reference value :  1.89206e-07
 Reference value :  1.89523e-07
 Reference value :  1.89847e-07
 Reference value :  1.90226e-07
 Reference value :  1.90572e-07
 Reference value :  1.90827e-07
 Reference value :  1.91099e-07
 Reference value :  1.91258e-07
 Reference value :  1.91558e-07
 Reference value :  1.91867e-07
 Reference value :  1.92456e-07
 Reference value :  1.92954e-07
 Reference value :  1.93360e-07
 Reference value :  1.93713e-07
 Reference value :  1.94183e-07
 Reference value :  1.94441e-07
 Reference value :  1.94863e-07
 Reference value :  1.95323e-07
 Reference value :  1.95820e-07
 Reference value :  1.96264e-07
 Reference value :  1.96665e-07
 Reference value :  1.97111e-07
 Reference value :  1.97600e-07
 Reference value :  1.98061e-07
 Reference value :  1.98535e-07
 Reference value :  1.98951e-07
 Reference value :  1.99397e-07
 Reference value :  1.99810e-07
No. of Data Rows : 4703
** sch_path: /home/ubuntu/github/sky130-pll/.loom/worktrees/issue-52/sim/pll/testbench/tb_pll.sch
Transient Analysis  Wed Aug 19 13:34:17  2026
--------------------------------------------------------------------------------
Index   time            v(clk)          
--------------------------------------------------------------------------------
0	0.000000e+00	8.832812e-03	
1	5.000000e-13	8.832812e-03	
2	1.000000e-12	8.832812e-03	
3	2.000000e-12	8.832812e-03	
4	4.000000e-12	8.832812e-03	
5	8.000000e-12	8.832812e-03	
6	1.600000e-11	8.832812e-03	
7	3.200000e-11	8.832812e-03	
8	6.400000e-11	8.832812e-03	
9	1.140000e-10	8.832812e-03	
10	1.640000e-10	8.832812e-03	
11	2.140000e-10	8.832812e-03	
12	2.640000e-10	8.832812e-03	
13	3.140000e-10	8.832812e-03	
14	3.640000e-10	8.832812e-03	
15	4.140000e-10	8.832812e-03	
16	4.640000e-10	8.832812e-03	
17	5.140000e-10	8.832812e-03	
18	5.640000e-10	8.832811e-03	
19	6.140000e-10	8.832808e-03	
20	6.640000e-10	8.832813e-03	
21	7.140000e-10	8.832846e-03	
22	7.640000e-10	8.832868e-03	
23	8.140000e-10	8.832649e-03	
24	8.640000e-10	8.832087e-03	
25	9.140000e-10	8.832748e-03	
26	9.570000e-10	8.837387e-03	
27	9.938806e-10	8.845093e-03	
28	1.000000e-09	8.846549e-03	
29	1.003948e-09	8.847403e-03	
30	1.011844e-09	8.848915e-03	
31	1.027636e-09	8.849706e-03	
32	1.059220e-09	8.825923e-03	
33	1.109220e-09	8.662067e-03	
34	1.159220e-09	8.573160e-03	
35	1.209220e-09	9.870841e-03	
36	1.259220e-09	1.304735e-02	
37	1.309220e-09	1.126256e-02	
38	1.359220e-09	8.720881e-03	
39	1.409220e-09	3.024260e-03	
40	1.459220e-09	-2.30507e-03	
41	1.509220e-09	-1.60614e-02	
42	1.559220e-09	4.322765e-01	
43	1.609220e-09	1.733413e+00	
44	1.644738e-09	2.014514e+00	
45	1.680343e-09	1.951315e+00	
46	1.710956e-09	1.994756e+00	
47	1.745322e-09	1.970418e+00	
48	1.795322e-09	1.986151e+00	
49	1.844309e-09	1.974466e+00	
50	1.894309e-09	2.006082e+00	
51	1.944309e-09	2.003922e+00	
52	1.994309e-09	3.586742e-01	
53	2.028131e-09	-7.85152e-02	
54	2.059520e-09	6.499760e-02	

Index   time            v(clk)          
--------------------------------------------------------------------------------
55	2.084563e-09	-3.24867e-02	
56	2.111568e-09	2.658488e-02	
57	2.146243e-09	-1.78411e-02	
58	2.178748e-09	1.345316e-02	
59	2.228748e-09	-1.05290e-02	
60	2.267746e-09	9.007679e-03	
61	2.309966e-09	-7.75841e-03	
62	2.359966e-09	4.313945e-04	
63	2.409966e-09	-2.54567e-02	
64	2.459966e-09	9.065581e-01	
65	2.509966e-09	1.911556e+00	
66	2.542867e-09	1.970015e+00	
67	2.578287e-09	1.982653e+00	
68	2.626234e-09	1.976618e+00	
69	2.676234e-09	1.982955e+00	
70	2.726234e-09	1.976408e+00	
71	2.776234e-09	1.985033e+00	
72	2.826234e-09	2.011913e+00	
73	2.876234e-09	1.770869e+00	
74	2.926234e-09	1.735301e-01	
75	2.954727e-09	-6.34154e-02	
76	2.987155e-09	5.489158e-02	
77	3.013161e-09	-2.90489e-02	
78	3.043081e-09	2.436714e-02	
79	3.083023e-09	-1.80159e-02	
80	3.123674e-09	1.457605e-02	
81	3.157171e-09	-1.04121e-02	
82	3.192683e-09	8.871835e-03	
83	3.242683e-09	-8.77077e-03	
84	3.292683e-09	-1.21726e-03	
85	3.342683e-09	-1.39204e-02	
86	3.392683e-09	1.237390e+00	
87	3.431108e-09	1.972574e+00	
88	3.458683e-09	1.946419e+00	
89	3.488124e-09	1.993673e+00	
90	3.519075e-09	1.968711e+00	
91	3.569075e-09	1.989110e+00	
92	3.619075e-09	1.971900e+00	
93	3.669075e-09	1.985928e+00	
94	3.719075e-09	1.984773e+00	
95	3.769075e-09	2.040729e+00	
96	3.819075e-09	8.855050e-01	
97	3.866225e-09	-1.47347e-02	
98	3.908164e-09	2.353895e-02	
99	3.948064e-09	-1.12307e-02	
100	3.989953e-09	1.146945e-02	
101	4.039953e-09	-9.27272e-03	
102	4.089953e-09	8.404044e-03	
103	4.139953e-09	-6.69143e-03	
104	4.189953e-09	2.603880e-03	
105	4.239953e-09	-1.93659e-02	
106	4.289953e-09	2.501087e-01	
107	4.339953e-09	1.647555e+00	
108	4.376159e-09	2.022479e+00	
109	4.410865e-09	1.946063e+00	
110	4.439636e-09	1.994655e+00	
111	4.469900e-09	1.972117e+00	
112	4.517051e-09	1.984827e+00	

Index   time            v(clk)          
--------------------------------------------------------------------------------
113	4.565124e-09	1.976289e+00	
114	4.615124e-09	1.981970e+00	
115	4.665124e-09	2.003289e+00	
116	4.715124e-09	1.975295e+00	
117	4.754859e-09	5.800064e-01	
118	4.783640e-09	-3.45253e-02	
119	4.808826e-09	3.555523e-02	
120	4.831707e-09	-1.03241e-02	
121	4.855323e-09	1.315201e-02	
122	4.897414e-09	-5.80315e-03	
123	4.938555e-09	5.004559e-03	
124	4.969278e-09	-3.16323e-03	
125	5.000000e-09	2.733661e-03	
126	5.005000e-09	1.638612e-03	
127	5.015000e-09	4.697612e-05	
128	5.035000e-09	3.888548e-04	
129	5.075000e-09	-5.55150e-04	
130	5.125000e-09	-5.38118e-03	
131	5.175000e-09	-1.84828e-02	
132	5.225000e-09	7.902664e-01	
133	5.275000e-09	1.874548e+00	
134	5.307870e-09	1.979769e+00	
135	5.343690e-09	1.975183e+00	
136	5.386141e-09	1.981935e+00	
137	5.430635e-09	1.979040e+00	
138	5.480635e-09	1.979448e+00	
139	5.530635e-09	1.980303e+00	
140	5.580635e-09	2.003883e+00	
141	5.630635e-09	1.981838e+00	
142	5.680635e-09	3.025712e-01	
143	5.717333e-09	-8.85478e-02	
144	5.753348e-09	7.445255e-02	
145	5.780081e-09	-4.14694e-02	
146	5.809638e-09	3.233225e-02	
147	5.844486e-09	-2.31666e-02	
148	5.881304e-09	1.793323e-02	
149	5.931304e-09	-1.40513e-02	
150	5.965652e-09	1.118971e-02	
151	6.000000e-09	-9.19597e-03	
152	6.005000e-09	-3.33285e-03	
153	6.015000e-09	-9.08627e-04	
154	6.035000e-09	-4.52494e-03	
155	6.075000e-09	-1.22221e-02	
156	6.125000e-09	9.714455e-02	
157	6.175000e-09	1.541205e+00	
158	6.212702e-09	2.037812e+00	
159	6.244086e-09	1.934044e+00	
160	6.271577e-09	2.002156e+00	
161	6.300200e-09	1.965595e+00	
162	6.348395e-09	1.991147e+00	
163	6.398395e-09	1.970220e+00	
164	6.448395e-09	1.987116e+00	
165	6.498395e-09	1.991612e+00	
166	6.548395e-09	2.034497e+00	
167	6.592372e-09	7.281065e-01	
168	6.629095e-09	-2.95782e-02	
169	6.657882e-09	3.329467e-02	
170	6.687616e-09	-1.30858e-02	

Index   time            v(clk)          
--------------------------------------------------------------------------------
171	6.715715e-09	1.455149e-02	
172	6.765715e-09	-9.49157e-03	
173	6.815715e-09	7.804724e-03	
174	6.865715e-09	-5.58502e-03	
175	6.915715e-09	4.497650e-03	
176	6.965715e-09	-9.54849e-03	
177	7.015715e-09	-1.45406e-02	
178	7.065715e-09	7.539392e-01	
179	7.107779e-09	1.810941e+00	
180	7.137019e-09	1.985662e+00	
181	7.170170e-09	1.961451e+00	
182	7.204482e-09	1.991508e+00	
183	7.242899e-09	1.971003e+00	
184	7.292899e-09	1.987179e+00	
185	7.342899e-09	1.972824e+00	
186	7.392899e-09	1.989738e+00	
187	7.442899e-09	2.014790e+00	
188	7.490587e-09	1.632888e+00	
189	7.540587e-09	1.322886e-01	
190	7.569752e-09	-4.98391e-02	
191	7.601636e-09	4.511287e-02	
192	7.630071e-09	-2.39844e-02	
193	7.662034e-09	2.032176e-02	
194	7.706286e-09	-1.58324e-02	
195	7.754450e-09	1.327143e-02	
196	7.804450e-09	-1.01602e-02	
197	7.854450e-09	7.620344e-03	
198	7.904450e-09	-1.58355e-02	
199	7.954450e-09	6.674707e-04	
200	8.004450e-09	1.143657e+00	
201	8.039221e-09	1.929190e+00	
202	8.064731e-09	1.952804e+00	
203	8.092289e-09	1.983196e+00	
204	8.124609e-09	1.975115e+00	
205	8.174609e-09	1.983933e+00	
206	8.224609e-09	1.976227e+00	
207	8.274609e-09	1.982275e+00	
208	8.324609e-09	1.983954e+00	
209	8.374609e-09	2.030192e+00	
210	8.424609e-09	1.208594e+00	
211	8.474609e-09	4.370601e-02	
212	8.504750e-09	-1.15511e-02	
213	8.538743e-09	1.746728e-02	
214	8.585110e-09	-9.56876e-03	
215	8.632042e-09	8.774300e-03	
216	8.682042e-09	-7.30992e-03	
217	8.732042e-09	7.012545e-03	
218	8.782042e-09	-7.23581e-03	
219	8.832042e-09	-2.37909e-03	
220	8.882042e-09	-1.42753e-02	
221	8.932042e-09	1.242821e+00	
222	8.970630e-09	1.967536e+00	
223	8.998237e-09	1.951113e+00	
224	9.027284e-09	1.989273e+00	
225	9.057582e-09	1.972949e+00	
226	9.107582e-09	1.985210e+00	
227	9.157582e-09	1.975506e+00	
228	9.207582e-09	1.982395e+00	

Index   time            v(clk)          
--------------------------------------------------------------------------------
229	9.257582e-09	1.987859e+00	
230	9.307582e-09	2.036708e+00	
231	9.352379e-09	1.196299e+00	
232	9.396480e-09	4.734684e-02	
233	9.429488e-09	-1.18473e-02	
234	9.459942e-09	1.716055e-02	
235	9.504612e-09	-8.26423e-03	
236	9.547937e-09	7.352727e-03	
237	9.597937e-09	-5.84348e-03	
238	9.647937e-09	5.520680e-03	
239	9.697937e-09	-5.12699e-03	
240	9.747937e-09	-2.55873e-03	
241	9.797937e-09	-2.22096e-02	
242	9.847937e-09	1.009045e+00	
243	9.883835e-09	1.870546e+00	
244	9.910809e-09	1.965899e+00	
245	9.940216e-09	1.972619e+00	
246	9.978153e-09	1.982965e+00	
247	1.002119e-08	1.977634e+00	
248	1.007119e-08	1.981588e+00	
249	1.012119e-08	1.977653e+00	
250	1.017119e-08	1.986921e+00	
251	1.022119e-08	2.022631e+00	
252	1.027119e-08	1.339639e+00	
253	1.031389e-08	9.727551e-02	
254	1.034234e-08	-3.21901e-02	
255	1.037258e-08	3.212654e-02	
256	1.040416e-08	-1.58608e-02	
257	1.043843e-08	1.439542e-02	
258	1.048843e-08	-1.12146e-02	
259	1.053843e-08	9.682420e-03	
260	1.058843e-08	-7.17682e-03	
261	1.063843e-08	4.458234e-03	
262	1.068843e-08	-1.56439e-02	
263	1.073843e-08	2.332125e-02	
264	1.078843e-08	1.363777e+00	
265	1.082605e-08	2.011384e+00	
266	1.085378e-08	1.937344e+00	
267	1.088262e-08	1.999958e+00	
268	1.091018e-08	1.965759e+00	
269	1.096018e-08	1.991592e+00	
270	1.101018e-08	1.969701e+00	
271	1.106018e-08	1.987782e+00	
272	1.111018e-08	1.982585e+00	
273	1.116018e-08	2.041921e+00	
274	1.121018e-08	9.272503e-01	
275	1.125899e-08	-7.27977e-03	
276	1.129167e-08	1.765276e-02	
277	1.132674e-08	-4.18440e-03	
278	1.136326e-08	6.673389e-03	
279	1.141326e-08	-4.40793e-03	
280	1.146326e-08	3.634798e-03	
281	1.151326e-08	-2.04712e-03	
282	1.156326e-08	-1.15133e-05	
283	1.161326e-08	-1.04012e-02	
284	1.166326e-08	8.359991e-03	
285	1.171326e-08	1.347941e+00	
286	1.174620e-08	1.970376e+00	

Index   time            v(clk)          
--------------------------------------------------------------------------------
287	1.177107e-08	1.950043e+00	
288	1.179733e-08	1.985758e+00	
289	1.182331e-08	1.975214e+00	
290	1.187331e-08	1.983003e+00	
291	1.192331e-08	1.977660e+00	
292	1.197331e-08	1.980616e+00	
293	1.202331e-08	1.983699e+00	
294	1.207331e-08	2.023036e+00	
295	1.212331e-08	1.424565e+00	
296	1.217078e-08	9.723926e-02	
297	1.220454e-08	-3.81703e-02	
298	1.223601e-08	3.606343e-02	
299	1.226931e-08	-2.04063e-02	
300	1.230539e-08	1.757524e-02	
301	1.235539e-08	-1.42204e-02	
302	1.240539e-08	1.228764e-02	
303	1.245539e-08	-9.62421e-03	
304	1.250539e-08	5.602198e-03	
305	1.255539e-08	-2.11395e-02	
306	1.260539e-08	1.438853e-01	
307	1.265539e-08	1.553264e+00	
308	1.269317e-08	2.040436e+00	
309	1.272510e-08	1.932605e+00	
310	1.275296e-08	2.003866e+00	
311	1.278202e-08	1.964224e+00	
312	1.283085e-08	1.992535e+00	
313	1.288085e-08	1.968849e+00	
314	1.293085e-08	1.988563e+00	
315	1.298085e-08	1.992182e+00	
316	1.303085e-08	2.024851e+00	
317	1.307452e-08	6.374540e-01	
318	1.310850e-08	-3.93936e-02	
319	1.313685e-08	3.916571e-02	
320	1.316576e-08	-1.61768e-02	
321	1.319191e-08	1.623427e-02	
322	1.324191e-08	-1.05728e-02	
323	1.329074e-08	8.464541e-03	
324	1.334074e-08	-6.09944e-03	
325	1.339074e-08	5.095377e-03	
326	1.344074e-08	-8.53186e-03	
327	1.349074e-08	-1.24975e-02	
328	1.354074e-08	5.088460e-01	
329	1.359074e-08	1.760845e+00	
330	1.362345e-08	2.008632e+00	
331	1.365983e-08	1.951913e+00	
332	1.369445e-08	1.997575e+00	
333	1.373074e-08	1.967166e+00	
334	1.378074e-08	1.990181e+00	
335	1.383074e-08	1.970201e+00	
336	1.388074e-08	1.994736e+00	
337	1.393074e-08	2.019452e+00	
338	1.398074e-08	1.217459e+00	
339	1.401583e-08	1.067447e-01	
340	1.403952e-08	-2.67237e-02	
341	1.406810e-08	2.906561e-02	
342	1.409751e-08	-1.14848e-02	
343	1.412952e-08	1.220413e-02	
344	1.417952e-08	-8.84524e-03	

Index   time            v(clk)          
--------------------------------------------------------------------------------
345	1.422952e-08	7.488551e-03	
346	1.427952e-08	-5.36741e-03	
347	1.432952e-08	3.668222e-03	
348	1.437952e-08	-1.10843e-02	
349	1.442952e-08	-9.62263e-03	
350	1.447952e-08	1.051588e+00	
351	1.451528e-08	1.897329e+00	
352	1.454151e-08	1.959966e+00	
353	1.457010e-08	1.976516e+00	
354	1.460601e-08	1.980124e+00	
355	1.465535e-08	1.979845e+00	
356	1.470535e-08	1.979574e+00	
357	1.475535e-08	1.979431e+00	
358	1.480535e-08	1.987305e+00	
359	1.485535e-08	2.029962e+00	
360	1.490535e-08	1.127342e+00	
361	1.494641e-08	5.500085e-02	
362	1.497372e-08	-1.23161e-02	
363	1.500441e-08	1.869294e-02	
364	1.504579e-08	-8.19385e-03	
365	1.508619e-08	7.987322e-03	
366	1.513619e-08	-6.71896e-03	
367	1.518619e-08	6.288414e-03	
368	1.523619e-08	-4.79866e-03	
369	1.528619e-08	8.521040e-04	
370	1.533619e-08	-1.88854e-02	
371	1.538619e-08	3.082718e-01	
372	1.543619e-08	1.661335e+00	
373	1.546727e-08	2.010900e+00	
374	1.550445e-08	1.945285e+00	
375	1.553800e-08	2.000706e+00	
376	1.556876e-08	1.966077e+00	
377	1.561876e-08	1.991011e+00	
378	1.566749e-08	1.969968e+00	
379	1.571749e-08	1.989245e+00	
380	1.576749e-08	2.002182e+00	
381	1.581749e-08	1.904435e+00	
382	1.586235e-08	2.729211e-01	
383	1.589410e-08	-8.05301e-02	
384	1.592933e-08	6.799461e-02	
385	1.595476e-08	-3.53980e-02	
386	1.598325e-08	2.818735e-02	
387	1.601864e-08	-1.93303e-02	
388	1.605552e-08	1.470668e-02	
389	1.610552e-08	-1.13281e-02	
390	1.615552e-08	9.788250e-03	
391	1.620552e-08	-1.08468e-02	
392	1.625552e-08	-4.51961e-03	
393	1.630552e-08	8.529977e-02	
394	1.634879e-08	1.430867e+00	
395	1.637868e-08	1.992066e+00	
396	1.640408e-08	1.937819e+00	
397	1.642954e-08	1.996158e+00	
398	1.645522e-08	1.966293e+00	
399	1.650522e-08	1.991480e+00	
400	1.655522e-08	1.969548e+00	
401	1.660522e-08	1.988399e+00	
402	1.665522e-08	1.976294e+00	

Index   time            v(clk)          
--------------------------------------------------------------------------------
403	1.670522e-08	2.029526e+00	
404	1.675522e-08	1.434806e+00	
405	1.680522e-08	8.750194e-02	
406	1.684312e-08	-3.63624e-02	
407	1.688281e-08	3.591965e-02	
408	1.692865e-08	-2.47217e-02	
409	1.697304e-08	1.993013e-02	
410	1.702304e-08	-1.56710e-02	
411	1.707304e-08	1.347585e-02	
412	1.712304e-08	-1.27092e-02	
413	1.717304e-08	1.157664e-03	
414	1.722304e-08	-6.98904e-03	
415	1.726607e-08	1.135377e+00	
416	1.729739e-08	1.900501e+00	
417	1.732099e-08	1.957106e+00	
418	1.734624e-08	1.972233e+00	
419	1.737667e-08	1.981964e+00	
420	1.742667e-08	1.977609e+00	
421	1.747667e-08	1.982052e+00	
422	1.752667e-08	1.977098e+00	
423	1.757667e-08	1.984978e+00	
424	1.762667e-08	2.015268e+00	
425	1.767667e-08	1.653466e+00	
426	1.772667e-08	1.409161e-01	
427	1.776076e-08	-5.76926e-02	
428	1.779441e-08	5.076520e-02	
429	1.782415e-08	-2.92237e-02	
430	1.785710e-08	2.362495e-02	
431	1.789867e-08	-1.80394e-02	
432	1.794431e-08	1.511500e-02	
433	1.799431e-08	-1.16525e-02	
434	1.804431e-08	8.719085e-03	
435	1.809431e-08	-1.78535e-02	
436	1.814431e-08	8.964253e-03	
437	1.819431e-08	1.218235e+00	
438	1.823306e-08	1.976840e+00	
439	1.826039e-08	1.945816e+00	
440	1.828921e-08	1.993611e+00	
441	1.831919e-08	1.969177e+00	
442	1.836919e-08	1.988799e+00	
443	1.841919e-08	1.972048e+00	
444	1.846919e-08	1.985751e+00	
445	1.851919e-08	1.984526e+00	
446	1.856919e-08	2.040832e+00	
447	1.861919e-08	9.125483e-01	
448	1.866919e-08	-1.17674e-02	
449	1.870299e-08	2.018288e-02	
450	1.873868e-08	-6.24625e-03	
451	1.877531e-08	7.824257e-03	
452	1.882531e-08	-5.38893e-03	
453	1.887531e-08	4.414855e-03	
454	1.892531e-08	-2.62033e-03	
455	1.897531e-08	1.565118e-04	
456	1.902531e-08	-1.12926e-02	
457	1.907531e-08	1.972155e-02	
458	1.912531e-08	1.402121e+00	
459	1.915812e-08	1.985991e+00	
460	1.918326e-08	1.947199e+00	

Index   time            v(clk)          
--------------------------------------------------------------------------------
461	1.920968e-08	1.988593e+00	
462	1.923496e-08	1.973748e+00	
463	1.928496e-08	1.984292e+00	
464	1.933496e-08	1.976522e+00	
465	1.938496e-08	1.981601e+00	
466	1.943496e-08	1.983263e+00	
467	1.948496e-08	2.024765e+00	
468	1.953496e-08	1.379976e+00	
469	1.958119e-08	9.165990e-02	
470	1.961440e-08	-3.46880e-02	
471	1.964512e-08	3.333541e-02	
472	1.967860e-08	-1.82182e-02	
473	1.971485e-08	1.592098e-02	
474	1.976485e-08	-1.27788e-02	
475	1.981485e-08	1.100047e-02	
476	1.986485e-08	-8.46882e-03	
477	1.991485e-08	4.649068e-03	
478	1.996485e-08	-1.96032e-02	
479	2.001485e-08	1.157257e-01	
480	2.006485e-08	1.531982e+00	
481	2.010455e-08	2.047680e+00	
482	2.013713e-08	1.929222e+00	
483	2.016531e-08	2.006101e+00	
484	2.019474e-08	1.962822e+00	
485	2.024250e-08	1.993562e+00	
486	2.029250e-08	1.967977e+00	
487	2.034250e-08	1.989366e+00	
488	2.039250e-08	1.992290e+00	
489	2.044250e-08	2.019817e+00	
490	2.048553e-08	6.328980e-01	
491	2.051884e-08	-3.95990e-02	
492	2.054680e-08	3.943746e-02	
493	2.057533e-08	-1.62629e-02	
494	2.060113e-08	1.653367e-02	
495	2.065113e-08	-1.07982e-02	
496	2.069981e-08	8.747486e-03	
497	2.074981e-08	-6.45496e-03	
498	2.079981e-08	5.574608e-03	
499	2.084981e-08	-8.68286e-03	
500	2.089981e-08	-1.11559e-02	
501	2.094981e-08	4.243760e-01	
502	2.099981e-08	1.725244e+00	
503	2.103292e-08	2.015663e+00	
504	2.106866e-08	1.946735e+00	
505	2.110299e-08	2.000607e+00	
506	2.113693e-08	1.965283e+00	
507	2.118693e-08	1.991827e+00	
508	2.123693e-08	1.968885e+00	
509	2.128693e-08	1.992972e+00	
510	2.133693e-08	2.011196e+00	
511	2.138693e-08	1.535995e+00	
512	2.143693e-08	1.124269e-01	
513	2.146460e-08	-4.09661e-02	
514	2.149786e-08	3.903587e-02	
515	2.152851e-08	-2.11308e-02	
516	2.156256e-08	1.812962e-02	
517	2.161256e-08	-1.44040e-02	
518	2.166256e-08	1.245804e-02	

Index   time            v(clk)          
--------------------------------------------------------------------------------
519	2.171256e-08	-9.75973e-03	
520	2.176256e-08	6.467863e-03	
521	2.181256e-08	-1.84480e-02	
522	2.186256e-08	4.362428e-02	
523	2.191256e-08	1.427647e+00	
524	2.194601e-08	2.000380e+00	
525	2.197174e-08	1.942429e+00	
526	2.199871e-08	1.993399e+00	
527	2.202401e-08	1.970615e+00	
528	2.207401e-08	1.987079e+00	
529	2.212401e-08	1.973927e+00	
530	2.217401e-08	1.983957e+00	
531	2.222401e-08	1.982321e+00	
532	2.227401e-08	2.031531e+00	
533	2.232401e-08	1.218853e+00	
534	2.237401e-08	4.681292e-02	
535	2.240424e-08	-1.31960e-02	
536	2.243823e-08	1.905243e-02	
537	2.248476e-08	-1.09451e-02	
538	2.253021e-08	9.602865e-03	
539	2.258021e-08	-8.08309e-03	
540	2.263021e-08	7.812035e-03	
541	2.268021e-08	-7.84704e-03	
542	2.273021e-08	-1.31606e-03	
543	2.278021e-08	-1.83095e-02	
544	2.283021e-08	1.203343e+00	
545	2.286935e-08	1.957651e+00	
546	2.289719e-08	1.953233e+00	
547	2.292656e-08	1.987923e+00	
548	2.295821e-08	1.973651e+00	
549	2.300821e-08	1.984692e+00	
550	2.305821e-08	1.975918e+00	
551	2.310821e-08	1.982051e+00	
552	2.315821e-08	1.988840e+00	
553	2.320821e-08	2.037008e+00	
554	2.325240e-08	1.187502e+00	
555	2.329363e-08	5.422068e-02	
556	2.332552e-08	-1.39635e-02	
557	2.335467e-08	1.847351e-02	
558	2.339775e-08	-8.34493e-03	
559	2.343817e-08	7.735300e-03	
560	2.348817e-08	-6.09068e-03	
561	2.353817e-08	5.508652e-03	
562	2.358817e-08	-4.23746e-03	
563	2.363817e-08	-8.18722e-04	
564	2.368817e-08	-2.06769e-02	
565	2.373817e-08	5.645183e-01	
566	2.378817e-08	1.776930e+00	
567	2.382161e-08	2.004899e+00	
568	2.385904e-08	1.955930e+00	
569	2.389254e-08	1.994134e+00	
570	2.393009e-08	1.970083e+00	
571	2.398009e-08	1.987351e+00	
572	2.403009e-08	1.972802e+00	
573	2.408009e-08	1.994972e+00	
574	2.413009e-08	2.027328e+00	
575	2.418009e-08	9.964213e-01	
576	2.421206e-08	6.367629e-02	

Index   time            v(clk)          
--------------------------------------------------------------------------------
577	2.423585e-08	-9.95160e-03	
578	2.426308e-08	1.779089e-02	
579	2.429885e-08	-4.85229e-03	
580	2.433610e-08	6.731793e-03	
581	2.438610e-08	-4.96056e-03	
582	2.443610e-08	4.353884e-03	
583	2.448610e-08	-2.82906e-03	
584	2.453610e-08	7.817936e-04	
585	2.458610e-08	-1.18498e-02	
586	2.463610e-08	1.519721e-02	
587	2.468610e-08	1.354951e+00	
588	2.472160e-08	1.994770e+00	
589	2.474820e-08	1.942316e+00	
590	2.477607e-08	1.994982e+00	
591	2.480331e-08	1.968746e+00	
592	2.485331e-08	1.989016e+00	
593	2.490331e-08	1.972056e+00	
594	2.495331e-08	1.985714e+00	
595	2.500331e-08	1.981879e+00	
596	2.505331e-08	2.035100e+00	
597	2.510331e-08	1.122969e+00	
598	2.515185e-08	2.991219e-02	
599	2.518542e-08	-4.28800e-03	
600	2.521841e-08	1.164588e-02	
601	2.526312e-08	-5.23107e-03	
602	2.531312e-08	5.134014e-03	
603	2.536312e-08	-4.01783e-03	
604	2.541312e-08	4.281275e-03	
605	2.546312e-08	-5.26230e-03	
606	2.551312e-08	-5.50302e-03	
607	2.556312e-08	8.394058e-04	
608	2.560755e-08	1.161188e+00	
609	2.563968e-08	1.919118e+00	
610	2.566356e-08	1.953735e+00	
611	2.568911e-08	1.976668e+00	
612	2.571891e-08	1.979235e+00	
613	2.576891e-08	1.980030e+00	
614	2.581891e-08	1.979808e+00	
615	2.586891e-08	1.979137e+00	
616	2.591891e-08	1.983684e+00	
617	2.596891e-08	2.018131e+00	
618	2.601891e-08	1.588213e+00	
619	2.606891e-08	1.236997e-01	
620	2.610426e-08	-5.17955e-02	
621	2.613824e-08	4.654838e-02	
622	2.617008e-08	-2.75227e-02	
623	2.620487e-08	2.225202e-02	
624	2.625004e-08	-1.75651e-02	
625	2.629966e-08	1.495482e-02	
626	2.634966e-08	-1.16550e-02	
627	2.639966e-08	7.543314e-03	
628	2.644966e-08	-2.12762e-02	
629	2.649966e-08	8.553467e-02	
630	2.654966e-08	1.492694e+00	
631	2.658832e-08	2.041090e+00	
632	2.661867e-08	1.931365e+00	
633	2.664588e-08	2.003651e+00	
634	2.667409e-08	1.964172e+00	

Index   time            v(clk)          
--------------------------------------------------------------------------------
635	2.672038e-08	1.992578e+00	
636	2.677038e-08	1.968859e+00	
637	2.682038e-08	1.988378e+00	
638	2.687038e-08	1.986612e+00	
639	2.692038e-08	2.045296e+00	
640	2.696235e-08	1.056900e+00	
641	2.700052e-08	3.192380e-02	
642	2.702758e-08	-7.19640e-04	
643	2.705557e-08	1.041121e-02	
644	2.709102e-08	-1.13124e-03	
645	2.713964e-08	3.363591e-03	
646	2.718964e-08	-2.76886e-03	
647	2.723964e-08	2.900742e-03	
648	2.728964e-08	-2.11766e-03	
649	2.733964e-08	-1.95186e-03	
650	2.738964e-08	-1.79419e-02	
651	2.743964e-08	4.307042e-01	
652	2.748964e-08	1.717975e+00	
653	2.752333e-08	2.018476e+00	
654	2.756224e-08	1.944456e+00	
655	2.759830e-08	2.003144e+00	
656	2.763275e-08	1.963553e+00	
657	2.768275e-08	1.993023e+00	
658	2.773275e-08	1.967807e+00	
659	2.778275e-08	1.998051e+00	
660	2.783275e-08	2.020475e+00	
661	2.788275e-08	1.102447e+00	
662	2.791580e-08	8.637447e-02	
663	2.793944e-08	-1.81257e-02	
664	2.796718e-08	2.318697e-02	
665	2.799907e-08	-7.66379e-03	
666	2.803269e-08	9.113292e-03	
667	2.808269e-08	-6.42987e-03	
668	2.813269e-08	5.317673e-03	
669	2.818269e-08	-3.46644e-03	
670	2.823269e-08	1.790666e-03	
671	2.828269e-08	-1.04541e-02	
672	2.833269e-08	-5.51621e-03	
673	2.838269e-08	1.160790e+00	
674	2.842104e-08	1.947679e+00	
675	2.844839e-08	1.954426e+00	
676	2.847730e-08	1.986286e+00	
677	2.850959e-08	1.974300e+00	
678	2.855959e-08	1.984273e+00	
679	2.860959e-08	1.976181e+00	
680	2.865959e-08	1.981971e+00	
681	2.870959e-08	1.987247e+00	
682	2.875959e-08	2.037028e+00	
683	2.880959e-08	9.490673e-01	
684	2.884918e-08	2.082980e-02	
685	2.887753e-08	4.582751e-03	
686	2.890814e-08	6.254208e-03	
687	2.894383e-08	1.218797e-03	
688	2.899214e-08	7.825352e-04	
689	2.904214e-08	-5.01194e-04	
690	2.909214e-08	1.146997e-03	
691	2.914214e-08	-9.81509e-04	
692	2.919214e-08	-3.53204e-03	

Index   time            v(clk)          
--------------------------------------------------------------------------------
693	2.924214e-08	-1.86771e-02	
694	2.929214e-08	5.997896e-01	
695	2.934214e-08	1.795622e+00	
696	2.937523e-08	1.999088e+00	
697	2.941231e-08	1.959555e+00	
698	2.944715e-08	1.992213e+00	
699	2.948581e-08	1.971324e+00	
700	2.953581e-08	1.986213e+00	
701	2.958581e-08	1.973737e+00	
702	2.963581e-08	1.996958e+00	
703	2.968581e-08	2.030648e+00	
704	2.972138e-08	1.576674e+00	
705	2.976337e-08	1.343589e-01	
706	2.979033e-08	-4.36987e-02	
707	2.981696e-08	3.909387e-02	
708	2.984249e-08	-1.67453e-02	
709	2.987179e-08	1.599328e-02	
710	2.991375e-08	-1.10915e-02	
711	2.996183e-08	8.884327e-03	
712	3.001183e-08	-6.46166e-03	
713	3.006183e-08	5.520977e-03	
714	3.011183e-08	-9.07149e-03	
715	3.016183e-08	-1.13913e-02	
716	3.021183e-08	5.018931e-01	
717	3.026183e-08	1.769933e+00	
718	3.029370e-08	1.998960e+00	
719	3.033044e-08	1.958798e+00	
720	3.036220e-08	1.991048e+00	
721	3.039831e-08	1.972818e+00	
722	3.044831e-08	1.985001e+00	
723	3.049831e-08	1.975119e+00	
724	3.054831e-08	1.987986e+00	
725	3.059831e-08	2.017098e+00	
726	3.064831e-08	1.474059e+00	
727	3.069761e-08	9.787705e-02	
728	3.072965e-08	-3.82522e-02	
729	3.076099e-08	3.604941e-02	
730	3.079362e-08	-2.00184e-02	
731	3.082915e-08	1.728662e-02	
732	3.087915e-08	-1.38767e-02	
733	3.092915e-08	1.190905e-02	
734	3.097915e-08	-9.22670e-03	
735	3.102915e-08	5.380706e-03	
736	3.107915e-08	-1.97987e-02	
737	3.112915e-08	1.014502e-01	
738	3.117915e-08	1.518128e+00	
739	3.121668e-08	2.038606e+00	
740	3.124694e-08	1.932773e+00	
741	3.127396e-08	2.002555e+00	
742	3.130201e-08	1.965053e+00	
743	3.134822e-08	1.991757e+00	
744	3.139822e-08	1.969598e+00	
745	3.144822e-08	1.987692e+00	
746	3.149822e-08	1.987254e+00	
747	3.154822e-08	2.043989e+00	
748	3.158862e-08	1.149941e+00	
749	3.162661e-08	5.085756e-02	
750	3.165423e-08	-9.97733e-03	

Index   time            v(clk)          
--------------------------------------------------------------------------------
751	3.168120e-08	1.682773e-02	
752	3.171945e-08	-5.85180e-03	
753	3.175961e-08	6.867794e-03	
754	3.180961e-08	-5.55033e-03	
755	3.185961e-08	5.185633e-03	
756	3.190961e-08	-3.82037e-03	
757	3.195961e-08	6.262682e-04	
758	3.200961e-08	-1.64378e-02	
759	3.205961e-08	1.365540e-01	
760	3.210961e-08	1.553574e+00	
761	3.214960e-08	2.053931e+00	
762	3.219186e-08	1.921556e+00	
763	3.223185e-08	2.018861e+00	
764	3.226820e-08	1.953233e+00	
765	3.231820e-08	2.000605e+00	
766	3.236820e-08	1.961888e+00	
767	3.241820e-08	2.006112e+00	
768	3.246820e-08	2.022413e+00	
769	3.251820e-08	8.582330e-01	
770	3.254820e-08	3.735274e-02	
771	3.257198e-08	1.984191e-03	
772	3.259833e-08	9.290417e-03	
773	3.262812e-08	2.030701e-03	
774	3.267812e-08	1.553392e-03	
775	3.272496e-08	-6.52118e-04	
776	3.277496e-08	7.146510e-04	
777	3.282496e-08	4.349952e-04	
778	3.287496e-08	-2.68191e-03	
779	3.292496e-08	-1.03107e-02	
780	3.297496e-08	4.307458e-02	
781	3.302496e-08	1.469735e+00	
782	3.305761e-08	1.999860e+00	
783	3.308358e-08	1.945026e+00	
784	3.311066e-08	1.991555e+00	
785	3.313579e-08	1.972428e+00	
786	3.318579e-08	1.985403e+00	
787	3.323579e-08	1.975498e+00	
788	3.328579e-08	1.982433e+00	
789	3.333579e-08	1.984029e+00	
790	3.338579e-08	2.031407e+00	
791	3.343579e-08	1.177372e+00	
792	3.347683e-08	6.706793e-02	
793	3.350971e-08	-2.02730e-02	
794	3.354086e-08	2.359984e-02	
795	3.357919e-08	-1.20306e-02	
796	3.361854e-08	1.080207e-02	
797	3.366854e-08	-8.76825e-03	
798	3.371854e-08	7.872025e-03	
799	3.376854e-08	-6.08082e-03	
800	3.381854e-08	1.951945e-03	
801	3.386854e-08	-2.03743e-02	
802	3.391854e-08	3.251817e-01	
803	3.396854e-08	1.665104e+00	
804	3.399977e-08	2.010506e+00	
805	3.403698e-08	1.945852e+00	
806	3.407105e-08	2.000517e+00	
807	3.410198e-08	1.966220e+00	
808	3.415198e-08	1.990857e+00	

Index   time            v(clk)          
--------------------------------------------------------------------------------
809	3.420116e-08	1.970114e+00	
810	3.425116e-08	1.989258e+00	
811	3.430116e-08	2.002709e+00	
812	3.435116e-08	1.893327e+00	
813	3.440116e-08	2.165446e-01	
814	3.443529e-08	-7.99993e-02	
815	3.446819e-08	6.638056e-02	
816	3.449387e-08	-3.56571e-02	
817	3.452328e-08	2.835541e-02	
818	3.455761e-08	-1.97912e-02	
819	3.459604e-08	1.536269e-02	
820	3.464604e-08	-1.19209e-02	
821	3.469604e-08	1.025891e-02	
822	3.474604e-08	-1.18408e-02	
823	3.479604e-08	-5.44622e-03	
824	3.484604e-08	2.019591e-01	
825	3.489604e-08	1.626487e+00	
826	3.492625e-08	2.010105e+00	
827	3.495716e-08	1.943217e+00	
828	3.498496e-08	1.998424e+00	
829	3.501374e-08	1.966766e+00	
830	3.506374e-08	1.990874e+00	
831	3.511374e-08	1.970057e+00	
832	3.516374e-08	1.987552e+00	
833	3.521374e-08	1.990679e+00	
834	3.526374e-08	2.036917e+00	
835	3.530413e-08	9.231425e-01	
836	3.534573e-08	-1.24824e-02	
837	3.537785e-08	2.283421e-02	
838	3.540783e-08	-7.04705e-03	
839	3.544103e-08	1.035225e-02	
840	3.549103e-08	-6.96993e-03	
841	3.554103e-08	5.884357e-03	
842	3.559103e-08	-4.13471e-03	
843	3.564103e-08	2.588413e-03	
844	3.569103e-08	-1.05724e-02	
845	3.574103e-08	-9.66204e-03	
846	3.579103e-08	1.134090e+00	
847	3.582554e-08	1.912374e+00	
848	3.585101e-08	1.958410e+00	
849	3.587843e-08	1.977252e+00	
850	3.591030e-08	1.979918e+00	
851	3.596030e-08	1.979450e+00	
852	3.601030e-08	1.980434e+00	
853	3.606030e-08	1.978342e+00	
854	3.611030e-08	1.986876e+00	
855	3.616030e-08	2.023881e+00	
856	3.620398e-08	1.632067e+00	
857	3.625398e-08	1.278491e-01	
858	3.628060e-08	-4.62700e-02	
859	3.631289e-08	4.289663e-02	
860	3.634108e-08	-2.26257e-02	
861	3.637297e-08	1.967987e-02	
862	3.641985e-08	-1.53793e-02	
863	3.646937e-08	1.324501e-02	
864	3.651937e-08	-1.04526e-02	
865	3.656937e-08	7.858799e-03	
866	3.661937e-08	-1.66296e-02	

Index   time            v(clk)          
--------------------------------------------------------------------------------
867	3.666937e-08	4.594343e-03	
868	3.671937e-08	1.205420e+00	
869	3.675333e-08	1.948304e+00	
870	3.677862e-08	1.946602e+00	
871	3.680578e-08	1.987946e+00	
872	3.683594e-08	1.971642e+00	
873	3.688594e-08	1.986881e+00	
874	3.693594e-08	1.973532e+00	
875	3.698594e-08	1.984819e+00	
876	3.703594e-08	1.980671e+00	
877	3.708594e-08	2.029186e+00	
878	3.713594e-08	1.319313e+00	
879	3.718134e-08	8.189141e-02	
880	3.720970e-08	-2.77484e-02	
881	3.724135e-08	2.988898e-02	
882	3.727621e-08	-1.61376e-02	
883	3.731303e-08	1.467425e-02	
884	3.736303e-08	-1.23267e-02	
885	3.741303e-08	1.100114e-02	
886	3.746303e-08	-8.69517e-03	
887	3.751303e-08	5.176345e-03	
888	3.756303e-08	-1.96443e-02	
889	3.761303e-08	9.428138e-02	
890	3.766303e-08	1.508333e+00	
891	3.769949e-08	2.038904e+00	
892	3.773113e-08	1.928899e+00	
893	3.776137e-08	2.008432e+00	
894	3.778937e-08	1.960510e+00	
895	3.783937e-08	1.996158e+00	
896	3.788937e-08	1.965455e+00	
897	3.793937e-08	1.991674e+00	
898	3.798937e-08	1.988039e+00	
899	3.803937e-08	2.034054e+00	
900	3.808193e-08	7.784433e-01	
901	3.811533e-08	-1.00863e-02	
902	3.814108e-08	2.187014e-02	
903	3.816834e-08	-3.84147e-03	
904	3.819530e-08	8.937517e-03	
905	3.824530e-08	-3.71581e-03	
906	3.829530e-08	3.033265e-03	
907	3.834530e-08	-1.87032e-03	
908	3.839530e-08	1.945323e-03	
909	3.844530e-08	-4.69727e-03	
910	3.849530e-08	-1.22674e-02	
911	3.854530e-08	2.072176e-01	
912	3.859530e-08	1.611202e+00	
913	3.863738e-08	2.058374e+00	
914	3.868077e-08	1.921204e+00	
915	3.872033e-08	2.018948e+00	
916	3.876011e-08	1.952298e+00	
917	3.881011e-08	2.001150e+00	
918	3.886011e-08	1.961461e+00	
919	3.891011e-08	2.013055e+00	
920	3.896011e-08	2.018393e+00	
921	3.901011e-08	4.794778e-01	
922	3.903759e-08	-4.06083e-02	
923	3.906366e-08	4.057261e-02	
924	3.908669e-08	-1.40205e-02	

Index   time            v(clk)          
--------------------------------------------------------------------------------
925	3.911067e-08	1.625695e-02	
926	3.915279e-08	-9.35084e-03	
927	3.919410e-08	7.867906e-03	
928	3.924410e-08	-6.28481e-03	
929	3.929410e-08	6.015177e-03	
930	3.934410e-08	-6.41272e-03	
931	3.939410e-08	-3.81312e-03	
932	3.944410e-08	-7.81641e-03	
933	3.949410e-08	1.267286e+00	
934	3.953235e-08	1.971377e+00	
935	3.955956e-08	1.952122e+00	
936	3.958846e-08	1.988456e+00	
937	3.961781e-08	1.973753e+00	
938	3.966781e-08	1.984421e+00	
939	3.971781e-08	1.976268e+00	
940	3.976781e-08	1.981682e+00	
941	3.981781e-08	1.987704e+00	
942	3.986781e-08	2.038006e+00	
943	3.991240e-08	1.208198e+00	
944	3.994979e-08	7.945732e-02	
945	3.998200e-08	-2.37843e-02	
946	4.001294e-08	2.599263e-02	
947	4.005296e-08	-1.34777e-02	
948	4.008909e-08	1.170942e-02	
949	4.013909e-08	-9.09490e-03	
950	4.018909e-08	7.995923e-03	
951	4.023909e-08	-5.84097e-03	
952	4.028909e-08	2.147812e-03	
953	4.033909e-08	-1.86654e-02	
954	4.038909e-08	1.826596e-01	
955	4.043909e-08	1.581698e+00	
956	4.046993e-08	2.011243e+00	
957	4.049848e-08	1.941463e+00	
958	4.052768e-08	1.998729e+00	
959	4.055417e-08	1.966986e+00	
960	4.060417e-08	1.990609e+00	
961	4.065387e-08	1.970442e+00	
962	4.070387e-08	1.987118e+00	
963	4.075387e-08	1.986127e+00	
964	4.080387e-08	2.046728e+00	
965	4.084449e-08	1.187069e+00	
966	4.089119e-08	2.774019e-02	
967	4.092691e-08	-2.51442e-03	
968	4.096044e-08	1.022973e-02	
969	4.100226e-08	-3.86319e-03	
970	4.105226e-08	3.824834e-03	
971	4.110226e-08	-2.86377e-03	
972	4.115226e-08	3.115274e-03	
973	4.120226e-08	-4.39930e-03	
974	4.125226e-08	-6.55911e-03	
975	4.130226e-08	6.921020e-03	
976	4.135226e-08	1.403109e+00	
977	4.138378e-08	1.976503e+00	
978	4.140843e-08	1.948228e+00	
979	4.143436e-08	1.986899e+00	
980	4.145955e-08	1.974348e+00	
981	4.150955e-08	1.983789e+00	
982	4.155955e-08	1.976943e+00	

Index   time            v(clk)          
--------------------------------------------------------------------------------
983	4.160955e-08	1.981323e+00	
984	4.165955e-08	1.982473e+00	
985	4.170955e-08	2.020741e+00	
986	4.175955e-08	1.527870e+00	
987	4.180955e-08	1.106714e-01	
988	4.184104e-08	-4.42638e-02	
989	4.187289e-08	4.073679e-02	
990	4.190393e-08	-2.29223e-02	
991	4.193809e-08	1.963387e-02	
992	4.198579e-08	-1.56879e-02	
993	4.203579e-08	1.344214e-02	
994	4.208579e-08	-1.05312e-02	
995	4.213579e-08	7.018512e-03	
996	4.218579e-08	-1.92930e-02	
997	4.223579e-08	4.770585e-02	
998	4.228579e-08	1.437283e+00	
999	4.232148e-08	2.022340e+00	
1000	4.234890e-08	1.934266e+00	
1001	4.237736e-08	2.001891e+00	
1002	4.240376e-08	1.964651e+00	
1003	4.245376e-08	1.992617e+00	
1004	4.250373e-08	1.968764e+00	
1005	4.255373e-08	1.988628e+00	
1006	4.260373e-08	1.981831e+00	
1007	4.265373e-08	2.040898e+00	
1008	4.269162e-08	1.587007e+00	
1009	4.274139e-08	1.052717e-01	
1010	4.277394e-08	-4.25789e-02	
1011	4.280418e-08	3.923953e-02	
1012	4.283520e-08	-2.19265e-02	
1013	4.286917e-08	1.883034e-02	
1014	4.291571e-08	-1.51460e-02	
1015	4.296571e-08	1.311562e-02	
1016	4.301571e-08	-1.03236e-02	
1017	4.306571e-08	7.060154e-03	
1018	4.311571e-08	-1.88772e-02	
1019	4.316571e-08	3.704188e-02	
1020	4.321571e-08	1.399782e+00	
1021	4.325591e-08	2.040415e+00	
1022	4.329483e-08	1.923700e+00	
1023	4.333190e-08	2.017106e+00	
1024	4.336899e-08	1.953102e+00	
1025	4.341899e-08	2.001573e+00	
1026	4.346899e-08	1.960985e+00	
1027	4.351899e-08	1.998104e+00	
1028	4.356899e-08	2.000878e+00	
1029	4.361899e-08	1.747930e+00	
1030	4.366899e-08	1.646071e-01	
1031	4.370191e-08	-6.33274e-02	
1032	4.373447e-08	5.405413e-02	
1033	4.376192e-08	-2.88299e-02	
1034	4.379287e-08	2.297949e-02	
1035	4.383115e-08	-1.64265e-02	
1036	4.387377e-08	1.316889e-02	
1037	4.392377e-08	-9.86749e-03	
1038	4.397377e-08	7.861252e-03	
1039	4.402377e-08	-1.25141e-02	
1040	4.407377e-08	-9.86884e-03	

Index   time            v(clk)          
--------------------------------------------------------------------------------
1041	4.412377e-08	7.487895e-01	
1042	4.416717e-08	1.821636e+00	
1043	4.419800e-08	1.990594e+00	
1044	4.423066e-08	1.960761e+00	
1045	4.427262e-08	1.993294e+00	
1046	4.431317e-08	1.969520e+00	
1047	4.436317e-08	1.988298e+00	
1048	4.441317e-08	1.971654e+00	
1049	4.446317e-08	1.999073e+00	
1050	4.451317e-08	2.033608e+00	
1051	4.456317e-08	7.479434e-01	
1052	4.459243e-08	1.320355e-02	
1053	4.461678e-08	1.284983e-02	
1054	4.464312e-08	2.438773e-03	
1055	4.467032e-08	6.592959e-03	
1056	4.472032e-08	-1.94026e-03	
1057	4.476664e-08	1.857407e-03	
1058	4.481664e-08	-1.43253e-03	
1059	4.486664e-08	2.127958e-03	
1060	4.491664e-08	-4.02611e-03	
1061	4.496664e-08	-9.59073e-03	
1062	4.501664e-08	4.794183e-02	
1063	4.506664e-08	1.469911e+00	
1064	4.510229e-08	2.016930e+00	
1065	4.513008e-08	1.940337e+00	
1066	4.515890e-08	1.997250e+00	
1067	4.518523e-08	1.968803e+00	
1068	4.523523e-08	1.988683e+00	
1069	4.528503e-08	1.972491e+00	
1070	4.533503e-08	1.985081e+00	
1071	4.538503e-08	1.985217e+00	
1072	4.543503e-08	2.042499e+00	
1073	4.547843e-08	1.223952e+00	
1074	4.552003e-08	6.046550e-02	
1075	4.555483e-08	-1.78683e-02	
1076	4.558803e-08	2.162420e-02	
1077	4.562940e-08	-1.15087e-02	
1078	4.567342e-08	1.029820e-02	
1079	4.572342e-08	-8.29255e-03	
1080	4.577342e-08	7.550887e-03	
1081	4.582342e-08	-6.65307e-03	
1082	4.587342e-08	-5.22693e-04	
1083	4.592342e-08	-2.64221e-02	
1084	4.597342e-08	9.676748e-01	
1085	4.600958e-08	1.850089e+00	
1086	4.603697e-08	1.969019e+00	
1087	4.606700e-08	1.969505e+00	
1088	4.610500e-08	1.985410e+00	
1089	4.614514e-08	1.975628e+00	
1090	4.619514e-08	1.983343e+00	
1091	4.624514e-08	1.976110e+00	
1092	4.629514e-08	1.987215e+00	
1093	4.634514e-08	2.016508e+00	
1094	4.639514e-08	1.506441e+00	
1095	4.644514e-08	1.037863e-01	
1096	4.647497e-08	-3.97454e-02	
1097	4.650738e-08	3.780744e-02	
1098	4.653908e-08	-2.08433e-02	

Index   time            v(clk)          
--------------------------------------------------------------------------------
1099	4.657391e-08	1.773870e-02	
1100	4.662391e-08	-1.42798e-02	
1101	4.667391e-08	1.225513e-02	
1102	4.672391e-08	-9.47711e-03	
1103	4.677391e-08	5.786286e-03	
1104	4.682391e-08	-1.86753e-02	
1105	4.687391e-08	6.299454e-02	
1106	4.692391e-08	1.476366e+00	
1107	4.695904e-08	2.024570e+00	
1108	4.698663e-08	1.935638e+00	
1109	4.701517e-08	2.000804e+00	
1110	4.704120e-08	1.965930e+00	
1111	4.709034e-08	1.991371e+00	
1112	4.714028e-08	1.969949e+00	
1113	4.719028e-08	1.987507e+00	
1114	4.724028e-08	1.983058e+00	
1115	4.729028e-08	2.039753e+00	
1116	4.733004e-08	1.486521e+00	
1117	4.737602e-08	9.906630e-02	
1118	4.740767e-08	-3.76006e-02	
1119	4.743646e-08	3.521492e-02	
1120	4.746766e-08	-1.87005e-02	
1121	4.750152e-08	1.653905e-02	
1122	4.755018e-08	-1.30032e-02	
1123	4.760018e-08	1.122854e-02	
1124	4.765018e-08	-8.55304e-03	
1125	4.770018e-08	5.610672e-03	
1126	4.775018e-08	-1.68611e-02	
1127	4.780018e-08	2.562226e-02	
1128	4.785018e-08	1.372026e+00	
1129	4.789119e-08	2.036115e+00	
1130	4.793104e-08	1.925094e+00	
1131	4.796847e-08	2.016665e+00	
1132	4.800627e-08	1.953274e+00	
1133	4.805627e-08	2.001291e+00	
1134	4.810627e-08	1.961275e+00	
1135	4.815627e-08	1.998197e+00	
1136	4.820627e-08	2.002560e+00	
1137	4.825627e-08	1.686838e+00	
1138	4.830627e-08	1.477782e-01	
1139	4.833889e-08	-5.74402e-02	
1140	4.836982e-08	4.944593e-02	
1141	4.839760e-08	-2.60588e-02	
1142	4.842880e-08	2.129744e-02	
1143	4.846835e-08	-1.56229e-02	
1144	4.851322e-08	1.268774e-02	
1145	4.856322e-08	-9.48652e-03	
1146	4.861322e-08	7.346344e-03	
1147	4.866322e-08	-1.33834e-02	
1148	4.871322e-08	-8.48985e-03	
1149	4.876322e-08	9.035638e-01	
1150	4.880199e-08	1.854776e+00	
1151	4.882932e-08	1.974766e+00	
1152	4.885968e-08	1.966827e+00	
1153	4.890264e-08	1.988384e+00	
1154	4.894334e-08	1.973323e+00	
1155	4.897167e-08	1.985036e+00	
1156	4.900000e-08	1.975158e+00	

Index   time            v(clk)          
--------------------------------------------------------------------------------
1157	4.900500e-08	1.978502e+00	
1158	4.901500e-08	1.979442e+00	
1159	4.903500e-08	1.979245e+00	
1160	4.907500e-08	1.981706e+00	
1161	4.912500e-08	2.011343e+00	
1162	4.917500e-08	1.868129e+00	
1163	4.922500e-08	2.086394e-01	
1164	4.925979e-08	-7.85967e-02	
1165	4.929310e-08	6.563796e-02	
1166	4.931919e-08	-3.57712e-02	
1167	4.934891e-08	2.844523e-02	
1168	4.938308e-08	-1.99887e-02	
1169	4.942102e-08	1.554961e-02	
1170	4.947102e-08	-1.20868e-02	
1171	4.952102e-08	1.039335e-02	
1172	4.957102e-08	-1.22678e-02	
1173	4.962102e-08	-5.05809e-03	
1174	4.967102e-08	2.443677e-01	
1175	4.972102e-08	1.657558e+00	
1176	4.975186e-08	2.008749e+00	
1177	4.978810e-08	1.946778e+00	
1178	4.982088e-08	1.998696e+00	
1179	4.985085e-08	1.968002e+00	
1180	4.989081e-08	1.988688e+00	
1181	4.993372e-08	1.972449e+00	
1182	4.996686e-08	1.984528e+00	
1183	5.000000e-08	1.976716e+00	
1184	5.000500e-08	1.981370e+00	
1185	5.001500e-08	1.985678e+00	
1186	5.003500e-08	1.998769e+00	
1187	5.007500e-08	2.038135e+00	
1188	5.011321e-08	1.475302e+00	
1189	5.014871e-08	1.546532e-01	
1190	5.017530e-08	-4.52482e-02	
1191	5.020093e-08	4.004907e-02	
1192	5.022534e-08	-1.60579e-02	
1193	5.025281e-08	1.598876e-02	
1194	5.029173e-08	-1.01394e-02	
1195	5.033584e-08	8.120848e-03	
1196	5.038584e-08	-6.00187e-03	
1197	5.043584e-08	5.466881e-03	
1198	5.048584e-08	-7.08335e-03	
1199	5.053584e-08	-7.18766e-03	
1200	5.058584e-08	6.487058e-02	
1201	5.063584e-08	1.521720e+00	
1202	5.067086e-08	2.023414e+00	
1203	5.069954e-08	1.938905e+00	
1204	5.072588e-08	1.997455e+00	
1205	5.075306e-08	1.968393e+00	
1206	5.080278e-08	1.989079e+00	
1207	5.085259e-08	1.972098e+00	
1208	5.090259e-08	1.985430e+00	
1209	5.095259e-08	1.986153e+00	
1210	5.100259e-08	2.041682e+00	
1211	5.104682e-08	1.139429e+00	
1212	5.109390e-08	2.525987e-02	
1213	5.112726e-08	-1.04121e-03	
1214	5.115854e-08	9.142612e-03	

Index   time            v(clk)          
--------------------------------------------------------------------------------
1215	5.120111e-08	-2.66188e-03	
1216	5.125111e-08	3.117818e-03	
1217	5.130111e-08	-2.25553e-03	
1218	5.135111e-08	2.498178e-03	
1219	5.140111e-08	-3.43209e-03	
1220	5.145111e-08	-6.75725e-03	
1221	5.150111e-08	-1.84552e-03	
1222	5.154609e-08	1.126622e+00	
1223	5.157843e-08	1.907803e+00	
1224	5.160250e-08	1.955487e+00	
1225	5.162841e-08	1.974785e+00	
1226	5.165945e-08	1.980531e+00	
1227	5.170945e-08	1.979050e+00	
1228	5.175945e-08	1.980561e+00	
1229	5.180945e-08	1.978531e+00	
1230	5.185945e-08	1.984458e+00	
1231	5.190945e-08	2.019132e+00	
1232	5.195945e-08	1.535454e+00	
1233	5.200945e-08	1.119807e-01	
1234	5.204207e-08	-4.49927e-02	
1235	5.207347e-08	4.118607e-02	
1236	5.210448e-08	-2.30421e-02	
1237	5.213854e-08	1.936018e-02	
1238	5.218504e-08	-1.56149e-02	
1239	5.223504e-08	1.345466e-02	
1240	5.228504e-08	-1.04184e-02	
1241	5.233504e-08	6.958168e-03	
1242	5.238504e-08	-1.92021e-02	
1243	5.243504e-08	4.638811e-02	
1244	5.248504e-08	1.424701e+00	
1245	5.252200e-08	2.023289e+00	
1246	5.254990e-08	1.935214e+00	
1247	5.257879e-08	2.001491e+00	
1248	5.260555e-08	1.965199e+00	
1249	5.265555e-08	1.992081e+00	
1250	5.270548e-08	1.969302e+00	
1251	5.275548e-08	1.988089e+00	
1252	5.280548e-08	1.983202e+00	
1253	5.285548e-08	2.043739e+00	
1254	5.290548e-08	8.652433e-01	
1255	5.294791e-08	-4.42423e-03	
1256	5.297814e-08	1.702268e-02	
1257	5.301041e-08	-2.69882e-03	
1258	5.304379e-08	6.615603e-03	
1259	5.309379e-08	-3.45878e-03	
1260	5.314379e-08	2.609107e-03	
1261	5.319379e-08	-1.15217e-03	
1262	5.324379e-08	4.582445e-05	
1263	5.329379e-08	-7.47504e-03	
1264	5.334379e-08	-1.53235e-02	
1265	5.339379e-08	1.050230e+00	
1266	5.342934e-08	1.885847e+00	
1267	5.345545e-08	1.964738e+00	
1268	5.348383e-08	1.972052e+00	
1269	5.351876e-08	1.983790e+00	
1270	5.356876e-08	1.976364e+00	
1271	5.361876e-08	1.982970e+00	
1272	5.366876e-08	1.976112e+00	

Index   time            v(clk)          
--------------------------------------------------------------------------------
1273	5.371876e-08	1.990495e+00	
1274	5.376876e-08	2.026315e+00	
1275	5.381876e-08	1.136658e+00	
1276	5.385459e-08	8.033988e-02	
1277	5.388079e-08	-1.98571e-02	
1278	5.390902e-08	2.390108e-02	
1279	5.394259e-08	-9.38965e-03	
1280	5.397766e-08	9.900692e-03	
1281	5.402766e-08	-7.46701e-03	
1282	5.407766e-08	6.364149e-03	
1283	5.412766e-08	-4.42545e-03	
1284	5.417766e-08	2.189583e-03	
1285	5.422766e-08	-1.28027e-02	
1286	5.427766e-08	1.250384e-02	
1287	5.432766e-08	1.323976e+00	
1288	5.436564e-08	2.000084e+00	
1289	5.439305e-08	1.941129e+00	
1290	5.442194e-08	1.997171e+00	
1291	5.445006e-08	1.967389e+00	
1292	5.450006e-08	1.990222e+00	
1293	5.455006e-08	1.970939e+00	
1294	5.460006e-08	1.986662e+00	
1295	5.465006e-08	1.983242e+00	
1296	5.470006e-08	2.040564e+00	
1297	5.474488e-08	1.223093e+00	
1298	5.479400e-08	3.794217e-02	
1299	5.482886e-08	-9.17915e-03	
1300	5.486123e-08	1.497115e-02	
1301	5.490764e-08	-7.91150e-03	
1302	5.495592e-08	7.157172e-03	
1303	5.500592e-08	-5.56146e-03	
1304	5.505592e-08	5.476621e-03	
1305	5.510592e-08	-6.33490e-03	
1306	5.515592e-08	-4.91855e-03	
1307	5.520592e-08	4.632126e-03	
1308	5.525014e-08	1.197503e+00	
1309	5.528147e-08	1.925059e+00	
1310	5.530501e-08	1.952726e+00	
1311	5.533015e-08	1.977031e+00	
1312	5.535897e-08	1.979026e+00	
1313	5.540897e-08	1.980082e+00	
1314	5.545897e-08	1.979847e+00	
1315	5.550897e-08	1.979066e+00	
1316	5.555897e-08	1.983198e+00	
1317	5.560897e-08	2.016549e+00	
1318	5.565897e-08	1.664552e+00	
1319	5.570897e-08	1.435008e-01	
1320	5.574272e-08	-5.84175e-02	
1321	5.577651e-08	5.151947e-02	
1322	5.580600e-08	-2.94970e-02	
1323	5.583876e-08	2.388740e-02	
1324	5.588008e-08	-1.83869e-02	
1325	5.592530e-08	1.525686e-02	
1326	5.597530e-08	-1.18246e-02	
1327	5.602530e-08	8.868621e-03	
1328	5.607530e-08	-1.74083e-02	
1329	5.612530e-08	5.080402e-03	
1330	5.617530e-08	1.181995e+00	

Index   time            v(clk)          
--------------------------------------------------------------------------------
1331	5.621434e-08	1.968924e+00	
1332	5.624187e-08	1.946748e+00	
1333	5.627097e-08	1.993337e+00	
1334	5.630227e-08	1.968847e+00	
1335	5.635227e-08	1.989255e+00	
1336	5.640227e-08	1.971566e+00	
1337	5.645227e-08	1.986225e+00	
1338	5.650227e-08	1.984708e+00	
1339	5.655227e-08	2.041629e+00	
1340	5.660227e-08	8.794937e-01	
1341	5.664263e-08	3.932731e-03	
1342	5.667155e-08	1.272923e-02	
1343	5.670271e-08	7.216129e-04	
1344	5.673577e-08	4.687056e-03	
1345	5.678577e-08	-1.65564e-03	
1346	5.683577e-08	1.232224e-03	
1347	5.688577e-08	-1.87874e-04	
1348	5.693577e-08	-2.05655e-04	
1349	5.698577e-08	-5.63092e-03	
1350	5.703577e-08	-1.87944e-02	
1351	5.708577e-08	8.197375e-01	
1352	5.712563e-08	1.818798e+00	
1353	5.715413e-08	1.981676e+00	
1354	5.718618e-08	1.962532e+00	
1355	5.722163e-08	1.990858e+00	
1356	5.726015e-08	1.971304e+00	
1357	5.731015e-08	1.987083e+00	
1358	5.736015e-08	1.972815e+00	
1359	5.741015e-08	1.989661e+00	
1360	5.746015e-08	2.014222e+00	
1361	5.751015e-08	1.532099e+00	
1362	5.756015e-08	1.098883e-01	
1363	5.759305e-08	-4.36909e-02	
1364	5.762431e-08	3.984862e-02	
1365	5.765553e-08	-2.19651e-02	
1366	5.768976e-08	1.833479e-02	
1367	5.773655e-08	-1.44496e-02	
1368	5.778655e-08	1.232621e-02	
1369	5.783655e-08	-9.40881e-03	
1370	5.788655e-08	5.913616e-03	
1371	5.793655e-08	-1.83946e-02	
1372	5.798655e-08	5.114388e-02	
1373	5.803655e-08	1.440600e+00	
1374	5.807343e-08	2.021594e+00	
1375	5.810126e-08	1.938016e+00	
1376	5.813007e-08	1.998892e+00	
1377	5.815647e-08	1.967678e+00	
1378	5.820647e-08	1.989684e+00	
1379	5.825631e-08	1.971597e+00	
1380	5.830631e-08	1.985885e+00	
1381	5.835631e-08	1.985135e+00	
1382	5.840631e-08	2.042234e+00	
1383	5.845631e-08	8.630294e-01	
1384	5.850472e-08	-1.82562e-02	
1385	5.853846e-08	2.480289e-02	
1386	5.857387e-08	-9.86974e-03	
1387	5.860925e-08	1.064381e-02	
1388	5.865925e-08	-7.49382e-03	

Index   time            v(clk)          
--------------------------------------------------------------------------------
1389	5.870925e-08	6.295544e-03	
1390	5.875925e-08	-4.37604e-03	
1391	5.880925e-08	1.917675e-03	
1392	5.885925e-08	-1.25299e-02	
1393	5.890925e-08	1.614618e-02	
1394	5.895925e-08	1.377877e+00	
1395	5.899214e-08	1.981463e+00	
1396	5.901714e-08	1.946417e+00	
1397	5.904347e-08	1.988806e+00	
1398	5.906900e-08	1.973345e+00	
1399	5.911900e-08	1.984626e+00	
1400	5.916900e-08	1.976146e+00	
1401	5.921900e-08	1.982006e+00	
1402	5.926900e-08	1.982608e+00	
1403	5.931900e-08	2.024267e+00	
1404	5.936900e-08	1.413513e+00	
1405	5.941629e-08	9.553415e-02	
1406	5.944858e-08	-3.65920e-02	
1407	5.947937e-08	3.519463e-02	
1408	5.951215e-08	-1.93858e-02	
1409	5.954781e-08	1.673870e-02	
1410	5.959781e-08	-1.37822e-02	
1411	5.964781e-08	1.202127e-02	
1412	5.969781e-08	-9.33126e-03	
1413	5.974781e-08	5.615821e-03	
1414	5.979781e-08	-1.97713e-02	
1415	5.984781e-08	8.911307e-02	
1416	5.989781e-08	1.503018e+00	
1417	5.993629e-08	2.042701e+00	
1418	5.996706e-08	1.930196e+00	
1419	5.999455e-08	2.004947e+00	
1420	6.002307e-08	1.963142e+00	
1421	6.007081e-08	1.993587e+00	
1422	6.012081e-08	1.967910e+00	
1423	6.017081e-08	1.989261e+00	
1424	6.022081e-08	1.987758e+00	
1425	6.027081e-08	2.042603e+00	
1426	6.031359e-08	9.008143e-01	
1427	6.035325e-08	-5.04395e-03	
1428	6.038159e-08	1.799816e-02	
1429	6.041128e-08	-2.67153e-03	
1430	6.044237e-08	7.424025e-03	
1431	6.049237e-08	-3.57574e-03	
1432	6.054237e-08	2.828444e-03	
1433	6.059237e-08	-1.51166e-03	
1434	6.064237e-08	9.754794e-04	
1435	6.069237e-08	-6.53915e-03	
1436	6.074237e-08	-1.76371e-02	
1437	6.079237e-08	7.917873e-01	
1438	6.083302e-08	1.811366e+00	
1439	6.086175e-08	1.985177e+00	
1440	6.089417e-08	1.960395e+00	
1441	6.093073e-08	1.992756e+00	
1442	6.096879e-08	1.969791e+00	
1443	6.101879e-08	1.988424e+00	
1444	6.106879e-08	1.971581e+00	
1445	6.111879e-08	1.991066e+00	
1446	6.116879e-08	2.014492e+00	

Index   time            v(clk)          
--------------------------------------------------------------------------------
1447	6.121879e-08	1.483774e+00	
1448	6.126879e-08	1.000016e-01	
1449	6.129905e-08	-3.75098e-02	
1450	6.133150e-08	3.608416e-02	
1451	6.136370e-08	-1.97272e-02	
1452	6.139895e-08	1.679925e-02	
1453	6.144895e-08	-1.34878e-02	
1454	6.149895e-08	1.161123e-02	
1455	6.154895e-08	-8.91228e-03	
1456	6.159895e-08	5.197810e-03	
1457	6.164895e-08	-1.91299e-02	
1458	6.169895e-08	8.581035e-02	
1459	6.174895e-08	1.502328e+00	
1460	6.178163e-08	2.010910e+00	
1461	6.180815e-08	1.941885e+00	
1462	6.183574e-08	1.995180e+00	
1463	6.186093e-08	1.969805e+00	
1464	6.191093e-08	1.987941e+00	
1465	6.196065e-08	1.973111e+00	
1466	6.201065e-08	1.984656e+00	
1467	6.206065e-08	1.983422e+00	
1468	6.211065e-08	2.036462e+00	
1469	6.216065e-08	1.061395e+00	
1470	6.220504e-08	3.017765e-02	
1471	6.223417e-08	-2.13454e-03	
1472	6.226653e-08	1.088210e-02	
1473	6.230662e-08	-3.45845e-03	
1474	6.235662e-08	4.278177e-03	
1475	6.240662e-08	-3.50029e-03	
1476	6.245662e-08	3.865382e-03	
1477	6.250662e-08	-3.92299e-03	
1478	6.255662e-08	-3.57439e-03	
1479	6.260662e-08	-2.13344e-02	
1480	6.265662e-08	1.018272e+00	
1481	6.269347e-08	1.881125e+00	
1482	6.272065e-08	1.965351e+00	
1483	6.275009e-08	1.973452e+00	
1484	6.278669e-08	1.982871e+00	
1485	6.283382e-08	1.977419e+00	
1486	6.288382e-08	1.981808e+00	
1487	6.293382e-08	1.977285e+00	
1488	6.298382e-08	1.989940e+00	
1489	6.303382e-08	2.027144e+00	
1490	6.307555e-08	1.548450e+00	
1491	6.312423e-08	1.059411e-01	
1492	6.315678e-08	-4.13575e-02	
1493	6.318737e-08	3.808691e-02	
1494	6.321854e-08	-2.05498e-02	
1495	6.325273e-08	1.739598e-02	
1496	6.330007e-08	-1.37106e-02	
1497	6.335007e-08	1.167638e-02	
1498	6.340007e-08	-8.86350e-03	
1499	6.345007e-08	5.588078e-03	
1500	6.350007e-08	-1.73475e-02	
1501	6.355007e-08	3.711876e-02	
1502	6.360007e-08	1.409421e+00	
1503	6.364036e-08	2.033601e+00	
1504	6.366970e-08	1.932835e+00	

Index   time            v(clk)          
--------------------------------------------------------------------------------
1505	6.370019e-08	2.004255e+00	
1506	6.372777e-08	1.964072e+00	
1507	6.377777e-08	1.992796e+00	
1508	6.382777e-08	1.968736e+00	
1509	6.387777e-08	1.988422e+00	
1510	6.392777e-08	1.987750e+00	
1511	6.397777e-08	2.043548e+00	
1512	6.402139e-08	9.075113e-01	
1513	6.405779e-08	7.817260e-03	
1514	6.408412e-08	1.222663e-02	
1515	6.411240e-08	1.697843e-03	
1516	6.414307e-08	5.377629e-03	
1517	6.419307e-08	-1.56754e-03	
1518	6.424307e-08	1.363469e-03	
1519	6.429307e-08	-6.00524e-04	
1520	6.434307e-08	9.069555e-04	
1521	6.439307e-08	-4.46445e-03	
1522	6.444307e-08	-1.45450e-02	
1523	6.449307e-08	3.706214e-01	
1524	6.454307e-08	1.694681e+00	
1525	6.457716e-08	2.022726e+00	
1526	6.461609e-08	1.941412e+00	
1527	6.465202e-08	2.004880e+00	
1528	6.468659e-08	1.962450e+00	
1529	6.473659e-08	1.993860e+00	
1530	6.478659e-08	1.967202e+00	
1531	6.483659e-08	1.997145e+00	
1532	6.488659e-08	2.017135e+00	
1533	6.493659e-08	1.225085e+00	
1534	6.497541e-08	8.819353e-02	
1535	6.500045e-08	-2.34257e-02	
1536	6.503027e-08	2.672973e-02	
1537	6.506273e-08	-1.14841e-02	
1538	6.509772e-08	1.153406e-02	
1539	6.514772e-08	-8.87586e-03	
1540	6.519772e-08	7.593623e-03	
1541	6.524772e-08	-5.50557e-03	
1542	6.529772e-08	3.159939e-03	
1543	6.534772e-08	-1.35875e-02	
1544	6.539772e-08	1.272086e-02	
1545	6.544772e-08	1.321984e+00	
1546	6.548140e-08	1.972535e+00	
1547	6.550669e-08	1.947783e+00	
1548	6.553347e-08	1.988784e+00	
1549	6.556037e-08	1.972548e+00	
1550	6.561037e-08	1.985607e+00	
1551	6.566037e-08	1.975145e+00	
1552	6.571037e-08	1.983007e+00	
1553	6.576037e-08	1.981902e+00	
1554	6.581037e-08	2.027850e+00	
1555	6.586037e-08	1.339622e+00	
1556	6.591037e-08	7.051057e-02	
1557	6.594280e-08	-2.59025e-02	
1558	6.597537e-08	2.755861e-02	
1559	6.601296e-08	-1.59153e-02	
1560	6.605270e-08	1.386807e-02	
1561	6.610270e-08	-1.12731e-02	
1562	6.615270e-08	1.012083e-02	

Index   time            v(clk)          
--------------------------------------------------------------------------------
1563	6.620270e-08	-8.40689e-03	
1564	6.625270e-08	3.245347e-03	
1565	6.630270e-08	-2.51707e-02	
1566	6.635270e-08	5.704301e-01	
1567	6.640270e-08	1.774902e+00	
1568	6.643574e-08	2.003151e+00	
1569	6.647326e-08	1.955971e+00	
1570	6.650670e-08	1.994426e+00	
1571	6.654424e-08	1.969664e+00	
1572	6.659424e-08	1.987759e+00	
1573	6.664424e-08	1.972453e+00	
1574	6.669424e-08	1.994185e+00	
1575	6.674424e-08	2.022729e+00	
1576	6.678401e-08	1.645547e+00	
1577	6.682826e-08	1.503811e-01	
1578	6.685820e-08	-5.27363e-02	
1579	6.688853e-08	4.625617e-02	
1580	6.691510e-08	-2.24609e-02	
1581	6.694533e-08	1.910779e-02	
1582	6.698499e-08	-1.35827e-02	
1583	6.702912e-08	1.060978e-02	
1584	6.707912e-08	-7.71915e-03	
1585	6.712912e-08	6.456151e-03	
1586	6.717912e-08	-9.65475e-03	
1587	6.722912e-08	-1.04559e-02	
1588	6.727912e-08	4.719960e-01	
1589	6.732912e-08	1.758298e+00	
1590	6.736067e-08	2.000960e+00	
1591	6.739728e-08	1.956503e+00	
1592	6.742852e-08	1.992664e+00	
1593	6.746408e-08	1.971435e+00	
1594	6.751408e-08	1.986325e+00	
1595	6.756408e-08	1.973924e+00	
1596	6.761408e-08	1.988186e+00	
1597	6.766408e-08	2.013783e+00	
1598	6.771408e-08	1.583732e+00	
1599	6.776408e-08	1.196715e-01	
1600	6.779932e-08	-4.98402e-02	
1601	6.783282e-08	4.464514e-02	
1602	6.786476e-08	-2.60352e-02	
1603	6.789963e-08	2.133381e-02	
1604	6.794524e-08	-1.67297e-02	
1605	6.799524e-08	1.416989e-02	
1606	6.804524e-08	-1.09324e-02	
1607	6.809524e-08	6.812061e-03	
1608	6.814524e-08	-2.07870e-02	
1609	6.819524e-08	9.386884e-02	
1610	6.824524e-08	1.504891e+00	
1611	6.828374e-08	2.039880e+00	
1612	6.831415e-08	1.932851e+00	
1613	6.834121e-08	2.002132e+00	
1614	6.836931e-08	1.965678e+00	
1615	6.841482e-08	1.991032e+00	
1616	6.846482e-08	1.970336e+00	
1617	6.851482e-08	1.986961e+00	
1618	6.856482e-08	1.987820e+00	
1619	6.861482e-08	2.043712e+00	
1620	6.865757e-08	1.029679e+00	

Index   time            v(clk)          
--------------------------------------------------------------------------------
1621	6.869695e-08	2.242275e-02	
1622	6.872394e-08	3.881850e-03	
1623	6.875290e-08	7.267138e-03	
1624	6.878742e-08	9.422505e-04	
1625	6.883695e-08	1.396692e-03	
1626	6.888695e-08	-1.19695e-03	
1627	6.893695e-08	1.692522e-03	
1628	6.898695e-08	-1.27592e-03	
1629	6.903695e-08	-3.13401e-03	
1630	6.908695e-08	-1.82565e-02	
1631	6.913695e-08	5.401002e-01	
1632	6.918695e-08	1.766118e+00	
1633	6.922006e-08	2.008548e+00	
1634	6.925720e-08	1.952526e+00	
1635	6.929244e-08	1.997284e+00	
1636	6.932917e-08	1.967481e+00	
1637	6.937917e-08	1.989760e+00	
1638	6.942917e-08	1.970542e+00	
1639	6.947917e-08	1.997365e+00	
1640	6.952917e-08	2.026487e+00	
1641	6.957917e-08	9.659985e-01	
1642	6.961054e-08	5.931311e-02	
1643	6.963430e-08	-7.69482e-03	
1644	6.966131e-08	1.593379e-02	
1645	6.969573e-08	-3.22988e-03	
1646	6.973454e-08	5.488049e-03	
1647	6.978454e-08	-3.74023e-03	
1648	6.983454e-08	3.333626e-03	
1649	6.988454e-08	-1.80176e-03	
1650	6.993454e-08	-1.55477e-04	
1651	6.998454e-08	-1.10541e-02	
1652	7.003454e-08	1.513050e-02	
1653	7.008454e-08	1.363935e+00	
1654	7.011985e-08	1.993187e+00	
1655	7.014632e-08	1.943550e+00	
1656	7.017407e-08	1.993613e+00	
1657	7.020099e-08	1.970050e+00	
1658	7.025099e-08	1.987736e+00	
1659	7.030099e-08	1.973247e+00	
1660	7.035099e-08	1.984592e+00	
1661	7.040099e-08	1.982652e+00	
1662	7.045099e-08	2.034250e+00	
1663	7.050099e-08	1.132674e+00	
1664	7.054985e-08	3.138216e-02	
1665	7.058413e-08	-5.11290e-03	
1666	7.061708e-08	1.220903e-02	
1667	7.066284e-08	-5.63234e-03	
1668	7.071284e-08	5.160015e-03	
1669	7.076284e-08	-4.03193e-03	
1670	7.081284e-08	4.141146e-03	
1671	7.086284e-08	-5.25894e-03	
1672	7.091284e-08	-5.84836e-03	
1673	7.096284e-08	6.073724e-03	
1674	7.100721e-08	1.203448e+00	
1675	7.103863e-08	1.930271e+00	
1676	7.106222e-08	1.950666e+00	
1677	7.108741e-08	1.979625e+00	
1678	7.111607e-08	1.976964e+00	

Index   time            v(clk)          
--------------------------------------------------------------------------------
1679	7.116607e-08	1.981891e+00	
1680	7.121607e-08	1.978272e+00	
1681	7.126607e-08	1.980537e+00	
1682	7.131607e-08	1.981949e+00	
1683	7.136607e-08	2.017458e+00	
1684	7.141607e-08	1.664954e+00	
1685	7.146607e-08	1.423825e-01	
1686	7.150200e-08	-6.01417e-02	
1687	7.153635e-08	5.264159e-02	
1688	7.156691e-08	-3.11388e-02	
1689	7.160056e-08	2.518545e-02	
1690	7.164237e-08	-1.94501e-02	
1691	7.168841e-08	1.616062e-02	
1692	7.173841e-08	-1.25780e-02	
1693	7.178841e-08	9.077097e-03	
1694	7.183841e-08	-1.94648e-02	
1695	7.188841e-08	2.374452e-02	
1696	7.193841e-08	1.333173e+00	
1697	7.197704e-08	2.012268e+00	
1698	7.200484e-08	1.936294e+00	
1699	7.203387e-08	2.001060e+00	
1700	7.206178e-08	1.964794e+00	
1701	7.211178e-08	1.992504e+00	
1702	7.216178e-08	1.968833e+00	
1703	7.221178e-08	1.988549e+00	
1704	7.226178e-08	1.983094e+00	
1705	7.231178e-08	2.043107e+00	
1706	7.234844e-08	1.559468e+00	
1707	7.239639e-08	1.026022e-01	
1708	7.242920e-08	-4.05076e-02	
1709	7.245972e-08	3.785609e-02	
1710	7.249169e-08	-2.11450e-02	
1711	7.252622e-08	1.815615e-02	
1712	7.257475e-08	-1.46825e-02	
1713	7.262475e-08	1.272118e-02	
1714	7.267475e-08	-9.97285e-03	
1715	7.272475e-08	6.421679e-03	
1716	7.277475e-08	-1.97183e-02	
1717	7.282475e-08	6.442645e-02	
1718	7.287475e-08	1.459013e+00	
1719	7.291659e-08	2.056251e+00	
1720	7.295719e-08	1.918343e+00	
1721	7.299614e-08	2.020860e+00	
1722	7.303336e-08	1.951214e+00	
1723	7.308336e-08	2.002565e+00	
1724	7.313336e-08	1.960297e+00	
1725	7.318336e-08	2.001717e+00	
1726	7.323336e-08	2.009150e+00	
1727	7.328336e-08	1.340540e+00	
1728	7.333336e-08	6.835953e-02	
1729	7.336233e-08	-2.19687e-02	
1730	7.339587e-08	2.460449e-02	
1731	7.343356e-08	-1.28523e-02	
1732	7.347362e-08	1.110629e-02	
1733	7.352362e-08	-8.64424e-03	
1734	7.357362e-08	7.641490e-03	
1735	7.362362e-08	-5.95872e-03	
1736	7.367362e-08	1.228841e-03	

Index   time            v(clk)          
--------------------------------------------------------------------------------
1737	7.372362e-08	-2.07601e-02	
1738	7.377362e-08	4.528248e-01	
1739	7.382362e-08	1.741662e+00	
1740	7.385602e-08	1.997749e+00	
1741	7.389354e-08	1.959840e+00	
1742	7.392471e-08	1.988643e+00	
1743	7.395835e-08	1.975798e+00	
1744	7.400835e-08	1.981813e+00	
1745	7.405784e-08	1.978430e+00	
1746	7.410784e-08	1.982961e+00	
1747	7.415784e-08	2.014353e+00	
1748	7.420784e-08	1.728566e+00	
1749	7.425784e-08	1.542486e-01	
1750	7.429358e-08	-6.42794e-02	
1751	7.432976e-08	5.652349e-02	
1752	7.436011e-08	-3.36086e-02	
1753	7.439365e-08	2.651616e-02	
1754	7.443475e-08	-2.05379e-02	
1755	7.447907e-08	1.686284e-02	
1756	7.452907e-08	-1.29595e-02	
1757	7.457907e-08	9.418111e-03	
1758	7.462907e-08	-1.89124e-02	
1759	7.467907e-08	1.583462e-02	
1760	7.472907e-08	1.283808e+00	
1761	7.476977e-08	2.011267e+00	
1762	7.480325e-08	1.935798e+00	
1763	7.483482e-08	2.005259e+00	
1764	7.486673e-08	1.961724e+00	
1765	7.491673e-08	1.994965e+00	
1766	7.496673e-08	1.966595e+00	
1767	7.501673e-08	1.990638e+00	
1768	7.506673e-08	1.991239e+00	
1769	7.511673e-08	2.020580e+00	
1770	7.515788e-08	7.593382e-01	
1771	7.519021e-08	-1.37754e-02	
1772	7.521545e-08	2.441397e-02	
1773	7.524205e-08	-5.53075e-03	
1774	7.526803e-08	1.050595e-02	
1775	7.531803e-08	-4.95922e-03	
1776	7.536803e-08	4.337880e-03	
1777	7.541803e-08	-3.19010e-03	
1778	7.546803e-08	3.265070e-03	
1779	7.551803e-08	-5.82516e-03	
1780	7.556803e-08	-1.03416e-02	
1781	7.561803e-08	1.561876e-01	
1782	7.566803e-08	1.582914e+00	
1783	7.571803e-08	2.081241e+00	
1784	7.576372e-08	1.909935e+00	
1785	7.581372e-08	2.029058e+00	
1786	7.586144e-08	1.944367e+00	
1787	7.591144e-08	2.005893e+00	
1788	7.596144e-08	1.962120e+00	
1789	7.601144e-08	2.034920e+00	
1790	7.606144e-08	1.624340e+00	
1791	7.611144e-08	1.312738e-01	
1792	7.616144e-08	-6.29660e-02	
1793	7.620786e-08	5.714048e-02	
1794	7.625786e-08	-4.34142e-02	

Index   time            v(clk)          
--------------------------------------------------------------------------------
1795	7.630786e-08	3.537196e-02	
1796	7.635786e-08	-2.74311e-02	
1797	7.640786e-08	2.252381e-02	
1798	7.645786e-08	-2.33972e-02	
1799	7.650786e-08	4.246674e-03	
1800	7.655786e-08	4.332033e-01	
1801	7.660786e-08	1.780068e+00	
1802	7.664476e-08	1.999751e+00	
1803	7.668079e-08	1.965873e+00	
1804	7.673079e-08	1.986205e+00	
1805	7.677583e-08	1.978113e+00	
1806	7.682583e-08	1.978254e+00	
1807	7.687583e-08	1.982964e+00	
1808	7.692583e-08	2.006277e+00	
1809	7.697583e-08	1.922932e+00	
1810	7.702069e-08	3.124857e-01	
1811	7.704940e-08	-7.57601e-02	
1812	7.708239e-08	6.412704e-02	
1813	7.710682e-08	-3.14799e-02	
1814	7.713312e-08	2.597923e-02	
1815	7.716900e-08	-1.77309e-02	
1816	7.720544e-08	1.400057e-02	
1817	7.725544e-08	-1.09682e-02	
1818	7.730544e-08	9.889756e-03	
1819	7.735544e-08	-1.04532e-02	
1820	7.740544e-08	-2.53517e-03	
1821	7.745544e-08	2.172547e-02	
1822	7.750544e-08	1.450602e+00	
1823	7.755544e-08	2.075459e+00	
1824	7.760044e-08	1.909853e+00	
1825	7.765044e-08	2.029810e+00	
1826	7.769702e-08	1.943858e+00	
1827	7.774702e-08	2.006437e+00	
1828	7.779702e-08	1.959274e+00	
1829	7.784702e-08	2.025629e+00	
1830	7.789702e-08	1.916579e+00	
1831	7.794702e-08	2.402441e-01	
1832	7.797672e-08	-7.36377e-02	
1833	7.801073e-08	6.256085e-02	
1834	7.804244e-08	-3.53453e-02	
1835	7.807100e-08	2.716602e-02	
1836	7.810996e-08	-1.95321e-02	
1837	7.814824e-08	1.485673e-02	
1838	7.819824e-08	-1.11188e-02	
1839	7.824824e-08	9.144928e-03	
1840	7.829824e-08	-1.16272e-02	
1841	7.834824e-08	-7.58702e-03	
1842	7.839824e-08	4.104469e-01	
1843	7.844824e-08	1.748152e+00	
1844	7.848789e-08	2.013619e+00	
1845	7.852836e-08	1.956490e+00	
1846	7.857136e-08	1.992303e+00	
1847	7.861281e-08	1.973690e+00	
1848	7.866281e-08	1.982151e+00	
1849	7.871281e-08	1.978629e+00	
1850	7.876281e-08	2.002901e+00	
1851	7.881281e-08	1.998639e+00	
1852	7.886281e-08	3.597934e-01	

Index   time            v(clk)          
--------------------------------------------------------------------------------
1853	7.889307e-08	-7.32515e-02	
1854	7.892443e-08	6.187634e-02	
1855	7.894893e-08	-2.98032e-02	
1856	7.897495e-08	2.508595e-02	
1857	7.901103e-08	-1.67180e-02	
1858	7.904818e-08	1.329101e-02	
1859	7.909818e-08	-1.05994e-02	
1860	7.914818e-08	9.557424e-03	
1861	7.919818e-08	-1.01135e-02	
1862	7.924818e-08	-2.34868e-03	
1863	7.929818e-08	1.429344e-02	
1864	7.934818e-08	1.429384e+00	
1865	7.939126e-08	2.050301e+00	
1866	7.943336e-08	1.920951e+00	
1867	7.947641e-08	2.020544e+00	
1868	7.951858e-08	1.950752e+00	
1869	7.956858e-08	2.002170e+00	
1870	7.961858e-08	1.960879e+00	
1871	7.966858e-08	2.007697e+00	
1872	7.971858e-08	2.025837e+00	
1873	7.976858e-08	7.632159e-01	
1874	7.980086e-08	8.199499e-03	
1875	7.982656e-08	1.285198e-02	
1876	7.985392e-08	2.472000e-03	
1877	7.988163e-08	5.064520e-03	
1878	7.993163e-08	-7.71919e-04	
1879	7.998088e-08	5.286583e-04	
1880	8.003088e-08	2.503617e-04	
1881	8.008088e-08	1.702601e-04	
1882	8.013088e-08	-2.70419e-03	
1883	8.018088e-08	-1.27659e-02	
1884	8.023088e-08	1.174347e-01	
1885	8.028088e-08	1.565287e+00	
1886	8.031474e-08	2.014869e+00	
1887	8.034376e-08	1.945230e+00	
1888	8.037005e-08	1.992988e+00	
1889	8.039725e-08	1.972061e+00	
1890	8.044725e-08	1.985658e+00	
1891	8.049653e-08	1.975249e+00	
1892	8.054653e-08	1.982439e+00	
1893	8.059653e-08	1.989443e+00	
1894	8.064653e-08	2.044274e+00	
1895	8.069653e-08	7.305255e-01	
1896	8.072688e-08	7.656799e-03	
1897	8.075223e-08	1.401570e-02	
1898	8.077931e-08	1.711775e-03	
1899	8.080700e-08	5.756763e-03	
1900	8.085596e-08	-1.22460e-03	
1901	8.090425e-08	1.193806e-03	
1902	8.095425e-08	-3.89088e-04	
1903	8.100425e-08	7.282285e-04	
1904	8.105425e-08	-2.74391e-03	
1905	8.110425e-08	-1.18981e-02	
1906	8.115425e-08	7.398524e-02	
1907	8.120425e-08	1.506780e+00	
1908	8.124191e-08	2.034204e+00	
1909	8.127239e-08	1.933398e+00	
1910	8.129999e-08	2.003084e+00	

Index   time            v(clk)          
--------------------------------------------------------------------------------
1911	8.132856e-08	1.964284e+00	
1912	8.137856e-08	1.992570e+00	
1913	8.142856e-08	1.968881e+00	
1914	8.147856e-08	1.988376e+00	
1915	8.152856e-08	1.987984e+00	
1916	8.157856e-08	2.044959e+00	
1917	8.162287e-08	7.966678e-01	
1918	8.166230e-08	-2.19643e-02	
1919	8.169190e-08	2.849943e-02	
1920	8.172281e-08	-1.01727e-02	
1921	8.175315e-08	1.231155e-02	
1922	8.180315e-08	-8.02321e-03	
1923	8.185315e-08	6.307051e-03	
1924	8.190315e-08	-4.19409e-03	
1925	8.195315e-08	2.842284e-03	
1926	8.200315e-08	-9.31684e-03	
1927	8.205315e-08	-1.53591e-02	
1928	8.210315e-08	9.833353e-01	
1929	8.213946e-08	1.866387e+00	
1930	8.216593e-08	1.966872e+00	
1931	8.219501e-08	1.970322e+00	
1932	8.223017e-08	1.984814e+00	
1933	8.227611e-08	1.975654e+00	
1934	8.232611e-08	1.983523e+00	
1935	8.237611e-08	1.975785e+00	
1936	8.242611e-08	1.988680e+00	
1937	8.247611e-08	2.019096e+00	
1938	8.252611e-08	1.373772e+00	
1939	8.257611e-08	7.499737e-02	
1940	8.260542e-08	-2.65322e-02	
1941	8.263851e-08	2.825118e-02	
1942	8.267533e-08	-1.56867e-02	
1943	8.271465e-08	1.390994e-02	
1944	8.276465e-08	-1.13208e-02	
1945	8.281465e-08	9.950702e-03	
1946	8.286465e-08	-7.87092e-03	
1947	8.291465e-08	3.219264e-03	
1948	8.296465e-08	-2.13680e-02	
1949	8.301465e-08	3.537299e-01	
1950	8.306465e-08	1.684528e+00	
1951	8.309992e-08	2.022629e+00	
1952	8.314074e-08	1.943270e+00	
1953	8.317286e-08	2.000854e+00	
1954	8.320680e-08	1.966537e+00	
1955	8.325680e-08	1.989928e+00	
1956	8.330680e-08	1.971056e+00	
1957	8.335680e-08	1.991564e+00	
1958	8.340680e-08	2.015820e+00	
1959	8.345680e-08	1.428899e+00	
1960	8.350148e-08	1.078726e-01	
1961	8.353429e-08	-3.97686e-02	
1962	8.356464e-08	3.685521e-02	
1963	8.359558e-08	-1.91541e-02	
1964	8.362959e-08	1.633762e-02	
1965	8.367658e-08	-1.26550e-02	
1966	8.372658e-08	1.068400e-02	
1967	8.377658e-08	-7.91576e-03	
1968	8.382658e-08	4.884427e-03	

Index   time            v(clk)          
--------------------------------------------------------------------------------
1969	8.387658e-08	-1.61816e-02	
1970	8.392658e-08	2.816711e-02	
1971	8.397658e-08	1.371188e+00	
1972	8.401176e-08	1.998148e+00	
1973	8.403810e-08	1.942238e+00	
1974	8.406579e-08	1.994663e+00	
1975	8.409244e-08	1.969251e+00	
1976	8.414244e-08	1.988509e+00	
1977	8.419244e-08	1.972547e+00	
1978	8.424244e-08	1.985215e+00	
1979	8.429244e-08	1.982470e+00	
1980	8.434244e-08	2.036158e+00	
1981	8.439244e-08	1.095885e+00	
1982	8.444039e-08	2.619101e-02	
1983	8.447344e-08	-1.61378e-03	
1984	8.450647e-08	9.651318e-03	
1985	8.454975e-08	-3.40148e-03	
1986	8.459975e-08	3.630053e-03	
1987	8.464975e-08	-2.72376e-03	
1988	8.469975e-08	3.126934e-03	
1989	8.474975e-08	-4.05338e-03	
1990	8.479975e-08	-6.03266e-03	
1991	8.484975e-08	-4.59722e-03	
1992	8.489443e-08	1.116780e+00	
1993	8.492669e-08	1.904832e+00	
1994	8.495069e-08	1.954983e+00	
1995	8.497655e-08	1.974904e+00	
1996	8.500693e-08	1.980095e+00	
1997	8.505693e-08	1.979403e+00	
1998	8.510693e-08	1.980271e+00	
1999	8.515693e-08	1.978817e+00	
2000	8.520693e-08	1.983851e+00	
2001	8.525693e-08	2.017023e+00	
2002	8.530693e-08	1.609060e+00	
2003	8.535693e-08	1.281671e-01	
2004	8.539186e-08	-5.37188e-02	
2005	8.542504e-08	4.781671e-02	
2006	8.545594e-08	-2.79223e-02	
2007	8.548989e-08	2.270901e-02	
2008	8.553343e-08	-1.78244e-02	
2009	8.558173e-08	1.511115e-02	
2010	8.563173e-08	-1.17906e-02	
2011	8.568173e-08	8.193508e-03	
2012	8.573173e-08	-1.95777e-02	
2013	8.578173e-08	3.676699e-02	
2014	8.583173e-08	1.396659e+00	
2015	8.586992e-08	2.024496e+00	
2016	8.589802e-08	1.934266e+00	
2017	8.592715e-08	2.002375e+00	
2018	8.595427e-08	1.964560e+00	
2019	8.600427e-08	1.992613e+00	
2020	8.605427e-08	1.968804e+00	
2021	8.610427e-08	1.988520e+00	
2022	8.615427e-08	1.983724e+00	
2023	8.620427e-08	2.043556e+00	
2024	8.624040e-08	1.547508e+00	
2025	8.628752e-08	1.019789e-01	
2026	8.632035e-08	-4.00053e-02	

Index   time            v(clk)          
--------------------------------------------------------------------------------
2027	8.635062e-08	3.728089e-02	
2028	8.638257e-08	-2.06276e-02	
2029	8.641700e-08	1.803609e-02	
2030	8.646542e-08	-1.45288e-02	
2031	8.651542e-08	1.254937e-02	
2032	8.656542e-08	-9.80215e-03	
2033	8.661542e-08	6.338965e-03	
2034	8.666542e-08	-1.92892e-02	
2035	8.671542e-08	5.741348e-02	
2036	8.676542e-08	1.447652e+00	
2037	8.680752e-08	2.055555e+00	
2038	8.684843e-08	1.918186e+00	
2039	8.688804e-08	2.021406e+00	
2040	8.692618e-08	1.950561e+00	
2041	8.697618e-08	2.003001e+00	
2042	8.702618e-08	1.959934e+00	
2043	8.707618e-08	2.002890e+00	
2044	8.712618e-08	2.011156e+00	
2045	8.717618e-08	1.251144e+00	
2046	8.722618e-08	5.038198e-02	
2047	8.725582e-08	-1.34503e-02	
2048	8.728956e-08	1.842739e-02	
2049	8.733305e-08	-9.33993e-03	
2050	8.737775e-08	8.041369e-03	
2051	8.742775e-08	-6.27072e-03	
2052	8.747775e-08	5.767637e-03	
2053	8.752775e-08	-5.26567e-03	
2054	8.757775e-08	-2.78049e-03	
2055	8.762775e-08	-2.14663e-02	
2056	8.767775e-08	1.028940e+00	
2057	8.772250e-08	1.941996e+00	
2058	8.776707e-08	1.962575e+00	
2059	8.780888e-08	1.995917e+00	
2060	8.785411e-08	1.965388e+00	
2061	8.790411e-08	1.992836e+00	
2062	8.795411e-08	1.967282e+00	
2063	8.800411e-08	1.997299e+00	
2064	8.805411e-08	2.017789e+00	
2065	8.810411e-08	1.213272e+00	
2066	8.814765e-08	6.523388e-02	
2067	8.817481e-08	-1.70412e-02	
2068	8.820644e-08	2.144522e-02	
2069	8.824393e-08	-9.61960e-03	
2070	8.828343e-08	9.019112e-03	
2071	8.833343e-08	-6.95667e-03	
2072	8.838343e-08	6.231286e-03	
2073	8.843343e-08	-4.61252e-03	
2074	8.848343e-08	1.015436e-03	
2075	8.853343e-08	-1.73954e-02	
2076	8.858343e-08	1.942011e-01	
2077	8.863343e-08	1.605375e+00	
2078	8.866444e-08	2.004592e+00	
2079	8.869318e-08	1.948181e+00	
2080	8.871931e-08	1.991697e+00	
2081	8.874629e-08	1.972587e+00	
2082	8.879629e-08	1.985229e+00	
2083	8.884550e-08	1.975597e+00	
2084	8.889550e-08	1.982153e+00	

Index   time            v(clk)          
--------------------------------------------------------------------------------
2085	8.894550e-08	1.989545e+00	
2086	8.899550e-08	2.043065e+00	
2087	8.904550e-08	7.549559e-01	
2088	8.907912e-08	-1.07768e-03	
2089	8.910635e-08	1.797607e-02	
2090	8.913485e-08	-1.78050e-03	
2091	8.916406e-08	7.827415e-03	
2092	8.921406e-08	-3.76744e-03	
2093	8.926406e-08	2.932674e-03	
2094	8.931406e-08	-1.79193e-03	
2095	8.936406e-08	1.969929e-03	
2096	8.941406e-08	-4.95641e-03	
2097	8.946406e-08	-1.34687e-02	
2098	8.951406e-08	2.957105e-01	
2099	8.956406e-08	1.663057e+00	
2100	8.959470e-08	2.007732e+00	
2101	8.963145e-08	1.946929e+00	
2102	8.966502e-08	1.999516e+00	
2103	8.969567e-08	1.966906e+00	
2104	8.974567e-08	1.990313e+00	
2105	8.979481e-08	1.970610e+00	
2106	8.984481e-08	1.988461e+00	
2107	8.989481e-08	2.001468e+00	
2108	8.994481e-08	1.922546e+00	
2109	8.999481e-08	2.337883e-01	
2110	9.002736e-08	-8.09624e-02	
2111	9.005910e-08	6.659415e-02	
2112	9.008383e-08	-3.45197e-02	
2113	9.011209e-08	2.773614e-02	
2114	9.014595e-08	-1.89379e-02	
2115	9.018396e-08	1.471350e-02	
2116	9.023396e-08	-1.14903e-02	
2117	9.028396e-08	1.004258e-02	
2118	9.033396e-08	-1.10536e-02	
2119	9.038396e-08	-4.55781e-03	
2120	9.043396e-08	8.410116e-02	
2121	9.048396e-08	1.538516e+00	
2122	9.051432e-08	2.008512e+00	
2123	9.054146e-08	1.939498e+00	
2124	9.056944e-08	1.998690e+00	
2125	9.059530e-08	1.966251e+00	
2126	9.064530e-08	1.991430e+00	
2127	9.069490e-08	1.969702e+00	
2128	9.074490e-08	1.987924e+00	
2129	9.079490e-08	1.981188e+00	
2130	9.084490e-08	2.040771e+00	
2131	9.089490e-08	1.000399e+00	
2132	9.094287e-08	5.420166e-03	
2133	9.098524e-08	1.014660e-02	
2134	9.102590e-08	-8.57677e-04	
2135	9.107110e-08	3.095817e-03	
2136	9.112110e-08	-2.58176e-03	
2137	9.117110e-08	2.871091e-03	
2138	9.122110e-08	-2.10311e-03	
2139	9.127110e-08	-1.54482e-03	
2140	9.132110e-08	-1.48605e-02	
2141	9.137110e-08	2.498774e-01	
2142	9.142110e-08	1.658081e+00	

Index   time            v(clk)          
--------------------------------------------------------------------------------
2143	9.145710e-08	2.020162e+00	
2144	9.149615e-08	1.947096e+00	
2145	9.152663e-08	1.994975e+00	
2146	9.155834e-08	1.972525e+00	
2147	9.160834e-08	1.984264e+00	
2148	9.165638e-08	1.976658e+00	
2149	9.170638e-08	1.983511e+00	
2150	9.175638e-08	2.012346e+00	
2151	9.180638e-08	1.807283e+00	
2152	9.185638e-08	1.793300e-01	
2153	9.188737e-08	-6.47260e-02	
2154	9.192228e-08	5.602041e-02	
2155	9.195123e-08	-3.06715e-02	
2156	9.198087e-08	2.378953e-02	
2157	9.201977e-08	-1.69379e-02	
2158	9.205919e-08	1.313161e-02	
2159	9.210919e-08	-9.59959e-03	
2160	9.215919e-08	7.800264e-03	
2161	9.220919e-08	-1.15437e-02	
2162	9.225919e-08	-8.93108e-03	
2163	9.230919e-08	5.718693e-01	
2164	9.235919e-08	1.807796e+00	
2165	9.239544e-08	2.001307e+00	
2166	9.243105e-08	1.962879e+00	
2167	9.246563e-08	1.988381e+00	
2168	9.250377e-08	1.975193e+00	
2169	9.255377e-08	1.982462e+00	
2170	9.260377e-08	1.977325e+00	
2171	9.265377e-08	1.994430e+00	
2172	9.270377e-08	2.036299e+00	
2173	9.275377e-08	7.490900e-01	
2174	9.279200e-08	-2.04498e-02	
2175	9.282155e-08	2.837199e-02	
2176	9.285234e-08	-1.04533e-02	
2177	9.288234e-08	1.297059e-02	
2178	9.293234e-08	-8.82919e-03	
2179	9.298234e-08	7.409395e-03	
2180	9.303234e-08	-5.47615e-03	
2181	9.308234e-08	4.308123e-03	
2182	9.313234e-08	-1.03548e-02	
2183	9.318234e-08	-1.43696e-02	
2184	9.323234e-08	9.030223e-01	
2185	9.327027e-08	1.846948e+00	
2186	9.329798e-08	1.971020e+00	
2187	9.332878e-08	1.969876e+00	
2188	9.336979e-08	1.985203e+00	
2189	9.340794e-08	1.976279e+00	
2190	9.345794e-08	1.982577e+00	
2191	9.350794e-08	1.976914e+00	
2192	9.355794e-08	1.987193e+00	
2193	9.360794e-08	2.020490e+00	
2194	9.365794e-08	1.390731e+00	
2195	9.370449e-08	9.339900e-02	
2196	9.373156e-08	-3.19943e-02	
2197	9.376396e-08	3.272204e-02	
2198	9.379657e-08	-1.73999e-02	
2199	9.383212e-08	1.584281e-02	
2200	9.388212e-08	-1.27201e-02	

Index   time            v(clk)          
--------------------------------------------------------------------------------
2201	9.393212e-08	1.100729e-02	
2202	9.398212e-08	-8.58145e-03	
2203	9.403212e-08	5.373975e-03	
2204	9.408212e-08	-1.78018e-02	
2205	9.413212e-08	4.751926e-02	
2206	9.418212e-08	1.445764e+00	
2207	9.421509e-08	2.008922e+00	
2208	9.424115e-08	1.937658e+00	
2209	9.426842e-08	1.998030e+00	
2210	9.429401e-08	1.966682e+00	
2211	9.434401e-08	1.990923e+00	
2212	9.439401e-08	1.970237e+00	
2213	9.444401e-08	1.987478e+00	
2214	9.449401e-08	1.979750e+00	
2215	9.454401e-08	2.034084e+00	
2216	9.458639e-08	1.594106e+00	
2217	9.463639e-08	1.152538e-01	
2218	9.466787e-08	-4.62134e-02	
2219	9.469810e-08	4.197335e-02	
2220	9.472768e-08	-2.31051e-02	
2221	9.476045e-08	1.987804e-02	
2222	9.480463e-08	-1.57230e-02	
2223	9.485422e-08	1.352390e-02	
2224	9.490422e-08	-1.06490e-02	
2225	9.495422e-08	7.900847e-03	
2226	9.500422e-08	-1.73596e-02	
2227	9.505422e-08	9.541442e-03	
2228	9.510422e-08	1.247654e+00	
2229	9.514260e-08	1.991817e+00	
2230	9.518005e-08	1.940584e+00	
2231	9.521431e-08	2.006066e+00	
2232	9.524942e-08	1.959669e+00	
2233	9.529942e-08	1.997119e+00	
2234	9.534942e-08	1.964346e+00	
2235	9.539942e-08	1.993385e+00	
2236	9.544942e-08	1.993403e+00	
2237	9.549942e-08	1.978312e+00	
2238	9.554151e-08	4.712417e-01	
2239	9.557057e-08	-5.49509e-02	
2240	9.559824e-08	4.818497e-02	
2241	9.562162e-08	-1.86458e-02	
2242	9.564611e-08	1.788398e-02	
2243	9.568534e-08	-1.02150e-02	
2244	9.572561e-08	8.279759e-03	
2245	9.577561e-08	-6.10927e-03	
2246	9.582561e-08	5.459137e-03	
2247	9.587561e-08	-5.80054e-03	
2248	9.592561e-08	-5.03350e-03	
2249	9.597561e-08	-2.18435e-03	
2250	9.602561e-08	1.320372e+00	
2251	9.607561e-08	2.051475e+00	
2252	9.612233e-08	1.918014e+00	
2253	9.616093e-08	2.022805e+00	
2254	9.620211e-08	1.948353e+00	
2255	9.625211e-08	2.004590e+00	
2256	9.630211e-08	1.958442e+00	
2257	9.635211e-08	2.012485e+00	
2258	9.640211e-08	2.022665e+00	

Index   time            v(clk)          
--------------------------------------------------------------------------------
2259	9.645211e-08	6.365173e-01	
2260	9.648022e-08	-8.14977e-03	
2261	9.650455e-08	2.307404e-02	
2262	9.653031e-08	-3.73044e-03	
2263	9.655447e-08	1.023840e-02	
2264	9.660279e-08	-4.57826e-03	
2265	9.664843e-08	3.992027e-03	
2266	9.669843e-08	-3.18826e-03	
2267	9.674843e-08	3.544503e-03	
2268	9.679843e-08	-4.77896e-03	
2269	9.684843e-08	-7.08620e-03	
2270	9.689843e-08	1.485420e-02	
2271	9.694843e-08	1.396666e+00	
2272	9.698320e-08	1.990811e+00	
2273	9.700952e-08	1.947823e+00	
2274	9.703698e-08	1.989670e+00	
2275	9.706319e-08	1.973612e+00	
2276	9.711319e-08	1.984350e+00	
2277	9.716319e-08	1.976496e+00	
2278	9.721319e-08	1.981452e+00	
2279	9.726319e-08	1.985414e+00	
2280	9.731319e-08	2.032425e+00	
2281	9.736319e-08	1.122754e+00	
2282	9.739953e-08	7.514884e-02	
2283	9.743100e-08	-2.10505e-02	
2284	9.746075e-08	2.414461e-02	
2285	9.749706e-08	-1.12522e-02	
2286	9.753427e-08	1.082178e-02	
2287	9.758427e-08	-8.49220e-03	
2288	9.763427e-08	7.403087e-03	
2289	9.768427e-08	-5.43338e-03	
2290	9.773427e-08	2.336910e-03	
2291	9.778427e-08	-1.69979e-02	
2292	9.783427e-08	8.718486e-02	
2293	9.788427e-08	1.498602e+00	
2294	9.791567e-08	2.008857e+00	
2295	9.794192e-08	1.939154e+00	
2296	9.796930e-08	1.997620e+00	
2297	9.799471e-08	1.967046e+00	
2298	9.804471e-08	1.990645e+00	
2299	9.809471e-08	1.970468e+00	
2300	9.814471e-08	1.987251e+00	
2301	9.819471e-08	1.980481e+00	
2302	9.824471e-08	2.038270e+00	
2303	9.829471e-08	1.092260e+00	
2304	9.834216e-08	2.578181e-02	
2305	9.838061e-08	-2.15002e-03	
2306	9.841671e-08	9.648857e-03	
2307	9.845966e-08	-4.30087e-03	
2308	9.850966e-08	3.986414e-03	
2309	9.855966e-08	-2.95659e-03	
2310	9.860966e-08	3.194777e-03	
2311	9.865966e-08	-4.80742e-03	
2312	9.870966e-08	-6.93937e-03	
2313	9.875966e-08	2.040823e-02	
2314	9.880966e-08	1.455218e+00	
2315	9.884183e-08	1.992565e+00	
2316	9.886722e-08	1.946784e+00	

Index   time            v(clk)          
--------------------------------------------------------------------------------
2317	9.889370e-08	1.989187e+00	
2318	9.891854e-08	1.973826e+00	
2319	9.896737e-08	1.984131e+00	
2320	9.901737e-08	1.976718e+00	
2321	9.906737e-08	1.981389e+00	
2322	9.911737e-08	1.983417e+00	
2323	9.916737e-08	2.023102e+00	
2324	9.921737e-08	1.413542e+00	
2325	9.926415e-08	9.785511e-02	
2326	9.929461e-08	-3.64797e-02	
2327	9.932581e-08	3.515913e-02	
2328	9.935785e-08	-1.90159e-02	
2329	9.939295e-08	1.651233e-02	
2330	9.944295e-08	-1.31315e-02	
2331	9.949295e-08	1.139283e-02	
2332	9.954295e-08	-8.71404e-03	
2333	9.959295e-08	5.331858e-03	
2334	9.964295e-08	-1.81217e-02	
2335	9.969295e-08	5.419165e-02	
2336	9.974295e-08	1.458667e+00	
2337	9.977964e-08	2.029923e+00	
2338	9.980798e-08	1.932737e+00	
2339	9.983722e-08	2.003695e+00	
2340	9.986387e-08	1.963974e+00	
2341	9.991387e-08	1.993061e+00	
2342	9.995694e-08	1.968739e+00	
2343	1.000000e-07	1.988487e+00	
2344	1.000050e-07	1.980888e+00	
2345	1.000150e-07	1.978845e+00	
2346	1.000350e-07	1.981002e+00	
2347	1.000722e-07	1.997737e+00	
2348	1.001163e-07	2.039886e+00	
2349	1.001606e-07	9.990405e-01	
2350	1.001982e-07	2.607358e-02	
2351	1.002244e-07	3.048103e-03	
2352	1.002529e-07	7.881576e-03	
2353	1.002866e-07	1.118149e-03	
2354	1.003362e-07	1.361019e-03	
2355	1.003862e-07	-1.03185e-03	
2356	1.004362e-07	1.404940e-03	
2357	1.004862e-07	-8.04851e-04	
2358	1.005362e-07	-3.14392e-03	
2359	1.005862e-07	-1.63413e-02	
2360	1.006362e-07	4.170369e-01	
2361	1.006862e-07	1.719522e+00	
2362	1.007188e-07	2.010592e+00	
2363	1.007554e-07	1.949867e+00	
2364	1.007865e-07	1.996762e+00	
2365	1.008205e-07	1.968541e+00	
2366	1.008705e-07	1.988831e+00	
2367	1.009204e-07	1.971750e+00	
2368	1.009602e-07	1.986760e+00	
2369	1.009950e-07	1.991460e+00	
2370	1.010000e-07	2.003575e+00	
2371	1.010037e-07	2.004590e+00	
2372	1.010110e-07	2.011078e+00	
2373	1.010257e-07	2.025853e+00	
2374	1.010550e-07	1.982691e+00	

Index   time            v(clk)          
--------------------------------------------------------------------------------
2375	1.010855e-07	1.041969e+00	
2376	1.011143e-07	5.683242e-02	
2377	1.011355e-07	-4.87494e-03	
2378	1.011581e-07	1.443703e-02	
2379	1.011888e-07	-8.12444e-04	
2380	1.012240e-07	5.188086e-03	
2381	1.012740e-07	-2.60816e-03	
2382	1.013240e-07	2.010676e-03	
2383	1.013740e-07	-7.14851e-04	
2384	1.014240e-07	-3.04164e-04	
2385	1.014740e-07	-7.73415e-03	
2386	1.015240e-07	-1.29595e-02	
2387	1.015740e-07	1.070039e+00	
2388	1.016181e-07	1.952000e+00	
2389	1.016492e-07	1.954168e+00	
2390	1.016808e-07	1.991994e+00	
2391	1.017188e-07	1.969685e+00	
2392	1.017688e-07	1.988671e+00	
2393	1.018188e-07	1.971729e+00	
2394	1.018688e-07	1.986400e+00	
2395	1.019188e-07	1.994729e+00	
2396	1.019688e-07	2.018756e+00	
2397	1.020120e-07	6.301316e-01	
2398	1.020491e-07	-5.06910e-02	
2399	1.020797e-07	4.675903e-02	
2400	1.021071e-07	-2.16268e-02	
2401	1.021355e-07	2.024988e-02	
2402	1.021840e-07	-1.43490e-02	
2403	1.022330e-07	1.175814e-02	
2404	1.022830e-07	-8.86515e-03	
2405	1.023330e-07	7.034474e-03	
2406	1.023830e-07	-1.24616e-02	
2407	1.024330e-07	-1.13794e-02	
2408	1.024830e-07	8.531098e-01	
2409	1.025222e-07	1.834421e+00	
2410	1.025501e-07	1.977093e+00	
2411	1.025813e-07	1.965315e+00	
2412	1.026191e-07	1.988883e+00	
2413	1.026584e-07	1.972888e+00	
2414	1.027084e-07	1.985731e+00	
2415	1.027584e-07	1.973967e+00	
2416	1.028084e-07	1.989342e+00	
2417	1.028584e-07	2.017037e+00	
2418	1.029084e-07	1.451353e+00	
2419	1.029562e-07	1.015471e-01	
2420	1.029842e-07	-3.63037e-02	
2421	1.030166e-07	3.555265e-02	
2422	1.030484e-07	-1.91112e-02	
2423	1.030834e-07	1.674383e-02	
2424	1.031334e-07	-1.33880e-02	
2425	1.031834e-07	1.166807e-02	
2426	1.032334e-07	-9.17422e-03	
2427	1.032834e-07	5.909347e-03	
2428	1.033334e-07	-1.83791e-02	
2429	1.033834e-07	4.965930e-02	
2430	1.034334e-07	1.443748e+00	
2431	1.034664e-07	2.005872e+00	
2432	1.034923e-07	1.939392e+00	

Index   time            v(clk)          
--------------------------------------------------------------------------------
2433	1.035193e-07	1.996205e+00	
2434	1.035447e-07	1.968327e+00	
2435	1.035947e-07	1.989259e+00	
2436	1.036447e-07	1.971863e+00	
2437	1.036947e-07	1.985902e+00	
2438	1.037447e-07	1.980890e+00	
2439	1.037947e-07	2.033028e+00	
2440	1.038447e-07	1.207923e+00	
2441	1.038921e-07	5.101632e-02	
2442	1.039211e-07	-1.41179e-02	
2443	1.039542e-07	1.992542e-02	
2444	1.039986e-07	-1.08929e-02	
2445	1.040420e-07	9.802953e-03	
2446	1.040920e-07	-8.39986e-03	
2447	1.041420e-07	8.036018e-03	
2448	1.041920e-07	-7.31243e-03	
2449	1.042420e-07	2.271897e-04	
2450	1.042920e-07	-2.59676e-02	
2451	1.043420e-07	9.279913e-01	
2452	1.043836e-07	1.868210e+00	
2453	1.044131e-07	1.975585e+00	
2454	1.044451e-07	1.970909e+00	
2455	1.044879e-07	1.985795e+00	
2456	1.045323e-07	1.975210e+00	
2457	1.045823e-07	1.983548e+00	
2458	1.046323e-07	1.975661e+00	
2459	1.046823e-07	1.999106e+00	
2460	1.047323e-07	2.033460e+00	
2461	1.047823e-07	5.833706e-01	
2462	1.048160e-07	-3.97792e-02	
2463	1.048484e-07	4.088970e-02	
2464	1.048778e-07	-1.89472e-02	
2465	1.049060e-07	1.839906e-02	
2466	1.049560e-07	-1.32855e-02	
2467	1.050060e-07	1.121399e-02	
2468	1.050560e-07	-8.69494e-03	
2469	1.051060e-07	6.912573e-03	
2470	1.051560e-07	-1.32478e-02	
2471	1.052060e-07	-9.76317e-03	
2472	1.052560e-07	9.394629e-01	
2473	1.052936e-07	1.868093e+00	
2474	1.053217e-07	1.966430e+00	
2475	1.053516e-07	1.974364e+00	
2476	1.053908e-07	1.981456e+00	
2477	1.054311e-07	1.979365e+00	
2478	1.054811e-07	1.979764e+00	
2479	1.055311e-07	1.979464e+00	
2480	1.055811e-07	1.985295e+00	
2481	1.056311e-07	2.023842e+00	
2482	1.056811e-07	1.347531e+00	
2483	1.057267e-07	8.650083e-02	
2484	1.057534e-07	-2.82585e-02	
2485	1.057855e-07	3.029483e-02	
2486	1.058195e-07	-1.59717e-02	
2487	1.058559e-07	1.460856e-02	
2488	1.059059e-07	-1.19569e-02	
2489	1.059559e-07	1.052095e-02	
2490	1.060059e-07	-8.24221e-03	

Index   time            v(clk)          
--------------------------------------------------------------------------------
2491	1.060559e-07	4.939283e-03	
2492	1.061059e-07	-1.83580e-02	
2493	1.061559e-07	6.492240e-02	
2494	1.062059e-07	1.473530e+00	
2495	1.062403e-07	2.023080e+00	
2496	1.062677e-07	1.934450e+00	
2497	1.062960e-07	2.001976e+00	
2498	1.063222e-07	1.964455e+00	
2499	1.063722e-07	1.992901e+00	
2500	1.064219e-07	1.968462e+00	
2501	1.064719e-07	1.988953e+00	
2502	1.065219e-07	1.981334e+00	
2503	1.065719e-07	2.041353e+00	
2504	1.066102e-07	1.571532e+00	
2505	1.066547e-07	1.265428e-01	
2506	1.066851e-07	-4.69461e-02	
2507	1.067132e-07	4.164427e-02	
2508	1.067411e-07	-2.12433e-02	
2509	1.067721e-07	1.878695e-02	
2510	1.068143e-07	-1.39869e-02	
2511	1.068625e-07	1.186966e-02	
2512	1.069125e-07	-9.10850e-03	
2513	1.069625e-07	7.376149e-03	
2514	1.070125e-07	-1.36099e-02	
2515	1.070625e-07	-8.85659e-03	
2516	1.071125e-07	8.937960e-01	
2517	1.071569e-07	1.902701e+00	
2518	1.071911e-07	1.965867e+00	
2519	1.072273e-07	1.986226e+00	
2520	1.072702e-07	1.972922e+00	
2521	1.073202e-07	1.986939e+00	
2522	1.073702e-07	1.972215e+00	
2523	1.074202e-07	1.987421e+00	
2524	1.074702e-07	2.001347e+00	
2525	1.075202e-07	1.939804e+00	
2526	1.075598e-07	4.682879e-01	
2527	1.075882e-07	-5.56229e-02	
2528	1.076154e-07	4.893176e-02	
2529	1.076383e-07	-1.88329e-02	
2530	1.076623e-07	1.850343e-02	
2531	1.077001e-07	-1.04401e-02	
2532	1.077392e-07	8.475693e-03	
2533	1.077892e-07	-6.54095e-03	
2534	1.078392e-07	6.063749e-03	
2535	1.078892e-07	-6.19395e-03	
2536	1.079392e-07	-3.73527e-03	
2537	1.079892e-07	-1.15105e-02	
2538	1.080392e-07	1.234533e+00	
2539	1.080892e-07	2.026671e+00	
2540	1.081369e-07	1.930627e+00	
2541	1.081776e-07	2.016144e+00	
2542	1.082196e-07	1.952740e+00	
2543	1.082696e-07	2.001202e+00	
2544	1.083196e-07	1.961224e+00	
2545	1.083696e-07	2.011617e+00	
2546	1.084196e-07	2.022792e+00	
2547	1.084696e-07	5.531372e-01	
2548	1.084973e-07	-2.49642e-02	

Index   time            v(clk)          
--------------------------------------------------------------------------------
2549	1.085225e-07	3.141839e-02	
2550	1.085458e-07	-8.43269e-03	
2551	1.085700e-07	1.283083e-02	
2552	1.086183e-07	-6.61796e-03	
2553	1.086625e-07	5.756985e-03	
2554	1.087125e-07	-4.50174e-03	
2555	1.087625e-07	4.447352e-03	
2556	1.088125e-07	-5.42531e-03	
2557	1.088625e-07	-6.17704e-03	
2558	1.089125e-07	9.538676e-03	
2559	1.089625e-07	1.382171e+00	
2560	1.089975e-07	1.989500e+00	
2561	1.090240e-07	1.946886e+00	
2562	1.090516e-07	1.990726e+00	
2563	1.090782e-07	1.972553e+00	
2564	1.091282e-07	1.985364e+00	
2565	1.091782e-07	1.975494e+00	
2566	1.092282e-07	1.982425e+00	
2567	1.092782e-07	1.984909e+00	
2568	1.093282e-07	2.034009e+00	
2569	1.093782e-07	1.087909e+00	
2570	1.094175e-07	5.331229e-02	
2571	1.094490e-07	-1.24051e-02	
2572	1.094789e-07	1.818860e-02	
2573	1.095208e-07	-8.18304e-03	
2574	1.095615e-07	7.792576e-03	
2575	1.096115e-07	-6.37198e-03	
2576	1.096615e-07	5.981603e-03	
2577	1.097115e-07	-4.70519e-03	
2578	1.097615e-07	3.824386e-04	
2579	1.098115e-07	-2.07851e-02	
2580	1.098615e-07	4.557205e-01	
2581	1.099115e-07	1.728640e+00	
2582	1.099435e-07	2.006332e+00	
2583	1.099806e-07	1.951881e+00	
2584	1.100122e-07	1.996018e+00	
2585	1.100467e-07	1.968835e+00	
2586	1.100967e-07	1.988623e+00	
2587	1.101467e-07	1.971844e+00	
2588	1.101967e-07	1.990002e+00	
2589	1.102467e-07	2.010949e+00	
2590	1.102967e-07	1.613650e+00	
2591	1.103467e-07	1.270938e-01	
2592	1.103773e-07	-4.95580e-02	
2593	1.104089e-07	4.412480e-02	
2594	1.104381e-07	-2.36768e-02	
2595	1.104707e-07	1.963406e-02	
2596	1.105155e-07	-1.49241e-02	
2597	1.105651e-07	1.259788e-02	
2598	1.106151e-07	-9.62764e-03	
2599	1.106651e-07	6.650157e-03	
2600	1.107151e-07	-1.60886e-02	
2601	1.107651e-07	1.089688e-02	
2602	1.108151e-07	1.292897e+00	
2603	1.108505e-07	1.979759e+00	
2604	1.108764e-07	1.943869e+00	
2605	1.109038e-07	1.992491e+00	
2606	1.109314e-07	1.970045e+00	

Index   time            v(clk)          
--------------------------------------------------------------------------------
2607	1.109814e-07	1.987828e+00	
2608	1.110314e-07	1.973046e+00	
2609	1.110814e-07	1.984896e+00	
2610	1.111314e-07	1.982327e+00	
2611	1.111814e-07	2.031765e+00	
2612	1.112231e-07	1.619021e+00	
2613	1.112731e-07	1.189967e-01	
2614	1.113064e-07	-4.87522e-02	
2615	1.113379e-07	4.386716e-02	
2616	1.113683e-07	-2.47288e-02	
2617	1.114018e-07	2.060036e-02	
2618	1.114461e-07	-1.64010e-02	
2619	1.114957e-07	1.399628e-02	
2620	1.115457e-07	-1.08248e-02	
2621	1.115957e-07	7.573243e-03	
2622	1.116457e-07	-1.83904e-02	
2623	1.116957e-07	2.538436e-02	
2624	1.117457e-07	1.354501e+00	
2625	1.117854e-07	2.025116e+00	
2626	1.118183e-07	1.931031e+00	
2627	1.118496e-07	2.007951e+00	
2628	1.118804e-07	1.960116e+00	
2629	1.119304e-07	1.996348e+00	
2630	1.119804e-07	1.965395e+00	
2631	1.120304e-07	1.991669e+00	
2632	1.120804e-07	1.989779e+00	
2633	1.121304e-07	2.024440e+00	
2634	1.121661e-07	1.052763e+00	
2635	1.122026e-07	2.537930e-02	
2636	1.122271e-07	3.467938e-03	
2637	1.122538e-07	7.986673e-03	
2638	1.122858e-07	1.392371e-03	
2639	1.123341e-07	2.048083e-03	
2640	1.123841e-07	-1.53187e-03	
2641	1.124341e-07	1.737366e-03	
2642	1.124841e-07	-9.18296e-04	
2643	1.125341e-07	-2.35269e-03	
2644	1.125841e-07	-1.46223e-02	
2645	1.126341e-07	2.209962e-01	
2646	1.126841e-07	1.614330e+00	
2647	1.127280e-07	2.063019e+00	
2648	1.127723e-07	1.919294e+00	
2649	1.128223e-07	2.023494e+00	
2650	1.128679e-07	1.948242e+00	
2651	1.129179e-07	2.003529e+00	
2652	1.129679e-07	1.961984e+00	
2653	1.130179e-07	2.028206e+00	
2654	1.130679e-07	1.849456e+00	
2655	1.131179e-07	2.018496e-01	
2656	1.131497e-07	-7.36650e-02	
2657	1.131852e-07	6.345032e-02	
2658	1.132145e-07	-3.66239e-02	
2659	1.132436e-07	2.850575e-02	
2660	1.132818e-07	-2.11438e-02	
2661	1.133198e-07	1.654917e-02	
2662	1.133698e-07	-1.28383e-02	
2663	1.134198e-07	1.071151e-02	
2664	1.134698e-07	-1.40091e-02	

Index   time            v(clk)          
--------------------------------------------------------------------------------
2665	1.135198e-07	-6.67224e-03	
2666	1.135698e-07	5.561712e-01	
2667	1.136198e-07	1.810588e+00	
2668	1.136605e-07	2.001447e+00	
2669	1.137000e-07	1.967181e+00	
2670	1.137500e-07	1.985568e+00	
2671	1.137985e-07	1.978181e+00	
2672	1.138485e-07	1.978186e+00	
2673	1.138985e-07	1.985171e+00	
2674	1.139485e-07	2.015923e+00	
2675	1.139985e-07	1.602804e+00	
2676	1.140485e-07	1.319198e-01	
2677	1.140834e-07	-5.39215e-02	
2678	1.141167e-07	4.769517e-02	
2679	1.141472e-07	-2.73122e-02	
2680	1.141808e-07	2.199116e-02	
2681	1.142232e-07	-1.67281e-02	
2682	1.142701e-07	1.409844e-02	
2683	1.143201e-07	-1.07171e-02	
2684	1.143701e-07	7.396926e-03	
2685	1.144201e-07	-1.88103e-02	
2686	1.144701e-07	3.364614e-02	
2687	1.145201e-07	1.375038e+00	
2688	1.145569e-07	2.003410e+00	
2689	1.145839e-07	1.942673e+00	
2690	1.146122e-07	1.994801e+00	
2691	1.146389e-07	1.969981e+00	
2692	1.146889e-07	1.987640e+00	
2693	1.147388e-07	1.973384e+00	
2694	1.147888e-07	1.984304e+00	
2695	1.148388e-07	1.985243e+00	
2696	1.148888e-07	2.041792e+00	
2697	1.149388e-07	9.023310e-01	
2698	1.149765e-07	1.848069e-02	
2699	1.150045e-07	6.413361e-03	
2700	1.150344e-07	5.637665e-03	
2701	1.150685e-07	1.884525e-03	
2702	1.151185e-07	5.847816e-04	
2703	1.151685e-07	-6.40508e-04	
2704	1.152185e-07	1.341829e-03	
2705	1.152685e-07	-1.10414e-03	
2706	1.153185e-07	-3.22561e-03	
2707	1.153685e-07	-1.92260e-02	
2708	1.154185e-07	5.818812e-01	
2709	1.154685e-07	1.786432e+00	
2710	1.155041e-07	2.006374e+00	
2711	1.155401e-07	1.957217e+00	
2712	1.155746e-07	1.993280e+00	
2713	1.156129e-07	1.970631e+00	
2714	1.156629e-07	1.986841e+00	
2715	1.157129e-07	1.973104e+00	
2716	1.157629e-07	1.999067e+00	
2717	1.158129e-07	2.029927e+00	
2718	1.158526e-07	1.283075e+00	
2719	1.158928e-07	7.079422e-02	
2720	1.159174e-07	-1.72679e-02	
2721	1.159457e-07	2.159040e-02	
2722	1.159802e-07	-8.12528e-03	

Index   time            v(clk)          
--------------------------------------------------------------------------------
2723	1.160163e-07	8.809254e-03	
2724	1.160663e-07	-6.40596e-03	
2725	1.161163e-07	5.422298e-03	
2726	1.161663e-07	-3.63756e-03	
2727	1.162163e-07	9.897926e-04	
2728	1.162663e-07	-1.29459e-02	
2729	1.163163e-07	3.279717e-02	
2730	1.163663e-07	1.433525e+00	
2731	1.164050e-07	2.030246e+00	
2732	1.164339e-07	1.934310e+00	
2733	1.164638e-07	2.002502e+00	
2734	1.164909e-07	1.965456e+00	
2735	1.165399e-07	1.991469e+00	
2736	1.165899e-07	1.969970e+00	
2737	1.166399e-07	1.987304e+00	
2738	1.166899e-07	1.987288e+00	
2739	1.167399e-07	2.042862e+00	
2740	1.167745e-07	1.481955e+00	
2741	1.168185e-07	9.360350e-02	
2742	1.168506e-07	-3.41467e-02	
2743	1.168801e-07	3.293840e-02	
2744	1.169126e-07	-1.71787e-02	
2745	1.169472e-07	1.511410e-02	
2746	1.169972e-07	-1.20472e-02	
2747	1.170472e-07	1.037798e-02	
2748	1.170972e-07	-7.88597e-03	
2749	1.171472e-07	4.420199e-03	
2750	1.171972e-07	-1.79072e-02	
2751	1.172472e-07	6.931949e-02	
2752	1.172972e-07	1.476657e+00	
2753	1.173409e-07	2.063168e+00	
2754	1.173835e-07	1.915868e+00	
2755	1.174248e-07	2.022926e+00	
2756	1.174635e-07	1.950135e+00	
2757	1.175135e-07	2.002663e+00	
2758	1.175635e-07	1.960422e+00	
2759	1.176135e-07	2.009688e+00	
2760	1.176635e-07	2.024540e+00	
2761	1.177135e-07	6.834096e-01	
2762	1.177421e-07	5.944190e-04	
2763	1.177664e-07	1.861395e-02	
2764	1.177924e-07	-1.39375e-03	
2765	1.178176e-07	8.834706e-03	
2766	1.178611e-07	-3.32884e-03	
2767	1.179054e-07	3.514175e-03	
2768	1.179554e-07	-2.72656e-03	
2769	1.180054e-07	3.143223e-03	
2770	1.180554e-07	-4.25654e-03	
2771	1.181054e-07	-6.30373e-03	
2772	1.181554e-07	1.122163e-03	
2773	1.182054e-07	1.316524e+00	
2774	1.182429e-07	1.983533e+00	
2775	1.182700e-07	1.948304e+00	
2776	1.182985e-07	1.990806e+00	
2777	1.183266e-07	1.972425e+00	
2778	1.183766e-07	1.985414e+00	
2779	1.184266e-07	1.975417e+00	
2780	1.184766e-07	1.982410e+00	

Index   time            v(clk)          
--------------------------------------------------------------------------------
2781	1.185266e-07	1.987085e+00	
2782	1.185766e-07	2.039634e+00	
2783	1.186208e-07	1.210256e+00	
2784	1.186572e-07	8.519048e-02	
2785	1.186881e-07	-2.50347e-02	
2786	1.187176e-07	2.715347e-02	
2787	1.187517e-07	-1.26037e-02	
2788	1.187869e-07	1.177780e-02	
2789	1.188369e-07	-9.33603e-03	
2790	1.188869e-07	8.065899e-03	
2791	1.189369e-07	-5.81244e-03	
2792	1.189869e-07	2.954712e-03	
2793	1.190369e-07	-1.60789e-02	
2794	1.190869e-07	5.171720e-02	
2795	1.191369e-07	1.439001e+00	
2796	1.191708e-07	2.011385e+00	
2797	1.191974e-07	1.937600e+00	
2798	1.192253e-07	1.999016e+00	
2799	1.192515e-07	1.965986e+00	
2800	1.193015e-07	1.991598e+00	
2801	1.193515e-07	1.969600e+00	
2802	1.194015e-07	1.988004e+00	
2803	1.194515e-07	1.981047e+00	
2804	1.195015e-07	2.042297e+00	
2805	1.195464e-07	1.244401e+00	
2806	1.195957e-07	4.201223e-02	
2807	1.196345e-07	-1.21884e-02	
2808	1.196716e-07	1.697577e-02	
2809	1.197169e-07	-1.00823e-02	
2810	1.197669e-07	8.721630e-03	
2811	1.198169e-07	-6.73577e-03	
2812	1.198669e-07	6.228541e-03	
2813	1.199169e-07	-7.80478e-03	
2814	1.199669e-07	-5.60403e-03	
2815	1.200169e-07	5.209813e-02	
2816	1.200669e-07	1.527544e+00	
2817	1.200990e-07	2.005563e+00	
2818	1.201255e-07	1.946076e+00	
2819	1.201529e-07	1.991157e+00	
2820	1.201776e-07	1.973628e+00	
2821	1.202236e-07	1.984090e+00	
2822	1.202736e-07	1.976785e+00	
2823	1.203236e-07	1.981146e+00	
2824	1.203736e-07	1.986145e+00	
2825	1.204236e-07	2.028809e+00	
2826	1.204660e-07	1.558576e+00	
2827	1.205146e-07	1.118322e-01	
2828	1.205446e-07	-4.25228e-02	
2829	1.205748e-07	3.930603e-02	
2830	1.206044e-07	-2.07774e-02	
2831	1.206373e-07	1.806713e-02	
2832	1.206838e-07	-1.42021e-02	
2833	1.207338e-07	1.213313e-02	
2834	1.207838e-07	-9.35877e-03	
2835	1.208338e-07	6.491663e-03	
2836	1.208838e-07	-1.66260e-02	
2837	1.209338e-07	1.507590e-02	
2838	1.209838e-07	1.319440e+00	

Index   time            v(clk)          
--------------------------------------------------------------------------------
2839	1.210209e-07	1.999695e+00	
2840	1.210493e-07	1.939108e+00	
2841	1.210775e-07	1.998886e+00	
2842	1.211061e-07	1.965747e+00	
2843	1.211561e-07	1.991746e+00	
2844	1.212061e-07	1.969485e+00	
2845	1.212561e-07	1.987997e+00	
2846	1.213061e-07	1.983606e+00	
2847	1.213561e-07	2.042214e+00	
2848	1.213936e-07	1.516655e+00	
2849	1.214400e-07	9.946441e-02	
2850	1.214717e-07	-3.80617e-02	
2851	1.215008e-07	3.560454e-02	
2852	1.215320e-07	-1.90140e-02	
2853	1.215658e-07	1.672163e-02	
2854	1.216141e-07	-1.31853e-02	
2855	1.216641e-07	1.146676e-02	
2856	1.217141e-07	-8.81702e-03	
2857	1.217641e-07	5.723677e-03	
2858	1.218141e-07	-1.79023e-02	
2859	1.218641e-07	3.955299e-02	
2860	1.219141e-07	1.413987e+00	
2861	1.219552e-07	2.046626e+00	
2862	1.219952e-07	1.921226e+00	
2863	1.220338e-07	2.019290e+00	
2864	1.220718e-07	1.951699e+00	
2865	1.221218e-07	2.002311e+00	
2866	1.221718e-07	1.960466e+00	
2867	1.222218e-07	2.000762e+00	
2868	1.222718e-07	2.007919e+00	
2869	1.223218e-07	1.410760e+00	
2870	1.223718e-07	8.296154e-02	
2871	1.224003e-07	-2.80601e-02	
2872	1.224337e-07	2.933610e-02	
2873	1.224684e-07	-1.53692e-02	
2874	1.225059e-07	1.321961e-02	
2875	1.225559e-07	-1.04577e-02	
2876	1.226059e-07	9.045856e-03	
2877	1.226559e-07	-6.78792e-03	
2878	1.227059e-07	2.554283e-03	
2879	1.227559e-07	-1.96064e-02	
2880	1.228059e-07	2.596691e-01	
2881	1.228559e-07	1.642806e+00	
2882	1.228874e-07	2.003277e+00	
2883	1.229179e-07	1.952334e+00	
2884	1.229450e-07	1.989795e+00	
2885	1.229732e-07	1.974565e+00	
2886	1.230232e-07	1.983451e+00	
2887	1.230732e-07	1.977065e+00	
2888	1.231232e-07	1.980928e+00	
2889	1.231732e-07	1.997748e+00	
2890	1.232232e-07	2.026837e+00	
2891	1.232732e-07	3.898040e-01	
2892	1.233027e-07	-6.34141e-02	
2893	1.233352e-07	5.578573e-02	
2894	1.233606e-07	-2.61477e-02	
2895	1.233871e-07	2.248691e-02	
2896	1.234277e-07	-1.51286e-02	

Index   time            v(clk)          
--------------------------------------------------------------------------------
2897	1.234674e-07	1.174411e-02	
2898	1.235174e-07	-9.00276e-03	
2899	1.235674e-07	7.933306e-03	
2900	1.236174e-07	-9.19986e-03	
2901	1.236674e-07	-6.36375e-03	
2902	1.237174e-07	8.825891e-02	
2903	1.237674e-07	1.540581e+00	
2904	1.237987e-07	2.009522e+00	
2905	1.238261e-07	1.941105e+00	
2906	1.238543e-07	1.997435e+00	
2907	1.238802e-07	1.967739e+00	
2908	1.239302e-07	1.989940e+00	
2909	1.239792e-07	1.971139e+00	
2910	1.240292e-07	1.986486e+00	
2911	1.240792e-07	1.984048e+00	
2912	1.241292e-07	2.044172e+00	
2913	1.241726e-07	1.203118e+00	
2914	1.242203e-07	3.409953e-02	
2915	1.242595e-07	-6.96817e-03	
2916	1.242972e-07	1.301635e-02	
2917	1.243415e-07	-6.98673e-03	
2918	1.243915e-07	5.920973e-03	
2919	1.244415e-07	-4.21177e-03	
2920	1.244915e-07	3.987441e-03	
2921	1.245415e-07	-5.93028e-03	
2922	1.245915e-07	-7.90401e-03	
2923	1.246415e-07	6.904867e-02	
2924	1.246915e-07	1.541378e+00	
2925	1.247237e-07	2.009565e+00	
2926	1.247506e-07	1.945120e+00	
2927	1.247755e-07	1.991080e+00	
2928	1.248012e-07	1.973027e+00	
2929	1.248445e-07	1.984622e+00	
2930	1.248945e-07	1.976231e+00	
2931	1.249445e-07	1.981765e+00	
2932	1.249945e-07	1.984712e+00	
2933	1.250445e-07	2.027504e+00	
2934	1.250945e-07	1.234055e+00	
2935	1.251406e-07	6.109343e-02	
2936	1.251684e-07	-1.82388e-02	
2937	1.252009e-07	2.269705e-02	
2938	1.252408e-07	-1.20091e-02	
2939	1.252819e-07	1.101251e-02	
2940	1.253319e-07	-9.00008e-03	
2941	1.253819e-07	8.300645e-03	
2942	1.254319e-07	-6.95772e-03	
2943	1.254819e-07	1.997576e-03	
2944	1.255319e-07	-2.25228e-02	
2945	1.255819e-07	5.211916e-01	
2946	1.256319e-07	1.760412e+00	
2947	1.256655e-07	2.008694e+00	
2948	1.257040e-07	1.952721e+00	
2949	1.257366e-07	1.996099e+00	
2950	1.257735e-07	1.968767e+00	
2951	1.258235e-07	1.988302e+00	
2952	1.258735e-07	1.972064e+00	
2953	1.259235e-07	1.996444e+00	
2954	1.259735e-07	2.029730e+00	

Index   time            v(clk)          
--------------------------------------------------------------------------------
2955	1.260235e-07	9.022653e-01	
2956	1.260547e-07	4.051834e-02	
2957	1.260810e-07	-3.22716e-04	
2958	1.261074e-07	1.027696e-02	
2959	1.261404e-07	1.041049e-03	
2960	1.261853e-07	1.758568e-03	
2961	1.262353e-07	-9.64987e-04	
2962	1.262853e-07	8.654616e-04	
2963	1.263353e-07	3.271956e-04	
2964	1.263853e-07	-3.01326e-03	
2965	1.264353e-07	-1.19788e-02	
2966	1.264853e-07	9.697644e-02	
2967	1.265353e-07	1.530828e+00	
2968	1.265662e-07	2.005963e+00	
2969	1.265926e-07	1.942890e+00	
2970	1.266201e-07	1.994853e+00	
2971	1.266453e-07	1.969594e+00	
2972	1.266953e-07	1.988255e+00	
2973	1.267442e-07	1.972716e+00	
2974	1.267942e-07	1.985056e+00	
2975	1.268442e-07	1.984203e+00	
2976	1.268942e-07	2.040079e+00	
2977	1.269388e-07	1.230312e+00	
2978	1.269879e-07	3.768242e-02	
2979	1.270278e-07	-9.53345e-03	
2980	1.270663e-07	1.462609e-02	
2981	1.271118e-07	-8.31766e-03	
2982	1.271618e-07	7.025641e-03	
2983	1.272118e-07	-5.10442e-03	
2984	1.272618e-07	4.648782e-03	
2985	1.273118e-07	-6.68309e-03	
2986	1.273618e-07	-7.92417e-03	
2987	1.274118e-07	9.850049e-02	
2988	1.274618e-07	1.572418e+00	
2989	1.274947e-07	2.015476e+00	
2990	1.275231e-07	1.944271e+00	
2991	1.275488e-07	1.993012e+00	
2992	1.275754e-07	1.972130e+00	
2993	1.276197e-07	1.985395e+00	
2994	1.276697e-07	1.975459e+00	
2995	1.277197e-07	1.982279e+00	
2996	1.277697e-07	1.989485e+00	
2997	1.278197e-07	2.038403e+00	
2998	1.278555e-07	1.561476e+00	
2999	1.279016e-07	1.109453e-01	
3000	1.279264e-07	-3.61963e-02	
3001	1.279561e-07	3.555804e-02	
3002	1.279844e-07	-1.69927e-02	
3003	1.280160e-07	1.607294e-02	
3004	1.280660e-07	-1.25262e-02	
3005	1.281160e-07	1.070772e-02	
3006	1.281660e-07	-8.23634e-03	
3007	1.282160e-07	5.830381e-03	
3008	1.282660e-07	-1.51628e-02	
3009	1.283160e-07	5.004635e-03	
3010	1.283660e-07	1.254105e+00	
3011	1.284006e-07	1.968718e+00	
3012	1.284303e-07	1.944850e+00	

Index   time            v(clk)          
--------------------------------------------------------------------------------
3013	1.284578e-07	1.995188e+00	
3014	1.284887e-07	1.967054e+00	
3015	1.285387e-07	1.990890e+00	
3016	1.285887e-07	1.970049e+00	
3017	1.286387e-07	1.987670e+00	
3018	1.286887e-07	1.983491e+00	
3019	1.287387e-07	2.041626e+00	
3020	1.287756e-07	1.562738e+00	
3021	1.288239e-07	1.028487e-01	
3022	1.288535e-07	-3.90218e-02	
3023	1.288826e-07	3.653883e-02	
3024	1.289127e-07	-1.91982e-02	
3025	1.289457e-07	1.708033e-02	
3026	1.289935e-07	-1.34574e-02	
3027	1.290435e-07	1.173791e-02	
3028	1.290935e-07	-9.09792e-03	
3029	1.291435e-07	6.244439e-03	
3030	1.291935e-07	-1.74886e-02	
3031	1.292435e-07	2.580576e-02	
3032	1.292935e-07	1.369653e+00	
3033	1.293321e-07	2.026830e+00	
3034	1.293695e-07	1.928081e+00	
3035	1.294054e-07	2.013889e+00	
3036	1.294400e-07	1.955334e+00	
3037	1.294900e-07	2.000081e+00	
3038	1.295400e-07	1.962081e+00	
3039	1.295900e-07	1.996155e+00	
3040	1.296400e-07	1.997891e+00	
3041	1.296900e-07	1.879036e+00	
3042	1.297400e-07	2.113655e-01	
3043	1.297706e-07	-7.20236e-02	
3044	1.298060e-07	6.194471e-02	
3045	1.298318e-07	-3.22467e-02	
3046	1.298615e-07	2.555401e-02	
3047	1.298981e-07	-1.79690e-02	
3048	1.299368e-07	1.380014e-02	
3049	1.299868e-07	-1.03002e-02	
3050	1.300368e-07	8.568188e-03	
3051	1.300868e-07	-1.11761e-02	
3052	1.301368e-07	-7.87925e-03	
3053	1.301868e-07	4.031606e-01	
3054	1.302368e-07	1.722824e+00	
3055	1.302753e-07	2.032506e+00	
3056	1.303157e-07	1.939770e+00	
3057	1.303603e-07	2.007856e+00	
3058	1.304039e-07	1.959551e+00	
3059	1.304539e-07	1.995256e+00	
3060	1.305039e-07	1.967174e+00	
3061	1.305539e-07	2.016837e+00	
3062	1.306039e-07	1.952472e+00	
3063	1.306539e-07	2.685279e-01	
3064	1.306826e-07	-7.57607e-02	
3065	1.307162e-07	6.415870e-02	
3066	1.307409e-07	-3.22437e-02	
3067	1.307676e-07	2.608511e-02	
3068	1.308026e-07	-1.75596e-02	
3069	1.308383e-07	1.350460e-02	
3070	1.308883e-07	-1.05453e-02	

Index   time            v(clk)          
--------------------------------------------------------------------------------
3071	1.309383e-07	9.277016e-03	
3072	1.309883e-07	-1.02435e-02	
3073	1.310383e-07	-4.48421e-03	
3074	1.310883e-07	6.349989e-02	
3075	1.311383e-07	1.524177e+00	
3076	1.311734e-07	2.017233e+00	
3077	1.312019e-07	1.943096e+00	
3078	1.312280e-07	1.993885e+00	
3079	1.312550e-07	1.971373e+00	
3080	1.313050e-07	1.986227e+00	
3081	1.313539e-07	1.974757e+00	
3082	1.314039e-07	1.982897e+00	
3083	1.314539e-07	1.989205e+00	
3084	1.315039e-07	2.044231e+00	
3085	1.315450e-07	1.181923e+00	
3086	1.315803e-07	7.475331e-02	
3087	1.316103e-07	-1.94009e-02	
3088	1.316390e-07	2.302896e-02	
3089	1.316767e-07	-1.00062e-02	
3090	1.317120e-07	9.551001e-03	
3091	1.317620e-07	-7.35291e-03	
3092	1.318120e-07	6.427549e-03	
3093	1.318620e-07	-4.51161e-03	
3094	1.319120e-07	1.415040e-03	
3095	1.319620e-07	-1.63344e-02	
3096	1.320120e-07	9.621356e-02	
3097	1.320620e-07	1.509699e+00	
3098	1.320944e-07	2.014713e+00	
3099	1.321215e-07	1.938314e+00	
3100	1.321496e-07	1.999253e+00	
3101	1.321755e-07	1.966201e+00	
3102	1.322255e-07	1.991387e+00	
3103	1.322745e-07	1.969784e+00	
3104	1.323245e-07	1.987777e+00	
3105	1.323745e-07	1.983204e+00	
3106	1.324245e-07	2.046037e+00	
3107	1.324668e-07	1.229081e+00	
3108	1.325148e-07	3.597268e-02	
3109	1.325535e-07	-8.18672e-03	
3110	1.325904e-07	1.389674e-02	
3111	1.326344e-07	-7.64190e-03	
3112	1.326844e-07	6.759609e-03	
3113	1.327344e-07	-4.91855e-03	
3114	1.327844e-07	4.531491e-03	
3115	1.328344e-07	-6.33892e-03	
3116	1.328844e-07	-7.18650e-03	
3117	1.329344e-07	6.321428e-02	
3118	1.329844e-07	1.539805e+00	
3119	1.330164e-07	2.007188e+00	
3120	1.330432e-07	1.945457e+00	
3121	1.330679e-07	1.990524e+00	
3122	1.330934e-07	1.973502e+00	
3123	1.331361e-07	1.984017e+00	
3124	1.331861e-07	1.976808e+00	
3125	1.332361e-07	1.981187e+00	
3126	1.332861e-07	1.985116e+00	
3127	1.333361e-07	2.026983e+00	
3128	1.333808e-07	1.522883e+00	

Index   time            v(clk)          
--------------------------------------------------------------------------------
3129	1.334291e-07	1.083695e-01	
3130	1.334573e-07	-3.98353e-02	
3131	1.334887e-07	3.812339e-02	
3132	1.335188e-07	-2.02010e-02	
3133	1.335522e-07	1.776736e-02	
3134	1.336018e-07	-1.44182e-02	
3135	1.336518e-07	1.242577e-02	
3136	1.337018e-07	-9.63212e-03	
3137	1.337518e-07	6.425123e-03	
3138	1.338018e-07	-1.80692e-02	
3139	1.338518e-07	3.567552e-02	
3140	1.339018e-07	1.414111e+00	
3141	1.339363e-07	2.011720e+00	
3142	1.339639e-07	1.936308e+00	
3143	1.339914e-07	1.999885e+00	
3144	1.340181e-07	1.965454e+00	
3145	1.340681e-07	1.991997e+00	
3146	1.341178e-07	1.969273e+00	
3147	1.341678e-07	1.988211e+00	
3148	1.342178e-07	1.982713e+00	
3149	1.342678e-07	2.041723e+00	
3150	1.343071e-07	1.462067e+00	
3151	1.343523e-07	9.558177e-02	
3152	1.343825e-07	-3.50628e-02	
3153	1.344108e-07	3.361844e-02	
3154	1.344419e-07	-1.73691e-02	
3155	1.344755e-07	1.604529e-02	
3156	1.345255e-07	-1.27782e-02	
3157	1.345755e-07	1.102908e-02	
3158	1.346255e-07	-8.57747e-03	
3159	1.346755e-07	5.543877e-03	
3160	1.347255e-07	-1.76261e-02	
3161	1.347755e-07	3.843018e-02	
3162	1.348255e-07	1.416071e+00	
3163	1.348654e-07	2.042190e+00	
3164	1.349039e-07	1.923063e+00	
3165	1.349416e-07	2.017660e+00	
3166	1.349790e-07	1.952695e+00	
3167	1.350290e-07	2.001797e+00	
3168	1.350790e-07	1.960760e+00	
3169	1.351290e-07	1.999613e+00	
3170	1.351790e-07	2.005611e+00	
3171	1.352290e-07	1.519301e+00	
3172	1.352790e-07	1.061726e-01	
3173	1.353104e-07	-4.01142e-02	
3174	1.353422e-07	3.732234e-02	
3175	1.353737e-07	-1.98565e-02	
3176	1.354083e-07	1.656881e-02	
3177	1.354580e-07	-1.29622e-02	
3178	1.355080e-07	1.098499e-02	
3179	1.355580e-07	-8.17407e-03	
3180	1.356080e-07	4.187797e-03	
3181	1.356580e-07	-1.91297e-02	
3182	1.357080e-07	1.273868e-01	
3183	1.357580e-07	1.550176e+00	
3184	1.357895e-07	2.003750e+00	
3185	1.358161e-07	1.948071e+00	
3186	1.358437e-07	1.990450e+00	

Index   time            v(clk)          
--------------------------------------------------------------------------------
3187	1.358686e-07	1.973948e+00	
3188	1.359182e-07	1.984015e+00	
3189	1.359666e-07	1.976778e+00	
3190	1.360166e-07	1.981089e+00	
3191	1.360666e-07	1.988573e+00	
3192	1.361166e-07	2.039886e+00	
3193	1.361666e-07	8.652157e-01	
3194	1.361991e-07	2.825279e-02	
3195	1.362246e-07	4.379519e-03	
3196	1.362524e-07	7.355553e-03	
3197	1.362840e-07	2.276737e-03	
3198	1.363340e-07	8.530354e-04	
3199	1.363834e-07	-3.48638e-04	
3200	1.364334e-07	7.550035e-04	
3201	1.364834e-07	7.785813e-05	
3202	1.365334e-07	-3.21103e-03	
3203	1.365834e-07	-1.48461e-02	
3204	1.366334e-07	2.663214e-01	
3205	1.366834e-07	1.644139e+00	
3206	1.367142e-07	2.008416e+00	
3207	1.367460e-07	1.945901e+00	
3208	1.367743e-07	1.996967e+00	
3209	1.368037e-07	1.968249e+00	
3210	1.368537e-07	1.989344e+00	
3211	1.369020e-07	1.971446e+00	
3212	1.369520e-07	1.986699e+00	
3213	1.370020e-07	1.996895e+00	
3214	1.370520e-07	1.994656e+00	
3215	1.370969e-07	4.101222e-01	
3216	1.371302e-07	-7.66733e-02	
3217	1.371640e-07	6.512145e-02	
3218	1.371899e-07	-3.30702e-02	
3219	1.372175e-07	2.699197e-02	
3220	1.372556e-07	-1.88599e-02	
3221	1.372943e-07	1.462805e-02	
3222	1.373443e-07	-1.13140e-02	
3223	1.373943e-07	9.810066e-03	
3224	1.374443e-07	-1.12232e-02	
3225	1.374943e-07	-6.00290e-03	
3226	1.375443e-07	1.724913e-01	
3227	1.375943e-07	1.601234e+00	
3228	1.376242e-07	2.009931e+00	
3229	1.376536e-07	1.941533e+00	
3230	1.376836e-07	2.000027e+00	
3231	1.377107e-07	1.965639e+00	
3232	1.377607e-07	1.992005e+00	
3233	1.378107e-07	1.968951e+00	
3234	1.378607e-07	1.988636e+00	
3235	1.379107e-07	1.990553e+00	
3236	1.379607e-07	2.032794e+00	
3237	1.380052e-07	6.381203e-01	
3238	1.380404e-07	-4.52547e-02	
3239	1.380738e-07	4.460988e-02	
3240	1.381045e-07	-2.21860e-02	
3241	1.381338e-07	2.051776e-02	
3242	1.381838e-07	-1.51005e-02	
3243	1.382338e-07	1.260519e-02	
3244	1.382838e-07	-9.73334e-03	

Index   time            v(clk)          
--------------------------------------------------------------------------------
3245	1.383338e-07	7.236404e-03	
3246	1.383838e-07	-1.51973e-02	
3247	1.384338e-07	-2.25824e-03	
3248	1.384838e-07	1.188700e+00	
3249	1.385174e-07	1.927098e+00	
3250	1.385423e-07	1.955180e+00	
3251	1.385690e-07	1.979179e+00	
3252	1.385991e-07	1.978685e+00	
3253	1.386491e-07	1.980330e+00	
3254	1.386991e-07	1.979715e+00	
3255	1.387491e-07	1.978902e+00	
3256	1.387991e-07	1.987317e+00	
3257	1.388491e-07	2.026986e+00	
3258	1.388901e-07	1.659573e+00	
3259	1.389345e-07	1.617944e-01	
3260	1.389584e-07	-5.06248e-02	
3261	1.389890e-07	4.637013e-02	
3262	1.390134e-07	-2.19436e-02	
3263	1.390421e-07	2.033813e-02	
3264	1.390849e-07	-1.49873e-02	
3265	1.391301e-07	1.249171e-02	
3266	1.391801e-07	-9.90746e-03	
3267	1.392301e-07	8.774625e-03	
3268	1.392801e-07	-1.19388e-02	
3269	1.393301e-07	-8.28914e-03	
3270	1.393801e-07	4.688860e-01	
3271	1.394301e-07	1.756292e+00	
3272	1.394618e-07	1.999863e+00	
3273	1.394986e-07	1.958004e+00	
3274	1.395298e-07	1.991040e+00	
3275	1.395650e-07	1.973074e+00	
3276	1.396150e-07	1.984659e+00	
3277	1.396650e-07	1.975463e+00	
3278	1.397150e-07	1.988570e+00	
3279	1.397650e-07	2.020790e+00	
3280	1.398098e-07	1.603021e+00	
3281	1.398598e-07	1.207218e-01	
3282	1.398866e-07	-4.47884e-02	
3283	1.399189e-07	4.188898e-02	
3284	1.399479e-07	-2.26706e-02	
3285	1.399805e-07	1.979800e-02	
3286	1.400295e-07	-1.58176e-02	
3287	1.400795e-07	1.378271e-02	
3288	1.401295e-07	-1.10355e-02	
3289	1.401795e-07	7.897501e-03	
3290	1.402295e-07	-1.88028e-02	
3291	1.402795e-07	2.849598e-02	
3292	1.403295e-07	1.383506e+00	
3293	1.403623e-07	1.993417e+00	
3294	1.403875e-07	1.939315e+00	
3295	1.404141e-07	1.995407e+00	
3296	1.404400e-07	1.967749e+00	
3297	1.404900e-07	1.989946e+00	
3298	1.405400e-07	1.971043e+00	
3299	1.405900e-07	1.986809e+00	
3300	1.406400e-07	1.980664e+00	
3301	1.406900e-07	2.034950e+00	
3302	1.407311e-07	1.604584e+00	

Index   time            v(clk)          
--------------------------------------------------------------------------------
3303	1.407757e-07	1.428971e-01	
3304	1.408019e-07	-4.88603e-02	
3305	1.408315e-07	4.447519e-02	
3306	1.408574e-07	-2.18781e-02	
3307	1.408869e-07	2.005829e-02	
3308	1.409289e-07	-1.50841e-02	
3309	1.409743e-07	1.249661e-02	
3310	1.410243e-07	-9.84804e-03	
3311	1.410743e-07	8.614585e-03	
3312	1.411243e-07	-1.27320e-02	
3313	1.411743e-07	-9.05662e-03	
3314	1.412243e-07	6.251768e-01	
3315	1.412743e-07	1.828185e+00	
3316	1.413080e-07	1.987377e+00	
3317	1.413453e-07	1.971230e+00	
3318	1.413824e-07	1.982587e+00	
3319	1.414206e-07	1.980043e+00	
3320	1.414706e-07	1.977991e+00	
3321	1.415206e-07	1.981425e+00	
3322	1.415706e-07	1.996217e+00	
3323	1.416206e-07	2.027415e+00	
3324	1.416568e-07	1.145661e+00	
3325	1.416944e-07	4.366655e-02	
3326	1.417182e-07	-5.63193e-03	
3327	1.417452e-07	1.432745e-02	
3328	1.417801e-07	-3.48197e-03	
3329	1.418239e-07	5.888066e-03	
3330	1.418739e-07	-4.62116e-03	
3331	1.419239e-07	4.442804e-03	
3332	1.419739e-07	-3.36162e-03	
3333	1.420239e-07	-2.09803e-04	
3334	1.420739e-07	-1.67058e-02	
3335	1.421239e-07	2.446771e-01	
3336	1.421739e-07	1.631704e+00	
3337	1.422090e-07	2.032583e+00	
3338	1.422501e-07	1.933836e+00	
3339	1.422833e-07	2.008481e+00	
3340	1.423160e-07	1.960670e+00	
3341	1.423660e-07	1.995119e+00	
3342	1.424160e-07	1.966279e+00	
3343	1.424660e-07	1.997576e+00	
3344	1.425160e-07	2.017196e+00	
3345	1.425660e-07	1.207924e+00	
3346	1.426042e-07	8.483693e-02	
3347	1.426349e-07	-2.51611e-02	
3348	1.426633e-07	2.652307e-02	
3349	1.426968e-07	-1.16619e-02	
3350	1.427326e-07	1.086792e-02	
3351	1.427826e-07	-8.21561e-03	
3352	1.428326e-07	6.936939e-03	
3353	1.428826e-07	-4.73900e-03	
3354	1.429326e-07	1.662586e-03	
3355	1.429826e-07	-1.51715e-02	
3356	1.430326e-07	6.384957e-02	
3357	1.430826e-07	1.476736e+00	
3358	1.431158e-07	2.006963e+00	
3359	1.431419e-07	1.943346e+00	
3360	1.431693e-07	1.993436e+00	

Index   time            v(clk)          
--------------------------------------------------------------------------------
3361	1.431944e-07	1.971090e+00	
3362	1.432444e-07	1.986724e+00	
3363	1.432930e-07	1.974234e+00	
3364	1.433430e-07	1.983548e+00	
3365	1.433930e-07	1.985898e+00	
3366	1.434430e-07	2.040457e+00	
3367	1.434872e-07	1.212500e+00	
3368	1.435283e-07	6.153105e-02	
3369	1.435628e-07	-1.83056e-02	
3370	1.435958e-07	2.195262e-02	
3371	1.436375e-07	-1.18361e-02	
3372	1.436824e-07	1.044699e-02	
3373	1.437324e-07	-8.15322e-03	
3374	1.437824e-07	7.483654e-03	
3375	1.438324e-07	-6.84999e-03	
3376	1.438824e-07	-1.43751e-03	
3377	1.439324e-07	-2.37595e-02	
3378	1.439824e-07	1.115201e+00	
3379	1.440160e-07	1.895570e+00	
3380	1.440418e-07	1.958005e+00	
3381	1.440697e-07	1.976622e+00	
3382	1.441029e-07	1.979758e+00	
3383	1.441529e-07	1.979881e+00	
3384	1.442029e-07	1.979726e+00	
3385	1.442529e-07	1.979106e+00	
3386	1.443029e-07	1.988835e+00	
3387	1.443529e-07	2.029859e+00	
3388	1.443918e-07	1.627478e+00	
3389	1.444357e-07	1.473814e-01	
3390	1.444629e-07	-4.99869e-02	
3391	1.444912e-07	4.402172e-02	
3392	1.445162e-07	-2.02255e-02	
3393	1.445451e-07	1.836560e-02	
3394	1.445846e-07	-1.28163e-02	
3395	1.446290e-07	1.036103e-02	
3396	1.446790e-07	-7.82998e-03	
3397	1.447290e-07	6.802286e-03	
3398	1.447790e-07	-9.66753e-03	
3399	1.448290e-07	-1.00028e-02	
3400	1.448790e-07	4.106198e-01	
3401	1.449290e-07	1.730597e+00	
3402	1.449604e-07	2.001311e+00	
3403	1.449972e-07	1.955760e+00	
3404	1.450281e-07	1.992176e+00	
3405	1.450616e-07	1.972444e+00	
3406	1.451116e-07	1.985202e+00	
3407	1.451609e-07	1.975094e+00	
3408	1.452109e-07	1.987017e+00	
3409	1.452609e-07	2.015193e+00	
3410	1.453109e-07	1.554128e+00	
3411	1.453609e-07	1.136400e-01	
3412	1.453885e-07	-4.21199e-02	
3413	1.454217e-07	3.974308e-02	
3414	1.454517e-07	-2.14595e-02	
3415	1.454852e-07	1.863721e-02	
3416	1.455349e-07	-1.47306e-02	
3417	1.455849e-07	1.253701e-02	
3418	1.456349e-07	-9.69898e-03	

Index   time            v(clk)          
--------------------------------------------------------------------------------
3419	1.456849e-07	6.059064e-03	
3420	1.457349e-07	-1.88224e-02	
3421	1.457849e-07	6.102063e-02	
3422	1.458349e-07	1.472703e+00	
3423	1.458681e-07	2.015633e+00	
3424	1.458946e-07	1.937135e+00	
3425	1.459222e-07	1.998796e+00	
3426	1.459477e-07	1.966786e+00	
3427	1.459977e-07	1.990726e+00	
3428	1.460464e-07	1.970465e+00	
3429	1.460964e-07	1.987132e+00	
3430	1.461464e-07	1.983452e+00	
3431	1.461964e-07	2.040638e+00	
3432	1.462336e-07	1.576045e+00	
3433	1.462825e-07	1.043905e-01	
3434	1.463114e-07	-3.90782e-02	
3435	1.463410e-07	3.689016e-02	
3436	1.463708e-07	-1.92260e-02	
3437	1.464036e-07	1.715327e-02	
3438	1.464512e-07	-1.35953e-02	
3439	1.465012e-07	1.172044e-02	
3440	1.465512e-07	-9.09033e-03	
3441	1.466012e-07	6.073772e-03	
3442	1.466512e-07	-1.73646e-02	
3443	1.467012e-07	2.861926e-02	
3444	1.467512e-07	1.385354e+00	
3445	1.467887e-07	2.023990e+00	
3446	1.468250e-07	1.929836e+00	
3447	1.468588e-07	2.011330e+00	
3448	1.468919e-07	1.957364e+00	
3449	1.469419e-07	1.998540e+00	
3450	1.469919e-07	1.963380e+00	
3451	1.470419e-07	1.994517e+00	
3452	1.470919e-07	1.996821e+00	
3453	1.471419e-07	1.920318e+00	
3454	1.471801e-07	4.416201e-01	
3455	1.472082e-07	-5.86260e-02	
3456	1.472389e-07	5.183739e-02	
3457	1.472629e-07	-2.18774e-02	
3458	1.472879e-07	1.979963e-02	
3459	1.473280e-07	-1.22704e-02	
3460	1.473673e-07	9.717196e-03	
3461	1.474173e-07	-7.19776e-03	
3462	1.474673e-07	6.360897e-03	
3463	1.475173e-07	-7.35313e-03	
3464	1.475673e-07	-5.84326e-03	
3465	1.476173e-07	3.457065e-02	
3466	1.476673e-07	1.469516e+00	
3467	1.477173e-07	2.080103e+00	
3468	1.477627e-07	1.906721e+00	
3469	1.478073e-07	2.030337e+00	
3470	1.478506e-07	1.943856e+00	
3471	1.479006e-07	2.006949e+00	
3472	1.479506e-07	1.958122e+00	
3473	1.480006e-07	2.025840e+00	
3474	1.480506e-07	1.928028e+00	
3475	1.481006e-07	2.509204e-01	
3476	1.481297e-07	-7.52475e-02	

Index   time            v(clk)          
--------------------------------------------------------------------------------
3477	1.481634e-07	6.390854e-02	
3478	1.481880e-07	-3.19430e-02	
3479	1.482148e-07	2.560037e-02	
3480	1.482485e-07	-1.72155e-02	
3481	1.482830e-07	1.271293e-02	
3482	1.483330e-07	-9.70106e-03	
3483	1.483830e-07	8.555792e-03	
3484	1.484330e-07	-9.56857e-03	
3485	1.484830e-07	-5.05235e-03	
3486	1.485330e-07	6.451050e-02	
3487	1.485830e-07	1.530121e+00	
3488	1.486176e-07	2.012747e+00	
3489	1.486458e-07	1.946170e+00	
3490	1.486716e-07	1.991006e+00	
3491	1.486982e-07	1.973688e+00	
3492	1.487461e-07	1.984039e+00	
3493	1.487946e-07	1.976793e+00	
3494	1.488446e-07	1.980982e+00	
3495	1.488946e-07	1.990368e+00	
3496	1.489446e-07	2.042877e+00	
3497	1.489723e-07	1.835910e+00	
3498	1.490000e-07	6.210183e-01	
3499	1.490050e-07	3.163874e-01	
3500	1.490150e-07	3.486302e-02	
3501	1.490309e-07	1.194183e-02	
3502	1.490463e-07	9.684119e-03	
3503	1.490620e-07	6.470403e-03	
3504	1.490933e-07	4.419440e-03	
3505	1.491359e-07	1.071097e-03	
3506	1.491821e-07	5.484060e-06	
3507	1.492321e-07	1.181964e-04	
3508	1.492821e-07	6.668471e-04	
3509	1.493321e-07	-1.71077e-03	
3510	1.493821e-07	-7.90439e-03	
3511	1.494321e-07	-5.55564e-03	
3512	1.494821e-07	1.244086e+00	
3513	1.495177e-07	1.961593e+00	
3514	1.495441e-07	1.947514e+00	
3515	1.495720e-07	1.990328e+00	
3516	1.496018e-07	1.970854e+00	
3517	1.496518e-07	1.987410e+00	
3518	1.497018e-07	1.973228e+00	
3519	1.497518e-07	1.984740e+00	
3520	1.498018e-07	1.985613e+00	
3521	1.498518e-07	2.040443e+00	
3522	1.499018e-07	8.798222e-01	
3523	1.499447e-07	-3.39431e-03	
3524	1.499724e-07	1.654838e-02	
3525	1.500000e-07	-1.43646e-03	
3526	1.500033e-07	1.523337e-03	
3527	1.500099e-07	3.850330e-03	
3528	1.500231e-07	3.171505e-03	
3529	1.500496e-07	1.554802e-03	
3530	1.500996e-07	-3.96496e-04	
3531	1.501496e-07	6.815084e-04	
3532	1.501996e-07	1.262693e-04	
3533	1.502496e-07	-1.68287e-03	
3534	1.502996e-07	-9.54316e-03	

Index   time            v(clk)          
--------------------------------------------------------------------------------
3535	1.503496e-07	1.204892e-02	
3536	1.503996e-07	1.369362e+00	
3537	1.504384e-07	2.013412e+00	
3538	1.504668e-07	1.938760e+00	
3539	1.504962e-07	1.999312e+00	
3540	1.505241e-07	1.966755e+00	
3541	1.505741e-07	1.990588e+00	
3542	1.506236e-07	1.970640e+00	
3543	1.506736e-07	1.986739e+00	
3544	1.507236e-07	1.989142e+00	
3545	1.507736e-07	2.042754e+00	
3546	1.508236e-07	5.619064e-01	
3547	1.508621e-07	-5.45978e-02	
3548	1.508951e-07	4.951774e-02	
3549	1.509237e-07	-2.44424e-02	
3550	1.509536e-07	2.129488e-02	
3551	1.510012e-07	-1.55432e-02	
3552	1.510478e-07	1.275364e-02	
3553	1.510978e-07	-9.51977e-03	
3554	1.511478e-07	7.153805e-03	
3555	1.511978e-07	-1.44999e-02	
3556	1.512478e-07	-5.20765e-03	
3557	1.512978e-07	1.084125e+00	
3558	1.513331e-07	1.904488e+00	
3559	1.513587e-07	1.960115e+00	
3560	1.513865e-07	1.975518e+00	
3561	1.514197e-07	1.981178e+00	
3562	1.514697e-07	1.978595e+00	
3563	1.515197e-07	1.980909e+00	
3564	1.515697e-07	1.977936e+00	
3565	1.516197e-07	1.991085e+00	
3566	1.516697e-07	2.034167e+00	
3567	1.517197e-07	9.173327e-01	
3568	1.517559e-07	2.638843e-02	
3569	1.517829e-07	2.594535e-03	
3570	1.518117e-07	8.539665e-03	
3571	1.518449e-07	3.168684e-04	
3572	1.518949e-07	2.166746e-03	
3573	1.519449e-07	-1.86941e-03	
3574	1.519949e-07	2.291522e-03	
3575	1.520449e-07	-1.80719e-03	
3576	1.520949e-07	-2.74904e-03	
3577	1.521449e-07	-1.86073e-02	
3578	1.521949e-07	5.580461e-01	
3579	1.522449e-07	1.782275e+00	
3580	1.522776e-07	2.000481e+00	
3581	1.523149e-07	1.958818e+00	
3582	1.523482e-07	1.991845e+00	
3583	1.523855e-07	1.971987e+00	
3584	1.524355e-07	1.985556e+00	
3585	1.524855e-07	1.974339e+00	
3586	1.525355e-07	1.998628e+00	
3587	1.525855e-07	2.033054e+00	
3588	1.526355e-07	6.533970e-01	
3589	1.526716e-07	-3.29906e-02	
3590	1.527012e-07	3.580584e-02	
3591	1.527316e-07	-1.54924e-02	
3592	1.527596e-07	1.618988e-02	

Index   time            v(clk)          
--------------------------------------------------------------------------------
3593	1.528096e-07	-1.12192e-02	
3594	1.528596e-07	9.522554e-03	
3595	1.529096e-07	-7.25878e-03	
3596	1.529596e-07	5.503160e-03	
3597	1.530096e-07	-1.29149e-02	
3598	1.530596e-07	-7.96129e-03	
3599	1.531096e-07	1.053987e+00	
3600	1.531452e-07	1.900193e+00	
3601	1.531714e-07	1.957830e+00	
3602	1.532000e-07	1.978847e+00	
3603	1.532349e-07	1.977923e+00	
3604	1.532843e-07	1.981912e+00	
3605	1.533343e-07	1.977629e+00	
3606	1.533843e-07	1.981130e+00	
3607	1.534343e-07	1.988929e+00	
3608	1.534843e-07	2.038081e+00	
3609	1.535343e-07	8.636744e-01	
3610	1.535765e-07	-3.28669e-03	
3611	1.536064e-07	1.627967e-02	
3612	1.536383e-07	-1.86451e-03	
3613	1.536712e-07	5.991661e-03	
3614	1.537212e-07	-3.03675e-03	
3615	1.537712e-07	2.308951e-03	
3616	1.538212e-07	-8.36130e-04	
3617	1.538712e-07	-5.42813e-04	
3618	1.539212e-07	-8.17153e-03	
3619	1.539712e-07	-8.85287e-03	
3620	1.540212e-07	1.182757e+00	
3621	1.540604e-07	1.957016e+00	
3622	1.540879e-07	1.953292e+00	
3623	1.541171e-07	1.987622e+00	
3624	1.541485e-07	1.973852e+00	
3625	1.541985e-07	1.984502e+00	
3626	1.542485e-07	1.976022e+00	
3627	1.542985e-07	1.981916e+00	
3628	1.543485e-07	1.992127e+00	
3629	1.543985e-07	2.040647e+00	
3630	1.544485e-07	6.349923e-01	
3631	1.544884e-07	-4.42941e-02	
3632	1.545208e-07	4.264035e-02	
3633	1.545503e-07	-2.03678e-02	
3634	1.545808e-07	1.899029e-02	
3635	1.546308e-07	-1.40278e-02	
3636	1.546808e-07	1.180901e-02	
3637	1.547308e-07	-8.89787e-03	
3638	1.547808e-07	6.113463e-03	
3639	1.548308e-07	-1.51973e-02	
3640	1.548808e-07	6.223418e-03	
3641	1.549308e-07	1.264136e+00	
3642	1.549640e-07	1.955665e+00	
3643	1.549888e-07	1.948058e+00	
3644	1.550153e-07	1.986327e+00	
3645	1.550431e-07	1.973642e+00	
3646	1.550931e-07	1.984734e+00	
3647	1.551431e-07	1.975683e+00	
3648	1.551931e-07	1.982592e+00	
3649	1.552431e-07	1.984634e+00	
3650	1.552931e-07	2.033086e+00	

Index   time            v(clk)          
--------------------------------------------------------------------------------
3651	1.553431e-07	1.097567e+00	
3652	1.553898e-07	3.137490e-02	
3653	1.554195e-07	-4.14532e-03	
3654	1.554524e-07	1.248973e-02	
3655	1.554933e-07	-5.05127e-03	
3656	1.555433e-07	5.312398e-03	
3657	1.555933e-07	-4.63850e-03	
3658	1.556433e-07	4.958000e-03	
3659	1.556933e-07	-5.63600e-03	
3660	1.557433e-07	-4.38622e-03	
3661	1.557933e-07	-7.19245e-03	
3662	1.558433e-07	1.286080e+00	
3663	1.558812e-07	1.978466e+00	
3664	1.559083e-07	1.949223e+00	
3665	1.559370e-07	1.990383e+00	
3666	1.559657e-07	1.972423e+00	
3667	1.560157e-07	1.985609e+00	
3668	1.560657e-07	1.975157e+00	
3669	1.561157e-07	1.982638e+00	
3670	1.561657e-07	1.990317e+00	
3671	1.562157e-07	2.041552e+00	
3672	1.562594e-07	1.027100e+00	
3673	1.563042e-07	6.575988e-03	
3674	1.563355e-07	1.063917e-02	
3675	1.563667e-07	1.034502e-03	
3676	1.564034e-07	4.274279e-03	
3677	1.564534e-07	-2.11495e-03	
3678	1.565034e-07	1.920745e-03	
3679	1.565534e-07	-8.81179e-04	
3680	1.566034e-07	-6.28828e-04	
3681	1.566534e-07	-9.51536e-03	
3682	1.567034e-07	2.438944e-03	
3683	1.567534e-07	1.323771e+00	
3684	1.567857e-07	1.963980e+00	
3685	1.568105e-07	1.947698e+00	
3686	1.568368e-07	1.987274e+00	
3687	1.568637e-07	1.973225e+00	
3688	1.569137e-07	1.985034e+00	
3689	1.569637e-07	1.975554e+00	
3690	1.570137e-07	1.982623e+00	
3691	1.570637e-07	1.984344e+00	
3692	1.571137e-07	2.032197e+00	
3693	1.571637e-07	1.124950e+00	
3694	1.572097e-07	3.878478e-02	
3695	1.572387e-07	-7.56291e-03	
3696	1.572713e-07	1.499502e-02	
3697	1.573134e-07	-6.84430e-03	
3698	1.573631e-07	6.821629e-03	
3699	1.574131e-07	-5.72102e-03	
3700	1.574631e-07	5.736124e-03	
3701	1.575131e-07	-6.17279e-03	
3702	1.575631e-07	-3.51902e-03	
3703	1.576131e-07	-1.14116e-02	
3704	1.576631e-07	1.248485e+00	
3705	1.577016e-07	1.970203e+00	
3706	1.577290e-07	1.950826e+00	
3707	1.577580e-07	1.989573e+00	
3708	1.577879e-07	1.972735e+00	

Index   time            v(clk)          
--------------------------------------------------------------------------------
3709	1.578379e-07	1.985405e+00	
3710	1.578879e-07	1.975267e+00	
3711	1.579379e-07	1.982569e+00	
3712	1.579879e-07	1.991322e+00	
3713	1.580379e-07	2.041465e+00	
3714	1.580828e-07	9.012669e-01	
3715	1.581256e-07	-1.08712e-02	
3716	1.581556e-07	2.135041e-02	
3717	1.581873e-07	-6.26409e-03	
3718	1.582200e-07	9.600824e-03	
3719	1.582700e-07	-6.28924e-03	
3720	1.583200e-07	5.502379e-03	
3721	1.583700e-07	-3.73162e-03	
3722	1.584200e-07	2.030795e-03	
3723	1.584700e-07	-1.13516e-02	
3724	1.585200e-07	-1.24382e-03	
3725	1.585700e-07	1.255698e+00	
3726	1.586028e-07	1.947430e+00	
3727	1.586276e-07	1.949709e+00	
3728	1.586541e-07	1.984686e+00	
3729	1.586826e-07	1.974617e+00	
3730	1.587326e-07	1.983946e+00	
3731	1.587826e-07	1.976392e+00	
3732	1.588326e-07	1.981930e+00	
3733	1.588826e-07	1.985362e+00	
3734	1.589326e-07	2.032524e+00	
3735	1.589826e-07	1.090423e+00	
3736	1.590277e-07	3.439588e-02	
3737	1.590567e-07	-5.10241e-03	
3738	1.590891e-07	1.325411e-02	
3739	1.591295e-07	-5.29756e-03	
3740	1.591795e-07	5.693214e-03	
3741	1.592295e-07	-4.82880e-03	
3742	1.592795e-07	5.009195e-03	
3743	1.593295e-07	-5.48677e-03	
3744	1.593795e-07	-3.89132e-03	
3745	1.594295e-07	-1.27132e-02	
3746	1.594795e-07	1.217127e+00	
3747	1.595186e-07	1.964362e+00	
3748	1.595461e-07	1.951947e+00	
3749	1.595754e-07	1.988962e+00	
3750	1.596062e-07	1.973011e+00	
3751	1.596562e-07	1.985219e+00	
3752	1.597062e-07	1.975379e+00	
3753	1.597562e-07	1.982491e+00	
3754	1.598062e-07	1.992223e+00	
3755	1.598562e-07	2.040719e+00	
3756	1.599010e-07	8.548422e-01	
3757	1.599431e-07	-1.85492e-02	
3758	1.599733e-07	2.616076e-02	
3759	1.600050e-07	-9.63557e-03	
3760	1.600366e-07	1.201423e-02	
3761	1.600866e-07	-8.01786e-03	
3762	1.601366e-07	6.776479e-03	
3763	1.601866e-07	-4.88625e-03	
3764	1.602366e-07	2.927635e-03	
3765	1.602866e-07	-1.22212e-02	
3766	1.603366e-07	6.673471e-04	

Index   time            v(clk)          
--------------------------------------------------------------------------------
3767	1.603866e-07	1.263468e+00	
3768	1.604193e-07	1.949379e+00	
3769	1.604440e-07	1.949374e+00	
3770	1.604705e-07	1.985053e+00	
3771	1.604986e-07	1.974337e+00	
3772	1.605486e-07	1.984165e+00	
3773	1.605986e-07	1.976238e+00	
3774	1.606486e-07	1.982057e+00	
3775	1.606986e-07	1.985144e+00	
3776	1.607486e-07	2.032403e+00	
3777	1.607927e-07	1.416126e+00	
3778	1.608378e-07	9.536950e-02	
3779	1.608634e-07	-3.08046e-02	
3780	1.608944e-07	3.201395e-02	
3781	1.609260e-07	-1.60742e-02	
3782	1.609601e-07	1.499143e-02	
3783	1.610101e-07	-1.20192e-02	
3784	1.610601e-07	1.048231e-02	
3785	1.611101e-07	-8.13344e-03	
3786	1.611601e-07	4.992315e-03	
3787	1.612101e-07	-1.78617e-02	
3788	1.612601e-07	5.315083e-02	
3789	1.613101e-07	1.454952e+00	
3790	1.613447e-07	2.021055e+00	
3791	1.613720e-07	1.934492e+00	
3792	1.614003e-07	2.001908e+00	
3793	1.614265e-07	1.964322e+00	
3794	1.614765e-07	1.993053e+00	
3795	1.615248e-07	1.968280e+00	
3796	1.615748e-07	1.989091e+00	
3797	1.616248e-07	1.984051e+00	
3798	1.616748e-07	2.046535e+00	
3799	1.617182e-07	1.068101e+00	
3800	1.617584e-07	3.049192e-02	
3801	1.617847e-07	-8.80502e-04	
3802	1.618142e-07	1.061181e-02	
3803	1.618500e-07	-1.87616e-03	
3804	1.618970e-07	3.759779e-03	
3805	1.619470e-07	-3.00241e-03	
3806	1.619970e-07	3.321415e-03	
3807	1.620470e-07	-3.01041e-03	
3808	1.620970e-07	-2.31168e-03	
3809	1.621470e-07	-2.12566e-02	
3810	1.621970e-07	7.135064e-01	
3811	1.622401e-07	1.791870e+00	
3812	1.622701e-07	1.992991e+00	
3813	1.623042e-07	1.956593e+00	
3814	1.623409e-07	1.995835e+00	
3815	1.623779e-07	1.967585e+00	
3816	1.624279e-07	1.990030e+00	
3817	1.624779e-07	1.970084e+00	
3818	1.625279e-07	1.998478e+00	
3819	1.625779e-07	2.028476e+00	
3820	1.626279e-07	8.752107e-01	
3821	1.626581e-07	3.945287e-02	
3822	1.626820e-07	1.365921e-03	
3823	1.627086e-07	9.755460e-03	
3824	1.627394e-07	1.893095e-03	

Index   time            v(clk)          
--------------------------------------------------------------------------------
3825	1.627856e-07	1.590848e-03	
3826	1.628345e-07	-7.76522e-04	
3827	1.628845e-07	6.790209e-04	
3828	1.629345e-07	4.646287e-04	
3829	1.629845e-07	-3.14302e-03	
3830	1.630345e-07	-1.17968e-02	
3831	1.630845e-07	1.006003e-01	
3832	1.631345e-07	1.541352e+00	
3833	1.631663e-07	2.009413e+00	
3834	1.631934e-07	1.943624e+00	
3835	1.632214e-07	1.994607e+00	
3836	1.632468e-07	1.970513e+00	
3837	1.632968e-07	1.987281e+00	
3838	1.633446e-07	1.973639e+00	
3839	1.633946e-07	1.984044e+00	
3840	1.634446e-07	1.989536e+00	
3841	1.634946e-07	2.044324e+00	
3842	1.635352e-07	1.122365e+00	
3843	1.635756e-07	3.412959e-02	
3844	1.636075e-07	-3.29906e-03	
3845	1.636375e-07	1.110458e-02	
3846	1.636762e-07	-2.67813e-03	
3847	1.637246e-07	3.663080e-03	
3848	1.637746e-07	-2.77662e-03	
3849	1.638246e-07	2.944695e-03	
3850	1.638746e-07	-3.33306e-03	
3851	1.639246e-07	-5.36652e-03	
3852	1.639746e-07	-1.53308e-02	
3853	1.640246e-07	1.191280e+00	
3854	1.640580e-07	1.924521e+00	
3855	1.640833e-07	1.953878e+00	
3856	1.641105e-07	1.981044e+00	
3857	1.641416e-07	1.976949e+00	
3858	1.641916e-07	1.982069e+00	
3859	1.642416e-07	1.977981e+00	
3860	1.642916e-07	1.980515e+00	
3861	1.643416e-07	1.988539e+00	
3862	1.643916e-07	2.034196e+00	
3863	1.644291e-07	1.607156e+00	
3864	1.644728e-07	1.405426e-01	
3865	1.644996e-07	-4.73634e-02	
3866	1.645275e-07	4.230141e-02	
3867	1.645531e-07	-1.95086e-02	
3868	1.645823e-07	1.799893e-02	
3869	1.646237e-07	-1.28491e-02	
3870	1.646702e-07	1.058818e-02	
3871	1.647202e-07	-8.02875e-03	
3872	1.647702e-07	6.727453e-03	
3873	1.648202e-07	-1.11649e-02	
3874	1.648702e-07	-1.15323e-02	
3875	1.649202e-07	6.891130e-01	
3876	1.649702e-07	1.845734e+00	
3877	1.650049e-07	1.987972e+00	
3878	1.650423e-07	1.971415e+00	
3879	1.650809e-07	1.983449e+00	
3880	1.651224e-07	1.978677e+00	
3881	1.651724e-07	1.979348e+00	
3882	1.652224e-07	1.980504e+00	

Index   time            v(clk)          
--------------------------------------------------------------------------------
3883	1.652724e-07	2.004322e+00	
3884	1.653224e-07	1.970675e+00	
3885	1.653654e-07	4.328922e-01	
3886	1.653945e-07	-6.15191e-02	
3887	1.654229e-07	5.268028e-02	
3888	1.654461e-07	-2.19279e-02	
3889	1.654706e-07	2.015416e-02	
3890	1.655070e-07	-1.18914e-02	
3891	1.655446e-07	9.436467e-03	
3892	1.655946e-07	-7.04648e-03	
3893	1.656446e-07	6.461825e-03	
3894	1.656946e-07	-7.04590e-03	
3895	1.657446e-07	-4.98475e-03	
3896	1.657946e-07	1.228885e-02	
3897	1.658446e-07	1.414131e+00	
3898	1.658908e-07	2.052927e+00	
3899	1.659258e-07	1.924457e+00	
3900	1.659562e-07	2.010925e+00	
3901	1.659876e-07	1.959435e+00	
3902	1.660376e-07	1.996124e+00	
3903	1.660854e-07	1.965864e+00	
3904	1.661354e-07	1.992662e+00	
3905	1.661854e-07	2.001510e+00	
3906	1.662354e-07	1.865885e+00	
3907	1.662804e-07	2.463717e-01	
3908	1.663100e-07	-7.61298e-02	
3909	1.663404e-07	6.277796e-02	
3910	1.663640e-07	-3.03125e-02	
3911	1.663909e-07	2.520374e-02	
3912	1.664253e-07	-1.69196e-02	
3913	1.664635e-07	1.331216e-02	
3914	1.665135e-07	-1.03716e-02	
3915	1.665635e-07	9.214771e-03	
3916	1.666135e-07	-1.04985e-02	
3917	1.666635e-07	-4.45077e-03	
3918	1.667135e-07	8.088601e-02	
3919	1.667635e-07	1.539993e+00	
3920	1.668029e-07	2.049910e+00	
3921	1.668427e-07	1.924019e+00	
3922	1.668807e-07	2.015982e+00	
3923	1.669155e-07	1.955573e+00	
3924	1.669655e-07	1.998801e+00	
3925	1.670155e-07	1.963341e+00	
3926	1.670655e-07	2.004329e+00	
3927	1.671155e-07	2.024560e+00	
3928	1.671655e-07	8.502352e-01	
3929	1.671952e-07	3.771400e-02	
3930	1.672188e-07	9.368983e-04	
3931	1.672448e-07	1.062513e-02	
3932	1.672735e-07	6.673044e-04	
3933	1.673235e-07	3.331565e-03	
3934	1.673694e-07	-2.34295e-03	
3935	1.674194e-07	2.331580e-03	
3936	1.674694e-07	-1.32702e-03	
3937	1.675194e-07	-1.29499e-03	
3938	1.675694e-07	-1.34584e-02	
3939	1.676194e-07	9.264060e-02	
3940	1.676694e-07	1.535684e+00	

Index   time            v(clk)          
--------------------------------------------------------------------------------
3941	1.677015e-07	2.008789e+00	
3942	1.677284e-07	1.944369e+00	
3943	1.677563e-07	1.993652e+00	
3944	1.677814e-07	1.971448e+00	
3945	1.678314e-07	1.986347e+00	
3946	1.678788e-07	1.974550e+00	
3947	1.679288e-07	1.983164e+00	
3948	1.679788e-07	1.989780e+00	
3949	1.680288e-07	2.044215e+00	
3950	1.680788e-07	6.617233e-01	
3951	1.681156e-07	-2.99075e-02	
3952	1.681456e-07	3.339366e-02	
3953	1.681764e-07	-1.31569e-02	
3954	1.682052e-07	1.373746e-02	
3955	1.682552e-07	-9.02159e-03	
3956	1.683052e-07	7.152905e-03	
3957	1.683552e-07	-4.77043e-03	
3958	1.684052e-07	2.889304e-03	
3959	1.684552e-07	-1.03805e-02	
3960	1.685052e-07	-1.06856e-02	
3961	1.685552e-07	1.112106e+00	
3962	1.685901e-07	1.912979e+00	
3963	1.686158e-07	1.956233e+00	
3964	1.686436e-07	1.979654e+00	
3965	1.686760e-07	1.977814e+00	
3966	1.687260e-07	1.981500e+00	
3967	1.687760e-07	1.978373e+00	
3968	1.688260e-07	1.980213e+00	
3969	1.688760e-07	1.990023e+00	
3970	1.689260e-07	2.035692e+00	
3971	1.689625e-07	1.575927e+00	
3972	1.690100e-07	1.073858e-01	
3973	1.690397e-07	-3.98629e-02	
3974	1.690681e-07	3.633875e-02	
3975	1.690973e-07	-1.79355e-02	
3976	1.691299e-07	1.580581e-02	
3977	1.691766e-07	-1.19383e-02	
3978	1.692266e-07	1.018576e-02	
3979	1.692766e-07	-7.59811e-03	
3980	1.693266e-07	4.591900e-03	
3981	1.693766e-07	-1.57304e-02	
3982	1.694266e-07	2.713610e-02	
3983	1.694766e-07	1.391323e+00	
3984	1.695156e-07	2.026567e+00	
3985	1.695446e-07	1.932489e+00	
3986	1.695741e-07	2.004376e+00	
3987	1.696019e-07	1.963225e+00	
3988	1.696519e-07	1.993598e+00	
3989	1.697013e-07	1.967868e+00	
3990	1.697513e-07	1.989316e+00	
3991	1.698013e-07	1.990193e+00	
3992	1.698513e-07	2.031629e+00	
3993	1.698900e-07	9.559871e-01	
3994	1.699254e-07	1.218319e-02	
3995	1.699504e-07	1.032615e-02	
3996	1.699773e-07	3.433495e-03	
3997	1.700071e-07	4.869276e-03	
3998	1.700559e-07	-9.39032e-04	

Index   time            v(clk)          
--------------------------------------------------------------------------------
3999	1.701059e-07	8.828159e-04	
4000	1.701559e-07	-2.98352e-04	
4001	1.702059e-07	7.679866e-04	
4002	1.702559e-07	-4.68506e-03	
4003	1.703059e-07	-1.50379e-02	
4004	1.703559e-07	4.438375e-01	
4005	1.704059e-07	1.728168e+00	
4006	1.704426e-07	2.026018e+00	
4007	1.704818e-07	1.942853e+00	
4008	1.705234e-07	2.005177e+00	
4009	1.705635e-07	1.961772e+00	
4010	1.706135e-07	1.993733e+00	
4011	1.706635e-07	1.967903e+00	
4012	1.707135e-07	2.014795e+00	
4013	1.707635e-07	1.968278e+00	
4014	1.708135e-07	2.849448e-01	
4015	1.708418e-07	-7.36752e-02	
4016	1.708751e-07	6.251903e-02	
4017	1.708996e-07	-3.06678e-02	
4018	1.709260e-07	2.501327e-02	
4019	1.709614e-07	-1.66381e-02	
4020	1.709970e-07	1.282940e-02	
4021	1.710470e-07	-9.85961e-03	
4022	1.710970e-07	8.583367e-03	
4023	1.711470e-07	-9.83680e-03	
4024	1.711970e-07	-5.52788e-03	
4025	1.712470e-07	9.521495e-02	
4026	1.712970e-07	1.561199e+00	
4027	1.713281e-07	2.004754e+00	
4028	1.713554e-07	1.946076e+00	
4029	1.713835e-07	1.993032e+00	
4030	1.714089e-07	1.971802e+00	
4031	1.714589e-07	1.986051e+00	
4032	1.715064e-07	1.974784e+00	
4033	1.715564e-07	1.982949e+00	
4034	1.716064e-07	1.990524e+00	
4035	1.716564e-07	2.044349e+00	
4036	1.717064e-07	6.186780e-01	
4037	1.717419e-07	-3.67632e-02	
4038	1.717723e-07	3.821444e-02	
4039	1.718031e-07	-1.68564e-02	
4040	1.718314e-07	1.655228e-02	
4041	1.718814e-07	-1.16498e-02	
4042	1.719314e-07	9.563190e-03	
4043	1.719814e-07	-7.00257e-03	
4044	1.720314e-07	4.956063e-03	
4045	1.720814e-07	-1.24986e-02	
4046	1.721314e-07	-7.95290e-03	
4047	1.721814e-07	1.119334e+00	
4048	1.722161e-07	1.916120e+00	
4049	1.722416e-07	1.954710e+00	
4050	1.722692e-07	1.980533e+00	
4051	1.723007e-07	1.977016e+00	
4052	1.723507e-07	1.982183e+00	
4053	1.724007e-07	1.977763e+00	
4054	1.724507e-07	1.980779e+00	
4055	1.725007e-07	1.989000e+00	
4056	1.725507e-07	2.034959e+00	

Index   time            v(clk)          
--------------------------------------------------------------------------------
4057	1.725928e-07	1.328492e+00	
4058	1.726365e-07	7.391943e-02	
4059	1.726617e-07	-2.13230e-02	
4060	1.726919e-07	2.486144e-02	
4061	1.727273e-07	-1.16802e-02	
4062	1.727642e-07	1.129437e-02	
4063	1.728142e-07	-8.92934e-03	
4064	1.728642e-07	8.015960e-03	
4065	1.729142e-07	-6.04301e-03	
4066	1.729642e-07	2.414699e-03	
4067	1.730142e-07	-1.82108e-02	
4068	1.730642e-07	1.616731e-01	
4069	1.731142e-07	1.578634e+00	
4070	1.731498e-07	2.035672e+00	
4071	1.731820e-07	1.933233e+00	
4072	1.732100e-07	2.004366e+00	
4073	1.732390e-07	1.963482e+00	
4074	1.732878e-07	1.993256e+00	
4075	1.733343e-07	1.968054e+00	
4076	1.733843e-07	1.989834e+00	
4077	1.734343e-07	1.997424e+00	
4078	1.734843e-07	1.963905e+00	
4079	1.735224e-07	5.960776e-01	
4080	1.735513e-07	-3.63830e-02	
4081	1.735765e-07	3.716869e-02	
4082	1.735996e-07	-1.17880e-02	
4083	1.736234e-07	1.472367e-02	
4084	1.736687e-07	-7.74864e-03	
4085	1.737126e-07	6.576039e-03	
4086	1.737626e-07	-5.01947e-03	
4087	1.738126e-07	4.872927e-03	
4088	1.738626e-07	-6.29056e-03	
4089	1.739126e-07	-6.99211e-03	
4090	1.739626e-07	3.853989e-02	
4091	1.740126e-07	1.472328e+00	
4092	1.740626e-07	2.079187e+00	
4093	1.741085e-07	1.907980e+00	
4094	1.741583e-07	2.030943e+00	
4095	1.742033e-07	1.943442e+00	
4096	1.742533e-07	2.006759e+00	
4097	1.743033e-07	1.960622e+00	
4098	1.743533e-07	2.034946e+00	
4099	1.744033e-07	1.654805e+00	
4100	1.744533e-07	1.394605e-01	
4101	1.744973e-07	-6.41800e-02	
4102	1.745400e-07	5.760960e-02	
4103	1.745900e-07	-4.27143e-02	
4104	1.746385e-07	3.486589e-02	
4105	1.746885e-07	-2.72940e-02	
4106	1.747385e-07	2.270989e-02	
4107	1.747885e-07	-2.27776e-02	
4108	1.748385e-07	4.957087e-03	
4109	1.748885e-07	2.827034e-01	
4110	1.749385e-07	1.712173e+00	
4111	1.749691e-07	1.992954e+00	
4112	1.750048e-07	1.960959e+00	
4113	1.750382e-07	1.987289e+00	
4114	1.750702e-07	1.977469e+00	

Index   time            v(clk)          
--------------------------------------------------------------------------------
4115	1.751202e-07	1.980042e+00	
4116	1.751695e-07	1.980033e+00	
4117	1.752195e-07	1.984299e+00	
4118	1.752695e-07	2.023866e+00	
4119	1.753195e-07	1.318973e+00	
4120	1.753695e-07	5.895290e-02	
4121	1.754068e-07	-2.20317e-02	
4122	1.754415e-07	2.424887e-02	
4123	1.754851e-07	-1.49815e-02	
4124	1.755295e-07	1.229652e-02	
4125	1.755795e-07	-9.52916e-03	
4126	1.756295e-07	8.417639e-03	
4127	1.756795e-07	-8.83446e-03	
4128	1.757295e-07	-3.96519e-03	
4129	1.757795e-07	1.974118e-02	
4130	1.758239e-07	1.295799e+00	
4131	1.758548e-07	1.949835e+00	
4132	1.758784e-07	1.950614e+00	
4133	1.759034e-07	1.981996e+00	
4134	1.759298e-07	1.976228e+00	
4135	1.759798e-07	1.982276e+00	
4136	1.760298e-07	1.978014e+00	
4137	1.760798e-07	1.980454e+00	
4138	1.761298e-07	1.985101e+00	
4139	1.761798e-07	2.031086e+00	
4140	1.762298e-07	1.157341e+00	
4141	1.762643e-07	9.560815e-02	
4142	1.762919e-07	-2.64945e-02	
4143	1.763192e-07	2.814264e-02	
4144	1.763503e-07	-1.18988e-02	
4145	1.763832e-07	1.218608e-02	
4146	1.764332e-07	-9.16389e-03	
4147	1.764832e-07	8.006857e-03	
4148	1.765332e-07	-5.91889e-03	
4149	1.765832e-07	3.443122e-03	
4150	1.766332e-07	-1.49628e-02	
4151	1.766832e-07	2.577542e-02	
4152	1.767332e-07	1.370956e+00	
4153	1.767677e-07	1.997867e+00	
4154	1.767940e-07	1.939391e+00	
4155	1.768216e-07	1.997156e+00	
4156	1.768484e-07	1.966821e+00	
4157	1.768984e-07	1.990787e+00	
4158	1.769471e-07	1.970297e+00	
4159	1.769971e-07	1.987339e+00	
4160	1.770471e-07	1.983712e+00	
4161	1.770971e-07	2.046894e+00	
4162	1.771471e-07	7.860244e-01	
4163	1.771935e-07	-2.85592e-02	
4164	1.772275e-07	3.181485e-02	
4165	1.772627e-07	-1.45107e-02	
4166	1.772964e-07	1.393451e-02	
4167	1.773464e-07	-1.03249e-02	
4168	1.773964e-07	8.425868e-03	
4169	1.774464e-07	-5.87575e-03	
4170	1.774964e-07	2.603366e-03	
4171	1.775464e-07	-1.47732e-02	
4172	1.775964e-07	4.787656e-02	

Index   time            v(clk)          
--------------------------------------------------------------------------------
4173	1.776464e-07	1.477020e+00	
4174	1.776793e-07	2.004273e+00	
4175	1.777050e-07	1.945043e+00	
4176	1.777318e-07	1.990982e+00	
4177	1.777564e-07	1.973291e+00	
4178	1.778014e-07	1.984418e+00	
4179	1.778511e-07	1.976404e+00	
4180	1.779011e-07	1.981513e+00	
4181	1.779511e-07	1.987526e+00	
4182	1.780011e-07	2.034245e+00	
4183	1.780419e-07	1.464984e+00	
4184	1.780863e-07	1.024862e-01	
4185	1.781148e-07	-3.58584e-02	
4186	1.781435e-07	3.417206e-02	
4187	1.781734e-07	-1.67876e-02	
4188	1.782064e-07	1.553862e-02	
4189	1.782564e-07	-1.20009e-02	
4190	1.783064e-07	1.021795e-02	
4191	1.783564e-07	-7.75060e-03	
4192	1.784064e-07	4.698860e-03	
4193	1.784564e-07	-1.68536e-02	
4194	1.785064e-07	4.081436e-02	
4195	1.785564e-07	1.431283e+00	
4196	1.785944e-07	2.031316e+00	
4197	1.786232e-07	1.932071e+00	
4198	1.786527e-07	2.004413e+00	
4199	1.786798e-07	1.963481e+00	
4200	1.787293e-07	1.993455e+00	
4201	1.787786e-07	1.967940e+00	
4202	1.788286e-07	1.989287e+00	
4203	1.788786e-07	1.990525e+00	
4204	1.789286e-07	2.029656e+00	
4205	1.789648e-07	1.067165e+00	
4206	1.790011e-07	2.949110e-02	
4207	1.790253e-07	1.726537e-03	
4208	1.790520e-07	9.340688e-03	
4209	1.790844e-07	5.676186e-04	
4210	1.791313e-07	2.567657e-03	
4211	1.791813e-07	-1.97098e-03	
4212	1.792313e-07	2.212854e-03	
4213	1.792813e-07	-1.46617e-03	
4214	1.793313e-07	-2.44132e-03	
4215	1.793813e-07	-1.68503e-02	
4216	1.794313e-07	4.056265e-01	
4217	1.794813e-07	1.707517e+00	
4218	1.795198e-07	2.034641e+00	
4219	1.795607e-07	1.937820e+00	
4220	1.796038e-07	2.008900e+00	
4221	1.796456e-07	1.958996e+00	
4222	1.796956e-07	1.995690e+00	
4223	1.797456e-07	1.967183e+00	
4224	1.797956e-07	2.020838e+00	
4225	1.798456e-07	1.898534e+00	
4226	1.798956e-07	2.247320e-01	
4227	1.799260e-07	-7.61660e-02	
4228	1.799607e-07	6.480263e-02	
4229	1.799861e-07	-3.44461e-02	
4230	1.800146e-07	2.763237e-02	

Index   time            v(clk)          
--------------------------------------------------------------------------------
4231	1.800495e-07	-1.96293e-02	
4232	1.800860e-07	1.542008e-02	
4233	1.801360e-07	-1.19532e-02	
4234	1.801860e-07	1.037676e-02	
4235	1.802360e-07	-1.27030e-02	
4236	1.802860e-07	-5.97472e-03	
4237	1.803360e-07	3.655976e-01	
4238	1.803860e-07	1.725639e+00	
4239	1.804222e-07	2.010961e+00	
4240	1.804581e-07	1.955307e+00	
4241	1.804894e-07	1.990625e+00	
4242	1.805227e-07	1.974814e+00	
4243	1.805727e-07	1.982327e+00	
4244	1.806225e-07	1.977802e+00	
4245	1.806725e-07	1.990273e+00	
4246	1.807225e-07	2.030085e+00	
4247	1.807725e-07	9.853982e-01	
4248	1.808128e-07	2.306816e-02	
4249	1.808398e-07	2.890804e-03	
4250	1.808703e-07	7.912667e-03	
4251	1.809048e-07	8.654498e-05	
4252	1.809548e-07	1.924956e-03	
4253	1.810048e-07	-1.61330e-03	
4254	1.810548e-07	2.134447e-03	
4255	1.811048e-07	-2.23233e-03	
4256	1.811548e-07	-4.87416e-03	
4257	1.812048e-07	-1.90394e-02	
4258	1.812548e-07	9.455077e-01	
4259	1.812941e-07	1.867451e+00	
4260	1.813226e-07	1.973189e+00	
4261	1.813535e-07	1.970831e+00	
4262	1.813947e-07	1.985255e+00	
4263	1.814374e-07	1.975933e+00	
4264	1.814874e-07	1.982773e+00	
4265	1.815374e-07	1.976456e+00	
4266	1.815874e-07	2.000235e+00	
4267	1.816374e-07	2.028833e+00	
4268	1.816874e-07	4.258037e-01	
4269	1.817162e-07	-5.57178e-02	
4270	1.817446e-07	4.977703e-02	
4271	1.817685e-07	-2.10309e-02	
4272	1.817937e-07	2.001490e-02	
4273	1.818344e-07	-1.27545e-02	
4274	1.818755e-07	1.049164e-02	
4275	1.819255e-07	-8.16004e-03	
4276	1.819755e-07	7.380314e-03	
4277	1.820255e-07	-8.77833e-03	
4278	1.820755e-07	-6.31707e-03	
4279	1.821255e-07	8.041706e-02	
4280	1.821755e-07	1.533929e+00	
4281	1.822101e-07	2.022598e+00	
4282	1.822392e-07	1.938695e+00	
4283	1.822660e-07	1.998489e+00	
4284	1.822936e-07	1.967479e+00	
4285	1.823436e-07	1.989919e+00	
4286	1.823925e-07	1.971113e+00	
4287	1.824425e-07	1.986471e+00	
4288	1.824925e-07	1.992979e+00	

Index   time            v(clk)          
--------------------------------------------------------------------------------
4289	1.825425e-07	2.027958e+00	
4290	1.825824e-07	8.098810e-01	
4291	1.826220e-07	-3.06061e-02	
4292	1.826524e-07	3.433119e-02	
4293	1.826829e-07	-1.49243e-02	
4294	1.827129e-07	1.596005e-02	
4295	1.827629e-07	-1.13036e-02	
4296	1.828129e-07	9.554617e-03	
4297	1.828629e-07	-7.21816e-03	
4298	1.829129e-07	4.945988e-03	
4299	1.829629e-07	-1.40010e-02	
4300	1.830129e-07	2.225123e-03	
4301	1.830629e-07	1.272383e+00	
4302	1.830959e-07	1.953948e+00	
4303	1.831206e-07	1.949418e+00	
4304	1.831469e-07	1.985144e+00	
4305	1.831744e-07	1.974630e+00	
4306	1.832244e-07	1.983754e+00	
4307	1.832744e-07	1.976701e+00	
4308	1.833244e-07	1.981556e+00	
4309	1.833744e-07	1.987102e+00	
4310	1.834244e-07	2.033968e+00	
4311	1.834683e-07	1.318491e+00	
4312	1.835138e-07	7.025900e-02	
4313	1.835401e-07	-2.19071e-02	
4314	1.835711e-07	2.552784e-02	
4315	1.836081e-07	-1.32971e-02	
4316	1.836468e-07	1.253894e-02	
4317	1.836968e-07	-1.03081e-02	
4318	1.837468e-07	9.483961e-03	
4319	1.837968e-07	-7.87909e-03	
4320	1.838468e-07	3.395707e-03	
4321	1.838968e-07	-2.22805e-02	
4322	1.839468e-07	4.022891e-01	
4323	1.839968e-07	1.706856e+00	
4324	1.840312e-07	2.020012e+00	
4325	1.840709e-07	1.944101e+00	
4326	1.841030e-07	2.001442e+00	
4327	1.841378e-07	1.965219e+00	
4328	1.841878e-07	1.991153e+00	
4329	1.842378e-07	1.969570e+00	
4330	1.842878e-07	2.001915e+00	
4331	1.843378e-07	2.031659e+00	
4332	1.843878e-07	6.596563e-01	
4333	1.844169e-07	-1.08972e-02	
4334	1.844420e-07	2.524391e-02	
4335	1.844686e-07	-6.36439e-03	
4336	1.844941e-07	1.244617e-02	
4337	1.845441e-07	-7.28801e-03	
4338	1.845927e-07	6.516135e-03	
4339	1.846427e-07	-5.43189e-03	
4340	1.846927e-07	5.572781e-03	
4341	1.847427e-07	-8.46013e-03	
4342	1.847927e-07	-9.32844e-03	
4343	1.848427e-07	2.846308e-01	
4344	1.848927e-07	1.667871e+00	
4345	1.849234e-07	2.003463e+00	
4346	1.849563e-07	1.951233e+00	

Index   time            v(clk)          
--------------------------------------------------------------------------------
4347	1.849849e-07	1.992949e+00	
4348	1.850148e-07	1.971948e+00	
4349	1.850648e-07	1.985785e+00	
4350	1.851110e-07	1.974771e+00	
4351	1.851610e-07	1.984251e+00	
4352	1.852110e-07	2.005095e+00	
4353	1.852610e-07	1.919977e+00	
4354	1.853110e-07	2.327687e-01	
4355	1.853384e-07	-7.44114e-02	
4356	1.853723e-07	6.376057e-02	
4357	1.853973e-07	-3.34378e-02	
4358	1.854252e-07	2.756377e-02	
4359	1.854632e-07	-1.98708e-02	
4360	1.855025e-07	1.593913e-02	
4361	1.855525e-07	-1.27363e-02	
4362	1.856025e-07	1.115067e-02	
4363	1.856525e-07	-1.36735e-02	
4364	1.857025e-07	-6.19338e-03	
4365	1.857525e-07	4.230965e-01	
4366	1.858025e-07	1.737665e+00	
4367	1.858335e-07	2.000968e+00	
4368	1.858698e-07	1.955182e+00	
4369	1.859008e-07	1.993240e+00	
4370	1.859350e-07	1.971168e+00	
4371	1.859850e-07	1.986374e+00	
4372	1.860348e-07	1.973815e+00	
4373	1.860848e-07	1.991396e+00	
4374	1.861348e-07	2.022325e+00	
4375	1.861848e-07	1.184499e+00	
4376	1.862300e-07	5.320882e-02	
4377	1.862584e-07	-1.52512e-02	
4378	1.862900e-07	2.086093e-02	
4379	1.863334e-07	-1.13503e-02	
4380	1.863782e-07	1.057981e-02	
4381	1.864282e-07	-8.95637e-03	
4382	1.864782e-07	8.538085e-03	
4383	1.865282e-07	-8.29323e-03	
4384	1.865782e-07	-7.83665e-04	
4385	1.866282e-07	-1.92749e-02	
4386	1.866782e-07	1.132275e+00	
4387	1.867192e-07	1.949302e+00	
4388	1.867476e-07	1.954561e+00	
4389	1.867782e-07	1.988703e+00	
4390	1.868128e-07	1.972466e+00	
4391	1.868628e-07	1.986057e+00	
4392	1.869128e-07	1.974216e+00	
4393	1.869628e-07	1.983984e+00	
4394	1.870128e-07	1.997730e+00	
4395	1.870628e-07	2.007901e+00	
4396	1.871056e-07	5.535025e-01	
4397	1.871369e-07	-5.26866e-02	
4398	1.871648e-07	4.818695e-02	
4399	1.871895e-07	-2.12477e-02	
4400	1.872151e-07	2.103396e-02	
4401	1.872598e-07	-1.42861e-02	
4402	1.873079e-07	1.232071e-02	
4403	1.873579e-07	-9.80235e-03	
4404	1.874079e-07	8.905292e-03	

Index   time            v(clk)          
--------------------------------------------------------------------------------
4405	1.874579e-07	-1.16955e-02	
4406	1.875079e-07	-8.38791e-03	
4407	1.875579e-07	4.250089e-01	
4408	1.876079e-07	1.730427e+00	
4409	1.876390e-07	2.004844e+00	
4410	1.876754e-07	1.951749e+00	
4411	1.877066e-07	1.996263e+00	
4412	1.877410e-07	1.968504e+00	
4413	1.877910e-07	1.988832e+00	
4414	1.878410e-07	1.971509e+00	
4415	1.878910e-07	1.993873e+00	
4416	1.879410e-07	2.021742e+00	
4417	1.879809e-07	1.673459e+00	
4418	1.880244e-07	1.673976e-01	
4419	1.880476e-07	-5.06873e-02	
4420	1.880775e-07	4.627729e-02	
4421	1.881037e-07	-2.24070e-02	
4422	1.881313e-07	2.045973e-02	
4423	1.881771e-07	-1.52988e-02	
4424	1.882271e-07	1.303414e-02	
4425	1.882771e-07	-1.03147e-02	
4426	1.883271e-07	8.454265e-03	
4427	1.883771e-07	-1.47822e-02	
4428	1.884271e-07	-8.64765e-03	
4429	1.884771e-07	9.716727e-01	
4430	1.885139e-07	1.874067e+00	
4431	1.885407e-07	1.963762e+00	
4432	1.885703e-07	1.974579e+00	
4433	1.886075e-07	1.981248e+00	
4434	1.886501e-07	1.979245e+00	
4435	1.887001e-07	1.979928e+00	
4436	1.887501e-07	1.979108e+00	
4437	1.888001e-07	1.990621e+00	
4438	1.888501e-07	2.035481e+00	
4439	1.888921e-07	1.288279e+00	
4440	1.889329e-07	7.855716e-02	
4441	1.889575e-07	-2.24411e-02	
4442	1.889866e-07	2.612785e-02	
4443	1.890206e-07	-1.23001e-02	
4444	1.890562e-07	1.267100e-02	
4445	1.891062e-07	-1.01356e-02	
4446	1.891562e-07	9.068272e-03	
4447	1.892062e-07	-7.18884e-03	
4448	1.892562e-07	3.989230e-03	
4449	1.893062e-07	-1.81492e-02	
4450	1.893562e-07	8.747028e-02	
4451	1.894062e-07	1.515369e+00	
4452	1.894399e-07	2.025226e+00	
4453	1.894679e-07	1.934851e+00	
4454	1.894967e-07	2.002387e+00	
4455	1.895228e-07	1.964563e+00	
4456	1.895728e-07	1.992733e+00	
4457	1.896210e-07	1.968457e+00	
4458	1.896710e-07	1.988934e+00	
4459	1.897210e-07	1.990218e+00	
4460	1.897710e-07	2.031570e+00	
4461	1.898148e-07	6.855896e-01	
4462	1.898470e-07	-2.24292e-02	

Index   time            v(clk)          
--------------------------------------------------------------------------------
4463	1.898733e-07	2.862249e-02	
4464	1.899007e-07	-7.81852e-03	
4465	1.899264e-07	1.107395e-02	
4466	1.899764e-07	-5.55151e-03	
4467	1.900264e-07	4.355454e-03	
4468	1.900764e-07	-2.62523e-03	
4469	1.901264e-07	2.090287e-03	
4470	1.901764e-07	-6.27830e-03	
4471	1.902264e-07	-1.50983e-02	
4472	1.902764e-07	5.834774e-01	
4473	1.903264e-07	1.790591e+00	
4474	1.903587e-07	2.003989e+00	
4475	1.903954e-07	1.955299e+00	
4476	1.904344e-07	1.996705e+00	
4477	1.904722e-07	1.967496e+00	
4478	1.905222e-07	1.989659e+00	
4479	1.905722e-07	1.970625e+00	
4480	1.906222e-07	2.008954e+00	
4481	1.906722e-07	2.003694e+00	
4482	1.907222e-07	3.425460e-01	
4483	1.907498e-07	-6.85248e-02	
4484	1.907794e-07	5.815026e-02	
4485	1.908026e-07	-2.63789e-02	
4486	1.908273e-07	2.317165e-02	
4487	1.908625e-07	-1.48573e-02	
4488	1.908989e-07	1.178976e-02	
4489	1.909489e-07	-9.24002e-03	
4490	1.909989e-07	8.513303e-03	
4491	1.910489e-07	-9.39178e-03	
4492	1.910989e-07	-3.69159e-03	
4493	1.911489e-07	2.712898e-02	
4494	1.911989e-07	1.455515e+00	
4495	1.912316e-07	1.999869e+00	
4496	1.912576e-07	1.942797e+00	
4497	1.912848e-07	1.993642e+00	
4498	1.913102e-07	1.970440e+00	
4499	1.913602e-07	1.987251e+00	
4500	1.914082e-07	1.973705e+00	
4501	1.914582e-07	1.984034e+00	
4502	1.915082e-07	1.987097e+00	
4503	1.915582e-07	2.043616e+00	
4504	1.916082e-07	7.693572e-01	
4505	1.916496e-07	-2.42250e-02	
4506	1.916905e-07	3.096612e-02	
4507	1.917283e-07	-1.56856e-02	
4508	1.917669e-07	1.503263e-02	
4509	1.918169e-07	-1.22141e-02	
4510	1.918669e-07	1.067927e-02	
4511	1.919169e-07	-8.39348e-03	
4512	1.919669e-07	3.962160e-03	
4513	1.920169e-07	-2.03720e-02	
4514	1.920669e-07	2.627409e-01	
4515	1.921169e-07	1.653289e+00	
4516	1.921535e-07	2.026144e+00	
4517	1.921930e-07	1.943041e+00	
4518	1.922239e-07	1.998484e+00	
4519	1.922560e-07	1.969572e+00	
4520	1.923060e-07	1.986754e+00	

Index   time            v(clk)          
--------------------------------------------------------------------------------
4521	1.923559e-07	1.974021e+00	
4522	1.924059e-07	1.994747e+00	
4523	1.924559e-07	2.032871e+00	
4524	1.925059e-07	8.386466e-01	
4525	1.925436e-07	-2.98287e-03	
4526	1.925806e-07	1.823890e-02	
4527	1.926160e-07	-5.64839e-03	
4528	1.926536e-07	8.837277e-03	
4529	1.927036e-07	-6.70073e-03	
4530	1.927536e-07	6.247606e-03	
4531	1.928036e-07	-4.88794e-03	
4532	1.928536e-07	2.271470e-03	
4533	1.929036e-07	-1.49748e-02	
4534	1.929536e-07	4.851442e-02	
4535	1.930036e-07	1.485395e+00	
4536	1.930356e-07	2.006970e+00	
4537	1.930616e-07	1.940756e+00	
4538	1.930886e-07	1.995371e+00	
4539	1.931136e-07	1.969219e+00	
4540	1.931618e-07	1.988479e+00	
4541	1.932098e-07	1.972507e+00	
4542	1.932598e-07	1.985191e+00	
4543	1.933098e-07	1.985887e+00	
4544	1.933598e-07	2.041329e+00	
4545	1.934001e-07	1.349009e+00	
4546	1.934420e-07	8.621838e-02	
4547	1.934660e-07	-2.57183e-02	
4548	1.934953e-07	2.878170e-02	
4549	1.935280e-07	-1.39542e-02	
4550	1.935625e-07	1.400174e-02	
4551	1.936125e-07	-1.13908e-02	
4552	1.936625e-07	1.016360e-02	
4553	1.937125e-07	-8.09930e-03	
4554	1.937625e-07	5.023004e-03	
4555	1.938125e-07	-1.81777e-02	
4556	1.938625e-07	5.971542e-02	
4557	1.939125e-07	1.476388e+00	
4558	1.939457e-07	2.021048e+00	
4559	1.939769e-07	1.932282e+00	
4560	1.940059e-07	2.005793e+00	
4561	1.940338e-07	1.961449e+00	
4562	1.940838e-07	1.995571e+00	
4563	1.941330e-07	1.965812e+00	
4564	1.941830e-07	1.991441e+00	
4565	1.942330e-07	1.990700e+00	
4566	1.942830e-07	2.015124e+00	
4567	1.943222e-07	7.874592e-01	
4568	1.943581e-07	-1.99924e-02	
4569	1.943855e-07	2.653606e-02	
4570	1.944137e-07	-7.35457e-03	
4571	1.944411e-07	1.039975e-02	
4572	1.944911e-07	-5.32975e-03	
4573	1.945411e-07	4.374346e-03	
4574	1.945911e-07	-2.47707e-03	
4575	1.946411e-07	1.452950e-03	
4576	1.946911e-07	-8.24984e-03	
4577	1.947411e-07	-1.43392e-02	
4578	1.947911e-07	9.528135e-01	

Index   time            v(clk)          
--------------------------------------------------------------------------------
4579	1.948333e-07	1.887321e+00	
4580	1.948631e-07	1.976074e+00	
4581	1.948938e-07	1.970673e+00	
4582	1.949351e-07	1.986732e+00	
4583	1.949851e-07	1.973819e+00	
4584	1.950351e-07	1.984830e+00	
4585	1.950851e-07	1.975107e+00	
4586	1.951351e-07	2.010366e+00	
4587	1.951851e-07	1.951233e+00	
4588	1.952351e-07	2.589835e-01	
4589	1.952642e-07	-7.81683e-02	
4590	1.952981e-07	6.626080e-02	
4591	1.953230e-07	-3.42180e-02	
4592	1.953502e-07	2.760577e-02	
4593	1.953856e-07	-1.94052e-02	
4594	1.954220e-07	1.507890e-02	
4595	1.954720e-07	-1.18437e-02	
4596	1.955220e-07	1.036452e-02	
4597	1.955720e-07	-1.22149e-02	
4598	1.956220e-07	-5.73261e-03	
4599	1.956720e-07	2.653167e-01	
4600	1.957220e-07	1.665795e+00	
4601	1.957556e-07	2.013180e+00	
4602	1.957906e-07	1.948730e+00	
4603	1.958202e-07	1.994820e+00	
4604	1.958512e-07	1.971097e+00	
4605	1.959012e-07	1.986176e+00	
4606	1.959475e-07	1.974462e+00	
4607	1.959975e-07	1.986056e+00	
4608	1.960475e-07	2.010576e+00	
4609	1.960975e-07	1.741756e+00	
4610	1.961475e-07	1.597120e-01	
4611	1.961741e-07	-5.80046e-02	
4612	1.962073e-07	5.138259e-02	
4613	1.962335e-07	-2.70759e-02	
4614	1.962638e-07	2.308465e-02	
4615	1.963058e-07	-1.72831e-02	
4616	1.963504e-07	1.428531e-02	
4617	1.964004e-07	-1.12014e-02	
4618	1.964504e-07	8.733049e-03	
4619	1.965004e-07	-1.61019e-02	
4620	1.965504e-07	-3.78356e-03	
4621	1.966004e-07	1.111347e+00	
4622	1.966356e-07	1.924195e+00	
4623	1.966655e-07	1.955337e+00	
4624	1.966930e-07	1.985807e+00	
4625	1.967270e-07	1.973245e+00	
4626	1.967770e-07	1.985807e+00	
4627	1.968270e-07	1.974215e+00	
4628	1.968770e-07	1.983988e+00	
4629	1.969270e-07	1.991951e+00	
4630	1.969770e-07	2.037250e+00	
4631	1.970174e-07	1.031836e+00	
4632	1.970568e-07	2.011928e-02	
4633	1.970830e-07	3.963782e-03	
4634	1.971115e-07	7.670062e-03	
4635	1.971442e-07	4.670875e-04	
4636	1.971933e-07	2.271285e-03	

Index   time            v(clk)          
--------------------------------------------------------------------------------
4637	1.972433e-07	-2.00178e-03	
4638	1.972933e-07	2.607466e-03	
4639	1.973433e-07	-2.74301e-03	
4640	1.973933e-07	-4.32732e-03	
4641	1.974433e-07	-1.89947e-02	
4642	1.974933e-07	9.292401e-01	
4643	1.975380e-07	1.891351e+00	
4644	1.975677e-07	1.974187e+00	
4645	1.976003e-07	1.974015e+00	
4646	1.976441e-07	1.983979e+00	
4647	1.976941e-07	1.976392e+00	
4648	1.977441e-07	1.982350e+00	
4649	1.977941e-07	1.978529e+00	
4650	1.978441e-07	2.013614e+00	
4651	1.978941e-07	1.852779e+00	
4652	1.979441e-07	1.984494e-01	
4653	1.979766e-07	-7.64445e-02	
4654	1.980077e-07	6.308597e-02	
4655	1.980327e-07	-3.35473e-02	
4656	1.980614e-07	2.718521e-02	
4657	1.980953e-07	-1.93308e-02	
4658	1.981339e-07	1.555222e-02	
4659	1.981839e-07	-1.21892e-02	
4660	1.982339e-07	1.044922e-02	
4661	1.982839e-07	-1.31036e-02	
4662	1.983339e-07	-7.02871e-03	
4663	1.983839e-07	4.585672e-01	
4664	1.984339e-07	1.757826e+00	
4665	1.984687e-07	2.005110e+00	
4666	1.985038e-07	1.957848e+00	
4667	1.985346e-07	1.990161e+00	
4668	1.985696e-07	1.974079e+00	
4669	1.986196e-07	1.983326e+00	
4670	1.986696e-07	1.976588e+00	
4671	1.987196e-07	1.994463e+00	
4672	1.987696e-07	2.033445e+00	
4673	1.988127e-07	1.133459e+00	
4674	1.988560e-07	3.344621e-02	
4675	1.988831e-07	-3.86972e-03	
4676	1.989133e-07	1.272789e-02	
4677	1.989508e-07	-3.96354e-03	
4678	1.989998e-07	5.044090e-03	
4679	1.990498e-07	-4.38789e-03	
4680	1.990998e-07	4.645784e-03	
4681	1.991498e-07	-4.94369e-03	
4682	1.991998e-07	-4.41326e-03	
4683	1.992498e-07	-1.23619e-02	
4684	1.992998e-07	1.173690e+00	
4685	1.993398e-07	1.956616e+00	
4686	1.993676e-07	1.954003e+00	
4687	1.993974e-07	1.988098e+00	
4688	1.994295e-07	1.973366e+00	
4689	1.994795e-07	1.985061e+00	
4690	1.995295e-07	1.975303e+00	
4691	1.995795e-07	1.982738e+00	
4692	1.996295e-07	1.996285e+00	
4693	1.996795e-07	2.025236e+00	
4694	1.997214e-07	7.054292e-01	

Index   time            v(clk)          
--------------------------------------------------------------------------------
4695	1.997552e-07	-3.07619e-02	
4696	1.997824e-07	3.471574e-02	
4697	1.998104e-07	-1.37977e-02	
4698	1.998368e-07	1.587684e-02	
4699	1.998868e-07	-1.02293e-02	
4700	1.999368e-07	8.902970e-03	
4701	1.999684e-07	-6.28797e-03	
4702	2.000000e-07	5.623368e-03	


Total analysis time (seconds) = 20.3368

Total elapsed time (seconds) = 50.401 

Total DRAM available = 15700.234 MB.
DRAM currently available = 6121.285 MB.
Maximum ngspice program size =  450.766 MB.
Current ngspice program size =  386.355 MB.

Shared ngspice pages =    8.844 MB.
Text (code) pages =    6.355 MB.
Stack = 0 bytes.
Library pages =  436.082 MB.

