
Note: Compatibility modes selected: hs a


Circuit: ** sch_path: /users/rwalters/github/sky130-pll/.loom/worktrees/issue-130/sim/divider-n64/testbench/tb_divider_n64.sch

option SCALE: Scale is set to 1e-06 for instance and model parameters
option SCALE: Scale is set to 1e-06 for instance and model parameters
option SCALE: Scale is set to 1e-06 for instance and model parameters
option SCALE: Scale is set to 1e-06 for instance and model parameters
Doing analysis at TEMP = -40.000000 and TNOM = 27.000000

Using KLU as Direct Linear Solver
 Reference value :  0.00000e+00
 Reference value :  5.02900e-10
 Reference value :  1.78290e-09
 Reference value :  2.54762e-09
 Reference value :  3.78762e-09
 Reference value :  4.46758e-09
 Reference value :  5.50000e-09
 Reference value :  6.22762e-09
 Reference value :  7.46762e-09
 Reference value :  8.18733e-09
 Reference value :  9.22733e-09
 Reference value :  1.00676e-08
 Reference value :  1.11476e-08
 Reference value :  1.20396e-08
 Reference value :  1.25873e-08
 Reference value :  1.33473e-08
 Reference value :  1.41876e-08
 Reference value :  1.54276e-08
 Reference value :  1.61873e-08
 Reference value :  1.71073e-08
 Reference value :  1.80256e-08
 Reference value :  1.89476e-08
 Reference value :  2.00151e-08
 Reference value :  2.05873e-08
 Reference value :  2.14673e-08
 Reference value :  2.22276e-08
 Reference value :  2.34676e-08
 Reference value :  2.42273e-08
 Reference value :  2.51473e-08
 Reference value :  2.60396e-08
 Reference value :  2.69876e-08
 Reference value :  2.80125e-08
 Reference value :  2.85473e-08
 Reference value :  2.96673e-08
 Reference value :  3.04276e-08
 Reference value :  3.17076e-08
 Reference value :  3.23473e-08
 Reference value :  3.34273e-08
 Reference value :  3.41876e-08
 Reference value :  3.53876e-08
 Reference value :  3.61873e-08
 Reference value :  3.67873e-08
 Reference value :  3.79473e-08
 Reference value :  3.87476e-08
 Reference value :  4.00000e-08
 Reference value :  4.04273e-08
 Reference value :  4.16673e-08
 Reference value :  4.23076e-08
 Reference value :  4.35876e-08
 Reference value :  4.42273e-08
 Reference value :  4.47873e-08
 Reference value :  4.60000e-08
 Reference value :  4.67876e-08
 Reference value :  4.80038e-08
 Reference value :  4.84673e-08
 Reference value :  4.97073e-08
 Reference value :  5.03476e-08
 Reference value :  5.17076e-08
 Reference value :  5.23473e-08
 Reference value :  5.31873e-08
 Reference value :  5.40676e-08
 Reference value :  5.51876e-08
 Reference value :  5.60673e-08
 Reference value :  5.68673e-08
 Reference value :  5.80038e-08
 Reference value :  5.87476e-08
 Reference value :  5.99738e-08
 Reference value :  6.04273e-08
 Reference value :  6.14673e-08
 Reference value :  6.22676e-08
 Reference value :  6.35076e-08
 Reference value :  6.43073e-08
 Reference value :  6.54273e-08
 Reference value :  6.61876e-08
 Reference value :  6.73876e-08
 Reference value :  6.81473e-08
 Reference value :  6.87873e-08
 Reference value :  6.96673e-08
 Reference value :  7.04276e-08
 Reference value :  7.16676e-08
 Reference value :  7.23061e-08
 Reference value :  7.34661e-08
 Reference value :  7.41876e-08
 Reference value :  7.54676e-08
 Reference value :  7.61873e-08
 Reference value :  7.66673e-08
 Reference value :  7.77873e-08
 Reference value :  7.85076e-08
 Reference value :  7.97476e-08
 Reference value :  8.03473e-08
 Reference value :  8.13873e-08
 Reference value :  8.21476e-08
 Reference value :  8.32676e-08
 Reference value :  8.42261e-08
 Reference value :  8.48661e-08
 Reference value :  8.60038e-08
 Reference value :  8.69076e-08
 Reference value :  8.80134e-08
 Reference value :  8.85873e-08
 Reference value :  8.97873e-08
 Reference value :  9.04276e-08
 Reference value :  9.16276e-08
 Reference value :  9.22673e-08
 Reference value :  9.30273e-08
 Reference value :  9.40151e-08
 Reference value :  9.50676e-08
 Reference value :  9.60256e-08
 Reference value :  9.68273e-08
 Reference value :  9.80013e-08
 Reference value :  9.87476e-08
 Reference value :  9.99738e-08
 Reference value :  1.00467e-07
 Reference value :  1.01227e-07
 Reference value :  1.02108e-07
 Reference value :  1.03308e-07
 Reference value :  1.04107e-07
 Reference value :  1.04907e-07
 Reference value :  1.06008e-07
 Reference value :  1.06828e-07
 Reference value :  1.08001e-07
 Reference value :  1.08507e-07
 Reference value :  1.09347e-07
 Reference value :  1.10148e-07
 Reference value :  1.11388e-07
 Reference value :  1.12226e-07
 Reference value :  1.13146e-07
 Reference value :  1.14040e-07
 Reference value :  1.14988e-07
 Reference value :  1.16015e-07
 Reference value :  1.16587e-07
 Reference value :  1.17507e-07
 Reference value :  1.18308e-07
 Reference value :  1.19588e-07
 Reference value :  1.20307e-07
 Reference value :  1.21427e-07
 Reference value :  1.22148e-07
 Reference value :  1.23308e-07
 Reference value :  1.24107e-07
 Reference value :  1.24747e-07
 Reference value :  1.26000e-07
 Reference value :  1.26788e-07
 Reference value :  1.28001e-07
 Reference value :  1.28547e-07
 Reference value :  1.29974e-07
 Reference value :  1.30628e-07
 Reference value :  1.31868e-07
 Reference value :  1.32347e-07
 Reference value :  1.32907e-07
 Reference value :  1.34000e-07
 Reference value :  1.34788e-07
 Reference value :  1.36001e-07
 Reference value :  1.36467e-07
 Reference value :  1.37707e-07
 Reference value :  1.38308e-07
 Reference value :  1.39588e-07
 Reference value :  1.40227e-07
 Reference value :  1.40707e-07
 Reference value :  1.42000e-07
 Reference value :  1.42788e-07
 Reference value :  1.44001e-07
 Reference value :  1.44467e-07
 Reference value :  1.45747e-07
 Reference value :  1.46428e-07
 Reference value :  1.47788e-07
 Reference value :  1.48347e-07
 Reference value :  1.49067e-07
 Reference value :  1.50040e-07
 Reference value :  1.51148e-07
 Reference value :  1.52040e-07
 Reference value :  1.52867e-07
 Reference value :  1.54008e-07
 Reference value :  1.54828e-07
 Reference value :  1.56004e-07
 Reference value :  1.56507e-07
 Reference value :  1.57587e-07
 Reference value :  1.58348e-07
 Reference value :  1.59588e-07
 Reference value :  1.60267e-07
 Reference value :  1.61387e-07
 Reference value :  1.62148e-07
 Reference value :  1.63268e-07
 Reference value :  1.64107e-07
 Reference value :  1.64747e-07
 Reference value :  1.65827e-07
 Reference value :  1.66588e-07
 Reference value :  1.67868e-07
 Reference value :  1.68387e-07
 Reference value :  1.69587e-07
 Reference value :  1.70228e-07
 Reference value :  1.71468e-07
 Reference value :  1.72227e-07
 Reference value :  1.72787e-07
 Reference value :  1.74004e-07
 Reference value :  1.74868e-07
 Reference value :  1.76004e-07
 Reference value :  1.76507e-07
 Reference value :  1.77787e-07
 Reference value :  1.78468e-07
 Reference value :  1.79788e-07
 Reference value :  1.80347e-07
 Reference value :  1.81147e-07
 Reference value :  1.82040e-07
 Reference value :  1.83148e-07
 Reference value :  1.84040e-07
 Reference value :  1.84787e-07
 Reference value :  1.86000e-07
 Reference value :  1.86628e-07
 Reference value :  1.87908e-07
 Reference value :  1.88387e-07
 Reference value :  1.89307e-07
 Reference value :  1.90148e-07
 Reference value :  1.91388e-07
 Reference value :  1.92187e-07
 Reference value :  1.93227e-07
 Reference value :  1.94108e-07
 Reference value :  1.95188e-07
 Reference value :  1.96040e-07
 Reference value :  1.96707e-07
 Reference value :  1.97467e-07
 Reference value :  1.98228e-07
 Reference value :  1.99468e-07
 Reference value :  2.00187e-07
 Reference value :  2.01067e-07
 Reference value :  2.02019e-07
 Reference value :  2.02908e-07
 Reference value :  2.04008e-07
 Reference value :  2.04507e-07
 Reference value :  2.05267e-07
 Reference value :  2.06108e-07
 Reference value :  2.07308e-07
 Reference value :  2.08147e-07
 Reference value :  2.09027e-07
 Reference value :  2.10015e-07
 Reference value :  2.10868e-07
 Reference value :  2.12004e-07
 Reference value :  2.12507e-07
 Reference value :  2.13387e-07
 Reference value :  2.14148e-07
 Reference value :  2.15388e-07
 Reference value :  2.16147e-07
 Reference value :  2.17067e-07
 Reference value :  2.18019e-07
 Reference value :  2.18908e-07
 Reference value :  2.20008e-07
 Reference value :  2.20547e-07
 Reference value :  2.21627e-07
 Reference value :  2.22348e-07
 Reference value :  2.23588e-07
 Reference value :  2.24307e-07
 Reference value :  2.25347e-07
 Reference value :  2.26148e-07
 Reference value :  2.27268e-07
 Reference value :  2.28107e-07
 Reference value :  2.28747e-07
 Reference value :  2.29907e-07
 Reference value :  2.30668e-07
 Reference value :  2.31948e-07
 Reference value :  2.32427e-07
 Reference value :  2.33667e-07
 Reference value :  2.34308e-07
 Reference value :  2.35548e-07
 Reference value :  2.36227e-07
 Reference value :  2.36747e-07
 Reference value :  2.38001e-07
 Reference value :  2.38948e-07
 Reference value :  2.40015e-07
 Reference value :  2.40667e-07
 Reference value :  2.41907e-07
 Reference value :  2.42588e-07
 Reference value :  2.43828e-07
 Reference value :  2.44347e-07
 Reference value :  2.45107e-07
 Reference value :  2.46068e-07
 Reference value :  2.47228e-07
 Reference value :  2.48066e-07
 Reference value :  2.48906e-07
 Reference value :  2.50008e-07
 Reference value :  2.50788e-07
 Reference value :  2.52000e-07
 Reference value :  2.52506e-07
 Reference value :  2.53586e-07
 Reference value :  2.54308e-07
 Reference value :  2.55548e-07
 Reference value :  2.56227e-07
 Reference value :  2.57147e-07
 Reference value :  2.58068e-07
 Reference value :  2.59108e-07
 Reference value :  2.60026e-07
 Reference value :  2.60667e-07
 Reference value :  2.61467e-07
 Reference value :  2.62268e-07
 Reference value :  2.63508e-07
 Reference value :  2.64226e-07
 Reference value :  2.65226e-07
 Reference value :  2.66108e-07
 Reference value :  2.67148e-07
 Reference value :  2.68040e-07
 Reference value :  2.68547e-07
 Reference value :  2.69147e-07
 Reference value :  2.70040e-07
 Reference value :  2.71148e-07
 Reference value :  2.72040e-07
 Reference value :  2.72787e-07
 Reference value :  2.74001e-07
 Reference value :  2.74668e-07
 Reference value :  2.75948e-07
 Reference value :  2.76426e-07
 Reference value :  2.77306e-07
 Reference value :  2.78148e-07
 Reference value :  2.79388e-07
 Reference value :  2.80147e-07
 Reference value :  2.80987e-07
 Reference value :  2.82013e-07
 Reference value :  2.82828e-07
 Reference value :  2.84001e-07
 Reference value :  2.84467e-07
 Reference value :  2.85467e-07
 Reference value :  2.86228e-07
 Reference value :  2.87508e-07
 Reference value :  2.88266e-07
 Reference value :  2.89226e-07
 Reference value :  2.90108e-07
 Reference value :  2.91148e-07
 Reference value :  2.92040e-07
 Reference value :  2.92667e-07
 Reference value :  2.93587e-07
 Reference value :  2.94348e-07
 Reference value :  2.95548e-07
 Reference value :  2.96227e-07
 Reference value :  2.97147e-07
 Reference value :  2.98040e-07
 Reference value :  2.99028e-07
 Reference value :  3.00018e-07
 Reference value :  3.00546e-07
 Reference value :  3.01466e-07
 Reference value :  3.02228e-07
 Reference value :  3.03468e-07
 Reference value :  3.04187e-07
 Reference value :  3.05107e-07
 Reference value :  3.06026e-07
 Reference value :  3.06988e-07
 Reference value :  3.08012e-07
 Reference value :  3.08547e-07
 Reference value :  3.09427e-07
 Reference value :  3.10188e-07
 Reference value :  3.11428e-07
 Reference value :  3.12226e-07
 Reference value :  3.13186e-07
 Reference value :  3.14068e-07
 Reference value :  3.15068e-07
 Reference value :  3.16019e-07
 Reference value :  3.16587e-07
 Reference value :  3.17787e-07
 Reference value :  3.18548e-07
 Reference value :  3.19868e-07
 Reference value :  3.20387e-07
 Reference value :  3.21587e-07
 Reference value :  3.22188e-07
 Reference value :  3.23468e-07
 Reference value :  3.24226e-07
 Reference value :  3.24826e-07
 Reference value :  3.25706e-07
 Reference value :  3.26468e-07
 Reference value :  3.27708e-07
 Reference value :  3.28307e-07
 Reference value :  3.29307e-07
 Reference value :  3.30108e-07
 Reference value :  3.31188e-07
 Reference value :  3.32040e-07
 Reference value :  3.32627e-07
 Reference value :  3.33974e-07
 Reference value :  3.34828e-07
 Reference value :  3.36013e-07
 Reference value :  3.36666e-07
 Reference value :  3.37973e-07
 Reference value :  3.38628e-07
 Reference value :  3.39868e-07
 Reference value :  3.40347e-07
 Reference value :  3.41147e-07
 Reference value :  3.42040e-07
 Reference value :  3.43148e-07
 Reference value :  3.44040e-07
 Reference value :  3.44787e-07
 Reference value :  3.46004e-07
 Reference value :  3.46748e-07
 Reference value :  3.47974e-07
 Reference value :  3.48426e-07
 Reference value :  3.49426e-07
 Reference value :  3.50188e-07
 Reference value :  3.51468e-07
 Reference value :  3.52187e-07
 Reference value :  3.53147e-07
 Reference value :  3.54040e-07
 Reference value :  3.55028e-07
 Reference value :  3.56026e-07
 Reference value :  3.56707e-07
 Reference value :  3.57787e-07
 Reference value :  3.58588e-07
 Reference value :  3.59868e-07
 Reference value :  3.60387e-07
 Reference value :  3.61547e-07
 Reference value :  3.62188e-07
 Reference value :  3.63468e-07
 Reference value :  3.64227e-07
 Reference value :  3.64747e-07
 Reference value :  3.65907e-07
 Reference value :  3.66668e-07
 Reference value :  3.67948e-07
 Reference value :  3.68467e-07
 Reference value :  3.69707e-07
 Reference value :  3.70348e-07
 Reference value :  3.71588e-07
 Reference value :  3.72267e-07
 Reference value :  3.72947e-07
 Reference value :  3.74008e-07
 Reference value :  3.74908e-07
 Reference value :  3.76008e-07
 Reference value :  3.76507e-07
 Reference value :  3.77747e-07
 Reference value :  3.78348e-07
 Reference value :  3.79628e-07
 Reference value :  3.80267e-07
 Reference value :  3.81067e-07
 Reference value :  3.82019e-07
 Reference value :  3.83148e-07
 Reference value :  3.84040e-07
 Reference value :  3.84867e-07
 Reference value :  3.86001e-07
 Reference value :  3.86708e-07
 Reference value :  3.87948e-07
 Reference value :  3.88387e-07
 Reference value :  3.89027e-07
 Reference value :  3.90013e-07
 Reference value :  3.90988e-07
 Reference value :  3.92013e-07
 Reference value :  3.92587e-07
 Reference value :  3.93827e-07
 Reference value :  3.94508e-07
 Reference value :  3.95828e-07
 Reference value :  3.96347e-07
 Reference value :  3.96787e-07
 Reference value :  3.97974e-07
 Reference value :  3.98908e-07
 Reference value :  4.00013e-07
 Reference value :  4.00666e-07
 Reference value :  4.01946e-07
 Reference value :  4.02588e-07
 Reference value :  4.03868e-07
 Reference value :  4.04347e-07
 Reference value :  4.05027e-07
 Reference value :  4.06015e-07
 Reference value :  4.07028e-07
 Reference value :  4.08015e-07
 Reference value :  4.08587e-07
 Reference value :  4.09947e-07
 Reference value :  4.10548e-07
 Reference value :  4.11788e-07
 Reference value :  4.12346e-07
 Reference value :  4.13266e-07
 Reference value :  4.14108e-07
 Reference value :  4.15268e-07
 Reference value :  4.16107e-07
 Reference value :  4.16947e-07
 Reference value :  4.18013e-07
 Reference value :  4.18828e-07
 Reference value :  4.20001e-07
 Reference value :  4.20507e-07
 Reference value :  4.21267e-07
 Reference value :  4.22148e-07
 Reference value :  4.23388e-07
 Reference value :  4.24226e-07
 Reference value :  4.25146e-07
 Reference value :  4.26040e-07
 Reference value :  4.26988e-07
 Reference value :  4.28013e-07
 Reference value :  4.28547e-07
 Reference value :  4.29547e-07
 Reference value :  4.30388e-07
 Reference value :  4.31828e-07
 Reference value :  4.32387e-07
 Reference value :  4.33587e-07
 Reference value :  4.34228e-07
 Reference value :  4.35428e-07
 Reference value :  4.36226e-07
 Reference value :  4.36866e-07
 Reference value :  4.38013e-07
 Reference value :  4.38948e-07
 Reference value :  4.40012e-07
 Reference value :  4.40587e-07
 Reference value :  4.41827e-07
 Reference value :  4.42428e-07
 Reference value :  4.43708e-07
 Reference value :  4.44307e-07
 Reference value :  4.45147e-07
 Reference value :  4.46068e-07
 Reference value :  4.47228e-07
 Reference value :  4.48106e-07
 Reference value :  4.48946e-07
 Reference value :  4.50013e-07
 Reference value :  4.50828e-07
 Reference value :  4.52001e-07
 Reference value :  4.52507e-07
 Reference value :  4.53067e-07
 Reference value :  4.54019e-07
 Reference value :  4.55028e-07
 Reference value :  4.56015e-07
 Reference value :  4.56627e-07
 Reference value :  4.57974e-07
 Reference value :  4.58708e-07
 Reference value :  4.59948e-07
 Reference value :  4.60426e-07
 Reference value :  4.61106e-07
 Reference value :  4.62026e-07
 Reference value :  4.63108e-07
 Reference value :  4.64026e-07
 Reference value :  4.64747e-07
 Reference value :  4.65974e-07
 Reference value :  4.66588e-07
 Reference value :  4.67828e-07
 Reference value :  4.68387e-07
 Reference value :  4.69227e-07
 Reference value :  4.70148e-07
 Reference value :  4.71468e-07
 Reference value :  4.72266e-07
 Reference value :  4.73306e-07
 Reference value :  4.74148e-07
 Reference value :  4.75268e-07
 Reference value :  4.76107e-07
 Reference value :  4.76707e-07
 Reference value :  4.77947e-07
 Reference value :  4.78708e-07
 Reference value :  4.79948e-07
 Reference value :  4.80387e-07
 Reference value :  4.81547e-07
 Reference value :  4.82188e-07
 Reference value :  4.83428e-07
 Reference value :  4.84147e-07
 Reference value :  4.84787e-07
 Reference value :  4.85907e-07
 Reference value :  4.86668e-07
 Reference value :  4.87908e-07
 Reference value :  4.88387e-07
 Reference value :  4.89507e-07
 Reference value :  4.90188e-07
 Reference value :  4.91388e-07
 Reference value :  4.92187e-07
 Reference value :  4.92707e-07
 Reference value :  4.93867e-07
 Reference value :  4.94668e-07
 Reference value :  4.95908e-07
 Reference value :  4.96426e-07
 Reference value :  4.97626e-07
 Reference value :  4.98228e-07
 Reference value :  4.99508e-07
 Reference value :  5.00226e-07
 Reference value :  5.00866e-07
 Reference value :  5.02004e-07
 Reference value :  5.02868e-07
 Reference value :  5.04013e-07
 Reference value :  5.04547e-07
 Reference value :  5.05787e-07
 Reference value :  5.06388e-07
 Reference value :  5.07628e-07
 Reference value :  5.08307e-07
 Reference value :  5.09107e-07
 Reference value :  5.10026e-07
 Reference value :  5.11068e-07
 Reference value :  5.12026e-07
 Reference value :  5.12787e-07
 Reference value :  5.14000e-07
 Reference value :  5.14628e-07
 Reference value :  5.15948e-07
 Reference value :  5.16387e-07
 Reference value :  5.16907e-07
 Reference value :  5.18000e-07
 Reference value :  5.18788e-07
 Reference value :  5.20000e-07
 Reference value :  5.20467e-07
 Reference value :  5.21747e-07
 Reference value :  5.22348e-07
 Reference value :  5.23588e-07
 Reference value :  5.24267e-07
 Reference value :  5.24707e-07
 Reference value :  5.25667e-07
 Reference value :  5.26428e-07
 Reference value :  5.27668e-07
 Reference value :  5.28346e-07
 Reference value :  5.29386e-07
 Reference value :  5.30148e-07
 Reference value :  5.31268e-07
 Reference value :  5.32067e-07
 Reference value :  5.32627e-07
 Reference value :  5.33627e-07
 Reference value :  5.34388e-07
 Reference value :  5.35628e-07
 Reference value :  5.36307e-07
 Reference value :  5.37347e-07
 Reference value :  5.38148e-07
 Reference value :  5.39308e-07
 Reference value :  5.40107e-07
 Reference value :  5.40747e-07
 Reference value :  5.41974e-07
 Reference value :  5.42708e-07
 Reference value :  5.43908e-07
 Reference value :  5.44387e-07
 Reference value :  5.45547e-07
 Reference value :  5.46188e-07
 Reference value :  5.47468e-07
 Reference value :  5.48187e-07
 Reference value :  5.48787e-07
 Reference value :  5.49947e-07
 Reference value :  5.50788e-07
 Reference value :  5.52004e-07
 Reference value :  5.52506e-07
 Reference value :  5.53786e-07
 Reference value :  5.54428e-07
 Reference value :  5.55668e-07
 Reference value :  5.56307e-07
 Reference value :  5.56947e-07
 Reference value :  5.58015e-07
 Reference value :  5.59028e-07
 Reference value :  5.60015e-07
 Reference value :  5.60667e-07
 Reference value :  5.61907e-07
 Reference value :  5.62508e-07
 Reference value :  5.63788e-07
 Reference value :  5.64347e-07
 Reference value :  5.65107e-07
 Reference value :  5.66026e-07
 Reference value :  5.67068e-07
 Reference value :  5.68019e-07
 Reference value :  5.68667e-07
 Reference value :  5.69947e-07
 Reference value :  5.70588e-07
 Reference value :  5.71828e-07
 Reference value :  5.72347e-07
 Reference value :  5.73267e-07
 Reference value :  5.74188e-07
 Reference value :  5.75548e-07
 Reference value :  5.76266e-07
 Reference value :  5.77306e-07
 Reference value :  5.78108e-07
 Reference value :  5.79148e-07
 Reference value :  5.80040e-07
 Reference value :  5.80667e-07
 Reference value :  5.81387e-07
 Reference value :  5.82148e-07
 Reference value :  5.83388e-07
 Reference value :  5.84147e-07
 Reference value :  5.85187e-07
 Reference value :  5.86188e-07
 Reference value :  5.87468e-07
 Reference value :  5.88187e-07
 Reference value :  5.88707e-07
 Reference value :  5.89907e-07
 Reference value :  5.90708e-07
 Reference value :  5.91948e-07
 Reference value :  5.92387e-07
 Reference value :  5.93547e-07
 Reference value :  5.94188e-07
 Reference value :  5.95428e-07
 Reference value :  5.96147e-07
 Reference value :  5.96747e-07
 Reference value :  5.97907e-07
 Reference value :  5.98708e-07
 Reference value :  5.99948e-07
 Reference value :  6.00426e-07
 Reference value :  6.01626e-07
 Reference value :  6.02268e-07
 Reference value :  6.03508e-07
 Reference value :  6.04227e-07
 Reference value :  6.04947e-07
 Reference value :  6.06019e-07
 Reference value :  6.07148e-07
 Reference value :  6.08040e-07
 Reference value :  6.08867e-07
 Reference value :  6.10004e-07
 Reference value :  6.10708e-07
 Reference value :  6.11974e-07
 Reference value :  6.12427e-07
 Reference value :  6.13227e-07
 Reference value :  6.14108e-07
 Reference value :  6.15268e-07
 Reference value :  6.16067e-07
 Reference value :  6.16907e-07
 Reference value :  6.18012e-07
 Reference value :  6.18828e-07
 Reference value :  6.20001e-07
 Reference value :  6.20467e-07
 Reference value :  6.21347e-07
 Reference value :  6.22188e-07
 Reference value :  6.23508e-07
 Reference value :  6.24266e-07
 Reference value :  6.25226e-07
 Reference value :  6.26068e-07
 Reference value :  6.27068e-07
 Reference value :  6.28019e-07
 Reference value :  6.28627e-07
 Reference value :  6.29707e-07
 Reference value :  6.30468e-07
 Reference value :  6.31708e-07
 Reference value :  6.32347e-07
 Reference value :  6.33467e-07
 Reference value :  6.34188e-07
 Reference value :  6.35428e-07
 Reference value :  6.36187e-07
 Reference value :  6.36827e-07
 Reference value :  6.38004e-07
 Reference value :  6.38868e-07
 Reference value :  6.40008e-07
 Reference value :  6.40627e-07
 Reference value :  6.41867e-07
 Reference value :  6.42508e-07
 Reference value :  6.43788e-07
 Reference value :  6.44347e-07
 Reference value :  6.44907e-07
 Reference value :  6.46001e-07
 Reference value :  6.46828e-07
 Reference value :  6.48008e-07
 Reference value :  6.48546e-07
 Reference value :  6.49786e-07
 Reference value :  6.50388e-07
 Reference value :  6.51628e-07
 Reference value :  6.52267e-07
 Reference value :  6.52707e-07
 Reference value :  6.53907e-07
 Reference value :  6.54708e-07
 Reference value :  6.55974e-07
 Reference value :  6.56427e-07
 Reference value :  6.57667e-07
 Reference value :  6.58348e-07
 Reference value :  6.59588e-07
 Reference value :  6.60267e-07
 Reference value :  6.60867e-07
 Reference value :  6.62004e-07
 Reference value :  6.62908e-07
 Reference value :  6.64013e-07
 Reference value :  6.64787e-07
 Reference value :  6.66000e-07
 Reference value :  6.66748e-07
 Reference value :  6.67974e-07
 Reference value :  6.68427e-07
 Reference value :  6.69427e-07
 Reference value :  6.70188e-07
 Reference value :  6.71428e-07
 Reference value :  6.72226e-07
 Reference value :  6.73146e-07
 Reference value :  6.74068e-07
 Reference value :  6.75108e-07
 Reference value :  6.76040e-07
 Reference value :  6.76707e-07
 Reference value :  6.77787e-07
 Reference value :  6.78988e-07
 Reference value :  6.80067e-07
 Reference value :  6.80907e-07
 Reference value :  6.82008e-07
 Reference value :  6.82788e-07
 Reference value :  6.84004e-07
 Reference value :  6.84547e-07
 Reference value :  6.85507e-07
 Reference value :  6.86268e-07
 Reference value :  6.87508e-07
 Reference value :  6.88227e-07
 Reference value :  6.89187e-07
 Reference value :  6.90040e-07
 Reference value :  6.91068e-07
 Reference value :  6.92026e-07
 Reference value :  6.92627e-07
 Reference value :  6.93667e-07
 Reference value :  6.94428e-07
 Reference value :  6.96008e-07
 Reference value :  6.97026e-07
 Reference value :  6.98013e-07
 Reference value :  6.98748e-07
 Reference value :  6.99948e-07
 Reference value :  7.00387e-07
 Reference value :  7.01267e-07
 Reference value :  7.02108e-07
 Reference value :  7.03268e-07
 Reference value :  7.04067e-07
 Reference value :  7.05507e-07
 Reference value :  7.06188e-07
 Reference value :  7.07348e-07
 Reference value :  7.08147e-07
 Reference value :  7.08787e-07
 Reference value :  7.09627e-07
 Reference value :  7.10388e-07
 Reference value :  7.11628e-07
 Reference value :  7.12307e-07
 Reference value :  7.13267e-07
 Reference value :  7.14148e-07
 Reference value :  7.15308e-07
 Reference value :  7.16147e-07
 Reference value :  7.16667e-07
 Reference value :  7.17787e-07
 Reference value :  7.18548e-07
 Reference value :  7.19748e-07
 Reference value :  7.20387e-07
 Reference value :  7.21507e-07
 Reference value :  7.22188e-07
 Reference value :  7.23348e-07
 Reference value :  7.24107e-07
 Reference value :  7.24707e-07
 Reference value :  7.25907e-07
 Reference value :  7.26588e-07
 Reference value :  7.27828e-07
 Reference value :  7.28387e-07
 Reference value :  7.29507e-07
 Reference value :  7.30188e-07
 Reference value :  7.31348e-07
 Reference value :  7.32107e-07
 Reference value :  7.32667e-07
 Reference value :  7.34000e-07
 Reference value :  7.34828e-07
 Reference value :  7.36001e-07
 Reference value :  7.36507e-07
 Reference value :  7.37707e-07
 Reference value :  7.38188e-07
 Reference value :  7.39268e-07
 Reference value :  7.40019e-07
 Reference value :  7.40507e-07
 Reference value :  7.41147e-07
 Reference value :  7.42013e-07
 Reference value :  7.42988e-07
 Reference value :  7.44019e-07
 Reference value :  7.44667e-07
 Reference value :  7.46000e-07
 Reference value :  7.46668e-07
 Reference value :  7.47868e-07
 Reference value :  7.48347e-07
 Reference value :  7.48947e-07
 Reference value :  7.50008e-07
 Reference value :  7.50908e-07
 Reference value :  7.52013e-07
 Reference value :  7.52587e-07
 Reference value :  7.53787e-07
 Reference value :  7.54388e-07
 Reference value :  7.55588e-07
 Reference value :  7.56227e-07
 Reference value :  7.56827e-07
 Reference value :  7.57974e-07
 Reference value :  7.58708e-07
 Reference value :  7.59908e-07
 Reference value :  7.60387e-07
 Reference value :  7.61547e-07
 Reference value :  7.62188e-07
 Reference value :  7.63388e-07
 Reference value :  7.64147e-07
 Reference value :  7.64787e-07
 Reference value :  7.66001e-07
 Reference value :  7.66828e-07
 Reference value :  7.68001e-07
 Reference value :  7.68427e-07
 Reference value :  7.69627e-07
 Reference value :  7.70228e-07
 Reference value :  7.71428e-07
 Reference value :  7.72147e-07
 Reference value :  7.72707e-07
 Reference value :  7.73507e-07
 Reference value :  7.74228e-07
 Reference value :  7.75428e-07
 Reference value :  7.76147e-07
 Reference value :  7.77067e-07
 Reference value :  7.78015e-07
 Reference value :  7.78908e-07
 Reference value :  7.80013e-07
 Reference value :  7.80507e-07
 Reference value :  7.80987e-07
 Reference value :  7.82013e-07
 Reference value :  7.82988e-07
 Reference value :  7.84013e-07
 Reference value :  7.84507e-07
 Reference value :  7.85707e-07
 Reference value :  7.86268e-07
 Reference value :  7.87468e-07
 Reference value :  7.88147e-07
 Reference value :  7.88707e-07
 Reference value :  7.89827e-07
 Reference value :  7.90548e-07
 Reference value :  7.91748e-07
 Reference value :  7.92387e-07
 Reference value :  7.93507e-07
 Reference value :  7.94188e-07
 Reference value :  7.95388e-07
 Reference value :  7.96186e-07
 Reference value :  7.96826e-07
 Reference value :  7.98001e-07
 Reference value :  7.98788e-07
 Reference value :  7.99974e-07
 Reference value :  8.00427e-07
 Reference value :  8.01707e-07
 Reference value :  8.02348e-07
 Reference value :  8.03588e-07
 Reference value :  8.04267e-07
 Reference value :  8.04867e-07
 Reference value :  8.06000e-07
 Reference value :  8.06828e-07
 Reference value :  8.08000e-07
 Reference value :  8.08427e-07
 Reference value :  8.09667e-07
 Reference value :  8.10268e-07
 Reference value :  8.11508e-07
 Reference value :  8.12227e-07
 Reference value :  8.12747e-07
 Reference value :  8.13867e-07
 Reference value :  8.14628e-07
 Reference value :  8.15868e-07
 Reference value :  8.16387e-07
 Reference value :  8.17547e-07
 Reference value :  8.18188e-07
 Reference value :  8.19388e-07
 Reference value :  8.20226e-07
 Reference value :  8.20906e-07
 Reference value :  8.22004e-07
 Reference value :  8.22828e-07
 Reference value :  8.24000e-07
 Reference value :  8.24427e-07
 Reference value :  8.25627e-07
 Reference value :  8.26228e-07
 Reference value :  8.27508e-07
 Reference value :  8.28227e-07
 Reference value :  8.28987e-07
 Reference value :  8.30013e-07
 Reference value :  8.31028e-07
 Reference value :  8.32026e-07
 Reference value :  8.32747e-07
 Reference value :  8.33974e-07
 Reference value :  8.34628e-07
 Reference value :  8.35908e-07
 Reference value :  8.36427e-07
 Reference value :  8.37027e-07
 Reference value :  8.38015e-07
 Reference value :  8.39068e-07
 Reference value :  8.40026e-07
 Reference value :  8.40787e-07
 Reference value :  8.42000e-07
 Reference value :  8.42668e-07
 Reference value :  8.43908e-07
 Reference value :  8.44426e-07
 Reference value :  8.45186e-07
 Reference value :  8.46068e-07
 Reference value :  8.47268e-07
 Reference value :  8.48107e-07
 Reference value :  8.48987e-07
 Reference value :  8.50015e-07
 Reference value :  8.50948e-07
 Reference value :  8.52015e-07
 Reference value :  8.52627e-07
 Reference value :  8.53667e-07
 Reference value :  8.54508e-07
 Reference value :  8.55748e-07
 Reference value :  8.56347e-07
 Reference value :  8.57427e-07
 Reference value :  8.58188e-07
 Reference value :  8.59268e-07
 Reference value :  8.60040e-07
 Reference value :  8.60587e-07
 Reference value :  8.61547e-07
 Reference value :  8.62148e-07
 Reference value :  8.63268e-07
 Reference value :  8.64067e-07
 Reference value :  8.64827e-07
 Reference value :  8.66001e-07
 Reference value :  8.66668e-07
 Reference value :  8.67868e-07
 Reference value :  8.68426e-07
 Reference value :  8.69106e-07
 Reference value :  8.70026e-07
 Reference value :  8.71068e-07
 Reference value :  8.72019e-07
 Reference value :  8.72627e-07
 Reference value :  8.73827e-07
 Reference value :  8.74388e-07
 Reference value :  8.75588e-07
 Reference value :  8.76267e-07
 Reference value :  8.76787e-07
 Reference value :  8.77947e-07
 Reference value :  8.78668e-07
 Reference value :  8.79948e-07
 Reference value :  8.80427e-07
 Reference value :  8.81707e-07
 Reference value :  8.82308e-07
 Reference value :  8.83548e-07
 Reference value :  8.84227e-07
 Reference value :  8.84867e-07
 Reference value :  8.86008e-07
 Reference value :  8.86948e-07
 Reference value :  8.88013e-07
 Reference value :  8.88587e-07
 Reference value :  8.89827e-07
 Reference value :  8.90428e-07
 Reference value :  8.91668e-07
 Reference value :  8.92306e-07
 Reference value :  8.93106e-07
 Reference value :  8.94026e-07
 Reference value :  8.95068e-07
 Reference value :  8.96026e-07
 Reference value :  8.96787e-07
 Reference value :  8.98001e-07
 Reference value :  8.98708e-07
 Reference value :  9.00000e-07
 Reference value :  9.00467e-07
 Reference value :  9.01027e-07
 Reference value :  9.02013e-07
 Reference value :  9.02988e-07
 Reference value :  9.04015e-07
 Reference value :  9.04627e-07
 Reference value :  9.05787e-07
 Reference value :  9.06388e-07
 Reference value :  9.07508e-07
 Reference value :  9.08227e-07
 Reference value :  9.08667e-07
 Reference value :  9.09787e-07
 Reference value :  9.10508e-07
 Reference value :  9.11788e-07
 Reference value :  9.12307e-07
 Reference value :  9.13387e-07
 Reference value :  9.14068e-07
 Reference value :  9.15028e-07
 Reference value :  9.16013e-07
 Reference value :  9.16506e-07
 Reference value :  9.17426e-07
 Reference value :  9.18308e-07
 Reference value :  9.19508e-07
 Reference value :  9.20107e-07
 Reference value :  9.20747e-07
 Reference value :  9.22000e-07
 Reference value :  9.22468e-07
 Reference value :  9.23548e-07
 Reference value :  9.24147e-07
 Reference value :  9.24667e-07
 Reference value :  9.25667e-07
 Reference value :  9.26268e-07
 Reference value :  9.27308e-07
 Reference value :  9.28107e-07
 Reference value :  9.28947e-07
 Reference value :  9.29974e-07
 Reference value :  9.30428e-07
 Reference value :  9.31468e-07
 Reference value :  9.32067e-07
 Reference value :  9.32627e-07
 Reference value :  9.33307e-07
 Reference value :  9.34040e-07
 Reference value :  9.34948e-07
 Reference value :  9.35974e-07
 Reference value :  9.36387e-07
 Reference value :  9.37347e-07
 Reference value :  9.38040e-07
 Reference value :  9.38828e-07
 Reference value :  9.39868e-07
 Reference value :  9.40346e-07
 Reference value :  9.40866e-07
 Reference value :  9.41906e-07
 Reference value :  9.42788e-07
 Reference value :  9.44347e-07
 Reference value :  9.45227e-07
 Reference value :  9.46015e-07
 Reference value :  9.46668e-07
 Reference value :  9.47708e-07
 Reference value :  9.48227e-07
 Reference value :  9.48747e-07
 Reference value :  9.49707e-07
 Reference value :  9.50308e-07
 Reference value :  9.51468e-07
 Reference value :  9.52187e-07
 Reference value :  9.53027e-07
 Reference value :  9.54013e-07
 Reference value :  9.54668e-07
 Reference value :  9.55708e-07
 Reference value :  9.56227e-07
 Reference value :  9.56747e-07
 Reference value :  9.57787e-07
 Reference value :  9.58348e-07
 Reference value :  9.59388e-07
 Reference value :  9.60067e-07
 Reference value :  9.60707e-07
 Reference value :  9.61747e-07
 Reference value :  9.62188e-07
 Reference value :  9.63228e-07
 Reference value :  9.64019e-07
 Reference value :  9.64507e-07
 Reference value :  9.64987e-07
 Reference value :  9.65974e-07
 Reference value :  9.66548e-07
 Reference value :  9.67588e-07
 Reference value :  9.68147e-07
 Reference value :  9.68827e-07
 Reference value :  9.69867e-07
 Reference value :  9.70268e-07
 Reference value :  9.71348e-07
 Reference value :  9.72040e-07
 Reference value :  9.72547e-07
 Reference value :  9.73267e-07
 Reference value :  9.74026e-07
 Reference value :  9.75148e-07
 Reference value :  9.76026e-07
 Reference value :  9.76667e-07
 Reference value :  9.77707e-07
 Reference value :  9.78188e-07
 Reference value :  9.79188e-07
 Reference value :  9.80013e-07
 Reference value :  9.80467e-07
 Reference value :  9.81267e-07
 Reference value :  9.82148e-07
 Reference value :  9.83468e-07
 Reference value :  9.84187e-07
 Reference value :  9.85107e-07
 Reference value :  9.86026e-07
 Reference value :  9.87028e-07
 Reference value :  9.88019e-07
 Reference value :  9.88587e-07
 Reference value :  9.89827e-07
 Reference value :  9.90588e-07
 Reference value :  9.91828e-07
 Reference value :  9.92387e-07
 Reference value :  9.93587e-07
 Reference value :  9.94628e-07
 Reference value :  9.95948e-07
 Reference value :  9.96427e-07
 Reference value :  9.97267e-07
 Reference value :  9.98108e-07
 Reference value :  9.99308e-07
 Reference value :  1.00011e-06
 Reference value :  1.00095e-06
 Reference value :  1.00201e-06
 Reference value :  1.00283e-06
 Reference value :  1.00400e-06
 Reference value :  1.00451e-06
 Reference value :  1.00535e-06
 Reference value :  1.00619e-06
 Reference value :  1.00747e-06
 Reference value :  1.00823e-06
 Reference value :  1.00919e-06
 Reference value :  1.01007e-06
 Reference value :  1.01107e-06
 Reference value :  1.01202e-06
 Reference value :  1.01263e-06
 Reference value :  1.01371e-06
 Reference value :  1.01451e-06
 Reference value :  1.01575e-06
 Reference value :  1.01635e-06
 Reference value :  1.01743e-06
 Reference value :  1.01819e-06
 Reference value :  1.01939e-06
 Reference value :  1.02019e-06
 Reference value :  1.02087e-06
 Reference value :  1.02201e-06
 Reference value :  1.02291e-06
 Reference value :  1.02401e-06
 Reference value :  1.02459e-06
 Reference value :  1.02567e-06
 Reference value :  1.02619e-06
 Reference value :  1.02727e-06
 Reference value :  1.02803e-06
 Reference value :  1.02855e-06
 Reference value :  1.02895e-06
 Reference value :  1.02995e-06
 Reference value :  1.03055e-06
 Reference value :  1.03163e-06
 Reference value :  1.03219e-06
 Reference value :  1.03295e-06
 Reference value :  1.03400e-06
 Reference value :  1.03447e-06
 Reference value :  1.03551e-06
 Reference value :  1.03615e-06
 Reference value :  1.03655e-06
 Reference value :  1.03699e-06
 Reference value :  1.03800e-06
 Reference value :  1.03859e-06
 Reference value :  1.03967e-06
 Reference value :  1.04023e-06
 Reference value :  1.04095e-06
 Reference value :  1.04200e-06
 Reference value :  1.04259e-06
 Reference value :  1.04367e-06
 Reference value :  1.04419e-06
 Reference value :  1.04467e-06
 Reference value :  1.04555e-06
 Reference value :  1.04615e-06
 Reference value :  1.04719e-06
 Reference value :  1.04802e-06
 Reference value :  1.04847e-06
 Reference value :  1.04951e-06
 Reference value :  1.05015e-06
 Reference value :  1.05111e-06
 Reference value :  1.05201e-06
 Reference value :  1.05243e-06
 Reference value :  1.05319e-06
 Reference value :  1.05401e-06
 Reference value :  1.05479e-06
 Reference value :  1.05583e-06
 Reference value :  1.05631e-06
 Reference value :  1.05715e-06
 Reference value :  1.05801e-06
 Reference value :  1.05867e-06
 Reference value :  1.05971e-06
 Reference value :  1.06023e-06
 Reference value :  1.06075e-06
 Reference value :  1.06167e-06
 Reference value :  1.06223e-06
 Reference value :  1.06327e-06
 Reference value :  1.06402e-06
 Reference value :  1.06447e-06
 Reference value :  1.06551e-06
 Reference value :  1.06615e-06
 Reference value :  1.06707e-06
 Reference value :  1.06800e-06
 Reference value :  1.06839e-06
 Reference value :  1.06895e-06
 Reference value :  1.06997e-06
 Reference value :  1.07059e-06
 Reference value :  1.07163e-06
 Reference value :  1.07219e-06
 Reference value :  1.07291e-06
 Reference value :  1.07397e-06
 Reference value :  1.07439e-06
 Reference value :  1.07547e-06
 Reference value :  1.07607e-06
 Reference value :  1.07663e-06
 Reference value :  1.07751e-06
 Reference value :  1.07815e-06
 Reference value :  1.07919e-06
 Reference value :  1.08002e-06
 Reference value :  1.08047e-06
 Reference value :  1.08147e-06
 Reference value :  1.08211e-06
 Reference value :  1.08295e-06
 Reference value :  1.08397e-06
 Reference value :  1.08435e-06
 Reference value :  1.08503e-06
 Reference value :  1.08600e-06
 Reference value :  1.08663e-06
 Reference value :  1.08767e-06
 Reference value :  1.08819e-06
 Reference value :  1.08895e-06
 Reference value :  1.08997e-06
 Reference value :  1.09039e-06
 Reference value :  1.09143e-06
 Reference value :  1.09207e-06
 Reference value :  1.09263e-06
 Reference value :  1.09315e-06
 Reference value :  1.09403e-06
 Reference value :  1.09511e-06
 Reference value :  1.09601e-06
 Reference value :  1.09647e-06
 Reference value :  1.09751e-06
 Reference value :  1.09815e-06
 Reference value :  1.09907e-06
 Reference value :  1.10001e-06
 Reference value :  1.10039e-06
 Reference value :  1.10087e-06
 Reference value :  1.10187e-06
 Reference value :  1.10243e-06
 Reference value :  1.10347e-06
 Reference value :  1.10407e-06
 Reference value :  1.10471e-06
 Reference value :  1.10575e-06
 Reference value :  1.10623e-06
 Reference value :  1.10731e-06
 Reference value :  1.10803e-06
 Reference value :  1.10859e-06
 Reference value :  1.10931e-06
 Reference value :  1.11003e-06
 Reference value :  1.11095e-06
 Reference value :  1.11197e-06
 Reference value :  1.11239e-06
 Reference value :  1.11335e-06
 Reference value :  1.11404e-06
 Reference value :  1.11479e-06
 Reference value :  1.11583e-06
 Reference value :  1.11627e-06
 Reference value :  1.11683e-06
 Reference value :  1.11807e-06
 Reference value :  1.11943e-06
 Reference value :  1.12007e-06
 Reference value :  1.12091e-06
 Reference value :  1.12201e-06
 Reference value :  1.12283e-06
 Reference value :  1.12400e-06
 Reference value :  1.12451e-06
 Reference value :  1.12535e-06
 Reference value :  1.12615e-06
 Reference value :  1.12739e-06
 Reference value :  1.12819e-06
 Reference value :  1.12907e-06
 Reference value :  1.13002e-06
 Reference value :  1.13067e-06
 Reference value :  1.13171e-06
 Reference value :  1.13223e-06
 Reference value :  1.13267e-06
 Reference value :  1.13363e-06
 Reference value :  1.13423e-06
 Reference value :  1.13527e-06
 Reference value :  1.13603e-06
 Reference value :  1.13655e-06
 Reference value :  1.13759e-06
 Reference value :  1.13815e-06
 Reference value :  1.13907e-06
 Reference value :  1.14000e-06
 Reference value :  1.14039e-06
 Reference value :  1.14103e-06
 Reference value :  1.14200e-06
 Reference value :  1.14267e-06
 Reference value :  1.14371e-06
 Reference value :  1.14423e-06
 Reference value :  1.14499e-06
 Reference value :  1.14600e-06
 Reference value :  1.14651e-06
 Reference value :  1.14755e-06
 Reference value :  1.14811e-06
 Reference value :  1.14859e-06
 Reference value :  1.14951e-06
 Reference value :  1.15015e-06
 Reference value :  1.15119e-06
 Reference value :  1.15201e-06
 Reference value :  1.15247e-06
 Reference value :  1.15351e-06
 Reference value :  1.15411e-06
 Reference value :  1.15499e-06
 Reference value :  1.15600e-06
 Reference value :  1.15635e-06
 Reference value :  1.15687e-06
 Reference value :  1.15771e-06
 Reference value :  1.15843e-06
 Reference value :  1.15955e-06
 Reference value :  1.16015e-06
 Reference value :  1.16087e-06
 Reference value :  1.16197e-06
 Reference value :  1.16239e-06
 Reference value :  1.16351e-06
 Reference value :  1.16415e-06
 Reference value :  1.16459e-06
 Reference value :  1.16535e-06
 Reference value :  1.16604e-06
 Reference value :  1.16695e-06
 Reference value :  1.16795e-06
 Reference value :  1.16835e-06
 Reference value :  1.16923e-06
 Reference value :  1.17002e-06
 Reference value :  1.17071e-06
 Reference value :  1.17179e-06
 Reference value :  1.17227e-06
 Reference value :  1.17271e-06
 Reference value :  1.17367e-06
 Reference value :  1.17455e-06
 Reference value :  1.17563e-06
 Reference value :  1.17619e-06
 Reference value :  1.17691e-06
 Reference value :  1.17795e-06
 Reference value :  1.17835e-06
 Reference value :  1.17943e-06
 Reference value :  1.18007e-06
 Reference value :  1.18055e-06
 Reference value :  1.18147e-06
 Reference value :  1.18215e-06
 Reference value :  1.18315e-06
 Reference value :  1.18419e-06
 Reference value :  1.18491e-06
 Reference value :  1.18597e-06
 Reference value :  1.18639e-06
 Reference value :  1.18743e-06
 Reference value :  1.18807e-06
 Reference value :  1.18863e-06
 Reference value :  1.18931e-06
 Reference value :  1.19003e-06
 Reference value :  1.19091e-06
 Reference value :  1.19195e-06
 Reference value :  1.19235e-06
 Reference value :  1.19319e-06
 Reference value :  1.19401e-06
 Reference value :  1.19467e-06
 Reference value :  1.19583e-06
 Reference value :  1.19631e-06
 Reference value :  1.19675e-06
 Reference value :  1.19779e-06
 Reference value :  1.19835e-06
 Reference value :  1.19939e-06
 Reference value :  1.20004e-06
 Reference value :  1.20063e-06
 Reference value :  1.20167e-06
 Reference value :  1.20219e-06
 Reference value :  1.20319e-06
 Reference value :  1.20401e-06
 Reference value :  1.20447e-06
 Reference value :  1.20511e-06
 Reference value :  1.20601e-06
 Reference value :  1.20675e-06
 Reference value :  1.20779e-06
 Reference value :  1.20827e-06
 Reference value :  1.20903e-06
 Reference value :  1.21000e-06
 Reference value :  1.21051e-06
 Reference value :  1.21159e-06
 Reference value :  1.21215e-06
 Reference value :  1.21267e-06
 Reference value :  1.21371e-06
 Reference value :  1.21427e-06
 Reference value :  1.21535e-06
 Reference value :  1.21604e-06
 Reference value :  1.21663e-06
 Reference value :  1.21771e-06
 Reference value :  1.21819e-06
 Reference value :  1.21923e-06
 Reference value :  1.22002e-06
 Reference value :  1.22051e-06
 Reference value :  1.22099e-06
 Reference value :  1.22200e-06
 Reference value :  1.22259e-06
 Reference value :  1.22363e-06
 Reference value :  1.22419e-06
 Reference value :  1.22487e-06
 Reference value :  1.22591e-06
 Reference value :  1.22639e-06
 Reference value :  1.22743e-06
 Reference value :  1.22807e-06
 Reference value :  1.22855e-06
 Reference value :  1.22923e-06
 Reference value :  1.23002e-06
 Reference value :  1.23083e-06
 Reference value :  1.23191e-06
 Reference value :  1.23235e-06
 Reference value :  1.23323e-06
 Reference value :  1.23402e-06
 Reference value :  1.23467e-06
 Reference value :  1.23571e-06
 Reference value :  1.23623e-06
 Reference value :  1.23675e-06
 Reference value :  1.23771e-06
 Reference value :  1.23827e-06
 Reference value :  1.23931e-06
 Reference value :  1.24004e-06
 Reference value :  1.24063e-06
 Reference value :  1.24171e-06
 Reference value :  1.24227e-06
 Reference value :  1.24359e-06
 Reference value :  1.24427e-06
 Reference value :  1.24487e-06
 Reference value :  1.24591e-06
 Reference value :  1.24647e-06
 Reference value :  1.24751e-06
 Reference value :  1.24827e-06
 Reference value :  1.24907e-06
 Reference value :  1.25001e-06
 Reference value :  1.25059e-06
 Reference value :  1.25167e-06
 Reference value :  1.25219e-06
 Reference value :  1.25271e-06
 Reference value :  1.25359e-06
 Reference value :  1.25419e-06
 Reference value :  1.25523e-06
 Reference value :  1.25602e-06
 Reference value :  1.25651e-06
 Reference value :  1.25755e-06
 Reference value :  1.25815e-06
 Reference value :  1.25907e-06
 Reference value :  1.26000e-06
 Reference value :  1.26039e-06
 Reference value :  1.26091e-06
 Reference value :  1.26195e-06
 Reference value :  1.26251e-06
 Reference value :  1.26359e-06
 Reference value :  1.26415e-06
 Reference value :  1.26483e-06
 Reference value :  1.26591e-06
 Reference value :  1.26639e-06
 Reference value :  1.26743e-06
 Reference value :  1.26807e-06
 Reference value :  1.26863e-06
 Reference value :  1.26947e-06
 Reference value :  1.27011e-06
 Reference value :  1.27115e-06
 Reference value :  1.27201e-06
 Reference value :  1.27243e-06
 Reference value :  1.27351e-06
 Reference value :  1.27411e-06
 Reference value :  1.27495e-06
 Reference value :  1.27597e-06
 Reference value :  1.27635e-06
 Reference value :  1.27703e-06
 Reference value :  1.27800e-06
 Reference value :  1.27863e-06
 Reference value :  1.27967e-06
 Reference value :  1.28023e-06
 Reference value :  1.28099e-06
 Reference value :  1.28200e-06
 Reference value :  1.28251e-06
 Reference value :  1.28355e-06
 Reference value :  1.28415e-06
 Reference value :  1.28467e-06
 Reference value :  1.28519e-06
 Reference value :  1.28607e-06
 Reference value :  1.28723e-06
 Reference value :  1.28804e-06
 Reference value :  1.28867e-06
 Reference value :  1.28975e-06
 Reference value :  1.29023e-06
 Reference value :  1.29127e-06
 Reference value :  1.29203e-06
 Reference value :  1.29251e-06
 Reference value :  1.29291e-06
 Reference value :  1.29395e-06
 Reference value :  1.29451e-06
 Reference value :  1.29555e-06
 Reference value :  1.29615e-06
 Reference value :  1.29679e-06
 Reference value :  1.29783e-06
 Reference value :  1.29823e-06
 Reference value :  1.29947e-06
 Reference value :  1.30055e-06
 Reference value :  1.30143e-06
 Reference value :  1.30211e-06
 Reference value :  1.30311e-06
 Reference value :  1.30401e-06
 Reference value :  1.30439e-06
 Reference value :  1.30539e-06
 Reference value :  1.30607e-06
 Reference value :  1.30687e-06
 Reference value :  1.30791e-06
 Reference value :  1.30831e-06
 Reference value :  1.30895e-06
 Reference value :  1.30997e-06
 Reference value :  1.31055e-06
 Reference value :  1.31159e-06
 Reference value :  1.31215e-06
 Reference value :  1.31283e-06
 Reference value :  1.31387e-06
 Reference value :  1.31431e-06
 Reference value :  1.31535e-06
 Reference value :  1.31603e-06
 Reference value :  1.31655e-06
 Reference value :  1.31739e-06
 Reference value :  1.31819e-06
 Reference value :  1.31943e-06
 Reference value :  1.32019e-06
 Reference value :  1.32111e-06
 Reference value :  1.32204e-06
 Reference value :  1.32307e-06
 Reference value :  1.32403e-06
 Reference value :  1.32459e-06
 Reference value :  1.32563e-06
 Reference value :  1.32643e-06
 Reference value :  1.32771e-06
 Reference value :  1.32835e-06
 Reference value :  1.32947e-06
 Reference value :  1.33019e-06
 Reference value :  1.33143e-06
 Reference value :  1.33223e-06
 Reference value :  1.33291e-06
 Reference value :  1.33401e-06
 Reference value :  1.33495e-06
 Reference value :  1.33602e-06
 Reference value :  1.33663e-06
 Reference value :  1.33791e-06
 Reference value :  1.33859e-06
 Reference value :  1.33991e-06
 Reference value :  1.34039e-06
 Reference value :  1.34131e-06
 Reference value :  1.34219e-06
 Reference value :  1.34347e-06
 Reference value :  1.34423e-06
 Reference value :  1.34523e-06
 Reference value :  1.34611e-06
 Reference value :  1.34719e-06
 Reference value :  1.34804e-06
 Reference value :  1.34871e-06
 Reference value :  1.34951e-06
 Reference value :  1.35031e-06
 Reference value :  1.35159e-06
 Reference value :  1.35231e-06
 Reference value :  1.35331e-06
 Reference value :  1.35415e-06
 Reference value :  1.35531e-06
 Reference value :  1.35611e-06
 Reference value :  1.35663e-06
 Reference value :  1.35771e-06
 Reference value :  1.35847e-06
 Reference value :  1.35975e-06
 Reference value :  1.36035e-06
 Reference value :  1.36143e-06
 Reference value :  1.36219e-06
 Reference value :  1.36347e-06
 Reference value :  1.36423e-06
 Reference value :  1.36495e-06
 Reference value :  1.36601e-06
 Reference value :  1.36703e-06
 Reference value :  1.36802e-06
 Reference value :  1.36875e-06
 Reference value :  1.37000e-06
 Reference value :  1.37071e-06
 Reference value :  1.37197e-06
 Reference value :  1.37243e-06
 Reference value :  1.37343e-06
 Reference value :  1.37419e-06
 Reference value :  1.37543e-06
 Reference value :  1.37631e-06
 Reference value :  1.37735e-06
 Reference value :  1.37815e-06
 Reference value :  1.37931e-06
 Reference value :  1.38011e-06
 Reference value :  1.38071e-06
 Reference value :  1.38179e-06
 Reference value :  1.38259e-06
 Reference value :  1.38395e-06
 Reference value :  1.38443e-06
 Reference value :  1.38567e-06
 Reference value :  1.38647e-06
 Reference value :  1.38771e-06
 Reference value :  1.38831e-06
 Reference value :  1.38895e-06
 Reference value :  1.39001e-06
 Reference value :  1.39099e-06
 Reference value :  1.39202e-06
 Reference value :  1.39271e-06
 Reference value :  1.39397e-06
 Reference value :  1.39463e-06
 Reference value :  1.39595e-06
 Reference value :  1.39643e-06
 Reference value :  1.39735e-06
 Reference value :  1.39815e-06
 Reference value :  1.39915e-06
 Reference value :  1.40001e-06
 Reference value :  1.40043e-06
 Reference value :  1.40147e-06
 Reference value :  1.40211e-06
 Reference value :  1.40295e-06
 Reference value :  1.40397e-06
 Reference value :  1.40447e-06
 Reference value :  1.40527e-06
 Reference value :  1.40604e-06
 Reference value :  1.40699e-06
 Reference value :  1.40800e-06
 Reference value :  1.40839e-06
 Reference value :  1.40943e-06
 Reference value :  1.41011e-06
 Reference value :  1.41095e-06
 Reference value :  1.41197e-06
 Reference value :  1.41235e-06
 Reference value :  1.41287e-06
 Reference value :  1.41371e-06
 Reference value :  1.41427e-06
 Reference value :  1.41531e-06
 Reference value :  1.41603e-06
 Reference value :  1.41651e-06
 Reference value :  1.41755e-06
 Reference value :  1.41815e-06
 Reference value :  1.41907e-06
 Reference value :  1.42001e-06
 Reference value :  1.42043e-06
 Reference value :  1.42079e-06
 Reference value :  1.42183e-06
 Reference value :  1.42239e-06
 Reference value :  1.42339e-06
 Reference value :  1.42404e-06
 Reference value :  1.42463e-06
 Reference value :  1.42567e-06
 Reference value :  1.42619e-06
 Reference value :  1.42719e-06
 Reference value :  1.42801e-06
 Reference value :  1.42847e-06
 Reference value :  1.42899e-06
 Reference value :  1.43000e-06
 Reference value :  1.43059e-06
 Reference value :  1.43159e-06
 Reference value :  1.43219e-06
 Reference value :  1.43287e-06
 Reference value :  1.43395e-06
 Reference value :  1.43439e-06
 Reference value :  1.43543e-06
 Reference value :  1.43607e-06
 Reference value :  1.43659e-06
 Reference value :  1.43759e-06
 Reference value :  1.43819e-06
 Reference value :  1.43931e-06
 Reference value :  1.44004e-06
 Reference value :  1.44063e-06
 Reference value :  1.44167e-06
 Reference value :  1.44219e-06
 Reference value :  1.44323e-06
 Reference value :  1.44402e-06
 Reference value :  1.44451e-06
 Reference value :  1.44511e-06
 Reference value :  1.44601e-06
 Reference value :  1.44671e-06
 Reference value :  1.44775e-06
 Reference value :  1.44827e-06
 Reference value :  1.44907e-06
 Reference value :  1.45000e-06
 Reference value :  1.45055e-06
 Reference value :  1.45159e-06
 Reference value :  1.45215e-06
 Reference value :  1.45259e-06
 Reference value :  1.45347e-06
 Reference value :  1.45411e-06
 Reference value :  1.45507e-06
 Reference value :  1.45600e-06
 Reference value :  1.45639e-06
 Reference value :  1.45735e-06
 Reference value :  1.45807e-06
 Reference value :  1.45887e-06
 Reference value :  1.45991e-06
 Reference value :  1.46039e-06
 Reference value :  1.46103e-06
 Reference value :  1.46201e-06
 Reference value :  1.46275e-06
 Reference value :  1.46383e-06
 Reference value :  1.46439e-06
 Reference value :  1.46559e-06
 Reference value :  1.46623e-06
 Reference value :  1.46751e-06
 Reference value :  1.46815e-06
 Reference value :  1.46867e-06
 Reference value :  1.46975e-06
 Reference value :  1.47035e-06
 Reference value :  1.47139e-06
 Reference value :  1.47207e-06
 Reference value :  1.47271e-06
 Reference value :  1.47375e-06
 Reference value :  1.47423e-06
 Reference value :  1.47527e-06
 Reference value :  1.47603e-06
 Reference value :  1.47655e-06
 Reference value :  1.47699e-06
 Reference value :  1.47801e-06
 Reference value :  1.47879e-06
 Reference value :  1.47997e-06
 Reference value :  1.48043e-06
 Reference value :  1.48159e-06
 Reference value :  1.48215e-06
 Reference value :  1.48307e-06
 Reference value :  1.48400e-06
 Reference value :  1.48439e-06
 Reference value :  1.48483e-06
 Reference value :  1.48587e-06
 Reference value :  1.48647e-06
 Reference value :  1.48751e-06
 Reference value :  1.48811e-06
 Reference value :  1.48875e-06
 Reference value :  1.48987e-06
 Reference value :  1.49027e-06
 Reference value :  1.49135e-06
 Reference value :  1.49204e-06
 Reference value :  1.49259e-06
 Reference value :  1.49335e-06
 Reference value :  1.49407e-06
 Reference value :  1.49503e-06
 Reference value :  1.49601e-06
 Reference value :  1.49643e-06
 Reference value :  1.49747e-06
 Reference value :  1.49811e-06
 Reference value :  1.49895e-06
 Reference value :  1.49997e-06
 Reference value :  1.50035e-06
 Reference value :  1.50103e-06
 Reference value :  1.50200e-06
 Reference value :  1.50267e-06
 Reference value :  1.50371e-06
 Reference value :  1.50423e-06
 Reference value :  1.50503e-06
 Reference value :  1.50600e-06
 Reference value :  1.50651e-06
 Reference value :  1.50759e-06
 Reference value :  1.50815e-06
 Reference value :  1.50871e-06
 Reference value :  1.50955e-06
 Reference value :  1.51015e-06
 Reference value :  1.51123e-06
 Reference value :  1.51202e-06
 Reference value :  1.51251e-06
 Reference value :  1.51395e-06
 Reference value :  1.51511e-06
 Reference value :  1.51601e-06
 Reference value :  1.51643e-06
 Reference value :  1.51699e-06
 Reference value :  1.51800e-06
 Reference value :  1.51863e-06
 Reference value :  1.51967e-06
 Reference value :  1.52027e-06
 Reference value :  1.52127e-06
 Reference value :  1.52204e-06
 Reference value :  1.52287e-06
 Reference value :  1.52391e-06
 Reference value :  1.52431e-06
 Reference value :  1.52483e-06
 Reference value :  1.52587e-06
 Reference value :  1.52647e-06
 Reference value :  1.52751e-06
 Reference value :  1.52815e-06
 Reference value :  1.52883e-06
 Reference value :  1.52991e-06
 Reference value :  1.53031e-06
 Reference value :  1.53135e-06
 Reference value :  1.53204e-06
 Reference value :  1.53255e-06
 Reference value :  1.53351e-06
 Reference value :  1.53415e-06
 Reference value :  1.53527e-06
 Reference value :  1.53603e-06
 Reference value :  1.53695e-06
 Reference value :  1.53819e-06
 Reference value :  1.53923e-06
 Reference value :  1.54002e-06
 Reference value :  1.54051e-06
 Reference value :  1.54091e-06
 Reference value :  1.54179e-06
 Reference value :  1.54239e-06
 Reference value :  1.54347e-06
 Reference value :  1.54411e-06
 Reference value :  1.54483e-06
 Reference value :  1.54587e-06
 Reference value :  1.54643e-06
 Reference value :  1.54751e-06
 Reference value :  1.54811e-06
 Reference value :  1.54855e-06
 Reference value :  1.54903e-06
 Reference value :  1.55001e-06
 Reference value :  1.55071e-06
 Reference value :  1.55179e-06
 Reference value :  1.55227e-06
 Reference value :  1.55307e-06
 Reference value :  1.55400e-06
 Reference value :  1.55455e-06
 Reference value :  1.55559e-06
 Reference value :  1.55615e-06
 Reference value :  1.55663e-06
 Reference value :  1.55743e-06
 Reference value :  1.55811e-06
 Reference value :  1.55911e-06
 Reference value :  1.56001e-06
 Reference value :  1.56039e-06
 Reference value :  1.56135e-06
 Reference value :  1.56207e-06
 Reference value :  1.56287e-06
 Reference value :  1.56395e-06
 Reference value :  1.56431e-06
 Reference value :  1.56491e-06
 Reference value :  1.56595e-06
 Reference value :  1.56655e-06
 Reference value :  1.56759e-06
 Reference value :  1.56815e-06
 Reference value :  1.56883e-06
 Reference value :  1.56991e-06
 Reference value :  1.57031e-06
 Reference value :  1.57135e-06
 Reference value :  1.57204e-06
 Reference value :  1.57259e-06
 Reference value :  1.57327e-06
 Reference value :  1.57402e-06
 Reference value :  1.57487e-06
 Reference value :  1.57595e-06
 Reference value :  1.57635e-06
 Reference value :  1.57715e-06
 Reference value :  1.57801e-06
 Reference value :  1.57863e-06
 Reference value :  1.57979e-06
 Reference value :  1.58031e-06
 Reference value :  1.58083e-06
 Reference value :  1.58191e-06
 Reference value :  1.58247e-06
 Reference value :  1.58351e-06
 Reference value :  1.58411e-06
 Reference value :  1.58479e-06
 Reference value :  1.58583e-06
 Reference value :  1.58631e-06
 Reference value :  1.58747e-06
 Reference value :  1.58811e-06
 Reference value :  1.58867e-06
 Reference value :  1.58963e-06
 Reference value :  1.59023e-06
 Reference value :  1.59127e-06
 Reference value :  1.59203e-06
 Reference value :  1.59267e-06
 Reference value :  1.59383e-06
 Reference value :  1.59435e-06
 Reference value :  1.59575e-06
 Reference value :  1.59635e-06
 Reference value :  1.59707e-06
 Reference value :  1.59801e-06
 Reference value :  1.59871e-06
 Reference value :  1.59975e-06
 Reference value :  1.60023e-06
 Reference value :  1.60099e-06
 Reference value :  1.60204e-06
 Reference value :  1.60351e-06
 Reference value :  1.60467e-06
 Reference value :  1.60602e-06
 Reference value :  1.60683e-06
 Reference value :  1.60791e-06
 Reference value :  1.60839e-06
 Reference value :  1.60959e-06
 Reference value :  1.61019e-06
 Reference value :  1.61123e-06
 Reference value :  1.61202e-06
 Reference value :  1.61247e-06
 Reference value :  1.61311e-06
 Reference value :  1.61403e-06
 Reference value :  1.61499e-06
 Reference value :  1.61600e-06
 Reference value :  1.61639e-06
 Reference value :  1.61735e-06
 Reference value :  1.61807e-06
 Reference value :  1.61891e-06
 Reference value :  1.61997e-06
 Reference value :  1.62055e-06
 Reference value :  1.62143e-06
 Reference value :  1.62211e-06
 Reference value :  1.62307e-06
 Reference value :  1.62400e-06
 Reference value :  1.62439e-06
 Reference value :  1.62535e-06
 Reference value :  1.62604e-06
 Reference value :  1.62695e-06
 Reference value :  1.62801e-06
 Reference value :  1.62851e-06
 Reference value :  1.62935e-06
 Reference value :  1.63004e-06
 Reference value :  1.63095e-06
 Reference value :  1.63200e-06
 Reference value :  1.63239e-06
 Reference value :  1.63335e-06
 Reference value :  1.63404e-06
 Reference value :  1.63483e-06
 Reference value :  1.63587e-06
 Reference value :  1.63631e-06
 Reference value :  1.63683e-06
 Reference value :  1.63800e-06
 Reference value :  1.63879e-06
 Reference value :  1.63983e-06
 Reference value :  1.64115e-06
 Reference value :  1.64211e-06
 Reference value :  1.64303e-06
 Reference value :  1.64401e-06
 Reference value :  1.64447e-06
 Reference value :  1.64507e-06
 Reference value :  1.64601e-06
 Reference value :  1.64671e-06
 Reference value :  1.64779e-06
 Reference value :  1.64827e-06
 Reference value :  1.64903e-06
 Reference value :  1.65000e-06
 Reference value :  1.65051e-06
 Reference value :  1.65159e-06
 Reference value :  1.65215e-06
 Reference value :  1.65267e-06
 Reference value :  1.65359e-06
 Reference value :  1.65415e-06
 Reference value :  1.65515e-06
 Reference value :  1.65601e-06
 Reference value :  1.65651e-06
 Reference value :  1.65767e-06
 Reference value :  1.65823e-06
 Reference value :  1.65931e-06
 Reference value :  1.66003e-06
 Reference value :  1.66051e-06
 Reference value :  1.66139e-06
 Reference value :  1.66207e-06
 Reference value :  1.66303e-06
 Reference value :  1.66400e-06
 Reference value :  1.66439e-06
 Reference value :  1.66539e-06
 Reference value :  1.66607e-06
 Reference value :  1.66687e-06
 Reference value :  1.66791e-06
 Reference value :  1.66831e-06
 Reference value :  1.66879e-06
 Reference value :  1.66955e-06
 Reference value :  1.67015e-06
 Reference value :  1.67131e-06
 Reference value :  1.67203e-06
 Reference value :  1.67255e-06
 Reference value :  1.67359e-06
 Reference value :  1.67415e-06
 Reference value :  1.67507e-06
 Reference value :  1.67600e-06
 Reference value :  1.67639e-06
 Reference value :  1.67675e-06
 Reference value :  1.67775e-06
 Reference value :  1.67831e-06
 Reference value :  1.67935e-06
 Reference value :  1.68003e-06
 Reference value :  1.68059e-06
 Reference value :  1.68187e-06
 Reference value :  1.68247e-06
 Reference value :  1.68371e-06
 Reference value :  1.68435e-06
 Reference value :  1.68495e-06
 Reference value :  1.68601e-06
 Reference value :  1.68695e-06
 Reference value :  1.68801e-06
 Reference value :  1.68855e-06
 Reference value :  1.68979e-06
 Reference value :  1.69043e-06
 Reference value :  1.69175e-06
 Reference value :  1.69239e-06
 Reference value :  1.69331e-06
 Reference value :  1.69415e-06
 Reference value :  1.69539e-06
 Reference value :  1.69619e-06
 Reference value :  1.69715e-06
 Reference value :  1.69804e-06
 Reference value :  1.69903e-06
 Reference value :  1.70002e-06
 Reference value :  1.70063e-06
 Reference value :  1.70151e-06
 Reference value :  1.70231e-06
 Reference value :  1.70355e-06
 Reference value :  1.70427e-06
 Reference value :  1.70527e-06
 Reference value :  1.70611e-06
 Reference value :  1.70719e-06
 Reference value :  1.70807e-06
 Reference value :  1.70863e-06
 Reference value :  1.70975e-06
 Reference value :  1.71059e-06
 Reference value :  1.71187e-06
 Reference value :  1.71239e-06
 Reference value :  1.71400e-06
 Reference value :  1.71495e-06
 Reference value :  1.71604e-06
 Reference value :  1.71675e-06
 Reference value :  1.71795e-06
 Reference value :  1.71875e-06
 Reference value :  1.72000e-06
 Reference value :  1.72047e-06
 Reference value :  1.72171e-06
 Reference value :  1.72231e-06
 Reference value :  1.72359e-06
 Reference value :  1.72427e-06
 Reference value :  1.72503e-06
 Reference value :  1.72615e-06
 Reference value :  1.72779e-06
 Reference value :  1.72839e-06
 Reference value :  1.72959e-06
 Reference value :  1.73027e-06
 Reference value :  1.73155e-06
 Reference value :  1.73223e-06
 Reference value :  1.73287e-06
 Reference value :  1.73391e-06
 Reference value :  1.73471e-06
 Reference value :  1.73597e-06
 Reference value :  1.73643e-06
 Reference value :  1.73783e-06
 Reference value :  1.73843e-06
 Reference value :  1.73967e-06
 Reference value :  1.74031e-06
 Reference value :  1.74087e-06
 Reference value :  1.74201e-06
 Reference value :  1.74295e-06
 Reference value :  1.74401e-06
 Reference value :  1.74463e-06
 Reference value :  1.74595e-06
 Reference value :  1.74659e-06
 Reference value :  1.74787e-06
 Reference value :  1.74839e-06
 Reference value :  1.74923e-06
 Reference value :  1.75007e-06
 Reference value :  1.75123e-06
 Reference value :  1.75207e-06
 Reference value :  1.75295e-06
 Reference value :  1.75401e-06
 Reference value :  1.75495e-06
 Reference value :  1.75601e-06
 Reference value :  1.75655e-06
 Reference value :  1.75767e-06
 Reference value :  1.75847e-06
 Reference value :  1.75971e-06
 Reference value :  1.76031e-06
 Reference value :  1.76135e-06
 Reference value :  1.76215e-06
 Reference value :  1.76331e-06
 Reference value :  1.76411e-06
 Reference value :  1.76471e-06
 Reference value :  1.76575e-06
 Reference value :  1.76651e-06
 Reference value :  1.76775e-06
 Reference value :  1.76839e-06
 Reference value :  1.76959e-06
 Reference value :  1.77027e-06
 Reference value :  1.77155e-06
 Reference value :  1.77223e-06
 Reference value :  1.77279e-06
 Reference value :  1.77397e-06
 Reference value :  1.77479e-06
 Reference value :  1.77600e-06
 Reference value :  1.77647e-06
 Reference value :  1.77771e-06
 Reference value :  1.77835e-06
 Reference value :  1.77959e-06
 Reference value :  1.78027e-06
 Reference value :  1.78091e-06
 Reference value :  1.78200e-06
 Reference value :  1.78287e-06
 Reference value :  1.78400e-06
 Reference value :  1.78451e-06
 Reference value :  1.78575e-06
 Reference value :  1.78643e-06
 Reference value :  1.78771e-06
 Reference value :  1.78831e-06
 Reference value :  1.78923e-06
 Reference value :  1.79015e-06
 Reference value :  1.79143e-06
 Reference value :  1.79219e-06
 Reference value :  1.79315e-06
 Reference value :  1.79407e-06
 Reference value :  1.79519e-06
 Reference value :  1.79607e-06
 Reference value :  1.79671e-06
 Reference value :  1.79751e-06
 Reference value :  1.79831e-06
 Reference value :  1.79967e-06
 Reference value :  1.80035e-06
 Reference value :  1.80147e-06
 Reference value :  1.80219e-06
 Reference value :  1.80343e-06
 Reference value :  1.80419e-06
 Reference value :  1.80467e-06
 Reference value :  1.80559e-06
 Reference value :  1.80639e-06
 Reference value :  1.80767e-06
 Reference value :  1.80831e-06
 Reference value :  1.80935e-06
 Reference value :  1.81015e-06
 Reference value :  1.81131e-06
 Reference value :  1.81211e-06
 Reference value :  1.81271e-06
 Reference value :  1.81387e-06
 Reference value :  1.81491e-06
 Reference value :  1.81604e-06
 Reference value :  1.81679e-06
 Reference value :  1.81800e-06
 Reference value :  1.81871e-06
 Reference value :  1.81995e-06
 Reference value :  1.82039e-06
 Reference value :  1.82131e-06
 Reference value :  1.82215e-06
 Reference value :  1.82335e-06
 Reference value :  1.82415e-06
 Reference value :  1.82503e-06
 Reference value :  1.82602e-06
 Reference value :  1.82687e-06
 Reference value :  1.82800e-06
 Reference value :  1.82855e-06
 Reference value :  1.82943e-06
 Reference value :  1.83019e-06
 Reference value :  1.83143e-06
 Reference value :  1.83219e-06
 Reference value :  1.83311e-06
 Reference value :  1.83403e-06
 Reference value :  1.83499e-06
 Reference value :  1.83601e-06
 Reference value :  1.83655e-06
 Reference value :  1.83755e-06
 Reference value :  1.83835e-06
 Reference value :  1.83963e-06
 Reference value :  1.84031e-06
 Reference value :  1.84135e-06
 Reference value :  1.84215e-06
 Reference value :  1.84331e-06
 Reference value :  1.84411e-06
 Reference value :  1.84471e-06
 Reference value :  1.84587e-06
 Reference value :  1.84667e-06
 Reference value :  1.84791e-06
 Reference value :  1.84839e-06
 Reference value :  1.84955e-06
 Reference value :  1.85019e-06
 Reference value :  1.85143e-06
 Reference value :  1.85215e-06
 Reference value :  1.85279e-06
 Reference value :  1.85401e-06
 Reference value :  1.85491e-06
 Reference value :  1.85601e-06
 Reference value :  1.85655e-06
 Reference value :  1.85783e-06
 Reference value :  1.85855e-06
 Reference value :  1.85979e-06
 Reference value :  1.86035e-06
 Reference value :  1.86095e-06
 Reference value :  1.86200e-06
 Reference value :  1.86283e-06
 Reference value :  1.86400e-06
 Reference value :  1.86483e-06
 Reference value :  1.86601e-06
 Reference value :  1.86703e-06
 Reference value :  1.86811e-06
 Reference value :  1.86863e-06
 Reference value :  1.86967e-06
 Reference value :  1.87047e-06
 Reference value :  1.87179e-06
 Reference value :  1.87235e-06
 Reference value :  1.87343e-06
 Reference value :  1.87415e-06
 Reference value :  1.87527e-06
 Reference value :  1.87607e-06
 Reference value :  1.87667e-06
 Reference value :  1.87800e-06
 Reference value :  1.87927e-06
 Reference value :  1.88007e-06
 Reference value :  1.88095e-06
 Reference value :  1.88201e-06
 Reference value :  1.88283e-06
 Reference value :  1.88400e-06
 Reference value :  1.88447e-06
 Reference value :  1.88547e-06
 Reference value :  1.88623e-06
 Reference value :  1.88751e-06
 Reference value :  1.88823e-06
 Reference value :  1.88919e-06
 Reference value :  1.89007e-06
 Reference value :  1.89107e-06
 Reference value :  1.89203e-06
 Reference value :  1.89267e-06
 Reference value :  1.89363e-06
 Reference value :  1.89443e-06
 Reference value :  1.89567e-06
 Reference value :  1.89631e-06
 Reference value :  1.89727e-06
 Reference value :  1.89811e-06
 Reference value :  1.89915e-06
 Reference value :  1.90007e-06
 Reference value :  1.90059e-06
 Reference value :  1.90171e-06
 Reference value :  1.90247e-06
 Reference value :  1.90371e-06
 Reference value :  1.90431e-06
 Reference value :  1.90535e-06
 Reference value :  1.90615e-06
 Reference value :  1.90727e-06
 Reference value :  1.90811e-06
 Reference value :  1.90879e-06
 Reference value :  1.90997e-06
 Reference value :  1.91075e-06
 Reference value :  1.91197e-06
 Reference value :  1.91243e-06
 Reference value :  1.91367e-06
 Reference value :  1.91427e-06
 Reference value :  1.91551e-06
 Reference value :  1.91623e-06
 Reference value :  1.91695e-06
 Reference value :  1.91801e-06
 Reference value :  1.91907e-06
 Reference value :  1.92003e-06
 Reference value :  1.92075e-06
 Reference value :  1.92197e-06
 Reference value :  1.92263e-06
 Reference value :  1.92387e-06
 Reference value :  1.92435e-06
 Reference value :  1.92491e-06
 Reference value :  1.92600e-06
 Reference value :  1.92683e-06
 Reference value :  1.92800e-06
 Reference value :  1.92851e-06
 Reference value :  1.92975e-06
 Reference value :  1.93035e-06
 Reference value :  1.93163e-06
 Reference value :  1.93231e-06
 Reference value :  1.93279e-06
 Reference value :  1.93400e-06
 Reference value :  1.93483e-06
 Reference value :  1.93600e-06
 Reference value :  1.93655e-06
 Reference value :  1.93779e-06
 Reference value :  1.93843e-06
 Reference value :  1.93971e-06
 Reference value :  1.94035e-06
 Reference value :  1.94107e-06
 Reference value :  1.94202e-06
 Reference value :  1.94307e-06
 Reference value :  1.94403e-06
 Reference value :  1.94475e-06
 Reference value :  1.94597e-06
 Reference value :  1.94667e-06
 Reference value :  1.94791e-06
 Reference value :  1.94843e-06
 Reference value :  1.94939e-06
 Reference value :  1.95015e-06
 Reference value :  1.95139e-06
 Reference value :  1.95215e-06
 Reference value :  1.95307e-06
 Reference value :  1.95402e-06
 Reference value :  1.95495e-06
 Reference value :  1.95602e-06
 Reference value :  1.95663e-06
 Reference value :  1.95751e-06
 Reference value :  1.95827e-06
 Reference value :  1.95955e-06
 Reference value :  1.96027e-06
 Reference value :  1.96127e-06
 Reference value :  1.96211e-06
 Reference value :  1.96319e-06
 Reference value :  1.96407e-06
 Reference value :  1.96459e-06
 Reference value :  1.96575e-06
 Reference value :  1.96659e-06
 Reference value :  1.96787e-06
 Reference value :  1.96839e-06
 Reference value :  1.96959e-06
 Reference value :  1.97027e-06
 Reference value :  1.97151e-06
 Reference value :  1.97223e-06
 Reference value :  1.97287e-06
 Reference value :  1.97400e-06
 Reference value :  1.97483e-06
 Reference value :  1.97600e-06
 Reference value :  1.97651e-06
 Reference value :  1.97775e-06
 Reference value :  1.97839e-06
 Reference value :  1.97963e-06
 Reference value :  1.98027e-06
 Reference value :  1.98099e-06
 Reference value :  1.98202e-06
 Reference value :  1.98307e-06
 Reference value :  1.98403e-06
 Reference value :  1.98483e-06
 Reference value :  1.98600e-06
 Reference value :  1.98675e-06
 Reference value :  1.98800e-06
 Reference value :  1.98851e-06
 Reference value :  1.98903e-06
 Reference value :  1.99002e-06
 Reference value :  1.99111e-06
 Reference value :  1.99204e-06
 Reference value :  1.99283e-06
 Reference value :  1.99400e-06
 Reference value :  1.99475e-06
 Reference value :  1.99597e-06
 Reference value :  1.99643e-06
 Reference value :  1.99707e-06
 Reference value :  1.99802e-06
 Reference value :  1.99911e-06
 Reference value :  2.00003e-06
 Reference value :  2.00075e-06
 Reference value :  2.00197e-06
 Reference value :  2.00259e-06
 Reference value :  2.00383e-06
 Reference value :  2.00435e-06
 Reference value :  2.00511e-06
 Reference value :  2.00607e-06
 Reference value :  2.00731e-06
 Reference value :  2.00811e-06
 Reference value :  2.00895e-06
 Reference value :  2.01001e-06
 Reference value :  2.01083e-06
 Reference value :  2.01200e-06
 Reference value :  2.01251e-06
 Reference value :  2.01363e-06
 Reference value :  2.01459e-06
 Reference value :  2.01602e-06
 Reference value :  2.01671e-06
 Reference value :  2.01800e-06
 Reference value :  2.01867e-06
 Reference value :  2.01991e-06
 Reference value :  2.02039e-06
 Reference value :  2.02115e-06
 Reference value :  2.02204e-06
 Reference value :  2.02315e-06
 Reference value :  2.02407e-06
 Reference value :  2.02495e-06
 Reference value :  2.02601e-06
 Reference value :  2.02683e-06
 Reference value :  2.02800e-06
 Reference value :  2.02851e-06
 Reference value :  2.02935e-06
 Reference value :  2.03015e-06
 Reference value :  2.03143e-06
 Reference value :  2.03219e-06
 Reference value :  2.03311e-06
 Reference value :  2.03404e-06
 Reference value :  2.03507e-06
 Reference value :  2.03603e-06
 Reference value :  2.03663e-06
 Reference value :  2.03771e-06
 Reference value :  2.03847e-06
 Reference value :  2.03971e-06
 Reference value :  2.04035e-06
 Reference value :  2.04191e-06
 Reference value :  2.04263e-06
 Reference value :  2.04400e-06
 Reference value :  2.04447e-06
 Reference value :  2.04543e-06
 Reference value :  2.04619e-06
 Reference value :  2.04743e-06
 Reference value :  2.04819e-06
 Reference value :  2.04911e-06
 Reference value :  2.05003e-06
 Reference value :  2.05095e-06
 Reference value :  2.05201e-06
 Reference value :  2.05259e-06
 Reference value :  2.05315e-06
 Reference value :  2.05404e-06
 Reference value :  2.05519e-06
 Reference value :  2.05607e-06
 Reference value :  2.05695e-06
 Reference value :  2.05802e-06
 Reference value :  2.05891e-06
 Reference value :  2.06001e-06
 Reference value :  2.06047e-06
 Reference value :  2.06087e-06
 Reference value :  2.06201e-06
 Reference value :  2.06319e-06
 Reference value :  2.06439e-06
 Reference value :  2.06597e-06
 Reference value :  2.06663e-06
 Reference value :  2.06791e-06
 Reference value :  2.06839e-06
 Reference value :  2.06911e-06
 Reference value :  2.07003e-06
 Reference value :  2.07111e-06
 Reference value :  2.07203e-06
 Reference value :  2.07275e-06
 Reference value :  2.07397e-06
 Reference value :  2.07479e-06
 Reference value :  2.07600e-06
 Reference value :  2.07647e-06
 Reference value :  2.07747e-06
 Reference value :  2.07827e-06
 Reference value :  2.07951e-06
 Reference value :  2.08023e-06
 Reference value :  2.08115e-06
 Reference value :  2.08207e-06
 Reference value :  2.08311e-06
 Reference value :  2.08415e-06
 Reference value :  2.08475e-06
 Reference value :  2.08583e-06
 Reference value :  2.08659e-06
 Reference value :  2.08783e-06
 Reference value :  2.08839e-06
 Reference value :  2.08959e-06
 Reference value :  2.09023e-06
 Reference value :  2.09147e-06
 Reference value :  2.09223e-06
 Reference value :  2.09283e-06
 Reference value :  2.09400e-06
 Reference value :  2.09479e-06
 Reference value :  2.09597e-06
 Reference value :  2.09643e-06
 Reference value :  2.09771e-06
 Reference value :  2.09831e-06
 Reference value :  2.09955e-06
 Reference value :  2.10027e-06
 Reference value :  2.10095e-06
 Reference value :  2.10201e-06
 Reference value :  2.10295e-06
 Reference value :  2.10402e-06
 Reference value :  2.10467e-06
 Reference value :  2.10595e-06
 Reference value :  2.10659e-06
 Reference value :  2.10787e-06
 Reference value :  2.10839e-06
 Reference value :  2.10931e-06
 Reference value :  2.11015e-06
 Reference value :  2.11139e-06
 Reference value :  2.11219e-06
 Reference value :  2.11307e-06
 Reference value :  2.11403e-06
 Reference value :  2.11495e-06
 Reference value :  2.11601e-06
 Reference value :  2.11659e-06
 Reference value :  2.11727e-06
 Reference value :  2.11811e-06
 Reference value :  2.11935e-06
 Reference value :  2.12015e-06
 Reference value :  2.12103e-06
 Reference value :  2.12202e-06
 Reference value :  2.12295e-06
 Reference value :  2.12401e-06
 Reference value :  2.12455e-06
 Reference value :  2.12539e-06
 Reference value :  2.12615e-06
 Reference value :  2.12743e-06
 Reference value :  2.12819e-06
 Reference value :  2.12911e-06
 Reference value :  2.13004e-06
 Reference value :  2.13103e-06
 Reference value :  2.13202e-06
 Reference value :  2.13259e-06
 Reference value :  2.13355e-06
 Reference value :  2.13431e-06
 Reference value :  2.13559e-06
 Reference value :  2.13627e-06
 Reference value :  2.13719e-06
 Reference value :  2.13807e-06
 Reference value :  2.13907e-06
 Reference value :  2.14003e-06
 Reference value :  2.14059e-06
 Reference value :  2.14175e-06
 Reference value :  2.14255e-06
 Reference value :  2.14383e-06
 Reference value :  2.14439e-06
 Reference value :  2.14559e-06
 Reference value :  2.14623e-06
 Reference value :  2.14747e-06
 Reference value :  2.14819e-06
 Reference value :  2.14879e-06
 Reference value :  2.14991e-06
 Reference value :  2.15067e-06
 Reference value :  2.15197e-06
 Reference value :  2.15247e-06
 Reference value :  2.15367e-06
 Reference value :  2.15427e-06
 Reference value :  2.15555e-06
 Reference value :  2.15627e-06
 Reference value :  2.15683e-06
 Reference value :  2.15800e-06
 Reference value :  2.15883e-06
 Reference value :  2.16000e-06
 Reference value :  2.16047e-06
 Reference value :  2.16171e-06
 Reference value :  2.16235e-06
 Reference value :  2.16359e-06
 Reference value :  2.16427e-06
 Reference value :  2.16495e-06
 Reference value :  2.16601e-06
 Reference value :  2.16703e-06
 Reference value :  2.16802e-06
 Reference value :  2.16867e-06
 Reference value :  2.16991e-06
 Reference value :  2.17051e-06
 Reference value :  2.17179e-06
 Reference value :  2.17235e-06
 Reference value :  2.17323e-06
 Reference value :  2.17411e-06
 Reference value :  2.17527e-06
 Reference value :  2.17607e-06
 Reference value :  2.17691e-06
 Reference value :  2.17801e-06
 Reference value :  2.17879e-06
 Reference value :  2.17997e-06
 Reference value :  2.18055e-06
 Reference value :  2.18115e-06
 Reference value :  2.18207e-06
 Reference value :  2.18323e-06
 Reference value :  2.18407e-06
 Reference value :  2.18491e-06
 Reference value :  2.18601e-06
 Reference value :  2.18675e-06
 Reference value :  2.18797e-06
 Reference value :  2.18843e-06
 Reference value :  2.18899e-06
 Reference value :  2.19001e-06
 Reference value :  2.19103e-06
 Reference value :  2.19202e-06
 Reference value :  2.19275e-06
 Reference value :  2.19397e-06
 Reference value :  2.19459e-06
 Reference value :  2.19591e-06
 Reference value :  2.19647e-06
 Reference value :  2.19739e-06
 Reference value :  2.19815e-06
 Reference value :  2.19935e-06
 Reference value :  2.20015e-06
 Reference value :  2.20107e-06
 Reference value :  2.20203e-06
 Reference value :  2.20303e-06
 Reference value :  2.20403e-06
 Reference value :  2.20459e-06
 Reference value :  2.20575e-06
 Reference value :  2.20651e-06
 Reference value :  2.20775e-06
 Reference value :  2.20835e-06
 Reference value :  2.20943e-06
 Reference value :  2.21019e-06
 Reference value :  2.21143e-06
 Reference value :  2.21223e-06
 Reference value :  2.21291e-06
 Reference value :  2.21401e-06
 Reference value :  2.21491e-06
 Reference value :  2.21601e-06
 Reference value :  2.21655e-06
 Reference value :  2.21791e-06
 Reference value :  2.21855e-06
 Reference value :  2.21983e-06
 Reference value :  2.22035e-06
 Reference value :  2.22107e-06
 Reference value :  2.22203e-06
 Reference value :  2.22311e-06
 Reference value :  2.22403e-06
 Reference value :  2.22475e-06
 Reference value :  2.22600e-06
 Reference value :  2.22667e-06
 Reference value :  2.22791e-06
 Reference value :  2.22843e-06
 Reference value :  2.22931e-06
 Reference value :  2.23015e-06
 Reference value :  2.23139e-06
 Reference value :  2.23219e-06
 Reference value :  2.23311e-06
 Reference value :  2.23404e-06
 Reference value :  2.23507e-06
 Reference value :  2.23603e-06
 Reference value :  2.23663e-06
 Reference value :  2.23783e-06
 Reference value :  2.23859e-06
 Reference value :  2.23983e-06
 Reference value :  2.24039e-06
 Reference value :  2.24155e-06
 Reference value :  2.24223e-06
 Reference value :  2.24347e-06
 Reference value :  2.24423e-06
 Reference value :  2.24487e-06
 Reference value :  2.24591e-06
 Reference value :  2.24667e-06
 Reference value :  2.24791e-06
 Reference value :  2.24843e-06
 Reference value :  2.24971e-06
 Reference value :  2.25035e-06
 Reference value :  2.25159e-06
 Reference value :  2.25223e-06
 Reference value :  2.25275e-06
 Reference value :  2.25397e-06
 Reference value :  2.25475e-06
 Reference value :  2.25597e-06
 Reference value :  2.25643e-06
 Reference value :  2.25767e-06
 Reference value :  2.25831e-06
 Reference value :  2.25955e-06
 Reference value :  2.26023e-06
 Reference value :  2.26087e-06
 Reference value :  2.26200e-06
 Reference value :  2.26287e-06
 Reference value :  2.26401e-06
 Reference value :  2.26455e-06
 Reference value :  2.26579e-06
 Reference value :  2.26639e-06
 Reference value :  2.26763e-06
 Reference value :  2.26827e-06
 Reference value :  2.26899e-06
 Reference value :  2.27001e-06
 Reference value :  2.27099e-06
 Reference value :  2.27202e-06
 Reference value :  2.27275e-06
 Reference value :  2.27400e-06
 Reference value :  2.27463e-06
 Reference value :  2.27587e-06
 Reference value :  2.27639e-06
 Reference value :  2.27711e-06
 Reference value :  2.27804e-06
 Reference value :  2.27927e-06
 Reference value :  2.28015e-06
 Reference value :  2.28107e-06
 Reference value :  2.28204e-06
 Reference value :  2.28311e-06
 Reference value :  2.28403e-06
 Reference value :  2.28459e-06
 Reference value :  2.28567e-06
 Reference value :  2.28643e-06
 Reference value :  2.28767e-06
 Reference value :  2.28831e-06
 Reference value :  2.28943e-06
 Reference value :  2.29019e-06
 Reference value :  2.29139e-06
 Reference value :  2.29219e-06
 Reference value :  2.29283e-06
 Reference value :  2.29400e-06
 Reference value :  2.29483e-06
 Reference value :  2.29600e-06
 Reference value :  2.29647e-06
 Reference value :  2.29775e-06
 Reference value :  2.29843e-06
 Reference value :  2.29971e-06
 Reference value :  2.30031e-06
 Reference value :  2.30123e-06
 Reference value :  2.30207e-06
 Reference value :  2.30319e-06
 Reference value :  2.30411e-06
 Reference value :  2.30495e-06
 Reference value :  2.30601e-06
 Reference value :  2.30683e-06
 Reference value :  2.30800e-06
 Reference value :  2.30871e-06
 Reference value :  2.30987e-06
 Reference value :  2.31063e-06
 Reference value :  2.31187e-06
 Reference value :  2.31239e-06
 Reference value :  2.31363e-06
 Reference value :  2.31427e-06
 Reference value :  2.31559e-06
 Reference value :  2.31623e-06
 Reference value :  2.31667e-06
 Reference value :  2.31755e-06
 Reference value :  2.31827e-06
 Reference value :  2.31963e-06
 Reference value :  2.32031e-06
 Reference value :  2.32127e-06
 Reference value :  2.32211e-06
 Reference value :  2.32319e-06
 Reference value :  2.32407e-06
 Reference value :  2.32467e-06
 Reference value :  2.32575e-06
 Reference value :  2.32651e-06
 Reference value :  2.32779e-06
 Reference value :  2.32839e-06
 Reference value :  2.32955e-06
 Reference value :  2.33019e-06
 Reference value :  2.33147e-06
 Reference value :  2.33223e-06
 Reference value :  2.33295e-06
 Reference value :  2.33401e-06
 Reference value :  2.33495e-06
 Reference value :  2.33602e-06
 Reference value :  2.33663e-06
 Reference value :  2.33791e-06
 Reference value :  2.33855e-06
 Reference value :  2.33987e-06
 Reference value :  2.34039e-06
 Reference value :  2.34107e-06
 Reference value :  2.34202e-06
 Reference value :  2.34307e-06
 Reference value :  2.34402e-06
 Reference value :  2.34467e-06
 Reference value :  2.34591e-06
 Reference value :  2.34651e-06
 Reference value :  2.34775e-06
 Reference value :  2.34835e-06
 Reference value :  2.34903e-06
 Reference value :  2.35002e-06
 Reference value :  2.35103e-06
 Reference value :  2.35202e-06
 Reference value :  2.35275e-06
 Reference value :  2.35397e-06
 Reference value :  2.35459e-06
 Reference value :  2.35583e-06
 Reference value :  2.35639e-06
 Reference value :  2.35719e-06
 Reference value :  2.35807e-06
 Reference value :  2.35923e-06
 Reference value :  2.36007e-06
 Reference value :  2.36087e-06
 Reference value :  2.36200e-06
 Reference value :  2.36275e-06
 Reference value :  2.36397e-06
 Reference value :  2.36443e-06
 Reference value :  2.36539e-06
 Reference value :  2.36615e-06
 Reference value :  2.36739e-06
 Reference value :  2.36819e-06
 Reference value :  2.36911e-06
 Reference value :  2.37003e-06
 Reference value :  2.37095e-06
 Reference value :  2.37202e-06
 Reference value :  2.37263e-06
 Reference value :  2.37323e-06
 Reference value :  2.37411e-06
 Reference value :  2.37531e-06
 Reference value :  2.37611e-06
 Reference value :  2.37699e-06
 Reference value :  2.37802e-06
 Reference value :  2.37887e-06
 Reference value :  2.38000e-06
 Reference value :  2.38051e-06
 Reference value :  2.38131e-06
 Reference value :  2.38215e-06
 Reference value :  2.38339e-06
 Reference value :  2.38415e-06
 Reference value :  2.38507e-06
 Reference value :  2.38602e-06
 Reference value :  2.38691e-06
 Reference value :  2.38801e-06
 Reference value :  2.38859e-06
 Reference value :  2.38951e-06
 Reference value :  2.39027e-06
 Reference value :  2.39155e-06
 Reference value :  2.39227e-06
 Reference value :  2.39327e-06
 Reference value :  2.39411e-06
 Reference value :  2.39515e-06
 Reference value :  2.39603e-06
 Reference value :  2.39659e-06
 Reference value :  2.39775e-06
 Reference value :  2.39851e-06
 Reference value :  2.39975e-06
 Reference value :  2.40035e-06
 Reference value :  2.40143e-06
 Reference value :  2.40215e-06
 Reference value :  2.40335e-06
 Reference value :  2.40415e-06
 Reference value :  2.40475e-06
 Reference value :  2.40583e-06
 Reference value :  2.40659e-06
 Reference value :  2.40783e-06
 Reference value :  2.40839e-06
 Reference value :  2.40959e-06
 Reference value :  2.41027e-06
 Reference value :  2.41155e-06
 Reference value :  2.41231e-06
 Reference value :  2.41299e-06
 Reference value :  2.41402e-06
 Reference value :  2.41503e-06
 Reference value :  2.41603e-06
 Reference value :  2.41675e-06
 Reference value :  2.41797e-06
 Reference value :  2.41859e-06
 Reference value :  2.41987e-06
 Reference value :  2.42035e-06
 Reference value :  2.42111e-06
 Reference value :  2.42204e-06
 Reference value :  2.42315e-06
 Reference value :  2.42404e-06
 Reference value :  2.42483e-06
 Reference value :  2.42600e-06
 Reference value :  2.42667e-06
 Reference value :  2.42791e-06
 Reference value :  2.42843e-06
 Reference value :  2.42939e-06
 Reference value :  2.43015e-06
 Reference value :  2.43139e-06
 Reference value :  2.43215e-06
 Reference value :  2.43311e-06
 Reference value :  2.43404e-06
 Reference value :  2.43507e-06
 Reference value :  2.43603e-06
 Reference value :  2.43667e-06
 Reference value :  2.43739e-06
 Reference value :  2.43819e-06
 Reference value :  2.43947e-06
 Reference value :  2.44019e-06
 Reference value :  2.44107e-06
 Reference value :  2.44202e-06
 Reference value :  2.44295e-06
 Reference value :  2.44401e-06
 Reference value :  2.44451e-06
 Reference value :  2.44511e-06
 Reference value :  2.44603e-06
 Reference value :  2.44715e-06
 Reference value :  2.44804e-06
 Reference value :  2.44883e-06
 Reference value :  2.45001e-06
 Reference value :  2.45087e-06
 Reference value :  2.45201e-06
 Reference value :  2.45255e-06
 Reference value :  2.45327e-06
 Reference value :  2.45411e-06
 Reference value :  2.45531e-06
 Reference value :  2.45619e-06
 Reference value :  2.45715e-06
 Reference value :  2.45804e-06
 Reference value :  2.45903e-06
 Reference value :  2.46002e-06
 Reference value :  2.46055e-06
 Reference value :  2.46163e-06
 Reference value :  2.46243e-06
 Reference value :  2.46375e-06
 Reference value :  2.46435e-06
 Reference value :  2.46543e-06
 Reference value :  2.46619e-06
 Reference value :  2.46747e-06
 Reference value :  2.46823e-06
 Reference value :  2.46887e-06
 Reference value :  2.47000e-06
 Reference value :  2.47083e-06
 Reference value :  2.47200e-06
 Reference value :  2.47247e-06
 Reference value :  2.47371e-06
 Reference value :  2.47431e-06
 Reference value :  2.47555e-06
 Reference value :  2.47623e-06
 Reference value :  2.47683e-06
 Reference value :  2.47800e-06
 Reference value :  2.47879e-06
 Reference value :  2.48000e-06
 Reference value :  2.48043e-06
 Reference value :  2.48163e-06
 Reference value :  2.48227e-06
 Reference value :  2.48359e-06
 Reference value :  2.48431e-06
 Reference value :  2.48503e-06
 Reference value :  2.48602e-06
 Reference value :  2.48711e-06
 Reference value :  2.48803e-06
 Reference value :  2.48875e-06
 Reference value :  2.48997e-06
 Reference value :  2.49059e-06
 Reference value :  2.49183e-06
 Reference value :  2.49235e-06
 Reference value :  2.49331e-06
 Reference value :  2.49415e-06
 Reference value :  2.49535e-06
 Reference value :  2.49615e-06
 Reference value :  2.49703e-06
 Reference value :  2.49802e-06
 Reference value :  2.49887e-06
 Reference value :  2.50000e-06
 Reference value :  2.50051e-06
 Reference value :  2.50111e-06
 Reference value :  2.50203e-06
 Reference value :  2.50315e-06
 Reference value :  2.50404e-06
 Reference value :  2.50483e-06
 Reference value :  2.50600e-06
 Reference value :  2.50675e-06
 Reference value :  2.50797e-06
 Reference value :  2.50843e-06
 Reference value :  2.50911e-06
 Reference value :  2.51003e-06
 Reference value :  2.51111e-06
 Reference value :  2.51207e-06
 Reference value :  2.51287e-06
 Reference value :  2.51400e-06
 Reference value :  2.51475e-06
 Reference value :  2.51600e-06
 Reference value :  2.51643e-06
 Reference value :  2.51727e-06
 Reference value :  2.51811e-06
 Reference value :  2.51935e-06
 Reference value :  2.52015e-06
 Reference value :  2.52103e-06
 Reference value :  2.52202e-06
 Reference value :  2.52287e-06
 Reference value :  2.52401e-06
 Reference value :  2.52451e-06
 Reference value :  2.52579e-06
 Reference value :  2.52703e-06
 Reference value :  2.52802e-06
 Reference value :  2.52871e-06
 Reference value :  2.52997e-06
 Reference value :  2.53059e-06
 Reference value :  2.53187e-06
 Reference value :  2.53235e-06
 Reference value :  2.53303e-06
 Reference value :  2.53402e-06
 Reference value :  2.53507e-06
 Reference value :  2.53603e-06
 Reference value :  2.53675e-06
 Reference value :  2.53797e-06
 Reference value :  2.53859e-06
 Reference value :  2.53983e-06
 Reference value :  2.54035e-06
 Reference value :  2.54099e-06
 Reference value :  2.54201e-06
 Reference value :  2.54303e-06
 Reference value :  2.54402e-06
 Reference value :  2.54463e-06
 Reference value :  2.54587e-06
 Reference value :  2.54651e-06
 Reference value :  2.54775e-06
 Reference value :  2.54831e-06
 Reference value :  2.54903e-06
 Reference value :  2.55002e-06
 Reference value :  2.55107e-06
 Reference value :  2.55203e-06
 Reference value :  2.55275e-06
 Reference value :  2.55397e-06
 Reference value :  2.55459e-06
 Reference value :  2.55583e-06
 Reference value :  2.55635e-06
 Reference value :  2.55731e-06
 Reference value :  2.55815e-06
 Reference value :  2.55939e-06
 Reference value :  2.56023e-06
 Reference value :  2.56135e-06
 Reference value :  2.56215e-06
 Reference value :  2.56327e-06
 Reference value :  2.56411e-06
 Reference value :  2.56471e-06
 Reference value :  2.56551e-06
 Reference value :  2.56635e-06
 Reference value :  2.56763e-06
 Reference value :  2.56831e-06
 Reference value :  2.56943e-06
 Reference value :  2.57015e-06
 Reference value :  2.57127e-06
 Reference value :  2.57207e-06
 Reference value :  2.57259e-06
 Reference value :  2.57335e-06
 Reference value :  2.57415e-06
 Reference value :  2.57539e-06
 Reference value :  2.57615e-06
 Reference value :  2.57695e-06
 Reference value :  2.57802e-06
 Reference value :  2.57891e-06
 Reference value :  2.58001e-06
 Reference value :  2.58055e-06
 Reference value :  2.58147e-06
 Reference value :  2.58223e-06
 Reference value :  2.58347e-06
 Reference value :  2.58419e-06
 Reference value :  2.58511e-06
 Reference value :  2.58603e-06
 Reference value :  2.58695e-06
 Reference value :  2.58801e-06
 Reference value :  2.58855e-06
 Reference value :  2.58963e-06
 Reference value :  2.59039e-06
 Reference value :  2.59163e-06
 Reference value :  2.59231e-06
 Reference value :  2.59339e-06
 Reference value :  2.59419e-06
 Reference value :  2.59547e-06
 Reference value :  2.59619e-06
 Reference value :  2.59679e-06
 Reference value :  2.59791e-06
 Reference value :  2.59871e-06
 Reference value :  2.59995e-06
 Reference value :  2.60043e-06
 Reference value :  2.60167e-06
 Reference value :  2.60231e-06
 Reference value :  2.60355e-06
 Reference value :  2.60423e-06
 Reference value :  2.60483e-06
 Reference value :  2.60600e-06
 Reference value :  2.60679e-06
 Reference value :  2.60800e-06
 Reference value :  2.60847e-06
 Reference value :  2.60971e-06
 Reference value :  2.61031e-06
 Reference value :  2.61159e-06
 Reference value :  2.61227e-06
 Reference value :  2.61291e-06
 Reference value :  2.61400e-06
 Reference value :  2.61491e-06
 Reference value :  2.61601e-06
 Reference value :  2.61651e-06
 Reference value :  2.61775e-06
 Reference value :  2.61835e-06
 Reference value :  2.61963e-06
 Reference value :  2.62031e-06
 Reference value :  2.62115e-06
 Reference value :  2.62207e-06
 Reference value :  2.62323e-06
 Reference value :  2.62411e-06
 Reference value :  2.62495e-06
 Reference value :  2.62601e-06
 Reference value :  2.62679e-06
 Reference value :  2.62800e-06
 Reference value :  2.62847e-06
 Reference value :  2.62907e-06
 Reference value :  2.63002e-06
 Reference value :  2.63103e-06
 Reference value :  2.63202e-06
 Reference value :  2.63263e-06
 Reference value :  2.63387e-06
 Reference value :  2.63451e-06
 Reference value :  2.63575e-06
 Reference value :  2.63635e-06
 Reference value :  2.63695e-06
 Reference value :  2.63803e-06
 Reference value :  2.63931e-06
 Reference value :  2.64015e-06
 Reference value :  2.64135e-06
 Reference value :  2.64219e-06
 Reference value :  2.64343e-06
 Reference value :  2.64423e-06
 Reference value :  2.64491e-06
 Reference value :  2.64601e-06
 Reference value :  2.64707e-06
 Reference value :  2.64803e-06
 Reference value :  2.64895e-06
 Reference value :  2.65003e-06
 Reference value :  2.65099e-06
 Reference value :  2.65204e-06
 Reference value :  2.65271e-06
 Reference value :  2.65397e-06
 Reference value :  2.65475e-06
 Reference value :  2.65600e-06
 Reference value :  2.65651e-06
 Reference value :  2.65779e-06
 Reference value :  2.65859e-06
 Reference value :  2.65983e-06
 Reference value :  2.66039e-06
 Reference value :  2.66135e-06
 Reference value :  2.66215e-06
 Reference value :  2.66363e-06
 Reference value :  2.66435e-06
 Reference value :  2.66539e-06
 Reference value :  2.66619e-06
 Reference value :  2.66743e-06
 Reference value :  2.66823e-06
 Reference value :  2.66883e-06
 Reference value :  2.67000e-06
 Reference value :  2.67079e-06
 Reference value :  2.67202e-06
 Reference value :  2.67267e-06
 Reference value :  2.67397e-06
 Reference value :  2.67475e-06
 Reference value :  2.67601e-06
 Reference value :  2.67659e-06
 Reference value :  2.67755e-06
 Reference value :  2.67839e-06
 Reference value :  2.67979e-06
 Reference value :  2.68035e-06
 Reference value :  2.68155e-06
 Reference value :  2.68231e-06
 Reference value :  2.68379e-06
 Reference value :  2.68439e-06
 Reference value :  2.68551e-06
 Reference value :  2.68647e-06
 Reference value :  2.68783e-06
 Reference value :  2.68839e-06
 Reference value :  2.68979e-06
 Reference value :  2.69043e-06
 Reference value :  2.69171e-06
 Reference value :  2.69231e-06
 Reference value :  2.69291e-06
 Reference value :  2.69400e-06
 Reference value :  2.69479e-06
 Reference value :  2.69600e-06
 Reference value :  2.69655e-06
 Reference value :  2.69783e-06
 Reference value :  2.69847e-06
 Reference value :  2.70001e-06
 Reference value :  2.70051e-06
 Reference value :  2.70123e-06
 Reference value :  2.70211e-06
 Reference value :  2.70335e-06
 Reference value :  2.70423e-06
 Reference value :  2.70519e-06
 Reference value :  2.70611e-06
 Reference value :  2.70723e-06
 Reference value :  2.70811e-06
 Reference value :  2.70871e-06
 Reference value :  2.70991e-06
 Reference value :  2.71071e-06
 Reference value :  2.71195e-06
 Reference value :  2.71243e-06
 Reference value :  2.71367e-06
 Reference value :  2.71431e-06
 Reference value :  2.71559e-06
 Reference value :  2.71631e-06
 Reference value :  2.71715e-06
 Reference value :  2.71807e-06
 Reference value :  2.71923e-06
 Reference value :  2.72007e-06
 Reference value :  2.72087e-06
 Reference value :  2.72200e-06
 Reference value :  2.72275e-06
 Reference value :  2.72400e-06
 Reference value :  2.72447e-06
 Reference value :  2.72523e-06
 Reference value :  2.72611e-06
 Reference value :  2.72727e-06
 Reference value :  2.72807e-06
 Reference value :  2.72895e-06
 Reference value :  2.73001e-06
 Reference value :  2.73079e-06
 Reference value :  2.73200e-06
 Reference value :  2.73251e-06
 Reference value :  2.73335e-06
 Reference value :  2.73415e-06
 Reference value :  2.73539e-06
 Reference value :  2.73619e-06
 Reference value :  2.73711e-06
 Reference value :  2.73804e-06
 Reference value :  2.73903e-06
 Reference value :  2.74002e-06
 Reference value :  2.74067e-06
 Reference value :  2.74179e-06
 Reference value :  2.74259e-06
 Reference value :  2.74397e-06
 Reference value :  2.74447e-06
 Reference value :  2.74567e-06
 Reference value :  2.74639e-06
 Reference value :  2.74771e-06
 Reference value :  2.74831e-06
 Reference value :  2.74911e-06
 Reference value :  2.75007e-06
 Reference value :  2.75127e-06
 Reference value :  2.75211e-06
 Reference value :  2.75295e-06
 Reference value :  2.75401e-06
 Reference value :  2.75483e-06
 Reference value :  2.75600e-06
 Reference value :  2.75651e-06
 Reference value :  2.75719e-06
 Reference value :  2.75807e-06
 Reference value :  2.75923e-06
 Reference value :  2.76007e-06
 Reference value :  2.76095e-06
 Reference value :  2.76201e-06
 Reference value :  2.76283e-06
 Reference value :  2.76400e-06
 Reference value :  2.76451e-06
 Reference value :  2.76527e-06
 Reference value :  2.76615e-06
 Reference value :  2.76739e-06
 Reference value :  2.76815e-06
 Reference value :  2.76911e-06
 Reference value :  2.77007e-06
 Reference value :  2.77107e-06
 Reference value :  2.77203e-06
 Reference value :  2.77263e-06
 Reference value :  2.77367e-06
 Reference value :  2.77443e-06
 Reference value :  2.77571e-06
 Reference value :  2.77635e-06
 Reference value :  2.77743e-06
 Reference value :  2.77815e-06
 Reference value :  2.77927e-06
 Reference value :  2.78011e-06
 Reference value :  2.78075e-06
 Reference value :  2.78200e-06
 Reference value :  2.78279e-06
 Reference value :  2.78400e-06
 Reference value :  2.78455e-06
 Reference value :  2.78583e-06
 Reference value :  2.78655e-06
 Reference value :  2.78783e-06
 Reference value :  2.78835e-06
 Reference value :  2.78919e-06
 Reference value :  2.79015e-06
 Reference value :  2.79151e-06
 Reference value :  2.79227e-06
 Reference value :  2.79327e-06
 Reference value :  2.79415e-06
 Reference value :  2.79539e-06
 Reference value :  2.79623e-06
 Reference value :  2.79683e-06
 Reference value :  2.79800e-06
 Reference value :  2.79903e-06
 Reference value :  2.80007e-06
 Reference value :  2.80087e-06
 Reference value :  2.80201e-06
 Reference value :  2.80279e-06
 Reference value :  2.80400e-06
 Reference value :  2.80455e-06
 Reference value :  2.80559e-06
 Reference value :  2.80647e-06
 Reference value :  2.80775e-06
 Reference value :  2.80835e-06
 Reference value :  2.80947e-06
 Reference value :  2.81019e-06
 Reference value :  2.81159e-06
 Reference value :  2.81231e-06
 Reference value :  2.81319e-06
 Reference value :  2.81407e-06
 Reference value :  2.81519e-06
 Reference value :  2.81611e-06
 Reference value :  2.81699e-06
 Reference value :  2.81801e-06
 Reference value :  2.81883e-06
 Reference value :  2.82000e-06
 Reference value :  2.82055e-06
 Reference value :  2.82123e-06
 Reference value :  2.82215e-06
 Reference value :  2.82339e-06
 Reference value :  2.82419e-06
 Reference value :  2.82519e-06
 Reference value :  2.82611e-06
 Reference value :  2.82719e-06
 Reference value :  2.82823e-06
 Reference value :  2.82863e-06
 Reference value :  2.82947e-06
 Reference value :  2.83023e-06
 Reference value :  2.83167e-06
 Reference value :  2.83231e-06
 Reference value :  2.83331e-06
 Reference value :  2.83415e-06
 Reference value :  2.83535e-06
 Reference value :  2.83615e-06
 Reference value :  2.83671e-06
 Reference value :  2.83783e-06
 Reference value :  2.83855e-06
 Reference value :  2.83979e-06
 Reference value :  2.84039e-06
 Reference value :  2.84155e-06
 Reference value :  2.84223e-06
 Reference value :  2.84383e-06
 Reference value :  2.84451e-06
 Reference value :  2.84567e-06
 Reference value :  2.84647e-06
 Reference value :  2.84787e-06
 Reference value :  2.84839e-06
 Reference value :  2.84955e-06
 Reference value :  2.85023e-06
 Reference value :  2.85147e-06
 Reference value :  2.85219e-06
 Reference value :  2.85279e-06
 Reference value :  2.85391e-06
 Reference value :  2.85475e-06
 Reference value :  2.85600e-06
 Reference value :  2.85651e-06
 Reference value :  2.85775e-06
 Reference value :  2.85835e-06
 Reference value :  2.85963e-06
 Reference value :  2.86027e-06
 Reference value :  2.86083e-06
 Reference value :  2.86200e-06
 Reference value :  2.86283e-06
 Reference value :  2.86400e-06
 Reference value :  2.86447e-06
 Reference value :  2.86571e-06
 Reference value :  2.86639e-06
 Reference value :  2.86763e-06
 Reference value :  2.86831e-06
 Reference value :  2.86903e-06
 Reference value :  2.87002e-06
 Reference value :  2.87103e-06
 Reference value :  2.87202e-06
 Reference value :  2.87267e-06
 Reference value :  2.87397e-06
 Reference value :  2.87463e-06
 Reference value :  2.87583e-06
 Reference value :  2.87635e-06
 Reference value :  2.87719e-06
 Reference value :  2.87807e-06
 Reference value :  2.87923e-06
 Reference value :  2.88007e-06
 Reference value :  2.88091e-06
 Reference value :  2.88201e-06
 Reference value :  2.88287e-06
 Reference value :  2.88400e-06
 Reference value :  2.88451e-06
 Reference value :  2.88511e-06
 Reference value :  2.88607e-06
 Reference value :  2.88719e-06
 Reference value :  2.88807e-06
 Reference value :  2.88883e-06
 Reference value :  2.89000e-06
 Reference value :  2.89067e-06
 Reference value :  2.89191e-06
 Reference value :  2.89239e-06
 Reference value :  2.89307e-06
 Reference value :  2.89402e-06
 Reference value :  2.89507e-06
 Reference value :  2.89603e-06
 Reference value :  2.89675e-06
 Reference value :  2.89797e-06
 Reference value :  2.89863e-06
 Reference value :  2.89987e-06
 Reference value :  2.90035e-06
 Reference value :  2.90111e-06
 Reference value :  2.90203e-06
 Reference value :  2.90315e-06
 Reference value :  2.90404e-06
 Reference value :  2.90483e-06
 Reference value :  2.90600e-06
 Reference value :  2.90667e-06
 Reference value :  2.90791e-06
 Reference value :  2.90851e-06
 Reference value :  2.90959e-06
 Reference value :  2.91035e-06
 Reference value :  2.91159e-06
 Reference value :  2.91227e-06
 Reference value :  2.91323e-06
 Reference value :  2.91411e-06
 Reference value :  2.91515e-06
 Reference value :  2.91603e-06
 Reference value :  2.91667e-06
 Reference value :  2.91767e-06
 Reference value :  2.91843e-06
 Reference value :  2.91971e-06
 Reference value :  2.92035e-06
 Reference value :  2.92139e-06
 Reference value :  2.92215e-06
 Reference value :  2.92327e-06
 Reference value :  2.92411e-06
 Reference value :  2.92463e-06
 Reference value :  2.92571e-06
 Reference value :  2.92659e-06
 Reference value :  2.92783e-06
 Reference value :  2.92839e-06
 Reference value :  2.92959e-06
 Reference value :  2.93023e-06
 Reference value :  2.93147e-06
 Reference value :  2.93223e-06
 Reference value :  2.93287e-06
 Reference value :  2.93400e-06
 Reference value :  2.93491e-06
 Reference value :  2.93601e-06
 Reference value :  2.93659e-06
 Reference value :  2.93783e-06
 Reference value :  2.93843e-06
 Reference value :  2.93975e-06
 Reference value :  2.94035e-06
 Reference value :  2.94131e-06
 Reference value :  2.94211e-06
 Reference value :  2.94327e-06
 Reference value :  2.94411e-06
 Reference value :  2.94499e-06
 Reference value :  2.94601e-06
 Reference value :  2.94683e-06
 Reference value :  2.94800e-06
 Reference value :  2.94851e-06
 Reference value :  2.94907e-06
 Reference value :  2.95002e-06
 Reference value :  2.95107e-06
 Reference value :  2.95207e-06
 Reference value :  2.95291e-06
 Reference value :  2.95401e-06
 Reference value :  2.95483e-06
 Reference value :  2.95601e-06
 Reference value :  2.95651e-06
 Reference value :  2.95719e-06
 Reference value :  2.95807e-06
 Reference value :  2.95919e-06
 Reference value :  2.96004e-06
 Reference value :  2.96091e-06
 Reference value :  2.96201e-06
 Reference value :  2.96279e-06
 Reference value :  2.96401e-06
 Reference value :  2.96455e-06
 Reference value :  2.96555e-06
 Reference value :  2.96631e-06
 Reference value :  2.96759e-06
 Reference value :  2.96831e-06
 Reference value :  2.96931e-06
 Reference value :  2.97011e-06
 Reference value :  2.97119e-06
 Reference value :  2.97207e-06
 Reference value :  2.97267e-06
 Reference value :  2.97387e-06
 Reference value :  2.97463e-06
 Reference value :  2.97587e-06
 Reference value :  2.97639e-06
 Reference value :  2.97755e-06
 Reference value :  2.97819e-06
 Reference value :  2.97939e-06
 Reference value :  2.98015e-06
 Reference value :  2.98075e-06
 Reference value :  2.98183e-06
 Reference value :  2.98259e-06
 Reference value :  2.98383e-06
 Reference value :  2.98439e-06
 Reference value :  2.98551e-06
 Reference value :  2.98619e-06
 Reference value :  2.98739e-06
 Reference value :  2.98815e-06
 Reference value :  2.98867e-06
 Reference value :  2.98979e-06
 Reference value :  2.99055e-06
 Reference value :  2.99187e-06
 Reference value :  2.99239e-06
 Reference value :  2.99363e-06
 Reference value :  2.99423e-06
 Reference value :  2.99543e-06
 Reference value :  2.99619e-06
 Reference value :  2.99683e-06
 Reference value :  2.99800e-06
 Reference value :  2.99887e-06
 Reference value :  3.00001e-06
 Reference value :  3.00055e-06
 Reference value :  3.00179e-06
 Reference value :  3.00239e-06
 Reference value :  3.00363e-06
 Reference value :  3.00431e-06
 Reference value :  3.00507e-06
 Reference value :  3.00602e-06
 Reference value :  3.00707e-06
 Reference value :  3.00802e-06
 Reference value :  3.00871e-06
 Reference value :  3.00995e-06
 Reference value :  3.01059e-06
 Reference value :  3.01183e-06
 Reference value :  3.01235e-06
 Reference value :  3.01299e-06
 Reference value :  3.01401e-06
 Reference value :  3.01507e-06
 Reference value :  3.01602e-06
 Reference value :  3.01671e-06
 Reference value :  3.01791e-06
 Reference value :  3.01855e-06
 Reference value :  3.01987e-06
 Reference value :  3.02039e-06
 Reference value :  3.02103e-06
 Reference value :  3.02202e-06
 Reference value :  3.02303e-06
 Reference value :  3.02402e-06
 Reference value :  3.02463e-06
 Reference value :  3.02587e-06
 Reference value :  3.02651e-06
 Reference value :  3.02771e-06
 Reference value :  3.02831e-06
 Reference value :  3.02903e-06
 Reference value :  3.03001e-06
 Reference value :  3.03099e-06
 Reference value :  3.03202e-06
 Reference value :  3.03267e-06
 Reference value :  3.03400e-06
 Reference value :  3.03471e-06
 Reference value :  3.03595e-06
 Reference value :  3.03643e-06
 Reference value :  3.03739e-06
 Reference value :  3.03815e-06
 Reference value :  3.03943e-06
 Reference value :  3.04019e-06
 Reference value :  3.04111e-06
 Reference value :  3.04204e-06
 Reference value :  3.04303e-06
 Reference value :  3.04404e-06
 Reference value :  3.04471e-06
 Reference value :  3.04575e-06
 Reference value :  3.04655e-06
 Reference value :  3.04787e-06
 Reference value :  3.04839e-06
 Reference value :  3.04963e-06
 Reference value :  3.05027e-06
 Reference value :  3.05151e-06
 Reference value :  3.05223e-06
 Reference value :  3.05275e-06
 Reference value :  3.05391e-06
 Reference value :  3.05467e-06
 Reference value :  3.05591e-06
 Reference value :  3.05639e-06
 Reference value :  3.05755e-06
 Reference value :  3.05819e-06
 Reference value :  3.05939e-06
 Reference value :  3.06015e-06
 Reference value :  3.06071e-06
 Reference value :  3.06187e-06
 Reference value :  3.06263e-06
 Reference value :  3.06383e-06
 Reference value :  3.06439e-06
 Reference value :  3.06563e-06
 Reference value :  3.06631e-06
 Reference value :  3.06763e-06
 Reference value :  3.06835e-06
 Reference value :  3.06939e-06
 Reference value :  3.07019e-06
 Reference value :  3.07147e-06
 Reference value :  3.07223e-06
 Reference value :  3.07319e-06
 Reference value :  3.07411e-06
 Reference value :  3.07527e-06
 Reference value :  3.07615e-06
 Reference value :  3.07671e-06
 Reference value :  3.07751e-06
 Reference value :  3.07823e-06
 Reference value :  3.07947e-06
 Reference value :  3.08019e-06
 Reference value :  3.08115e-06
 Reference value :  3.08207e-06
 Reference value :  3.08307e-06
 Reference value :  3.08402e-06
 Reference value :  3.08451e-06
 Reference value :  3.08503e-06
 Reference value :  3.08602e-06
 Reference value :  3.08703e-06
 Reference value :  3.08803e-06
 Reference value :  3.08959e-06
 Reference value :  3.09099e-06
 Reference value :  3.09202e-06
 Reference value :  3.09255e-06
 Reference value :  3.09343e-06
 Reference value :  3.09419e-06
 Reference value :  3.09551e-06
 Reference value :  3.09623e-06
 Reference value :  3.09723e-06
 Reference value :  3.09811e-06
 Reference value :  3.09919e-06
 Reference value :  3.10007e-06
 Reference value :  3.10067e-06
 Reference value :  3.10195e-06
 Reference value :  3.10275e-06
 Reference value :  3.10400e-06
 Reference value :  3.10447e-06
 Reference value :  3.10571e-06
 Reference value :  3.10631e-06
 Reference value :  3.10755e-06
 Reference value :  3.10823e-06
 Reference value :  3.10883e-06
 Reference value :  3.10997e-06
 Reference value :  3.11075e-06
 Reference value :  3.11197e-06
 Reference value :  3.11243e-06
 Reference value :  3.11367e-06
 Reference value :  3.11431e-06
 Reference value :  3.11551e-06
 Reference value :  3.11623e-06
 Reference value :  3.11679e-06
 Reference value :  3.11797e-06
 Reference value :  3.11875e-06
 Reference value :  3.11997e-06
 Reference value :  3.12043e-06
 Reference value :  3.12167e-06
 Reference value :  3.12227e-06
 Reference value :  3.12355e-06
 Reference value :  3.12423e-06
 Reference value :  3.12483e-06
 Reference value :  3.12600e-06
 Reference value :  3.12687e-06
 Reference value :  3.12801e-06
 Reference value :  3.12859e-06
 Reference value :  3.12987e-06
 Reference value :  3.13047e-06
 Reference value :  3.13171e-06
 Reference value :  3.13231e-06
 Reference value :  3.13311e-06
 Reference value :  3.13403e-06
 Reference value :  3.13511e-06
 Reference value :  3.13603e-06
 Reference value :  3.13675e-06
 Reference value :  3.13800e-06
 Reference value :  3.13871e-06
 Reference value :  3.13997e-06
 Reference value :  3.14043e-06
 Reference value :  3.14103e-06
 Reference value :  3.14202e-06
 Reference value :  3.14311e-06
 Reference value :  3.14404e-06
 Reference value :  3.14479e-06
 Reference value :  3.14601e-06
 Reference value :  3.14683e-06
 Reference value :  3.14800e-06
 Reference value :  3.14847e-06
 Reference value :  3.14919e-06
 Reference value :  3.15004e-06
 Reference value :  3.15115e-06
 Reference value :  3.15204e-06
 Reference value :  3.15287e-06
 Reference value :  3.15400e-06
 Reference value :  3.15467e-06
 Reference value :  3.15595e-06
 Reference value :  3.15647e-06
 Reference value :  3.15727e-06
 Reference value :  3.15811e-06
 Reference value :  3.15931e-06
 Reference value :  3.16011e-06
 Reference value :  3.16095e-06
 Reference value :  3.16201e-06
 Reference value :  3.16283e-06
 Reference value :  3.16400e-06
 Reference value :  3.16447e-06
 Reference value :  3.16543e-06
 Reference value :  3.16619e-06
 Reference value :  3.16743e-06
 Reference value :  3.16819e-06
 Reference value :  3.16911e-06
 Reference value :  3.17003e-06
 Reference value :  3.17095e-06
 Reference value :  3.17211e-06
 Reference value :  3.17279e-06
 Reference value :  3.17391e-06
 Reference value :  3.17463e-06
 Reference value :  3.17587e-06
 Reference value :  3.17639e-06
 Reference value :  3.17755e-06
 Reference value :  3.17819e-06
 Reference value :  3.17939e-06
 Reference value :  3.18015e-06
 Reference value :  3.18067e-06
 Reference value :  3.18183e-06
 Reference value :  3.18267e-06
 Reference value :  3.18391e-06
 Reference value :  3.18439e-06
 Reference value :  3.18555e-06
 Reference value :  3.18623e-06
 Reference value :  3.18747e-06
 Reference value :  3.18819e-06
 Reference value :  3.18879e-06
 Reference value :  3.18997e-06
 Reference value :  3.19079e-06
 Reference value :  3.19200e-06
 Reference value :  3.19247e-06
 Reference value :  3.19375e-06
 Reference value :  3.19435e-06
 Reference value :  3.19559e-06
 Reference value :  3.19623e-06
 Reference value :  3.19707e-06
 Reference value :  3.19802e-06
 Reference value :  3.19911e-06
No. of Data Rows : 94280
sim/harness: analysis complete
Note: Simulation executed from .control section 
Note: Starting dynamic gmin stepping
Note: Dynamic gmin stepping completed
