
Note: Compatibility modes selected: hs a


Circuit: ** sch_path: /users/rwalters/github/sky130-pll/.loom/worktrees/issue-130/sim/divider-n64/testbench/tb_divider_n64.sch

option SCALE: Scale is set to 1e-06 for instance and model parameters
option SCALE: Scale is set to 1e-06 for instance and model parameters
option SCALE: Scale is set to 1e-06 for instance and model parameters
option SCALE: Scale is set to 1e-06 for instance and model parameters
Doing analysis at TEMP = -40.000000 and TNOM = 27.000000

Using KLU as Direct Linear Solver
 Reference value :  0.00000e+00
 Reference value :  5.82900e-10
 Reference value :  1.86290e-09
 Reference value :  2.58762e-09
 Reference value :  3.82762e-09
 Reference value :  4.50708e-09
 Reference value :  5.58000e-09
 Reference value :  6.22762e-09
 Reference value :  7.46762e-09
 Reference value :  8.18687e-09
 Reference value :  9.06687e-09
 Reference value :  1.00396e-08
 Reference value :  1.11876e-08
 Reference value :  1.20396e-08
 Reference value :  1.26269e-08
 Reference value :  1.34269e-08
 Reference value :  1.41476e-08
 Reference value :  1.53076e-08
 Reference value :  1.61069e-08
 Reference value :  1.68669e-08
 Reference value :  1.80038e-08
 Reference value :  1.87476e-08
 Reference value :  1.99738e-08
 Reference value :  2.04269e-08
 Reference value :  2.10269e-08
 Reference value :  2.20151e-08
 Reference value :  2.28276e-08
 Reference value :  2.40038e-08
 Reference value :  2.45069e-08
 Reference value :  2.57069e-08
 Reference value :  2.63476e-08
 Reference value :  2.75876e-08
 Reference value :  2.82269e-08
 Reference value :  2.88269e-08
 Reference value :  2.99069e-08
 Reference value :  3.04676e-08
 Reference value :  3.17076e-08
 Reference value :  3.23469e-08
 Reference value :  3.33869e-08
 Reference value :  3.41876e-08
 Reference value :  3.53476e-08
 Reference value :  3.61069e-08
 Reference value :  3.67869e-08
 Reference value :  3.76269e-08
 Reference value :  3.81876e-08
 Reference value :  3.95076e-08
 Reference value :  4.02669e-08
 Reference value :  4.11469e-08
 Reference value :  4.20676e-08
 Reference value :  4.30676e-08
 Reference value :  4.40186e-08
 Reference value :  4.46269e-08
 Reference value :  4.55069e-08
 Reference value :  4.62276e-08
 Reference value :  4.75876e-08
 Reference value :  4.83069e-08
 Reference value :  4.93069e-08
 Reference value :  5.01076e-08
 Reference value :  5.11476e-08
 Reference value :  5.20396e-08
 Reference value :  5.26669e-08
 Reference value :  5.34269e-08
 Reference value :  5.41476e-08
 Reference value :  5.52676e-08
 Reference value :  5.61069e-08
 Reference value :  5.67869e-08
 Reference value :  5.80000e-08
 Reference value :  5.87076e-08
 Reference value :  5.99476e-08
 Reference value :  6.03869e-08
 Reference value :  6.09869e-08
 Reference value :  6.20134e-08
 Reference value :  6.27876e-08
 Reference value :  6.40000e-08
 Reference value :  6.45069e-08
 Reference value :  6.57069e-08
 Reference value :  6.63876e-08
 Reference value :  6.76276e-08
 Reference value :  6.82669e-08
 Reference value :  6.88669e-08
 Reference value :  6.96269e-08
 Reference value :  7.01876e-08
 Reference value :  7.13876e-08
 Reference value :  7.21459e-08
 Reference value :  7.28259e-08
 Reference value :  7.40013e-08
 Reference value :  7.47876e-08
 Reference value :  7.60013e-08
 Reference value :  7.64669e-08
 Reference value :  7.71069e-08
 Reference value :  7.80256e-08
 Reference value :  7.89076e-08
 Reference value :  8.00125e-08
 Reference value :  8.05469e-08
 Reference value :  8.17869e-08
 Reference value :  8.24676e-08
 Reference value :  8.37076e-08
 Reference value :  8.43459e-08
 Reference value :  8.49859e-08
 Reference value :  8.60038e-08
 Reference value :  8.66676e-08
 Reference value :  8.79738e-08
 Reference value :  8.84669e-08
 Reference value :  8.95469e-08
 Reference value :  9.02276e-08
 Reference value :  9.15876e-08
 Reference value :  9.22269e-08
 Reference value :  9.28669e-08
 Reference value :  9.40038e-08
 Reference value :  9.47076e-08
 Reference value :  9.59476e-08
 Reference value :  9.64669e-08
 Reference value :  9.75469e-08
 Reference value :  9.82276e-08
 Reference value :  9.94276e-08
 Reference value :  1.00107e-07
 Reference value :  1.00787e-07
 Reference value :  1.01547e-07
 Reference value :  1.02188e-07
 Reference value :  1.03388e-07
 Reference value :  1.04147e-07
 Reference value :  1.04867e-07
 Reference value :  1.06004e-07
 Reference value :  1.06708e-07
 Reference value :  1.07908e-07
 Reference value :  1.08387e-07
 Reference value :  1.08907e-07
 Reference value :  1.10004e-07
 Reference value :  1.10628e-07
 Reference value :  1.11908e-07
 Reference value :  1.12466e-07
 Reference value :  1.13626e-07
 Reference value :  1.14308e-07
 Reference value :  1.15548e-07
 Reference value :  1.16187e-07
 Reference value :  1.16827e-07
 Reference value :  1.17867e-07
 Reference value :  1.18428e-07
 Reference value :  1.19668e-07
 Reference value :  1.20307e-07
 Reference value :  1.21107e-07
 Reference value :  1.22040e-07
 Reference value :  1.23028e-07
 Reference value :  1.24019e-07
 Reference value :  1.24587e-07
 Reference value :  1.25347e-07
 Reference value :  1.26148e-07
 Reference value :  1.27268e-07
 Reference value :  1.28107e-07
 Reference value :  1.28907e-07
 Reference value :  1.30008e-07
 Reference value :  1.30748e-07
 Reference value :  1.31974e-07
 Reference value :  1.32427e-07
 Reference value :  1.33027e-07
 Reference value :  1.34004e-07
 Reference value :  1.34668e-07
 Reference value :  1.35908e-07
 Reference value :  1.36427e-07
 Reference value :  1.37467e-07
 Reference value :  1.38188e-07
 Reference value :  1.39308e-07
 Reference value :  1.40107e-07
 Reference value :  1.40707e-07
 Reference value :  1.41667e-07
 Reference value :  1.42268e-07
 Reference value :  1.43468e-07
 Reference value :  1.44187e-07
 Reference value :  1.45027e-07
 Reference value :  1.46015e-07
 Reference value :  1.46868e-07
 Reference value :  1.48004e-07
 Reference value :  1.48467e-07
 Reference value :  1.49067e-07
 Reference value :  1.50019e-07
 Reference value :  1.50908e-07
 Reference value :  1.52008e-07
 Reference value :  1.52507e-07
 Reference value :  1.53747e-07
 Reference value :  1.54348e-07
 Reference value :  1.55588e-07
 Reference value :  1.56227e-07
 Reference value :  1.56827e-07
 Reference value :  1.57907e-07
 Reference value :  1.58508e-07
 Reference value :  1.59788e-07
 Reference value :  1.60387e-07
 Reference value :  1.61427e-07
 Reference value :  1.62108e-07
 Reference value :  1.63668e-07
 Reference value :  1.64587e-07
 Reference value :  1.65827e-07
 Reference value :  1.67268e-07
 Reference value :  1.68347e-07
 Reference value :  1.69707e-07
 Reference value :  1.70668e-07
 Reference value :  1.72013e-07
 Reference value :  1.72827e-07
 Reference value :  1.74068e-07
 Reference value :  1.76000e-07
 Reference value :  1.76947e-07
 Reference value :  1.78148e-07
 Reference value :  1.79268e-07
 Reference value :  1.80067e-07
 Reference value :  1.80747e-07
 Reference value :  1.81587e-07
 Reference value :  1.82188e-07
 Reference value :  1.83388e-07
 Reference value :  1.84187e-07
 Reference value :  1.84907e-07
 Reference value :  1.86008e-07
 Reference value :  1.86788e-07
 Reference value :  1.87908e-07
 Reference value :  1.88387e-07
 Reference value :  1.89067e-07
 Reference value :  1.90019e-07
 Reference value :  1.90868e-07
 Reference value :  1.92013e-07
 Reference value :  1.92547e-07
 Reference value :  1.93747e-07
 Reference value :  1.94388e-07
 Reference value :  1.95628e-07
 Reference value :  1.96267e-07
 Reference value :  1.96867e-07
 Reference value :  1.97627e-07
 Reference value :  1.98188e-07
 Reference value :  1.99228e-07
 Reference value :  2.00040e-07
 Reference value :  2.00747e-07
 Reference value :  2.02000e-07
 Reference value :  2.02668e-07
 Reference value :  2.03908e-07
 Reference value :  2.04347e-07
 Reference value :  2.04867e-07
 Reference value :  2.05867e-07
 Reference value :  2.06308e-07
 Reference value :  2.07348e-07
 Reference value :  2.08040e-07
 Reference value :  2.08587e-07
 Reference value :  2.09627e-07
 Reference value :  2.10188e-07
 Reference value :  2.11188e-07
 Reference value :  2.12026e-07
 Reference value :  2.12507e-07
 Reference value :  2.13107e-07
 Reference value :  2.14068e-07
 Reference value :  2.15028e-07
 Reference value :  2.16015e-07
 Reference value :  2.16547e-07
 Reference value :  2.17667e-07
 Reference value :  2.18228e-07
 Reference value :  2.19268e-07
 Reference value :  2.20026e-07
 Reference value :  2.20507e-07
 Reference value :  2.21027e-07
 Reference value :  2.22001e-07
 Reference value :  2.22428e-07
 Reference value :  2.23468e-07
 Reference value :  2.24107e-07
 Reference value :  2.24747e-07
 Reference value :  2.25787e-07
 Reference value :  2.26268e-07
 Reference value :  2.27308e-07
 Reference value :  2.28026e-07
 Reference value :  2.28507e-07
 Reference value :  2.29067e-07
 Reference value :  2.30004e-07
 Reference value :  2.30508e-07
 Reference value :  2.31588e-07
 Reference value :  2.32187e-07
 Reference value :  2.32747e-07
 Reference value :  2.33827e-07
 Reference value :  2.34308e-07
 Reference value :  2.35348e-07
 Reference value :  2.36040e-07
 Reference value :  2.36547e-07
 Reference value :  2.37067e-07
 Reference value :  2.38013e-07
 Reference value :  2.38548e-07
 Reference value :  2.39588e-07
 Reference value :  2.40187e-07
 Reference value :  2.40827e-07
 Reference value :  2.41907e-07
 Reference value :  2.42308e-07
 Reference value :  2.43388e-07
 Reference value :  2.44067e-07
 Reference value :  2.44627e-07
 Reference value :  2.45147e-07
 Reference value :  2.46013e-07
 Reference value :  2.46548e-07
 Reference value :  2.47628e-07
 Reference value :  2.48186e-07
 Reference value :  2.48746e-07
 Reference value :  2.49786e-07
 Reference value :  2.50268e-07
 Reference value :  2.51388e-07
 Reference value :  2.52066e-07
 Reference value :  2.52626e-07
 Reference value :  2.53306e-07
 Reference value :  2.54026e-07
 Reference value :  2.54708e-07
 Reference value :  2.55748e-07
 Reference value :  2.56267e-07
 Reference value :  2.56947e-07
 Reference value :  2.57973e-07
 Reference value :  2.58468e-07
 Reference value :  2.59508e-07
 Reference value :  2.60107e-07
 Reference value :  2.60667e-07
 Reference value :  2.61107e-07
 Reference value :  2.62000e-07
 Reference value :  2.62388e-07
 Reference value :  2.63468e-07
 Reference value :  2.64106e-07
 Reference value :  2.64586e-07
 Reference value :  2.65626e-07
 Reference value :  2.66188e-07
 Reference value :  2.67348e-07
 Reference value :  2.68107e-07
 Reference value :  2.68707e-07
 Reference value :  2.69667e-07
 Reference value :  2.70268e-07
 Reference value :  2.71548e-07
 Reference value :  2.72267e-07
 Reference value :  2.73267e-07
 Reference value :  2.74148e-07
 Reference value :  2.75268e-07
 Reference value :  2.76106e-07
 Reference value :  2.76786e-07
 Reference value :  2.77706e-07
 Reference value :  2.78308e-07
 Reference value :  2.79588e-07
 Reference value :  2.80307e-07
 Reference value :  2.81147e-07
 Reference value :  2.82068e-07
 Reference value :  2.83148e-07
 Reference value :  2.84040e-07
 Reference value :  2.84667e-07
 Reference value :  2.85587e-07
 Reference value :  2.86228e-07
 Reference value :  2.87468e-07
 Reference value :  2.88226e-07
 Reference value :  2.89146e-07
 Reference value :  2.90040e-07
 Reference value :  2.91068e-07
 Reference value :  2.92040e-07
 Reference value :  2.92787e-07
 Reference value :  2.93587e-07
 Reference value :  2.94228e-07
 Reference value :  2.95388e-07
 Reference value :  2.96040e-07
 Reference value :  2.96547e-07
 Reference value :  2.97667e-07
 Reference value :  2.98228e-07
 Reference value :  2.99268e-07
 Reference value :  3.00025e-07
 Reference value :  3.00506e-07
 Reference value :  3.00986e-07
 Reference value :  3.02000e-07
 Reference value :  3.02388e-07
 Reference value :  3.03468e-07
 Reference value :  3.04107e-07
 Reference value :  3.04707e-07
 Reference value :  3.05827e-07
 Reference value :  3.06268e-07
 Reference value :  3.07348e-07
 Reference value :  3.08026e-07
 Reference value :  3.08507e-07
 Reference value :  3.09267e-07
 Reference value :  3.10108e-07
 Reference value :  3.10868e-07
 Reference value :  3.11948e-07
 Reference value :  3.12346e-07
 Reference value :  3.13026e-07
 Reference value :  3.14004e-07
 Reference value :  3.14668e-07
 Reference value :  3.15868e-07
 Reference value :  3.16267e-07
 Reference value :  3.16747e-07
 Reference value :  3.17547e-07
 Reference value :  3.18148e-07
 Reference value :  3.19068e-07
 Reference value :  3.20004e-07
 Reference value :  3.20467e-07
 Reference value :  3.21387e-07
 Reference value :  3.22068e-07
 Reference value :  3.22908e-07
 Reference value :  3.23974e-07
 Reference value :  3.24386e-07
 Reference value :  3.24906e-07
 Reference value :  3.25506e-07
 Reference value :  3.26148e-07
 Reference value :  3.27068e-07
 Reference value :  3.28004e-07
 Reference value :  3.28427e-07
 Reference value :  3.29187e-07
 Reference value :  3.30013e-07
 Reference value :  3.30628e-07
 Reference value :  3.31668e-07
 Reference value :  3.32147e-07
 Reference value :  3.32747e-07
 Reference value :  3.33747e-07
 Reference value :  3.34348e-07
 Reference value :  3.35588e-07
 Reference value :  3.36186e-07
 Reference value :  3.36786e-07
 Reference value :  3.37826e-07
 Reference value :  3.38268e-07
 Reference value :  3.39308e-07
 Reference value :  3.40026e-07
 Reference value :  3.40507e-07
 Reference value :  3.41027e-07
 Reference value :  3.42004e-07
 Reference value :  3.42508e-07
 Reference value :  3.43588e-07
 Reference value :  3.44147e-07
 Reference value :  3.44667e-07
 Reference value :  3.45747e-07
 Reference value :  3.46228e-07
 Reference value :  3.47308e-07
 Reference value :  3.48039e-07
 Reference value :  3.48546e-07
 Reference value :  3.49226e-07
 Reference value :  3.50015e-07
 Reference value :  3.50628e-07
 Reference value :  3.51708e-07
 Reference value :  3.52227e-07
 Reference value :  3.52907e-07
 Reference value :  3.53947e-07
 Reference value :  3.54348e-07
 Reference value :  3.55388e-07
 Reference value :  3.56067e-07
 Reference value :  3.56587e-07
 Reference value :  3.57067e-07
 Reference value :  3.57973e-07
 Reference value :  3.58348e-07
 Reference value :  3.59388e-07
 Reference value :  3.60067e-07
 Reference value :  3.60547e-07
 Reference value :  3.61587e-07
 Reference value :  3.62188e-07
 Reference value :  3.63148e-07
 Reference value :  3.64008e-07
 Reference value :  3.64467e-07
 Reference value :  3.64907e-07
 Reference value :  3.65907e-07
 Reference value :  3.66268e-07
 Reference value :  3.67308e-07
 Reference value :  3.68040e-07
 Reference value :  3.68747e-07
 Reference value :  3.69787e-07
 Reference value :  3.70228e-07
 Reference value :  3.71268e-07
 Reference value :  3.72019e-07
 Reference value :  3.72467e-07
 Reference value :  3.72987e-07
 Reference value :  3.73907e-07
 Reference value :  3.74268e-07
 Reference value :  3.75268e-07
 Reference value :  3.76019e-07
 Reference value :  3.76507e-07
 Reference value :  3.77507e-07
 Reference value :  3.78108e-07
 Reference value :  3.78948e-07
 Reference value :  3.79974e-07
 Reference value :  3.80347e-07
 Reference value :  3.80827e-07
 Reference value :  3.81827e-07
 Reference value :  3.82468e-07
 Reference value :  3.83788e-07
 Reference value :  3.84387e-07
 Reference value :  3.85467e-07
 Reference value :  3.86228e-07
 Reference value :  3.87468e-07
 Reference value :  3.88147e-07
 Reference value :  3.88827e-07
 Reference value :  3.89427e-07
 Reference value :  3.90148e-07
 Reference value :  3.91308e-07
 Reference value :  3.92107e-07
 Reference value :  3.92787e-07
 Reference value :  3.94000e-07
 Reference value :  3.94628e-07
 Reference value :  3.95908e-07
 Reference value :  3.96387e-07
 Reference value :  3.96947e-07
 Reference value :  3.98015e-07
 Reference value :  3.98828e-07
 Reference value :  4.00004e-07
 Reference value :  4.00506e-07
 Reference value :  4.01746e-07
 Reference value :  4.02388e-07
 Reference value :  4.03668e-07
 Reference value :  4.04267e-07
 Reference value :  4.04947e-07
 Reference value :  4.05973e-07
 Reference value :  4.06548e-07
 Reference value :  4.07788e-07
 Reference value :  4.08387e-07
 Reference value :  4.09307e-07
 Reference value :  4.10148e-07
 Reference value :  4.11268e-07
 Reference value :  4.12146e-07
 Reference value :  4.12746e-07
 Reference value :  4.13826e-07
 Reference value :  4.14428e-07
 Reference value :  4.15708e-07
 Reference value :  4.16347e-07
 Reference value :  4.17347e-07
 Reference value :  4.18188e-07
 Reference value :  4.19348e-07
 Reference value :  4.20107e-07
 Reference value :  4.20827e-07
 Reference value :  4.21747e-07
 Reference value :  4.22348e-07
 Reference value :  4.23828e-07
 Reference value :  4.24466e-07
 Reference value :  4.25586e-07
 Reference value :  4.26268e-07
 Reference value :  4.27548e-07
 Reference value :  4.28187e-07
 Reference value :  4.28787e-07
 Reference value :  4.29827e-07
 Reference value :  4.30428e-07
 Reference value :  4.31668e-07
 Reference value :  4.32347e-07
 Reference value :  4.33347e-07
 Reference value :  4.34188e-07
 Reference value :  4.35348e-07
 Reference value :  4.36146e-07
 Reference value :  4.36826e-07
 Reference value :  4.37826e-07
 Reference value :  4.38388e-07
 Reference value :  4.39668e-07
 Reference value :  4.40347e-07
 Reference value :  4.41267e-07
 Reference value :  4.42108e-07
 Reference value :  4.43228e-07
 Reference value :  4.44067e-07
 Reference value :  4.44707e-07
 Reference value :  4.45747e-07
 Reference value :  4.46348e-07
 Reference value :  4.47668e-07
 Reference value :  4.48346e-07
 Reference value :  4.49346e-07
 Reference value :  4.50148e-07
 Reference value :  4.51268e-07
 Reference value :  4.52067e-07
 Reference value :  4.52747e-07
 Reference value :  4.53227e-07
 Reference value :  4.54068e-07
 Reference value :  4.55068e-07
 Reference value :  4.56019e-07
 Reference value :  4.56667e-07
 Reference value :  4.57907e-07
 Reference value :  4.58628e-07
 Reference value :  4.59828e-07
 Reference value :  4.60266e-07
 Reference value :  4.60746e-07
 Reference value :  4.61546e-07
 Reference value :  4.62148e-07
 Reference value :  4.63068e-07
 Reference value :  4.64004e-07
 Reference value :  4.64467e-07
 Reference value :  4.65347e-07
 Reference value :  4.66040e-07
 Reference value :  4.66828e-07
 Reference value :  4.67868e-07
 Reference value :  4.68267e-07
 Reference value :  4.68827e-07
 Reference value :  4.69627e-07
 Reference value :  4.70148e-07
 Reference value :  4.71068e-07
 Reference value :  4.72008e-07
 Reference value :  4.72426e-07
 Reference value :  4.73266e-07
 Reference value :  4.74019e-07
 Reference value :  4.74708e-07
 Reference value :  4.75788e-07
 Reference value :  4.76227e-07
 Reference value :  4.76707e-07
 Reference value :  4.77507e-07
 Reference value :  4.78148e-07
 Reference value :  4.79068e-07
 Reference value :  4.80004e-07
 Reference value :  4.80467e-07
 Reference value :  4.81387e-07
 Reference value :  4.82068e-07
 Reference value :  4.82908e-07
 Reference value :  4.83948e-07
 Reference value :  4.84307e-07
 Reference value :  4.84827e-07
 Reference value :  4.85467e-07
 Reference value :  4.86108e-07
 Reference value :  4.86868e-07
 Reference value :  4.87868e-07
 Reference value :  4.88307e-07
 Reference value :  4.88947e-07
 Reference value :  4.89973e-07
 Reference value :  4.90428e-07
 Reference value :  4.91468e-07
 Reference value :  4.92067e-07
 Reference value :  4.92587e-07
 Reference value :  4.93067e-07
 Reference value :  4.94001e-07
 Reference value :  4.94428e-07
 Reference value :  4.95508e-07
 Reference value :  4.96146e-07
 Reference value :  4.96746e-07
 Reference value :  4.97786e-07
 Reference value :  4.98268e-07
 Reference value :  4.99268e-07
 Reference value :  5.00025e-07
 Reference value :  5.00506e-07
 Reference value :  5.01026e-07
 Reference value :  5.02004e-07
 Reference value :  5.02508e-07
 Reference value :  5.03588e-07
 Reference value :  5.04147e-07
 Reference value :  5.04667e-07
 Reference value :  5.05707e-07
 Reference value :  5.06228e-07
 Reference value :  5.07228e-07
 Reference value :  5.08015e-07
 Reference value :  5.08467e-07
 Reference value :  5.08987e-07
 Reference value :  5.10000e-07
 Reference value :  5.10388e-07
 Reference value :  5.11388e-07
 Reference value :  5.12067e-07
 Reference value :  5.12707e-07
 Reference value :  5.13947e-07
 Reference value :  5.14468e-07
 Reference value :  5.15508e-07
 Reference value :  5.16107e-07
 Reference value :  5.16667e-07
 Reference value :  5.17107e-07
 Reference value :  5.17973e-07
 Reference value :  5.18388e-07
 Reference value :  5.19388e-07
 Reference value :  5.20040e-07
 Reference value :  5.20587e-07
 Reference value :  5.21627e-07
 Reference value :  5.22188e-07
 Reference value :  5.23148e-07
 Reference value :  5.24013e-07
 Reference value :  5.24427e-07
 Reference value :  5.24867e-07
 Reference value :  5.25787e-07
 Reference value :  5.26188e-07
 Reference value :  5.27148e-07
 Reference value :  5.28025e-07
 Reference value :  5.28666e-07
 Reference value :  5.29786e-07
 Reference value :  5.30228e-07
 Reference value :  5.31228e-07
 Reference value :  5.32019e-07
 Reference value :  5.32467e-07
 Reference value :  5.32987e-07
 Reference value :  5.33867e-07
 Reference value :  5.34268e-07
 Reference value :  5.35308e-07
 Reference value :  5.36026e-07
 Reference value :  5.36507e-07
 Reference value :  5.37507e-07
 Reference value :  5.38108e-07
 Reference value :  5.38988e-07
 Reference value :  5.40000e-07
 Reference value :  5.40387e-07
 Reference value :  5.40907e-07
 Reference value :  5.41947e-07
 Reference value :  5.42308e-07
 Reference value :  5.43388e-07
 Reference value :  5.44067e-07
 Reference value :  5.44667e-07
 Reference value :  5.45747e-07
 Reference value :  5.46308e-07
 Reference value :  5.47388e-07
 Reference value :  5.48040e-07
 Reference value :  5.48547e-07
 Reference value :  5.49067e-07
 Reference value :  5.50000e-07
 Reference value :  5.50428e-07
 Reference value :  5.51668e-07
 Reference value :  5.52346e-07
 Reference value :  5.53266e-07
 Reference value :  5.54108e-07
 Reference value :  5.55188e-07
 Reference value :  5.56067e-07
 Reference value :  5.56587e-07
 Reference value :  5.57067e-07
 Reference value :  5.58001e-07
 Reference value :  5.58428e-07
 Reference value :  5.59468e-07
 Reference value :  5.60107e-07
 Reference value :  5.60707e-07
 Reference value :  5.61747e-07
 Reference value :  5.62228e-07
 Reference value :  5.63268e-07
 Reference value :  5.64019e-07
 Reference value :  5.64467e-07
 Reference value :  5.65027e-07
 Reference value :  5.66001e-07
 Reference value :  5.66708e-07
 Reference value :  5.67748e-07
 Reference value :  5.68227e-07
 Reference value :  5.68827e-07
 Reference value :  5.69827e-07
 Reference value :  5.70268e-07
 Reference value :  5.71308e-07
 Reference value :  5.72026e-07
 Reference value :  5.72547e-07
 Reference value :  5.73187e-07
 Reference value :  5.74013e-07
 Reference value :  5.74628e-07
 Reference value :  5.75708e-07
 Reference value :  5.76266e-07
 Reference value :  5.77186e-07
 Reference value :  5.78108e-07
 Reference value :  5.78988e-07
 Reference value :  5.80000e-07
 Reference value :  5.80387e-07
 Reference value :  5.80867e-07
 Reference value :  5.81427e-07
 Reference value :  5.82108e-07
 Reference value :  5.82868e-07
 Reference value :  5.83908e-07
 Reference value :  5.84347e-07
 Reference value :  5.85027e-07
 Reference value :  5.86001e-07
 Reference value :  5.86548e-07
 Reference value :  5.87628e-07
 Reference value :  5.88107e-07
 Reference value :  5.88627e-07
 Reference value :  5.89227e-07
 Reference value :  5.90019e-07
 Reference value :  5.90748e-07
 Reference value :  5.91788e-07
 Reference value :  5.92307e-07
 Reference value :  5.93027e-07
 Reference value :  5.94000e-07
 Reference value :  5.94468e-07
 Reference value :  5.95508e-07
 Reference value :  5.96107e-07
 Reference value :  5.96707e-07
 Reference value :  5.97347e-07
 Reference value :  5.98040e-07
 Reference value :  5.98748e-07
 Reference value :  5.99788e-07
 Reference value :  6.00306e-07
 Reference value :  6.00906e-07
 Reference value :  6.01946e-07
 Reference value :  6.02388e-07
 Reference value :  6.03428e-07
 Reference value :  6.04067e-07
 Reference value :  6.04587e-07
 Reference value :  6.05147e-07
 Reference value :  6.06013e-07
 Reference value :  6.06588e-07
 Reference value :  6.07628e-07
 Reference value :  6.08187e-07
 Reference value :  6.08827e-07
 Reference value :  6.09827e-07
 Reference value :  6.10268e-07
 Reference value :  6.11348e-07
 Reference value :  6.12040e-07
 Reference value :  6.12547e-07
 Reference value :  6.13067e-07
 Reference value :  6.14001e-07
 Reference value :  6.14428e-07
 Reference value :  6.15508e-07
 Reference value :  6.16107e-07
 Reference value :  6.16627e-07
 Reference value :  6.17667e-07
 Reference value :  6.18228e-07
 Reference value :  6.19268e-07
 Reference value :  6.20015e-07
 Reference value :  6.20467e-07
 Reference value :  6.20907e-07
 Reference value :  6.21947e-07
 Reference value :  6.22308e-07
 Reference value :  6.23348e-07
 Reference value :  6.24066e-07
 Reference value :  6.24626e-07
 Reference value :  6.25706e-07
 Reference value :  6.26228e-07
 Reference value :  6.27228e-07
 Reference value :  6.28013e-07
 Reference value :  6.28427e-07
 Reference value :  6.28987e-07
 Reference value :  6.29947e-07
 Reference value :  6.30308e-07
 Reference value :  6.31428e-07
 Reference value :  6.32147e-07
 Reference value :  6.32707e-07
 Reference value :  6.33747e-07
 Reference value :  6.34228e-07
 Reference value :  6.35268e-07
 Reference value :  6.36019e-07
 Reference value :  6.36467e-07
 Reference value :  6.37027e-07
 Reference value :  6.38001e-07
 Reference value :  6.38428e-07
 Reference value :  6.39468e-07
 Reference value :  6.40107e-07
 Reference value :  6.40667e-07
 Reference value :  6.41747e-07
 Reference value :  6.42228e-07
 Reference value :  6.43268e-07
 Reference value :  6.44067e-07
 Reference value :  6.44707e-07
 Reference value :  6.45267e-07
 Reference value :  6.46108e-07
 Reference value :  6.46908e-07
 Reference value :  6.47948e-07
 Reference value :  6.48386e-07
 Reference value :  6.49106e-07
 Reference value :  6.50008e-07
 Reference value :  6.50588e-07
 Reference value :  6.51748e-07
 Reference value :  6.52227e-07
 Reference value :  6.52707e-07
 Reference value :  6.53427e-07
 Reference value :  6.54108e-07
 Reference value :  6.55028e-07
 Reference value :  6.56013e-07
 Reference value :  6.56467e-07
 Reference value :  6.57347e-07
 Reference value :  6.58040e-07
 Reference value :  6.58828e-07
 Reference value :  6.59868e-07
 Reference value :  6.60267e-07
 Reference value :  6.60827e-07
 Reference value :  6.61547e-07
 Reference value :  6.62148e-07
 Reference value :  6.63068e-07
 Reference value :  6.64004e-07
 Reference value :  6.64427e-07
 Reference value :  6.65187e-07
 Reference value :  6.66012e-07
 Reference value :  6.66588e-07
 Reference value :  6.67668e-07
 Reference value :  6.68147e-07
 Reference value :  6.68667e-07
 Reference value :  6.69347e-07
 Reference value :  6.70040e-07
 Reference value :  6.70748e-07
 Reference value :  6.71828e-07
 Reference value :  6.72306e-07
 Reference value :  6.72986e-07
 Reference value :  6.73973e-07
 Reference value :  6.74388e-07
 Reference value :  6.75388e-07
 Reference value :  6.76040e-07
 Reference value :  6.76507e-07
 Reference value :  6.76987e-07
 Reference value :  6.77867e-07
 Reference value :  6.78228e-07
 Reference value :  6.79268e-07
 Reference value :  6.80019e-07
 Reference value :  6.80507e-07
 Reference value :  6.81507e-07
 Reference value :  6.82108e-07
 Reference value :  6.82988e-07
 Reference value :  6.84000e-07
 Reference value :  6.84347e-07
 Reference value :  6.84787e-07
 Reference value :  6.85627e-07
 Reference value :  6.86148e-07
 Reference value :  6.87068e-07
 Reference value :  6.88001e-07
 Reference value :  6.88427e-07
 Reference value :  6.89267e-07
 Reference value :  6.90019e-07
 Reference value :  6.90708e-07
 Reference value :  6.91748e-07
 Reference value :  6.92147e-07
 Reference value :  6.92707e-07
 Reference value :  6.93307e-07
 Reference value :  6.94026e-07
 Reference value :  6.94668e-07
 Reference value :  6.95708e-07
 Reference value :  6.96226e-07
 Reference value :  6.96746e-07
 Reference value :  6.97826e-07
 Reference value :  6.98268e-07
 Reference value :  6.99348e-07
 Reference value :  7.00026e-07
 Reference value :  7.00467e-07
 Reference value :  7.01027e-07
 Reference value :  7.02001e-07
 Reference value :  7.02428e-07
 Reference value :  7.03468e-07
 Reference value :  7.04107e-07
 Reference value :  7.04667e-07
 Reference value :  7.05707e-07
 Reference value :  7.06188e-07
 Reference value :  7.07108e-07
 Reference value :  7.08004e-07
 Reference value :  7.08387e-07
 Reference value :  7.08867e-07
 Reference value :  7.09387e-07
 Reference value :  7.10040e-07
 Reference value :  7.10748e-07
 Reference value :  7.11788e-07
 Reference value :  7.12267e-07
 Reference value :  7.12867e-07
 Reference value :  7.13907e-07
 Reference value :  7.14348e-07
 Reference value :  7.15388e-07
 Reference value :  7.16040e-07
 Reference value :  7.16507e-07
 Reference value :  7.17027e-07
 Reference value :  7.18001e-07
 Reference value :  7.18428e-07
 Reference value :  7.19468e-07
 Reference value :  7.20107e-07
 Reference value :  7.20707e-07
 Reference value :  7.21747e-07
 Reference value :  7.22228e-07
 Reference value :  7.23268e-07
 Reference value :  7.24026e-07
 Reference value :  7.24507e-07
 Reference value :  7.25107e-07
 Reference value :  7.26008e-07
 Reference value :  7.26508e-07
 Reference value :  7.27508e-07
 Reference value :  7.28107e-07
 Reference value :  7.28587e-07
 Reference value :  7.29587e-07
 Reference value :  7.30148e-07
 Reference value :  7.31028e-07
 Reference value :  7.32000e-07
 Reference value :  7.32347e-07
 Reference value :  7.32827e-07
 Reference value :  7.33747e-07
 Reference value :  7.34308e-07
 Reference value :  7.35588e-07
 Reference value :  7.36307e-07
 Reference value :  7.37027e-07
 Reference value :  7.38012e-07
 Reference value :  7.38628e-07
 Reference value :  7.39628e-07
 Reference value :  7.40107e-07
 Reference value :  7.40667e-07
 Reference value :  7.41147e-07
 Reference value :  7.42008e-07
 Reference value :  7.42468e-07
 Reference value :  7.43628e-07
 Reference value :  7.44587e-07
 Reference value :  7.46000e-07
 Reference value :  7.46508e-07
 Reference value :  7.47508e-07
 Reference value :  7.48107e-07
 Reference value :  7.48627e-07
 Reference value :  7.49227e-07
 Reference value :  7.50015e-07
 Reference value :  7.50628e-07
 Reference value :  7.51668e-07
 Reference value :  7.52227e-07
 Reference value :  7.52867e-07
 Reference value :  7.53947e-07
 Reference value :  7.54388e-07
 Reference value :  7.55468e-07
 Reference value :  7.56067e-07
 Reference value :  7.56587e-07
 Reference value :  7.57067e-07
 Reference value :  7.58004e-07
 Reference value :  7.58468e-07
 Reference value :  7.59508e-07
 Reference value :  7.60107e-07
 Reference value :  7.60627e-07
 Reference value :  7.61707e-07
 Reference value :  7.62228e-07
 Reference value :  7.63228e-07
 Reference value :  7.64040e-07
 Reference value :  7.64667e-07
 Reference value :  7.65627e-07
 Reference value :  7.66228e-07
 Reference value :  7.67548e-07
 Reference value :  7.68267e-07
 Reference value :  7.69067e-07
 Reference value :  7.70001e-07
 Reference value :  7.70508e-07
 Reference value :  7.71548e-07
 Reference value :  7.72107e-07
 Reference value :  7.72667e-07
 Reference value :  7.73107e-07
 Reference value :  7.73947e-07
 Reference value :  7.74308e-07
 Reference value :  7.75348e-07
 Reference value :  7.76040e-07
 Reference value :  7.76507e-07
 Reference value :  7.77507e-07
 Reference value :  7.78108e-07
 Reference value :  7.78948e-07
 Reference value :  7.80000e-07
 Reference value :  7.80387e-07
 Reference value :  7.80867e-07
 Reference value :  7.81827e-07
 Reference value :  7.82228e-07
 Reference value :  7.83268e-07
 Reference value :  7.84015e-07
 Reference value :  7.84507e-07
 Reference value :  7.85547e-07
 Reference value :  7.86148e-07
 Reference value :  7.87028e-07
 Reference value :  7.88001e-07
 Reference value :  7.88387e-07
 Reference value :  7.88907e-07
 Reference value :  7.89707e-07
 Reference value :  7.90188e-07
 Reference value :  7.91148e-07
 Reference value :  7.92013e-07
 Reference value :  7.92467e-07
 Reference value :  7.93347e-07
 Reference value :  7.94040e-07
 Reference value :  7.94828e-07
 Reference value :  7.95868e-07
 Reference value :  7.96306e-07
 Reference value :  7.96746e-07
 Reference value :  7.97586e-07
 Reference value :  7.98148e-07
 Reference value :  7.99028e-07
 Reference value :  8.00001e-07
 Reference value :  8.00427e-07
 Reference value :  8.01307e-07
 Reference value :  8.02019e-07
 Reference value :  8.02748e-07
 Reference value :  8.03788e-07
 Reference value :  8.04227e-07
 Reference value :  8.04787e-07
 Reference value :  8.05427e-07
 Reference value :  8.06108e-07
 Reference value :  8.06908e-07
 Reference value :  8.07948e-07
 Reference value :  8.08347e-07
 Reference value :  8.09027e-07
 Reference value :  8.10000e-07
 Reference value :  8.10428e-07
 Reference value :  8.11508e-07
 Reference value :  8.12067e-07
 Reference value :  8.12547e-07
 Reference value :  8.13067e-07
 Reference value :  8.14004e-07
 Reference value :  8.14468e-07
 Reference value :  8.15508e-07
 Reference value :  8.16107e-07
 Reference value :  8.16747e-07
 Reference value :  8.17787e-07
 Reference value :  8.18268e-07
 Reference value :  8.19308e-07
 Reference value :  8.20025e-07
 Reference value :  8.20586e-07
 Reference value :  8.21106e-07
 Reference value :  8.22013e-07
 Reference value :  8.22548e-07
 Reference value :  8.23628e-07
 Reference value :  8.24147e-07
 Reference value :  8.24667e-07
 Reference value :  8.25667e-07
 Reference value :  8.26188e-07
 Reference value :  8.27108e-07
 Reference value :  8.28008e-07
 Reference value :  8.28427e-07
 Reference value :  8.28907e-07
 Reference value :  8.29973e-07
 Reference value :  8.30348e-07
 Reference value :  8.31428e-07
 Reference value :  8.32307e-07
 Reference value :  8.33307e-07
 Reference value :  8.34026e-07
 Reference value :  8.34748e-07
 Reference value :  8.35828e-07
 Reference value :  8.36267e-07
 Reference value :  8.36827e-07
 Reference value :  8.37267e-07
 Reference value :  8.38068e-07
 Reference value :  8.38908e-07
 Reference value :  8.39908e-07
 Reference value :  8.40347e-07
 Reference value :  8.41027e-07
 Reference value :  8.42001e-07
 Reference value :  8.42508e-07
 Reference value :  8.43548e-07
 Reference value :  8.44106e-07
 Reference value :  8.44626e-07
 Reference value :  8.45226e-07
 Reference value :  8.46019e-07
 Reference value :  8.46628e-07
 Reference value :  8.47668e-07
 Reference value :  8.48227e-07
 Reference value :  8.49067e-07
 Reference value :  8.50004e-07
 Reference value :  8.50588e-07
 Reference value :  8.51588e-07
 Reference value :  8.52107e-07
 Reference value :  8.52707e-07
 Reference value :  8.53307e-07
 Reference value :  8.54019e-07
 Reference value :  8.54628e-07
 Reference value :  8.55628e-07
 Reference value :  8.56147e-07
 Reference value :  8.56667e-07
 Reference value :  8.57707e-07
 Reference value :  8.58228e-07
 Reference value :  8.59268e-07
 Reference value :  8.60026e-07
 Reference value :  8.60507e-07
 Reference value :  8.61027e-07
 Reference value :  8.62000e-07
 Reference value :  8.62348e-07
 Reference value :  8.63388e-07
 Reference value :  8.64040e-07
 Reference value :  8.64547e-07
 Reference value :  8.65587e-07
 Reference value :  8.66148e-07
 Reference value :  8.66988e-07
 Reference value :  8.68004e-07
 Reference value :  8.68466e-07
 Reference value :  8.69146e-07
 Reference value :  8.70148e-07
 Reference value :  8.71268e-07
 Reference value :  8.72107e-07
 Reference value :  8.72827e-07
 Reference value :  8.74004e-07
 Reference value :  8.74748e-07
 Reference value :  8.76000e-07
 Reference value :  8.76427e-07
 Reference value :  8.76987e-07
 Reference value :  8.78001e-07
 Reference value :  8.78428e-07
 Reference value :  8.79428e-07
 Reference value :  8.80067e-07
 Reference value :  8.80627e-07
 Reference value :  8.81667e-07
 Reference value :  8.82228e-07
 Reference value :  8.83228e-07
 Reference value :  8.84019e-07
 Reference value :  8.84467e-07
 Reference value :  8.85027e-07
 Reference value :  8.86000e-07
 Reference value :  8.86388e-07
 Reference value :  8.87428e-07
 Reference value :  8.88067e-07
 Reference value :  8.88547e-07
 Reference value :  8.89547e-07
 Reference value :  8.90148e-07
 Reference value :  8.91028e-07
 Reference value :  8.92004e-07
 Reference value :  8.92426e-07
 Reference value :  8.92906e-07
 Reference value :  8.93946e-07
 Reference value :  8.94308e-07
 Reference value :  8.95348e-07
 Reference value :  8.96040e-07
 Reference value :  8.96547e-07
 Reference value :  8.97587e-07
 Reference value :  8.98188e-07
 Reference value :  8.99148e-07
 Reference value :  9.00013e-07
 Reference value :  9.00427e-07
 Reference value :  9.00947e-07
 Reference value :  9.01547e-07
 Reference value :  9.02148e-07
 Reference value :  9.03068e-07
 Reference value :  9.04008e-07
 Reference value :  9.04467e-07
 Reference value :  9.05547e-07
 Reference value :  9.06148e-07
 Reference value :  9.07028e-07
 Reference value :  9.08001e-07
 Reference value :  9.08387e-07
 Reference value :  9.08867e-07
 Reference value :  9.09867e-07
 Reference value :  9.10268e-07
 Reference value :  9.11308e-07
 Reference value :  9.12040e-07
 Reference value :  9.12627e-07
 Reference value :  9.13747e-07
 Reference value :  9.14228e-07
 Reference value :  9.15268e-07
 Reference value :  9.16025e-07
 Reference value :  9.16506e-07
 Reference value :  9.17026e-07
 Reference value :  9.18001e-07
 Reference value :  9.18428e-07
 Reference value :  9.19508e-07
 Reference value :  9.20147e-07
 Reference value :  9.20747e-07
 Reference value :  9.21827e-07
 Reference value :  9.22268e-07
 Reference value :  9.23348e-07
 Reference value :  9.24040e-07
 Reference value :  9.24547e-07
 Reference value :  9.25107e-07
 Reference value :  9.26013e-07
 Reference value :  9.26628e-07
 Reference value :  9.27708e-07
 Reference value :  9.28227e-07
 Reference value :  9.28947e-07
 Reference value :  9.30000e-07
 Reference value :  9.30508e-07
 Reference value :  9.31588e-07
 Reference value :  9.32307e-07
 Reference value :  9.32867e-07
 Reference value :  9.33667e-07
 Reference value :  9.34188e-07
 Reference value :  9.35188e-07
 Reference value :  9.36019e-07
 Reference value :  9.36507e-07
 Reference value :  9.37467e-07
 Reference value :  9.38108e-07
 Reference value :  9.38988e-07
 Reference value :  9.39974e-07
 Reference value :  9.40386e-07
 Reference value :  9.40866e-07
 Reference value :  9.41826e-07
 Reference value :  9.42228e-07
 Reference value :  9.43268e-07
 Reference value :  9.44307e-07
 Reference value :  9.45027e-07
 Reference value :  9.46004e-07
 Reference value :  9.46548e-07
 Reference value :  9.47588e-07
 Reference value :  9.48107e-07
 Reference value :  9.48667e-07
 Reference value :  9.49267e-07
 Reference value :  9.50019e-07
 Reference value :  9.50628e-07
 Reference value :  9.51668e-07
 Reference value :  9.52227e-07
 Reference value :  9.52827e-07
 Reference value :  9.53907e-07
 Reference value :  9.54388e-07
 Reference value :  9.55428e-07
 Reference value :  9.56067e-07
 Reference value :  9.56587e-07
 Reference value :  9.57267e-07
 Reference value :  9.58019e-07
 Reference value :  9.58668e-07
 Reference value :  9.59708e-07
 Reference value :  9.60227e-07
 Reference value :  9.60907e-07
 Reference value :  9.61973e-07
 Reference value :  9.62428e-07
 Reference value :  9.63468e-07
 Reference value :  9.64067e-07
 Reference value :  9.64627e-07
 Reference value :  9.65067e-07
 Reference value :  9.65907e-07
 Reference value :  9.66308e-07
 Reference value :  9.67348e-07
 Reference value :  9.68040e-07
 Reference value :  9.68507e-07
 Reference value :  9.69507e-07
 Reference value :  9.70108e-07
 Reference value :  9.71028e-07
 Reference value :  9.72001e-07
 Reference value :  9.72387e-07
 Reference value :  9.72867e-07
 Reference value :  9.73787e-07
 Reference value :  9.74188e-07
 Reference value :  9.75228e-07
 Reference value :  9.76019e-07
 Reference value :  9.76507e-07
 Reference value :  9.77507e-07
 Reference value :  9.78148e-07
 Reference value :  9.79028e-07
 Reference value :  9.80004e-07
 Reference value :  9.80387e-07
 Reference value :  9.80947e-07
 Reference value :  9.81787e-07
 Reference value :  9.82188e-07
 Reference value :  9.83228e-07
 Reference value :  9.84015e-07
 Reference value :  9.84507e-07
 Reference value :  9.85507e-07
 Reference value :  9.86148e-07
 Reference value :  9.87028e-07
 Reference value :  9.88001e-07
 Reference value :  9.88387e-07
 Reference value :  9.88907e-07
 Reference value :  9.89947e-07
 Reference value :  9.90308e-07
 Reference value :  9.91388e-07
 Reference value :  9.92067e-07
 Reference value :  9.92627e-07
 Reference value :  9.93667e-07
 Reference value :  9.94228e-07
 Reference value :  9.95268e-07
 Reference value :  9.96019e-07
 Reference value :  9.96467e-07
 Reference value :  9.96947e-07
 Reference value :  9.97947e-07
 Reference value :  9.98508e-07
 Reference value :  9.99748e-07
 Reference value :  1.00027e-06
 Reference value :  1.00087e-06
 Reference value :  1.00191e-06
 Reference value :  1.00235e-06
 Reference value :  1.00339e-06
 Reference value :  1.00407e-06
 Reference value :  1.00463e-06
 Reference value :  1.00559e-06
 Reference value :  1.00619e-06
 Reference value :  1.00743e-06
 Reference value :  1.00819e-06
 Reference value :  1.00903e-06
 Reference value :  1.01002e-06
 Reference value :  1.01091e-06
 Reference value :  1.01201e-06
 Reference value :  1.01251e-06
 Reference value :  1.01319e-06
 Reference value :  1.01402e-06
 Reference value :  1.01467e-06
 Reference value :  1.01571e-06
 Reference value :  1.01627e-06
 Reference value :  1.01687e-06
 Reference value :  1.01795e-06
 Reference value :  1.01839e-06
 Reference value :  1.01947e-06
 Reference value :  1.02007e-06
 Reference value :  1.02059e-06
 Reference value :  1.02119e-06
 Reference value :  1.02211e-06
 Reference value :  1.02387e-06
 Reference value :  1.02471e-06
 Reference value :  1.02601e-06
 Reference value :  1.02675e-06
 Reference value :  1.02783e-06
 Reference value :  1.02827e-06
 Reference value :  1.02883e-06
 Reference value :  1.02919e-06
 Reference value :  1.03001e-06
 Reference value :  1.03055e-06
 Reference value :  1.03159e-06
 Reference value :  1.03219e-06
 Reference value :  1.03279e-06
 Reference value :  1.03387e-06
 Reference value :  1.03431e-06
 Reference value :  1.03543e-06
 Reference value :  1.03607e-06
 Reference value :  1.03663e-06
 Reference value :  1.03719e-06
 Reference value :  1.03801e-06
 Reference value :  1.03863e-06
 Reference value :  1.03967e-06
 Reference value :  1.04023e-06
 Reference value :  1.04091e-06
 Reference value :  1.04197e-06
 Reference value :  1.04243e-06
 Reference value :  1.04347e-06
 Reference value :  1.04411e-06
 Reference value :  1.04467e-06
 Reference value :  1.04527e-06
 Reference value :  1.04603e-06
 Reference value :  1.04679e-06
 Reference value :  1.04783e-06
 Reference value :  1.04831e-06
 Reference value :  1.04895e-06
 Reference value :  1.05000e-06
 Reference value :  1.05047e-06
 Reference value :  1.05155e-06
 Reference value :  1.05211e-06
 Reference value :  1.05267e-06
 Reference value :  1.05335e-06
 Reference value :  1.05407e-06
 Reference value :  1.05479e-06
 Reference value :  1.05583e-06
 Reference value :  1.05635e-06
 Reference value :  1.05715e-06
 Reference value :  1.05801e-06
 Reference value :  1.05867e-06
 Reference value :  1.05971e-06
 Reference value :  1.06019e-06
 Reference value :  1.06075e-06
 Reference value :  1.06131e-06
 Reference value :  1.06203e-06
 Reference value :  1.06271e-06
 Reference value :  1.06379e-06
 Reference value :  1.06431e-06
 Reference value :  1.06499e-06
 Reference value :  1.06600e-06
 Reference value :  1.06651e-06
 Reference value :  1.06759e-06
 Reference value :  1.06811e-06
 Reference value :  1.06863e-06
 Reference value :  1.06927e-06
 Reference value :  1.07003e-06
 Reference value :  1.07091e-06
 Reference value :  1.07200e-06
 Reference value :  1.07247e-06
 Reference value :  1.07339e-06
 Reference value :  1.07407e-06
 Reference value :  1.07495e-06
 Reference value :  1.07601e-06
 Reference value :  1.07647e-06
 Reference value :  1.07707e-06
 Reference value :  1.07801e-06
 Reference value :  1.07859e-06
 Reference value :  1.07963e-06
 Reference value :  1.08019e-06
 Reference value :  1.08075e-06
 Reference value :  1.08179e-06
 Reference value :  1.08227e-06
 Reference value :  1.08335e-06
 Reference value :  1.08404e-06
 Reference value :  1.08451e-06
 Reference value :  1.08507e-06
 Reference value :  1.08601e-06
 Reference value :  1.08651e-06
 Reference value :  1.08755e-06
 Reference value :  1.08823e-06
 Reference value :  1.08895e-06
 Reference value :  1.09000e-06
 Reference value :  1.09047e-06
 Reference value :  1.09151e-06
 Reference value :  1.09211e-06
 Reference value :  1.09267e-06
 Reference value :  1.09315e-06
 Reference value :  1.09400e-06
 Reference value :  1.09435e-06
 Reference value :  1.09543e-06
 Reference value :  1.09607e-06
 Reference value :  1.09655e-06
 Reference value :  1.09779e-06
 Reference value :  1.09899e-06
 Reference value :  1.10000e-06
 Reference value :  1.10039e-06
 Reference value :  1.10087e-06
 Reference value :  1.10183e-06
 Reference value :  1.10223e-06
 Reference value :  1.10327e-06
 Reference value :  1.10402e-06
 Reference value :  1.10451e-06
 Reference value :  1.10551e-06
 Reference value :  1.10611e-06
 Reference value :  1.10699e-06
 Reference value :  1.10800e-06
 Reference value :  1.10839e-06
 Reference value :  1.10895e-06
 Reference value :  1.10979e-06
 Reference value :  1.11023e-06
 Reference value :  1.11127e-06
 Reference value :  1.11203e-06
 Reference value :  1.11251e-06
 Reference value :  1.11355e-06
 Reference value :  1.11419e-06
 Reference value :  1.11523e-06
 Reference value :  1.11602e-06
 Reference value :  1.11647e-06
 Reference value :  1.11699e-06
 Reference value :  1.11800e-06
 Reference value :  1.11843e-06
 Reference value :  1.11947e-06
 Reference value :  1.12011e-06
 Reference value :  1.12067e-06
 Reference value :  1.12167e-06
 Reference value :  1.12223e-06
 Reference value :  1.12323e-06
 Reference value :  1.12402e-06
 Reference value :  1.12447e-06
 Reference value :  1.12499e-06
 Reference value :  1.12591e-06
 Reference value :  1.12631e-06
 Reference value :  1.12739e-06
 Reference value :  1.12807e-06
 Reference value :  1.12855e-06
 Reference value :  1.12955e-06
 Reference value :  1.13015e-06
 Reference value :  1.13107e-06
 Reference value :  1.13200e-06
 Reference value :  1.13239e-06
 Reference value :  1.13287e-06
 Reference value :  1.13379e-06
 Reference value :  1.13419e-06
 Reference value :  1.13519e-06
 Reference value :  1.13601e-06
 Reference value :  1.13651e-06
 Reference value :  1.13755e-06
 Reference value :  1.13815e-06
 Reference value :  1.13903e-06
 Reference value :  1.14000e-06
 Reference value :  1.14039e-06
 Reference value :  1.14095e-06
 Reference value :  1.14175e-06
 Reference value :  1.14219e-06
 Reference value :  1.14319e-06
 Reference value :  1.14401e-06
 Reference value :  1.14447e-06
 Reference value :  1.14539e-06
 Reference value :  1.14607e-06
 Reference value :  1.14687e-06
 Reference value :  1.14791e-06
 Reference value :  1.14827e-06
 Reference value :  1.14879e-06
 Reference value :  1.14967e-06
 Reference value :  1.15015e-06
 Reference value :  1.15107e-06
 Reference value :  1.15200e-06
 Reference value :  1.15243e-06
 Reference value :  1.15327e-06
 Reference value :  1.15402e-06
 Reference value :  1.15479e-06
 Reference value :  1.15579e-06
 Reference value :  1.15623e-06
 Reference value :  1.15679e-06
 Reference value :  1.15719e-06
 Reference value :  1.15801e-06
 Reference value :  1.15855e-06
 Reference value :  1.15975e-06
 Reference value :  1.16039e-06
 Reference value :  1.16127e-06
 Reference value :  1.16202e-06
 Reference value :  1.16275e-06
 Reference value :  1.16379e-06
 Reference value :  1.16423e-06
 Reference value :  1.16471e-06
 Reference value :  1.16547e-06
 Reference value :  1.16611e-06
 Reference value :  1.16683e-06
 Reference value :  1.16795e-06
 Reference value :  1.16839e-06
 Reference value :  1.16943e-06
 Reference value :  1.17011e-06
 Reference value :  1.17095e-06
 Reference value :  1.17197e-06
 Reference value :  1.17235e-06
 Reference value :  1.17283e-06
 Reference value :  1.17367e-06
 Reference value :  1.17419e-06
 Reference value :  1.17523e-06
 Reference value :  1.17602e-06
 Reference value :  1.17659e-06
 Reference value :  1.17787e-06
 Reference value :  1.17859e-06
 Reference value :  1.17987e-06
 Reference value :  1.18043e-06
 Reference value :  1.18103e-06
 Reference value :  1.18200e-06
 Reference value :  1.18263e-06
 Reference value :  1.18383e-06
 Reference value :  1.18435e-06
 Reference value :  1.18531e-06
 Reference value :  1.18602e-06
 Reference value :  1.18691e-06
 Reference value :  1.18800e-06
 Reference value :  1.18843e-06
 Reference value :  1.18903e-06
 Reference value :  1.18995e-06
 Reference value :  1.19031e-06
 Reference value :  1.19135e-06
 Reference value :  1.19204e-06
 Reference value :  1.19255e-06
 Reference value :  1.19355e-06
 Reference value :  1.19415e-06
 Reference value :  1.19507e-06
 Reference value :  1.19600e-06
 Reference value :  1.19639e-06
 Reference value :  1.19735e-06
 Reference value :  1.19804e-06
 Reference value :  1.19875e-06
 Reference value :  1.19983e-06
 Reference value :  1.20031e-06
 Reference value :  1.20107e-06
 Reference value :  1.20201e-06
 Reference value :  1.20259e-06
 Reference value :  1.20367e-06
 Reference value :  1.20415e-06
 Reference value :  1.20475e-06
 Reference value :  1.20535e-06
 Reference value :  1.20604e-06
 Reference value :  1.20675e-06
 Reference value :  1.20775e-06
 Reference value :  1.20827e-06
 Reference value :  1.20935e-06
 Reference value :  1.21031e-06
 Reference value :  1.21155e-06
 Reference value :  1.21211e-06
 Reference value :  1.21267e-06
 Reference value :  1.21339e-06
 Reference value :  1.21404e-06
 Reference value :  1.21471e-06
 Reference value :  1.21579e-06
 Reference value :  1.21627e-06
 Reference value :  1.21695e-06
 Reference value :  1.21797e-06
 Reference value :  1.21839e-06
 Reference value :  1.21943e-06
 Reference value :  1.22007e-06
 Reference value :  1.22063e-06
 Reference value :  1.22107e-06
 Reference value :  1.22187e-06
 Reference value :  1.22231e-06
 Reference value :  1.22335e-06
 Reference value :  1.22404e-06
 Reference value :  1.22451e-06
 Reference value :  1.22551e-06
 Reference value :  1.22615e-06
 Reference value :  1.22703e-06
 Reference value :  1.22800e-06
 Reference value :  1.22839e-06
 Reference value :  1.22887e-06
 Reference value :  1.22983e-06
 Reference value :  1.23027e-06
 Reference value :  1.23127e-06
 Reference value :  1.23202e-06
 Reference value :  1.23251e-06
 Reference value :  1.23347e-06
 Reference value :  1.23411e-06
 Reference value :  1.23527e-06
 Reference value :  1.23603e-06
 Reference value :  1.23651e-06
 Reference value :  1.23703e-06
 Reference value :  1.23800e-06
 Reference value :  1.23835e-06
 Reference value :  1.23939e-06
 Reference value :  1.24004e-06
 Reference value :  1.24051e-06
 Reference value :  1.24151e-06
 Reference value :  1.24211e-06
 Reference value :  1.24299e-06
 Reference value :  1.24400e-06
 Reference value :  1.24439e-06
 Reference value :  1.24491e-06
 Reference value :  1.24591e-06
 Reference value :  1.24627e-06
 Reference value :  1.24731e-06
 Reference value :  1.24802e-06
 Reference value :  1.24851e-06
 Reference value :  1.24947e-06
 Reference value :  1.25011e-06
 Reference value :  1.25091e-06
 Reference value :  1.25195e-06
 Reference value :  1.25235e-06
 Reference value :  1.25287e-06
 Reference value :  1.25363e-06
 Reference value :  1.25419e-06
 Reference value :  1.25519e-06
 Reference value :  1.25601e-06
 Reference value :  1.25651e-06
 Reference value :  1.25751e-06
 Reference value :  1.25815e-06
 Reference value :  1.25903e-06
 Reference value :  1.26000e-06
 Reference value :  1.26039e-06
 Reference value :  1.26087e-06
 Reference value :  1.26175e-06
 Reference value :  1.26219e-06
 Reference value :  1.26315e-06
 Reference value :  1.26401e-06
 Reference value :  1.26447e-06
 Reference value :  1.26539e-06
 Reference value :  1.26607e-06
 Reference value :  1.26695e-06
 Reference value :  1.26797e-06
 Reference value :  1.26835e-06
 Reference value :  1.26891e-06
 Reference value :  1.26975e-06
 Reference value :  1.27019e-06
 Reference value :  1.27119e-06
 Reference value :  1.27201e-06
 Reference value :  1.27247e-06
 Reference value :  1.27335e-06
 Reference value :  1.27403e-06
 Reference value :  1.27479e-06
 Reference value :  1.27579e-06
 Reference value :  1.27623e-06
 Reference value :  1.27671e-06
 Reference value :  1.27751e-06
 Reference value :  1.27815e-06
 Reference value :  1.27911e-06
 Reference value :  1.28001e-06
 Reference value :  1.28059e-06
 Reference value :  1.28171e-06
 Reference value :  1.28227e-06
 Reference value :  1.28343e-06
 Reference value :  1.28411e-06
 Reference value :  1.28471e-06
 Reference value :  1.28515e-06
 Reference value :  1.28601e-06
 Reference value :  1.28663e-06
 Reference value :  1.28783e-06
 Reference value :  1.28839e-06
 Reference value :  1.28935e-06
 Reference value :  1.29011e-06
 Reference value :  1.29115e-06
 Reference value :  1.29201e-06
 Reference value :  1.29255e-06
 Reference value :  1.29307e-06
 Reference value :  1.29402e-06
 Reference value :  1.29483e-06
 Reference value :  1.29591e-06
 Reference value :  1.29643e-06
 Reference value :  1.29735e-06
 Reference value :  1.29804e-06
 Reference value :  1.29883e-06
 Reference value :  1.29987e-06
 Reference value :  1.30027e-06
 Reference value :  1.30079e-06
 Reference value :  1.30147e-06
 Reference value :  1.30211e-06
 Reference value :  1.30287e-06
 Reference value :  1.30391e-06
 Reference value :  1.30435e-06
 Reference value :  1.30507e-06
 Reference value :  1.30601e-06
 Reference value :  1.30663e-06
 Reference value :  1.30771e-06
 Reference value :  1.30815e-06
 Reference value :  1.30871e-06
 Reference value :  1.30947e-06
 Reference value :  1.31011e-06
 Reference value :  1.31087e-06
 Reference value :  1.31195e-06
 Reference value :  1.31247e-06
 Reference value :  1.31359e-06
 Reference value :  1.31427e-06
 Reference value :  1.31551e-06
 Reference value :  1.31615e-06
 Reference value :  1.31683e-06
 Reference value :  1.31763e-06
 Reference value :  1.31815e-06
 Reference value :  1.31911e-06
 Reference value :  1.32001e-06
 Reference value :  1.32047e-06
 Reference value :  1.32139e-06
 Reference value :  1.32207e-06
 Reference value :  1.32291e-06
 Reference value :  1.32391e-06
 Reference value :  1.32427e-06
 Reference value :  1.32475e-06
 Reference value :  1.32543e-06
 Reference value :  1.32607e-06
 Reference value :  1.32679e-06
 Reference value :  1.32787e-06
 Reference value :  1.32831e-06
 Reference value :  1.32987e-06
 Reference value :  1.33091e-06
 Reference value :  1.33195e-06
 Reference value :  1.33231e-06
 Reference value :  1.33283e-06
 Reference value :  1.33359e-06
 Reference value :  1.33415e-06
 Reference value :  1.33507e-06
 Reference value :  1.33600e-06
 Reference value :  1.33643e-06
 Reference value :  1.33719e-06
 Reference value :  1.33801e-06
 Reference value :  1.33863e-06
 Reference value :  1.33967e-06
 Reference value :  1.34015e-06
 Reference value :  1.34071e-06
 Reference value :  1.34151e-06
 Reference value :  1.34215e-06
 Reference value :  1.34307e-06
 Reference value :  1.34400e-06
 Reference value :  1.34447e-06
 Reference value :  1.34539e-06
 Reference value :  1.34615e-06
 Reference value :  1.34723e-06
 Reference value :  1.34801e-06
 Reference value :  1.34847e-06
 Reference value :  1.34895e-06
 Reference value :  1.34963e-06
 Reference value :  1.35015e-06
 Reference value :  1.35107e-06
 Reference value :  1.35200e-06
 Reference value :  1.35243e-06
 Reference value :  1.35323e-06
 Reference value :  1.35403e-06
 Reference value :  1.35483e-06
 Reference value :  1.35587e-06
 Reference value :  1.35627e-06
 Reference value :  1.35675e-06
 Reference value :  1.35751e-06
 Reference value :  1.35815e-06
 Reference value :  1.35903e-06
 Reference value :  1.36000e-06
 Reference value :  1.36043e-06
 Reference value :  1.36127e-06
 Reference value :  1.36202e-06
 Reference value :  1.36271e-06
 Reference value :  1.36371e-06
 Reference value :  1.36415e-06
 Reference value :  1.36475e-06
 Reference value :  1.36535e-06
 Reference value :  1.36607e-06
 Reference value :  1.36679e-06
 Reference value :  1.36783e-06
 Reference value :  1.36827e-06
 Reference value :  1.36887e-06
 Reference value :  1.36995e-06
 Reference value :  1.37039e-06
 Reference value :  1.37147e-06
 Reference value :  1.37207e-06
 Reference value :  1.37259e-06
 Reference value :  1.37327e-06
 Reference value :  1.37411e-06
 Reference value :  1.37487e-06
 Reference value :  1.37591e-06
 Reference value :  1.37635e-06
 Reference value :  1.37711e-06
 Reference value :  1.37800e-06
 Reference value :  1.37855e-06
 Reference value :  1.37959e-06
 Reference value :  1.38011e-06
 Reference value :  1.38067e-06
 Reference value :  1.38115e-06
 Reference value :  1.38201e-06
 Reference value :  1.38255e-06
 Reference value :  1.38363e-06
 Reference value :  1.38419e-06
 Reference value :  1.38475e-06
 Reference value :  1.38595e-06
 Reference value :  1.38651e-06
 Reference value :  1.38755e-06
 Reference value :  1.38811e-06
 Reference value :  1.38863e-06
 Reference value :  1.38919e-06
 Reference value :  1.39001e-06
 Reference value :  1.39059e-06
 Reference value :  1.39159e-06
 Reference value :  1.39215e-06
 Reference value :  1.39275e-06
 Reference value :  1.39379e-06
 Reference value :  1.39427e-06
 Reference value :  1.39579e-06
 Reference value :  1.39635e-06
 Reference value :  1.39711e-06
 Reference value :  1.39811e-06
 Reference value :  1.39919e-06
 Reference value :  1.40002e-06
 Reference value :  1.40047e-06
 Reference value :  1.40135e-06
 Reference value :  1.40204e-06
 Reference value :  1.40283e-06
 Reference value :  1.40387e-06
 Reference value :  1.40427e-06
 Reference value :  1.40479e-06
 Reference value :  1.40563e-06
 Reference value :  1.40615e-06
 Reference value :  1.40715e-06
 Reference value :  1.40801e-06
 Reference value :  1.40851e-06
 Reference value :  1.40951e-06
 Reference value :  1.41011e-06
 Reference value :  1.41099e-06
 Reference value :  1.41200e-06
 Reference value :  1.41235e-06
 Reference value :  1.41287e-06
 Reference value :  1.41363e-06
 Reference value :  1.41431e-06
 Reference value :  1.41559e-06
 Reference value :  1.41643e-06
 Reference value :  1.41727e-06
 Reference value :  1.41802e-06
 Reference value :  1.41871e-06
 Reference value :  1.41971e-06
 Reference value :  1.42019e-06
 Reference value :  1.42071e-06
 Reference value :  1.42147e-06
 Reference value :  1.42215e-06
 Reference value :  1.42307e-06
 Reference value :  1.42400e-06
 Reference value :  1.42447e-06
 Reference value :  1.42547e-06
 Reference value :  1.42615e-06
 Reference value :  1.42727e-06
 Reference value :  1.42804e-06
 Reference value :  1.42855e-06
 Reference value :  1.42907e-06
 Reference value :  1.43000e-06
 Reference value :  1.43047e-06
 Reference value :  1.43155e-06
 Reference value :  1.43223e-06
 Reference value :  1.43279e-06
 Reference value :  1.43383e-06
 Reference value :  1.43471e-06
 Reference value :  1.43597e-06
 Reference value :  1.43635e-06
 Reference value :  1.43683e-06
 Reference value :  1.43771e-06
 Reference value :  1.43815e-06
 Reference value :  1.43911e-06
 Reference value :  1.44001e-06
 Reference value :  1.44055e-06
 Reference value :  1.44171e-06
 Reference value :  1.44227e-06
 Reference value :  1.44331e-06
 Reference value :  1.44402e-06
 Reference value :  1.44447e-06
 Reference value :  1.44507e-06
 Reference value :  1.44602e-06
 Reference value :  1.44683e-06
 Reference value :  1.44807e-06
 Reference value :  1.44931e-06
 Reference value :  1.45019e-06
 Reference value :  1.45135e-06
 Reference value :  1.45223e-06
 Reference value :  1.45287e-06
 Reference value :  1.45400e-06
 Reference value :  1.45467e-06
 Reference value :  1.45591e-06
 Reference value :  1.45647e-06
 Reference value :  1.45759e-06
 Reference value :  1.45827e-06
 Reference value :  1.45935e-06
 Reference value :  1.46004e-06
 Reference value :  1.46059e-06
 Reference value :  1.46115e-06
 Reference value :  1.46201e-06
 Reference value :  1.46263e-06
 Reference value :  1.46371e-06
 Reference value :  1.46427e-06
 Reference value :  1.46495e-06
 Reference value :  1.46595e-06
 Reference value :  1.46639e-06
 Reference value :  1.46739e-06
 Reference value :  1.46807e-06
 Reference value :  1.46859e-06
 Reference value :  1.46923e-06
 Reference value :  1.47001e-06
 Reference value :  1.47071e-06
 Reference value :  1.47187e-06
 Reference value :  1.47251e-06
 Reference value :  1.47391e-06
 Reference value :  1.47451e-06
 Reference value :  1.47559e-06
 Reference value :  1.47615e-06
 Reference value :  1.47671e-06
 Reference value :  1.47715e-06
 Reference value :  1.47800e-06
 Reference value :  1.47843e-06
 Reference value :  1.47947e-06
 Reference value :  1.48007e-06
 Reference value :  1.48055e-06
 Reference value :  1.48175e-06
 Reference value :  1.48239e-06
 Reference value :  1.48363e-06
 Reference value :  1.48427e-06
 Reference value :  1.48487e-06
 Reference value :  1.48587e-06
 Reference value :  1.48623e-06
 Reference value :  1.48727e-06
 Reference value :  1.48802e-06
 Reference value :  1.48851e-06
 Reference value :  1.48955e-06
 Reference value :  1.49015e-06
 Reference value :  1.49103e-06
 Reference value :  1.49200e-06
 Reference value :  1.49239e-06
 Reference value :  1.49291e-06
 Reference value :  1.49371e-06
 Reference value :  1.49415e-06
 Reference value :  1.49503e-06
 Reference value :  1.49600e-06
 Reference value :  1.49647e-06
 Reference value :  1.49735e-06
 Reference value :  1.49804e-06
 Reference value :  1.49887e-06
 Reference value :  1.49995e-06
 Reference value :  1.50047e-06
 Reference value :  1.50123e-06
 Reference value :  1.50207e-06
 Reference value :  1.50283e-06
 Reference value :  1.50383e-06
 Reference value :  1.50435e-06
 Reference value :  1.50519e-06
 Reference value :  1.50601e-06
 Reference value :  1.50663e-06
 Reference value :  1.50767e-06
 Reference value :  1.50815e-06
 Reference value :  1.50875e-06
 Reference value :  1.50931e-06
 Reference value :  1.51002e-06
 Reference value :  1.51067e-06
 Reference value :  1.51171e-06
 Reference value :  1.51223e-06
 Reference value :  1.51275e-06
 Reference value :  1.51379e-06
 Reference value :  1.51423e-06
 Reference value :  1.51523e-06
 Reference value :  1.51603e-06
 Reference value :  1.51647e-06
 Reference value :  1.51695e-06
 Reference value :  1.51797e-06
 Reference value :  1.51835e-06
 Reference value :  1.51943e-06
 Reference value :  1.52007e-06
 Reference value :  1.52067e-06
 Reference value :  1.52171e-06
 Reference value :  1.52227e-06
 Reference value :  1.52351e-06
 Reference value :  1.52407e-06
 Reference value :  1.52467e-06
 Reference value :  1.52547e-06
 Reference value :  1.52635e-06
 Reference value :  1.52759e-06
 Reference value :  1.52815e-06
 Reference value :  1.52871e-06
 Reference value :  1.52971e-06
 Reference value :  1.53019e-06
 Reference value :  1.53111e-06
 Reference value :  1.53201e-06
 Reference value :  1.53243e-06
 Reference value :  1.53307e-06
 Reference value :  1.53415e-06
 Reference value :  1.53511e-06
 Reference value :  1.53601e-06
 Reference value :  1.53651e-06
 Reference value :  1.53759e-06
 Reference value :  1.53815e-06
 Reference value :  1.53903e-06
 Reference value :  1.54000e-06
 Reference value :  1.54039e-06
 Reference value :  1.54091e-06
 Reference value :  1.54143e-06
 Reference value :  1.54211e-06
 Reference value :  1.54287e-06
 Reference value :  1.54391e-06
 Reference value :  1.54435e-06
 Reference value :  1.54511e-06
 Reference value :  1.54601e-06
 Reference value :  1.54663e-06
 Reference value :  1.54767e-06
 Reference value :  1.54815e-06
 Reference value :  1.54867e-06
 Reference value :  1.54931e-06
 Reference value :  1.55003e-06
 Reference value :  1.55067e-06
 Reference value :  1.55171e-06
 Reference value :  1.55223e-06
 Reference value :  1.55295e-06
 Reference value :  1.55400e-06
 Reference value :  1.55459e-06
 Reference value :  1.55567e-06
 Reference value :  1.55615e-06
 Reference value :  1.55671e-06
 Reference value :  1.55735e-06
 Reference value :  1.55807e-06
 Reference value :  1.55879e-06
 Reference value :  1.55979e-06
 Reference value :  1.56031e-06
 Reference value :  1.56099e-06
 Reference value :  1.56197e-06
 Reference value :  1.56243e-06
 Reference value :  1.56351e-06
 Reference value :  1.56407e-06
 Reference value :  1.56459e-06
 Reference value :  1.56523e-06
 Reference value :  1.56602e-06
 Reference value :  1.56663e-06
 Reference value :  1.56767e-06
 Reference value :  1.56819e-06
 Reference value :  1.56887e-06
 Reference value :  1.56991e-06
 Reference value :  1.57031e-06
 Reference value :  1.57131e-06
 Reference value :  1.57203e-06
 Reference value :  1.57251e-06
 Reference value :  1.57303e-06
 Reference value :  1.57397e-06
 Reference value :  1.57435e-06
 Reference value :  1.57535e-06
 Reference value :  1.57603e-06
 Reference value :  1.57651e-06
 Reference value :  1.57751e-06
 Reference value :  1.57811e-06
 Reference value :  1.57899e-06
 Reference value :  1.58000e-06
 Reference value :  1.58035e-06
 Reference value :  1.58083e-06
 Reference value :  1.58167e-06
 Reference value :  1.58215e-06
 Reference value :  1.58315e-06
 Reference value :  1.58401e-06
 Reference value :  1.58447e-06
 Reference value :  1.58543e-06
 Reference value :  1.58607e-06
 Reference value :  1.58687e-06
 Reference value :  1.58791e-06
 Reference value :  1.58827e-06
 Reference value :  1.58883e-06
 Reference value :  1.58959e-06
 Reference value :  1.59019e-06
 Reference value :  1.59115e-06
 Reference value :  1.59201e-06
 Reference value :  1.59247e-06
 Reference value :  1.59335e-06
 Reference value :  1.59404e-06
 Reference value :  1.59483e-06
 Reference value :  1.59597e-06
 Reference value :  1.59639e-06
 Reference value :  1.59687e-06
 Reference value :  1.59779e-06
 Reference value :  1.59819e-06
 Reference value :  1.59919e-06
 Reference value :  1.60001e-06
 Reference value :  1.60051e-06
 Reference value :  1.60151e-06
 Reference value :  1.60211e-06
 Reference value :  1.60299e-06
 Reference value :  1.60400e-06
 Reference value :  1.60439e-06
 Reference value :  1.60487e-06
 Reference value :  1.60543e-06
 Reference value :  1.60607e-06
 Reference value :  1.60679e-06
 Reference value :  1.60783e-06
 Reference value :  1.60831e-06
 Reference value :  1.60891e-06
 Reference value :  1.61000e-06
 Reference value :  1.61055e-06
 Reference value :  1.61159e-06
 Reference value :  1.61211e-06
 Reference value :  1.61263e-06
 Reference value :  1.61323e-06
 Reference value :  1.61401e-06
 Reference value :  1.61459e-06
 Reference value :  1.61567e-06
 Reference value :  1.61619e-06
 Reference value :  1.61687e-06
 Reference value :  1.61787e-06
 Reference value :  1.61827e-06
 Reference value :  1.61927e-06
 Reference value :  1.62002e-06
 Reference value :  1.62047e-06
 Reference value :  1.62099e-06
 Reference value :  1.62191e-06
 Reference value :  1.62227e-06
 Reference value :  1.62327e-06
 Reference value :  1.62402e-06
 Reference value :  1.62451e-06
 Reference value :  1.62551e-06
 Reference value :  1.62611e-06
 Reference value :  1.62703e-06
 Reference value :  1.62800e-06
 Reference value :  1.62839e-06
 Reference value :  1.62891e-06
 Reference value :  1.63001e-06
 Reference value :  1.63059e-06
 Reference value :  1.63159e-06
 Reference value :  1.63215e-06
 Reference value :  1.63275e-06
 Reference value :  1.63383e-06
 Reference value :  1.63427e-06
 Reference value :  1.63531e-06
 Reference value :  1.63602e-06
 Reference value :  1.63647e-06
 Reference value :  1.63695e-06
 Reference value :  1.63783e-06
 Reference value :  1.63823e-06
 Reference value :  1.63923e-06
 Reference value :  1.64002e-06
 Reference value :  1.64047e-06
 Reference value :  1.64131e-06
 Reference value :  1.64204e-06
 Reference value :  1.64283e-06
 Reference value :  1.64387e-06
 Reference value :  1.64431e-06
 Reference value :  1.64483e-06
 Reference value :  1.64575e-06
 Reference value :  1.64619e-06
 Reference value :  1.64719e-06
 Reference value :  1.64801e-06
 Reference value :  1.64851e-06
 Reference value :  1.64951e-06
 Reference value :  1.65011e-06
 Reference value :  1.65099e-06
 Reference value :  1.65200e-06
 Reference value :  1.65239e-06
 Reference value :  1.65295e-06
 Reference value :  1.65375e-06
 Reference value :  1.65419e-06
 Reference value :  1.65519e-06
 Reference value :  1.65601e-06
 Reference value :  1.65647e-06
 Reference value :  1.65739e-06
 Reference value :  1.65804e-06
 Reference value :  1.65883e-06
 Reference value :  1.65987e-06
 Reference value :  1.66027e-06
 Reference value :  1.66075e-06
 Reference value :  1.66155e-06
 Reference value :  1.66215e-06
 Reference value :  1.66311e-06
 Reference value :  1.66404e-06
 Reference value :  1.66467e-06
 Reference value :  1.66571e-06
 Reference value :  1.66619e-06
 Reference value :  1.66715e-06
 Reference value :  1.66801e-06
 Reference value :  1.66843e-06
 Reference value :  1.66895e-06
 Reference value :  1.66963e-06
 Reference value :  1.67015e-06
 Reference value :  1.67107e-06
 Reference value :  1.67200e-06
 Reference value :  1.67251e-06
 Reference value :  1.67351e-06
 Reference value :  1.67411e-06
 Reference value :  1.67495e-06
 Reference value :  1.67595e-06
 Reference value :  1.67631e-06
 Reference value :  1.67675e-06
 Reference value :  1.67759e-06
 Reference value :  1.67815e-06
 Reference value :  1.67903e-06
 Reference value :  1.68000e-06
 Reference value :  1.68039e-06
 Reference value :  1.68119e-06
 Reference value :  1.68201e-06
 Reference value :  1.68267e-06
 Reference value :  1.68375e-06
 Reference value :  1.68419e-06
 Reference value :  1.68479e-06
 Reference value :  1.68547e-06
 Reference value :  1.68611e-06
 Reference value :  1.68687e-06
 Reference value :  1.68791e-06
 Reference value :  1.68835e-06
 Reference value :  1.68903e-06
 Reference value :  1.69000e-06
 Reference value :  1.69043e-06
 Reference value :  1.69147e-06
 Reference value :  1.69207e-06
 Reference value :  1.69259e-06
 Reference value :  1.69315e-06
 Reference value :  1.69401e-06
 Reference value :  1.69451e-06
 Reference value :  1.69555e-06
 Reference value :  1.69615e-06
 Reference value :  1.69679e-06
 Reference value :  1.69787e-06
 Reference value :  1.69835e-06
 Reference value :  1.69943e-06
 Reference value :  1.70007e-06
 Reference value :  1.70063e-06
 Reference value :  1.70111e-06
 Reference value :  1.70200e-06
 Reference value :  1.70247e-06
 Reference value :  1.70367e-06
 Reference value :  1.70419e-06
 Reference value :  1.70475e-06
 Reference value :  1.70579e-06
 Reference value :  1.70623e-06
 Reference value :  1.70723e-06
 Reference value :  1.70802e-06
 Reference value :  1.70847e-06
 Reference value :  1.70891e-06
 Reference value :  1.70995e-06
 Reference value :  1.71031e-06
 Reference value :  1.71135e-06
 Reference value :  1.71204e-06
 Reference value :  1.71255e-06
 Reference value :  1.71355e-06
 Reference value :  1.71415e-06
 Reference value :  1.71503e-06
 Reference value :  1.71600e-06
 Reference value :  1.71635e-06
 Reference value :  1.71687e-06
 Reference value :  1.71767e-06
 Reference value :  1.71815e-06
 Reference value :  1.71911e-06
 Reference value :  1.72001e-06
 Reference value :  1.72047e-06
 Reference value :  1.72139e-06
 Reference value :  1.72204e-06
 Reference value :  1.72283e-06
 Reference value :  1.72391e-06
 Reference value :  1.72431e-06
 Reference value :  1.72479e-06
 Reference value :  1.72559e-06
 Reference value :  1.72615e-06
 Reference value :  1.72703e-06
 Reference value :  1.72800e-06
 Reference value :  1.72839e-06
 Reference value :  1.72919e-06
 Reference value :  1.73001e-06
 Reference value :  1.73063e-06
 Reference value :  1.73167e-06
 Reference value :  1.73215e-06
 Reference value :  1.73275e-06
 Reference value :  1.73319e-06
 Reference value :  1.73401e-06
 Reference value :  1.73455e-06
 Reference value :  1.73559e-06
 Reference value :  1.73615e-06
 Reference value :  1.73667e-06
 Reference value :  1.73771e-06
 Reference value :  1.73827e-06
 Reference value :  1.73947e-06
 Reference value :  1.74011e-06
 Reference value :  1.74063e-06
 Reference value :  1.74123e-06
 Reference value :  1.74202e-06
 Reference value :  1.74263e-06
 Reference value :  1.74367e-06
 Reference value :  1.74423e-06
 Reference value :  1.74487e-06
 Reference value :  1.74591e-06
 Reference value :  1.74631e-06
 Reference value :  1.74739e-06
 Reference value :  1.74803e-06
 Reference value :  1.74847e-06
 Reference value :  1.74899e-06
 Reference value :  1.74991e-06
 Reference value :  1.75031e-06
 Reference value :  1.75135e-06
 Reference value :  1.75204e-06
 Reference value :  1.75251e-06
 Reference value :  1.75351e-06
 Reference value :  1.75411e-06
 Reference value :  1.75499e-06
 Reference value :  1.75600e-06
 Reference value :  1.75635e-06
 Reference value :  1.75683e-06
 Reference value :  1.75787e-06
 Reference value :  1.75839e-06
 Reference value :  1.75967e-06
 Reference value :  1.76019e-06
 Reference value :  1.76083e-06
 Reference value :  1.76183e-06
 Reference value :  1.76227e-06
 Reference value :  1.76331e-06
 Reference value :  1.76403e-06
 Reference value :  1.76451e-06
 Reference value :  1.76499e-06
 Reference value :  1.76597e-06
 Reference value :  1.76631e-06
 Reference value :  1.76739e-06
 Reference value :  1.76807e-06
 Reference value :  1.76855e-06
 Reference value :  1.76951e-06
 Reference value :  1.77011e-06
 Reference value :  1.77107e-06
 Reference value :  1.77227e-06
 Reference value :  1.77291e-06
 Reference value :  1.77401e-06
 Reference value :  1.77491e-06
 Reference value :  1.77601e-06
 Reference value :  1.77679e-06
 Reference value :  1.77800e-06
 Reference value :  1.77875e-06
 Reference value :  1.78000e-06
 Reference value :  1.78051e-06
 Reference value :  1.78151e-06
 Reference value :  1.78223e-06
 Reference value :  1.78359e-06
 Reference value :  1.78435e-06
 Reference value :  1.78535e-06
 Reference value :  1.78615e-06
 Reference value :  1.78699e-06
 Reference value :  1.78800e-06
 Reference value :  1.78839e-06
 Reference value :  1.78887e-06
 Reference value :  1.78983e-06
 Reference value :  1.79019e-06
 Reference value :  1.79119e-06
 Reference value :  1.79201e-06
 Reference value :  1.79255e-06
 Reference value :  1.79387e-06
 Reference value :  1.79459e-06
 Reference value :  1.79597e-06
 Reference value :  1.79651e-06
 Reference value :  1.79711e-06
 Reference value :  1.79802e-06
 Reference value :  1.79895e-06
 Reference value :  1.80002e-06
 Reference value :  1.80067e-06
 Reference value :  1.80197e-06
 Reference value :  1.80271e-06
 Reference value :  1.80400e-06
 Reference value :  1.80447e-06
 Reference value :  1.80511e-06
 Reference value :  1.80607e-06
 Reference value :  1.80707e-06
 Reference value :  1.80811e-06
 Reference value :  1.80903e-06
 Reference value :  1.81007e-06
 Reference value :  1.81127e-06
 Reference value :  1.81215e-06
 Reference value :  1.81283e-06
 Reference value :  1.81391e-06
 Reference value :  1.81471e-06
 Reference value :  1.81600e-06
 Reference value :  1.81647e-06
 Reference value :  1.81731e-06
 Reference value :  1.81803e-06
 Reference value :  1.81875e-06
 Reference value :  1.81983e-06
 Reference value :  1.82023e-06
 Reference value :  1.82071e-06
 Reference value :  1.82187e-06
 Reference value :  1.82279e-06
 Reference value :  1.82402e-06
 Reference value :  1.82491e-06
 Reference value :  1.82602e-06
 Reference value :  1.82727e-06
 Reference value :  1.82815e-06
 Reference value :  1.82887e-06
 Reference value :  1.83000e-06
 Reference value :  1.83083e-06
 Reference value :  1.83201e-06
 Reference value :  1.83275e-06
 Reference value :  1.83402e-06
 Reference value :  1.83507e-06
 Reference value :  1.83607e-06
 Reference value :  1.83687e-06
 Reference value :  1.83800e-06
 Reference value :  1.83875e-06
 Reference value :  1.84002e-06
 Reference value :  1.84091e-06
 Reference value :  1.84201e-06
 Reference value :  1.84307e-06
 Reference value :  1.84407e-06
 Reference value :  1.84467e-06
 Reference value :  1.84527e-06
 Reference value :  1.84602e-06
 Reference value :  1.84671e-06
 Reference value :  1.84779e-06
 Reference value :  1.84831e-06
 Reference value :  1.84899e-06
 Reference value :  1.85000e-06
 Reference value :  1.85079e-06
 Reference value :  1.85202e-06
 Reference value :  1.85271e-06
 Reference value :  1.85375e-06
 Reference value :  1.85543e-06
 Reference value :  1.85639e-06
 Reference value :  1.85795e-06
 Reference value :  1.85875e-06
 Reference value :  1.85979e-06
 Reference value :  1.86023e-06
 Reference value :  1.86079e-06
 Reference value :  1.86123e-06
 Reference value :  1.86202e-06
 Reference value :  1.86271e-06
 Reference value :  1.86375e-06
 Reference value :  1.86427e-06
 Reference value :  1.86491e-06
 Reference value :  1.86595e-06
 Reference value :  1.86639e-06
 Reference value :  1.86743e-06
 Reference value :  1.86807e-06
 Reference value :  1.86863e-06
 Reference value :  1.86927e-06
 Reference value :  1.87002e-06
 Reference value :  1.87063e-06
 Reference value :  1.87171e-06
 Reference value :  1.87227e-06
 Reference value :  1.87295e-06
 Reference value :  1.87397e-06
 Reference value :  1.87439e-06
 Reference value :  1.87543e-06
 Reference value :  1.87607e-06
 Reference value :  1.87663e-06
 Reference value :  1.87719e-06
 Reference value :  1.87801e-06
 Reference value :  1.87859e-06
 Reference value :  1.87963e-06
 Reference value :  1.88019e-06
 Reference value :  1.88075e-06
 Reference value :  1.88179e-06
 Reference value :  1.88251e-06
 Reference value :  1.88359e-06
 Reference value :  1.88411e-06
 Reference value :  1.88467e-06
 Reference value :  1.88535e-06
 Reference value :  1.88604e-06
 Reference value :  1.88679e-06
 Reference value :  1.88787e-06
 Reference value :  1.88835e-06
 Reference value :  1.88911e-06
 Reference value :  1.89001e-06
 Reference value :  1.89063e-06
 Reference value :  1.89171e-06
 Reference value :  1.89219e-06
 Reference value :  1.89275e-06
 Reference value :  1.89335e-06
 Reference value :  1.89407e-06
 Reference value :  1.89479e-06
 Reference value :  1.89579e-06
 Reference value :  1.89627e-06
 Reference value :  1.89687e-06
 Reference value :  1.89791e-06
 Reference value :  1.89835e-06
 Reference value :  1.89943e-06
 Reference value :  1.90007e-06
 Reference value :  1.90059e-06
 Reference value :  1.90107e-06
 Reference value :  1.90200e-06
 Reference value :  1.90247e-06
 Reference value :  1.90351e-06
 Reference value :  1.90411e-06
 Reference value :  1.90471e-06
 Reference value :  1.90579e-06
 Reference value :  1.90639e-06
 Reference value :  1.90747e-06
 Reference value :  1.90807e-06
 Reference value :  1.90863e-06
 Reference value :  1.90919e-06
 Reference value :  1.91002e-06
 Reference value :  1.91067e-06
 Reference value :  1.91171e-06
 Reference value :  1.91227e-06
 Reference value :  1.91295e-06
 Reference value :  1.91397e-06
 Reference value :  1.91443e-06
 Reference value :  1.91551e-06
 Reference value :  1.91611e-06
 Reference value :  1.91667e-06
 Reference value :  1.91743e-06
 Reference value :  1.91811e-06
 Reference value :  1.91891e-06
 Reference value :  1.91995e-06
 Reference value :  1.92035e-06
 Reference value :  1.92127e-06
 Reference value :  1.92211e-06
 Reference value :  1.92319e-06
 Reference value :  1.92402e-06
 Reference value :  1.92451e-06
 Reference value :  1.92499e-06
 Reference value :  1.92571e-06
 Reference value :  1.92619e-06
 Reference value :  1.92723e-06
 Reference value :  1.92802e-06
 Reference value :  1.92851e-06
 Reference value :  1.92955e-06
 Reference value :  1.93019e-06
 Reference value :  1.93115e-06
 Reference value :  1.93201e-06
 Reference value :  1.93247e-06
 Reference value :  1.93295e-06
 Reference value :  1.93397e-06
 Reference value :  1.93435e-06
 Reference value :  1.93535e-06
 Reference value :  1.93603e-06
 Reference value :  1.93655e-06
 Reference value :  1.93759e-06
 Reference value :  1.93819e-06
 Reference value :  1.93919e-06
 Reference value :  1.94007e-06
 Reference value :  1.94071e-06
 Reference value :  1.94131e-06
 Reference value :  1.94204e-06
 Reference value :  1.94271e-06
 Reference value :  1.94371e-06
 Reference value :  1.94427e-06
 Reference value :  1.94487e-06
 Reference value :  1.94591e-06
 Reference value :  1.94635e-06
 Reference value :  1.94743e-06
 Reference value :  1.94807e-06
 Reference value :  1.94863e-06
 Reference value :  1.94939e-06
 Reference value :  1.95015e-06
 Reference value :  1.95111e-06
 Reference value :  1.95201e-06
 Reference value :  1.95247e-06
 Reference value :  1.95335e-06
 Reference value :  1.95404e-06
 Reference value :  1.95487e-06
 Reference value :  1.95595e-06
 Reference value :  1.95635e-06
 Reference value :  1.95687e-06
 Reference value :  1.95767e-06
 Reference value :  1.95815e-06
 Reference value :  1.95907e-06
 Reference value :  1.96001e-06
 Reference value :  1.96047e-06
 Reference value :  1.96135e-06
 Reference value :  1.96207e-06
 Reference value :  1.96287e-06
 Reference value :  1.96395e-06
 Reference value :  1.96431e-06
 Reference value :  1.96479e-06
 Reference value :  1.96555e-06
 Reference value :  1.96615e-06
 Reference value :  1.96707e-06
 Reference value :  1.96800e-06
 Reference value :  1.96843e-06
 Reference value :  1.96923e-06
 Reference value :  1.97002e-06
 Reference value :  1.97071e-06
 Reference value :  1.97175e-06
 Reference value :  1.97223e-06
 Reference value :  1.97279e-06
 Reference value :  1.97343e-06
 Reference value :  1.97411e-06
 Reference value :  1.97483e-06
 Reference value :  1.97583e-06
 Reference value :  1.97631e-06
 Reference value :  1.97703e-06
 Reference value :  1.97800e-06
 Reference value :  1.97859e-06
 Reference value :  1.97963e-06
 Reference value :  1.98015e-06
 Reference value :  1.98071e-06
 Reference value :  1.98151e-06
 Reference value :  1.98211e-06
 Reference value :  1.98287e-06
 Reference value :  1.98391e-06
 Reference value :  1.98435e-06
 Reference value :  1.98519e-06
 Reference value :  1.98635e-06
 Reference value :  1.98739e-06
 Reference value :  1.98807e-06
 Reference value :  1.98863e-06
 Reference value :  1.98907e-06
 Reference value :  1.98987e-06
 Reference value :  1.99023e-06
 Reference value :  1.99123e-06
 Reference value :  1.99202e-06
 Reference value :  1.99247e-06
 Reference value :  1.99331e-06
 Reference value :  1.99404e-06
 Reference value :  1.99483e-06
 Reference value :  1.99595e-06
 Reference value :  1.99635e-06
 Reference value :  1.99679e-06
 Reference value :  1.99767e-06
 Reference value :  1.99815e-06
 Reference value :  1.99907e-06
 Reference value :  2.00000e-06
 Reference value :  2.00043e-06
 Reference value :  2.00131e-06
 Reference value :  2.00202e-06
 Reference value :  2.00271e-06
 Reference value :  2.00371e-06
 Reference value :  2.00475e-06
 Reference value :  2.00555e-06
 Reference value :  2.00615e-06
 Reference value :  2.00707e-06
 Reference value :  2.00800e-06
 Reference value :  2.00843e-06
 Reference value :  2.00923e-06
 Reference value :  2.01001e-06
 Reference value :  2.01067e-06
 Reference value :  2.01167e-06
 Reference value :  2.01215e-06
 Reference value :  2.01267e-06
 Reference value :  2.01339e-06
 Reference value :  2.01407e-06
 Reference value :  2.01483e-06
 Reference value :  2.01591e-06
 Reference value :  2.01639e-06
 Reference value :  2.01719e-06
 Reference value :  2.01801e-06
 Reference value :  2.01867e-06
 Reference value :  2.01971e-06
 Reference value :  2.02019e-06
 Reference value :  2.02075e-06
 Reference value :  2.02135e-06
 Reference value :  2.02204e-06
 Reference value :  2.02271e-06
 Reference value :  2.02379e-06
 Reference value :  2.02431e-06
 Reference value :  2.02495e-06
 Reference value :  2.02600e-06
 Reference value :  2.02647e-06
 Reference value :  2.02755e-06
 Reference value :  2.02811e-06
 Reference value :  2.02863e-06
 Reference value :  2.02927e-06
 Reference value :  2.03002e-06
 Reference value :  2.03067e-06
 Reference value :  2.03171e-06
 Reference value :  2.03223e-06
 Reference value :  2.03291e-06
 Reference value :  2.03397e-06
 Reference value :  2.03443e-06
 Reference value :  2.03543e-06
 Reference value :  2.03607e-06
 Reference value :  2.03663e-06
 Reference value :  2.03715e-06
 Reference value :  2.03801e-06
 Reference value :  2.03851e-06
 Reference value :  2.03955e-06
 Reference value :  2.04015e-06
 Reference value :  2.04067e-06
 Reference value :  2.04175e-06
 Reference value :  2.04223e-06
 Reference value :  2.04323e-06
 Reference value :  2.04402e-06
 Reference value :  2.04447e-06
 Reference value :  2.04499e-06
 Reference value :  2.04597e-06
 Reference value :  2.04631e-06
 Reference value :  2.04735e-06
 Reference value :  2.04804e-06
 Reference value :  2.04859e-06
 Reference value :  2.04959e-06
 Reference value :  2.05019e-06
 Reference value :  2.05111e-06
 Reference value :  2.05200e-06
 Reference value :  2.05239e-06
 Reference value :  2.05291e-06
 Reference value :  2.05339e-06
 Reference value :  2.05404e-06
 Reference value :  2.05479e-06
 Reference value :  2.05600e-06
 Reference value :  2.05643e-06
 Reference value :  2.05731e-06
 Reference value :  2.05803e-06
 Reference value :  2.05875e-06
 Reference value :  2.05983e-06
 Reference value :  2.06023e-06
 Reference value :  2.06071e-06
 Reference value :  2.06147e-06
 Reference value :  2.06211e-06
 Reference value :  2.06287e-06
 Reference value :  2.06391e-06
 Reference value :  2.06435e-06
 Reference value :  2.06515e-06
 Reference value :  2.06601e-06
 Reference value :  2.06663e-06
 Reference value :  2.06767e-06
 Reference value :  2.06815e-06
 Reference value :  2.06871e-06
 Reference value :  2.06943e-06
 Reference value :  2.07011e-06
 Reference value :  2.07083e-06
 Reference value :  2.07191e-06
 Reference value :  2.07235e-06
 Reference value :  2.07303e-06
 Reference value :  2.07400e-06
 Reference value :  2.07455e-06
 Reference value :  2.07559e-06
 Reference value :  2.07611e-06
 Reference value :  2.07667e-06
 Reference value :  2.07739e-06
 Reference value :  2.07807e-06
 Reference value :  2.07879e-06
 Reference value :  2.07983e-06
 Reference value :  2.08031e-06
 Reference value :  2.08107e-06
 Reference value :  2.08201e-06
 Reference value :  2.08259e-06
 Reference value :  2.08367e-06
 Reference value :  2.08423e-06
 Reference value :  2.08483e-06
 Reference value :  2.08547e-06
 Reference value :  2.08611e-06
 Reference value :  2.08687e-06
 Reference value :  2.08795e-06
 Reference value :  2.08839e-06
 Reference value :  2.08915e-06
 Reference value :  2.09001e-06
 Reference value :  2.09071e-06
 Reference value :  2.09179e-06
 Reference value :  2.09219e-06
 Reference value :  2.09267e-06
 Reference value :  2.09335e-06
 Reference value :  2.09404e-06
 Reference value :  2.09475e-06
 Reference value :  2.09579e-06
 Reference value :  2.09627e-06
 Reference value :  2.09707e-06
 Reference value :  2.09801e-06
 Reference value :  2.09859e-06
 Reference value :  2.09963e-06
 Reference value :  2.10019e-06
 Reference value :  2.10075e-06
 Reference value :  2.10143e-06
 Reference value :  2.10211e-06
 Reference value :  2.10287e-06
 Reference value :  2.10391e-06
 Reference value :  2.10435e-06
 Reference value :  2.10507e-06
 Reference value :  2.10600e-06
 Reference value :  2.10651e-06
 Reference value :  2.10755e-06
 Reference value :  2.10811e-06
 Reference value :  2.10867e-06
 Reference value :  2.10935e-06
 Reference value :  2.11003e-06
 Reference value :  2.11071e-06
 Reference value :  2.11175e-06
 Reference value :  2.11227e-06
 Reference value :  2.11299e-06
 Reference value :  2.11400e-06
 Reference value :  2.11451e-06
 Reference value :  2.11555e-06
 Reference value :  2.11611e-06
 Reference value :  2.11671e-06
 Reference value :  2.11719e-06
 Reference value :  2.11801e-06
 Reference value :  2.11859e-06
 Reference value :  2.11967e-06
 Reference value :  2.12023e-06
 Reference value :  2.12079e-06
 Reference value :  2.12183e-06
 Reference value :  2.12227e-06
 Reference value :  2.12367e-06
 Reference value :  2.12423e-06
 Reference value :  2.12471e-06
 Reference value :  2.12543e-06
 Reference value :  2.12611e-06
 Reference value :  2.12687e-06
 Reference value :  2.12787e-06
 Reference value :  2.12831e-06
 Reference value :  2.12899e-06
 Reference value :  2.13000e-06
 Reference value :  2.13047e-06
 Reference value :  2.13151e-06
 Reference value :  2.13211e-06
 Reference value :  2.13271e-06
 Reference value :  2.13331e-06
 Reference value :  2.13404e-06
 Reference value :  2.13475e-06
 Reference value :  2.13579e-06
 Reference value :  2.13627e-06
 Reference value :  2.13687e-06
 Reference value :  2.13795e-06
 Reference value :  2.13835e-06
 Reference value :  2.13939e-06
 Reference value :  2.14007e-06
 Reference value :  2.14059e-06
 Reference value :  2.14119e-06
 Reference value :  2.14201e-06
 Reference value :  2.14259e-06
 Reference value :  2.14363e-06
 Reference value :  2.14419e-06
 Reference value :  2.14479e-06
 Reference value :  2.14583e-06
 Reference value :  2.14623e-06
 Reference value :  2.14727e-06
 Reference value :  2.14802e-06
 Reference value :  2.14847e-06
 Reference value :  2.14907e-06
 Reference value :  2.15000e-06
 Reference value :  2.15047e-06
 Reference value :  2.15147e-06
 Reference value :  2.15211e-06
 Reference value :  2.15259e-06
 Reference value :  2.15359e-06
 Reference value :  2.15415e-06
 Reference value :  2.15499e-06
 Reference value :  2.15597e-06
 Reference value :  2.15635e-06
 Reference value :  2.15683e-06
 Reference value :  2.15767e-06
 Reference value :  2.15819e-06
 Reference value :  2.15923e-06
 Reference value :  2.16002e-06
 Reference value :  2.16051e-06
 Reference value :  2.16155e-06
 Reference value :  2.16219e-06
 Reference value :  2.16319e-06
 Reference value :  2.16401e-06
 Reference value :  2.16443e-06
 Reference value :  2.16499e-06
 Reference value :  2.16595e-06
 Reference value :  2.16631e-06
 Reference value :  2.16731e-06
 Reference value :  2.16803e-06
 Reference value :  2.16851e-06
 Reference value :  2.16951e-06
 Reference value :  2.17015e-06
 Reference value :  2.17103e-06
 Reference value :  2.17200e-06
 Reference value :  2.17235e-06
 Reference value :  2.17287e-06
 Reference value :  2.17383e-06
 Reference value :  2.17423e-06
 Reference value :  2.17523e-06
 Reference value :  2.17601e-06
 Reference value :  2.17651e-06
 Reference value :  2.17747e-06
 Reference value :  2.17811e-06
 Reference value :  2.17895e-06
 Reference value :  2.18000e-06
 Reference value :  2.18039e-06
 Reference value :  2.18087e-06
 Reference value :  2.18143e-06
 Reference value :  2.18211e-06
 Reference value :  2.18287e-06
 Reference value :  2.18387e-06
 Reference value :  2.18431e-06
 Reference value :  2.18491e-06
 Reference value :  2.18595e-06
 Reference value :  2.18635e-06
 Reference value :  2.18739e-06
 Reference value :  2.18804e-06
 Reference value :  2.18851e-06
 Reference value :  2.18895e-06
 Reference value :  2.19000e-06
 Reference value :  2.19039e-06
 Reference value :  2.19143e-06
 Reference value :  2.19207e-06
 Reference value :  2.19263e-06
 Reference value :  2.19367e-06
 Reference value :  2.19423e-06
 Reference value :  2.19527e-06
 Reference value :  2.19603e-06
 Reference value :  2.19655e-06
 Reference value :  2.19707e-06
 Reference value :  2.19800e-06
 Reference value :  2.19843e-06
 Reference value :  2.19947e-06
 Reference value :  2.20011e-06
 Reference value :  2.20063e-06
 Reference value :  2.20167e-06
 Reference value :  2.20223e-06
 Reference value :  2.20323e-06
 Reference value :  2.20401e-06
 Reference value :  2.20447e-06
 Reference value :  2.20503e-06
 Reference value :  2.20600e-06
 Reference value :  2.20647e-06
 Reference value :  2.20747e-06
 Reference value :  2.20811e-06
 Reference value :  2.20871e-06
 Reference value :  2.20979e-06
 Reference value :  2.21027e-06
 Reference value :  2.21131e-06
 Reference value :  2.21203e-06
 Reference value :  2.21251e-06
 Reference value :  2.21303e-06
 Reference value :  2.21400e-06
 Reference value :  2.21439e-06
 Reference value :  2.21539e-06
 Reference value :  2.21611e-06
 Reference value :  2.21663e-06
 Reference value :  2.21767e-06
 Reference value :  2.21819e-06
 Reference value :  2.21915e-06
 Reference value :  2.22011e-06
 Reference value :  2.22079e-06
 Reference value :  2.22159e-06
 Reference value :  2.22215e-06
 Reference value :  2.22307e-06
 Reference value :  2.22401e-06
 Reference value :  2.22447e-06
 Reference value :  2.22535e-06
 Reference value :  2.22603e-06
 Reference value :  2.22679e-06
 Reference value :  2.22783e-06
 Reference value :  2.22823e-06
 Reference value :  2.22879e-06
 Reference value :  2.22947e-06
 Reference value :  2.23011e-06
 Reference value :  2.23091e-06
 Reference value :  2.23191e-06
 Reference value :  2.23235e-06
 Reference value :  2.23303e-06
 Reference value :  2.23400e-06
 Reference value :  2.23443e-06
 Reference value :  2.23543e-06
 Reference value :  2.23607e-06
 Reference value :  2.23659e-06
 Reference value :  2.23719e-06
 Reference value :  2.23801e-06
 Reference value :  2.23855e-06
 Reference value :  2.23955e-06
 Reference value :  2.24011e-06
 Reference value :  2.24067e-06
 Reference value :  2.24171e-06
 Reference value :  2.24223e-06
 Reference value :  2.24331e-06
 Reference value :  2.24404e-06
 Reference value :  2.24455e-06
 Reference value :  2.24503e-06
 Reference value :  2.24583e-06
 Reference value :  2.24619e-06
 Reference value :  2.24715e-06
 Reference value :  2.24801e-06
 Reference value :  2.24847e-06
 Reference value :  2.24935e-06
 Reference value :  2.25004e-06
 Reference value :  2.25083e-06
 Reference value :  2.25187e-06
 Reference value :  2.25227e-06
 Reference value :  2.25275e-06
 Reference value :  2.25351e-06
 Reference value :  2.25415e-06
 Reference value :  2.25507e-06
 Reference value :  2.25600e-06
 Reference value :  2.25647e-06
 Reference value :  2.25739e-06
 Reference value :  2.25804e-06
 Reference value :  2.25887e-06
 Reference value :  2.25995e-06
 Reference value :  2.26035e-06
 Reference value :  2.26091e-06
 Reference value :  2.26171e-06
 Reference value :  2.26219e-06
 Reference value :  2.26327e-06
 Reference value :  2.26415e-06
 Reference value :  2.26495e-06
 Reference value :  2.26597e-06
 Reference value :  2.26643e-06
 Reference value :  2.26751e-06
 Reference value :  2.26811e-06
 Reference value :  2.26867e-06
 Reference value :  2.26939e-06
 Reference value :  2.27007e-06
 Reference value :  2.27079e-06
 Reference value :  2.27183e-06
 Reference value :  2.27231e-06
 Reference value :  2.27303e-06
 Reference value :  2.27400e-06
 Reference value :  2.27455e-06
 Reference value :  2.27555e-06
 Reference value :  2.27611e-06
 Reference value :  2.27667e-06
 Reference value :  2.27719e-06
 Reference value :  2.27801e-06
 Reference value :  2.27851e-06
 Reference value :  2.27955e-06
 Reference value :  2.28015e-06
 Reference value :  2.28067e-06
 Reference value :  2.28175e-06
 Reference value :  2.28223e-06
 Reference value :  2.28331e-06
 Reference value :  2.28403e-06
 Reference value :  2.28451e-06
 Reference value :  2.28495e-06
 Reference value :  2.28597e-06
 Reference value :  2.28639e-06
 Reference value :  2.28743e-06
 Reference value :  2.28811e-06
 Reference value :  2.28875e-06
 Reference value :  2.29000e-06
 Reference value :  2.29047e-06
 Reference value :  2.29151e-06
 Reference value :  2.29211e-06
 Reference value :  2.29275e-06
 Reference value :  2.29335e-06
 Reference value :  2.29407e-06
 Reference value :  2.29483e-06
 Reference value :  2.29591e-06
 Reference value :  2.29635e-06
 Reference value :  2.29703e-06
 Reference value :  2.29800e-06
 Reference value :  2.29855e-06
 Reference value :  2.29963e-06
 Reference value :  2.30015e-06
 Reference value :  2.30067e-06
 Reference value :  2.30139e-06
 Reference value :  2.30207e-06
 Reference value :  2.30283e-06
 Reference value :  2.30395e-06
 Reference value :  2.30451e-06
 Reference value :  2.30575e-06
 Reference value :  2.30639e-06
 Reference value :  2.30759e-06
 Reference value :  2.30819e-06
 Reference value :  2.30883e-06
 Reference value :  2.30935e-06
 Reference value :  2.31015e-06
 Reference value :  2.31127e-06
 Reference value :  2.31211e-06
 Reference value :  2.31287e-06
 Reference value :  2.31401e-06
 Reference value :  2.31483e-06
 Reference value :  2.31600e-06
 Reference value :  2.31647e-06
 Reference value :  2.31707e-06
 Reference value :  2.31802e-06
 Reference value :  2.31887e-06
 Reference value :  2.32001e-06
 Reference value :  2.32051e-06
 Reference value :  2.32167e-06
 Reference value :  2.32231e-06
 Reference value :  2.32355e-06
 Reference value :  2.32423e-06
 Reference value :  2.32487e-06
 Reference value :  2.32587e-06
 Reference value :  2.32643e-06
 Reference value :  2.32771e-06
 Reference value :  2.32835e-06
 Reference value :  2.32927e-06
 Reference value :  2.33007e-06
 Reference value :  2.33107e-06
 Reference value :  2.33202e-06
 Reference value :  2.33255e-06
 Reference value :  2.33331e-06
 Reference value :  2.33415e-06
 Reference value :  2.33527e-06
 Reference value :  2.33611e-06
 Reference value :  2.33699e-06
 Reference value :  2.33803e-06
 Reference value :  2.33907e-06
 Reference value :  2.34002e-06
 Reference value :  2.34059e-06
 Reference value :  2.34123e-06
 Reference value :  2.34207e-06
 Reference value :  2.34299e-06
 Reference value :  2.34401e-06
 Reference value :  2.34455e-06
 Reference value :  2.34579e-06
 Reference value :  2.34643e-06
 Reference value :  2.34763e-06
 Reference value :  2.34827e-06
 Reference value :  2.34887e-06
 Reference value :  2.35000e-06
 Reference value :  2.35055e-06
 Reference value :  2.35183e-06
 Reference value :  2.35239e-06
 Reference value :  2.35339e-06
 Reference value :  2.35415e-06
 Reference value :  2.35523e-06
 Reference value :  2.35607e-06
 Reference value :  2.35671e-06
 Reference value :  2.35755e-06
 Reference value :  2.35819e-06
 Reference value :  2.35939e-06
 Reference value :  2.36019e-06
 Reference value :  2.36099e-06
 Reference value :  2.36201e-06
 Reference value :  2.36287e-06
 Reference value :  2.36401e-06
 Reference value :  2.36451e-06
 Reference value :  2.36527e-06
 Reference value :  2.36611e-06
 Reference value :  2.36703e-06
 Reference value :  2.36802e-06
 Reference value :  2.36863e-06
 Reference value :  2.36987e-06
 Reference value :  2.37047e-06
 Reference value :  2.37171e-06
 Reference value :  2.37235e-06
 Reference value :  2.37295e-06
 Reference value :  2.37383e-06
 Reference value :  2.37435e-06
 Reference value :  2.37555e-06
 Reference value :  2.37627e-06
 Reference value :  2.37703e-06
 Reference value :  2.37802e-06
 Reference value :  2.37899e-06
 Reference value :  2.38001e-06
 Reference value :  2.38055e-06
 Reference value :  2.38127e-06
 Reference value :  2.38215e-06
 Reference value :  2.38327e-06
 Reference value :  2.38411e-06
 Reference value :  2.38495e-06
 Reference value :  2.38601e-06
 Reference value :  2.38687e-06
 Reference value :  2.38801e-06
 Reference value :  2.38851e-06
 Reference value :  2.38919e-06
 Reference value :  2.39011e-06
 Reference value :  2.39111e-06
 Reference value :  2.39203e-06
 Reference value :  2.39259e-06
 Reference value :  2.39379e-06
 Reference value :  2.39443e-06
 Reference value :  2.39571e-06
 Reference value :  2.39631e-06
 Reference value :  2.39687e-06
 Reference value :  2.39797e-06
 Reference value :  2.39851e-06
 Reference value :  2.39975e-06
 Reference value :  2.40035e-06
 Reference value :  2.40131e-06
 Reference value :  2.40215e-06
 Reference value :  2.40319e-06
 Reference value :  2.40404e-06
 Reference value :  2.40463e-06
 Reference value :  2.40523e-06
 Reference value :  2.40607e-06
 Reference value :  2.40699e-06
 Reference value :  2.40801e-06
 Reference value :  2.40851e-06
 Reference value :  2.40971e-06
 Reference value :  2.41035e-06
 Reference value :  2.41159e-06
 Reference value :  2.41223e-06
 Reference value :  2.41283e-06
 Reference value :  2.41387e-06
 Reference value :  2.41439e-06
 Reference value :  2.41563e-06
 Reference value :  2.41631e-06
 Reference value :  2.41723e-06
 Reference value :  2.41807e-06
 Reference value :  2.41915e-06
 Reference value :  2.42004e-06
 Reference value :  2.42067e-06
 Reference value :  2.42143e-06
 Reference value :  2.42215e-06
 Reference value :  2.42327e-06
 Reference value :  2.42407e-06
 Reference value :  2.42471e-06
 Reference value :  2.42595e-06
 Reference value :  2.42655e-06
 Reference value :  2.42775e-06
 Reference value :  2.42835e-06
 Reference value :  2.42891e-06
 Reference value :  2.43001e-06
 Reference value :  2.43067e-06
 Reference value :  2.43195e-06
 Reference value :  2.43251e-06
 Reference value :  2.43371e-06
 Reference value :  2.43431e-06
 Reference value :  2.43555e-06
 Reference value :  2.43627e-06
 Reference value :  2.43691e-06
 Reference value :  2.43763e-06
 Reference value :  2.43819e-06
 Reference value :  2.43943e-06
 Reference value :  2.44019e-06
 Reference value :  2.44095e-06
 Reference value :  2.44201e-06
 Reference value :  2.44279e-06
 Reference value :  2.44397e-06
 Reference value :  2.44447e-06
 Reference value :  2.44507e-06
 Reference value :  2.44602e-06
 Reference value :  2.44679e-06
 Reference value :  2.44800e-06
 Reference value :  2.44851e-06
 Reference value :  2.44975e-06
 Reference value :  2.45035e-06
 Reference value :  2.45163e-06
 Reference value :  2.45223e-06
 Reference value :  2.45291e-06
 Reference value :  2.45395e-06
 Reference value :  2.45451e-06
 Reference value :  2.45575e-06
 Reference value :  2.45635e-06
 Reference value :  2.45727e-06
 Reference value :  2.45811e-06
 Reference value :  2.45923e-06
 Reference value :  2.46007e-06
 Reference value :  2.46067e-06
 Reference value :  2.46159e-06
 Reference value :  2.46223e-06
 Reference value :  2.46355e-06
 Reference value :  2.46427e-06
 Reference value :  2.46527e-06
 Reference value :  2.46611e-06
 Reference value :  2.46719e-06
 Reference value :  2.46807e-06
 Reference value :  2.46875e-06
 Reference value :  2.46951e-06
 Reference value :  2.47019e-06
 Reference value :  2.47139e-06
 Reference value :  2.47219e-06
 Reference value :  2.47291e-06
 Reference value :  2.47401e-06
 Reference value :  2.47479e-06
 Reference value :  2.47597e-06
 Reference value :  2.47643e-06
 Reference value :  2.47699e-06
 Reference value :  2.47801e-06
 Reference value :  2.47871e-06
 Reference value :  2.47995e-06
 Reference value :  2.48047e-06
 Reference value :  2.48155e-06
 Reference value :  2.48223e-06
 Reference value :  2.48343e-06
 Reference value :  2.48415e-06
 Reference value :  2.48483e-06
 Reference value :  2.48579e-06
 Reference value :  2.48635e-06
 Reference value :  2.48755e-06
 Reference value :  2.48827e-06
 Reference value :  2.48903e-06
 Reference value :  2.49001e-06
 Reference value :  2.49091e-06
 Reference value :  2.49200e-06
 Reference value :  2.49247e-06
 Reference value :  2.49319e-06
 Reference value :  2.49407e-06
 Reference value :  2.49499e-06
 Reference value :  2.49601e-06
 Reference value :  2.49655e-06
 Reference value :  2.49775e-06
 Reference value :  2.49835e-06
 Reference value :  2.49955e-06
 Reference value :  2.50019e-06
 Reference value :  2.50083e-06
 Reference value :  2.50139e-06
 Reference value :  2.50215e-06
 Reference value :  2.50327e-06
 Reference value :  2.50411e-06
 Reference value :  2.50479e-06
 Reference value :  2.50600e-06
 Reference value :  2.50663e-06
 Reference value :  2.50791e-06
 Reference value :  2.50839e-06
 Reference value :  2.50891e-06
 Reference value :  2.51001e-06
 Reference value :  2.51075e-06
 Reference value :  2.51201e-06
 Reference value :  2.51255e-06
 Reference value :  2.51379e-06
 Reference value :  2.51447e-06
 Reference value :  2.51571e-06
 Reference value :  2.51627e-06
 Reference value :  2.51695e-06
 Reference value :  2.51795e-06
 Reference value :  2.51851e-06
 Reference value :  2.51979e-06
 Reference value :  2.52039e-06
 Reference value :  2.52131e-06
 Reference value :  2.52215e-06
 Reference value :  2.52323e-06
 Reference value :  2.52407e-06
 Reference value :  2.52471e-06
 Reference value :  2.52571e-06
 Reference value :  2.52627e-06
 Reference value :  2.52759e-06
 Reference value :  2.52831e-06
 Reference value :  2.52923e-06
 Reference value :  2.53011e-06
 Reference value :  2.53115e-06
 Reference value :  2.53204e-06
 Reference value :  2.53267e-06
 Reference value :  2.53335e-06
 Reference value :  2.53415e-06
 Reference value :  2.53531e-06
 Reference value :  2.53615e-06
 Reference value :  2.53691e-06
 Reference value :  2.53801e-06
 Reference value :  2.53879e-06
 Reference value :  2.54000e-06
 Reference value :  2.54047e-06
 Reference value :  2.54111e-06
 Reference value :  2.54204e-06
 Reference value :  2.54295e-06
 Reference value :  2.54401e-06
 Reference value :  2.54459e-06
 Reference value :  2.54587e-06
 Reference value :  2.54655e-06
 Reference value :  2.54801e-06
 Reference value :  2.54867e-06
 Reference value :  2.54951e-06
 Reference value :  2.55019e-06
 Reference value :  2.55143e-06
 Reference value :  2.55219e-06
 Reference value :  2.55287e-06
 Reference value :  2.55400e-06
 Reference value :  2.55475e-06
 Reference value :  2.55600e-06
 Reference value :  2.55647e-06
 Reference value :  2.55719e-06
 Reference value :  2.55807e-06
 Reference value :  2.55903e-06
 Reference value :  2.56002e-06
 Reference value :  2.56063e-06
 Reference value :  2.56195e-06
 Reference value :  2.56255e-06
 Reference value :  2.56379e-06
 Reference value :  2.56439e-06
 Reference value :  2.56495e-06
 Reference value :  2.56567e-06
 Reference value :  2.56627e-06
 Reference value :  2.56751e-06
 Reference value :  2.56823e-06
 Reference value :  2.56907e-06
 Reference value :  2.57002e-06
 Reference value :  2.57095e-06
 Reference value :  2.57201e-06
 Reference value :  2.57259e-06
 Reference value :  2.57327e-06
 Reference value :  2.57415e-06
 Reference value :  2.57531e-06
 Reference value :  2.57615e-06
 Reference value :  2.57703e-06
 Reference value :  2.57802e-06
 Reference value :  2.57895e-06
 Reference value :  2.58001e-06
 Reference value :  2.58051e-06
 Reference value :  2.58115e-06
 Reference value :  2.58203e-06
 Reference value :  2.58291e-06
 Reference value :  2.58401e-06
 Reference value :  2.58451e-06
 Reference value :  2.58571e-06
 Reference value :  2.58635e-06
 Reference value :  2.58763e-06
 Reference value :  2.58823e-06
 Reference value :  2.58883e-06
 Reference value :  2.58987e-06
 Reference value :  2.59043e-06
 Reference value :  2.59171e-06
 Reference value :  2.59235e-06
 Reference value :  2.59335e-06
 Reference value :  2.59415e-06
 Reference value :  2.59527e-06
 Reference value :  2.59607e-06
 Reference value :  2.59671e-06
 Reference value :  2.59743e-06
 Reference value :  2.59815e-06
 Reference value :  2.59927e-06
 Reference value :  2.60011e-06
 Reference value :  2.60083e-06
 Reference value :  2.60200e-06
 Reference value :  2.60275e-06
 Reference value :  2.60397e-06
 Reference value :  2.60443e-06
 Reference value :  2.60499e-06
 Reference value :  2.60602e-06
 Reference value :  2.60687e-06
 Reference value :  2.60801e-06
 Reference value :  2.60855e-06
 Reference value :  2.60983e-06
 Reference value :  2.61039e-06
 Reference value :  2.61163e-06
 Reference value :  2.61223e-06
 Reference value :  2.61283e-06
 Reference value :  2.61379e-06
 Reference value :  2.61435e-06
 Reference value :  2.61559e-06
 Reference value :  2.61627e-06
 Reference value :  2.61715e-06
 Reference value :  2.61804e-06
 Reference value :  2.61907e-06
 Reference value :  2.62004e-06
 Reference value :  2.62063e-06
 Reference value :  2.62147e-06
 Reference value :  2.62215e-06
 Reference value :  2.62323e-06
 Reference value :  2.62411e-06
 Reference value :  2.62491e-06
 Reference value :  2.62601e-06
 Reference value :  2.62687e-06
 Reference value :  2.62800e-06
 Reference value :  2.62847e-06
 Reference value :  2.62903e-06
 Reference value :  2.63000e-06
 Reference value :  2.63059e-06
 Reference value :  2.63183e-06
 Reference value :  2.63239e-06
 Reference value :  2.63327e-06
 Reference value :  2.63411e-06
 Reference value :  2.63519e-06
 Reference value :  2.63607e-06
 Reference value :  2.63667e-06
 Reference value :  2.63755e-06
 Reference value :  2.63819e-06
 Reference value :  2.63943e-06
 Reference value :  2.64023e-06
 Reference value :  2.64111e-06
 Reference value :  2.64203e-06
 Reference value :  2.64299e-06
 Reference value :  2.64401e-06
 Reference value :  2.64455e-06
 Reference value :  2.64523e-06
 Reference value :  2.64611e-06
 Reference value :  2.64711e-06
 Reference value :  2.64803e-06
 Reference value :  2.64859e-06
 Reference value :  2.64987e-06
 Reference value :  2.65051e-06
 Reference value :  2.65183e-06
 Reference value :  2.65239e-06
 Reference value :  2.65303e-06
 Reference value :  2.65402e-06
 Reference value :  2.65487e-06
 Reference value :  2.65601e-06
 Reference value :  2.65655e-06
 Reference value :  2.65779e-06
 Reference value :  2.65855e-06
 Reference value :  2.65983e-06
 Reference value :  2.66039e-06
 Reference value :  2.66099e-06
 Reference value :  2.66201e-06
 Reference value :  2.66283e-06
 Reference value :  2.66400e-06
 Reference value :  2.66451e-06
 Reference value :  2.66575e-06
 Reference value :  2.66639e-06
 Reference value :  2.66767e-06
 Reference value :  2.66831e-06
 Reference value :  2.66887e-06
 Reference value :  2.66997e-06
 Reference value :  2.67055e-06
 Reference value :  2.67179e-06
 Reference value :  2.67239e-06
 Reference value :  2.67339e-06
 Reference value :  2.67419e-06
 Reference value :  2.67535e-06
 Reference value :  2.67615e-06
 Reference value :  2.67683e-06
 Reference value :  2.67783e-06
 Reference value :  2.67847e-06
 Reference value :  2.67975e-06
 Reference value :  2.68035e-06
 Reference value :  2.68123e-06
 Reference value :  2.68211e-06
 Reference value :  2.68343e-06
 Reference value :  2.68447e-06
 Reference value :  2.68587e-06
 Reference value :  2.68707e-06
 Reference value :  2.68831e-06
 Reference value :  2.68991e-06
 Reference value :  2.69119e-06
 Reference value :  2.69239e-06
 Reference value :  2.69323e-06
 Reference value :  2.69443e-06
 Reference value :  2.69567e-06
 Reference value :  2.69635e-06
 Reference value :  2.69739e-06
 Reference value :  2.69819e-06
 Reference value :  2.69935e-06
 Reference value :  2.70011e-06
 Reference value :  2.70071e-06
 Reference value :  2.70167e-06
 Reference value :  2.70227e-06
 Reference value :  2.70367e-06
 Reference value :  2.70435e-06
 Reference value :  2.70535e-06
 Reference value :  2.70615e-06
 Reference value :  2.70723e-06
 Reference value :  2.70804e-06
 Reference value :  2.70867e-06
 Reference value :  2.70947e-06
 Reference value :  2.71015e-06
 Reference value :  2.71127e-06
 Reference value :  2.71207e-06
 Reference value :  2.71275e-06
 Reference value :  2.71397e-06
 Reference value :  2.71459e-06
 Reference value :  2.71587e-06
 Reference value :  2.71639e-06
 Reference value :  2.71699e-06
 Reference value :  2.71801e-06
 Reference value :  2.71879e-06
 Reference value :  2.72000e-06
 Reference value :  2.72051e-06
 Reference value :  2.72171e-06
 Reference value :  2.72239e-06
 Reference value :  2.72375e-06
 Reference value :  2.72435e-06
 Reference value :  2.72495e-06
 Reference value :  2.72600e-06
 Reference value :  2.72675e-06
 Reference value :  2.72797e-06
 Reference value :  2.72847e-06
 Reference value :  2.72955e-06
 Reference value :  2.73027e-06
 Reference value :  2.73151e-06
 Reference value :  2.73223e-06
 Reference value :  2.73283e-06
 Reference value :  2.73387e-06
 Reference value :  2.73443e-06
 Reference value :  2.73567e-06
 Reference value :  2.73635e-06
 Reference value :  2.73731e-06
 Reference value :  2.73831e-06
 Reference value :  2.73987e-06
 Reference value :  2.74035e-06
 Reference value :  2.74099e-06
 Reference value :  2.74201e-06
 Reference value :  2.74279e-06
 Reference value :  2.74400e-06
 Reference value :  2.74447e-06
 Reference value :  2.74555e-06
 Reference value :  2.74623e-06
 Reference value :  2.74747e-06
 Reference value :  2.74815e-06
 Reference value :  2.74883e-06
 Reference value :  2.74987e-06
 Reference value :  2.75043e-06
 Reference value :  2.75167e-06
 Reference value :  2.75235e-06
 Reference value :  2.75335e-06
 Reference value :  2.75415e-06
 Reference value :  2.75523e-06
 Reference value :  2.75607e-06
 Reference value :  2.75671e-06
 Reference value :  2.75719e-06
 Reference value :  2.75804e-06
 Reference value :  2.75895e-06
 Reference value :  2.76001e-06
 Reference value :  2.76051e-06
 Reference value :  2.76171e-06
 Reference value :  2.76231e-06
 Reference value :  2.76355e-06
 Reference value :  2.76423e-06
 Reference value :  2.76483e-06
 Reference value :  2.76587e-06
 Reference value :  2.76643e-06
 Reference value :  2.76767e-06
 Reference value :  2.76835e-06
 Reference value :  2.76935e-06
 Reference value :  2.77015e-06
 Reference value :  2.77119e-06
 Reference value :  2.77207e-06
 Reference value :  2.77275e-06
 Reference value :  2.77367e-06
 Reference value :  2.77423e-06
 Reference value :  2.77547e-06
 Reference value :  2.77619e-06
 Reference value :  2.77691e-06
 Reference value :  2.77801e-06
 Reference value :  2.77875e-06
 Reference value :  2.77997e-06
 Reference value :  2.78043e-06
 Reference value :  2.78107e-06
 Reference value :  2.78204e-06
 Reference value :  2.78295e-06
 Reference value :  2.78401e-06
 Reference value :  2.78451e-06
 Reference value :  2.78571e-06
 Reference value :  2.78631e-06
 Reference value :  2.78755e-06
 Reference value :  2.78819e-06
 Reference value :  2.78883e-06
 Reference value :  2.78967e-06
 Reference value :  2.79023e-06
 Reference value :  2.79147e-06
 Reference value :  2.79219e-06
 Reference value :  2.79291e-06
 Reference value :  2.79400e-06
 Reference value :  2.79475e-06
 Reference value :  2.79597e-06
 Reference value :  2.79643e-06
 Reference value :  2.79699e-06
 Reference value :  2.79802e-06
 Reference value :  2.79879e-06
 Reference value :  2.80000e-06
 Reference value :  2.80051e-06
 Reference value :  2.80171e-06
 Reference value :  2.80235e-06
 Reference value :  2.80363e-06
 Reference value :  2.80427e-06
 Reference value :  2.80491e-06
 Reference value :  2.80600e-06
 Reference value :  2.80655e-06
 Reference value :  2.80779e-06
 Reference value :  2.80839e-06
 Reference value :  2.80931e-06
 Reference value :  2.81011e-06
 Reference value :  2.81115e-06
 Reference value :  2.81204e-06
 Reference value :  2.81263e-06
 Reference value :  2.81351e-06
 Reference value :  2.81419e-06
 Reference value :  2.81539e-06
 Reference value :  2.81623e-06
 Reference value :  2.81711e-06
 Reference value :  2.81802e-06
 Reference value :  2.81895e-06
 Reference value :  2.82002e-06
 Reference value :  2.82059e-06
 Reference value :  2.82111e-06
 Reference value :  2.82201e-06
 Reference value :  2.82271e-06
 Reference value :  2.82400e-06
 Reference value :  2.82447e-06
 Reference value :  2.82567e-06
 Reference value :  2.82627e-06
 Reference value :  2.82751e-06
 Reference value :  2.82827e-06
 Reference value :  2.82879e-06
 Reference value :  2.82983e-06
 Reference value :  2.83039e-06
 Reference value :  2.83163e-06
 Reference value :  2.83235e-06
 Reference value :  2.83335e-06
 Reference value :  2.83415e-06
 Reference value :  2.83527e-06
 Reference value :  2.83607e-06
 Reference value :  2.83667e-06
 Reference value :  2.83747e-06
 Reference value :  2.83815e-06
 Reference value :  2.83927e-06
 Reference value :  2.84011e-06
 Reference value :  2.84079e-06
 Reference value :  2.84197e-06
 Reference value :  2.84259e-06
 Reference value :  2.84383e-06
 Reference value :  2.84435e-06
 Reference value :  2.84491e-06
 Reference value :  2.84601e-06
 Reference value :  2.84683e-06
 Reference value :  2.84800e-06
 Reference value :  2.84851e-06
 Reference value :  2.84971e-06
 Reference value :  2.85031e-06
 Reference value :  2.85163e-06
 Reference value :  2.85223e-06
 Reference value :  2.85287e-06
 Reference value :  2.85383e-06
 Reference value :  2.85439e-06
 Reference value :  2.85563e-06
 Reference value :  2.85631e-06
 Reference value :  2.85711e-06
 Reference value :  2.85804e-06
 Reference value :  2.85903e-06
 Reference value :  2.86002e-06
 Reference value :  2.86055e-06
 Reference value :  2.86131e-06
 Reference value :  2.86215e-06
 Reference value :  2.86327e-06
 Reference value :  2.86411e-06
 Reference value :  2.86487e-06
 Reference value :  2.86600e-06
 Reference value :  2.86679e-06
 Reference value :  2.86800e-06
 Reference value :  2.86867e-06
 Reference value :  2.86971e-06
 Reference value :  2.87027e-06
 Reference value :  2.87147e-06
 Reference value :  2.87219e-06
 Reference value :  2.87307e-06
 Reference value :  2.87402e-06
 Reference value :  2.87491e-06
 Reference value :  2.87600e-06
 Reference value :  2.87647e-06
 Reference value :  2.87715e-06
 Reference value :  2.87807e-06
 Reference value :  2.87899e-06
 Reference value :  2.88001e-06
 Reference value :  2.88055e-06
 Reference value :  2.88183e-06
 Reference value :  2.88247e-06
 Reference value :  2.88371e-06
 Reference value :  2.88427e-06
 Reference value :  2.88487e-06
 Reference value :  2.88559e-06
 Reference value :  2.88619e-06
 Reference value :  2.88739e-06
 Reference value :  2.88815e-06
 Reference value :  2.88887e-06
 Reference value :  2.89001e-06
 Reference value :  2.89083e-06
 Reference value :  2.89200e-06
 Reference value :  2.89247e-06
 Reference value :  2.89311e-06
 Reference value :  2.89403e-06
 Reference value :  2.89491e-06
 Reference value :  2.89601e-06
 Reference value :  2.89655e-06
 Reference value :  2.89787e-06
 Reference value :  2.89851e-06
 Reference value :  2.89975e-06
 Reference value :  2.90031e-06
 Reference value :  2.90091e-06
 Reference value :  2.90191e-06
 Reference value :  2.90243e-06
 Reference value :  2.90367e-06
 Reference value :  2.90435e-06
 Reference value :  2.90535e-06
 Reference value :  2.90615e-06
 Reference value :  2.90727e-06
 Reference value :  2.90807e-06
 Reference value :  2.90871e-06
 Reference value :  2.90971e-06
 Reference value :  2.91027e-06
 Reference value :  2.91151e-06
 Reference value :  2.91223e-06
 Reference value :  2.91307e-06
 Reference value :  2.91402e-06
 Reference value :  2.91491e-06
 Reference value :  2.91601e-06
 Reference value :  2.91651e-06
 Reference value :  2.91715e-06
 Reference value :  2.91803e-06
 Reference value :  2.91903e-06
 Reference value :  2.92003e-06
 Reference value :  2.92059e-06
 Reference value :  2.92179e-06
 Reference value :  2.92243e-06
 Reference value :  2.92367e-06
 Reference value :  2.92427e-06
 Reference value :  2.92483e-06
 Reference value :  2.92587e-06
 Reference value :  2.92667e-06
 Reference value :  2.92791e-06
 Reference value :  2.92847e-06
 Reference value :  2.92959e-06
 Reference value :  2.93023e-06
 Reference value :  2.93143e-06
 Reference value :  2.93211e-06
 Reference value :  2.93279e-06
 Reference value :  2.93363e-06
 Reference value :  2.93419e-06
 Reference value :  2.93539e-06
 Reference value :  2.93615e-06
 Reference value :  2.93683e-06
 Reference value :  2.93800e-06
 Reference value :  2.93871e-06
 Reference value :  2.93995e-06
 Reference value :  2.94039e-06
 Reference value :  2.94095e-06
 Reference value :  2.94201e-06
 Reference value :  2.94283e-06
 Reference value :  2.94400e-06
 Reference value :  2.94451e-06
 Reference value :  2.94571e-06
 Reference value :  2.94635e-06
 Reference value :  2.94755e-06
 Reference value :  2.94819e-06
 Reference value :  2.94887e-06
 Reference value :  2.94963e-06
 Reference value :  2.95023e-06
 Reference value :  2.95143e-06
 Reference value :  2.95219e-06
 Reference value :  2.95291e-06
 Reference value :  2.95401e-06
 Reference value :  2.95483e-06
 Reference value :  2.95600e-06
 Reference value :  2.95647e-06
 Reference value :  2.95707e-06
 Reference value :  2.95802e-06
 Reference value :  2.95883e-06
 Reference value :  2.96000e-06
 Reference value :  2.96051e-06
 Reference value :  2.96175e-06
 Reference value :  2.96235e-06
 Reference value :  2.96367e-06
 Reference value :  2.96431e-06
 Reference value :  2.96491e-06
 Reference value :  2.96595e-06
 Reference value :  2.96651e-06
 Reference value :  2.96775e-06
 Reference value :  2.96835e-06
 Reference value :  2.96923e-06
 Reference value :  2.97007e-06
 Reference value :  2.97111e-06
 Reference value :  2.97204e-06
 Reference value :  2.97271e-06
 Reference value :  2.97371e-06
 Reference value :  2.97427e-06
 Reference value :  2.97547e-06
 Reference value :  2.97619e-06
 Reference value :  2.97703e-06
 Reference value :  2.97802e-06
 Reference value :  2.97887e-06
 Reference value :  2.98001e-06
 Reference value :  2.98055e-06
 Reference value :  2.98115e-06
 Reference value :  2.98203e-06
 Reference value :  2.98291e-06
 Reference value :  2.98401e-06
 Reference value :  2.98451e-06
 Reference value :  2.98575e-06
 Reference value :  2.98635e-06
 Reference value :  2.98759e-06
 Reference value :  2.98819e-06
 Reference value :  2.98879e-06
 Reference value :  2.98971e-06
 Reference value :  2.99027e-06
 Reference value :  2.99147e-06
 Reference value :  2.99223e-06
 Reference value :  2.99307e-06
 Reference value :  2.99403e-06
 Reference value :  2.99499e-06
 Reference value :  2.99601e-06
 Reference value :  2.99655e-06
 Reference value :  2.99723e-06
 Reference value :  2.99815e-06
 Reference value :  2.99931e-06
 Reference value :  3.00015e-06
 Reference value :  3.00091e-06
 Reference value :  3.00201e-06
 Reference value :  3.00279e-06
 Reference value :  3.00400e-06
 Reference value :  3.00447e-06
 Reference value :  3.00519e-06
 Reference value :  3.00607e-06
 Reference value :  3.00703e-06
 Reference value :  3.00801e-06
 Reference value :  3.00859e-06
 Reference value :  3.01000e-06
 Reference value :  3.01075e-06
 Reference value :  3.01200e-06
 Reference value :  3.01247e-06
 Reference value :  3.01303e-06
 Reference value :  3.01397e-06
 Reference value :  3.01451e-06
 Reference value :  3.01583e-06
 Reference value :  3.01639e-06
 Reference value :  3.01731e-06
 Reference value :  3.01811e-06
 Reference value :  3.01915e-06
 Reference value :  3.02004e-06
 Reference value :  3.02063e-06
 Reference value :  3.02139e-06
 Reference value :  3.02215e-06
 Reference value :  3.02323e-06
 Reference value :  3.02411e-06
 Reference value :  3.02487e-06
 Reference value :  3.02600e-06
 Reference value :  3.02671e-06
 Reference value :  3.02795e-06
 Reference value :  3.02839e-06
 Reference value :  3.02903e-06
 Reference value :  3.03002e-06
 Reference value :  3.03079e-06
 Reference value :  3.03200e-06
 Reference value :  3.03247e-06
 Reference value :  3.03355e-06
 Reference value :  3.03423e-06
 Reference value :  3.03543e-06
 Reference value :  3.03615e-06
 Reference value :  3.03675e-06
 Reference value :  3.03775e-06
 Reference value :  3.03831e-06
 Reference value :  3.03955e-06
 Reference value :  3.04027e-06
 Reference value :  3.04119e-06
 Reference value :  3.04207e-06
 Reference value :  3.04311e-06
 Reference value :  3.04403e-06
 Reference value :  3.04463e-06
 Reference value :  3.04535e-06
 Reference value :  3.04615e-06
 Reference value :  3.04727e-06
 Reference value :  3.04815e-06
 Reference value :  3.04879e-06
 Reference value :  3.05000e-06
 Reference value :  3.05067e-06
 Reference value :  3.05195e-06
 Reference value :  3.05239e-06
 Reference value :  3.05291e-06
 Reference value :  3.05400e-06
 Reference value :  3.05467e-06
 Reference value :  3.05591e-06
 Reference value :  3.05647e-06
 Reference value :  3.05755e-06
 Reference value :  3.05823e-06
 Reference value :  3.05943e-06
 Reference value :  3.06015e-06
 Reference value :  3.06083e-06
 Reference value :  3.06183e-06
 Reference value :  3.06239e-06
 Reference value :  3.06363e-06
 Reference value :  3.06431e-06
 Reference value :  3.06519e-06
 Reference value :  3.06607e-06
 Reference value :  3.06723e-06
 Reference value :  3.06807e-06
 Reference value :  3.06867e-06
 Reference value :  3.06959e-06
 Reference value :  3.07023e-06
 Reference value :  3.07151e-06
 Reference value :  3.07235e-06
 Reference value :  3.07335e-06
 Reference value :  3.07415e-06
 Reference value :  3.07539e-06
 Reference value :  3.07623e-06
 Reference value :  3.07691e-06
 Reference value :  3.07771e-06
 Reference value :  3.07831e-06
 Reference value :  3.07967e-06
 Reference value :  3.08035e-06
 Reference value :  3.08135e-06
 Reference value :  3.08223e-06
 Reference value :  3.08351e-06
 Reference value :  3.08415e-06
 Reference value :  3.08471e-06
 Reference value :  3.08571e-06
 Reference value :  3.08631e-06
 Reference value :  3.08767e-06
 Reference value :  3.08835e-06
 Reference value :  3.08939e-06
 Reference value :  3.09019e-06
 Reference value :  3.09143e-06
 Reference value :  3.09219e-06
 Reference value :  3.09287e-06
 Reference value :  3.09397e-06
 Reference value :  3.09467e-06
 Reference value :  3.09595e-06
 Reference value :  3.09647e-06
 Reference value :  3.09767e-06
 Reference value :  3.09839e-06
 Reference value :  3.09967e-06
 Reference value :  3.10035e-06
 Reference value :  3.10095e-06
 Reference value :  3.10203e-06
 Reference value :  3.10315e-06
 Reference value :  3.10407e-06
 Reference value :  3.10491e-06
 Reference value :  3.10602e-06
 Reference value :  3.10707e-06
 Reference value :  3.10807e-06
 Reference value :  3.10875e-06
 Reference value :  3.10955e-06
 Reference value :  3.11019e-06
 Reference value :  3.11147e-06
 Reference value :  3.11219e-06
 Reference value :  3.11307e-06
 Reference value :  3.11402e-06
 Reference value :  3.11491e-06
 Reference value :  3.11601e-06
 Reference value :  3.11651e-06
 Reference value :  3.11715e-06
 Reference value :  3.11804e-06
 Reference value :  3.11899e-06
 Reference value :  3.12001e-06
 Reference value :  3.12059e-06
 Reference value :  3.12183e-06
 Reference value :  3.12243e-06
 Reference value :  3.12367e-06
 Reference value :  3.12427e-06
 Reference value :  3.12491e-06
 Reference value :  3.12595e-06
 Reference value :  3.12647e-06
 Reference value :  3.12775e-06
 Reference value :  3.12835e-06
 Reference value :  3.12927e-06
 Reference value :  3.13011e-06
 Reference value :  3.13119e-06
 Reference value :  3.13204e-06
 Reference value :  3.13267e-06
 Reference value :  3.13359e-06
 Reference value :  3.13419e-06
 Reference value :  3.13543e-06
 Reference value :  3.13619e-06
 Reference value :  3.13703e-06
 Reference value :  3.13802e-06
 Reference value :  3.13899e-06
 Reference value :  3.14002e-06
 Reference value :  3.14055e-06
 Reference value :  3.14107e-06
 Reference value :  3.14200e-06
 Reference value :  3.14259e-06
 Reference value :  3.14395e-06
 Reference value :  3.14447e-06
 Reference value :  3.14555e-06
 Reference value :  3.14623e-06
 Reference value :  3.14743e-06
 Reference value :  3.14811e-06
 Reference value :  3.14871e-06
 Reference value :  3.14963e-06
 Reference value :  3.15019e-06
 Reference value :  3.15147e-06
 Reference value :  3.15223e-06
 Reference value :  3.15311e-06
 Reference value :  3.15402e-06
 Reference value :  3.15495e-06
 Reference value :  3.15601e-06
 Reference value :  3.15651e-06
 Reference value :  3.15719e-06
 Reference value :  3.15807e-06
 Reference value :  3.15911e-06
 Reference value :  3.16003e-06
 Reference value :  3.16063e-06
 Reference value :  3.16191e-06
 Reference value :  3.16255e-06
 Reference value :  3.16379e-06
 Reference value :  3.16435e-06
 Reference value :  3.16491e-06
 Reference value :  3.16600e-06
 Reference value :  3.16675e-06
 Reference value :  3.16800e-06
 Reference value :  3.16855e-06
 Reference value :  3.16979e-06
 Reference value :  3.17055e-06
 Reference value :  3.17183e-06
 Reference value :  3.17239e-06
 Reference value :  3.17303e-06
 Reference value :  3.17404e-06
 Reference value :  3.17503e-06
 Reference value :  3.17604e-06
 Reference value :  3.17671e-06
 Reference value :  3.17800e-06
 Reference value :  3.17875e-06
 Reference value :  3.17997e-06
 Reference value :  3.18043e-06
 Reference value :  3.18099e-06
 Reference value :  3.18204e-06
 Reference value :  3.18295e-06
 Reference value :  3.18401e-06
 Reference value :  3.18471e-06
 Reference value :  3.18595e-06
 Reference value :  3.18663e-06
 Reference value :  3.18795e-06
 Reference value :  3.18839e-06
 Reference value :  3.18903e-06
 Reference value :  3.19002e-06
 Reference value :  3.19087e-06
 Reference value :  3.19201e-06
 Reference value :  3.19255e-06
 Reference value :  3.19391e-06
 Reference value :  3.19467e-06
 Reference value :  3.19587e-06
 Reference value :  3.19639e-06
 Reference value :  3.19695e-06
 Reference value :  3.19801e-06
 Reference value :  3.19875e-06
 Reference value :  3.19997e-06
No. of Data Rows : 94280
sim/harness: analysis complete
Note: Simulation executed from .control section 
Note: Starting dynamic gmin stepping
Note: Dynamic gmin stepping completed
