
Note: Compatibility modes selected: hs a


Circuit: ** sch_path: /users/rwalters/github/sky130-pll/.loom/worktrees/issue-130/sim/divider-n64/testbench/tb_divider_n64.sch

option SCALE: Scale is set to 1e-06 for instance and model parameters
option SCALE: Scale is set to 1e-06 for instance and model parameters
option SCALE: Scale is set to 1e-06 for instance and model parameters
option SCALE: Scale is set to 1e-06 for instance and model parameters
Doing analysis at TEMP = 125.000000 and TNOM = 27.000000

Using KLU as Direct Linear Solver
 Reference value :  0.00000e+00
 Reference value :  8.22900e-10
 Reference value :  2.30762e-09
 Reference value :  4.18763e-09
 Reference value :  5.94000e-09
 Reference value :  7.78763e-09
 Reference value :  9.62763e-09
 Reference value :  1.06676e-08
 Reference value :  1.20151e-08
 Reference value :  1.32676e-08
 Reference value :  1.43476e-08
 Reference value :  1.56276e-08
 Reference value :  1.64276e-08
 Reference value :  1.77076e-08
 Reference value :  1.84676e-08
 Reference value :  1.97076e-08
 Reference value :  2.03876e-08
 Reference value :  2.13476e-08
 Reference value :  2.21076e-08
 Reference value :  2.31476e-08
 Reference value :  2.40125e-08
 Reference value :  2.45876e-08
 Reference value :  2.57876e-08
 Reference value :  2.63076e-08
 Reference value :  2.73876e-08
 Reference value :  2.80676e-08
 Reference value :  2.93876e-08
 Reference value :  3.06276e-08
 Reference value :  3.20081e-08
 Reference value :  3.30276e-08
 Reference value :  3.49476e-08
 Reference value :  3.62276e-08
 Reference value :  3.76276e-08
 Reference value :  3.88676e-08
 Reference value :  4.00676e-08
 Reference value :  4.16676e-08
 Reference value :  4.28276e-08
 Reference value :  4.41476e-08
 Reference value :  4.55076e-08
 Reference value :  4.69076e-08
 Reference value :  4.81876e-08
 Reference value :  4.95476e-08
 Reference value :  5.08676e-08
 Reference value :  5.22676e-08
 Reference value :  5.37476e-08
 Reference value :  5.51876e-08
 Reference value :  5.65476e-08
 Reference value :  5.84276e-08
 Reference value :  6.02276e-08
 Reference value :  6.20038e-08
 Reference value :  6.34276e-08
 Reference value :  6.48676e-08
 Reference value :  6.64676e-08
 Reference value :  6.76276e-08
 Reference value :  6.81876e-08
 Reference value :  6.87876e-08
 Reference value :  6.96676e-08
 Reference value :  7.03076e-08
 Reference value :  7.13476e-08
 Reference value :  7.20661e-08
 Reference value :  7.28661e-08
 Reference value :  7.39061e-08
 Reference value :  7.44276e-08
 Reference value :  7.54676e-08
 Reference value :  7.61076e-08
 Reference value :  7.68276e-08
 Reference value :  7.78676e-08
 Reference value :  7.83876e-08
 Reference value :  7.94676e-08
 Reference value :  8.03076e-08
 Reference value :  8.20038e-08
 Reference value :  8.32676e-08
 Reference value :  8.44661e-08
 Reference value :  8.59730e-08
 Reference value :  8.73076e-08
 Reference value :  8.85076e-08
 Reference value :  9.00256e-08
 Reference value :  9.16276e-08
 Reference value :  9.25476e-08
 Reference value :  9.40134e-08
 Reference value :  9.57076e-08
 Reference value :  9.69876e-08
 Reference value :  9.82276e-08
 Reference value :  9.99076e-08
 Reference value :  1.00628e-07
 Reference value :  1.01628e-07
 Reference value :  1.02388e-07
 Reference value :  1.03748e-07
 Reference value :  1.04668e-07
 Reference value :  1.06468e-07
 Reference value :  1.08228e-07
 Reference value :  1.09974e-07
 Reference value :  1.11228e-07
 Reference value :  1.12346e-07
 Reference value :  1.14004e-07
 Reference value :  1.15668e-07
 Reference value :  1.17228e-07
 Reference value :  1.18388e-07
 Reference value :  1.19628e-07
 Reference value :  1.20308e-07
 Reference value :  1.21428e-07
 Reference value :  1.22188e-07
 Reference value :  1.23508e-07
 Reference value :  1.24228e-07
 Reference value :  1.25068e-07
 Reference value :  1.26019e-07
 Reference value :  1.27068e-07
 Reference value :  1.28015e-07
 Reference value :  1.28948e-07
 Reference value :  1.30108e-07
 Reference value :  1.31268e-07
 Reference value :  1.32068e-07
 Reference value :  1.32788e-07
 Reference value :  1.33948e-07
 Reference value :  1.34828e-07
 Reference value :  1.36268e-07
 Reference value :  1.38012e-07
 Reference value :  1.39188e-07
 Reference value :  1.40108e-07
 Reference value :  1.41428e-07
 Reference value :  1.42668e-07
 Reference value :  1.44040e-07
 Reference value :  1.45628e-07
 Reference value :  1.46508e-07
 Reference value :  1.47948e-07
 Reference value :  1.48708e-07
 Reference value :  1.50026e-07
 Reference value :  1.51628e-07
 Reference value :  1.53028e-07
 Reference value :  1.54588e-07
 Reference value :  1.56268e-07
 Reference value :  1.57668e-07
 Reference value :  1.58908e-07
 Reference value :  1.60019e-07
 Reference value :  1.61068e-07
 Reference value :  1.62040e-07
 Reference value :  1.63428e-07
 Reference value :  1.64348e-07
 Reference value :  1.65588e-07
 Reference value :  1.66748e-07
 Reference value :  1.68026e-07
 Reference value :  1.69508e-07
 Reference value :  1.70548e-07
 Reference value :  1.72108e-07
 Reference value :  1.72908e-07
 Reference value :  1.74026e-07
 Reference value :  1.75348e-07
 Reference value :  1.76308e-07
 Reference value :  1.77628e-07
 Reference value :  1.78508e-07
 Reference value :  1.79908e-07
 Reference value :  1.80468e-07
 Reference value :  1.81468e-07
 Reference value :  1.82228e-07
 Reference value :  1.83548e-07
 Reference value :  1.84668e-07
 Reference value :  1.85908e-07
 Reference value :  1.86948e-07
 Reference value :  1.88228e-07
 Reference value :  1.89148e-07
 Reference value :  1.90068e-07
 Reference value :  1.91388e-07
 Reference value :  1.92388e-07
 Reference value :  1.93908e-07
 Reference value :  1.95108e-07
 Reference value :  1.96308e-07
 Reference value :  1.97668e-07
 Reference value :  1.98868e-07
 Reference value :  2.00108e-07
 Reference value :  2.01668e-07
 Reference value :  2.02828e-07
 Reference value :  2.04388e-07
 Reference value :  2.05628e-07
 Reference value :  2.06828e-07
 Reference value :  2.08008e-07
 Reference value :  2.09188e-07
 Reference value :  2.10228e-07
 Reference value :  2.11828e-07
 Reference value :  2.12788e-07
 Reference value :  2.14015e-07
 Reference value :  2.15468e-07
 Reference value :  2.16628e-07
 Reference value :  2.18026e-07
 Reference value :  2.19868e-07
 Reference value :  2.21028e-07
 Reference value :  2.22708e-07
 Reference value :  2.24019e-07
 Reference value :  2.25508e-07
 Reference value :  2.26668e-07
 Reference value :  2.28015e-07
 Reference value :  2.28788e-07
 Reference value :  2.29948e-07
 Reference value :  2.30668e-07
 Reference value :  2.31868e-07
 Reference value :  2.32748e-07
 Reference value :  2.33974e-07
 Reference value :  2.34668e-07
 Reference value :  2.35868e-07
 Reference value :  2.36428e-07
 Reference value :  2.37348e-07
 Reference value :  2.38348e-07
 Reference value :  2.39708e-07
 Reference value :  2.40388e-07
 Reference value :  2.41548e-07
 Reference value :  2.42828e-07
 Reference value :  2.44068e-07
 Reference value :  2.45308e-07
 Reference value :  2.46428e-07
 Reference value :  2.47908e-07
 Reference value :  2.49106e-07
 Reference value :  2.50188e-07
 Reference value :  2.52013e-07
 Reference value :  2.53386e-07
 Reference value :  2.54708e-07
 Reference value :  2.56012e-07
 Reference value :  2.57068e-07
 Reference value :  2.58148e-07
 Reference value :  2.59468e-07
 Reference value :  2.60268e-07
 Reference value :  2.61228e-07
 Reference value :  2.63028e-07
 Reference value :  2.64466e-07
 Reference value :  2.66015e-07
 Reference value :  2.67188e-07
 Reference value :  2.68228e-07
 Reference value :  2.69028e-07
 Reference value :  2.70268e-07
 Reference value :  2.71628e-07
 Reference value :  2.72388e-07
 Reference value :  2.73708e-07
 Reference value :  2.74588e-07
 Reference value :  2.76013e-07
 Reference value :  2.77026e-07
 Reference value :  2.78788e-07
 Reference value :  2.80228e-07
 Reference value :  2.81708e-07
 Reference value :  2.82508e-07
 Reference value :  2.83868e-07
 Reference value :  2.84548e-07
 Reference value :  2.85828e-07
 Reference value :  2.86628e-07
 Reference value :  2.87868e-07
 Reference value :  2.88586e-07
 Reference value :  2.89826e-07
 Reference value :  2.90508e-07
 Reference value :  2.91748e-07
 Reference value :  2.92548e-07
 Reference value :  2.93508e-07
 Reference value :  2.94228e-07
 Reference value :  2.95468e-07
 Reference value :  2.96428e-07
 Reference value :  2.97828e-07
 Reference value :  2.98468e-07
 Reference value :  2.99668e-07
 Reference value :  3.00346e-07
 Reference value :  3.01786e-07
 Reference value :  3.03188e-07
 Reference value :  3.04468e-07
 Reference value :  3.06013e-07
 Reference value :  3.07468e-07
 Reference value :  3.08468e-07
 Reference value :  3.09868e-07
 Reference value :  3.10668e-07
 Reference value :  3.12015e-07
 Reference value :  3.13426e-07
 Reference value :  3.14668e-07
 Reference value :  3.16026e-07
 Reference value :  3.17148e-07
 Reference value :  3.18348e-07
 Reference value :  3.20026e-07
 Reference value :  3.22008e-07
 Reference value :  3.23788e-07
 Reference value :  3.24746e-07
 Reference value :  3.26013e-07
 Reference value :  3.27108e-07
 Reference value :  3.28228e-07
 Reference value :  3.29708e-07
 Reference value :  3.31188e-07
 Reference value :  3.32588e-07
 Reference value :  3.33788e-07
 Reference value :  3.34548e-07
 Reference value :  3.35788e-07
 Reference value :  3.36466e-07
 Reference value :  3.37706e-07
 Reference value :  3.38428e-07
 Reference value :  3.39668e-07
 Reference value :  3.40308e-07
 Reference value :  3.41188e-07
 Reference value :  3.42040e-07
 Reference value :  3.43228e-07
 Reference value :  3.44108e-07
 Reference value :  3.45108e-07
 Reference value :  3.46026e-07
 Reference value :  3.47068e-07
 Reference value :  3.48039e-07
 Reference value :  3.48826e-07
 Reference value :  3.50019e-07
 Reference value :  3.51068e-07
 Reference value :  3.52268e-07
 Reference value :  3.53908e-07
 Reference value :  3.55148e-07
 Reference value :  3.56388e-07
 Reference value :  3.57428e-07
 Reference value :  3.58588e-07
 Reference value :  3.60001e-07
 Reference value :  3.61308e-07
 Reference value :  3.62508e-07
 Reference value :  3.64001e-07
 Reference value :  3.64748e-07
 Reference value :  3.66068e-07
 Reference value :  3.67708e-07
 Reference value :  3.68868e-07
 Reference value :  3.70188e-07
 Reference value :  3.71868e-07
 Reference value :  3.72788e-07
 Reference value :  3.74428e-07
 Reference value :  3.76308e-07
 Reference value :  3.78188e-07
 Reference value :  3.80013e-07
 Reference value :  3.81188e-07
 Reference value :  3.82508e-07
 Reference value :  3.84013e-07
 Reference value :  3.85548e-07
 Reference value :  3.86588e-07
 Reference value :  3.88148e-07
 Reference value :  3.88948e-07
 Reference value :  3.90013e-07
 Reference value :  3.90908e-07
 Reference value :  3.92008e-07
 Reference value :  3.92828e-07
 Reference value :  3.94004e-07
 Reference value :  3.94788e-07
 Reference value :  3.96001e-07
 Reference value :  3.96548e-07
 Reference value :  3.97548e-07
 Reference value :  3.98268e-07
 Reference value :  3.99868e-07
 Reference value :  4.00586e-07
 Reference value :  4.01826e-07
 Reference value :  4.02668e-07
 Reference value :  4.04188e-07
 Reference value :  4.05588e-07
 Reference value :  4.06868e-07
 Reference value :  4.08148e-07
 Reference value :  4.09748e-07
 Reference value :  4.11508e-07
 Reference value :  4.13106e-07
 Reference value :  4.15108e-07
 Reference value :  4.16908e-07
 Reference value :  4.18508e-07
 Reference value :  4.20148e-07
 Reference value :  4.21948e-07
 Reference value :  4.23308e-07
 Reference value :  4.24386e-07
 Reference value :  4.26040e-07
 Reference value :  4.27668e-07
 Reference value :  4.28548e-07
 Reference value :  4.29828e-07
 Reference value :  4.30908e-07
 Reference value :  4.32468e-07
 Reference value :  4.34026e-07
 Reference value :  4.36004e-07
 Reference value :  4.37386e-07
 Reference value :  4.39188e-07
 Reference value :  4.40588e-07
 Reference value :  4.42108e-07
 Reference value :  4.43588e-07
 Reference value :  4.44588e-07
 Reference value :  4.45908e-07
 Reference value :  4.46628e-07
 Reference value :  4.48000e-07
 Reference value :  4.48826e-07
 Reference value :  4.50001e-07
 Reference value :  4.50748e-07
 Reference value :  4.52000e-07
 Reference value :  4.52588e-07
 Reference value :  4.53508e-07
 Reference value :  4.54228e-07
 Reference value :  4.55828e-07
 Reference value :  4.56548e-07
 Reference value :  4.57748e-07
 Reference value :  4.58468e-07
 Reference value :  4.59708e-07
 Reference value :  4.60626e-07
 Reference value :  4.62013e-07
 Reference value :  4.63268e-07
 Reference value :  4.64188e-07
 Reference value :  4.65268e-07
 Reference value :  4.66188e-07
 Reference value :  4.67868e-07
 Reference value :  4.68908e-07
 Reference value :  4.70108e-07
 Reference value :  4.71348e-07
 Reference value :  4.72266e-07
 Reference value :  4.73706e-07
 Reference value :  4.74988e-07
 Reference value :  4.76268e-07
 Reference value :  4.77308e-07
 Reference value :  4.78108e-07
 Reference value :  4.79348e-07
 Reference value :  4.80348e-07
 Reference value :  4.81974e-07
 Reference value :  4.83468e-07
 Reference value :  4.84508e-07
 Reference value :  4.85828e-07
 Reference value :  4.87028e-07
 Reference value :  4.88148e-07
 Reference value :  4.89348e-07
 Reference value :  4.90148e-07
 Reference value :  4.91548e-07
 Reference value :  4.92388e-07
 Reference value :  4.93348e-07
 Reference value :  4.94148e-07
 Reference value :  4.95388e-07
 Reference value :  4.96226e-07
 Reference value :  4.97346e-07
 Reference value :  4.98148e-07
 Reference value :  4.99308e-07
 Reference value :  5.00146e-07
 Reference value :  5.00906e-07
 Reference value :  5.02008e-07
 Reference value :  5.02988e-07
 Reference value :  5.04040e-07
 Reference value :  5.04988e-07
 Reference value :  5.06019e-07
 Reference value :  5.07028e-07
 Reference value :  5.08013e-07
 Reference value :  5.08668e-07
 Reference value :  5.09868e-07
 Reference value :  5.10988e-07
 Reference value :  5.12068e-07
 Reference value :  5.13308e-07
 Reference value :  5.14388e-07
 Reference value :  5.16004e-07
 Reference value :  5.16868e-07
 Reference value :  5.18068e-07
 Reference value :  5.19948e-07
 Reference value :  5.21308e-07
 Reference value :  5.22548e-07
 Reference value :  5.24108e-07
 Reference value :  5.25388e-07
 Reference value :  5.26748e-07
 Reference value :  5.28146e-07
 Reference value :  5.29666e-07
 Reference value :  5.30748e-07
 Reference value :  5.32068e-07
 Reference value :  5.33308e-07
 Reference value :  5.34788e-07
 Reference value :  5.36148e-07
 Reference value :  5.37548e-07
 Reference value :  5.38708e-07
 Reference value :  5.40026e-07
 Reference value :  5.41148e-07
 Reference value :  5.42308e-07
 Reference value :  5.44000e-07
 Reference value :  5.45068e-07
 Reference value :  5.46268e-07
 Reference value :  5.47788e-07
 Reference value :  5.48468e-07
 Reference value :  5.49388e-07
 Reference value :  5.50148e-07
 Reference value :  5.51348e-07
 Reference value :  5.52186e-07
 Reference value :  5.53306e-07
 Reference value :  5.54108e-07
 Reference value :  5.55268e-07
 Reference value :  5.56108e-07
 Reference value :  5.56908e-07
 Reference value :  5.58013e-07
 Reference value :  5.59068e-07
 Reference value :  5.60019e-07
 Reference value :  5.60908e-07
 Reference value :  5.62008e-07
 Reference value :  5.62828e-07
 Reference value :  5.64004e-07
 Reference value :  5.64828e-07
 Reference value :  5.66108e-07
 Reference value :  5.67748e-07
 Reference value :  5.68668e-07
 Reference value :  5.70008e-07
 Reference value :  5.70908e-07
 Reference value :  5.72019e-07
 Reference value :  5.72748e-07
 Reference value :  5.74004e-07
 Reference value :  5.75108e-07
 Reference value :  5.76186e-07
 Reference value :  5.77706e-07
 Reference value :  5.78908e-07
 Reference value :  5.80188e-07
 Reference value :  5.81428e-07
 Reference value :  5.82708e-07
 Reference value :  5.84015e-07
 Reference value :  5.85668e-07
 Reference value :  5.87348e-07
 Reference value :  5.88868e-07
 Reference value :  5.90108e-07
 Reference value :  5.91948e-07
 Reference value :  5.93428e-07
 Reference value :  5.94948e-07
 Reference value :  5.96308e-07
 Reference value :  5.97748e-07
 Reference value :  5.99268e-07
 Reference value :  6.00666e-07
 Reference value :  6.02008e-07
 Reference value :  6.02868e-07
 Reference value :  6.04004e-07
 Reference value :  6.04628e-07
 Reference value :  6.05748e-07
 Reference value :  6.06548e-07
 Reference value :  6.07788e-07
 Reference value :  6.08468e-07
 Reference value :  6.09708e-07
 Reference value :  6.10428e-07
 Reference value :  6.11708e-07
 Reference value :  6.12508e-07
 Reference value :  6.13548e-07
 Reference value :  6.14388e-07
 Reference value :  6.15974e-07
 Reference value :  6.16548e-07
 Reference value :  6.17828e-07
 Reference value :  6.18748e-07
 Reference value :  6.20008e-07
 Reference value :  6.21188e-07
 Reference value :  6.22548e-07
 Reference value :  6.24018e-07
 Reference value :  6.25106e-07
 Reference value :  6.26040e-07
 Reference value :  6.27228e-07
 Reference value :  6.28068e-07
 Reference value :  6.28828e-07
 Reference value :  6.30008e-07
 Reference value :  6.31148e-07
 Reference value :  6.32348e-07
 Reference value :  6.33508e-07
 Reference value :  6.34308e-07
 Reference value :  6.36013e-07
 Reference value :  6.37628e-07
 Reference value :  6.39068e-07
 Reference value :  6.40348e-07
 Reference value :  6.42001e-07
 Reference value :  6.43188e-07
 Reference value :  6.44148e-07
 Reference value :  6.44908e-07
 Reference value :  6.46015e-07
 Reference value :  6.47188e-07
 Reference value :  6.48106e-07
 Reference value :  6.49186e-07
 Reference value :  6.50108e-07
 Reference value :  6.51228e-07
 Reference value :  6.52068e-07
 Reference value :  6.52828e-07
 Reference value :  6.54000e-07
 Reference value :  6.54748e-07
 Reference value :  6.55974e-07
 Reference value :  6.56588e-07
 Reference value :  6.58013e-07
 Reference value :  6.59508e-07
 Reference value :  6.60348e-07
 Reference value :  6.61308e-07
 Reference value :  6.62188e-07
 Reference value :  6.63548e-07
 Reference value :  6.64628e-07
 Reference value :  6.66108e-07
 Reference value :  6.67828e-07
 Reference value :  6.68748e-07
 Reference value :  6.70068e-07
 Reference value :  6.72025e-07
 Reference value :  6.73546e-07
 Reference value :  6.74988e-07
 Reference value :  6.76013e-07
 Reference value :  6.76708e-07
 Reference value :  6.77828e-07
 Reference value :  6.78588e-07
 Reference value :  6.79868e-07
 Reference value :  6.80508e-07
 Reference value :  6.81908e-07
 Reference value :  6.82908e-07
 Reference value :  6.84013e-07
 Reference value :  6.84708e-07
 Reference value :  6.85974e-07
 Reference value :  6.86788e-07
 Reference value :  6.88000e-07
 Reference value :  6.88588e-07
 Reference value :  6.89828e-07
 Reference value :  6.90548e-07
 Reference value :  6.91788e-07
 Reference value :  6.92428e-07
 Reference value :  6.93428e-07
 Reference value :  6.94188e-07
 Reference value :  6.95388e-07
 Reference value :  6.96226e-07
 Reference value :  6.97346e-07
 Reference value :  6.98148e-07
 Reference value :  6.99308e-07
 Reference value :  7.00108e-07
 Reference value :  7.00868e-07
 Reference value :  7.02004e-07
 Reference value :  7.02868e-07
 Reference value :  7.04004e-07
 Reference value :  7.04708e-07
 Reference value :  7.05948e-07
 Reference value :  7.06668e-07
 Reference value :  7.07908e-07
 Reference value :  7.08468e-07
 Reference value :  7.09348e-07
 Reference value :  7.10148e-07
 Reference value :  7.11348e-07
 Reference value :  7.12148e-07
 Reference value :  7.13188e-07
 Reference value :  7.14068e-07
 Reference value :  7.15228e-07
 Reference value :  7.16068e-07
 Reference value :  7.16788e-07
 Reference value :  7.18000e-07
 Reference value :  7.18748e-07
 Reference value :  7.19974e-07
 Reference value :  7.20588e-07
 Reference value :  7.21908e-07
 Reference value :  7.22588e-07
 Reference value :  7.23828e-07
 Reference value :  7.24428e-07
 Reference value :  7.25388e-07
 Reference value :  7.26148e-07
 Reference value :  7.27388e-07
 Reference value :  7.28148e-07
 Reference value :  7.29188e-07
 Reference value :  7.30040e-07
 Reference value :  7.31108e-07
 Reference value :  7.32019e-07
 Reference value :  7.32708e-07
 Reference value :  7.33868e-07
 Reference value :  7.34628e-07
 Reference value :  7.35868e-07
 Reference value :  7.36468e-07
 Reference value :  7.37748e-07
 Reference value :  7.38468e-07
 Reference value :  7.39708e-07
 Reference value :  7.40348e-07
 Reference value :  7.41228e-07
 Reference value :  7.42068e-07
 Reference value :  7.43308e-07
 Reference value :  7.44108e-07
 Reference value :  7.45108e-07
 Reference value :  7.46026e-07
 Reference value :  7.47028e-07
 Reference value :  7.48013e-07
 Reference value :  7.48708e-07
 Reference value :  7.49908e-07
 Reference value :  7.50628e-07
 Reference value :  7.51868e-07
 Reference value :  7.52508e-07
 Reference value :  7.53708e-07
 Reference value :  7.54388e-07
 Reference value :  7.55628e-07
 Reference value :  7.56308e-07
 Reference value :  7.57188e-07
 Reference value :  7.58040e-07
 Reference value :  7.59148e-07
 Reference value :  7.60040e-07
 Reference value :  7.60988e-07
 Reference value :  7.62013e-07
 Reference value :  7.62908e-07
 Reference value :  7.64008e-07
 Reference value :  7.64628e-07
 Reference value :  7.65748e-07
 Reference value :  7.66468e-07
 Reference value :  7.67708e-07
 Reference value :  7.68388e-07
 Reference value :  7.69548e-07
 Reference value :  7.70268e-07
 Reference value :  7.71588e-07
 Reference value :  7.72268e-07
 Reference value :  7.72948e-07
 Reference value :  7.74013e-07
 Reference value :  7.75108e-07
 Reference value :  7.76026e-07
 Reference value :  7.76988e-07
 Reference value :  7.78015e-07
 Reference value :  7.78988e-07
 Reference value :  7.80013e-07
 Reference value :  7.80628e-07
 Reference value :  7.81748e-07
 Reference value :  7.82508e-07
 Reference value :  7.83788e-07
 Reference value :  7.84468e-07
 Reference value :  7.85748e-07
 Reference value :  7.86468e-07
 Reference value :  7.87788e-07
 Reference value :  7.88428e-07
 Reference value :  7.89468e-07
 Reference value :  7.90268e-07
 Reference value :  7.91548e-07
 Reference value :  7.92308e-07
 Reference value :  7.93468e-07
 Reference value :  7.94228e-07
 Reference value :  7.95508e-07
 Reference value :  7.96306e-07
 Reference value :  7.97266e-07
 Reference value :  7.98108e-07
 Reference value :  7.99308e-07
 Reference value :  8.00148e-07
 Reference value :  8.01228e-07
 Reference value :  8.02108e-07
 Reference value :  8.03268e-07
 Reference value :  8.04108e-07
 Reference value :  8.04868e-07
 Reference value :  8.06001e-07
 Reference value :  8.06828e-07
 Reference value :  8.08004e-07
 Reference value :  8.08828e-07
 Reference value :  8.10001e-07
 Reference value :  8.10788e-07
 Reference value :  8.12000e-07
 Reference value :  8.12548e-07
 Reference value :  8.13588e-07
 Reference value :  8.14308e-07
 Reference value :  8.15548e-07
 Reference value :  8.16268e-07
 Reference value :  8.17428e-07
 Reference value :  8.18228e-07
 Reference value :  8.19468e-07
 Reference value :  8.20266e-07
 Reference value :  8.21226e-07
 Reference value :  8.22068e-07
 Reference value :  8.23268e-07
 Reference value :  8.24188e-07
 Reference value :  8.25268e-07
 Reference value :  8.26108e-07
 Reference value :  8.27228e-07
 Reference value :  8.28068e-07
 Reference value :  8.28948e-07
 Reference value :  8.30013e-07
 Reference value :  8.30908e-07
 Reference value :  8.32008e-07
 Reference value :  8.32748e-07
 Reference value :  8.33974e-07
 Reference value :  8.34668e-07
 Reference value :  8.35908e-07
 Reference value :  8.36468e-07
 Reference value :  8.37348e-07
 Reference value :  8.38148e-07
 Reference value :  8.39388e-07
 Reference value :  8.40148e-07
 Reference value :  8.41188e-07
 Reference value :  8.42040e-07
 Reference value :  8.43108e-07
 Reference value :  8.44025e-07
 Reference value :  8.44706e-07
 Reference value :  8.45906e-07
 Reference value :  8.46708e-07
 Reference value :  8.47948e-07
 Reference value :  8.48588e-07
 Reference value :  8.49828e-07
 Reference value :  8.50508e-07
 Reference value :  8.51828e-07
 Reference value :  8.52468e-07
 Reference value :  8.53548e-07
 Reference value :  8.54268e-07
 Reference value :  8.55508e-07
 Reference value :  8.56228e-07
 Reference value :  8.57348e-07
 Reference value :  8.58148e-07
 Reference value :  8.59348e-07
 Reference value :  8.60148e-07
 Reference value :  8.60988e-07
 Reference value :  8.62013e-07
 Reference value :  8.62948e-07
 Reference value :  8.64008e-07
 Reference value :  8.64748e-07
 Reference value :  8.65974e-07
 Reference value :  8.66668e-07
 Reference value :  8.67908e-07
 Reference value :  8.68546e-07
 Reference value :  8.69546e-07
 Reference value :  8.70308e-07
 Reference value :  8.71628e-07
 Reference value :  8.72348e-07
 Reference value :  8.73508e-07
 Reference value :  8.74228e-07
 Reference value :  8.75468e-07
 Reference value :  8.76188e-07
 Reference value :  8.76948e-07
 Reference value :  8.78013e-07
 Reference value :  8.78908e-07
 Reference value :  8.80004e-07
 Reference value :  8.80748e-07
 Reference value :  8.81974e-07
 Reference value :  8.82668e-07
 Reference value :  8.83868e-07
 Reference value :  8.84428e-07
 Reference value :  8.85508e-07
 Reference value :  8.86228e-07
 Reference value :  8.87428e-07
 Reference value :  8.88228e-07
 Reference value :  8.89308e-07
 Reference value :  8.90108e-07
 Reference value :  8.91228e-07
 Reference value :  8.92106e-07
 Reference value :  8.92906e-07
 Reference value :  8.94004e-07
 Reference value :  8.94908e-07
 Reference value :  8.96008e-07
 Reference value :  8.96748e-07
 Reference value :  8.97974e-07
 Reference value :  8.98668e-07
 Reference value :  8.99908e-07
 Reference value :  9.00468e-07
 Reference value :  9.01308e-07
 Reference value :  9.02108e-07
 Reference value :  9.03308e-07
 Reference value :  9.04108e-07
 Reference value :  9.05228e-07
 Reference value :  9.06108e-07
 Reference value :  9.07228e-07
 Reference value :  9.08068e-07
 Reference value :  9.08788e-07
 Reference value :  9.09948e-07
 Reference value :  9.10668e-07
 Reference value :  9.11908e-07
 Reference value :  9.12508e-07
 Reference value :  9.13788e-07
 Reference value :  9.14508e-07
 Reference value :  9.15748e-07
 Reference value :  9.16426e-07
 Reference value :  9.17386e-07
 Reference value :  9.18148e-07
 Reference value :  9.19348e-07
 Reference value :  9.20148e-07
 Reference value :  9.21188e-07
 Reference value :  9.22040e-07
 Reference value :  9.23068e-07
 Reference value :  9.24015e-07
 Reference value :  9.24708e-07
 Reference value :  9.25868e-07
 Reference value :  9.26588e-07
 Reference value :  9.27828e-07
 Reference value :  9.28468e-07
 Reference value :  9.29708e-07
 Reference value :  9.30388e-07
 Reference value :  9.31628e-07
 Reference value :  9.32308e-07
 Reference value :  9.33108e-07
 Reference value :  9.34026e-07
 Reference value :  9.35068e-07
 Reference value :  9.36015e-07
 Reference value :  9.36988e-07
 Reference value :  9.38013e-07
 Reference value :  9.38948e-07
 Reference value :  9.40013e-07
 Reference value :  9.40626e-07
 Reference value :  9.41746e-07
 Reference value :  9.42508e-07
 Reference value :  9.43748e-07
 Reference value :  9.44388e-07
 Reference value :  9.45588e-07
 Reference value :  9.46308e-07
 Reference value :  9.47548e-07
 Reference value :  9.48228e-07
 Reference value :  9.49068e-07
 Reference value :  9.50019e-07
 Reference value :  9.51108e-07
 Reference value :  9.52068e-07
 Reference value :  9.53148e-07
 Reference value :  9.54040e-07
 Reference value :  9.55108e-07
 Reference value :  9.56019e-07
 Reference value :  9.56748e-07
 Reference value :  9.57948e-07
 Reference value :  9.58668e-07
 Reference value :  9.59908e-07
 Reference value :  9.60508e-07
 Reference value :  9.61748e-07
 Reference value :  9.62468e-07
 Reference value :  9.63828e-07
 Reference value :  9.64428e-07
 Reference value :  9.65228e-07
 Reference value :  9.66068e-07
 Reference value :  9.67228e-07
 Reference value :  9.68068e-07
 Reference value :  9.69068e-07
 Reference value :  9.70015e-07
 Reference value :  9.71028e-07
 Reference value :  9.72026e-07
 Reference value :  9.72708e-07
 Reference value :  9.73868e-07
 Reference value :  9.74628e-07
 Reference value :  9.75868e-07
 Reference value :  9.76468e-07
 Reference value :  9.77668e-07
 Reference value :  9.78428e-07
 Reference value :  9.79668e-07
 Reference value :  9.80308e-07
 Reference value :  9.81188e-07
 Reference value :  9.82068e-07
 Reference value :  9.83268e-07
 Reference value :  9.84068e-07
 Reference value :  9.85068e-07
 Reference value :  9.86019e-07
 Reference value :  9.86988e-07
 Reference value :  9.88013e-07
 Reference value :  9.88708e-07
 Reference value :  9.89908e-07
 Reference value :  9.90628e-07
 Reference value :  9.91828e-07
 Reference value :  9.92468e-07
 Reference value :  9.93668e-07
 Reference value :  9.94348e-07
 Reference value :  9.95548e-07
 Reference value :  9.96268e-07
 Reference value :  9.97028e-07
 Reference value :  9.98015e-07
 Reference value :  9.99028e-07
 Reference value :  1.00002e-06
 Reference value :  1.00087e-06
 Reference value :  1.00200e-06
 Reference value :  1.00287e-06
 Reference value :  1.00400e-06
 Reference value :  1.00455e-06
 Reference value :  1.00559e-06
 Reference value :  1.00635e-06
 Reference value :  1.00755e-06
 Reference value :  1.00827e-06
 Reference value :  1.00935e-06
 Reference value :  1.01015e-06
 Reference value :  1.01131e-06
 Reference value :  1.01211e-06
 Reference value :  1.01287e-06
 Reference value :  1.01400e-06
 Reference value :  1.01483e-06
 Reference value :  1.01600e-06
 Reference value :  1.01667e-06
 Reference value :  1.01791e-06
 Reference value :  1.01863e-06
 Reference value :  1.01987e-06
 Reference value :  1.02047e-06
 Reference value :  1.02151e-06
 Reference value :  1.02223e-06
 Reference value :  1.02343e-06
 Reference value :  1.02423e-06
 Reference value :  1.02531e-06
 Reference value :  1.02611e-06
 Reference value :  1.02723e-06
 Reference value :  1.02807e-06
 Reference value :  1.02879e-06
 Reference value :  1.02983e-06
 Reference value :  1.03059e-06
 Reference value :  1.03187e-06
 Reference value :  1.03247e-06
 Reference value :  1.03375e-06
 Reference value :  1.03455e-06
 Reference value :  1.03583e-06
 Reference value :  1.03647e-06
 Reference value :  1.03751e-06
 Reference value :  1.03831e-06
 Reference value :  1.03959e-06
 Reference value :  1.04031e-06
 Reference value :  1.04143e-06
 Reference value :  1.04219e-06
 Reference value :  1.04339e-06
 Reference value :  1.04415e-06
 Reference value :  1.04491e-06
 Reference value :  1.04601e-06
 Reference value :  1.04687e-06
 Reference value :  1.04800e-06
 Reference value :  1.04871e-06
 Reference value :  1.04997e-06
 Reference value :  1.05067e-06
 Reference value :  1.05191e-06
 Reference value :  1.05247e-06
 Reference value :  1.05351e-06
 Reference value :  1.05423e-06
 Reference value :  1.05547e-06
 Reference value :  1.05623e-06
 Reference value :  1.05731e-06
 Reference value :  1.05811e-06
 Reference value :  1.05935e-06
 Reference value :  1.06019e-06
 Reference value :  1.06099e-06
 Reference value :  1.06201e-06
 Reference value :  1.06311e-06
 Reference value :  1.06404e-06
 Reference value :  1.06503e-06
 Reference value :  1.06602e-06
 Reference value :  1.06703e-06
 Reference value :  1.06802e-06
 Reference value :  1.06871e-06
 Reference value :  1.06995e-06
 Reference value :  1.07071e-06
 Reference value :  1.07197e-06
 Reference value :  1.07255e-06
 Reference value :  1.07383e-06
 Reference value :  1.07455e-06
 Reference value :  1.07587e-06
 Reference value :  1.07647e-06
 Reference value :  1.07751e-06
 Reference value :  1.07831e-06
 Reference value :  1.07963e-06
 Reference value :  1.08039e-06
 Reference value :  1.08167e-06
 Reference value :  1.08243e-06
 Reference value :  1.08375e-06
 Reference value :  1.08443e-06
 Reference value :  1.08543e-06
 Reference value :  1.08619e-06
 Reference value :  1.08747e-06
 Reference value :  1.08827e-06
 Reference value :  1.08943e-06
 Reference value :  1.09019e-06
 Reference value :  1.09147e-06
 Reference value :  1.09223e-06
 Reference value :  1.09295e-06
 Reference value :  1.09401e-06
 Reference value :  1.09491e-06
 Reference value :  1.09601e-06
 Reference value :  1.09683e-06
 Reference value :  1.09800e-06
 Reference value :  1.09883e-06
 Reference value :  1.10001e-06
 Reference value :  1.10059e-06
 Reference value :  1.10167e-06
 Reference value :  1.10243e-06
 Reference value :  1.10367e-06
 Reference value :  1.10435e-06
 Reference value :  1.10547e-06
 Reference value :  1.10631e-06
 Reference value :  1.10767e-06
 Reference value :  1.10835e-06
 Reference value :  1.10927e-06
 Reference value :  1.11011e-06
 Reference value :  1.11127e-06
 Reference value :  1.11207e-06
 Reference value :  1.11307e-06
 Reference value :  1.11403e-06
 Reference value :  1.11511e-06
 Reference value :  1.11602e-06
 Reference value :  1.11671e-06
 Reference value :  1.11795e-06
 Reference value :  1.11867e-06
 Reference value :  1.11995e-06
 Reference value :  1.12059e-06
 Reference value :  1.12183e-06
 Reference value :  1.12251e-06
 Reference value :  1.12371e-06
 Reference value :  1.12435e-06
 Reference value :  1.12519e-06
 Reference value :  1.12604e-06
 Reference value :  1.12715e-06
 Reference value :  1.12804e-06
 Reference value :  1.12899e-06
 Reference value :  1.13002e-06
 Reference value :  1.13103e-06
 Reference value :  1.13201e-06
 Reference value :  1.13271e-06
 Reference value :  1.13395e-06
 Reference value :  1.13471e-06
 Reference value :  1.13591e-06
 Reference value :  1.13651e-06
 Reference value :  1.13775e-06
 Reference value :  1.13843e-06
 Reference value :  1.13967e-06
 Reference value :  1.14035e-06
 Reference value :  1.14131e-06
 Reference value :  1.14211e-06
 Reference value :  1.14335e-06
 Reference value :  1.14415e-06
 Reference value :  1.14523e-06
 Reference value :  1.14607e-06
 Reference value :  1.14715e-06
 Reference value :  1.14803e-06
 Reference value :  1.14875e-06
 Reference value :  1.14991e-06
 Reference value :  1.15063e-06
 Reference value :  1.15187e-06
 Reference value :  1.15247e-06
 Reference value :  1.15367e-06
 Reference value :  1.15435e-06
 Reference value :  1.15567e-06
 Reference value :  1.15639e-06
 Reference value :  1.15719e-06
 Reference value :  1.15804e-06
 Reference value :  1.15919e-06
 Reference value :  1.16004e-06
 Reference value :  1.16099e-06
 Reference value :  1.16202e-06
 Reference value :  1.16311e-06
 Reference value :  1.16402e-06
 Reference value :  1.16467e-06
 Reference value :  1.16575e-06
 Reference value :  1.16651e-06
 Reference value :  1.16771e-06
 Reference value :  1.16839e-06
 Reference value :  1.16959e-06
 Reference value :  1.17027e-06
 Reference value :  1.17151e-06
 Reference value :  1.17223e-06
 Reference value :  1.17311e-06
 Reference value :  1.17403e-06
 Reference value :  1.17507e-06
 Reference value :  1.17602e-06
 Reference value :  1.17687e-06
 Reference value :  1.17801e-06
 Reference value :  1.17891e-06
 Reference value :  1.18000e-06
 Reference value :  1.18059e-06
 Reference value :  1.18171e-06
 Reference value :  1.18243e-06
 Reference value :  1.18367e-06
 Reference value :  1.18435e-06
 Reference value :  1.18551e-06
 Reference value :  1.18623e-06
 Reference value :  1.18747e-06
 Reference value :  1.18823e-06
 Reference value :  1.18899e-06
 Reference value :  1.19001e-06
 Reference value :  1.19099e-06
 Reference value :  1.19201e-06
 Reference value :  1.19283e-06
 Reference value :  1.19400e-06
 Reference value :  1.19487e-06
 Reference value :  1.19600e-06
 Reference value :  1.19655e-06
 Reference value :  1.19759e-06
 Reference value :  1.19831e-06
 Reference value :  1.19955e-06
 Reference value :  1.20027e-06
 Reference value :  1.20147e-06
 Reference value :  1.20303e-06
 Reference value :  1.20467e-06
 Reference value :  1.20579e-06
 Reference value :  1.20655e-06
 Reference value :  1.20779e-06
 Reference value :  1.20839e-06
 Reference value :  1.20955e-06
 Reference value :  1.21031e-06
 Reference value :  1.21155e-06
 Reference value :  1.21227e-06
 Reference value :  1.21311e-06
 Reference value :  1.21403e-06
 Reference value :  1.21507e-06
 Reference value :  1.21602e-06
 Reference value :  1.21691e-06
 Reference value :  1.21801e-06
 Reference value :  1.21883e-06
 Reference value :  1.22000e-06
 Reference value :  1.22059e-06
 Reference value :  1.22155e-06
 Reference value :  1.22231e-06
 Reference value :  1.22355e-06
 Reference value :  1.22431e-06
 Reference value :  1.22543e-06
 Reference value :  1.22619e-06
 Reference value :  1.22739e-06
 Reference value :  1.22819e-06
 Reference value :  1.22903e-06
 Reference value :  1.23002e-06
 Reference value :  1.23103e-06
 Reference value :  1.23202e-06
 Reference value :  1.23283e-06
 Reference value :  1.23400e-06
 Reference value :  1.23475e-06
 Reference value :  1.23597e-06
 Reference value :  1.23651e-06
 Reference value :  1.23755e-06
 Reference value :  1.23831e-06
 Reference value :  1.23955e-06
 Reference value :  1.24027e-06
 Reference value :  1.24135e-06
 Reference value :  1.24215e-06
 Reference value :  1.24335e-06
 Reference value :  1.24415e-06
 Reference value :  1.24499e-06
 Reference value :  1.24601e-06
 Reference value :  1.24695e-06
 Reference value :  1.24801e-06
 Reference value :  1.24883e-06
 Reference value :  1.25000e-06
 Reference value :  1.25079e-06
 Reference value :  1.25197e-06
 Reference value :  1.25251e-06
 Reference value :  1.25347e-06
 Reference value :  1.25419e-06
 Reference value :  1.25539e-06
 Reference value :  1.25615e-06
 Reference value :  1.25723e-06
 Reference value :  1.25807e-06
 Reference value :  1.25919e-06
 Reference value :  1.26003e-06
 Reference value :  1.26071e-06
 Reference value :  1.26191e-06
 Reference value :  1.26267e-06
 Reference value :  1.26397e-06
 Reference value :  1.26455e-06
 Reference value :  1.26579e-06
 Reference value :  1.26651e-06
 Reference value :  1.26771e-06
 Reference value :  1.26835e-06
 Reference value :  1.26923e-06
 Reference value :  1.27011e-06
 Reference value :  1.27139e-06
 Reference value :  1.27219e-06
 Reference value :  1.27327e-06
 Reference value :  1.27411e-06
 Reference value :  1.27523e-06
 Reference value :  1.27611e-06
 Reference value :  1.27691e-06
 Reference value :  1.27800e-06
 Reference value :  1.27887e-06
 Reference value :  1.28000e-06
 Reference value :  1.28071e-06
 Reference value :  1.28195e-06
 Reference value :  1.28267e-06
 Reference value :  1.28391e-06
 Reference value :  1.28451e-06
 Reference value :  1.28535e-06
 Reference value :  1.28615e-06
 Reference value :  1.28735e-06
 Reference value :  1.28815e-06
 Reference value :  1.28919e-06
 Reference value :  1.29004e-06
 Reference value :  1.29115e-06
 Reference value :  1.29203e-06
 Reference value :  1.29275e-06
 Reference value :  1.29397e-06
 Reference value :  1.29471e-06
 Reference value :  1.29595e-06
 Reference value :  1.29651e-06
 Reference value :  1.29775e-06
 Reference value :  1.29847e-06
 Reference value :  1.29971e-06
 Reference value :  1.30035e-06
 Reference value :  1.30127e-06
 Reference value :  1.30207e-06
 Reference value :  1.30319e-06
 Reference value :  1.30404e-06
 Reference value :  1.30499e-06
 Reference value :  1.30601e-06
 Reference value :  1.30695e-06
 Reference value :  1.30801e-06
 Reference value :  1.30863e-06
 Reference value :  1.30975e-06
 Reference value :  1.31047e-06
 Reference value :  1.31171e-06
 Reference value :  1.31239e-06
 Reference value :  1.31359e-06
 Reference value :  1.31427e-06
 Reference value :  1.31551e-06
 Reference value :  1.31627e-06
 Reference value :  1.31703e-06
 Reference value :  1.31801e-06
 Reference value :  1.31903e-06
 Reference value :  1.32002e-06
 Reference value :  1.32087e-06
 Reference value :  1.32200e-06
 Reference value :  1.32275e-06
 Reference value :  1.32397e-06
 Reference value :  1.32451e-06
 Reference value :  1.32559e-06
 Reference value :  1.32647e-06
 Reference value :  1.32771e-06
 Reference value :  1.32843e-06
 Reference value :  1.32975e-06
 Reference value :  1.33059e-06
 Reference value :  1.33183e-06
 Reference value :  1.33247e-06
 Reference value :  1.33359e-06
 Reference value :  1.33451e-06
 Reference value :  1.33579e-06
 Reference value :  1.33647e-06
 Reference value :  1.33771e-06
 Reference value :  1.33851e-06
 Reference value :  1.33975e-06
 Reference value :  1.34047e-06
 Reference value :  1.34155e-06
 Reference value :  1.34251e-06
 Reference value :  1.34375e-06
 Reference value :  1.34447e-06
 Reference value :  1.34575e-06
 Reference value :  1.34647e-06
 Reference value :  1.34771e-06
 Reference value :  1.34835e-06
 Reference value :  1.34915e-06
 Reference value :  1.35007e-06
 Reference value :  1.35131e-06
 Reference value :  1.35211e-06
 Reference value :  1.35323e-06
 Reference value :  1.35415e-06
 Reference value :  1.35539e-06
 Reference value :  1.35615e-06
 Reference value :  1.35687e-06
 Reference value :  1.35800e-06
 Reference value :  1.35903e-06
 Reference value :  1.36003e-06
 Reference value :  1.36099e-06
 Reference value :  1.36204e-06
 Reference value :  1.36327e-06
 Reference value :  1.36415e-06
 Reference value :  1.36499e-06
 Reference value :  1.36602e-06
 Reference value :  1.36723e-06
 Reference value :  1.36811e-06
 Reference value :  1.36927e-06
 Reference value :  1.37011e-06
 Reference value :  1.37135e-06
 Reference value :  1.37223e-06
 Reference value :  1.37323e-06
 Reference value :  1.37407e-06
 Reference value :  1.37523e-06
 Reference value :  1.37611e-06
 Reference value :  1.37711e-06
 Reference value :  1.37803e-06
 Reference value :  1.37903e-06
 Reference value :  1.38002e-06
 Reference value :  1.38071e-06
 Reference value :  1.38179e-06
 Reference value :  1.38255e-06
 Reference value :  1.38379e-06
 Reference value :  1.38443e-06
 Reference value :  1.38563e-06
 Reference value :  1.38631e-06
 Reference value :  1.38755e-06
 Reference value :  1.38831e-06
 Reference value :  1.38923e-06
 Reference value :  1.39011e-06
 Reference value :  1.39131e-06
 Reference value :  1.39215e-06
 Reference value :  1.39319e-06
 Reference value :  1.39411e-06
 Reference value :  1.39527e-06
 Reference value :  1.39607e-06
 Reference value :  1.39683e-06
 Reference value :  1.39800e-06
 Reference value :  1.39879e-06
 Reference value :  1.40000e-06
 Reference value :  1.40059e-06
 Reference value :  1.40183e-06
 Reference value :  1.40255e-06
 Reference value :  1.40375e-06
 Reference value :  1.40435e-06
 Reference value :  1.40527e-06
 Reference value :  1.40611e-06
 Reference value :  1.40727e-06
 Reference value :  1.40811e-06
 Reference value :  1.40911e-06
 Reference value :  1.41003e-06
 Reference value :  1.41103e-06
 Reference value :  1.41201e-06
 Reference value :  1.41267e-06
 Reference value :  1.41363e-06
 Reference value :  1.41435e-06
 Reference value :  1.41567e-06
 Reference value :  1.41635e-06
 Reference value :  1.41755e-06
 Reference value :  1.41827e-06
 Reference value :  1.41951e-06
 Reference value :  1.42027e-06
 Reference value :  1.42107e-06
 Reference value :  1.42202e-06
 Reference value :  1.42299e-06
 Reference value :  1.42401e-06
 Reference value :  1.42491e-06
 Reference value :  1.42601e-06
 Reference value :  1.42687e-06
 Reference value :  1.42800e-06
 Reference value :  1.42867e-06
 Reference value :  1.42987e-06
 Reference value :  1.43071e-06
 Reference value :  1.43195e-06
 Reference value :  1.43275e-06
 Reference value :  1.43400e-06
 Reference value :  1.43479e-06
 Reference value :  1.43600e-06
 Reference value :  1.43663e-06
 Reference value :  1.43783e-06
 Reference value :  1.43863e-06
 Reference value :  1.43987e-06
 Reference value :  1.44059e-06
 Reference value :  1.44187e-06
 Reference value :  1.44255e-06
 Reference value :  1.44379e-06
 Reference value :  1.44439e-06
 Reference value :  1.44523e-06
 Reference value :  1.44607e-06
 Reference value :  1.44723e-06
 Reference value :  1.44807e-06
 Reference value :  1.44907e-06
 Reference value :  1.45002e-06
 Reference value :  1.45103e-06
 Reference value :  1.45202e-06
 Reference value :  1.45267e-06
 Reference value :  1.45383e-06
 Reference value :  1.45463e-06
 Reference value :  1.45587e-06
 Reference value :  1.45647e-06
 Reference value :  1.45771e-06
 Reference value :  1.45843e-06
 Reference value :  1.45967e-06
 Reference value :  1.46031e-06
 Reference value :  1.46123e-06
 Reference value :  1.46207e-06
 Reference value :  1.46323e-06
 Reference value :  1.46411e-06
 Reference value :  1.46531e-06
 Reference value :  1.46615e-06
 Reference value :  1.46735e-06
 Reference value :  1.46819e-06
 Reference value :  1.46903e-06
 Reference value :  1.47002e-06
 Reference value :  1.47103e-06
 Reference value :  1.47202e-06
 Reference value :  1.47287e-06
 Reference value :  1.47400e-06
 Reference value :  1.47483e-06
 Reference value :  1.47600e-06
 Reference value :  1.47663e-06
 Reference value :  1.47767e-06
 Reference value :  1.47843e-06
 Reference value :  1.47971e-06
 Reference value :  1.48043e-06
 Reference value :  1.48179e-06
 Reference value :  1.48255e-06
 Reference value :  1.48387e-06
 Reference value :  1.48447e-06
 Reference value :  1.48559e-06
 Reference value :  1.48635e-06
 Reference value :  1.48767e-06
 Reference value :  1.48843e-06
 Reference value :  1.48979e-06
 Reference value :  1.49055e-06
 Reference value :  1.49179e-06
 Reference value :  1.49247e-06
 Reference value :  1.49359e-06
 Reference value :  1.49451e-06
 Reference value :  1.49583e-06
 Reference value :  1.49647e-06
 Reference value :  1.49783e-06
 Reference value :  1.49875e-06
 Reference value :  1.50001e-06
 Reference value :  1.50071e-06
 Reference value :  1.50195e-06
 Reference value :  1.50275e-06
 Reference value :  1.50400e-06
 Reference value :  1.50479e-06
 Reference value :  1.50600e-06
 Reference value :  1.50675e-06
 Reference value :  1.50800e-06
 Reference value :  1.50867e-06
 Reference value :  1.50983e-06
 Reference value :  1.51079e-06
 Reference value :  1.51200e-06
 Reference value :  1.51259e-06
 Reference value :  1.51397e-06
 Reference value :  1.51479e-06
 Reference value :  1.51602e-06
 Reference value :  1.51675e-06
 Reference value :  1.51801e-06
 Reference value :  1.51911e-06
 Reference value :  1.52002e-06
 Reference value :  1.52095e-06
 Reference value :  1.52202e-06
 Reference value :  1.52323e-06
 Reference value :  1.52419e-06
 Reference value :  1.52507e-06
 Reference value :  1.52607e-06
 Reference value :  1.52735e-06
 Reference value :  1.52819e-06
 Reference value :  1.52923e-06
 Reference value :  1.53015e-06
 Reference value :  1.53131e-06
 Reference value :  1.53219e-06
 Reference value :  1.53303e-06
 Reference value :  1.53401e-06
 Reference value :  1.53495e-06
 Reference value :  1.53601e-06
 Reference value :  1.53675e-06
 Reference value :  1.53823e-06
 Reference value :  1.54011e-06
 Reference value :  1.54091e-06
 Reference value :  1.54200e-06
 Reference value :  1.54287e-06
 Reference value :  1.54400e-06
 Reference value :  1.54483e-06
 Reference value :  1.54601e-06
 Reference value :  1.54695e-06
 Reference value :  1.54801e-06
 Reference value :  1.54871e-06
 Reference value :  1.54987e-06
 Reference value :  1.55067e-06
 Reference value :  1.55191e-06
 Reference value :  1.55251e-06
 Reference value :  1.55371e-06
 Reference value :  1.55439e-06
 Reference value :  1.55563e-06
 Reference value :  1.55635e-06
 Reference value :  1.55731e-06
 Reference value :  1.55815e-06
 Reference value :  1.55935e-06
 Reference value :  1.56015e-06
 Reference value :  1.56123e-06
 Reference value :  1.56211e-06
 Reference value :  1.56327e-06
 Reference value :  1.56407e-06
 Reference value :  1.56487e-06
 Reference value :  1.56600e-06
 Reference value :  1.56683e-06
 Reference value :  1.56800e-06
 Reference value :  1.56863e-06
 Reference value :  1.56983e-06
 Reference value :  1.57055e-06
 Reference value :  1.57183e-06
 Reference value :  1.57243e-06
 Reference value :  1.57335e-06
 Reference value :  1.57415e-06
 Reference value :  1.57547e-06
 Reference value :  1.57623e-06
 Reference value :  1.57739e-06
 Reference value :  1.57815e-06
 Reference value :  1.57931e-06
 Reference value :  1.58011e-06
 Reference value :  1.58083e-06
 Reference value :  1.58200e-06
 Reference value :  1.58279e-06
 Reference value :  1.58400e-06
 Reference value :  1.58459e-06
 Reference value :  1.58583e-06
 Reference value :  1.58651e-06
 Reference value :  1.58771e-06
 Reference value :  1.58835e-06
 Reference value :  1.58931e-06
 Reference value :  1.59019e-06
 Reference value :  1.59139e-06
 Reference value :  1.59215e-06
 Reference value :  1.59319e-06
 Reference value :  1.59404e-06
 Reference value :  1.59511e-06
 Reference value :  1.59602e-06
 Reference value :  1.59675e-06
 Reference value :  1.59795e-06
 Reference value :  1.59871e-06
 Reference value :  1.59995e-06
 Reference value :  1.60051e-06
 Reference value :  1.60175e-06
 Reference value :  1.60243e-06
 Reference value :  1.60363e-06
 Reference value :  1.60431e-06
 Reference value :  1.60507e-06
 Reference value :  1.60603e-06
 Reference value :  1.60711e-06
 Reference value :  1.60802e-06
 Reference value :  1.60891e-06
 Reference value :  1.61001e-06
 Reference value :  1.61083e-06
 Reference value :  1.61200e-06
 Reference value :  1.61259e-06
 Reference value :  1.61367e-06
 Reference value :  1.61439e-06
 Reference value :  1.61559e-06
 Reference value :  1.61627e-06
 Reference value :  1.61739e-06
 Reference value :  1.61815e-06
 Reference value :  1.61931e-06
 Reference value :  1.62011e-06
 Reference value :  1.62087e-06
 Reference value :  1.62200e-06
 Reference value :  1.62283e-06
 Reference value :  1.62400e-06
 Reference value :  1.62467e-06
 Reference value :  1.62591e-06
 Reference value :  1.62659e-06
 Reference value :  1.62783e-06
 Reference value :  1.62843e-06
 Reference value :  1.62943e-06
 Reference value :  1.63023e-06
 Reference value :  1.63151e-06
 Reference value :  1.63223e-06
 Reference value :  1.63331e-06
 Reference value :  1.63415e-06
 Reference value :  1.63531e-06
 Reference value :  1.63611e-06
 Reference value :  1.63687e-06
 Reference value :  1.63800e-06
 Reference value :  1.63875e-06
 Reference value :  1.63997e-06
 Reference value :  1.64059e-06
 Reference value :  1.64183e-06
 Reference value :  1.64251e-06
 Reference value :  1.64371e-06
 Reference value :  1.64439e-06
 Reference value :  1.64531e-06
 Reference value :  1.64611e-06
 Reference value :  1.64727e-06
 Reference value :  1.64811e-06
 Reference value :  1.64911e-06
 Reference value :  1.65003e-06
 Reference value :  1.65103e-06
 Reference value :  1.65201e-06
 Reference value :  1.65267e-06
 Reference value :  1.65383e-06
 Reference value :  1.65459e-06
 Reference value :  1.65579e-06
 Reference value :  1.65643e-06
 Reference value :  1.65771e-06
 Reference value :  1.65847e-06
 Reference value :  1.65975e-06
 Reference value :  1.66043e-06
 Reference value :  1.66147e-06
 Reference value :  1.66231e-06
 Reference value :  1.66359e-06
 Reference value :  1.66435e-06
 Reference value :  1.66555e-06
 Reference value :  1.66627e-06
 Reference value :  1.66755e-06
 Reference value :  1.66823e-06
 Reference value :  1.66899e-06
 Reference value :  1.67001e-06
 Reference value :  1.67107e-06
 Reference value :  1.67202e-06
 Reference value :  1.67291e-06
 Reference value :  1.67401e-06
 Reference value :  1.67483e-06
 Reference value :  1.67600e-06
 Reference value :  1.67655e-06
 Reference value :  1.67755e-06
 Reference value :  1.67827e-06
 Reference value :  1.67947e-06
 Reference value :  1.68023e-06
 Reference value :  1.68131e-06
 Reference value :  1.68211e-06
 Reference value :  1.68323e-06
 Reference value :  1.68404e-06
 Reference value :  1.68479e-06
 Reference value :  1.68595e-06
 Reference value :  1.68667e-06
 Reference value :  1.68791e-06
 Reference value :  1.68851e-06
 Reference value :  1.68975e-06
 Reference value :  1.69047e-06
 Reference value :  1.69171e-06
 Reference value :  1.69235e-06
 Reference value :  1.69327e-06
 Reference value :  1.69411e-06
 Reference value :  1.69527e-06
 Reference value :  1.69607e-06
 Reference value :  1.69707e-06
 Reference value :  1.69802e-06
 Reference value :  1.69903e-06
 Reference value :  1.70001e-06
 Reference value :  1.70071e-06
 Reference value :  1.70175e-06
 Reference value :  1.70247e-06
 Reference value :  1.70367e-06
 Reference value :  1.70435e-06
 Reference value :  1.70559e-06
 Reference value :  1.70627e-06
 Reference value :  1.70751e-06
 Reference value :  1.70823e-06
 Reference value :  1.70899e-06
 Reference value :  1.71001e-06
 Reference value :  1.71099e-06
 Reference value :  1.71201e-06
 Reference value :  1.71279e-06
 Reference value :  1.71400e-06
 Reference value :  1.71471e-06
 Reference value :  1.71595e-06
 Reference value :  1.71647e-06
 Reference value :  1.71747e-06
 Reference value :  1.71819e-06
 Reference value :  1.71939e-06
 Reference value :  1.72019e-06
 Reference value :  1.72123e-06
 Reference value :  1.72207e-06
 Reference value :  1.72315e-06
 Reference value :  1.72403e-06
 Reference value :  1.72475e-06
 Reference value :  1.72595e-06
 Reference value :  1.72667e-06
 Reference value :  1.72787e-06
 Reference value :  1.72851e-06
 Reference value :  1.72971e-06
 Reference value :  1.73043e-06
 Reference value :  1.73167e-06
 Reference value :  1.73235e-06
 Reference value :  1.73311e-06
 Reference value :  1.73404e-06
 Reference value :  1.73515e-06
 Reference value :  1.73607e-06
 Reference value :  1.73707e-06
 Reference value :  1.73802e-06
 Reference value :  1.73903e-06
 Reference value :  1.74002e-06
 Reference value :  1.74075e-06
 Reference value :  1.74207e-06
 Reference value :  1.74391e-06
 Reference value :  1.74527e-06
 Reference value :  1.74671e-06
 Reference value :  1.74815e-06
 Reference value :  1.74967e-06
 Reference value :  1.75107e-06
 Reference value :  1.75239e-06
 Reference value :  1.75403e-06
 Reference value :  1.75567e-06
 Reference value :  1.75675e-06
 Reference value :  1.75823e-06
 Reference value :  1.76001e-06
 Reference value :  1.76075e-06
 Reference value :  1.76197e-06
 Reference value :  1.76271e-06
 Reference value :  1.76395e-06
 Reference value :  1.76447e-06
 Reference value :  1.76543e-06
 Reference value :  1.76627e-06
 Reference value :  1.76763e-06
 Reference value :  1.76835e-06
 Reference value :  1.76955e-06
 Reference value :  1.77027e-06
 Reference value :  1.77151e-06
 Reference value :  1.77223e-06
 Reference value :  1.77303e-06
 Reference value :  1.77402e-06
 Reference value :  1.77503e-06
 Reference value :  1.77602e-06
 Reference value :  1.77687e-06
 Reference value :  1.77801e-06
 Reference value :  1.77891e-06
 Reference value :  1.78001e-06
 Reference value :  1.78067e-06
 Reference value :  1.78187e-06
 Reference value :  1.78263e-06
 Reference value :  1.78391e-06
 Reference value :  1.78451e-06
 Reference value :  1.78579e-06
 Reference value :  1.78655e-06
 Reference value :  1.78787e-06
 Reference value :  1.78843e-06
 Reference value :  1.78939e-06
 Reference value :  1.79015e-06
 Reference value :  1.79135e-06
 Reference value :  1.79215e-06
 Reference value :  1.79331e-06
 Reference value :  1.79415e-06
 Reference value :  1.79531e-06
 Reference value :  1.79607e-06
 Reference value :  1.79679e-06
 Reference value :  1.79779e-06
 Reference value :  1.79851e-06
 Reference value :  1.79971e-06
 Reference value :  1.80043e-06
 Reference value :  1.80179e-06
 Reference value :  1.80255e-06
 Reference value :  1.80379e-06
 Reference value :  1.80439e-06
 Reference value :  1.80523e-06
 Reference value :  1.80607e-06
 Reference value :  1.80723e-06
 Reference value :  1.80811e-06
 Reference value :  1.80915e-06
 Reference value :  1.81004e-06
 Reference value :  1.81115e-06
 Reference value :  1.81204e-06
 Reference value :  1.81283e-06
 Reference value :  1.81400e-06
 Reference value :  1.81479e-06
 Reference value :  1.81600e-06
 Reference value :  1.81663e-06
 Reference value :  1.81783e-06
 Reference value :  1.81855e-06
 Reference value :  1.81979e-06
 Reference value :  1.82039e-06
 Reference value :  1.82139e-06
 Reference value :  1.82219e-06
 Reference value :  1.82343e-06
 Reference value :  1.82423e-06
 Reference value :  1.82535e-06
 Reference value :  1.82615e-06
 Reference value :  1.82731e-06
 Reference value :  1.82811e-06
 Reference value :  1.82887e-06
 Reference value :  1.83000e-06
 Reference value :  1.83091e-06
 Reference value :  1.83200e-06
 Reference value :  1.83271e-06
 Reference value :  1.83395e-06
 Reference value :  1.83463e-06
 Reference value :  1.83583e-06
 Reference value :  1.83643e-06
 Reference value :  1.83735e-06
 Reference value :  1.83811e-06
 Reference value :  1.83927e-06
 Reference value :  1.84011e-06
 Reference value :  1.84111e-06
 Reference value :  1.84203e-06
 Reference value :  1.84307e-06
 Reference value :  1.84402e-06
 Reference value :  1.84471e-06
 Reference value :  1.84587e-06
 Reference value :  1.84663e-06
 Reference value :  1.84783e-06
 Reference value :  1.84843e-06
 Reference value :  1.84963e-06
 Reference value :  1.85031e-06
 Reference value :  1.85151e-06
 Reference value :  1.85223e-06
 Reference value :  1.85311e-06
 Reference value :  1.85403e-06
 Reference value :  1.85523e-06
 Reference value :  1.85607e-06
 Reference value :  1.85707e-06
 Reference value :  1.85802e-06
 Reference value :  1.85895e-06
 Reference value :  1.86001e-06
 Reference value :  1.86063e-06
 Reference value :  1.86159e-06
 Reference value :  1.86231e-06
 Reference value :  1.86355e-06
 Reference value :  1.86427e-06
 Reference value :  1.86535e-06
 Reference value :  1.86615e-06
 Reference value :  1.86731e-06
 Reference value :  1.86811e-06
 Reference value :  1.86883e-06
 Reference value :  1.87000e-06
 Reference value :  1.87079e-06
 Reference value :  1.87200e-06
 Reference value :  1.87263e-06
 Reference value :  1.87391e-06
 Reference value :  1.87459e-06
 Reference value :  1.87583e-06
 Reference value :  1.87643e-06
 Reference value :  1.87739e-06
 Reference value :  1.87815e-06
 Reference value :  1.87935e-06
 Reference value :  1.88015e-06
 Reference value :  1.88127e-06
 Reference value :  1.88211e-06
 Reference value :  1.88319e-06
 Reference value :  1.88404e-06
 Reference value :  1.88479e-06
 Reference value :  1.88597e-06
 Reference value :  1.88671e-06
 Reference value :  1.88795e-06
 Reference value :  1.88855e-06
 Reference value :  1.88979e-06
 Reference value :  1.89059e-06
 Reference value :  1.89179e-06
 Reference value :  1.89239e-06
 Reference value :  1.89323e-06
 Reference value :  1.89407e-06
 Reference value :  1.89523e-06
 Reference value :  1.89607e-06
 Reference value :  1.89707e-06
 Reference value :  1.89802e-06
 Reference value :  1.89915e-06
 Reference value :  1.90003e-06
 Reference value :  1.90071e-06
 Reference value :  1.90195e-06
 Reference value :  1.90267e-06
 Reference value :  1.90395e-06
 Reference value :  1.90455e-06
 Reference value :  1.90583e-06
 Reference value :  1.90651e-06
 Reference value :  1.90779e-06
 Reference value :  1.90839e-06
 Reference value :  1.90943e-06
 Reference value :  1.91023e-06
 Reference value :  1.91151e-06
 Reference value :  1.91227e-06
 Reference value :  1.91339e-06
 Reference value :  1.91419e-06
 Reference value :  1.91543e-06
 Reference value :  1.91623e-06
 Reference value :  1.91711e-06
 Reference value :  1.91803e-06
 Reference value :  1.91915e-06
 Reference value :  1.92007e-06
 Reference value :  1.92107e-06
 Reference value :  1.92202e-06
 Reference value :  1.92307e-06
 Reference value :  1.92402e-06
 Reference value :  1.92471e-06
 Reference value :  1.92579e-06
 Reference value :  1.92651e-06
 Reference value :  1.92775e-06
 Reference value :  1.92847e-06
 Reference value :  1.92971e-06
 Reference value :  1.93039e-06
 Reference value :  1.93163e-06
 Reference value :  1.93235e-06
 Reference value :  1.93315e-06
 Reference value :  1.93402e-06
 Reference value :  1.93499e-06
 Reference value :  1.93601e-06
 Reference value :  1.93671e-06
 Reference value :  1.93791e-06
 Reference value :  1.93855e-06
 Reference value :  1.93971e-06
 Reference value :  1.94031e-06
 Reference value :  1.94115e-06
 Reference value :  1.94203e-06
 Reference value :  1.94307e-06
 Reference value :  1.94403e-06
 Reference value :  1.94495e-06
 Reference value :  1.94601e-06
 Reference value :  1.94687e-06
 Reference value :  1.94800e-06
 Reference value :  1.94863e-06
 Reference value :  1.94975e-06
 Reference value :  1.95047e-06
 Reference value :  1.95175e-06
 Reference value :  1.95251e-06
 Reference value :  1.95401e-06
 Reference value :  1.95495e-06
 Reference value :  1.95601e-06
 Reference value :  1.95663e-06
 Reference value :  1.95767e-06
 Reference value :  1.95839e-06
 Reference value :  1.95963e-06
 Reference value :  1.96035e-06
 Reference value :  1.96151e-06
 Reference value :  1.96227e-06
 Reference value :  1.96347e-06
 Reference value :  1.96423e-06
 Reference value :  1.96507e-06
 Reference value :  1.96602e-06
 Reference value :  1.96703e-06
 Reference value :  1.96802e-06
 Reference value :  1.96895e-06
 Reference value :  1.97001e-06
 Reference value :  1.97083e-06
 Reference value :  1.97200e-06
 Reference value :  1.97259e-06
 Reference value :  1.97363e-06
 Reference value :  1.97435e-06
 Reference value :  1.97559e-06
 Reference value :  1.97635e-06
 Reference value :  1.97751e-06
 Reference value :  1.97823e-06
 Reference value :  1.97951e-06
 Reference value :  1.98023e-06
 Reference value :  1.98107e-06
 Reference value :  1.98202e-06
 Reference value :  1.98307e-06
 Reference value :  1.98403e-06
 Reference value :  1.98499e-06
 Reference value :  1.98601e-06
 Reference value :  1.98695e-06
 Reference value :  1.98801e-06
 Reference value :  1.98867e-06
 Reference value :  1.98967e-06
 Reference value :  1.99039e-06
 Reference value :  1.99159e-06
 Reference value :  1.99227e-06
 Reference value :  1.99343e-06
 Reference value :  1.99415e-06
 Reference value :  1.99531e-06
 Reference value :  1.99611e-06
 Reference value :  1.99683e-06
 Reference value :  1.99800e-06
 Reference value :  1.99887e-06
 Reference value :  2.00000e-06
 Reference value :  2.00075e-06
 Reference value :  2.00200e-06
 Reference value :  2.00275e-06
 Reference value :  2.00400e-06
 Reference value :  2.00459e-06
 Reference value :  2.00571e-06
 Reference value :  2.00643e-06
 Reference value :  2.00771e-06
 Reference value :  2.00835e-06
 Reference value :  2.00951e-06
 Reference value :  2.01023e-06
 Reference value :  2.01147e-06
 Reference value :  2.01223e-06
 Reference value :  2.01307e-06
 Reference value :  2.01402e-06
 Reference value :  2.01503e-06
 Reference value :  2.01603e-06
 Reference value :  2.01695e-06
 Reference value :  2.01801e-06
 Reference value :  2.01887e-06
 Reference value :  2.02000e-06
 Reference value :  2.02059e-06
 Reference value :  2.02159e-06
 Reference value :  2.02231e-06
 Reference value :  2.02351e-06
 Reference value :  2.02423e-06
 Reference value :  2.02535e-06
 Reference value :  2.02615e-06
 Reference value :  2.02731e-06
 Reference value :  2.02815e-06
 Reference value :  2.02891e-06
 Reference value :  2.03000e-06
 Reference value :  2.03083e-06
 Reference value :  2.03200e-06
 Reference value :  2.03271e-06
 Reference value :  2.03395e-06
 Reference value :  2.03463e-06
 Reference value :  2.03587e-06
 Reference value :  2.03643e-06
 Reference value :  2.03739e-06
 Reference value :  2.03815e-06
 Reference value :  2.03939e-06
 Reference value :  2.04019e-06
 Reference value :  2.04123e-06
 Reference value :  2.04215e-06
 Reference value :  2.04331e-06
 Reference value :  2.04411e-06
 Reference value :  2.04491e-06
 Reference value :  2.04601e-06
 Reference value :  2.04707e-06
 Reference value :  2.04802e-06
 Reference value :  2.04887e-06
 Reference value :  2.05001e-06
 Reference value :  2.05087e-06
 Reference value :  2.05200e-06
 Reference value :  2.05259e-06
 Reference value :  2.05347e-06
 Reference value :  2.05427e-06
 Reference value :  2.05547e-06
 Reference value :  2.05627e-06
 Reference value :  2.05747e-06
 Reference value :  2.05819e-06
 Reference value :  2.05939e-06
 Reference value :  2.06015e-06
 Reference value :  2.06083e-06
 Reference value :  2.06200e-06
 Reference value :  2.06279e-06
 Reference value :  2.06400e-06
 Reference value :  2.06467e-06
 Reference value :  2.06587e-06
 Reference value :  2.06659e-06
 Reference value :  2.06779e-06
 Reference value :  2.06839e-06
 Reference value :  2.06931e-06
 Reference value :  2.07011e-06
 Reference value :  2.07127e-06
 Reference value :  2.07215e-06
 Reference value :  2.07323e-06
 Reference value :  2.07407e-06
 Reference value :  2.07515e-06
 Reference value :  2.07603e-06
 Reference value :  2.07675e-06
 Reference value :  2.07797e-06
 Reference value :  2.07879e-06
 Reference value :  2.08000e-06
 Reference value :  2.08071e-06
 Reference value :  2.08195e-06
 Reference value :  2.08263e-06
 Reference value :  2.08387e-06
 Reference value :  2.08451e-06
 Reference value :  2.08543e-06
 Reference value :  2.08619e-06
 Reference value :  2.08739e-06
 Reference value :  2.08815e-06
 Reference value :  2.08919e-06
 Reference value :  2.09004e-06
 Reference value :  2.09107e-06
 Reference value :  2.09202e-06
 Reference value :  2.09271e-06
 Reference value :  2.09387e-06
 Reference value :  2.09459e-06
 Reference value :  2.09583e-06
 Reference value :  2.09647e-06
 Reference value :  2.09767e-06
 Reference value :  2.09839e-06
 Reference value :  2.09963e-06
 Reference value :  2.10035e-06
 Reference value :  2.10123e-06
 Reference value :  2.10207e-06
 Reference value :  2.10323e-06
 Reference value :  2.10407e-06
 Reference value :  2.10511e-06
 Reference value :  2.10615e-06
 Reference value :  2.10731e-06
 Reference value :  2.10811e-06
 Reference value :  2.10891e-06
 Reference value :  2.11001e-06
 Reference value :  2.11087e-06
 Reference value :  2.11201e-06
 Reference value :  2.11279e-06
 Reference value :  2.11400e-06
 Reference value :  2.11475e-06
 Reference value :  2.11597e-06
 Reference value :  2.11651e-06
 Reference value :  2.11743e-06
 Reference value :  2.11819e-06
 Reference value :  2.11943e-06
 Reference value :  2.12019e-06
 Reference value :  2.12123e-06
 Reference value :  2.12211e-06
 Reference value :  2.12323e-06
 Reference value :  2.12407e-06
 Reference value :  2.12479e-06
 Reference value :  2.12600e-06
 Reference value :  2.12675e-06
 Reference value :  2.12800e-06
 Reference value :  2.12859e-06
 Reference value :  2.12983e-06
 Reference value :  2.13059e-06
 Reference value :  2.13183e-06
 Reference value :  2.13243e-06
 Reference value :  2.13339e-06
 Reference value :  2.13415e-06
 Reference value :  2.13535e-06
 Reference value :  2.13615e-06
 Reference value :  2.13719e-06
 Reference value :  2.13807e-06
 Reference value :  2.13915e-06
 Reference value :  2.14004e-06
 Reference value :  2.14079e-06
 Reference value :  2.14200e-06
 Reference value :  2.14275e-06
 Reference value :  2.14397e-06
 Reference value :  2.14455e-06
 Reference value :  2.14579e-06
 Reference value :  2.14651e-06
 Reference value :  2.14775e-06
 Reference value :  2.14839e-06
 Reference value :  2.14927e-06
 Reference value :  2.15011e-06
 Reference value :  2.15131e-06
 Reference value :  2.15215e-06
 Reference value :  2.15319e-06
 Reference value :  2.15404e-06
 Reference value :  2.15511e-06
 Reference value :  2.15604e-06
 Reference value :  2.15675e-06
 Reference value :  2.15800e-06
 Reference value :  2.15887e-06
 Reference value :  2.16000e-06
 Reference value :  2.16067e-06
 Reference value :  2.16195e-06
 Reference value :  2.16267e-06
 Reference value :  2.16391e-06
 Reference value :  2.16447e-06
 Reference value :  2.16547e-06
 Reference value :  2.16623e-06
 Reference value :  2.16743e-06
 Reference value :  2.16823e-06
 Reference value :  2.16931e-06
 Reference value :  2.17015e-06
 Reference value :  2.17135e-06
 Reference value :  2.17215e-06
 Reference value :  2.17299e-06
 Reference value :  2.17401e-06
 Reference value :  2.17491e-06
 Reference value :  2.17600e-06
 Reference value :  2.17671e-06
 Reference value :  2.17797e-06
 Reference value :  2.17875e-06
 Reference value :  2.18000e-06
 Reference value :  2.18063e-06
 Reference value :  2.18155e-06
 Reference value :  2.18227e-06
 Reference value :  2.18347e-06
 Reference value :  2.18423e-06
 Reference value :  2.18531e-06
 Reference value :  2.18615e-06
 Reference value :  2.18747e-06
 Reference value :  2.18827e-06
 Reference value :  2.18907e-06
 Reference value :  2.19002e-06
 Reference value :  2.19103e-06
 Reference value :  2.19202e-06
 Reference value :  2.19291e-06
 Reference value :  2.19401e-06
 Reference value :  2.19487e-06
 Reference value :  2.19601e-06
 Reference value :  2.19667e-06
 Reference value :  2.19783e-06
 Reference value :  2.19855e-06
 Reference value :  2.19979e-06
 Reference value :  2.20043e-06
 Reference value :  2.20163e-06
 Reference value :  2.20235e-06
 Reference value :  2.20363e-06
 Reference value :  2.20431e-06
 Reference value :  2.20531e-06
 Reference value :  2.20619e-06
 Reference value :  2.20743e-06
 Reference value :  2.20823e-06
 Reference value :  2.20931e-06
 Reference value :  2.21015e-06
 Reference value :  2.21131e-06
 Reference value :  2.21211e-06
 Reference value :  2.21291e-06
 Reference value :  2.21401e-06
 Reference value :  2.21491e-06
 Reference value :  2.21603e-06
 Reference value :  2.21735e-06
 Reference value :  2.21823e-06
 Reference value :  2.21947e-06
 Reference value :  2.22027e-06
 Reference value :  2.22107e-06
 Reference value :  2.22202e-06
 Reference value :  2.22307e-06
 Reference value :  2.22402e-06
 Reference value :  2.22491e-06
 Reference value :  2.22600e-06
 Reference value :  2.22679e-06
 Reference value :  2.22797e-06
 Reference value :  2.22851e-06
 Reference value :  2.22955e-06
 Reference value :  2.23031e-06
 Reference value :  2.23155e-06
 Reference value :  2.23227e-06
 Reference value :  2.23335e-06
 Reference value :  2.23415e-06
 Reference value :  2.23539e-06
 Reference value :  2.23619e-06
 Reference value :  2.23707e-06
 Reference value :  2.23802e-06
 Reference value :  2.23903e-06
 Reference value :  2.24001e-06
 Reference value :  2.24079e-06
 Reference value :  2.24200e-06
 Reference value :  2.24271e-06
 Reference value :  2.24391e-06
 Reference value :  2.24447e-06
 Reference value :  2.24535e-06
 Reference value :  2.24615e-06
 Reference value :  2.24735e-06
 Reference value :  2.24819e-06
 Reference value :  2.24927e-06
 Reference value :  2.25007e-06
 Reference value :  2.25115e-06
 Reference value :  2.25204e-06
 Reference value :  2.25275e-06
 Reference value :  2.25395e-06
 Reference value :  2.25467e-06
 Reference value :  2.25591e-06
 Reference value :  2.25651e-06
 Reference value :  2.25775e-06
 Reference value :  2.25847e-06
 Reference value :  2.25971e-06
 Reference value :  2.26035e-06
 Reference value :  2.26131e-06
 Reference value :  2.26211e-06
 Reference value :  2.26327e-06
 Reference value :  2.26415e-06
 Reference value :  2.26519e-06
 Reference value :  2.26611e-06
 Reference value :  2.26723e-06
 Reference value :  2.26807e-06
 Reference value :  2.26883e-06
 Reference value :  2.27000e-06
 Reference value :  2.27079e-06
 Reference value :  2.27200e-06
 Reference value :  2.27259e-06
 Reference value :  2.27383e-06
 Reference value :  2.27455e-06
 Reference value :  2.27579e-06
 Reference value :  2.27643e-06
 Reference value :  2.27727e-06
 Reference value :  2.27807e-06
 Reference value :  2.27923e-06
 Reference value :  2.28007e-06
 Reference value :  2.28107e-06
 Reference value :  2.28202e-06
 Reference value :  2.28303e-06
 Reference value :  2.28401e-06
 Reference value :  2.28467e-06
 Reference value :  2.28587e-06
 Reference value :  2.28663e-06
 Reference value :  2.28787e-06
 Reference value :  2.28847e-06
 Reference value :  2.28975e-06
 Reference value :  2.29043e-06
 Reference value :  2.29167e-06
 Reference value :  2.29235e-06
 Reference value :  2.29323e-06
 Reference value :  2.29407e-06
 Reference value :  2.29523e-06
 Reference value :  2.29607e-06
 Reference value :  2.29707e-06
 Reference value :  2.29802e-06
 Reference value :  2.29899e-06
 Reference value :  2.30001e-06
 Reference value :  2.30071e-06
 Reference value :  2.30195e-06
 Reference value :  2.30267e-06
 Reference value :  2.30395e-06
 Reference value :  2.30459e-06
 Reference value :  2.30583e-06
 Reference value :  2.30655e-06
 Reference value :  2.30779e-06
 Reference value :  2.30839e-06
 Reference value :  2.30915e-06
 Reference value :  2.31004e-06
 Reference value :  2.31119e-06
 Reference value :  2.31204e-06
 Reference value :  2.31299e-06
 Reference value :  2.31402e-06
 Reference value :  2.31499e-06
 Reference value :  2.31601e-06
 Reference value :  2.31663e-06
 Reference value :  2.31771e-06
 Reference value :  2.31843e-06
 Reference value :  2.31967e-06
 Reference value :  2.32039e-06
 Reference value :  2.32155e-06
 Reference value :  2.32231e-06
 Reference value :  2.32355e-06
 Reference value :  2.32423e-06
 Reference value :  2.32503e-06
 Reference value :  2.32602e-06
 Reference value :  2.32699e-06
 Reference value :  2.32801e-06
 Reference value :  2.32875e-06
 Reference value :  2.32997e-06
 Reference value :  2.33083e-06
 Reference value :  2.33201e-06
 Reference value :  2.33267e-06
 Reference value :  2.33387e-06
 Reference value :  2.33467e-06
 Reference value :  2.33591e-06
 Reference value :  2.33651e-06
 Reference value :  2.33779e-06
 Reference value :  2.33847e-06
 Reference value :  2.33967e-06
 Reference value :  2.34035e-06
 Reference value :  2.34123e-06
 Reference value :  2.34207e-06
 Reference value :  2.34319e-06
 Reference value :  2.34404e-06
 Reference value :  2.34499e-06
 Reference value :  2.34601e-06
 Reference value :  2.34707e-06
 Reference value :  2.34802e-06
 Reference value :  2.34871e-06
 Reference value :  2.34995e-06
 Reference value :  2.35067e-06
 Reference value :  2.35187e-06
 Reference value :  2.35251e-06
 Reference value :  2.35379e-06
 Reference value :  2.35451e-06
 Reference value :  2.35575e-06
 Reference value :  2.35639e-06
 Reference value :  2.35731e-06
 Reference value :  2.35811e-06
 Reference value :  2.35931e-06
 Reference value :  2.36023e-06
 Reference value :  2.36135e-06
 Reference value :  2.36215e-06
 Reference value :  2.36335e-06
 Reference value :  2.36415e-06
 Reference value :  2.36495e-06
 Reference value :  2.36601e-06
 Reference value :  2.36691e-06
 Reference value :  2.36801e-06
 Reference value :  2.36871e-06
 Reference value :  2.36995e-06
 Reference value :  2.37067e-06
 Reference value :  2.37195e-06
 Reference value :  2.37255e-06
 Reference value :  2.37347e-06
 Reference value :  2.37427e-06
 Reference value :  2.37547e-06
 Reference value :  2.37623e-06
 Reference value :  2.37739e-06
 Reference value :  2.37815e-06
 Reference value :  2.37943e-06
 Reference value :  2.38023e-06
 Reference value :  2.38107e-06
 Reference value :  2.38202e-06
 Reference value :  2.38299e-06
 Reference value :  2.38401e-06
 Reference value :  2.38479e-06
 Reference value :  2.38600e-06
 Reference value :  2.38655e-06
 Reference value :  2.38771e-06
 Reference value :  2.38835e-06
 Reference value :  2.38919e-06
 Reference value :  2.39004e-06
 Reference value :  2.39111e-06
 Reference value :  2.39202e-06
 Reference value :  2.39283e-06
 Reference value :  2.39400e-06
 Reference value :  2.39467e-06
 Reference value :  2.39587e-06
 Reference value :  2.39647e-06
 Reference value :  2.39747e-06
 Reference value :  2.39823e-06
 Reference value :  2.39943e-06
 Reference value :  2.40027e-06
 Reference value :  2.40131e-06
 Reference value :  2.40211e-06
 Reference value :  2.40323e-06
 Reference value :  2.40407e-06
 Reference value :  2.40483e-06
 Reference value :  2.40595e-06
 Reference value :  2.40675e-06
 Reference value :  2.40797e-06
 Reference value :  2.40855e-06
 Reference value :  2.40975e-06
 Reference value :  2.41043e-06
 Reference value :  2.41167e-06
 Reference value :  2.41231e-06
 Reference value :  2.41315e-06
 Reference value :  2.41403e-06
 Reference value :  2.41507e-06
 Reference value :  2.41603e-06
 Reference value :  2.41691e-06
 Reference value :  2.41801e-06
 Reference value :  2.41883e-06
 Reference value :  2.41997e-06
 Reference value :  2.42051e-06
 Reference value :  2.42147e-06
 Reference value :  2.42219e-06
 Reference value :  2.42339e-06
 Reference value :  2.42415e-06
 Reference value :  2.42519e-06
 Reference value :  2.42604e-06
 Reference value :  2.42691e-06
 Reference value :  2.42797e-06
 Reference value :  2.42843e-06
 Reference value :  2.42923e-06
 Reference value :  2.43002e-06
 Reference value :  2.43087e-06
 Reference value :  2.43191e-06
 Reference value :  2.43247e-06
 Reference value :  2.43367e-06
 Reference value :  2.43431e-06
 Reference value :  2.43551e-06
 Reference value :  2.43631e-06
 Reference value :  2.43711e-06
 Reference value :  2.43802e-06
 Reference value :  2.43903e-06
 Reference value :  2.44001e-06
 Reference value :  2.44083e-06
 Reference value :  2.44200e-06
 Reference value :  2.44271e-06
 Reference value :  2.44391e-06
 Reference value :  2.44447e-06
 Reference value :  2.44535e-06
 Reference value :  2.44615e-06
 Reference value :  2.44731e-06
 Reference value :  2.44815e-06
 Reference value :  2.44919e-06
 Reference value :  2.45007e-06
 Reference value :  2.45123e-06
 Reference value :  2.45204e-06
 Reference value :  2.45279e-06
 Reference value :  2.45395e-06
 Reference value :  2.45475e-06
 Reference value :  2.45595e-06
 Reference value :  2.45659e-06
 Reference value :  2.45779e-06
 Reference value :  2.45847e-06
 Reference value :  2.45967e-06
 Reference value :  2.46031e-06
 Reference value :  2.46123e-06
 Reference value :  2.46207e-06
 Reference value :  2.46315e-06
 Reference value :  2.46403e-06
 Reference value :  2.46495e-06
 Reference value :  2.46601e-06
 Reference value :  2.46683e-06
 Reference value :  2.46800e-06
 Reference value :  2.46859e-06
 Reference value :  2.46951e-06
 Reference value :  2.47023e-06
 Reference value :  2.47143e-06
 Reference value :  2.47215e-06
 Reference value :  2.47315e-06
 Reference value :  2.47403e-06
 Reference value :  2.47499e-06
 Reference value :  2.47601e-06
 Reference value :  2.47659e-06
 Reference value :  2.47763e-06
 Reference value :  2.47835e-06
 Reference value :  2.47955e-06
 Reference value :  2.48027e-06
 Reference value :  2.48135e-06
 Reference value :  2.48215e-06
 Reference value :  2.48327e-06
 Reference value :  2.48407e-06
 Reference value :  2.48543e-06
 Reference value :  2.48667e-06
 Reference value :  2.48803e-06
 Reference value :  2.48895e-06
 Reference value :  2.49001e-06
 Reference value :  2.49083e-06
 Reference value :  2.49200e-06
 Reference value :  2.49267e-06
 Reference value :  2.49387e-06
 Reference value :  2.49463e-06
 Reference value :  2.49587e-06
 Reference value :  2.49647e-06
 Reference value :  2.49767e-06
 Reference value :  2.49839e-06
 Reference value :  2.49959e-06
 Reference value :  2.50027e-06
 Reference value :  2.50099e-06
 Reference value :  2.50201e-06
 Reference value :  2.50279e-06
 Reference value :  2.50397e-06
 Reference value :  2.50455e-06
 Reference value :  2.50575e-06
 Reference value :  2.50639e-06
 Reference value :  2.50759e-06
 Reference value :  2.50827e-06
 Reference value :  2.50907e-06
 Reference value :  2.51002e-06
 Reference value :  2.51103e-06
 Reference value :  2.51203e-06
 Reference value :  2.51291e-06
 Reference value :  2.51401e-06
 Reference value :  2.51487e-06
 Reference value :  2.51600e-06
 Reference value :  2.51655e-06
 Reference value :  2.51763e-06
 Reference value :  2.51839e-06
 Reference value :  2.51959e-06
 Reference value :  2.52031e-06
 Reference value :  2.52147e-06
 Reference value :  2.52219e-06
 Reference value :  2.52335e-06
 Reference value :  2.52415e-06
 Reference value :  2.52499e-06
 Reference value :  2.52601e-06
 Reference value :  2.52691e-06
 Reference value :  2.52801e-06
 Reference value :  2.52879e-06
 Reference value :  2.52997e-06
 Reference value :  2.53067e-06
 Reference value :  2.53187e-06
 Reference value :  2.53243e-06
 Reference value :  2.53331e-06
 Reference value :  2.53415e-06
 Reference value :  2.53535e-06
 Reference value :  2.53611e-06
 Reference value :  2.53711e-06
 Reference value :  2.53802e-06
 Reference value :  2.53895e-06
 Reference value :  2.54001e-06
 Reference value :  2.54063e-06
 Reference value :  2.54175e-06
 Reference value :  2.54251e-06
 Reference value :  2.54383e-06
 Reference value :  2.54447e-06
 Reference value :  2.54575e-06
 Reference value :  2.54643e-06
 Reference value :  2.54775e-06
 Reference value :  2.54839e-06
 Reference value :  2.54927e-06
 Reference value :  2.55002e-06
 Reference value :  2.55091e-06
 Reference value :  2.55195e-06
 Reference value :  2.55243e-06
 Reference value :  2.55339e-06
 Reference value :  2.55411e-06
 Reference value :  2.55515e-06
 Reference value :  2.55602e-06
 Reference value :  2.55671e-06
 Reference value :  2.55791e-06
 Reference value :  2.55863e-06
 Reference value :  2.55983e-06
 Reference value :  2.56043e-06
 Reference value :  2.56159e-06
 Reference value :  2.56223e-06
 Reference value :  2.56343e-06
 Reference value :  2.56419e-06
 Reference value :  2.56491e-06
 Reference value :  2.56600e-06
 Reference value :  2.56679e-06
 Reference value :  2.56800e-06
 Reference value :  2.56871e-06
 Reference value :  2.56997e-06
 Reference value :  2.57067e-06
 Reference value :  2.57187e-06
 Reference value :  2.57243e-06
 Reference value :  2.57331e-06
 Reference value :  2.57411e-06
 Reference value :  2.57527e-06
 Reference value :  2.57607e-06
 Reference value :  2.57707e-06
 Reference value :  2.57802e-06
 Reference value :  2.57903e-06
 Reference value :  2.58003e-06
 Reference value :  2.58075e-06
 Reference value :  2.58195e-06
 Reference value :  2.58271e-06
 Reference value :  2.58391e-06
 Reference value :  2.58447e-06
 Reference value :  2.58567e-06
 Reference value :  2.58639e-06
 Reference value :  2.58767e-06
 Reference value :  2.58831e-06
 Reference value :  2.58923e-06
 Reference value :  2.59007e-06
 Reference value :  2.59119e-06
 Reference value :  2.59207e-06
 Reference value :  2.59315e-06
 Reference value :  2.59404e-06
 Reference value :  2.59511e-06
 Reference value :  2.59603e-06
 Reference value :  2.59675e-06
 Reference value :  2.59787e-06
 Reference value :  2.59871e-06
 Reference value :  2.59995e-06
 Reference value :  2.60059e-06
 Reference value :  2.60183e-06
 Reference value :  2.60255e-06
 Reference value :  2.60379e-06
 Reference value :  2.60443e-06
 Reference value :  2.60539e-06
 Reference value :  2.60615e-06
 Reference value :  2.60735e-06
 Reference value :  2.60819e-06
 Reference value :  2.60927e-06
 Reference value :  2.61011e-06
 Reference value :  2.61123e-06
 Reference value :  2.61207e-06
 Reference value :  2.61283e-06
 Reference value :  2.61400e-06
 Reference value :  2.61475e-06
 Reference value :  2.61595e-06
 Reference value :  2.61651e-06
 Reference value :  2.61775e-06
 Reference value :  2.61851e-06
 Reference value :  2.61975e-06
 Reference value :  2.62043e-06
 Reference value :  2.62143e-06
 Reference value :  2.62219e-06
 Reference value :  2.62339e-06
 Reference value :  2.62415e-06
 Reference value :  2.62519e-06
 Reference value :  2.62604e-06
 Reference value :  2.62711e-06
 Reference value :  2.62803e-06
 Reference value :  2.62879e-06
 Reference value :  2.62991e-06
 Reference value :  2.63063e-06
 Reference value :  2.63187e-06
 Reference value :  2.63247e-06
 Reference value :  2.63371e-06
 Reference value :  2.63439e-06
 Reference value :  2.63563e-06
 Reference value :  2.63635e-06
 Reference value :  2.63727e-06
 Reference value :  2.63807e-06
 Reference value :  2.63923e-06
 Reference value :  2.64007e-06
 Reference value :  2.64107e-06
 Reference value :  2.64202e-06
 Reference value :  2.64299e-06
 Reference value :  2.64402e-06
 Reference value :  2.64475e-06
 Reference value :  2.64600e-06
 Reference value :  2.64683e-06
 Reference value :  2.64801e-06
 Reference value :  2.64883e-06
 Reference value :  2.65000e-06
 Reference value :  2.65079e-06
 Reference value :  2.65200e-06
 Reference value :  2.65255e-06
 Reference value :  2.65371e-06
 Reference value :  2.65447e-06
 Reference value :  2.65571e-06
 Reference value :  2.65643e-06
 Reference value :  2.65763e-06
 Reference value :  2.65835e-06
 Reference value :  2.65959e-06
 Reference value :  2.66027e-06
 Reference value :  2.66103e-06
 Reference value :  2.66202e-06
 Reference value :  2.66299e-06
 Reference value :  2.66401e-06
 Reference value :  2.66479e-06
 Reference value :  2.66600e-06
 Reference value :  2.66675e-06
 Reference value :  2.66795e-06
 Reference value :  2.66851e-06
 Reference value :  2.66947e-06
 Reference value :  2.67023e-06
 Reference value :  2.67147e-06
 Reference value :  2.67223e-06
 Reference value :  2.67331e-06
 Reference value :  2.67411e-06
 Reference value :  2.67523e-06
 Reference value :  2.67607e-06
 Reference value :  2.67683e-06
 Reference value :  2.67800e-06
 Reference value :  2.67879e-06
 Reference value :  2.68000e-06
 Reference value :  2.68067e-06
 Reference value :  2.68191e-06
 Reference value :  2.68267e-06
 Reference value :  2.68397e-06
 Reference value :  2.68455e-06
 Reference value :  2.68567e-06
 Reference value :  2.68643e-06
 Reference value :  2.68767e-06
 Reference value :  2.68839e-06
 Reference value :  2.68959e-06
 Reference value :  2.69035e-06
 Reference value :  2.69163e-06
 Reference value :  2.69231e-06
 Reference value :  2.69307e-06
 Reference value :  2.69402e-06
 Reference value :  2.69503e-06
 Reference value :  2.69601e-06
 Reference value :  2.69687e-06
 Reference value :  2.69801e-06
 Reference value :  2.69883e-06
 Reference value :  2.70000e-06
 Reference value :  2.70059e-06
 Reference value :  2.70163e-06
 Reference value :  2.70243e-06
 Reference value :  2.70367e-06
 Reference value :  2.70443e-06
 Reference value :  2.70567e-06
 Reference value :  2.70639e-06
 Reference value :  2.70767e-06
 Reference value :  2.70835e-06
 Reference value :  2.70931e-06
 Reference value :  2.71015e-06
 Reference value :  2.71143e-06
 Reference value :  2.71223e-06
 Reference value :  2.71335e-06
 Reference value :  2.71415e-06
 Reference value :  2.71535e-06
 Reference value :  2.71619e-06
 Reference value :  2.71707e-06
 Reference value :  2.71803e-06
 Reference value :  2.71915e-06
 Reference value :  2.72004e-06
 Reference value :  2.72099e-06
 Reference value :  2.72201e-06
 Reference value :  2.72295e-06
 Reference value :  2.72401e-06
 Reference value :  2.72463e-06
 Reference value :  2.72567e-06
 Reference value :  2.72643e-06
 Reference value :  2.72767e-06
 Reference value :  2.72835e-06
 Reference value :  2.72955e-06
 Reference value :  2.73027e-06
 Reference value :  2.73155e-06
 Reference value :  2.73231e-06
 Reference value :  2.73327e-06
 Reference value :  2.73411e-06
 Reference value :  2.73531e-06
 Reference value :  2.73615e-06
 Reference value :  2.73723e-06
 Reference value :  2.73811e-06
 Reference value :  2.73927e-06
 Reference value :  2.74011e-06
 Reference value :  2.74091e-06
 Reference value :  2.74201e-06
 Reference value :  2.74291e-06
 Reference value :  2.74401e-06
 Reference value :  2.74487e-06
 Reference value :  2.74601e-06
 Reference value :  2.74687e-06
 Reference value :  2.74800e-06
 Reference value :  2.74859e-06
 Reference value :  2.74971e-06
 Reference value :  2.75047e-06
 Reference value :  2.75179e-06
 Reference value :  2.75243e-06
 Reference value :  2.75363e-06
 Reference value :  2.75439e-06
 Reference value :  2.75563e-06
 Reference value :  2.75631e-06
 Reference value :  2.75707e-06
 Reference value :  2.75802e-06
 Reference value :  2.75907e-06
 Reference value :  2.76003e-06
 Reference value :  2.76095e-06
 Reference value :  2.76201e-06
 Reference value :  2.76291e-06
 Reference value :  2.76401e-06
 Reference value :  2.76463e-06
 Reference value :  2.76575e-06
 Reference value :  2.76651e-06
 Reference value :  2.76775e-06
 Reference value :  2.76839e-06
 Reference value :  2.76959e-06
 Reference value :  2.77031e-06
 Reference value :  2.77155e-06
 Reference value :  2.77231e-06
 Reference value :  2.77319e-06
 Reference value :  2.77407e-06
 Reference value :  2.77523e-06
 Reference value :  2.77611e-06
 Reference value :  2.77719e-06
 Reference value :  2.77807e-06
 Reference value :  2.77919e-06
 Reference value :  2.78007e-06
 Reference value :  2.78087e-06
 Reference value :  2.78200e-06
 Reference value :  2.78287e-06
 Reference value :  2.78401e-06
 Reference value :  2.78483e-06
 Reference value :  2.78600e-06
 Reference value :  2.78687e-06
 Reference value :  2.78800e-06
 Reference value :  2.78867e-06
 Reference value :  2.78975e-06
 Reference value :  2.79047e-06
 Reference value :  2.79175e-06
 Reference value :  2.79239e-06
 Reference value :  2.79363e-06
 Reference value :  2.79435e-06
 Reference value :  2.79559e-06
 Reference value :  2.79631e-06
 Reference value :  2.79723e-06
 Reference value :  2.79807e-06
 Reference value :  2.79923e-06
 Reference value :  2.80015e-06
 Reference value :  2.80123e-06
 Reference value :  2.80207e-06
 Reference value :  2.80319e-06
 Reference value :  2.80404e-06
 Reference value :  2.80483e-06
 Reference value :  2.80600e-06
 Reference value :  2.80675e-06
 Reference value :  2.80800e-06
 Reference value :  2.80867e-06
 Reference value :  2.80997e-06
 Reference value :  2.81079e-06
 Reference value :  2.81200e-06
 Reference value :  2.81259e-06
 Reference value :  2.81371e-06
 Reference value :  2.81447e-06
 Reference value :  2.81571e-06
 Reference value :  2.81635e-06
 Reference value :  2.81747e-06
 Reference value :  2.81823e-06
 Reference value :  2.81955e-06
 Reference value :  2.82031e-06
 Reference value :  2.82111e-06
 Reference value :  2.82204e-06
 Reference value :  2.82323e-06
 Reference value :  2.82407e-06
 Reference value :  2.82507e-06
 Reference value :  2.82602e-06
 Reference value :  2.82695e-06
 Reference value :  2.82801e-06
 Reference value :  2.82863e-06
 Reference value :  2.82971e-06
 Reference value :  2.83043e-06
 Reference value :  2.83167e-06
 Reference value :  2.83235e-06
 Reference value :  2.83351e-06
 Reference value :  2.83423e-06
 Reference value :  2.83547e-06
 Reference value :  2.83623e-06
 Reference value :  2.83703e-06
 Reference value :  2.83802e-06
 Reference value :  2.83903e-06
 Reference value :  2.84002e-06
 Reference value :  2.84087e-06
 Reference value :  2.84200e-06
 Reference value :  2.84275e-06
 Reference value :  2.84395e-06
 Reference value :  2.84447e-06
 Reference value :  2.84555e-06
 Reference value :  2.84627e-06
 Reference value :  2.84751e-06
 Reference value :  2.84823e-06
 Reference value :  2.84931e-06
 Reference value :  2.85011e-06
 Reference value :  2.85123e-06
 Reference value :  2.85207e-06
 Reference value :  2.85283e-06
 Reference value :  2.85397e-06
 Reference value :  2.85475e-06
 Reference value :  2.85600e-06
 Reference value :  2.85667e-06
 Reference value :  2.85787e-06
 Reference value :  2.85859e-06
 Reference value :  2.85983e-06
 Reference value :  2.86047e-06
 Reference value :  2.86147e-06
 Reference value :  2.86219e-06
 Reference value :  2.86347e-06
 Reference value :  2.86423e-06
 Reference value :  2.86531e-06
 Reference value :  2.86611e-06
 Reference value :  2.86731e-06
 Reference value :  2.86815e-06
 Reference value :  2.86895e-06
 Reference value :  2.87001e-06
 Reference value :  2.87091e-06
 Reference value :  2.87201e-06
 Reference value :  2.87275e-06
 Reference value :  2.87397e-06
 Reference value :  2.87467e-06
 Reference value :  2.87591e-06
 Reference value :  2.87647e-06
 Reference value :  2.87747e-06
 Reference value :  2.87823e-06
 Reference value :  2.87947e-06
 Reference value :  2.88023e-06
 Reference value :  2.88131e-06
 Reference value :  2.88215e-06
 Reference value :  2.88335e-06
 Reference value :  2.88415e-06
 Reference value :  2.88487e-06
 Reference value :  2.88597e-06
 Reference value :  2.88671e-06
 Reference value :  2.88795e-06
 Reference value :  2.88851e-06
 Reference value :  2.88975e-06
 Reference value :  2.89043e-06
 Reference value :  2.89167e-06
 Reference value :  2.89235e-06
 Reference value :  2.89323e-06
 Reference value :  2.89407e-06
 Reference value :  2.89531e-06
 Reference value :  2.89619e-06
 Reference value :  2.89735e-06
 Reference value :  2.89815e-06
 Reference value :  2.89935e-06
 Reference value :  2.90015e-06
 Reference value :  2.90091e-06
 Reference value :  2.90201e-06
 Reference value :  2.90299e-06
 Reference value :  2.90402e-06
 Reference value :  2.90499e-06
 Reference value :  2.90602e-06
 Reference value :  2.90707e-06
 Reference value :  2.90803e-06
 Reference value :  2.90879e-06
 Reference value :  2.91000e-06
 Reference value :  2.91091e-06
 Reference value :  2.91201e-06
 Reference value :  2.91275e-06
 Reference value :  2.91400e-06
 Reference value :  2.91471e-06
 Reference value :  2.91595e-06
 Reference value :  2.91651e-06
 Reference value :  2.91747e-06
 Reference value :  2.91823e-06
 Reference value :  2.91947e-06
 Reference value :  2.92023e-06
 Reference value :  2.92135e-06
 Reference value :  2.92215e-06
 Reference value :  2.92335e-06
 Reference value :  2.92419e-06
 Reference value :  2.92499e-06
 Reference value :  2.92601e-06
 Reference value :  2.92699e-06
 Reference value :  2.92802e-06
 Reference value :  2.92895e-06
 Reference value :  2.93001e-06
 Reference value :  2.93099e-06
 Reference value :  2.93202e-06
 Reference value :  2.93271e-06
 Reference value :  2.93387e-06
 Reference value :  2.93459e-06
 Reference value :  2.93587e-06
 Reference value :  2.93655e-06
 Reference value :  2.93779e-06
 Reference value :  2.93851e-06
 Reference value :  2.93975e-06
 Reference value :  2.94039e-06
 Reference value :  2.94139e-06
 Reference value :  2.94219e-06
 Reference value :  2.94347e-06
 Reference value :  2.94423e-06
 Reference value :  2.94543e-06
 Reference value :  2.94623e-06
 Reference value :  2.94751e-06
 Reference value :  2.94823e-06
 Reference value :  2.94895e-06
 Reference value :  2.95001e-06
 Reference value :  2.95095e-06
 Reference value :  2.95202e-06
 Reference value :  2.95295e-06
 Reference value :  2.95401e-06
 Reference value :  2.95495e-06
 Reference value :  2.95601e-06
 Reference value :  2.95667e-06
 Reference value :  2.95775e-06
 Reference value :  2.95855e-06
 Reference value :  2.95983e-06
 Reference value :  2.96047e-06
 Reference value :  2.96175e-06
 Reference value :  2.96251e-06
 Reference value :  2.96379e-06
 Reference value :  2.96455e-06
 Reference value :  2.96575e-06
 Reference value :  2.96663e-06
 Reference value :  2.96787e-06
 Reference value :  2.96847e-06
 Reference value :  2.96971e-06
 Reference value :  2.97043e-06
 Reference value :  2.97171e-06
 Reference value :  2.97235e-06
 Reference value :  2.97335e-06
 Reference value :  2.97415e-06
 Reference value :  2.97559e-06
 Reference value :  2.97639e-06
 Reference value :  2.97763e-06
 Reference value :  2.97839e-06
 Reference value :  2.97967e-06
 Reference value :  2.98035e-06
 Reference value :  2.98123e-06
 Reference value :  2.98211e-06
 Reference value :  2.98335e-06
 Reference value :  2.98415e-06
 Reference value :  2.98519e-06
 Reference value :  2.98607e-06
 Reference value :  2.98719e-06
 Reference value :  2.98804e-06
 Reference value :  2.98875e-06
 Reference value :  2.98997e-06
 Reference value :  2.99075e-06
 Reference value :  2.99197e-06
 Reference value :  2.99263e-06
 Reference value :  2.99391e-06
 Reference value :  2.99463e-06
 Reference value :  2.99591e-06
 Reference value :  2.99647e-06
 Reference value :  2.99755e-06
 Reference value :  2.99831e-06
 Reference value :  2.99955e-06
 Reference value :  3.00031e-06
 Reference value :  3.00147e-06
 Reference value :  3.00223e-06
 Reference value :  3.00347e-06
 Reference value :  3.00427e-06
 Reference value :  3.00519e-06
 Reference value :  3.00607e-06
 Reference value :  3.00727e-06
 Reference value :  3.00811e-06
 Reference value :  3.00915e-06
 Reference value :  3.01004e-06
 Reference value :  3.01115e-06
 Reference value :  3.01204e-06
 Reference value :  3.01279e-06
 Reference value :  3.01397e-06
 Reference value :  3.01475e-06
 Reference value :  3.01597e-06
 Reference value :  3.01659e-06
 Reference value :  3.01787e-06
 Reference value :  3.01859e-06
 Reference value :  3.01987e-06
 Reference value :  3.02051e-06
 Reference value :  3.02163e-06
 Reference value :  3.02239e-06
 Reference value :  3.02367e-06
 Reference value :  3.02439e-06
 Reference value :  3.02559e-06
 Reference value :  3.02631e-06
 Reference value :  3.02755e-06
 Reference value :  3.02827e-06
 Reference value :  3.02911e-06
 Reference value :  3.03003e-06
 Reference value :  3.03107e-06
 Reference value :  3.03204e-06
 Reference value :  3.03299e-06
 Reference value :  3.03401e-06
 Reference value :  3.03495e-06
 Reference value :  3.03601e-06
 Reference value :  3.03663e-06
 Reference value :  3.03775e-06
 Reference value :  3.03847e-06
 Reference value :  3.03975e-06
 Reference value :  3.04039e-06
 Reference value :  3.04155e-06
 Reference value :  3.04223e-06
 Reference value :  3.04347e-06
 Reference value :  3.04427e-06
 Reference value :  3.04507e-06
 Reference value :  3.04602e-06
 Reference value :  3.04703e-06
 Reference value :  3.04802e-06
 Reference value :  3.04895e-06
 Reference value :  3.05001e-06
 Reference value :  3.05091e-06
 Reference value :  3.05200e-06
 Reference value :  3.05259e-06
 Reference value :  3.05371e-06
 Reference value :  3.05443e-06
 Reference value :  3.05567e-06
 Reference value :  3.05635e-06
 Reference value :  3.05755e-06
 Reference value :  3.05823e-06
 Reference value :  3.05947e-06
 Reference value :  3.06023e-06
 Reference value :  3.06107e-06
 Reference value :  3.06202e-06
 Reference value :  3.06303e-06
 Reference value :  3.06401e-06
 Reference value :  3.06487e-06
 Reference value :  3.06600e-06
 Reference value :  3.06679e-06
 Reference value :  3.06800e-06
 Reference value :  3.06859e-06
 Reference value :  3.06967e-06
 Reference value :  3.07039e-06
 Reference value :  3.07163e-06
 Reference value :  3.07231e-06
 Reference value :  3.07347e-06
 Reference value :  3.07423e-06
 Reference value :  3.07547e-06
 Reference value :  3.07619e-06
 Reference value :  3.07691e-06
 Reference value :  3.07800e-06
 Reference value :  3.07883e-06
 Reference value :  3.08000e-06
 Reference value :  3.08071e-06
 Reference value :  3.08195e-06
 Reference value :  3.08263e-06
 Reference value :  3.08387e-06
 Reference value :  3.08443e-06
 Reference value :  3.08535e-06
 Reference value :  3.08615e-06
 Reference value :  3.08735e-06
 Reference value :  3.08819e-06
 Reference value :  3.08927e-06
 Reference value :  3.09011e-06
 Reference value :  3.09123e-06
 Reference value :  3.09204e-06
 Reference value :  3.09279e-06
 Reference value :  3.09395e-06
 Reference value :  3.09467e-06
 Reference value :  3.09591e-06
 Reference value :  3.09651e-06
 Reference value :  3.09775e-06
 Reference value :  3.09843e-06
 Reference value :  3.09971e-06
 Reference value :  3.10043e-06
 Reference value :  3.10143e-06
 Reference value :  3.10235e-06
 Reference value :  3.10367e-06
 Reference value :  3.10439e-06
 Reference value :  3.10563e-06
 Reference value :  3.10631e-06
 Reference value :  3.10767e-06
 Reference value :  3.10835e-06
 Reference value :  3.10919e-06
 Reference value :  3.11004e-06
 Reference value :  3.11115e-06
 Reference value :  3.11203e-06
 Reference value :  3.11299e-06
 Reference value :  3.11401e-06
 Reference value :  3.11495e-06
 Reference value :  3.11602e-06
 Reference value :  3.11671e-06
 Reference value :  3.11797e-06
 Reference value :  3.11871e-06
 Reference value :  3.12000e-06
 Reference value :  3.12075e-06
 Reference value :  3.12197e-06
 Reference value :  3.12271e-06
 Reference value :  3.12397e-06
 Reference value :  3.12451e-06
 Reference value :  3.12555e-06
 Reference value :  3.12635e-06
 Reference value :  3.12767e-06
 Reference value :  3.12843e-06
 Reference value :  3.12963e-06
 Reference value :  3.13035e-06
 Reference value :  3.13163e-06
 Reference value :  3.13231e-06
 Reference value :  3.13323e-06
 Reference value :  3.13407e-06
 Reference value :  3.13523e-06
 Reference value :  3.13607e-06
 Reference value :  3.13707e-06
 Reference value :  3.13804e-06
 Reference value :  3.13911e-06
 Reference value :  3.14002e-06
 Reference value :  3.14071e-06
 Reference value :  3.14175e-06
 Reference value :  3.14247e-06
 Reference value :  3.14367e-06
 Reference value :  3.14439e-06
 Reference value :  3.14559e-06
 Reference value :  3.14627e-06
 Reference value :  3.14751e-06
 Reference value :  3.14823e-06
 Reference value :  3.14907e-06
 Reference value :  3.15002e-06
 Reference value :  3.15107e-06
 Reference value :  3.15202e-06
 Reference value :  3.15295e-06
 Reference value :  3.15401e-06
 Reference value :  3.15495e-06
 Reference value :  3.15601e-06
 Reference value :  3.15667e-06
 Reference value :  3.15779e-06
 Reference value :  3.15855e-06
 Reference value :  3.15979e-06
 Reference value :  3.16043e-06
 Reference value :  3.16167e-06
 Reference value :  3.16235e-06
 Reference value :  3.16359e-06
 Reference value :  3.16427e-06
 Reference value :  3.16535e-06
 Reference value :  3.16615e-06
 Reference value :  3.16735e-06
 Reference value :  3.16815e-06
 Reference value :  3.16923e-06
 Reference value :  3.17007e-06
 Reference value :  3.17123e-06
 Reference value :  3.17211e-06
 Reference value :  3.17287e-06
 Reference value :  3.17400e-06
 Reference value :  3.17479e-06
 Reference value :  3.17597e-06
 Reference value :  3.17655e-06
 Reference value :  3.17779e-06
 Reference value :  3.17851e-06
 Reference value :  3.17975e-06
 Reference value :  3.18035e-06
 Reference value :  3.18127e-06
 Reference value :  3.18207e-06
 Reference value :  3.18323e-06
 Reference value :  3.18411e-06
 Reference value :  3.18511e-06
 Reference value :  3.18604e-06
 Reference value :  3.18711e-06
 Reference value :  3.18802e-06
 Reference value :  3.18871e-06
 Reference value :  3.18983e-06
 Reference value :  3.19055e-06
 Reference value :  3.19183e-06
 Reference value :  3.19247e-06
 Reference value :  3.19367e-06
 Reference value :  3.19435e-06
 Reference value :  3.19567e-06
 Reference value :  3.19631e-06
 Reference value :  3.19719e-06
 Reference value :  3.19804e-06
 Reference value :  3.19919e-06
No. of Data Rows : 94280
sim/harness: analysis complete
Note: Simulation executed from .control section 
Note: Starting dynamic gmin stepping
Note: Dynamic gmin stepping completed
