
Note: Compatibility modes selected: hs a


Circuit: ** sch_path: /users/rwalters/github/sky130-pll/.loom/worktrees/issue-130/sim/divider-n64/testbench/tb_divider_n64.sch

option SCALE: Scale is set to 1e-06 for instance and model parameters
option SCALE: Scale is set to 1e-06 for instance and model parameters
option SCALE: Scale is set to 1e-06 for instance and model parameters
option SCALE: Scale is set to 1e-06 for instance and model parameters
Doing analysis at TEMP = -40.000000 and TNOM = 27.000000

Using KLU as Direct Linear Solver
 Reference value :  0.00000e+00
 Reference value :  5.82900e-10
 Reference value :  1.82290e-09
 Reference value :  2.58762e-09
 Reference value :  3.86762e-09
 Reference value :  4.50762e-09
 Reference value :  5.62000e-09
 Reference value :  6.34762e-09
 Reference value :  7.66762e-09
 Reference value :  8.30763e-09
 Reference value :  9.22763e-09
 Reference value :  1.01076e-08
 Reference value :  1.12676e-08
 Reference value :  1.21447e-08
 Reference value :  1.27447e-08
 Reference value :  1.35847e-08
 Reference value :  1.42276e-08
 Reference value :  1.55076e-08
 Reference value :  1.62676e-08
 Reference value :  1.71476e-08
 Reference value :  1.80676e-08
 Reference value :  1.91476e-08
 Reference value :  2.00676e-08
 Reference value :  2.07447e-08
 Reference value :  2.16247e-08
 Reference value :  2.22676e-08
 Reference value :  2.35476e-08
 Reference value :  2.42676e-08
 Reference value :  2.49876e-08
 Reference value :  2.61076e-08
 Reference value :  2.74676e-08
 Reference value :  2.84647e-08
 Reference value :  2.91447e-08
 Reference value :  3.01476e-08
 Reference value :  3.12676e-08
 Reference value :  3.22276e-08
 Reference value :  3.30276e-08
 Reference value :  3.40186e-08
 Reference value :  3.49476e-08
 Reference value :  3.60125e-08
 Reference value :  3.66247e-08
 Reference value :  3.75047e-08
 Reference value :  3.83076e-08
 Reference value :  3.96676e-08
 Reference value :  4.03076e-08
 Reference value :  4.10676e-08
 Reference value :  4.20256e-08
 Reference value :  4.30276e-08
 Reference value :  4.40256e-08
 Reference value :  4.47047e-08
 Reference value :  4.57847e-08
 Reference value :  4.65476e-08
 Reference value :  4.78276e-08
 Reference value :  4.84276e-08
 Reference value :  4.95076e-08
 Reference value :  5.02276e-08
 Reference value :  5.14676e-08
 Reference value :  5.22647e-08
 Reference value :  5.31447e-08
 Reference value :  5.41076e-08
 Reference value :  5.53076e-08
 Reference value :  5.62276e-08
 Reference value :  5.70676e-08
 Reference value :  5.81476e-08
 Reference value :  5.94276e-08
 Reference value :  6.03447e-08
 Reference value :  6.10247e-08
 Reference value :  6.20396e-08
 Reference value :  6.30276e-08
 Reference value :  6.40186e-08
 Reference value :  6.45876e-08
 Reference value :  6.59076e-08
 Reference value :  6.65876e-08
 Reference value :  6.79076e-08
 Reference value :  6.84647e-08
 Reference value :  6.91447e-08
 Reference value :  7.00676e-08
 Reference value :  7.11076e-08
 Reference value :  7.20661e-08
 Reference value :  7.26661e-08
 Reference value :  7.40013e-08
 Reference value :  7.47876e-08
 Reference value :  7.60038e-08
 Reference value :  7.65847e-08
 Reference value :  7.73447e-08
 Reference value :  7.81876e-08
 Reference value :  7.93876e-08
 Reference value :  8.01476e-08
 Reference value :  8.09476e-08
 Reference value :  8.20134e-08
 Reference value :  8.29476e-08
 Reference value :  8.40151e-08
 Reference value :  8.46628e-08
 Reference value :  8.56228e-08
 Reference value :  8.63476e-08
 Reference value :  8.76676e-08
 Reference value :  8.83076e-08
 Reference value :  8.90676e-08
 Reference value :  9.00256e-08
 Reference value :  9.10276e-08
 Reference value :  9.20151e-08
 Reference value :  9.26647e-08
 Reference value :  9.33447e-08
 Reference value :  9.41476e-08
 Reference value :  9.52676e-08
 Reference value :  9.61076e-08
 Reference value :  9.67876e-08
 Reference value :  9.80013e-08
 Reference value :  9.87476e-08
 Reference value :  9.99738e-08
 Reference value :  1.00505e-07
 Reference value :  1.01225e-07
 Reference value :  1.02068e-07
 Reference value :  1.03028e-07
 Reference value :  1.04013e-07
 Reference value :  1.04468e-07
 Reference value :  1.05588e-07
 Reference value :  1.06268e-07
 Reference value :  1.07548e-07
 Reference value :  1.08265e-07
 Reference value :  1.08865e-07
 Reference value :  1.10004e-07
 Reference value :  1.10708e-07
 Reference value :  1.11974e-07
 Reference value :  1.12466e-07
 Reference value :  1.13626e-07
 Reference value :  1.14388e-07
 Reference value :  1.15628e-07
 Reference value :  1.16385e-07
 Reference value :  1.17145e-07
 Reference value :  1.18068e-07
 Reference value :  1.19068e-07
 Reference value :  1.20026e-07
 Reference value :  1.20508e-07
 Reference value :  1.21748e-07
 Reference value :  1.22428e-07
 Reference value :  1.23708e-07
 Reference value :  1.24425e-07
 Reference value :  1.25025e-07
 Reference value :  1.26013e-07
 Reference value :  1.26908e-07
 Reference value :  1.28008e-07
 Reference value :  1.28508e-07
 Reference value :  1.29748e-07
 Reference value :  1.30428e-07
 Reference value :  1.31788e-07
 Reference value :  1.32425e-07
 Reference value :  1.33105e-07
 Reference value :  1.34001e-07
 Reference value :  1.34668e-07
 Reference value :  1.35908e-07
 Reference value :  1.36388e-07
 Reference value :  1.37268e-07
 Reference value :  1.38108e-07
 Reference value :  1.39188e-07
 Reference value :  1.40068e-07
 Reference value :  1.40705e-07
 Reference value :  1.41625e-07
 Reference value :  1.42268e-07
 Reference value :  1.43508e-07
 Reference value :  1.44268e-07
 Reference value :  1.45148e-07
 Reference value :  1.46040e-07
 Reference value :  1.47028e-07
 Reference value :  1.48015e-07
 Reference value :  1.48705e-07
 Reference value :  1.49585e-07
 Reference value :  1.50308e-07
 Reference value :  1.51588e-07
 Reference value :  1.52268e-07
 Reference value :  1.52988e-07
 Reference value :  1.54019e-07
 Reference value :  1.54948e-07
 Reference value :  1.56013e-07
 Reference value :  1.56625e-07
 Reference value :  1.57265e-07
 Reference value :  1.58108e-07
 Reference value :  1.59148e-07
 Reference value :  1.60040e-07
 Reference value :  1.60628e-07
 Reference value :  1.61868e-07
 Reference value :  1.62508e-07
 Reference value :  1.63788e-07
 Reference value :  1.64425e-07
 Reference value :  1.65185e-07
 Reference value :  1.66068e-07
 Reference value :  1.67068e-07
 Reference value :  1.68026e-07
 Reference value :  1.68508e-07
 Reference value :  1.69788e-07
 Reference value :  1.70428e-07
 Reference value :  1.71668e-07
 Reference value :  1.72345e-07
 Reference value :  1.72945e-07
 Reference value :  1.74013e-07
 Reference value :  1.74908e-07
 Reference value :  1.76004e-07
 Reference value :  1.76508e-07
 Reference value :  1.77748e-07
 Reference value :  1.78388e-07
 Reference value :  1.79668e-07
 Reference value :  1.80385e-07
 Reference value :  1.81185e-07
 Reference value :  1.82068e-07
 Reference value :  1.83028e-07
 Reference value :  1.84013e-07
 Reference value :  1.84468e-07
 Reference value :  1.85668e-07
 Reference value :  1.86308e-07
 Reference value :  1.87548e-07
 Reference value :  1.88265e-07
 Reference value :  1.88865e-07
 Reference value :  1.89865e-07
 Reference value :  1.90468e-07
 Reference value :  1.91828e-07
 Reference value :  1.92388e-07
 Reference value :  1.93468e-07
 Reference value :  1.94228e-07
 Reference value :  1.95428e-07
 Reference value :  1.96265e-07
 Reference value :  1.96985e-07
 Reference value :  1.98001e-07
 Reference value :  1.98668e-07
 Reference value :  2.00000e-07
 Reference value :  2.00428e-07
 Reference value :  2.01468e-07
 Reference value :  2.02308e-07
 Reference value :  2.03668e-07
 Reference value :  2.04345e-07
 Reference value :  2.04985e-07
 Reference value :  2.06019e-07
 Reference value :  2.06948e-07
 Reference value :  2.08015e-07
 Reference value :  2.08588e-07
 Reference value :  2.09828e-07
 Reference value :  2.10508e-07
 Reference value :  2.11708e-07
 Reference value :  2.12385e-07
 Reference value :  2.13065e-07
 Reference value :  2.14015e-07
 Reference value :  2.14948e-07
 Reference value :  2.16015e-07
 Reference value :  2.16468e-07
 Reference value :  2.17628e-07
 Reference value :  2.18268e-07
 Reference value :  2.19548e-07
 Reference value :  2.20265e-07
 Reference value :  2.20905e-07
 Reference value :  2.21945e-07
 Reference value :  2.22588e-07
 Reference value :  2.23868e-07
 Reference value :  2.24388e-07
 Reference value :  2.25508e-07
 Reference value :  2.26268e-07
 Reference value :  2.27548e-07
 Reference value :  2.28345e-07
 Reference value :  2.29105e-07
 Reference value :  2.30019e-07
 Reference value :  2.30988e-07
 Reference value :  2.32019e-07
 Reference value :  2.32508e-07
 Reference value :  2.33788e-07
 Reference value :  2.34508e-07
 Reference value :  2.35788e-07
 Reference value :  2.36425e-07
 Reference value :  2.37105e-07
 Reference value :  2.38108e-07
 Reference value :  2.39148e-07
 Reference value :  2.40040e-07
 Reference value :  2.40588e-07
 Reference value :  2.41868e-07
 Reference value :  2.42508e-07
 Reference value :  2.43868e-07
 Reference value :  2.44465e-07
 Reference value :  2.45305e-07
 Reference value :  2.46148e-07
 Reference value :  2.47228e-07
 Reference value :  2.48106e-07
 Reference value :  2.48706e-07
 Reference value :  2.49973e-07
 Reference value :  2.50708e-07
 Reference value :  2.51974e-07
 Reference value :  2.52543e-07
 Reference value :  2.53143e-07
 Reference value :  2.54068e-07
 Reference value :  2.55068e-07
 Reference value :  2.56019e-07
 Reference value :  2.56548e-07
 Reference value :  2.57828e-07
 Reference value :  2.58508e-07
 Reference value :  2.59828e-07
 Reference value :  2.60465e-07
 Reference value :  2.61145e-07
 Reference value :  2.62008e-07
 Reference value :  2.62828e-07
 Reference value :  2.64008e-07
 Reference value :  2.64506e-07
 Reference value :  2.65826e-07
 Reference value :  2.66588e-07
 Reference value :  2.67948e-07
 Reference value :  2.68505e-07
 Reference value :  2.69025e-07
 Reference value :  2.70013e-07
 Reference value :  2.70868e-07
 Reference value :  2.72013e-07
 Reference value :  2.72628e-07
 Reference value :  2.74000e-07
 Reference value :  2.74748e-07
 Reference value :  2.76008e-07
 Reference value :  2.76623e-07
 Reference value :  2.77583e-07
 Reference value :  2.78268e-07
 Reference value :  2.79588e-07
 Reference value :  2.80308e-07
 Reference value :  2.81148e-07
 Reference value :  2.82068e-07
 Reference value :  2.83188e-07
 Reference value :  2.84105e-07
 Reference value :  2.84825e-07
 Reference value :  2.85745e-07
 Reference value :  2.86468e-07
 Reference value :  2.87788e-07
 Reference value :  2.88386e-07
 Reference value :  2.89466e-07
 Reference value :  2.90268e-07
 Reference value :  2.91588e-07
 Reference value :  2.92305e-07
 Reference value :  2.93025e-07
 Reference value :  2.94013e-07
 Reference value :  2.94868e-07
 Reference value :  2.96013e-07
 Reference value :  2.96468e-07
 Reference value :  2.97628e-07
 Reference value :  2.98348e-07
 Reference value :  2.99628e-07
 Reference value :  3.00343e-07
 Reference value :  3.00983e-07
 Reference value :  3.02015e-07
 Reference value :  3.02948e-07
 Reference value :  3.04012e-07
 Reference value :  3.04548e-07
 Reference value :  3.05828e-07
 Reference value :  3.06788e-07
 Reference value :  3.08145e-07
 Reference value :  3.09265e-07
 Reference value :  3.10428e-07
 Reference value :  3.12013e-07
 Reference value :  3.13026e-07
 Reference value :  3.14348e-07
 Reference value :  3.16026e-07
 Reference value :  3.16985e-07
 Reference value :  3.18188e-07
 Reference value :  3.19868e-07
 Reference value :  3.20628e-07
 Reference value :  3.22068e-07
 Reference value :  3.23628e-07
 Reference value :  3.24583e-07
 Reference value :  3.25623e-07
 Reference value :  3.26668e-07
 Reference value :  3.28008e-07
 Reference value :  3.28468e-07
 Reference value :  3.29628e-07
 Reference value :  3.30308e-07
 Reference value :  3.31548e-07
 Reference value :  3.32265e-07
 Reference value :  3.32825e-07
 Reference value :  3.34015e-07
 Reference value :  3.34908e-07
 Reference value :  3.36008e-07
 Reference value :  3.36506e-07
 Reference value :  3.37826e-07
 Reference value :  3.38508e-07
 Reference value :  3.39788e-07
 Reference value :  3.40465e-07
 Reference value :  3.41185e-07
 Reference value :  3.42108e-07
 Reference value :  3.43148e-07
 Reference value :  3.44068e-07
 Reference value :  3.44588e-07
 Reference value :  3.45868e-07
 Reference value :  3.46548e-07
 Reference value :  3.47868e-07
 Reference value :  3.48463e-07
 Reference value :  3.49063e-07
 Reference value :  3.50068e-07
 Reference value :  3.51308e-07
 Reference value :  3.52148e-07
 Reference value :  3.52908e-07
 Reference value :  3.54013e-07
 Reference value :  3.54948e-07
 Reference value :  3.56012e-07
 Reference value :  3.56625e-07
 Reference value :  3.57425e-07
 Reference value :  3.58188e-07
 Reference value :  3.59388e-07
 Reference value :  3.60188e-07
 Reference value :  3.60908e-07
 Reference value :  3.62013e-07
 Reference value :  3.62908e-07
 Reference value :  3.64013e-07
 Reference value :  3.64665e-07
 Reference value :  3.65585e-07
 Reference value :  3.66268e-07
 Reference value :  3.67508e-07
 Reference value :  3.68268e-07
 Reference value :  3.69188e-07
 Reference value :  3.70108e-07
 Reference value :  3.71228e-07
 Reference value :  3.72105e-07
 Reference value :  3.72865e-07
 Reference value :  3.73905e-07
 Reference value :  3.74468e-07
 Reference value :  3.75908e-07
 Reference value :  3.76348e-07
 Reference value :  3.77148e-07
 Reference value :  3.78019e-07
 Reference value :  3.78908e-07
 Reference value :  3.80001e-07
 Reference value :  3.80505e-07
 Reference value :  3.81065e-07
 Reference value :  3.82013e-07
 Reference value :  3.82788e-07
 Reference value :  3.84000e-07
 Reference value :  3.84468e-07
 Reference value :  3.85588e-07
 Reference value :  3.86228e-07
 Reference value :  3.87428e-07
 Reference value :  3.88145e-07
 Reference value :  3.88825e-07
 Reference value :  3.89465e-07
 Reference value :  3.90188e-07
 Reference value :  3.91348e-07
 Reference value :  3.92148e-07
 Reference value :  3.92668e-07
 Reference value :  3.93868e-07
 Reference value :  3.94508e-07
 Reference value :  3.95708e-07
 Reference value :  3.96305e-07
 Reference value :  3.96785e-07
 Reference value :  3.97785e-07
 Reference value :  3.98348e-07
 Reference value :  3.99548e-07
 Reference value :  4.00226e-07
 Reference value :  4.01106e-07
 Reference value :  4.02019e-07
 Reference value :  4.02948e-07
 Reference value :  4.04008e-07
 Reference value :  4.04585e-07
 Reference value :  4.05345e-07
 Reference value :  4.06148e-07
 Reference value :  4.07188e-07
 Reference value :  4.08040e-07
 Reference value :  4.08508e-07
 Reference value :  4.09708e-07
 Reference value :  4.10348e-07
 Reference value :  4.11588e-07
 Reference value :  4.12263e-07
 Reference value :  4.12863e-07
 Reference value :  4.13823e-07
 Reference value :  4.14388e-07
 Reference value :  4.15548e-07
 Reference value :  4.16188e-07
 Reference value :  4.16908e-07
 Reference value :  4.18008e-07
 Reference value :  4.18748e-07
 Reference value :  4.19974e-07
 Reference value :  4.20505e-07
 Reference value :  4.21185e-07
 Reference value :  4.22026e-07
 Reference value :  4.22908e-07
 Reference value :  4.24008e-07
 Reference value :  4.24466e-07
 Reference value :  4.25546e-07
 Reference value :  4.26228e-07
 Reference value :  4.27428e-07
 Reference value :  4.28145e-07
 Reference value :  4.28785e-07
 Reference value :  4.29785e-07
 Reference value :  4.30308e-07
 Reference value :  4.31588e-07
 Reference value :  4.32268e-07
 Reference value :  4.33068e-07
 Reference value :  4.34026e-07
 Reference value :  4.34948e-07
 Reference value :  4.36013e-07
 Reference value :  4.36623e-07
 Reference value :  4.37463e-07
 Reference value :  4.38188e-07
 Reference value :  4.39348e-07
 Reference value :  4.40148e-07
 Reference value :  4.40628e-07
 Reference value :  4.41868e-07
 Reference value :  4.42548e-07
 Reference value :  4.43788e-07
 Reference value :  4.44385e-07
 Reference value :  4.44945e-07
 Reference value :  4.45945e-07
 Reference value :  4.46548e-07
 Reference value :  4.47788e-07
 Reference value :  4.48346e-07
 Reference value :  4.49346e-07
 Reference value :  4.50148e-07
 Reference value :  4.51188e-07
 Reference value :  4.52068e-07
 Reference value :  4.52785e-07
 Reference value :  4.53545e-07
 Reference value :  4.54188e-07
 Reference value :  4.55308e-07
 Reference value :  4.56148e-07
 Reference value :  4.56708e-07
 Reference value :  4.57948e-07
 Reference value :  4.58588e-07
 Reference value :  4.59908e-07
 Reference value :  4.60463e-07
 Reference value :  4.61023e-07
 Reference value :  4.62015e-07
 Reference value :  4.62828e-07
 Reference value :  4.64000e-07
 Reference value :  4.64428e-07
 Reference value :  4.65548e-07
 Reference value :  4.66228e-07
 Reference value :  4.67428e-07
 Reference value :  4.68145e-07
 Reference value :  4.68865e-07
 Reference value :  4.69825e-07
 Reference value :  4.70428e-07
 Reference value :  4.71668e-07
 Reference value :  4.72306e-07
 Reference value :  4.73106e-07
 Reference value :  4.74019e-07
 Reference value :  4.74948e-07
 Reference value :  4.76008e-07
 Reference value :  4.76585e-07
 Reference value :  4.77105e-07
 Reference value :  4.78019e-07
 Reference value :  4.78948e-07
 Reference value :  4.80004e-07
 Reference value :  4.80748e-07
 Reference value :  4.82148e-07
 Reference value :  4.83628e-07
 Reference value :  4.84465e-07
 Reference value :  4.85625e-07
 Reference value :  4.86668e-07
 Reference value :  4.88040e-07
 Reference value :  4.88988e-07
 Reference value :  4.90228e-07
 Reference value :  4.91868e-07
 Reference value :  4.92665e-07
 Reference value :  4.93665e-07
 Reference value :  4.94308e-07
 Reference value :  4.95548e-07
 Reference value :  4.96226e-07
 Reference value :  4.96986e-07
 Reference value :  4.98013e-07
 Reference value :  4.98868e-07
 Reference value :  5.00004e-07
 Reference value :  5.00543e-07
 Reference value :  5.01383e-07
 Reference value :  5.02148e-07
 Reference value :  5.03148e-07
 Reference value :  5.04040e-07
 Reference value :  5.04508e-07
 Reference value :  5.05668e-07
 Reference value :  5.06268e-07
 Reference value :  5.07468e-07
 Reference value :  5.08185e-07
 Reference value :  5.08825e-07
 Reference value :  5.09585e-07
 Reference value :  5.10228e-07
 Reference value :  5.11388e-07
 Reference value :  5.12308e-07
 Reference value :  5.13548e-07
 Reference value :  5.14588e-07
 Reference value :  5.16004e-07
 Reference value :  5.16745e-07
 Reference value :  5.17545e-07
 Reference value :  5.18468e-07
 Reference value :  5.19708e-07
 Reference value :  5.20308e-07
 Reference value :  5.21068e-07
 Reference value :  5.22015e-07
 Reference value :  5.22908e-07
 Reference value :  5.24004e-07
 Reference value :  5.24545e-07
 Reference value :  5.25065e-07
 Reference value :  5.26012e-07
 Reference value :  5.26748e-07
 Reference value :  5.27974e-07
 Reference value :  5.28426e-07
 Reference value :  5.29466e-07
 Reference value :  5.30228e-07
 Reference value :  5.31428e-07
 Reference value :  5.32145e-07
 Reference value :  5.32865e-07
 Reference value :  5.33945e-07
 Reference value :  5.34548e-07
 Reference value :  5.35748e-07
 Reference value :  5.36308e-07
 Reference value :  5.37028e-07
 Reference value :  5.38015e-07
 Reference value :  5.38908e-07
 Reference value :  5.40008e-07
 Reference value :  5.40585e-07
 Reference value :  5.41105e-07
 Reference value :  5.42026e-07
 Reference value :  5.42948e-07
 Reference value :  5.44026e-07
 Reference value :  5.44588e-07
 Reference value :  5.45788e-07
 Reference value :  5.46428e-07
 Reference value :  5.47668e-07
 Reference value :  5.48345e-07
 Reference value :  5.49025e-07
 Reference value :  5.50008e-07
 Reference value :  5.50788e-07
 Reference value :  5.52000e-07
 Reference value :  5.52426e-07
 Reference value :  5.53386e-07
 Reference value :  5.54228e-07
 Reference value :  5.55428e-07
 Reference value :  5.56145e-07
 Reference value :  5.56785e-07
 Reference value :  5.57785e-07
 Reference value :  5.58388e-07
 Reference value :  5.59548e-07
 Reference value :  5.60228e-07
 Reference value :  5.60948e-07
 Reference value :  5.62013e-07
 Reference value :  5.62788e-07
 Reference value :  5.63974e-07
 Reference value :  5.64505e-07
 Reference value :  5.65265e-07
 Reference value :  5.66068e-07
 Reference value :  5.66988e-07
 Reference value :  5.68004e-07
 Reference value :  5.68428e-07
 Reference value :  5.69348e-07
 Reference value :  5.70108e-07
 Reference value :  5.71228e-07
 Reference value :  5.72068e-07
 Reference value :  5.72745e-07
 Reference value :  5.73385e-07
 Reference value :  5.74188e-07
 Reference value :  5.75348e-07
 Reference value :  5.76106e-07
 Reference value :  5.76746e-07
 Reference value :  5.77973e-07
 Reference value :  5.78668e-07
 Reference value :  5.79868e-07
 Reference value :  5.80425e-07
 Reference value :  5.81065e-07
 Reference value :  5.82008e-07
 Reference value :  5.82788e-07
 Reference value :  5.83974e-07
 Reference value :  5.84468e-07
 Reference value :  5.85588e-07
 Reference value :  5.86268e-07
 Reference value :  5.87468e-07
 Reference value :  5.88225e-07
 Reference value :  5.88825e-07
 Reference value :  5.89972e-07
 Reference value :  5.90548e-07
 Reference value :  5.91788e-07
 Reference value :  5.92388e-07
 Reference value :  5.93388e-07
 Reference value :  5.94148e-07
 Reference value :  5.95228e-07
 Reference value :  5.96068e-07
 Reference value :  5.96745e-07
 Reference value :  5.97665e-07
 Reference value :  5.98228e-07
 Reference value :  5.99428e-07
 Reference value :  6.00146e-07
 Reference value :  6.00866e-07
 Reference value :  6.02001e-07
 Reference value :  6.02748e-07
 Reference value :  6.03974e-07
 Reference value :  6.04505e-07
 Reference value :  6.05025e-07
 Reference value :  6.06008e-07
 Reference value :  6.06748e-07
 Reference value :  6.08008e-07
 Reference value :  6.08508e-07
 Reference value :  6.09708e-07
 Reference value :  6.10308e-07
 Reference value :  6.11548e-07
 Reference value :  6.12265e-07
 Reference value :  6.12945e-07
 Reference value :  6.13972e-07
 Reference value :  6.14628e-07
 Reference value :  6.15868e-07
 Reference value :  6.16348e-07
 Reference value :  6.17148e-07
 Reference value :  6.18040e-07
 Reference value :  6.18948e-07
 Reference value :  6.20008e-07
 Reference value :  6.20585e-07
 Reference value :  6.21385e-07
 Reference value :  6.22148e-07
 Reference value :  6.23148e-07
 Reference value :  6.24039e-07
 Reference value :  6.24586e-07
 Reference value :  6.25786e-07
 Reference value :  6.26428e-07
 Reference value :  6.27668e-07
 Reference value :  6.28305e-07
 Reference value :  6.29025e-07
 Reference value :  6.30013e-07
 Reference value :  6.30828e-07
 Reference value :  6.32000e-07
 Reference value :  6.32428e-07
 Reference value :  6.33388e-07
 Reference value :  6.34188e-07
 Reference value :  6.35228e-07
 Reference value :  6.36068e-07
 Reference value :  6.36745e-07
 Reference value :  6.37385e-07
 Reference value :  6.38148e-07
 Reference value :  6.39148e-07
 Reference value :  6.40019e-07
 Reference value :  6.40508e-07
 Reference value :  6.41668e-07
 Reference value :  6.42268e-07
 Reference value :  6.43468e-07
 Reference value :  6.44225e-07
 Reference value :  6.44905e-07
 Reference value :  6.45585e-07
 Reference value :  6.46228e-07
 Reference value :  6.47468e-07
 Reference value :  6.48186e-07
 Reference value :  6.48826e-07
 Reference value :  6.50001e-07
 Reference value :  6.50668e-07
 Reference value :  6.51868e-07
 Reference value :  6.52425e-07
 Reference value :  6.52945e-07
 Reference value :  6.54013e-07
 Reference value :  6.54788e-07
 Reference value :  6.55974e-07
 Reference value :  6.56428e-07
 Reference value :  6.57468e-07
 Reference value :  6.58228e-07
 Reference value :  6.59468e-07
 Reference value :  6.60185e-07
 Reference value :  6.60905e-07
 Reference value :  6.62000e-07
 Reference value :  6.62588e-07
 Reference value :  6.63828e-07
 Reference value :  6.64388e-07
 Reference value :  6.65228e-07
 Reference value :  6.66068e-07
 Reference value :  6.67028e-07
 Reference value :  6.68013e-07
 Reference value :  6.68585e-07
 Reference value :  6.69185e-07
 Reference value :  6.70068e-07
 Reference value :  6.71068e-07
 Reference value :  6.72018e-07
 Reference value :  6.72546e-07
 Reference value :  6.73746e-07
 Reference value :  6.74388e-07
 Reference value :  6.75588e-07
 Reference value :  6.76265e-07
 Reference value :  6.76945e-07
 Reference value :  6.77945e-07
 Reference value :  6.78508e-07
 Reference value :  6.79708e-07
 Reference value :  6.80268e-07
 Reference value :  6.80908e-07
 Reference value :  6.82004e-07
 Reference value :  6.82668e-07
 Reference value :  6.83868e-07
 Reference value :  6.84425e-07
 Reference value :  6.84985e-07
 Reference value :  6.86013e-07
 Reference value :  6.86788e-07
 Reference value :  6.87948e-07
 Reference value :  6.88388e-07
 Reference value :  6.89388e-07
 Reference value :  6.90148e-07
 Reference value :  6.91188e-07
 Reference value :  6.92040e-07
 Reference value :  6.92705e-07
 Reference value :  6.93585e-07
 Reference value :  6.94188e-07
 Reference value :  6.95308e-07
 Reference value :  6.96106e-07
 Reference value :  6.96666e-07
 Reference value :  6.97866e-07
 Reference value :  6.98508e-07
 Reference value :  6.99708e-07
 Reference value :  7.00345e-07
 Reference value :  7.01105e-07
 Reference value :  7.02268e-07
 Reference value :  7.03974e-07
 Reference value :  7.04388e-07
 Reference value :  7.05308e-07
 Reference value :  7.06108e-07
 Reference value :  7.07148e-07
 Reference value :  7.08040e-07
 Reference value :  7.08705e-07
 Reference value :  7.09425e-07
 Reference value :  7.10188e-07
 Reference value :  7.11308e-07
 Reference value :  7.12148e-07
 Reference value :  7.12668e-07
 Reference value :  7.13908e-07
 Reference value :  7.14548e-07
 Reference value :  7.15828e-07
 Reference value :  7.16585e-07
 Reference value :  7.17545e-07
 Reference value :  7.18188e-07
 Reference value :  7.19388e-07
 Reference value :  7.20148e-07
 Reference value :  7.20788e-07
 Reference value :  7.21974e-07
 Reference value :  7.22548e-07
 Reference value :  7.23748e-07
 Reference value :  7.24345e-07
 Reference value :  7.24945e-07
 Reference value :  7.26001e-07
 Reference value :  7.26628e-07
 Reference value :  7.27828e-07
 Reference value :  7.28348e-07
 Reference value :  7.29108e-07
 Reference value :  7.30026e-07
 Reference value :  7.30948e-07
 Reference value :  7.32008e-07
 Reference value :  7.32585e-07
 Reference value :  7.33105e-07
 Reference value :  7.34019e-07
 Reference value :  7.34868e-07
 Reference value :  7.36001e-07
 Reference value :  7.36508e-07
 Reference value :  7.37668e-07
 Reference value :  7.38388e-07
 Reference value :  7.39748e-07
 Reference value :  7.40545e-07
 Reference value :  7.41265e-07
 Reference value :  7.42068e-07
 Reference value :  7.43028e-07
 Reference value :  7.44013e-07
 Reference value :  7.44468e-07
 Reference value :  7.45508e-07
 Reference value :  7.46188e-07
 Reference value :  7.47268e-07
 Reference value :  7.48068e-07
 Reference value :  7.48705e-07
 Reference value :  7.49585e-07
 Reference value :  7.50228e-07
 Reference value :  7.51508e-07
 Reference value :  7.52188e-07
 Reference value :  7.52908e-07
 Reference value :  7.54004e-07
 Reference value :  7.54708e-07
 Reference value :  7.55908e-07
 Reference value :  7.56465e-07
 Reference value :  7.57185e-07
 Reference value :  7.58040e-07
 Reference value :  7.58948e-07
 Reference value :  7.60008e-07
 Reference value :  7.60468e-07
 Reference value :  7.61548e-07
 Reference value :  7.62228e-07
 Reference value :  7.63468e-07
 Reference value :  7.64185e-07
 Reference value :  7.64865e-07
 Reference value :  7.65905e-07
 Reference value :  7.66548e-07
 Reference value :  7.67828e-07
 Reference value :  7.68348e-07
 Reference value :  7.69308e-07
 Reference value :  7.70148e-07
 Reference value :  7.71228e-07
 Reference value :  7.72068e-07
 Reference value :  7.72785e-07
 Reference value :  7.73305e-07
 Reference value :  7.74108e-07
 Reference value :  7.75148e-07
 Reference value :  7.76040e-07
 Reference value :  7.76548e-07
 Reference value :  7.77748e-07
 Reference value :  7.78508e-07
 Reference value :  7.79708e-07
 Reference value :  7.80345e-07
 Reference value :  7.80825e-07
 Reference value :  7.81745e-07
 Reference value :  7.82308e-07
 Reference value :  7.83508e-07
 Reference value :  7.84188e-07
 Reference value :  7.84908e-07
 Reference value :  7.86004e-07
 Reference value :  7.86748e-07
 Reference value :  7.88026e-07
 Reference value :  7.88785e-07
 Reference value :  7.89665e-07
 Reference value :  7.90268e-07
 Reference value :  7.91468e-07
 Reference value :  7.92228e-07
 Reference value :  7.92828e-07
 Reference value :  7.94001e-07
 Reference value :  7.94668e-07
 Reference value :  7.95948e-07
 Reference value :  7.96663e-07
 Reference value :  7.97263e-07
 Reference value :  7.98108e-07
 Reference value :  7.99108e-07
 Reference value :  8.00019e-07
 Reference value :  8.00548e-07
 Reference value :  8.01748e-07
 Reference value :  8.02388e-07
 Reference value :  8.03588e-07
 Reference value :  8.04305e-07
 Reference value :  8.04985e-07
 Reference value :  8.06004e-07
 Reference value :  8.06708e-07
 Reference value :  8.07948e-07
 Reference value :  8.08388e-07
 Reference value :  8.09268e-07
 Reference value :  8.10188e-07
 Reference value :  8.11388e-07
 Reference value :  8.12185e-07
 Reference value :  8.12825e-07
 Reference value :  8.13865e-07
 Reference value :  8.14428e-07
 Reference value :  8.15628e-07
 Reference value :  8.16268e-07
 Reference value :  8.17068e-07
 Reference value :  8.18019e-07
 Reference value :  8.18908e-07
 Reference value :  8.20008e-07
 Reference value :  8.20583e-07
 Reference value :  8.21383e-07
 Reference value :  8.22188e-07
 Reference value :  8.23388e-07
 Reference value :  8.24148e-07
 Reference value :  8.24668e-07
 Reference value :  8.25908e-07
 Reference value :  8.26548e-07
 Reference value :  8.27748e-07
 Reference value :  8.28345e-07
 Reference value :  8.28905e-07
 Reference value :  8.29865e-07
 Reference value :  8.30428e-07
 Reference value :  8.31628e-07
 Reference value :  8.32268e-07
 Reference value :  8.33028e-07
 Reference value :  8.34013e-07
 Reference value :  8.34828e-07
 Reference value :  8.36000e-07
 Reference value :  8.36545e-07
 Reference value :  8.37185e-07
 Reference value :  8.38040e-07
 Reference value :  8.38908e-07
 Reference value :  8.40001e-07
 Reference value :  8.40428e-07
 Reference value :  8.41348e-07
 Reference value :  8.42148e-07
 Reference value :  8.43188e-07
 Reference value :  8.44103e-07
 Reference value :  8.44703e-07
 Reference value :  8.45543e-07
 Reference value :  8.46188e-07
 Reference value :  8.47348e-07
 Reference value :  8.48268e-07
 Reference value :  8.49068e-07
 Reference value :  8.50019e-07
 Reference value :  8.50948e-07
 Reference value :  8.52008e-07
 Reference value :  8.52625e-07
 Reference value :  8.53385e-07
 Reference value :  8.54188e-07
 Reference value :  8.55388e-07
 Reference value :  8.56148e-07
 Reference value :  8.56708e-07
 Reference value :  8.57908e-07
 Reference value :  8.58508e-07
 Reference value :  8.59708e-07
 Reference value :  8.60305e-07
 Reference value :  8.60865e-07
 Reference value :  8.61785e-07
 Reference value :  8.62348e-07
 Reference value :  8.63548e-07
 Reference value :  8.64188e-07
 Reference value :  8.64908e-07
 Reference value :  8.66008e-07
 Reference value :  8.66788e-07
 Reference value :  8.67974e-07
 Reference value :  8.68463e-07
 Reference value :  8.69103e-07
 Reference value :  8.70013e-07
 Reference value :  8.70748e-07
 Reference value :  8.71948e-07
 Reference value :  8.72388e-07
 Reference value :  8.73148e-07
 Reference value :  8.74040e-07
 Reference value :  8.74988e-07
 Reference value :  8.76008e-07
 Reference value :  8.76585e-07
 Reference value :  8.77345e-07
 Reference value :  8.78108e-07
 Reference value :  8.79068e-07
 Reference value :  8.80013e-07
 Reference value :  8.80508e-07
 Reference value :  8.81668e-07
 Reference value :  8.82268e-07
 Reference value :  8.83468e-07
 Reference value :  8.84145e-07
 Reference value :  8.84825e-07
 Reference value :  8.85972e-07
 Reference value :  8.86548e-07
 Reference value :  8.87708e-07
 Reference value :  8.88268e-07
 Reference value :  8.88908e-07
 Reference value :  8.90004e-07
 Reference value :  8.90708e-07
 Reference value :  8.91948e-07
 Reference value :  8.92503e-07
 Reference value :  8.93063e-07
 Reference value :  8.94013e-07
 Reference value :  8.94908e-07
 Reference value :  8.96026e-07
 Reference value :  8.96548e-07
 Reference value :  8.97788e-07
 Reference value :  8.98428e-07
 Reference value :  8.99668e-07
 Reference value :  9.00305e-07
 Reference value :  9.00985e-07
 Reference value :  9.01785e-07
 Reference value :  9.02388e-07
 Reference value :  9.03588e-07
 Reference value :  9.04268e-07
 Reference value :  9.04948e-07
 Reference value :  9.06015e-07
 Reference value :  9.06908e-07
 Reference value :  9.08001e-07
 Reference value :  9.08545e-07
 Reference value :  9.09105e-07
 Reference value :  9.10040e-07
 Reference value :  9.10948e-07
 Reference value :  9.12008e-07
 Reference value :  9.12508e-07
 Reference value :  9.13748e-07
 Reference value :  9.14388e-07
 Reference value :  9.15668e-07
 Reference value :  9.16343e-07
 Reference value :  9.17023e-07
 Reference value :  9.18008e-07
 Reference value :  9.18748e-07
 Reference value :  9.19974e-07
 Reference value :  9.20428e-07
 Reference value :  9.21428e-07
 Reference value :  9.22188e-07
 Reference value :  9.23468e-07
 Reference value :  9.24345e-07
 Reference value :  9.24985e-07
 Reference value :  9.26000e-07
 Reference value :  9.26588e-07
 Reference value :  9.27828e-07
 Reference value :  9.28348e-07
 Reference value :  9.29348e-07
 Reference value :  9.30148e-07
 Reference value :  9.31188e-07
 Reference value :  9.32040e-07
 Reference value :  9.32745e-07
 Reference value :  9.33585e-07
 Reference value :  9.34228e-07
 Reference value :  9.35428e-07
 Reference value :  9.36148e-07
 Reference value :  9.36668e-07
 Reference value :  9.37948e-07
 Reference value :  9.38748e-07
 Reference value :  9.40013e-07
 Reference value :  9.40583e-07
 Reference value :  9.41383e-07
 Reference value :  9.42148e-07
 Reference value :  9.43188e-07
 Reference value :  9.44068e-07
 Reference value :  9.44668e-07
 Reference value :  9.45908e-07
 Reference value :  9.46588e-07
 Reference value :  9.47828e-07
 Reference value :  9.48425e-07
 Reference value :  9.49145e-07
 Reference value :  9.50040e-07
 Reference value :  9.50948e-07
 Reference value :  9.52008e-07
 Reference value :  9.52468e-07
 Reference value :  9.53588e-07
 Reference value :  9.54228e-07
 Reference value :  9.55428e-07
 Reference value :  9.56145e-07
 Reference value :  9.56825e-07
 Reference value :  9.57585e-07
 Reference value :  9.58228e-07
 Reference value :  9.59428e-07
 Reference value :  9.60148e-07
 Reference value :  9.60828e-07
 Reference value :  9.62001e-07
 Reference value :  9.62668e-07
 Reference value :  9.63868e-07
 Reference value :  9.64465e-07
 Reference value :  9.65105e-07
 Reference value :  9.66012e-07
 Reference value :  9.66788e-07
 Reference value :  9.68000e-07
 Reference value :  9.68428e-07
 Reference value :  9.69388e-07
 Reference value :  9.70148e-07
 Reference value :  9.71228e-07
 Reference value :  9.72145e-07
 Reference value :  9.72785e-07
 Reference value :  9.73825e-07
 Reference value :  9.74388e-07
 Reference value :  9.75588e-07
 Reference value :  9.76268e-07
 Reference value :  9.77068e-07
 Reference value :  9.78013e-07
 Reference value :  9.78828e-07
 Reference value :  9.80001e-07
 Reference value :  9.80545e-07
 Reference value :  9.81305e-07
 Reference value :  9.82148e-07
 Reference value :  9.83188e-07
 Reference value :  9.84040e-07
 Reference value :  9.84508e-07
 Reference value :  9.85668e-07
 Reference value :  9.86308e-07
 Reference value :  9.87548e-07
 Reference value :  9.88265e-07
 Reference value :  9.88865e-07
 Reference value :  9.89785e-07
 Reference value :  9.90348e-07
 Reference value :  9.91548e-07
 Reference value :  9.92228e-07
 Reference value :  9.92948e-07
 Reference value :  9.94012e-07
 Reference value :  9.94828e-07
 Reference value :  9.96001e-07
 Reference value :  9.96545e-07
 Reference value :  9.97225e-07
 Reference value :  9.98040e-07
 Reference value :  9.98948e-07
 Reference value :  1.00001e-06
 Reference value :  1.00047e-06
 Reference value :  1.00159e-06
 Reference value :  1.00223e-06
 Reference value :  1.00339e-06
 Reference value :  1.00414e-06
 Reference value :  1.00478e-06
 Reference value :  1.00578e-06
 Reference value :  1.00635e-06
 Reference value :  1.00755e-06
 Reference value :  1.00823e-06
 Reference value :  1.00899e-06
 Reference value :  1.01001e-06
 Reference value :  1.01083e-06
 Reference value :  1.01200e-06
 Reference value :  1.01250e-06
 Reference value :  1.01334e-06
 Reference value :  1.01415e-06
 Reference value :  1.01519e-06
 Reference value :  1.01604e-06
 Reference value :  1.01651e-06
 Reference value :  1.01767e-06
 Reference value :  1.01831e-06
 Reference value :  1.01955e-06
 Reference value :  1.02026e-06
 Reference value :  1.02086e-06
 Reference value :  1.02178e-06
 Reference value :  1.02239e-06
 Reference value :  1.02363e-06
 Reference value :  1.02427e-06
 Reference value :  1.02507e-06
 Reference value :  1.02602e-06
 Reference value :  1.02691e-06
 Reference value :  1.02800e-06
 Reference value :  1.02854e-06
 Reference value :  1.02914e-06
 Reference value :  1.03000e-06
 Reference value :  1.03067e-06
 Reference value :  1.03191e-06
 Reference value :  1.03235e-06
 Reference value :  1.03319e-06
 Reference value :  1.03404e-06
 Reference value :  1.03503e-06
 Reference value :  1.03601e-06
 Reference value :  1.03662e-06
 Reference value :  1.03718e-06
 Reference value :  1.03804e-06
 Reference value :  1.03895e-06
 Reference value :  1.04001e-06
 Reference value :  1.04051e-06
 Reference value :  1.04167e-06
 Reference value :  1.04227e-06
 Reference value :  1.04347e-06
 Reference value :  1.04426e-06
 Reference value :  1.04490e-06
 Reference value :  1.04597e-06
 Reference value :  1.04659e-06
 Reference value :  1.04783e-06
 Reference value :  1.04835e-06
 Reference value :  1.04927e-06
 Reference value :  1.05007e-06
 Reference value :  1.05107e-06
 Reference value :  1.05204e-06
 Reference value :  1.05270e-06
 Reference value :  1.05334e-06
 Reference value :  1.05419e-06
 Reference value :  1.05597e-06
 Reference value :  1.05675e-06
 Reference value :  1.05807e-06
 Reference value :  1.05955e-06
 Reference value :  1.06038e-06
 Reference value :  1.06106e-06
 Reference value :  1.06201e-06
 Reference value :  1.06275e-06
 Reference value :  1.06397e-06
 Reference value :  1.06439e-06
 Reference value :  1.06523e-06
 Reference value :  1.06623e-06
 Reference value :  1.06747e-06
 Reference value :  1.06818e-06
 Reference value :  1.06882e-06
 Reference value :  1.06990e-06
 Reference value :  1.07051e-06
 Reference value :  1.07175e-06
 Reference value :  1.07231e-06
 Reference value :  1.07319e-06
 Reference value :  1.07404e-06
 Reference value :  1.07503e-06
 Reference value :  1.07601e-06
 Reference value :  1.07662e-06
 Reference value :  1.07746e-06
 Reference value :  1.07819e-06
 Reference value :  1.07935e-06
 Reference value :  1.08015e-06
 Reference value :  1.08071e-06
 Reference value :  1.08195e-06
 Reference value :  1.08255e-06
 Reference value :  1.08375e-06
 Reference value :  1.08438e-06
 Reference value :  1.08494e-06
 Reference value :  1.08594e-06
 Reference value :  1.08651e-06
 Reference value :  1.08771e-06
 Reference value :  1.08831e-06
 Reference value :  1.08923e-06
 Reference value :  1.09007e-06
 Reference value :  1.09103e-06
 Reference value :  1.09202e-06
 Reference value :  1.09266e-06
 Reference value :  1.09334e-06
 Reference value :  1.09415e-06
 Reference value :  1.09523e-06
 Reference value :  1.09604e-06
 Reference value :  1.09651e-06
 Reference value :  1.09767e-06
 Reference value :  1.09831e-06
 Reference value :  1.09951e-06
 Reference value :  1.10018e-06
 Reference value :  1.10078e-06
 Reference value :  1.10178e-06
 Reference value :  1.10231e-06
 Reference value :  1.10351e-06
 Reference value :  1.10423e-06
 Reference value :  1.10495e-06
 Reference value :  1.10601e-06
 Reference value :  1.10675e-06
 Reference value :  1.10791e-06
 Reference value :  1.10846e-06
 Reference value :  1.10910e-06
 Reference value :  1.11002e-06
 Reference value :  1.11083e-06
 Reference value :  1.11200e-06
 Reference value :  1.11243e-06
 Reference value :  1.11339e-06
 Reference value :  1.11415e-06
 Reference value :  1.11519e-06
 Reference value :  1.11604e-06
 Reference value :  1.11670e-06
 Reference value :  1.11730e-06
 Reference value :  1.11811e-06
 Reference value :  1.11907e-06
 Reference value :  1.12001e-06
 Reference value :  1.12051e-06
 Reference value :  1.12171e-06
 Reference value :  1.12247e-06
 Reference value :  1.12367e-06
 Reference value :  1.12430e-06
 Reference value :  1.12498e-06
 Reference value :  1.12600e-06
 Reference value :  1.12659e-06
 Reference value :  1.12779e-06
 Reference value :  1.12835e-06
 Reference value :  1.12911e-06
 Reference value :  1.13002e-06
 Reference value :  1.13087e-06
 Reference value :  1.13200e-06
 Reference value :  1.13250e-06
 Reference value :  1.13314e-06
 Reference value :  1.13403e-06
 Reference value :  1.13491e-06
 Reference value :  1.13600e-06
 Reference value :  1.13647e-06
 Reference value :  1.13755e-06
 Reference value :  1.13823e-06
 Reference value :  1.13943e-06
 Reference value :  1.14018e-06
 Reference value :  1.14086e-06
 Reference value :  1.14190e-06
 Reference value :  1.14251e-06
 Reference value :  1.14367e-06
 Reference value :  1.14427e-06
 Reference value :  1.14487e-06
 Reference value :  1.14600e-06
 Reference value :  1.14691e-06
 Reference value :  1.14800e-06
 Reference value :  1.14854e-06
 Reference value :  1.14906e-06
 Reference value :  1.15001e-06
 Reference value :  1.15083e-06
 Reference value :  1.15200e-06
 Reference value :  1.15243e-06
 Reference value :  1.15343e-06
 Reference value :  1.15419e-06
 Reference value :  1.15531e-06
 Reference value :  1.15614e-06
 Reference value :  1.15686e-06
 Reference value :  1.15754e-06
 Reference value :  1.15819e-06
 Reference value :  1.15939e-06
 Reference value :  1.16015e-06
 Reference value :  1.16067e-06
 Reference value :  1.16187e-06
 Reference value :  1.16251e-06
 Reference value :  1.16379e-06
 Reference value :  1.16438e-06
 Reference value :  1.16486e-06
 Reference value :  1.16597e-06
 Reference value :  1.16659e-06
 Reference value :  1.16787e-06
 Reference value :  1.16835e-06
 Reference value :  1.16931e-06
 Reference value :  1.17015e-06
 Reference value :  1.17123e-06
 Reference value :  1.17204e-06
 Reference value :  1.17274e-06
 Reference value :  1.17362e-06
 Reference value :  1.17423e-06
 Reference value :  1.17547e-06
 Reference value :  1.17619e-06
 Reference value :  1.17679e-06
 Reference value :  1.17800e-06
 Reference value :  1.17863e-06
 Reference value :  1.17987e-06
 Reference value :  1.18046e-06
 Reference value :  1.18102e-06
 Reference value :  1.18201e-06
 Reference value :  1.18275e-06
 Reference value :  1.18395e-06
 Reference value :  1.18439e-06
 Reference value :  1.18539e-06
 Reference value :  1.18619e-06
 Reference value :  1.18727e-06
 Reference value :  1.18807e-06
 Reference value :  1.18882e-06
 Reference value :  1.18966e-06
 Reference value :  1.19027e-06
 Reference value :  1.19147e-06
 Reference value :  1.19219e-06
 Reference value :  1.19271e-06
 Reference value :  1.19391e-06
 Reference value :  1.19451e-06
 Reference value :  1.19571e-06
 Reference value :  1.19634e-06
 Reference value :  1.19690e-06
 Reference value :  1.19800e-06
 Reference value :  1.19867e-06
 Reference value :  1.19991e-06
 Reference value :  1.20035e-06
 Reference value :  1.20143e-06
 Reference value :  1.20219e-06
 Reference value :  1.20331e-06
 Reference value :  1.20410e-06
 Reference value :  1.20482e-06
 Reference value :  1.20578e-06
 Reference value :  1.20631e-06
 Reference value :  1.20751e-06
 Reference value :  1.20819e-06
 Reference value :  1.20875e-06
 Reference value :  1.20995e-06
 Reference value :  1.21059e-06
 Reference value :  1.21175e-06
 Reference value :  1.21238e-06
 Reference value :  1.21290e-06
 Reference value :  1.21386e-06
 Reference value :  1.21439e-06
 Reference value :  1.21555e-06
 Reference value :  1.21619e-06
 Reference value :  1.21687e-06
 Reference value :  1.21800e-06
 Reference value :  1.21871e-06
 Reference value :  1.21991e-06
 Reference value :  1.22046e-06
 Reference value :  1.22110e-06
 Reference value :  1.22201e-06
 Reference value :  1.22275e-06
 Reference value :  1.22391e-06
 Reference value :  1.22435e-06
 Reference value :  1.22511e-06
 Reference value :  1.22602e-06
 Reference value :  1.22687e-06
 Reference value :  1.22800e-06
 Reference value :  1.22850e-06
 Reference value :  1.22910e-06
 Reference value :  1.23002e-06
 Reference value :  1.23087e-06
 Reference value :  1.23200e-06
 Reference value :  1.23243e-06
 Reference value :  1.23343e-06
 Reference value :  1.23415e-06
 Reference value :  1.23515e-06
 Reference value :  1.23602e-06
 Reference value :  1.23666e-06
 Reference value :  1.23742e-06
 Reference value :  1.23815e-06
 Reference value :  1.23915e-06
 Reference value :  1.24002e-06
 Reference value :  1.24047e-06
 Reference value :  1.24151e-06
 Reference value :  1.24219e-06
 Reference value :  1.24327e-06
 Reference value :  1.24407e-06
 Reference value :  1.24470e-06
 Reference value :  1.24530e-06
 Reference value :  1.24611e-06
 Reference value :  1.24703e-06
 Reference value :  1.24801e-06
 Reference value :  1.24851e-06
 Reference value :  1.24967e-06
 Reference value :  1.25035e-06
 Reference value :  1.25155e-06
 Reference value :  1.25226e-06
 Reference value :  1.25294e-06
 Reference value :  1.25394e-06
 Reference value :  1.25463e-06
 Reference value :  1.25583e-06
 Reference value :  1.25635e-06
 Reference value :  1.25715e-06
 Reference value :  1.25803e-06
 Reference value :  1.25899e-06
 Reference value :  1.26004e-06
 Reference value :  1.26070e-06
 Reference value :  1.26158e-06
 Reference value :  1.26219e-06
 Reference value :  1.26335e-06
 Reference value :  1.26415e-06
 Reference value :  1.26483e-06
 Reference value :  1.26600e-06
 Reference value :  1.26671e-06
 Reference value :  1.26791e-06
 Reference value :  1.26854e-06
 Reference value :  1.26942e-06
 Reference value :  1.27019e-06
 Reference value :  1.27135e-06
 Reference value :  1.27211e-06
 Reference value :  1.27259e-06
 Reference value :  1.27383e-06
 Reference value :  1.27443e-06
 Reference value :  1.27559e-06
 Reference value :  1.27626e-06
 Reference value :  1.27686e-06
 Reference value :  1.27770e-06
 Reference value :  1.27823e-06
 Reference value :  1.27943e-06
 Reference value :  1.28019e-06
 Reference value :  1.28091e-06
 Reference value :  1.28200e-06
 Reference value :  1.28275e-06
 Reference value :  1.28397e-06
 Reference value :  1.28450e-06
 Reference value :  1.28514e-06
 Reference value :  1.28600e-06
 Reference value :  1.28663e-06
 Reference value :  1.28787e-06
 Reference value :  1.28835e-06
 Reference value :  1.28915e-06
 Reference value :  1.29004e-06
 Reference value :  1.29135e-06
 Reference value :  1.29214e-06
 Reference value :  1.29274e-06
 Reference value :  1.29382e-06
 Reference value :  1.29439e-06
 Reference value :  1.29559e-06
 Reference value :  1.29623e-06
 Reference value :  1.29699e-06
 Reference value :  1.29801e-06
 Reference value :  1.29871e-06
 Reference value :  1.29991e-06
 Reference value :  1.30046e-06
 Reference value :  1.30106e-06
 Reference value :  1.30201e-06
 Reference value :  1.30275e-06
 Reference value :  1.30395e-06
 Reference value :  1.30439e-06
 Reference value :  1.30519e-06
 Reference value :  1.30603e-06
 Reference value :  1.30695e-06
 Reference value :  1.30800e-06
 Reference value :  1.30854e-06
 Reference value :  1.30910e-06
 Reference value :  1.31002e-06
 Reference value :  1.31091e-06
 Reference value :  1.31201e-06
 Reference value :  1.31251e-06
 Reference value :  1.31367e-06
 Reference value :  1.31427e-06
 Reference value :  1.31547e-06
 Reference value :  1.31618e-06
 Reference value :  1.31690e-06
 Reference value :  1.31786e-06
 Reference value :  1.31847e-06
 Reference value :  1.31967e-06
 Reference value :  1.32027e-06
 Reference value :  1.32087e-06
 Reference value :  1.32200e-06
 Reference value :  1.32263e-06
 Reference value :  1.32383e-06
 Reference value :  1.32442e-06
 Reference value :  1.32502e-06
 Reference value :  1.32601e-06
 Reference value :  1.32679e-06
 Reference value :  1.32797e-06
 Reference value :  1.32839e-06
 Reference value :  1.32935e-06
 Reference value :  1.33011e-06
 Reference value :  1.33115e-06
 Reference value :  1.33204e-06
 Reference value :  1.33274e-06
 Reference value :  1.33370e-06
 Reference value :  1.33427e-06
 Reference value :  1.33547e-06
 Reference value :  1.33623e-06
 Reference value :  1.33679e-06
 Reference value :  1.33795e-06
 Reference value :  1.33855e-06
 Reference value :  1.33975e-06
 Reference value :  1.34034e-06
 Reference value :  1.34090e-06
 Reference value :  1.34190e-06
 Reference value :  1.34251e-06
 Reference value :  1.34371e-06
 Reference value :  1.34431e-06
 Reference value :  1.34519e-06
 Reference value :  1.34604e-06
 Reference value :  1.34699e-06
 Reference value :  1.34801e-06
 Reference value :  1.34858e-06
 Reference value :  1.34922e-06
 Reference value :  1.35003e-06
 Reference value :  1.35091e-06
 Reference value :  1.35200e-06
 Reference value :  1.35243e-06
 Reference value :  1.35339e-06
 Reference value :  1.35419e-06
 Reference value :  1.35551e-06
 Reference value :  1.35654e-06
 Reference value :  1.35790e-06
 Reference value :  1.35903e-06
 Reference value :  1.36027e-06
 Reference value :  1.36103e-06
 Reference value :  1.36201e-06
 Reference value :  1.36287e-06
 Reference value :  1.36401e-06
 Reference value :  1.36478e-06
 Reference value :  1.36566e-06
 Reference value :  1.36623e-06
 Reference value :  1.36739e-06
 Reference value :  1.36815e-06
 Reference value :  1.36871e-06
 Reference value :  1.36995e-06
 Reference value :  1.37055e-06
 Reference value :  1.37179e-06
 Reference value :  1.37238e-06
 Reference value :  1.37294e-06
 Reference value :  1.37394e-06
 Reference value :  1.37451e-06
 Reference value :  1.37571e-06
 Reference value :  1.37631e-06
 Reference value :  1.37723e-06
 Reference value :  1.37807e-06
 Reference value :  1.37907e-06
 Reference value :  1.38002e-06
 Reference value :  1.38066e-06
 Reference value :  1.38142e-06
 Reference value :  1.38219e-06
 Reference value :  1.38347e-06
 Reference value :  1.38427e-06
 Reference value :  1.38507e-06
 Reference value :  1.38602e-06
 Reference value :  1.38695e-06
 Reference value :  1.38803e-06
 Reference value :  1.38870e-06
 Reference value :  1.38966e-06
 Reference value :  1.39023e-06
 Reference value :  1.39139e-06
 Reference value :  1.39215e-06
 Reference value :  1.39287e-06
 Reference value :  1.39400e-06
 Reference value :  1.39471e-06
 Reference value :  1.39591e-06
 Reference value :  1.39642e-06
 Reference value :  1.39710e-06
 Reference value :  1.39802e-06
 Reference value :  1.39887e-06
 Reference value :  1.40000e-06
 Reference value :  1.40043e-06
 Reference value :  1.40139e-06
 Reference value :  1.40215e-06
 Reference value :  1.40319e-06
 Reference value :  1.40404e-06
 Reference value :  1.40470e-06
 Reference value :  1.40530e-06
 Reference value :  1.40615e-06
 Reference value :  1.40715e-06
 Reference value :  1.40803e-06
 Reference value :  1.40851e-06
 Reference value :  1.40963e-06
 Reference value :  1.41023e-06
 Reference value :  1.41139e-06
 Reference value :  1.41214e-06
 Reference value :  1.41286e-06
 Reference value :  1.41354e-06
 Reference value :  1.41419e-06
 Reference value :  1.41535e-06
 Reference value :  1.41615e-06
 Reference value :  1.41667e-06
 Reference value :  1.41787e-06
 Reference value :  1.41851e-06
 Reference value :  1.41975e-06
 Reference value :  1.42034e-06
 Reference value :  1.42086e-06
 Reference value :  1.42197e-06
 Reference value :  1.42259e-06
 Reference value :  1.42383e-06
 Reference value :  1.42435e-06
 Reference value :  1.42531e-06
 Reference value :  1.42611e-06
 Reference value :  1.42715e-06
 Reference value :  1.42803e-06
 Reference value :  1.42866e-06
 Reference value :  1.42946e-06
 Reference value :  1.43019e-06
 Reference value :  1.43135e-06
 Reference value :  1.43211e-06
 Reference value :  1.43255e-06
 Reference value :  1.43375e-06
 Reference value :  1.43435e-06
 Reference value :  1.43555e-06
 Reference value :  1.43622e-06
 Reference value :  1.43682e-06
 Reference value :  1.43762e-06
 Reference value :  1.43827e-06
 Reference value :  1.43947e-06
 Reference value :  1.44019e-06
 Reference value :  1.44091e-06
 Reference value :  1.44201e-06
 Reference value :  1.44275e-06
 Reference value :  1.44395e-06
 Reference value :  1.44450e-06
 Reference value :  1.44522e-06
 Reference value :  1.44604e-06
 Reference value :  1.44699e-06
 Reference value :  1.44801e-06
 Reference value :  1.44843e-06
 Reference value :  1.44939e-06
 Reference value :  1.45019e-06
 Reference value :  1.45131e-06
 Reference value :  1.45214e-06
 Reference value :  1.45278e-06
 Reference value :  1.45386e-06
 Reference value :  1.45447e-06
 Reference value :  1.45563e-06
 Reference value :  1.45627e-06
 Reference value :  1.45707e-06
 Reference value :  1.45802e-06
 Reference value :  1.45891e-06
 Reference value :  1.46000e-06
 Reference value :  1.46054e-06
 Reference value :  1.46142e-06
 Reference value :  1.46215e-06
 Reference value :  1.46315e-06
 Reference value :  1.46411e-06
 Reference value :  1.46459e-06
 Reference value :  1.46583e-06
 Reference value :  1.46643e-06
 Reference value :  1.46759e-06
 Reference value :  1.46834e-06
 Reference value :  1.46902e-06
 Reference value :  1.47001e-06
 Reference value :  1.47075e-06
 Reference value :  1.47200e-06
 Reference value :  1.47243e-06
 Reference value :  1.47347e-06
 Reference value :  1.47423e-06
 Reference value :  1.47543e-06
 Reference value :  1.47614e-06
 Reference value :  1.47686e-06
 Reference value :  1.47766e-06
 Reference value :  1.47827e-06
 Reference value :  1.47947e-06
 Reference value :  1.48019e-06
 Reference value :  1.48071e-06
 Reference value :  1.48195e-06
 Reference value :  1.48255e-06
 Reference value :  1.48375e-06
 Reference value :  1.48438e-06
 Reference value :  1.48494e-06
 Reference value :  1.48600e-06
 Reference value :  1.48667e-06
 Reference value :  1.48787e-06
 Reference value :  1.48835e-06
 Reference value :  1.48931e-06
 Reference value :  1.49011e-06
 Reference value :  1.49115e-06
 Reference value :  1.49203e-06
 Reference value :  1.49266e-06
 Reference value :  1.49350e-06
 Reference value :  1.49419e-06
 Reference value :  1.49535e-06
 Reference value :  1.49615e-06
 Reference value :  1.49675e-06
 Reference value :  1.49795e-06
 Reference value :  1.49887e-06
 Reference value :  1.50000e-06
 Reference value :  1.50070e-06
 Reference value :  1.50130e-06
 Reference value :  1.50219e-06
 Reference value :  1.50387e-06
 Reference value :  1.50435e-06
 Reference value :  1.50551e-06
 Reference value :  1.50623e-06
 Reference value :  1.50743e-06
 Reference value :  1.50818e-06
 Reference value :  1.50886e-06
 Reference value :  1.50974e-06
 Reference value :  1.51031e-06
 Reference value :  1.51155e-06
 Reference value :  1.51227e-06
 Reference value :  1.51291e-06
 Reference value :  1.51401e-06
 Reference value :  1.51483e-06
 Reference value :  1.51600e-06
 Reference value :  1.51662e-06
 Reference value :  1.51762e-06
 Reference value :  1.51855e-06
 Reference value :  1.51987e-06
 Reference value :  1.52039e-06
 Reference value :  1.52135e-06
 Reference value :  1.52215e-06
 Reference value :  1.52323e-06
 Reference value :  1.52407e-06
 Reference value :  1.52478e-06
 Reference value :  1.52574e-06
 Reference value :  1.52631e-06
 Reference value :  1.52755e-06
 Reference value :  1.52823e-06
 Reference value :  1.52879e-06
 Reference value :  1.53000e-06
 Reference value :  1.53067e-06
 Reference value :  1.53183e-06
 Reference value :  1.53242e-06
 Reference value :  1.53298e-06
 Reference value :  1.53397e-06
 Reference value :  1.53463e-06
 Reference value :  1.53583e-06
 Reference value :  1.53635e-06
 Reference value :  1.53735e-06
 Reference value :  1.53815e-06
 Reference value :  1.53927e-06
 Reference value :  1.54010e-06
 Reference value :  1.54082e-06
 Reference value :  1.54146e-06
 Reference value :  1.54219e-06
 Reference value :  1.54347e-06
 Reference value :  1.54419e-06
 Reference value :  1.54483e-06
 Reference value :  1.54600e-06
 Reference value :  1.54671e-06
 Reference value :  1.54800e-06
 Reference value :  1.54862e-06
 Reference value :  1.54918e-06
 Reference value :  1.55007e-06
 Reference value :  1.55103e-06
 Reference value :  1.55203e-06
 Reference value :  1.55263e-06
 Reference value :  1.55387e-06
 Reference value :  1.55451e-06
 Reference value :  1.55575e-06
 Reference value :  1.55638e-06
 Reference value :  1.55698e-06
 Reference value :  1.55800e-06
 Reference value :  1.55867e-06
 Reference value :  1.55991e-06
 Reference value :  1.56039e-06
 Reference value :  1.56127e-06
 Reference value :  1.56251e-06
 Reference value :  1.56371e-06
 Reference value :  1.56434e-06
 Reference value :  1.56490e-06
 Reference value :  1.56586e-06
 Reference value :  1.56643e-06
 Reference value :  1.56763e-06
 Reference value :  1.56827e-06
 Reference value :  1.56907e-06
 Reference value :  1.57002e-06
 Reference value :  1.57087e-06
 Reference value :  1.57200e-06
 Reference value :  1.57254e-06
 Reference value :  1.57330e-06
 Reference value :  1.57411e-06
 Reference value :  1.57507e-06
 Reference value :  1.57602e-06
 Reference value :  1.57647e-06
 Reference value :  1.57755e-06
 Reference value :  1.57823e-06
 Reference value :  1.57939e-06
 Reference value :  1.58014e-06
 Reference value :  1.58078e-06
 Reference value :  1.58182e-06
 Reference value :  1.58239e-06
 Reference value :  1.58363e-06
 Reference value :  1.58427e-06
 Reference value :  1.58507e-06
 Reference value :  1.58603e-06
 Reference value :  1.58695e-06
 Reference value :  1.58801e-06
 Reference value :  1.58862e-06
 Reference value :  1.58954e-06
 Reference value :  1.59019e-06
 Reference value :  1.59139e-06
 Reference value :  1.59215e-06
 Reference value :  1.59271e-06
 Reference value :  1.59391e-06
 Reference value :  1.59459e-06
 Reference value :  1.59579e-06
 Reference value :  1.59642e-06
 Reference value :  1.59698e-06
 Reference value :  1.59800e-06
 Reference value :  1.59863e-06
 Reference value :  1.59991e-06
 Reference value :  1.60039e-06
 Reference value :  1.60143e-06
 Reference value :  1.60223e-06
 Reference value :  1.60339e-06
 Reference value :  1.60414e-06
 Reference value :  1.60486e-06
 Reference value :  1.60570e-06
 Reference value :  1.60635e-06
 Reference value :  1.60755e-06
 Reference value :  1.60827e-06
 Reference value :  1.60895e-06
 Reference value :  1.61001e-06
 Reference value :  1.61079e-06
 Reference value :  1.61197e-06
 Reference value :  1.61250e-06
 Reference value :  1.61318e-06
 Reference value :  1.61407e-06
 Reference value :  1.61503e-06
 Reference value :  1.61601e-06
 Reference value :  1.61651e-06
 Reference value :  1.61771e-06
 Reference value :  1.61831e-06
 Reference value :  1.61955e-06
 Reference value :  1.62026e-06
 Reference value :  1.62090e-06
 Reference value :  1.62200e-06
 Reference value :  1.62271e-06
 Reference value :  1.62397e-06
 Reference value :  1.62443e-06
 Reference value :  1.62543e-06
 Reference value :  1.62619e-06
 Reference value :  1.62731e-06
 Reference value :  1.62814e-06
 Reference value :  1.62882e-06
 Reference value :  1.62962e-06
 Reference value :  1.63027e-06
 Reference value :  1.63151e-06
 Reference value :  1.63223e-06
 Reference value :  1.63299e-06
 Reference value :  1.63401e-06
 Reference value :  1.63487e-06
 Reference value :  1.63600e-06
 Reference value :  1.63654e-06
 Reference value :  1.63726e-06
 Reference value :  1.63811e-06
 Reference value :  1.63911e-06
 Reference value :  1.64003e-06
 Reference value :  1.64051e-06
 Reference value :  1.64171e-06
 Reference value :  1.64235e-06
 Reference value :  1.64359e-06
 Reference value :  1.64430e-06
 Reference value :  1.64486e-06
 Reference value :  1.64600e-06
 Reference value :  1.64663e-06
 Reference value :  1.64783e-06
 Reference value :  1.64835e-06
 Reference value :  1.64931e-06
 Reference value :  1.65011e-06
 Reference value :  1.65115e-06
 Reference value :  1.65204e-06
 Reference value :  1.65274e-06
 Reference value :  1.65374e-06
 Reference value :  1.65435e-06
 Reference value :  1.65559e-06
 Reference value :  1.65627e-06
 Reference value :  1.65695e-06
 Reference value :  1.65801e-06
 Reference value :  1.65875e-06
 Reference value :  1.66000e-06
 Reference value :  1.66050e-06
 Reference value :  1.66106e-06
 Reference value :  1.66201e-06
 Reference value :  1.66279e-06
 Reference value :  1.66397e-06
 Reference value :  1.66443e-06
 Reference value :  1.66559e-06
 Reference value :  1.66647e-06
 Reference value :  1.66775e-06
 Reference value :  1.66838e-06
 Reference value :  1.66902e-06
 Reference value :  1.66990e-06
 Reference value :  1.67051e-06
 Reference value :  1.67175e-06
 Reference value :  1.67231e-06
 Reference value :  1.67303e-06
 Reference value :  1.67402e-06
 Reference value :  1.67491e-06
 Reference value :  1.67601e-06
 Reference value :  1.67658e-06
 Reference value :  1.67726e-06
 Reference value :  1.67815e-06
 Reference value :  1.67923e-06
 Reference value :  1.68007e-06
 Reference value :  1.68071e-06
 Reference value :  1.68195e-06
 Reference value :  1.68259e-06
 Reference value :  1.68379e-06
 Reference value :  1.68442e-06
 Reference value :  1.68510e-06
 Reference value :  1.68602e-06
 Reference value :  1.68691e-06
 Reference value :  1.68800e-06
 Reference value :  1.68843e-06
 Reference value :  1.68943e-06
 Reference value :  1.69019e-06
 Reference value :  1.69131e-06
 Reference value :  1.69210e-06
 Reference value :  1.69278e-06
 Reference value :  1.69358e-06
 Reference value :  1.69431e-06
 Reference value :  1.69551e-06
 Reference value :  1.69623e-06
 Reference value :  1.69699e-06
 Reference value :  1.69801e-06
 Reference value :  1.69879e-06
 Reference value :  1.70000e-06
 Reference value :  1.70054e-06
 Reference value :  1.70126e-06
 Reference value :  1.70207e-06
 Reference value :  1.70307e-06
 Reference value :  1.70402e-06
 Reference value :  1.70451e-06
 Reference value :  1.70571e-06
 Reference value :  1.70643e-06
 Reference value :  1.70802e-06
 Reference value :  1.70886e-06
 Reference value :  1.71015e-06
 Reference value :  1.71167e-06
 Reference value :  1.71251e-06
 Reference value :  1.71391e-06
 Reference value :  1.71447e-06
 Reference value :  1.71563e-06
 Reference value :  1.71626e-06
 Reference value :  1.71694e-06
 Reference value :  1.71801e-06
 Reference value :  1.71875e-06
 Reference value :  1.71995e-06
 Reference value :  1.72039e-06
 Reference value :  1.72123e-06
 Reference value :  1.72211e-06
 Reference value :  1.72315e-06
 Reference value :  1.72404e-06
 Reference value :  1.72482e-06
 Reference value :  1.72574e-06
 Reference value :  1.72643e-06
 Reference value :  1.72771e-06
 Reference value :  1.72831e-06
 Reference value :  1.72923e-06
 Reference value :  1.73007e-06
 Reference value :  1.73107e-06
 Reference value :  1.73203e-06
 Reference value :  1.73270e-06
 Reference value :  1.73342e-06
 Reference value :  1.73419e-06
 Reference value :  1.73535e-06
 Reference value :  1.73615e-06
 Reference value :  1.73671e-06
 Reference value :  1.73787e-06
 Reference value :  1.73847e-06
 Reference value :  1.73959e-06
 Reference value :  1.74026e-06
 Reference value :  1.74082e-06
 Reference value :  1.74200e-06
 Reference value :  1.74247e-06
 Reference value :  1.74363e-06
 Reference value :  1.74423e-06
 Reference value :  1.74491e-06
 Reference value :  1.74600e-06
 Reference value :  1.74667e-06
 Reference value :  1.74787e-06
 Reference value :  1.74842e-06
 Reference value :  1.74902e-06
 Reference value :  1.75001e-06
 Reference value :  1.75079e-06
 Reference value :  1.75201e-06
 Reference value :  1.75247e-06
 Reference value :  1.75359e-06
 Reference value :  1.75427e-06
 Reference value :  1.75551e-06
 Reference value :  1.75626e-06
 Reference value :  1.75686e-06
 Reference value :  1.75782e-06
 Reference value :  1.75843e-06
 Reference value :  1.75979e-06
 Reference value :  1.76035e-06
 Reference value :  1.76127e-06
 Reference value :  1.76219e-06
 Reference value :  1.76327e-06
 Reference value :  1.76410e-06
 Reference value :  1.76482e-06
 Reference value :  1.76566e-06
 Reference value :  1.76627e-06
 Reference value :  1.76751e-06
 Reference value :  1.76823e-06
 Reference value :  1.76879e-06
 Reference value :  1.76997e-06
 Reference value :  1.77063e-06
 Reference value :  1.77187e-06
 Reference value :  1.77242e-06
 Reference value :  1.77302e-06
 Reference value :  1.77401e-06
 Reference value :  1.77487e-06
 Reference value :  1.77600e-06
 Reference value :  1.77643e-06
 Reference value :  1.77751e-06
 Reference value :  1.77823e-06
 Reference value :  1.77959e-06
 Reference value :  1.78026e-06
 Reference value :  1.78102e-06
 Reference value :  1.78201e-06
 Reference value :  1.78275e-06
 Reference value :  1.78395e-06
 Reference value :  1.78439e-06
 Reference value :  1.78519e-06
 Reference value :  1.78607e-06
 Reference value :  1.78711e-06
 Reference value :  1.78802e-06
 Reference value :  1.78878e-06
 Reference value :  1.78950e-06
 Reference value :  1.79019e-06
 Reference value :  1.79135e-06
 Reference value :  1.79215e-06
 Reference value :  1.79287e-06
 Reference value :  1.79400e-06
 Reference value :  1.79471e-06
 Reference value :  1.79595e-06
 Reference value :  1.79646e-06
 Reference value :  1.79710e-06
 Reference value :  1.79794e-06
 Reference value :  1.79879e-06
 Reference value :  1.80000e-06
 Reference value :  1.80043e-06
 Reference value :  1.80147e-06
 Reference value :  1.80223e-06
 Reference value :  1.80343e-06
 Reference value :  1.80418e-06
 Reference value :  1.80474e-06
 Reference value :  1.80558e-06
 Reference value :  1.80623e-06
 Reference value :  1.80743e-06
 Reference value :  1.80815e-06
 Reference value :  1.80883e-06
 Reference value :  1.81000e-06
 Reference value :  1.81071e-06
 Reference value :  1.81197e-06
 Reference value :  1.81250e-06
 Reference value :  1.81314e-06
 Reference value :  1.81404e-06
 Reference value :  1.81511e-06
 Reference value :  1.81619e-06
 Reference value :  1.81687e-06
 Reference value :  1.81800e-06
 Reference value :  1.81875e-06
 Reference value :  1.81997e-06
 Reference value :  1.82050e-06
 Reference value :  1.82110e-06
 Reference value :  1.82203e-06
 Reference value :  1.82295e-06
 Reference value :  1.82401e-06
 Reference value :  1.82451e-06
 Reference value :  1.82571e-06
 Reference value :  1.82631e-06
 Reference value :  1.82755e-06
 Reference value :  1.82826e-06
 Reference value :  1.82894e-06
 Reference value :  1.82994e-06
 Reference value :  1.83051e-06
 Reference value :  1.83179e-06
 Reference value :  1.83231e-06
 Reference value :  1.83299e-06
 Reference value :  1.83402e-06
 Reference value :  1.83495e-06
 Reference value :  1.83601e-06
 Reference value :  1.83658e-06
 Reference value :  1.83734e-06
 Reference value :  1.83819e-06
 Reference value :  1.83939e-06
 Reference value :  1.84015e-06
 Reference value :  1.84083e-06
 Reference value :  1.84200e-06
 Reference value :  1.84263e-06
 Reference value :  1.84383e-06
 Reference value :  1.84442e-06
 Reference value :  1.84514e-06
 Reference value :  1.84603e-06
 Reference value :  1.84691e-06
 Reference value :  1.84800e-06
 Reference value :  1.84847e-06
 Reference value :  1.84979e-06
 Reference value :  1.85071e-06
 Reference value :  1.85191e-06
 Reference value :  1.85246e-06
 Reference value :  1.85302e-06
 Reference value :  1.85401e-06
 Reference value :  1.85475e-06
 Reference value :  1.85595e-06
 Reference value :  1.85635e-06
 Reference value :  1.85735e-06
 Reference value :  1.85815e-06
 Reference value :  1.85919e-06
 Reference value :  1.86007e-06
 Reference value :  1.86078e-06
 Reference value :  1.86154e-06
 Reference value :  1.86223e-06
 Reference value :  1.86347e-06
 Reference value :  1.86419e-06
 Reference value :  1.86475e-06
 Reference value :  1.86597e-06
 Reference value :  1.86663e-06
 Reference value :  1.86787e-06
 Reference value :  1.86842e-06
 Reference value :  1.86898e-06
 Reference value :  1.87001e-06
 Reference value :  1.87083e-06
 Reference value :  1.87200e-06
 Reference value :  1.87243e-06
 Reference value :  1.87347e-06
 Reference value :  1.87423e-06
 Reference value :  1.87543e-06
 Reference value :  1.87618e-06
 Reference value :  1.87686e-06
 Reference value :  1.87786e-06
 Reference value :  1.87843e-06
 Reference value :  1.87963e-06
 Reference value :  1.88027e-06
 Reference value :  1.88091e-06
 Reference value :  1.88201e-06
 Reference value :  1.88279e-06
 Reference value :  1.88400e-06
 Reference value :  1.88454e-06
 Reference value :  1.88510e-06
 Reference value :  1.88603e-06
 Reference value :  1.88699e-06
 Reference value :  1.88801e-06
 Reference value :  1.88851e-06
 Reference value :  1.88971e-06
 Reference value :  1.89035e-06
 Reference value :  1.89163e-06
 Reference value :  1.89234e-06
 Reference value :  1.89302e-06
 Reference value :  1.89401e-06
 Reference value :  1.89475e-06
 Reference value :  1.89595e-06
 Reference value :  1.89639e-06
 Reference value :  1.89727e-06
 Reference value :  1.89811e-06
 Reference value :  1.89915e-06
 Reference value :  1.90004e-06
 Reference value :  1.90070e-06
 Reference value :  1.90162e-06
 Reference value :  1.90223e-06
 Reference value :  1.90343e-06
 Reference value :  1.90419e-06
 Reference value :  1.90495e-06
 Reference value :  1.90601e-06
 Reference value :  1.90683e-06
 Reference value :  1.90800e-06
 Reference value :  1.90854e-06
 Reference value :  1.90942e-06
 Reference value :  1.91019e-06
 Reference value :  1.91151e-06
 Reference value :  1.91227e-06
 Reference value :  1.91299e-06
 Reference value :  1.91401e-06
 Reference value :  1.91491e-06
 Reference value :  1.91601e-06
 Reference value :  1.91658e-06
 Reference value :  1.91714e-06
 Reference value :  1.91807e-06
 Reference value :  1.91903e-06
 Reference value :  1.92002e-06
 Reference value :  1.92059e-06
 Reference value :  1.92183e-06
 Reference value :  1.92247e-06
 Reference value :  1.92375e-06
 Reference value :  1.92442e-06
 Reference value :  1.92510e-06
 Reference value :  1.92600e-06
 Reference value :  1.92663e-06
 Reference value :  1.92787e-06
 Reference value :  1.92839e-06
 Reference value :  1.92931e-06
 Reference value :  1.93015e-06
 Reference value :  1.93123e-06
 Reference value :  1.93207e-06
 Reference value :  1.93270e-06
 Reference value :  1.93358e-06
 Reference value :  1.93423e-06
 Reference value :  1.93547e-06
 Reference value :  1.93619e-06
 Reference value :  1.93695e-06
 Reference value :  1.93801e-06
 Reference value :  1.93887e-06
 Reference value :  1.94000e-06
 Reference value :  1.94054e-06
 Reference value :  1.94130e-06
 Reference value :  1.94215e-06
 Reference value :  1.94319e-06
 Reference value :  1.94407e-06
 Reference value :  1.94463e-06
 Reference value :  1.94587e-06
 Reference value :  1.94651e-06
 Reference value :  1.94775e-06
 Reference value :  1.94842e-06
 Reference value :  1.94898e-06
 Reference value :  1.95000e-06
 Reference value :  1.95071e-06
 Reference value :  1.95195e-06
 Reference value :  1.95239e-06
 Reference value :  1.95343e-06
 Reference value :  1.95419e-06
 Reference value :  1.95535e-06
 Reference value :  1.95614e-06
 Reference value :  1.95682e-06
 Reference value :  1.95770e-06
 Reference value :  1.95831e-06
 Reference value :  1.95951e-06
 Reference value :  1.96019e-06
 Reference value :  1.96083e-06
 Reference value :  1.96200e-06
 Reference value :  1.96267e-06
 Reference value :  1.96387e-06
 Reference value :  1.96442e-06
 Reference value :  1.96502e-06
 Reference value :  1.96602e-06
 Reference value :  1.96687e-06
 Reference value :  1.96800e-06
 Reference value :  1.96847e-06
 Reference value :  1.96955e-06
 Reference value :  1.97023e-06
 Reference value :  1.97143e-06
 Reference value :  1.97218e-06
 Reference value :  1.97290e-06
 Reference value :  1.97400e-06
 Reference value :  1.97463e-06
 Reference value :  1.97587e-06
 Reference value :  1.97643e-06
 Reference value :  1.97743e-06
 Reference value :  1.97819e-06
 Reference value :  1.97927e-06
 Reference value :  1.98007e-06
 Reference value :  1.98078e-06
 Reference value :  1.98150e-06
 Reference value :  1.98219e-06
 Reference value :  1.98343e-06
 Reference value :  1.98415e-06
 Reference value :  1.98491e-06
 Reference value :  1.98600e-06
 Reference value :  1.98675e-06
 Reference value :  1.98800e-06
 Reference value :  1.98850e-06
 Reference value :  1.98914e-06
 Reference value :  1.99002e-06
 Reference value :  1.99087e-06
 Reference value :  1.99200e-06
 Reference value :  1.99243e-06
 Reference value :  1.99343e-06
 Reference value :  1.99419e-06
 Reference value :  1.99547e-06
 Reference value :  1.99622e-06
 Reference value :  1.99682e-06
 Reference value :  1.99797e-06
 Reference value :  1.99867e-06
 Reference value :  1.99991e-06
 Reference value :  2.00043e-06
 Reference value :  2.00147e-06
 Reference value :  2.00223e-06
 Reference value :  2.00343e-06
 Reference value :  2.00418e-06
 Reference value :  2.00490e-06
 Reference value :  2.00600e-06
 Reference value :  2.00663e-06
 Reference value :  2.00791e-06
 Reference value :  2.00843e-06
 Reference value :  2.00943e-06
 Reference value :  2.01023e-06
 Reference value :  2.01143e-06
 Reference value :  2.01218e-06
 Reference value :  2.01286e-06
 Reference value :  2.01390e-06
 Reference value :  2.01451e-06
 Reference value :  2.01575e-06
 Reference value :  2.01635e-06
 Reference value :  2.01735e-06
 Reference value :  2.01823e-06
 Reference value :  2.01943e-06
 Reference value :  2.02018e-06
 Reference value :  2.02090e-06
 Reference value :  2.02190e-06
 Reference value :  2.02251e-06
 Reference value :  2.02383e-06
 Reference value :  2.02435e-06
 Reference value :  2.02515e-06
 Reference value :  2.02607e-06
 Reference value :  2.02715e-06
 Reference value :  2.02804e-06
 Reference value :  2.02870e-06
 Reference value :  2.02966e-06
 Reference value :  2.03027e-06
 Reference value :  2.03155e-06
 Reference value :  2.03223e-06
 Reference value :  2.03295e-06
 Reference value :  2.03401e-06
 Reference value :  2.03487e-06
 Reference value :  2.03600e-06
 Reference value :  2.03658e-06
 Reference value :  2.03742e-06
 Reference value :  2.03819e-06
 Reference value :  2.03939e-06
 Reference value :  2.04015e-06
 Reference value :  2.04083e-06
 Reference value :  2.04200e-06
 Reference value :  2.04267e-06
 Reference value :  2.04387e-06
 Reference value :  2.04446e-06
 Reference value :  2.04498e-06
 Reference value :  2.04600e-06
 Reference value :  2.04659e-06
 Reference value :  2.04779e-06
 Reference value :  2.04835e-06
 Reference value :  2.04931e-06
 Reference value :  2.05011e-06
 Reference value :  2.05115e-06
 Reference value :  2.05203e-06
 Reference value :  2.05270e-06
 Reference value :  2.05322e-06
 Reference value :  2.05404e-06
 Reference value :  2.05499e-06
 Reference value :  2.05602e-06
 Reference value :  2.05651e-06
 Reference value :  2.05771e-06
 Reference value :  2.05831e-06
 Reference value :  2.05951e-06
 Reference value :  2.06022e-06
 Reference value :  2.06074e-06
 Reference value :  2.06158e-06
 Reference value :  2.06223e-06
 Reference value :  2.06343e-06
 Reference value :  2.06415e-06
 Reference value :  2.06483e-06
 Reference value :  2.06600e-06
 Reference value :  2.06671e-06
 Reference value :  2.06795e-06
 Reference value :  2.06850e-06
 Reference value :  2.06914e-06
 Reference value :  2.07007e-06
 Reference value :  2.07103e-06
 Reference value :  2.07202e-06
 Reference value :  2.07251e-06
 Reference value :  2.07371e-06
 Reference value :  2.07439e-06
 Reference value :  2.07559e-06
 Reference value :  2.07630e-06
 Reference value :  2.07686e-06
 Reference value :  2.07782e-06
 Reference value :  2.07843e-06
 Reference value :  2.07963e-06
 Reference value :  2.08027e-06
 Reference value :  2.08111e-06
 Reference value :  2.08203e-06
 Reference value :  2.08299e-06
 Reference value :  2.08401e-06
 Reference value :  2.08462e-06
 Reference value :  2.08534e-06
 Reference value :  2.08615e-06
 Reference value :  2.08719e-06
 Reference value :  2.08803e-06
 Reference value :  2.08851e-06
 Reference value :  2.08971e-06
 Reference value :  2.09035e-06
 Reference value :  2.09163e-06
 Reference value :  2.09234e-06
 Reference value :  2.09298e-06
 Reference value :  2.09401e-06
 Reference value :  2.09483e-06
 Reference value :  2.09600e-06
 Reference value :  2.09647e-06
 Reference value :  2.09759e-06
 Reference value :  2.09823e-06
 Reference value :  2.09939e-06
 Reference value :  2.10014e-06
 Reference value :  2.10086e-06
 Reference value :  2.10186e-06
 Reference value :  2.10243e-06
 Reference value :  2.10375e-06
 Reference value :  2.10435e-06
 Reference value :  2.10519e-06
 Reference value :  2.10611e-06
 Reference value :  2.10719e-06
 Reference value :  2.10826e-06
 Reference value :  2.10918e-06
 Reference value :  2.11039e-06
 Reference value :  2.11201e-06
 Reference value :  2.11291e-06
 Reference value :  2.11423e-06
 Reference value :  2.11571e-06
 Reference value :  2.11638e-06
 Reference value :  2.11702e-06
 Reference value :  2.11800e-06
 Reference value :  2.11859e-06
 Reference value :  2.11983e-06
 Reference value :  2.12035e-06
 Reference value :  2.12115e-06
 Reference value :  2.12203e-06
 Reference value :  2.12295e-06
 Reference value :  2.12401e-06
 Reference value :  2.12458e-06
 Reference value :  2.12534e-06
 Reference value :  2.12615e-06
 Reference value :  2.12719e-06
 Reference value :  2.12807e-06
 Reference value :  2.12867e-06
 Reference value :  2.12987e-06
 Reference value :  2.13063e-06
 Reference value :  2.13201e-06
 Reference value :  2.13274e-06
 Reference value :  2.13366e-06
 Reference value :  2.13431e-06
 Reference value :  2.13559e-06
 Reference value :  2.13627e-06
 Reference value :  2.13691e-06
 Reference value :  2.13801e-06
 Reference value :  2.13883e-06
 Reference value :  2.14000e-06
 Reference value :  2.14058e-06
 Reference value :  2.14118e-06
 Reference value :  2.14207e-06
 Reference value :  2.14307e-06
 Reference value :  2.14402e-06
 Reference value :  2.14459e-06
 Reference value :  2.14583e-06
 Reference value :  2.14647e-06
 Reference value :  2.14767e-06
 Reference value :  2.14834e-06
 Reference value :  2.14898e-06
 Reference value :  2.15000e-06
 Reference value :  2.15067e-06
 Reference value :  2.15191e-06
 Reference value :  2.15243e-06
 Reference value :  2.15339e-06
 Reference value :  2.15419e-06
 Reference value :  2.15527e-06
 Reference value :  2.15610e-06
 Reference value :  2.15678e-06
 Reference value :  2.15782e-06
 Reference value :  2.15843e-06
 Reference value :  2.15967e-06
 Reference value :  2.16027e-06
 Reference value :  2.16111e-06
 Reference value :  2.16202e-06
 Reference value :  2.16295e-06
 Reference value :  2.16401e-06
 Reference value :  2.16454e-06
 Reference value :  2.16538e-06
 Reference value :  2.16615e-06
 Reference value :  2.16719e-06
 Reference value :  2.16815e-06
 Reference value :  2.16879e-06
 Reference value :  2.16997e-06
 Reference value :  2.17059e-06
 Reference value :  2.17179e-06
 Reference value :  2.17238e-06
 Reference value :  2.17290e-06
 Reference value :  2.17390e-06
 Reference value :  2.17447e-06
 Reference value :  2.17575e-06
 Reference value :  2.17631e-06
 Reference value :  2.17715e-06
 Reference value :  2.17823e-06
 Reference value :  2.18002e-06
 Reference value :  2.18086e-06
 Reference value :  2.18154e-06
 Reference value :  2.18219e-06
 Reference value :  2.18335e-06
 Reference value :  2.18411e-06
 Reference value :  2.18463e-06
 Reference value :  2.18583e-06
 Reference value :  2.18643e-06
 Reference value :  2.18763e-06
 Reference value :  2.18830e-06
 Reference value :  2.18882e-06
 Reference value :  2.18994e-06
 Reference value :  2.19051e-06
 Reference value :  2.19171e-06
 Reference value :  2.19231e-06
 Reference value :  2.19319e-06
 Reference value :  2.19404e-06
 Reference value :  2.19499e-06
 Reference value :  2.19602e-06
 Reference value :  2.19662e-06
 Reference value :  2.19742e-06
 Reference value :  2.19815e-06
 Reference value :  2.19915e-06
 Reference value :  2.20003e-06
 Reference value :  2.20051e-06
 Reference value :  2.20167e-06
 Reference value :  2.20231e-06
 Reference value :  2.20351e-06
 Reference value :  2.20422e-06
 Reference value :  2.20482e-06
 Reference value :  2.20566e-06
 Reference value :  2.20627e-06
 Reference value :  2.20747e-06
 Reference value :  2.20819e-06
 Reference value :  2.20891e-06
 Reference value :  2.21001e-06
 Reference value :  2.21075e-06
 Reference value :  2.21195e-06
 Reference value :  2.21254e-06
 Reference value :  2.21338e-06
 Reference value :  2.21419e-06
 Reference value :  2.21531e-06
 Reference value :  2.21611e-06
 Reference value :  2.21655e-06
 Reference value :  2.21775e-06
 Reference value :  2.21835e-06
 Reference value :  2.21955e-06
 Reference value :  2.22026e-06
 Reference value :  2.22082e-06
 Reference value :  2.22190e-06
 Reference value :  2.22251e-06
 Reference value :  2.22375e-06
 Reference value :  2.22431e-06
 Reference value :  2.22519e-06
 Reference value :  2.22607e-06
 Reference value :  2.22707e-06
 Reference value :  2.22802e-06
 Reference value :  2.22866e-06
 Reference value :  2.22958e-06
 Reference value :  2.23023e-06
 Reference value :  2.23151e-06
 Reference value :  2.23223e-06
 Reference value :  2.23283e-06
 Reference value :  2.23400e-06
 Reference value :  2.23463e-06
 Reference value :  2.23587e-06
 Reference value :  2.23646e-06
 Reference value :  2.23702e-06
 Reference value :  2.23801e-06
 Reference value :  2.23875e-06
 Reference value :  2.23995e-06
 Reference value :  2.24039e-06
 Reference value :  2.24135e-06
 Reference value :  2.24211e-06
 Reference value :  2.24315e-06
 Reference value :  2.24404e-06
 Reference value :  2.24470e-06
 Reference value :  2.24542e-06
 Reference value :  2.24619e-06
 Reference value :  2.24735e-06
 Reference value :  2.24811e-06
 Reference value :  2.24867e-06
 Reference value :  2.24987e-06
 Reference value :  2.25055e-06
 Reference value :  2.25175e-06
 Reference value :  2.25234e-06
 Reference value :  2.25290e-06
 Reference value :  2.25400e-06
 Reference value :  2.25463e-06
 Reference value :  2.25583e-06
 Reference value :  2.25635e-06
 Reference value :  2.25735e-06
 Reference value :  2.25815e-06
 Reference value :  2.25923e-06
 Reference value :  2.26007e-06
 Reference value :  2.26078e-06
 Reference value :  2.26170e-06
 Reference value :  2.26231e-06
 Reference value :  2.26351e-06
 Reference value :  2.26419e-06
 Reference value :  2.26487e-06
 Reference value :  2.26600e-06
 Reference value :  2.26683e-06
 Reference value :  2.26800e-06
 Reference value :  2.26854e-06
 Reference value :  2.26910e-06
 Reference value :  2.27004e-06
 Reference value :  2.27099e-06
 Reference value :  2.27202e-06
 Reference value :  2.27251e-06
 Reference value :  2.27375e-06
 Reference value :  2.27439e-06
 Reference value :  2.27567e-06
 Reference value :  2.27630e-06
 Reference value :  2.27694e-06
 Reference value :  2.27797e-06
 Reference value :  2.27863e-06
 Reference value :  2.27983e-06
 Reference value :  2.28039e-06
 Reference value :  2.28127e-06
 Reference value :  2.28211e-06
 Reference value :  2.28323e-06
 Reference value :  2.28407e-06
 Reference value :  2.28474e-06
 Reference value :  2.28578e-06
 Reference value :  2.28639e-06
 Reference value :  2.28767e-06
 Reference value :  2.28831e-06
 Reference value :  2.28923e-06
 Reference value :  2.29007e-06
 Reference value :  2.29107e-06
 Reference value :  2.29202e-06
 Reference value :  2.29266e-06
 Reference value :  2.29354e-06
 Reference value :  2.29419e-06
 Reference value :  2.29535e-06
 Reference value :  2.29615e-06
 Reference value :  2.29671e-06
 Reference value :  2.29791e-06
 Reference value :  2.29863e-06
 Reference value :  2.30000e-06
 Reference value :  2.30054e-06
 Reference value :  2.30110e-06
 Reference value :  2.30203e-06
 Reference value :  2.30295e-06
 Reference value :  2.30401e-06
 Reference value :  2.30451e-06
 Reference value :  2.30575e-06
 Reference value :  2.30643e-06
 Reference value :  2.30767e-06
 Reference value :  2.30834e-06
 Reference value :  2.30902e-06
 Reference value :  2.30978e-06
 Reference value :  2.31039e-06
 Reference value :  2.31159e-06
 Reference value :  2.31227e-06
 Reference value :  2.31307e-06
 Reference value :  2.31404e-06
 Reference value :  2.31503e-06
 Reference value :  2.31601e-06
 Reference value :  2.31662e-06
 Reference value :  2.31710e-06
 Reference value :  2.31801e-06
 Reference value :  2.31907e-06
 Reference value :  2.32007e-06
 Reference value :  2.32071e-06
 Reference value :  2.32202e-06
 Reference value :  2.32307e-06
 Reference value :  2.32407e-06
 Reference value :  2.32474e-06
 Reference value :  2.32562e-06
 Reference value :  2.32623e-06
 Reference value :  2.32743e-06
 Reference value :  2.32815e-06
 Reference value :  2.32867e-06
 Reference value :  2.32991e-06
 Reference value :  2.33055e-06
 Reference value :  2.33187e-06
 Reference value :  2.33246e-06
 Reference value :  2.33302e-06
 Reference value :  2.33401e-06
 Reference value :  2.33483e-06
 Reference value :  2.33600e-06
 Reference value :  2.33643e-06
 Reference value :  2.33747e-06
 Reference value :  2.33823e-06
 Reference value :  2.33951e-06
 Reference value :  2.34022e-06
 Reference value :  2.34094e-06
 Reference value :  2.34194e-06
 Reference value :  2.34255e-06
 Reference value :  2.34379e-06
 Reference value :  2.34435e-06
 Reference value :  2.34515e-06
 Reference value :  2.34604e-06
 Reference value :  2.34703e-06
 Reference value :  2.34802e-06
 Reference value :  2.34862e-06
 Reference value :  2.34942e-06
 Reference value :  2.35019e-06
 Reference value :  2.35135e-06
 Reference value :  2.35215e-06
 Reference value :  2.35283e-06
 Reference value :  2.35400e-06
 Reference value :  2.35463e-06
 Reference value :  2.35583e-06
 Reference value :  2.35642e-06
 Reference value :  2.35718e-06
 Reference value :  2.35811e-06
 Reference value :  2.35907e-06
 Reference value :  2.36002e-06
 Reference value :  2.36051e-06
 Reference value :  2.36191e-06
 Reference value :  2.36279e-06
 Reference value :  2.36401e-06
 Reference value :  2.36462e-06
 Reference value :  2.36546e-06
 Reference value :  2.36619e-06
 Reference value :  2.36739e-06
 Reference value :  2.36815e-06
 Reference value :  2.36883e-06
 Reference value :  2.37000e-06
 Reference value :  2.37071e-06
 Reference value :  2.37191e-06
 Reference value :  2.37246e-06
 Reference value :  2.37314e-06
 Reference value :  2.37402e-06
 Reference value :  2.37487e-06
 Reference value :  2.37600e-06
 Reference value :  2.37647e-06
 Reference value :  2.37759e-06
 Reference value :  2.37823e-06
 Reference value :  2.37939e-06
 Reference value :  2.38014e-06
 Reference value :  2.38078e-06
 Reference value :  2.38182e-06
 Reference value :  2.38239e-06
 Reference value :  2.38359e-06
 Reference value :  2.38427e-06
 Reference value :  2.38507e-06
 Reference value :  2.38602e-06
 Reference value :  2.38695e-06
 Reference value :  2.38801e-06
 Reference value :  2.38858e-06
 Reference value :  2.38942e-06
 Reference value :  2.39031e-06
 Reference value :  2.39171e-06
 Reference value :  2.39235e-06
 Reference value :  2.39331e-06
 Reference value :  2.39431e-06
 Reference value :  2.39567e-06
 Reference value :  2.39634e-06
 Reference value :  2.39690e-06
 Reference value :  2.39800e-06
 Reference value :  2.39891e-06
 Reference value :  2.40004e-06
 Reference value :  2.40079e-06
 Reference value :  2.40201e-06
 Reference value :  2.40299e-06
 Reference value :  2.40407e-06
 Reference value :  2.40486e-06
 Reference value :  2.40594e-06
 Reference value :  2.40663e-06
 Reference value :  2.40791e-06
 Reference value :  2.40839e-06
 Reference value :  2.40939e-06
 Reference value :  2.41019e-06
 Reference value :  2.41127e-06
 Reference value :  2.41207e-06
 Reference value :  2.41290e-06
 Reference value :  2.41423e-06
 Reference value :  2.41547e-06
 Reference value :  2.41623e-06
 Reference value :  2.41707e-06
 Reference value :  2.41802e-06
 Reference value :  2.41895e-06
 Reference value :  2.42001e-06
 Reference value :  2.42066e-06
 Reference value :  2.42162e-06
 Reference value :  2.42223e-06
 Reference value :  2.42347e-06
 Reference value :  2.42419e-06
 Reference value :  2.42475e-06
 Reference value :  2.42597e-06
 Reference value :  2.42659e-06
 Reference value :  2.42779e-06
 Reference value :  2.42842e-06
 Reference value :  2.42894e-06
 Reference value :  2.42997e-06
 Reference value :  2.43051e-06
 Reference value :  2.43171e-06
 Reference value :  2.43231e-06
 Reference value :  2.43319e-06
 Reference value :  2.43404e-06
 Reference value :  2.43503e-06
 Reference value :  2.43610e-06
 Reference value :  2.43682e-06
 Reference value :  2.43750e-06
 Reference value :  2.43819e-06
 Reference value :  2.43935e-06
 Reference value :  2.44015e-06
 Reference value :  2.44067e-06
 Reference value :  2.44195e-06
 Reference value :  2.44259e-06
 Reference value :  2.44387e-06
 Reference value :  2.44442e-06
 Reference value :  2.44490e-06
 Reference value :  2.44601e-06
 Reference value :  2.44675e-06
 Reference value :  2.44795e-06
 Reference value :  2.44839e-06
 Reference value :  2.44947e-06
 Reference value :  2.45019e-06
 Reference value :  2.45127e-06
 Reference value :  2.45207e-06
 Reference value :  2.45282e-06
 Reference value :  2.45378e-06
 Reference value :  2.45435e-06
 Reference value :  2.45559e-06
 Reference value :  2.45627e-06
 Reference value :  2.45703e-06
 Reference value :  2.45801e-06
 Reference value :  2.45883e-06
 Reference value :  2.46000e-06
 Reference value :  2.46054e-06
 Reference value :  2.46110e-06
 Reference value :  2.46203e-06
 Reference value :  2.46295e-06
 Reference value :  2.46401e-06
 Reference value :  2.46451e-06
 Reference value :  2.46567e-06
 Reference value :  2.46627e-06
 Reference value :  2.46747e-06
 Reference value :  2.46818e-06
 Reference value :  2.46890e-06
 Reference value :  2.46986e-06
 Reference value :  2.47043e-06
 Reference value :  2.47163e-06
 Reference value :  2.47227e-06
 Reference value :  2.47335e-06
 Reference value :  2.47451e-06
 Reference value :  2.47601e-06
 Reference value :  2.47686e-06
 Reference value :  2.47819e-06
 Reference value :  2.47967e-06
 Reference value :  2.48031e-06
 Reference value :  2.48179e-06
 Reference value :  2.48239e-06
 Reference value :  2.48359e-06
 Reference value :  2.48430e-06
 Reference value :  2.48498e-06
 Reference value :  2.48601e-06
 Reference value :  2.48679e-06
 Reference value :  2.48800e-06
 Reference value :  2.48847e-06
 Reference value :  2.49000e-06
 Reference value :  2.49083e-06
 Reference value :  2.49200e-06
 Reference value :  2.49254e-06
 Reference value :  2.49310e-06
 Reference value :  2.49403e-06
 Reference value :  2.49495e-06
 Reference value :  2.49601e-06
 Reference value :  2.49651e-06
 Reference value :  2.49767e-06
 Reference value :  2.49835e-06
 Reference value :  2.49955e-06
 Reference value :  2.50026e-06
 Reference value :  2.50094e-06
 Reference value :  2.50186e-06
 Reference value :  2.50247e-06
 Reference value :  2.50367e-06
 Reference value :  2.50431e-06
 Reference value :  2.50503e-06
 Reference value :  2.50604e-06
 Reference value :  2.50703e-06
 Reference value :  2.50802e-06
 Reference value :  2.50866e-06
 Reference value :  2.50946e-06
 Reference value :  2.51019e-06
 Reference value :  2.51139e-06
 Reference value :  2.51215e-06
 Reference value :  2.51299e-06
 Reference value :  2.51401e-06
 Reference value :  2.51487e-06
 Reference value :  2.51600e-06
 Reference value :  2.51658e-06
 Reference value :  2.51738e-06
 Reference value :  2.51815e-06
 Reference value :  2.51919e-06
 Reference value :  2.52004e-06
 Reference value :  2.52119e-06
 Reference value :  2.52207e-06
 Reference value :  2.52307e-06
 Reference value :  2.52402e-06
 Reference value :  2.52462e-06
 Reference value :  2.52518e-06
 Reference value :  2.52604e-06
 Reference value :  2.52695e-06
 Reference value :  2.52801e-06
 Reference value :  2.52851e-06
 Reference value :  2.52975e-06
 Reference value :  2.53039e-06
 Reference value :  2.53159e-06
 Reference value :  2.53230e-06
 Reference value :  2.53298e-06
 Reference value :  2.53400e-06
 Reference value :  2.53471e-06
 Reference value :  2.53591e-06
 Reference value :  2.53635e-06
 Reference value :  2.53715e-06
 Reference value :  2.53804e-06
 Reference value :  2.53903e-06
 Reference value :  2.54001e-06
 Reference value :  2.54062e-06
 Reference value :  2.54138e-06
 Reference value :  2.54215e-06
 Reference value :  2.54315e-06
 Reference value :  2.54403e-06
 Reference value :  2.54455e-06
 Reference value :  2.54579e-06
 Reference value :  2.54639e-06
 Reference value :  2.54767e-06
 Reference value :  2.54830e-06
 Reference value :  2.54898e-06
 Reference value :  2.55000e-06
 Reference value :  2.55067e-06
 Reference value :  2.55187e-06
 Reference value :  2.55239e-06
 Reference value :  2.55323e-06
 Reference value :  2.55407e-06
 Reference value :  2.55507e-06
 Reference value :  2.55602e-06
 Reference value :  2.55666e-06
 Reference value :  2.55726e-06
 Reference value :  2.55811e-06
 Reference value :  2.55911e-06
 Reference value :  2.56002e-06
 Reference value :  2.56055e-06
 Reference value :  2.56175e-06
 Reference value :  2.56239e-06
 Reference value :  2.56363e-06
 Reference value :  2.56430e-06
 Reference value :  2.56498e-06
 Reference value :  2.56570e-06
 Reference value :  2.56627e-06
 Reference value :  2.56747e-06
 Reference value :  2.56819e-06
 Reference value :  2.56879e-06
 Reference value :  2.56997e-06
 Reference value :  2.57063e-06
 Reference value :  2.57187e-06
 Reference value :  2.57242e-06
 Reference value :  2.57290e-06
 Reference value :  2.57397e-06
 Reference value :  2.57455e-06
 Reference value :  2.57575e-06
 Reference value :  2.57631e-06
 Reference value :  2.57715e-06
 Reference value :  2.57807e-06
 Reference value :  2.57907e-06
 Reference value :  2.58002e-06
 Reference value :  2.58062e-06
 Reference value :  2.58150e-06
 Reference value :  2.58219e-06
 Reference value :  2.58335e-06
 Reference value :  2.58415e-06
 Reference value :  2.58471e-06
 Reference value :  2.58591e-06
 Reference value :  2.58655e-06
 Reference value :  2.58775e-06
 Reference value :  2.58838e-06
 Reference value :  2.58894e-06
 Reference value :  2.58994e-06
 Reference value :  2.59055e-06
 Reference value :  2.59179e-06
 Reference value :  2.59235e-06
 Reference value :  2.59331e-06
 Reference value :  2.59411e-06
 Reference value :  2.59515e-06
 Reference value :  2.59604e-06
 Reference value :  2.59674e-06
 Reference value :  2.59754e-06
 Reference value :  2.59819e-06
 Reference value :  2.59935e-06
 Reference value :  2.60011e-06
 Reference value :  2.60055e-06
 Reference value :  2.60175e-06
 Reference value :  2.60239e-06
 Reference value :  2.60359e-06
 Reference value :  2.60426e-06
 Reference value :  2.60486e-06
 Reference value :  2.60600e-06
 Reference value :  2.60659e-06
 Reference value :  2.60779e-06
 Reference value :  2.60835e-06
 Reference value :  2.60935e-06
 Reference value :  2.61015e-06
 Reference value :  2.61127e-06
 Reference value :  2.61210e-06
 Reference value :  2.61282e-06
 Reference value :  2.61382e-06
 Reference value :  2.61435e-06
 Reference value :  2.61559e-06
 Reference value :  2.61627e-06
 Reference value :  2.61691e-06
 Reference value :  2.61801e-06
 Reference value :  2.61879e-06
 Reference value :  2.62000e-06
 Reference value :  2.62054e-06
 Reference value :  2.62110e-06
 Reference value :  2.62203e-06
 Reference value :  2.62299e-06
 Reference value :  2.62402e-06
 Reference value :  2.62463e-06
 Reference value :  2.62595e-06
 Reference value :  2.62671e-06
 Reference value :  2.62800e-06
 Reference value :  2.62858e-06
 Reference value :  2.62926e-06
 Reference value :  2.63007e-06
 Reference value :  2.63103e-06
 Reference value :  2.63201e-06
 Reference value :  2.63247e-06
 Reference value :  2.63363e-06
 Reference value :  2.63431e-06
 Reference value :  2.63559e-06
 Reference value :  2.63634e-06
 Reference value :  2.63694e-06
 Reference value :  2.63802e-06
 Reference value :  2.63899e-06
 Reference value :  2.64002e-06
 Reference value :  2.64063e-06
 Reference value :  2.64191e-06
 Reference value :  2.64251e-06
 Reference value :  2.64371e-06
 Reference value :  2.64434e-06
 Reference value :  2.64498e-06
 Reference value :  2.64601e-06
 Reference value :  2.64679e-06
 Reference value :  2.64800e-06
 Reference value :  2.64847e-06
 Reference value :  2.64963e-06
 Reference value :  2.65031e-06
 Reference value :  2.65163e-06
 Reference value :  2.65234e-06
 Reference value :  2.65294e-06
 Reference value :  2.65394e-06
 Reference value :  2.65455e-06
 Reference value :  2.65579e-06
 Reference value :  2.65631e-06
 Reference value :  2.65723e-06
 Reference value :  2.65815e-06
 Reference value :  2.65927e-06
 Reference value :  2.66010e-06
 Reference value :  2.66082e-06
 Reference value :  2.66174e-06
 Reference value :  2.66239e-06
 Reference value :  2.66363e-06
 Reference value :  2.66427e-06
 Reference value :  2.66487e-06
 Reference value :  2.66600e-06
 Reference value :  2.66671e-06
 Reference value :  2.66795e-06
 Reference value :  2.66846e-06
 Reference value :  2.66910e-06
 Reference value :  2.67004e-06
 Reference value :  2.67095e-06
 Reference value :  2.67201e-06
 Reference value :  2.67251e-06
 Reference value :  2.67371e-06
 Reference value :  2.67439e-06
 Reference value :  2.67567e-06
 Reference value :  2.67634e-06
 Reference value :  2.67706e-06
 Reference value :  2.67802e-06
 Reference value :  2.67887e-06
 Reference value :  2.68000e-06
 Reference value :  2.68043e-06
 Reference value :  2.68135e-06
 Reference value :  2.68215e-06
 Reference value :  2.68319e-06
 Reference value :  2.68404e-06
 Reference value :  2.68470e-06
 Reference value :  2.68534e-06
 Reference value :  2.68615e-06
 Reference value :  2.68731e-06
 Reference value :  2.68815e-06
 Reference value :  2.68891e-06
 Reference value :  2.69001e-06
 Reference value :  2.69087e-06
 Reference value :  2.69201e-06
 Reference value :  2.69282e-06
 Reference value :  2.69346e-06
 Reference value :  2.69419e-06
 Reference value :  2.69551e-06
 Reference value :  2.69623e-06
 Reference value :  2.69683e-06
 Reference value :  2.69800e-06
 Reference value :  2.69883e-06
 Reference value :  2.70000e-06
 Reference value :  2.70054e-06
 Reference value :  2.70126e-06
 Reference value :  2.70215e-06
 Reference value :  2.70319e-06
 Reference value :  2.70407e-06
 Reference value :  2.70479e-06
 Reference value :  2.70600e-06
 Reference value :  2.70671e-06
 Reference value :  2.70795e-06
 Reference value :  2.70846e-06
 Reference value :  2.70918e-06
 Reference value :  2.71004e-06
 Reference value :  2.71103e-06
 Reference value :  2.71202e-06
 Reference value :  2.71247e-06
 Reference value :  2.71371e-06
 Reference value :  2.71439e-06
 Reference value :  2.71559e-06
 Reference value :  2.71630e-06
 Reference value :  2.71686e-06
 Reference value :  2.71786e-06
 Reference value :  2.71847e-06
 Reference value :  2.71971e-06
 Reference value :  2.72035e-06
 Reference value :  2.72135e-06
 Reference value :  2.72219e-06
 Reference value :  2.72335e-06
 Reference value :  2.72414e-06
 Reference value :  2.72486e-06
 Reference value :  2.72574e-06
 Reference value :  2.72639e-06
 Reference value :  2.72767e-06
 Reference value :  2.72831e-06
 Reference value :  2.72911e-06
 Reference value :  2.73004e-06
 Reference value :  2.73111e-06
 Reference value :  2.73207e-06
 Reference value :  2.73270e-06
 Reference value :  2.73374e-06
 Reference value :  2.73443e-06
 Reference value :  2.73567e-06
 Reference value :  2.73631e-06
 Reference value :  2.73723e-06
 Reference value :  2.73811e-06
 Reference value :  2.73915e-06
 Reference value :  2.74004e-06
 Reference value :  2.74070e-06
 Reference value :  2.74174e-06
 Reference value :  2.74243e-06
 Reference value :  2.74371e-06
 Reference value :  2.74435e-06
 Reference value :  2.74523e-06
 Reference value :  2.74615e-06
 Reference value :  2.74735e-06
 Reference value :  2.74814e-06
 Reference value :  2.74882e-06
 Reference value :  2.74962e-06
 Reference value :  2.75023e-06
 Reference value :  2.75143e-06
 Reference value :  2.75219e-06
 Reference value :  2.75295e-06
 Reference value :  2.75401e-06
 Reference value :  2.75483e-06
 Reference value :  2.75600e-06
 Reference value :  2.75654e-06
 Reference value :  2.75726e-06
 Reference value :  2.75819e-06
 Reference value :  2.75947e-06
 Reference value :  2.76027e-06
 Reference value :  2.76095e-06
 Reference value :  2.76202e-06
 Reference value :  2.76307e-06
 Reference value :  2.76407e-06
 Reference value :  2.76470e-06
 Reference value :  2.76562e-06
 Reference value :  2.76623e-06
 Reference value :  2.76743e-06
 Reference value :  2.76819e-06
 Reference value :  2.76895e-06
 Reference value :  2.77001e-06
 Reference value :  2.77095e-06
 Reference value :  2.77201e-06
 Reference value :  2.77262e-06
 Reference value :  2.77358e-06
 Reference value :  2.77423e-06
 Reference value :  2.77555e-06
 Reference value :  2.77623e-06
 Reference value :  2.77687e-06
 Reference value :  2.77800e-06
 Reference value :  2.77871e-06
 Reference value :  2.78000e-06
 Reference value :  2.78058e-06
 Reference value :  2.78122e-06
 Reference value :  2.78215e-06
 Reference value :  2.78327e-06
 Reference value :  2.78415e-06
 Reference value :  2.78503e-06
 Reference value :  2.78601e-06
 Reference value :  2.78687e-06
 Reference value :  2.78800e-06
 Reference value :  2.78854e-06
 Reference value :  2.78926e-06
 Reference value :  2.79011e-06
 Reference value :  2.79111e-06
 Reference value :  2.79207e-06
 Reference value :  2.79259e-06
 Reference value :  2.79395e-06
 Reference value :  2.79463e-06
 Reference value :  2.79597e-06
 Reference value :  2.79654e-06
 Reference value :  2.79742e-06
 Reference value :  2.79819e-06
 Reference value :  2.79939e-06
 Reference value :  2.80023e-06
 Reference value :  2.80107e-06
 Reference value :  2.80202e-06
 Reference value :  2.80291e-06
 Reference value :  2.80400e-06
 Reference value :  2.80454e-06
 Reference value :  2.80538e-06
 Reference value :  2.80615e-06
 Reference value :  2.80719e-06
 Reference value :  2.80804e-06
 Reference value :  2.80855e-06
 Reference value :  2.80983e-06
 Reference value :  2.81051e-06
 Reference value :  2.81187e-06
 Reference value :  2.81254e-06
 Reference value :  2.81314e-06
 Reference value :  2.81404e-06
 Reference value :  2.81503e-06
 Reference value :  2.81601e-06
 Reference value :  2.81667e-06
 Reference value :  2.81791e-06
 Reference value :  2.81855e-06
 Reference value :  2.81979e-06
 Reference value :  2.82042e-06
 Reference value :  2.82110e-06
 Reference value :  2.82200e-06
 Reference value :  2.82263e-06
 Reference value :  2.82383e-06
 Reference value :  2.82435e-06
 Reference value :  2.82519e-06
 Reference value :  2.82611e-06
 Reference value :  2.82731e-06
 Reference value :  2.82850e-06
 Reference value :  2.82950e-06
 Reference value :  2.83075e-06
 Reference value :  2.83215e-06
 Reference value :  2.83347e-06
 Reference value :  2.83455e-06
 Reference value :  2.83579e-06
 Reference value :  2.83642e-06
 Reference value :  2.83698e-06
 Reference value :  2.83801e-06
 Reference value :  2.83879e-06
 Reference value :  2.84000e-06
 Reference value :  2.84047e-06
 Reference value :  2.84179e-06
 Reference value :  2.84267e-06
 Reference value :  2.84400e-06
 Reference value :  2.84466e-06
 Reference value :  2.84546e-06
 Reference value :  2.84623e-06
 Reference value :  2.84751e-06
 Reference value :  2.84835e-06
 Reference value :  2.84943e-06
 Reference value :  2.85019e-06
 Reference value :  2.85155e-06
 Reference value :  2.85250e-06
 Reference value :  2.85326e-06
 Reference value :  2.85411e-06
 Reference value :  2.85511e-06
 Reference value :  2.85604e-06
 Reference value :  2.85655e-06
 Reference value :  2.85775e-06
 Reference value :  2.85851e-06
 Reference value :  2.85979e-06
 Reference value :  2.86050e-06
 Reference value :  2.86138e-06
 Reference value :  2.86219e-06
 Reference value :  2.86351e-06
 Reference value :  2.86431e-06
 Reference value :  2.86531e-06
 Reference value :  2.86619e-06
 Reference value :  2.86731e-06
 Reference value :  2.86814e-06
 Reference value :  2.86886e-06
 Reference value :  2.86994e-06
 Reference value :  2.87051e-06
 Reference value :  2.87175e-06
 Reference value :  2.87235e-06
 Reference value :  2.87315e-06
 Reference value :  2.87404e-06
 Reference value :  2.87511e-06
 Reference value :  2.87603e-06
 Reference value :  2.87666e-06
 Reference value :  2.87726e-06
 Reference value :  2.87815e-06
 Reference value :  2.87931e-06
 Reference value :  2.88019e-06
 Reference value :  2.88103e-06
 Reference value :  2.88204e-06
 Reference value :  2.88323e-06
 Reference value :  2.88414e-06
 Reference value :  2.88486e-06
 Reference value :  2.88566e-06
 Reference value :  2.88627e-06
 Reference value :  2.88747e-06
 Reference value :  2.88819e-06
 Reference value :  2.88875e-06
 Reference value :  2.88997e-06
 Reference value :  2.89071e-06
 Reference value :  2.89200e-06
 Reference value :  2.89254e-06
 Reference value :  2.89334e-06
 Reference value :  2.89415e-06
 Reference value :  2.89523e-06
 Reference value :  2.89607e-06
 Reference value :  2.89671e-06
 Reference value :  2.89791e-06
 Reference value :  2.89851e-06
 Reference value :  2.89975e-06
 Reference value :  2.90038e-06
 Reference value :  2.90102e-06
 Reference value :  2.90201e-06
 Reference value :  2.90279e-06
 Reference value :  2.90400e-06
 Reference value :  2.90443e-06
 Reference value :  2.90543e-06
 Reference value :  2.90623e-06
 Reference value :  2.90747e-06
 Reference value :  2.90822e-06
 Reference value :  2.90886e-06
 Reference value :  2.90986e-06
 Reference value :  2.91055e-06
 Reference value :  2.91179e-06
 Reference value :  2.91231e-06
 Reference value :  2.91319e-06
 Reference value :  2.91404e-06
 Reference value :  2.91503e-06
 Reference value :  2.91602e-06
 Reference value :  2.91666e-06
 Reference value :  2.91742e-06
 Reference value :  2.91819e-06
 Reference value :  2.91939e-06
 Reference value :  2.92019e-06
 Reference value :  2.92071e-06
 Reference value :  2.92197e-06
 Reference value :  2.92267e-06
 Reference value :  2.92391e-06
 Reference value :  2.92450e-06
 Reference value :  2.92538e-06
 Reference value :  2.92619e-06
 Reference value :  2.92743e-06
 Reference value :  2.92823e-06
 Reference value :  2.92903e-06
 Reference value :  2.93002e-06
 Reference value :  2.93091e-06
 Reference value :  2.93201e-06
 Reference value :  2.93262e-06
 Reference value :  2.93350e-06
 Reference value :  2.93423e-06
 Reference value :  2.93547e-06
 Reference value :  2.93623e-06
 Reference value :  2.93703e-06
 Reference value :  2.93804e-06
 Reference value :  2.93931e-06
 Reference value :  2.94018e-06
 Reference value :  2.94086e-06
 Reference value :  2.94197e-06
 Reference value :  2.94271e-06
 Reference value :  2.94400e-06
 Reference value :  2.94451e-06
 Reference value :  2.94575e-06
 Reference value :  2.94639e-06
 Reference value :  2.94763e-06
 Reference value :  2.94830e-06
 Reference value :  2.94898e-06
 Reference value :  2.94986e-06
 Reference value :  2.95051e-06
 Reference value :  2.95179e-06
 Reference value :  2.95239e-06
 Reference value :  2.95335e-06
 Reference value :  2.95419e-06
 Reference value :  2.95531e-06
 Reference value :  2.95614e-06
 Reference value :  2.95674e-06
 Reference value :  2.95782e-06
 Reference value :  2.95859e-06
 Reference value :  2.96000e-06
 Reference value :  2.96051e-06
 Reference value :  2.96191e-06
 Reference value :  2.96267e-06
 Reference value :  2.96400e-06
 Reference value :  2.96466e-06
 Reference value :  2.96570e-06
 Reference value :  2.96639e-06
 Reference value :  2.96779e-06
 Reference value :  2.96835e-06
 Reference value :  2.96927e-06
 Reference value :  2.97011e-06
 Reference value :  2.97119e-06
 Reference value :  2.97207e-06
 Reference value :  2.97282e-06
 Reference value :  2.97374e-06
 Reference value :  2.97439e-06
 Reference value :  2.97563e-06
 Reference value :  2.97631e-06
 Reference value :  2.97723e-06
 Reference value :  2.97811e-06
 Reference value :  2.97923e-06
 Reference value :  2.98014e-06
 Reference value :  2.98090e-06
 Reference value :  2.98194e-06
 Reference value :  2.98259e-06
 Reference value :  2.98387e-06
 Reference value :  2.98439e-06
 Reference value :  2.98531e-06
 Reference value :  2.98619e-06
 Reference value :  2.98743e-06
 Reference value :  2.98826e-06
 Reference value :  2.98890e-06
 Reference value :  2.99002e-06
 Reference value :  2.99099e-06
 Reference value :  2.99204e-06
 Reference value :  2.99267e-06
 Reference value :  2.99387e-06
 Reference value :  2.99447e-06
 Reference value :  2.99567e-06
 Reference value :  2.99634e-06
 Reference value :  2.99702e-06
 Reference value :  2.99801e-06
 Reference value :  2.99879e-06
 Reference value :  3.00000e-06
 Reference value :  3.00043e-06
 Reference value :  3.00159e-06
 Reference value :  3.00251e-06
 Reference value :  3.00400e-06
 Reference value :  3.00466e-06
 Reference value :  3.00550e-06
 Reference value :  3.00623e-06
 Reference value :  3.00747e-06
 Reference value :  3.00823e-06
 Reference value :  3.00895e-06
 Reference value :  3.01001e-06
 Reference value :  3.01087e-06
 Reference value :  3.01201e-06
 Reference value :  3.01262e-06
 Reference value :  3.01330e-06
 Reference value :  3.01415e-06
 Reference value :  3.01523e-06
 Reference value :  3.01611e-06
 Reference value :  3.01659e-06
 Reference value :  3.01783e-06
 Reference value :  3.01859e-06
 Reference value :  3.02000e-06
 Reference value :  3.02062e-06
 Reference value :  3.02146e-06
 Reference value :  3.02227e-06
 Reference value :  3.02355e-06
 Reference value :  3.02427e-06
 Reference value :  3.02515e-06
 Reference value :  3.02607e-06
 Reference value :  3.02715e-06
 Reference value :  3.02804e-06
 Reference value :  3.02874e-06
 Reference value :  3.02962e-06
 Reference value :  3.03023e-06
 Reference value :  3.03143e-06
 Reference value :  3.03219e-06
 Reference value :  3.03291e-06
 Reference value :  3.03401e-06
 Reference value :  3.03487e-06
 Reference value :  3.03600e-06
 Reference value :  3.03654e-06
 Reference value :  3.03710e-06
 Reference value :  3.03802e-06
 Reference value :  3.03895e-06
 Reference value :  3.04001e-06
 Reference value :  3.04051e-06
 Reference value :  3.04175e-06
 Reference value :  3.04239e-06
 Reference value :  3.04363e-06
 Reference value :  3.04434e-06
 Reference value :  3.04498e-06
 Reference value :  3.04600e-06
 Reference value :  3.04667e-06
 Reference value :  3.04791e-06
 Reference value :  3.04843e-06
 Reference value :  3.04943e-06
 Reference value :  3.05019e-06
 Reference value :  3.05135e-06
 Reference value :  3.05214e-06
 Reference value :  3.05282e-06
 Reference value :  3.05400e-06
 Reference value :  3.05475e-06
 Reference value :  3.05601e-06
 Reference value :  3.05659e-06
 Reference value :  3.05797e-06
 Reference value :  3.05879e-06
 Reference value :  3.06001e-06
 Reference value :  3.06066e-06
 Reference value :  3.06170e-06
 Reference value :  3.06235e-06
 Reference value :  3.06359e-06
 Reference value :  3.06423e-06
 Reference value :  3.06487e-06
 Reference value :  3.06600e-06
 Reference value :  3.06675e-06
 Reference value :  3.06800e-06
 Reference value :  3.06854e-06
 Reference value :  3.06914e-06
 Reference value :  3.07004e-06
 Reference value :  3.07103e-06
 Reference value :  3.07202e-06
 Reference value :  3.07263e-06
 Reference value :  3.07391e-06
 Reference value :  3.07471e-06
 Reference value :  3.07600e-06
 Reference value :  3.07666e-06
 Reference value :  3.07734e-06
 Reference value :  3.07819e-06
 Reference value :  3.07955e-06
 Reference value :  3.08035e-06
 Reference value :  3.08151e-06
 Reference value :  3.08255e-06
 Reference value :  3.08401e-06
 Reference value :  3.08466e-06
 Reference value :  3.08597e-06
 Reference value :  3.08715e-06
 Reference value :  3.08815e-06
 Reference value :  3.08935e-06
 Reference value :  3.09019e-06
 Reference value :  3.09143e-06
 Reference value :  3.09222e-06
 Reference value :  3.09286e-06
 Reference value :  3.09382e-06
 Reference value :  3.09439e-06
 Reference value :  3.09563e-06
 Reference value :  3.09631e-06
 Reference value :  3.09711e-06
 Reference value :  3.09807e-06
 Reference value :  3.09919e-06
 Reference value :  3.10014e-06
 Reference value :  3.10086e-06
 Reference value :  3.10197e-06
 Reference value :  3.10275e-06
 Reference value :  3.10401e-06
 Reference value :  3.10463e-06
 Reference value :  3.10600e-06
 Reference value :  3.10683e-06
 Reference value :  3.10801e-06
 Reference value :  3.10870e-06
 Reference value :  3.10954e-06
 Reference value :  3.11019e-06
 Reference value :  3.11147e-06
 Reference value :  3.11219e-06
 Reference value :  3.11283e-06
 Reference value :  3.11400e-06
 Reference value :  3.11479e-06
 Reference value :  3.11600e-06
 Reference value :  3.11658e-06
 Reference value :  3.11746e-06
 Reference value :  3.11823e-06
 Reference value :  3.11951e-06
 Reference value :  3.12023e-06
 Reference value :  3.12103e-06
 Reference value :  3.12202e-06
 Reference value :  3.12303e-06
 Reference value :  3.12404e-06
 Reference value :  3.12478e-06
 Reference value :  3.12582e-06
 Reference value :  3.12651e-06
 Reference value :  3.12779e-06
 Reference value :  3.12839e-06
 Reference value :  3.12939e-06
 Reference value :  3.13019e-06
 Reference value :  3.13139e-06
 Reference value :  3.13218e-06
 Reference value :  3.13286e-06
 Reference value :  3.13400e-06
 Reference value :  3.13471e-06
 Reference value :  3.13597e-06
 Reference value :  3.13643e-06
 Reference value :  3.13751e-06
 Reference value :  3.13823e-06
 Reference value :  3.13951e-06
 Reference value :  3.14026e-06
 Reference value :  3.14098e-06
 Reference value :  3.14200e-06
 Reference value :  3.14279e-06
 Reference value :  3.14401e-06
 Reference value :  3.14455e-06
 Reference value :  3.14587e-06
 Reference value :  3.14659e-06
 Reference value :  3.14791e-06
 Reference value :  3.14850e-06
 Reference value :  3.14930e-06
 Reference value :  3.15019e-06
 Reference value :  3.15191e-06
 Reference value :  3.15239e-06
 Reference value :  3.15343e-06
 Reference value :  3.15419e-06
 Reference value :  3.15535e-06
 Reference value :  3.15618e-06
 Reference value :  3.15690e-06
 Reference value :  3.15800e-06
 Reference value :  3.15875e-06
 Reference value :  3.15997e-06
 Reference value :  3.16043e-06
 Reference value :  3.16155e-06
 Reference value :  3.16227e-06
 Reference value :  3.16355e-06
 Reference value :  3.16434e-06
 Reference value :  3.16498e-06
 Reference value :  3.16601e-06
 Reference value :  3.16707e-06
 Reference value :  3.16803e-06
 Reference value :  3.16863e-06
 Reference value :  3.16995e-06
 Reference value :  3.17067e-06
 Reference value :  3.17200e-06
 Reference value :  3.17270e-06
 Reference value :  3.17382e-06
 Reference value :  3.17467e-06
 Reference value :  3.17601e-06
 Reference value :  3.17655e-06
 Reference value :  3.17791e-06
 Reference value :  3.17871e-06
 Reference value :  3.18000e-06
 Reference value :  3.18058e-06
 Reference value :  3.18146e-06
 Reference value :  3.18219e-06
 Reference value :  3.18343e-06
 Reference value :  3.18419e-06
 Reference value :  3.18507e-06
 Reference value :  3.18607e-06
 Reference value :  3.18719e-06
 Reference value :  3.18810e-06
 Reference value :  3.18886e-06
 Reference value :  3.19000e-06
 Reference value :  3.19071e-06
 Reference value :  3.19197e-06
 Reference value :  3.19243e-06
 Reference value :  3.19375e-06
 Reference value :  3.19447e-06
 Reference value :  3.19579e-06
 Reference value :  3.19654e-06
 Reference value :  3.19710e-06
 Reference value :  3.19819e-06
 Reference value :  3.19967e-06
No. of Data Rows : 94280
sim/harness: analysis complete
Note: Simulation executed from .control section 
Note: Starting dynamic gmin stepping
Note: Dynamic gmin stepping completed
