
Note: Compatibility modes selected: hs a


Circuit: ** sch_path: /users/rwalters/github/sky130-pll/.loom/worktrees/issue-130/sim/divider-n64/testbench/tb_divider_n64.sch

option SCALE: Scale is set to 1e-06 for instance and model parameters
option SCALE: Scale is set to 1e-06 for instance and model parameters
option SCALE: Scale is set to 1e-06 for instance and model parameters
option SCALE: Scale is set to 1e-06 for instance and model parameters
Doing analysis at TEMP = 125.000000 and TNOM = 27.000000

Using KLU as Direct Linear Solver
 Reference value :  0.00000e+00
 Reference value :  5.82900e-10
 Reference value :  1.82290e-09
 Reference value :  2.62762e-09
 Reference value :  3.94762e-09
 Reference value :  4.66762e-09
 Reference value :  5.82000e-09
 Reference value :  6.74762e-09
 Reference value :  8.00125e-09
 Reference value :  8.70763e-09
 Reference value :  9.97381e-09
 Reference value :  1.07476e-08
 Reference value :  1.20000e-08
 Reference value :  1.25876e-08
 Reference value :  1.35876e-08
 Reference value :  1.43876e-08
 Reference value :  1.56276e-08
 Reference value :  1.63476e-08
 Reference value :  1.74676e-08
 Reference value :  1.83076e-08
 Reference value :  1.95876e-08
 Reference value :  2.03076e-08
 Reference value :  2.11876e-08
 Reference value :  2.20676e-08
 Reference value :  2.32276e-08
 Reference value :  2.40676e-08
 Reference value :  2.50276e-08
 Reference value :  2.60186e-08
 Reference value :  2.71476e-08
 Reference value :  2.82276e-08
 Reference value :  2.94276e-08
 Reference value :  3.04676e-08
 Reference value :  3.18276e-08
 Reference value :  3.25476e-08
 Reference value :  3.39076e-08
 Reference value :  3.47876e-08
 Reference value :  3.60000e-08
 Reference value :  3.65476e-08
 Reference value :  3.75476e-08
 Reference value :  3.83476e-08
 Reference value :  3.95876e-08
 Reference value :  4.03476e-08
 Reference value :  4.16276e-08
 Reference value :  4.24276e-08
 Reference value :  4.37076e-08
 Reference value :  4.43876e-08
 Reference value :  4.52676e-08
 Reference value :  4.61476e-08
 Reference value :  4.73876e-08
 Reference value :  4.81876e-08
 Reference value :  4.93476e-08
 Reference value :  5.02276e-08
 Reference value :  5.15076e-08
 Reference value :  5.23076e-08
 Reference value :  5.32276e-08
 Reference value :  5.41076e-08
 Reference value :  5.53076e-08
 Reference value :  5.61876e-08
 Reference value :  5.73476e-08
 Reference value :  5.82276e-08
 Reference value :  5.96676e-08
 Reference value :  6.04276e-08
 Reference value :  6.15876e-08
 Reference value :  6.25876e-08
 Reference value :  6.39738e-08
 Reference value :  6.47876e-08
 Reference value :  6.60125e-08
 Reference value :  6.71476e-08
 Reference value :  6.81076e-08
 Reference value :  6.89076e-08
 Reference value :  7.00038e-08
 Reference value :  7.09076e-08
 Reference value :  7.20134e-08
 Reference value :  7.28261e-08
 Reference value :  7.40038e-08
 Reference value :  7.48676e-08
 Reference value :  7.60186e-08
 Reference value :  7.67076e-08
 Reference value :  7.78676e-08
 Reference value :  7.86276e-08
 Reference value :  7.99738e-08
 Reference value :  8.05876e-08
 Reference value :  8.19076e-08
 Reference value :  8.26676e-08
 Reference value :  8.39476e-08
 Reference value :  8.45861e-08
 Reference value :  8.56261e-08
 Reference value :  8.64276e-08
 Reference value :  8.77076e-08
 Reference value :  8.84276e-08
 Reference value :  8.96676e-08
 Reference value :  9.04676e-08
 Reference value :  9.17076e-08
 Reference value :  9.23876e-08
 Reference value :  9.33476e-08
 Reference value :  9.41876e-08
 Reference value :  9.54276e-08
 Reference value :  9.62276e-08
 Reference value :  9.72676e-08
 Reference value :  9.81476e-08
 Reference value :  9.93076e-08
 Reference value :  1.00188e-07
 Reference value :  1.00988e-07
 Reference value :  1.02013e-07
 Reference value :  1.03028e-07
 Reference value :  1.04019e-07
 Reference value :  1.04908e-07
 Reference value :  1.06013e-07
 Reference value :  1.06908e-07
 Reference value :  1.08004e-07
 Reference value :  1.08588e-07
 Reference value :  1.09588e-07
 Reference value :  1.10308e-07
 Reference value :  1.11508e-07
 Reference value :  1.12306e-07
 Reference value :  1.13346e-07
 Reference value :  1.14148e-07
 Reference value :  1.15348e-07
 Reference value :  1.16148e-07
 Reference value :  1.16948e-07
 Reference value :  1.18019e-07
 Reference value :  1.19108e-07
 Reference value :  1.20026e-07
 Reference value :  1.20908e-07
 Reference value :  1.22013e-07
 Reference value :  1.23028e-07
 Reference value :  1.24015e-07
 Reference value :  1.24788e-07
 Reference value :  1.26001e-07
 Reference value :  1.26868e-07
 Reference value :  1.28008e-07
 Reference value :  1.28708e-07
 Reference value :  1.29974e-07
 Reference value :  1.30788e-07
 Reference value :  1.32000e-07
 Reference value :  1.32588e-07
 Reference value :  1.33628e-07
 Reference value :  1.34428e-07
 Reference value :  1.35748e-07
 Reference value :  1.36428e-07
 Reference value :  1.37668e-07
 Reference value :  1.38428e-07
 Reference value :  1.39668e-07
 Reference value :  1.40388e-07
 Reference value :  1.41388e-07
 Reference value :  1.42148e-07
 Reference value :  1.43348e-07
 Reference value :  1.44188e-07
 Reference value :  1.45228e-07
 Reference value :  1.46068e-07
 Reference value :  1.47228e-07
 Reference value :  1.48068e-07
 Reference value :  1.48828e-07
 Reference value :  1.50000e-07
 Reference value :  1.50788e-07
 Reference value :  1.52000e-07
 Reference value :  1.52548e-07
 Reference value :  1.53868e-07
 Reference value :  1.54588e-07
 Reference value :  1.55908e-07
 Reference value :  1.56468e-07
 Reference value :  1.57508e-07
 Reference value :  1.58348e-07
 Reference value :  1.59548e-07
 Reference value :  1.60268e-07
 Reference value :  1.61308e-07
 Reference value :  1.62188e-07
 Reference value :  1.63428e-07
 Reference value :  1.64188e-07
 Reference value :  1.64988e-07
 Reference value :  1.66013e-07
 Reference value :  1.66948e-07
 Reference value :  1.68013e-07
 Reference value :  1.68788e-07
 Reference value :  1.70000e-07
 Reference value :  1.70748e-07
 Reference value :  1.72000e-07
 Reference value :  1.72548e-07
 Reference value :  1.73548e-07
 Reference value :  1.74348e-07
 Reference value :  1.75588e-07
 Reference value :  1.76308e-07
 Reference value :  1.77428e-07
 Reference value :  1.78268e-07
 Reference value :  1.79548e-07
 Reference value :  1.80308e-07
 Reference value :  1.81228e-07
 Reference value :  1.82148e-07
 Reference value :  1.83348e-07
 Reference value :  1.84148e-07
 Reference value :  1.85148e-07
 Reference value :  1.86040e-07
 Reference value :  1.87188e-07
 Reference value :  1.88068e-07
 Reference value :  1.88828e-07
 Reference value :  1.90000e-07
 Reference value :  1.90788e-07
 Reference value :  1.92000e-07
 Reference value :  1.92628e-07
 Reference value :  1.93908e-07
 Reference value :  1.94788e-07
 Reference value :  1.96000e-07
 Reference value :  1.96588e-07
 Reference value :  1.97508e-07
 Reference value :  1.98268e-07
 Reference value :  1.99468e-07
 Reference value :  2.00228e-07
 Reference value :  2.01268e-07
 Reference value :  2.02068e-07
 Reference value :  2.03228e-07
 Reference value :  2.04108e-07
 Reference value :  2.04828e-07
 Reference value :  2.06004e-07
 Reference value :  2.06948e-07
 Reference value :  2.08013e-07
 Reference value :  2.08828e-07
 Reference value :  2.10001e-07
 Reference value :  2.10868e-07
 Reference value :  2.12008e-07
 Reference value :  2.12668e-07
 Reference value :  2.13788e-07
 Reference value :  2.14628e-07
 Reference value :  2.15908e-07
 Reference value :  2.16508e-07
 Reference value :  2.17828e-07
 Reference value :  2.18748e-07
 Reference value :  2.19974e-07
 Reference value :  2.20548e-07
 Reference value :  2.21628e-07
 Reference value :  2.22428e-07
 Reference value :  2.23708e-07
 Reference value :  2.24388e-07
 Reference value :  2.25628e-07
 Reference value :  2.26428e-07
 Reference value :  2.27748e-07
 Reference value :  2.28388e-07
 Reference value :  2.29308e-07
 Reference value :  2.30108e-07
 Reference value :  2.31308e-07
 Reference value :  2.32188e-07
 Reference value :  2.33308e-07
 Reference value :  2.34148e-07
 Reference value :  2.35428e-07
 Reference value :  2.36228e-07
 Reference value :  2.36948e-07
 Reference value :  2.38013e-07
 Reference value :  2.38948e-07
 Reference value :  2.40013e-07
 Reference value :  2.40828e-07
 Reference value :  2.42001e-07
 Reference value :  2.42868e-07
 Reference value :  2.44008e-07
 Reference value :  2.44708e-07
 Reference value :  2.45908e-07
 Reference value :  2.46788e-07
 Reference value :  2.48012e-07
 Reference value :  2.48826e-07
 Reference value :  2.50008e-07
 Reference value :  2.50948e-07
 Reference value :  2.52015e-07
 Reference value :  2.52746e-07
 Reference value :  2.53973e-07
 Reference value :  2.54788e-07
 Reference value :  2.56008e-07
 Reference value :  2.56748e-07
 Reference value :  2.58001e-07
 Reference value :  2.58828e-07
 Reference value :  2.60008e-07
 Reference value :  2.60708e-07
 Reference value :  2.61628e-07
 Reference value :  2.62508e-07
 Reference value :  2.63788e-07
 Reference value :  2.64546e-07
 Reference value :  2.65786e-07
 Reference value :  2.66548e-07
 Reference value :  2.67828e-07
 Reference value :  2.68468e-07
 Reference value :  2.69388e-07
 Reference value :  2.70188e-07
 Reference value :  2.71428e-07
 Reference value :  2.72228e-07
 Reference value :  2.73388e-07
 Reference value :  2.74228e-07
 Reference value :  2.75508e-07
 Reference value :  2.76266e-07
 Reference value :  2.77106e-07
 Reference value :  2.78026e-07
 Reference value :  2.79228e-07
 Reference value :  2.80148e-07
 Reference value :  2.81188e-07
 Reference value :  2.82108e-07
 Reference value :  2.83308e-07
 Reference value :  2.84148e-07
 Reference value :  2.84948e-07
 Reference value :  2.86013e-07
 Reference value :  2.87108e-07
 Reference value :  2.88106e-07
 Reference value :  2.89146e-07
 Reference value :  2.90068e-07
 Reference value :  2.91308e-07
 Reference value :  2.92188e-07
 Reference value :  2.93028e-07
 Reference value :  2.94040e-07
 Reference value :  2.95268e-07
 Reference value :  2.96228e-07
 Reference value :  2.97388e-07
 Reference value :  2.98228e-07
 Reference value :  2.99548e-07
 Reference value :  3.00346e-07
 Reference value :  3.01266e-07
 Reference value :  3.02148e-07
 Reference value :  3.03428e-07
 Reference value :  3.04268e-07
 Reference value :  3.05428e-07
 Reference value :  3.06228e-07
 Reference value :  3.07548e-07
 Reference value :  3.08348e-07
 Reference value :  3.09308e-07
 Reference value :  3.10148e-07
 Reference value :  3.11508e-07
 Reference value :  3.12346e-07
 Reference value :  3.13506e-07
 Reference value :  3.14308e-07
 Reference value :  3.15588e-07
 Reference value :  3.16308e-07
 Reference value :  3.17268e-07
 Reference value :  3.18148e-07
 Reference value :  3.19388e-07
 Reference value :  3.20268e-07
 Reference value :  3.21388e-07
 Reference value :  3.22188e-07
 Reference value :  3.23508e-07
 Reference value :  3.24306e-07
 Reference value :  3.25106e-07
 Reference value :  3.26026e-07
 Reference value :  3.27148e-07
 Reference value :  3.28026e-07
 Reference value :  3.29028e-07
 Reference value :  3.30019e-07
 Reference value :  3.31108e-07
 Reference value :  3.32108e-07
 Reference value :  3.33308e-07
 Reference value :  3.34628e-07
 Reference value :  3.36066e-07
 Reference value :  3.37546e-07
 Reference value :  3.38908e-07
 Reference value :  3.40268e-07
 Reference value :  3.41868e-07
 Reference value :  3.43308e-07
 Reference value :  3.44588e-07
 Reference value :  3.46019e-07
 Reference value :  3.47548e-07
 Reference value :  3.48586e-07
 Reference value :  3.50008e-07
 Reference value :  3.51388e-07
 Reference value :  3.52428e-07
 Reference value :  3.53974e-07
 Reference value :  3.55028e-07
 Reference value :  3.56015e-07
 Reference value :  3.56788e-07
 Reference value :  3.57908e-07
 Reference value :  3.58748e-07
 Reference value :  3.59974e-07
 Reference value :  3.60548e-07
 Reference value :  3.61948e-07
 Reference value :  3.62708e-07
 Reference value :  3.63948e-07
 Reference value :  3.64508e-07
 Reference value :  3.65508e-07
 Reference value :  3.66428e-07
 Reference value :  3.67708e-07
 Reference value :  3.68388e-07
 Reference value :  3.69628e-07
 Reference value :  3.70388e-07
 Reference value :  3.71668e-07
 Reference value :  3.72388e-07
 Reference value :  3.73348e-07
 Reference value :  3.74188e-07
 Reference value :  3.75428e-07
 Reference value :  3.76188e-07
 Reference value :  3.77228e-07
 Reference value :  3.78108e-07
 Reference value :  3.79348e-07
 Reference value :  3.80268e-07
 Reference value :  3.81428e-07
 Reference value :  3.82268e-07
 Reference value :  3.83588e-07
 Reference value :  3.84348e-07
 Reference value :  3.85508e-07
 Reference value :  3.86268e-07
 Reference value :  3.87508e-07
 Reference value :  3.88268e-07
 Reference value :  3.89068e-07
 Reference value :  3.90026e-07
 Reference value :  3.91148e-07
 Reference value :  3.92108e-07
 Reference value :  3.93068e-07
 Reference value :  3.94026e-07
 Reference value :  3.95188e-07
 Reference value :  3.96068e-07
 Reference value :  3.96828e-07
 Reference value :  3.98004e-07
 Reference value :  3.98908e-07
 Reference value :  4.00013e-07
 Reference value :  4.00826e-07
 Reference value :  4.02008e-07
 Reference value :  4.02908e-07
 Reference value :  4.04012e-07
 Reference value :  4.04708e-07
 Reference value :  4.05788e-07
 Reference value :  4.06628e-07
 Reference value :  4.07868e-07
 Reference value :  4.08428e-07
 Reference value :  4.09548e-07
 Reference value :  4.10228e-07
 Reference value :  4.11388e-07
 Reference value :  4.12146e-07
 Reference value :  4.12866e-07
 Reference value :  4.14004e-07
 Reference value :  4.14908e-07
 Reference value :  4.16004e-07
 Reference value :  4.16628e-07
 Reference value :  4.17868e-07
 Reference value :  4.18588e-07
 Reference value :  4.19828e-07
 Reference value :  4.20468e-07
 Reference value :  4.21308e-07
 Reference value :  4.22108e-07
 Reference value :  4.23228e-07
 Reference value :  4.24106e-07
 Reference value :  4.25066e-07
 Reference value :  4.26015e-07
 Reference value :  4.26948e-07
 Reference value :  4.28012e-07
 Reference value :  4.28628e-07
 Reference value :  4.29668e-07
 Reference value :  4.30388e-07
 Reference value :  4.31548e-07
 Reference value :  4.32268e-07
 Reference value :  4.33308e-07
 Reference value :  4.34108e-07
 Reference value :  4.35268e-07
 Reference value :  4.36146e-07
 Reference value :  4.36906e-07
 Reference value :  4.38004e-07
 Reference value :  4.38868e-07
 Reference value :  4.40001e-07
 Reference value :  4.40588e-07
 Reference value :  4.41828e-07
 Reference value :  4.42508e-07
 Reference value :  4.43708e-07
 Reference value :  4.44308e-07
 Reference value :  4.45188e-07
 Reference value :  4.46040e-07
 Reference value :  4.47108e-07
 Reference value :  4.48039e-07
 Reference value :  4.48906e-07
 Reference value :  4.50004e-07
 Reference value :  4.50788e-07
 Reference value :  4.51908e-07
 Reference value :  4.52428e-07
 Reference value :  4.53228e-07
 Reference value :  4.54068e-07
 Reference value :  4.55228e-07
 Reference value :  4.56108e-07
 Reference value :  4.57028e-07
 Reference value :  4.58013e-07
 Reference value :  4.58948e-07
 Reference value :  4.60013e-07
 Reference value :  4.60626e-07
 Reference value :  4.61666e-07
 Reference value :  4.62388e-07
 Reference value :  4.63588e-07
 Reference value :  4.64268e-07
 Reference value :  4.65268e-07
 Reference value :  4.66068e-07
 Reference value :  4.67148e-07
 Reference value :  4.68026e-07
 Reference value :  4.68748e-07
 Reference value :  4.69868e-07
 Reference value :  4.70628e-07
 Reference value :  4.71828e-07
 Reference value :  4.72466e-07
 Reference value :  4.73666e-07
 Reference value :  4.74348e-07
 Reference value :  4.75588e-07
 Reference value :  4.76308e-07
 Reference value :  4.77188e-07
 Reference value :  4.78108e-07
 Reference value :  4.79228e-07
 Reference value :  4.80068e-07
 Reference value :  4.81028e-07
 Reference value :  4.82013e-07
 Reference value :  4.82948e-07
 Reference value :  4.84008e-07
 Reference value :  4.84628e-07
 Reference value :  4.85628e-07
 Reference value :  4.86388e-07
 Reference value :  4.87628e-07
 Reference value :  4.88308e-07
 Reference value :  4.89388e-07
 Reference value :  4.90188e-07
 Reference value :  4.91348e-07
 Reference value :  4.92148e-07
 Reference value :  4.92828e-07
 Reference value :  4.94001e-07
 Reference value :  4.94788e-07
 Reference value :  4.96000e-07
 Reference value :  4.96626e-07
 Reference value :  4.97866e-07
 Reference value :  4.98628e-07
 Reference value :  4.99908e-07
 Reference value :  5.00506e-07
 Reference value :  5.01466e-07
 Reference value :  5.02268e-07
 Reference value :  5.03468e-07
 Reference value :  5.04228e-07
 Reference value :  5.05268e-07
 Reference value :  5.06188e-07
 Reference value :  5.07388e-07
 Reference value :  5.08188e-07
 Reference value :  5.08988e-07
 Reference value :  5.10013e-07
 Reference value :  5.10908e-07
 Reference value :  5.12004e-07
 Reference value :  5.12628e-07
 Reference value :  5.13828e-07
 Reference value :  5.14548e-07
 Reference value :  5.15708e-07
 Reference value :  5.16348e-07
 Reference value :  5.17068e-07
 Reference value :  5.18015e-07
 Reference value :  5.18988e-07
 Reference value :  5.20008e-07
 Reference value :  5.20708e-07
 Reference value :  5.21948e-07
 Reference value :  5.23068e-07
 Reference value :  5.24348e-07
 Reference value :  5.25508e-07
 Reference value :  5.26628e-07
 Reference value :  5.28066e-07
 Reference value :  5.29506e-07
 Reference value :  5.30668e-07
 Reference value :  5.32019e-07
 Reference value :  5.33068e-07
 Reference value :  5.34308e-07
 Reference value :  5.35948e-07
 Reference value :  5.36668e-07
 Reference value :  5.37868e-07
 Reference value :  5.38588e-07
 Reference value :  5.39748e-07
 Reference value :  5.40348e-07
 Reference value :  5.41228e-07
 Reference value :  5.42068e-07
 Reference value :  5.43188e-07
 Reference value :  5.44040e-07
 Reference value :  5.44948e-07
 Reference value :  5.46012e-07
 Reference value :  5.46868e-07
 Reference value :  5.48004e-07
 Reference value :  5.48588e-07
 Reference value :  5.49548e-07
 Reference value :  5.50268e-07
 Reference value :  5.51428e-07
 Reference value :  5.52226e-07
 Reference value :  5.53186e-07
 Reference value :  5.54040e-07
 Reference value :  5.55068e-07
 Reference value :  5.56013e-07
 Reference value :  5.56708e-07
 Reference value :  5.58013e-07
 Reference value :  5.59308e-07
 Reference value :  5.60348e-07
 Reference value :  5.61668e-07
 Reference value :  5.62748e-07
 Reference value :  5.64019e-07
 Reference value :  5.64948e-07
 Reference value :  5.66008e-07
 Reference value :  5.66908e-07
 Reference value :  5.68008e-07
 Reference value :  5.68628e-07
 Reference value :  5.69828e-07
 Reference value :  5.70508e-07
 Reference value :  5.71748e-07
 Reference value :  5.72388e-07
 Reference value :  5.73308e-07
 Reference value :  5.74148e-07
 Reference value :  5.75348e-07
 Reference value :  5.76186e-07
 Reference value :  5.77186e-07
 Reference value :  5.78040e-07
 Reference value :  5.79068e-07
 Reference value :  5.80015e-07
 Reference value :  5.80788e-07
 Reference value :  5.81948e-07
 Reference value :  5.82708e-07
 Reference value :  5.83908e-07
 Reference value :  5.84468e-07
 Reference value :  5.85628e-07
 Reference value :  5.86388e-07
 Reference value :  5.87588e-07
 Reference value :  5.88268e-07
 Reference value :  5.89028e-07
 Reference value :  5.90013e-07
 Reference value :  5.90988e-07
 Reference value :  5.92013e-07
 Reference value :  5.92908e-07
 Reference value :  5.94004e-07
 Reference value :  5.94828e-07
 Reference value :  5.96000e-07
 Reference value :  5.96548e-07
 Reference value :  5.97508e-07
 Reference value :  5.98268e-07
 Reference value :  5.99508e-07
 Reference value :  6.00266e-07
 Reference value :  6.01306e-07
 Reference value :  6.02108e-07
 Reference value :  6.03228e-07
 Reference value :  6.04108e-07
 Reference value :  6.04828e-07
 Reference value :  6.06000e-07
 Reference value :  6.06708e-07
 Reference value :  6.07868e-07
 Reference value :  6.08468e-07
 Reference value :  6.09628e-07
 Reference value :  6.10308e-07
 Reference value :  6.11508e-07
 Reference value :  6.12268e-07
 Reference value :  6.13068e-07
 Reference value :  6.14019e-07
 Reference value :  6.15108e-07
 Reference value :  6.16019e-07
 Reference value :  6.16788e-07
 Reference value :  6.17974e-07
 Reference value :  6.18668e-07
 Reference value :  6.19828e-07
 Reference value :  6.20388e-07
 Reference value :  6.21188e-07
 Reference value :  6.22068e-07
 Reference value :  6.23188e-07
 Reference value :  6.24066e-07
 Reference value :  6.25106e-07
 Reference value :  6.26026e-07
 Reference value :  6.27028e-07
 Reference value :  6.28013e-07
 Reference value :  6.28708e-07
 Reference value :  6.29828e-07
 Reference value :  6.30588e-07
 Reference value :  6.31748e-07
 Reference value :  6.32388e-07
 Reference value :  6.33468e-07
 Reference value :  6.34228e-07
 Reference value :  6.35388e-07
 Reference value :  6.36268e-07
 Reference value :  6.37148e-07
 Reference value :  6.38026e-07
 Reference value :  6.39108e-07
 Reference value :  6.40019e-07
 Reference value :  6.40828e-07
 Reference value :  6.42000e-07
 Reference value :  6.42708e-07
 Reference value :  6.43908e-07
 Reference value :  6.44468e-07
 Reference value :  6.45428e-07
 Reference value :  6.46188e-07
 Reference value :  6.47348e-07
 Reference value :  6.48186e-07
 Reference value :  6.49146e-07
 Reference value :  6.50040e-07
 Reference value :  6.51108e-07
 Reference value :  6.52015e-07
 Reference value :  6.52668e-07
 Reference value :  6.53708e-07
 Reference value :  6.54468e-07
 Reference value :  6.55708e-07
 Reference value :  6.56388e-07
 Reference value :  6.57548e-07
 Reference value :  6.58268e-07
 Reference value :  6.59468e-07
 Reference value :  6.60228e-07
 Reference value :  6.61028e-07
 Reference value :  6.62040e-07
 Reference value :  6.63148e-07
 Reference value :  6.64026e-07
 Reference value :  6.64868e-07
 Reference value :  6.66001e-07
 Reference value :  6.66828e-07
 Reference value :  6.68001e-07
 Reference value :  6.68548e-07
 Reference value :  6.69548e-07
 Reference value :  6.70308e-07
 Reference value :  6.71548e-07
 Reference value :  6.72306e-07
 Reference value :  6.73386e-07
 Reference value :  6.74148e-07
 Reference value :  6.75268e-07
 Reference value :  6.76068e-07
 Reference value :  6.76828e-07
 Reference value :  6.77974e-07
 Reference value :  6.78668e-07
 Reference value :  6.79868e-07
 Reference value :  6.80428e-07
 Reference value :  6.81588e-07
 Reference value :  6.82308e-07
 Reference value :  6.83548e-07
 Reference value :  6.84268e-07
 Reference value :  6.84988e-07
 Reference value :  6.86013e-07
 Reference value :  6.86908e-07
 Reference value :  6.88008e-07
 Reference value :  6.88668e-07
 Reference value :  6.89868e-07
 Reference value :  6.90548e-07
 Reference value :  6.91748e-07
 Reference value :  6.92388e-07
 Reference value :  6.93268e-07
 Reference value :  6.94068e-07
 Reference value :  6.95148e-07
 Reference value :  6.96025e-07
 Reference value :  6.96826e-07
 Reference value :  6.98000e-07
 Reference value :  6.98708e-07
 Reference value :  6.99908e-07
 Reference value :  7.00508e-07
 Reference value :  7.01508e-07
 Reference value :  7.02308e-07
 Reference value :  7.03548e-07
 Reference value :  7.04268e-07
 Reference value :  7.05308e-07
 Reference value :  7.06108e-07
 Reference value :  7.07228e-07
 Reference value :  7.08068e-07
 Reference value :  7.08828e-07
 Reference value :  7.09908e-07
 Reference value :  7.10668e-07
 Reference value :  7.11868e-07
 Reference value :  7.12428e-07
 Reference value :  7.13588e-07
 Reference value :  7.14308e-07
 Reference value :  7.15588e-07
 Reference value :  7.16308e-07
 Reference value :  7.17108e-07
 Reference value :  7.18015e-07
 Reference value :  7.19068e-07
 Reference value :  7.20015e-07
 Reference value :  7.20748e-07
 Reference value :  7.22000e-07
 Reference value :  7.22948e-07
 Reference value :  7.24013e-07
 Reference value :  7.24708e-07
 Reference value :  7.25788e-07
 Reference value :  7.26468e-07
 Reference value :  7.27668e-07
 Reference value :  7.28348e-07
 Reference value :  7.29428e-07
 Reference value :  7.30188e-07
 Reference value :  7.31348e-07
 Reference value :  7.32148e-07
 Reference value :  7.32868e-07
 Reference value :  7.34004e-07
 Reference value :  7.34828e-07
 Reference value :  7.35974e-07
 Reference value :  7.36508e-07
 Reference value :  7.37708e-07
 Reference value :  7.38388e-07
 Reference value :  7.39588e-07
 Reference value :  7.40308e-07
 Reference value :  7.41068e-07
 Reference value :  7.42015e-07
 Reference value :  7.42988e-07
 Reference value :  7.44013e-07
 Reference value :  7.44668e-07
 Reference value :  7.45868e-07
 Reference value :  7.46628e-07
 Reference value :  7.47828e-07
 Reference value :  7.48428e-07
 Reference value :  7.49308e-07
 Reference value :  7.50108e-07
 Reference value :  7.51228e-07
 Reference value :  7.52040e-07
 Reference value :  7.52908e-07
 Reference value :  7.54001e-07
 Reference value :  7.54748e-07
 Reference value :  7.55908e-07
 Reference value :  7.56428e-07
 Reference value :  7.57308e-07
 Reference value :  7.58108e-07
 Reference value :  7.59228e-07
 Reference value :  7.60068e-07
 Reference value :  7.60988e-07
 Reference value :  7.62015e-07
 Reference value :  7.63428e-07
 Reference value :  7.64508e-07
 Reference value :  7.65974e-07
 Reference value :  7.66708e-07
 Reference value :  7.67868e-07
 Reference value :  7.68428e-07
 Reference value :  7.69668e-07
 Reference value :  7.70348e-07
 Reference value :  7.71588e-07
 Reference value :  7.72308e-07
 Reference value :  7.73028e-07
 Reference value :  7.74013e-07
 Reference value :  7.74948e-07
 Reference value :  7.76008e-07
 Reference value :  7.76748e-07
 Reference value :  7.77974e-07
 Reference value :  7.78868e-07
 Reference value :  7.80068e-07
 Reference value :  7.80908e-07
 Reference value :  7.82000e-07
 Reference value :  7.82748e-07
 Reference value :  7.83948e-07
 Reference value :  7.84468e-07
 Reference value :  7.85588e-07
 Reference value :  7.86268e-07
 Reference value :  7.87428e-07
 Reference value :  7.88148e-07
 Reference value :  7.88828e-07
 Reference value :  7.89974e-07
 Reference value :  7.90708e-07
 Reference value :  7.91948e-07
 Reference value :  7.92468e-07
 Reference value :  7.93588e-07
 Reference value :  7.94268e-07
 Reference value :  7.95468e-07
 Reference value :  7.96226e-07
 Reference value :  7.96986e-07
 Reference value :  7.98008e-07
 Reference value :  7.98908e-07
 Reference value :  8.00008e-07
 Reference value :  8.00668e-07
 Reference value :  8.02004e-07
 Reference value :  8.02828e-07
 Reference value :  8.04004e-07
 Reference value :  8.04748e-07
 Reference value :  8.06008e-07
 Reference value :  8.06908e-07
 Reference value :  8.08001e-07
 Reference value :  8.08548e-07
 Reference value :  8.09748e-07
 Reference value :  8.10468e-07
 Reference value :  8.11668e-07
 Reference value :  8.12308e-07
 Reference value :  8.13028e-07
 Reference value :  8.14013e-07
 Reference value :  8.14948e-07
 Reference value :  8.16013e-07
 Reference value :  8.16708e-07
 Reference value :  8.17974e-07
 Reference value :  8.18668e-07
 Reference value :  8.19868e-07
 Reference value :  8.20466e-07
 Reference value :  8.21386e-07
 Reference value :  8.22188e-07
 Reference value :  8.23348e-07
 Reference value :  8.24108e-07
 Reference value :  8.24988e-07
 Reference value :  8.26013e-07
 Reference value :  8.26868e-07
 Reference value :  8.28004e-07
 Reference value :  8.28588e-07
 Reference value :  8.29668e-07
 Reference value :  8.30428e-07
 Reference value :  8.31668e-07
 Reference value :  8.32348e-07
 Reference value :  8.33588e-07
 Reference value :  8.34388e-07
 Reference value :  8.35628e-07
 Reference value :  8.36308e-07
 Reference value :  8.37108e-07
 Reference value :  8.38026e-07
 Reference value :  8.39148e-07
 Reference value :  8.40026e-07
 Reference value :  8.40828e-07
 Reference value :  8.42000e-07
 Reference value :  8.42708e-07
 Reference value :  8.43908e-07
 Reference value :  8.44506e-07
 Reference value :  8.45386e-07
 Reference value :  8.46148e-07
 Reference value :  8.47308e-07
 Reference value :  8.48188e-07
 Reference value :  8.49188e-07
 Reference value :  8.50068e-07
 Reference value :  8.51148e-07
 Reference value :  8.52026e-07
 Reference value :  8.52748e-07
 Reference value :  8.53868e-07
 Reference value :  8.54588e-07
 Reference value :  8.55788e-07
 Reference value :  8.56388e-07
 Reference value :  8.57668e-07
 Reference value :  8.58708e-07
 Reference value :  8.60001e-07
 Reference value :  8.60588e-07
 Reference value :  8.61628e-07
 Reference value :  8.62388e-07
 Reference value :  8.63588e-07
 Reference value :  8.64308e-07
 Reference value :  8.65388e-07
 Reference value :  8.66148e-07
 Reference value :  8.67468e-07
 Reference value :  8.68386e-07
 Reference value :  8.69186e-07
 Reference value :  8.70040e-07
 Reference value :  8.71148e-07
 Reference value :  8.72040e-07
 Reference value :  8.72948e-07
 Reference value :  8.74008e-07
 Reference value :  8.74868e-07
 Reference value :  8.76001e-07
 Reference value :  8.76548e-07
 Reference value :  8.77508e-07
 Reference value :  8.78268e-07
 Reference value :  8.79428e-07
 Reference value :  8.80188e-07
 Reference value :  8.81188e-07
 Reference value :  8.82148e-07
 Reference value :  8.83388e-07
 Reference value :  8.84188e-07
 Reference value :  8.84988e-07
 Reference value :  8.86008e-07
 Reference value :  8.86828e-07
 Reference value :  8.87974e-07
 Reference value :  8.88548e-07
 Reference value :  8.89748e-07
 Reference value :  8.90468e-07
 Reference value :  8.91668e-07
 Reference value :  8.92386e-07
 Reference value :  8.93346e-07
 Reference value :  8.94148e-07
 Reference value :  8.95308e-07
 Reference value :  8.96108e-07
 Reference value :  8.97068e-07
 Reference value :  8.98019e-07
 Reference value :  8.98988e-07
 Reference value :  9.00013e-07
 Reference value :  9.00668e-07
 Reference value :  9.01548e-07
 Reference value :  9.02268e-07
 Reference value :  9.03468e-07
 Reference value :  9.04228e-07
 Reference value :  9.05228e-07
 Reference value :  9.06040e-07
 Reference value :  9.07108e-07
 Reference value :  9.08019e-07
 Reference value :  9.08668e-07
 Reference value :  9.09708e-07
 Reference value :  9.10468e-07
 Reference value :  9.11708e-07
 Reference value :  9.12348e-07
 Reference value :  9.13428e-07
 Reference value :  9.14148e-07
 Reference value :  9.15268e-07
 Reference value :  9.16106e-07
 Reference value :  9.16826e-07
 Reference value :  9.17973e-07
 Reference value :  9.18708e-07
 Reference value :  9.19948e-07
 Reference value :  9.20468e-07
 Reference value :  9.21628e-07
 Reference value :  9.22348e-07
 Reference value :  9.23588e-07
 Reference value :  9.24428e-07
 Reference value :  9.25388e-07
 Reference value :  9.26188e-07
 Reference value :  9.27388e-07
 Reference value :  9.28188e-07
 Reference value :  9.29188e-07
 Reference value :  9.30040e-07
 Reference value :  9.31108e-07
 Reference value :  9.32019e-07
 Reference value :  9.32708e-07
 Reference value :  9.33748e-07
 Reference value :  9.34428e-07
 Reference value :  9.35588e-07
 Reference value :  9.36268e-07
 Reference value :  9.37268e-07
 Reference value :  9.38068e-07
 Reference value :  9.39148e-07
 Reference value :  9.40039e-07
 Reference value :  9.40706e-07
 Reference value :  9.41786e-07
 Reference value :  9.42508e-07
 Reference value :  9.43668e-07
 Reference value :  9.44308e-07
 Reference value :  9.45348e-07
 Reference value :  9.46148e-07
 Reference value :  9.47308e-07
 Reference value :  9.48108e-07
 Reference value :  9.48868e-07
 Reference value :  9.50000e-07
 Reference value :  9.50708e-07
 Reference value :  9.51908e-07
 Reference value :  9.52468e-07
 Reference value :  9.53668e-07
 Reference value :  9.54348e-07
 Reference value :  9.55548e-07
 Reference value :  9.56268e-07
 Reference value :  9.57028e-07
 Reference value :  9.58013e-07
 Reference value :  9.58908e-07
 Reference value :  9.60004e-07
 Reference value :  9.60588e-07
 Reference value :  9.61748e-07
 Reference value :  9.62468e-07
 Reference value :  9.63628e-07
 Reference value :  9.64308e-07
 Reference value :  9.65228e-07
 Reference value :  9.66040e-07
 Reference value :  9.67068e-07
 Reference value :  9.68015e-07
 Reference value :  9.68748e-07
 Reference value :  9.69974e-07
 Reference value :  9.70708e-07
 Reference value :  9.71908e-07
 Reference value :  9.72468e-07
 Reference value :  9.73308e-07
 Reference value :  9.74108e-07
 Reference value :  9.75348e-07
 Reference value :  9.76268e-07
 Reference value :  9.77308e-07
 Reference value :  9.78148e-07
 Reference value :  9.79308e-07
 Reference value :  9.80108e-07
 Reference value :  9.80828e-07
 Reference value :  9.82000e-07
 Reference value :  9.82788e-07
 Reference value :  9.83974e-07
 Reference value :  9.84508e-07
 Reference value :  9.85748e-07
 Reference value :  9.86428e-07
 Reference value :  9.87708e-07
 Reference value :  9.88388e-07
 Reference value :  9.89268e-07
 Reference value :  9.90108e-07
 Reference value :  9.91228e-07
 Reference value :  9.92068e-07
 Reference value :  9.92988e-07
 Reference value :  9.94013e-07
 Reference value :  9.94988e-07
 Reference value :  9.96013e-07
 Reference value :  9.96668e-07
 Reference value :  9.97668e-07
 Reference value :  9.98428e-07
 Reference value :  9.99708e-07
 Reference value :  1.00039e-06
 Reference value :  1.00155e-06
 Reference value :  1.00231e-06
 Reference value :  1.00371e-06
 Reference value :  1.00439e-06
 Reference value :  1.00523e-06
 Reference value :  1.00615e-06
 Reference value :  1.00755e-06
 Reference value :  1.00835e-06
 Reference value :  1.00943e-06
 Reference value :  1.01019e-06
 Reference value :  1.01139e-06
 Reference value :  1.01219e-06
 Reference value :  1.01299e-06
 Reference value :  1.01401e-06
 Reference value :  1.01495e-06
 Reference value :  1.01601e-06
 Reference value :  1.01675e-06
 Reference value :  1.01797e-06
 Reference value :  1.01871e-06
 Reference value :  1.01995e-06
 Reference value :  1.02051e-06
 Reference value :  1.02147e-06
 Reference value :  1.02231e-06
 Reference value :  1.02371e-06
 Reference value :  1.02443e-06
 Reference value :  1.02559e-06
 Reference value :  1.02627e-06
 Reference value :  1.02751e-06
 Reference value :  1.02827e-06
 Reference value :  1.02899e-06
 Reference value :  1.03001e-06
 Reference value :  1.03095e-06
 Reference value :  1.03201e-06
 Reference value :  1.03279e-06
 Reference value :  1.03400e-06
 Reference value :  1.03479e-06
 Reference value :  1.03597e-06
 Reference value :  1.03651e-06
 Reference value :  1.03739e-06
 Reference value :  1.03819e-06
 Reference value :  1.03939e-06
 Reference value :  1.04019e-06
 Reference value :  1.04115e-06
 Reference value :  1.04203e-06
 Reference value :  1.04307e-06
 Reference value :  1.04402e-06
 Reference value :  1.04467e-06
 Reference value :  1.04567e-06
 Reference value :  1.04643e-06
 Reference value :  1.04767e-06
 Reference value :  1.04835e-06
 Reference value :  1.04943e-06
 Reference value :  1.05023e-06
 Reference value :  1.05147e-06
 Reference value :  1.05223e-06
 Reference value :  1.05303e-06
 Reference value :  1.05401e-06
 Reference value :  1.05499e-06
 Reference value :  1.05601e-06
 Reference value :  1.05675e-06
 Reference value :  1.05800e-06
 Reference value :  1.05879e-06
 Reference value :  1.06000e-06
 Reference value :  1.06059e-06
 Reference value :  1.06159e-06
 Reference value :  1.06239e-06
 Reference value :  1.06359e-06
 Reference value :  1.06427e-06
 Reference value :  1.06527e-06
 Reference value :  1.06607e-06
 Reference value :  1.06719e-06
 Reference value :  1.06804e-06
 Reference value :  1.06875e-06
 Reference value :  1.06991e-06
 Reference value :  1.07063e-06
 Reference value :  1.07183e-06
 Reference value :  1.07243e-06
 Reference value :  1.07359e-06
 Reference value :  1.07435e-06
 Reference value :  1.07555e-06
 Reference value :  1.07627e-06
 Reference value :  1.07707e-06
 Reference value :  1.07802e-06
 Reference value :  1.07903e-06
 Reference value :  1.08001e-06
 Reference value :  1.08075e-06
 Reference value :  1.08195e-06
 Reference value :  1.08263e-06
 Reference value :  1.08387e-06
 Reference value :  1.08443e-06
 Reference value :  1.08539e-06
 Reference value :  1.08619e-06
 Reference value :  1.08739e-06
 Reference value :  1.08815e-06
 Reference value :  1.08907e-06
 Reference value :  1.09002e-06
 Reference value :  1.09099e-06
 Reference value :  1.09201e-06
 Reference value :  1.09263e-06
 Reference value :  1.09355e-06
 Reference value :  1.09427e-06
 Reference value :  1.09543e-06
 Reference value :  1.09619e-06
 Reference value :  1.09715e-06
 Reference value :  1.09804e-06
 Reference value :  1.09911e-06
 Reference value :  1.10003e-06
 Reference value :  1.10071e-06
 Reference value :  1.10175e-06
 Reference value :  1.10251e-06
 Reference value :  1.10379e-06
 Reference value :  1.10439e-06
 Reference value :  1.10551e-06
 Reference value :  1.10623e-06
 Reference value :  1.10743e-06
 Reference value :  1.10819e-06
 Reference value :  1.10895e-06
 Reference value :  1.11001e-06
 Reference value :  1.11087e-06
 Reference value :  1.11200e-06
 Reference value :  1.11259e-06
 Reference value :  1.11383e-06
 Reference value :  1.11455e-06
 Reference value :  1.11575e-06
 Reference value :  1.11639e-06
 Reference value :  1.11731e-06
 Reference value :  1.11811e-06
 Reference value :  1.11923e-06
 Reference value :  1.12004e-06
 Reference value :  1.12091e-06
 Reference value :  1.12200e-06
 Reference value :  1.12279e-06
 Reference value :  1.12400e-06
 Reference value :  1.12455e-06
 Reference value :  1.12551e-06
 Reference value :  1.12627e-06
 Reference value :  1.12743e-06
 Reference value :  1.12819e-06
 Reference value :  1.12919e-06
 Reference value :  1.13011e-06
 Reference value :  1.13123e-06
 Reference value :  1.13204e-06
 Reference value :  1.13275e-06
 Reference value :  1.13391e-06
 Reference value :  1.13467e-06
 Reference value :  1.13587e-06
 Reference value :  1.13643e-06
 Reference value :  1.13767e-06
 Reference value :  1.13839e-06
 Reference value :  1.13963e-06
 Reference value :  1.14031e-06
 Reference value :  1.14119e-06
 Reference value :  1.14204e-06
 Reference value :  1.14319e-06
 Reference value :  1.14404e-06
 Reference value :  1.14491e-06
 Reference value :  1.14602e-06
 Reference value :  1.14699e-06
 Reference value :  1.14801e-06
 Reference value :  1.14871e-06
 Reference value :  1.15007e-06
 Reference value :  1.15171e-06
 Reference value :  1.15267e-06
 Reference value :  1.15407e-06
 Reference value :  1.15547e-06
 Reference value :  1.15623e-06
 Reference value :  1.15695e-06
 Reference value :  1.15800e-06
 Reference value :  1.15887e-06
 Reference value :  1.16000e-06
 Reference value :  1.16055e-06
 Reference value :  1.16200e-06
 Reference value :  1.16291e-06
 Reference value :  1.16400e-06
 Reference value :  1.16455e-06
 Reference value :  1.16551e-06
 Reference value :  1.16627e-06
 Reference value :  1.16747e-06
 Reference value :  1.16823e-06
 Reference value :  1.16923e-06
 Reference value :  1.17007e-06
 Reference value :  1.17115e-06
 Reference value :  1.17203e-06
 Reference value :  1.17271e-06
 Reference value :  1.17383e-06
 Reference value :  1.17455e-06
 Reference value :  1.17575e-06
 Reference value :  1.17639e-06
 Reference value :  1.17751e-06
 Reference value :  1.17827e-06
 Reference value :  1.17947e-06
 Reference value :  1.18019e-06
 Reference value :  1.18099e-06
 Reference value :  1.18201e-06
 Reference value :  1.18295e-06
 Reference value :  1.18401e-06
 Reference value :  1.18463e-06
 Reference value :  1.18587e-06
 Reference value :  1.18659e-06
 Reference value :  1.18775e-06
 Reference value :  1.18839e-06
 Reference value :  1.18927e-06
 Reference value :  1.19007e-06
 Reference value :  1.19127e-06
 Reference value :  1.19207e-06
 Reference value :  1.19299e-06
 Reference value :  1.19401e-06
 Reference value :  1.19491e-06
 Reference value :  1.19600e-06
 Reference value :  1.19659e-06
 Reference value :  1.19759e-06
 Reference value :  1.19831e-06
 Reference value :  1.19947e-06
 Reference value :  1.20023e-06
 Reference value :  1.20119e-06
 Reference value :  1.20204e-06
 Reference value :  1.20319e-06
 Reference value :  1.20404e-06
 Reference value :  1.20475e-06
 Reference value :  1.20587e-06
 Reference value :  1.20655e-06
 Reference value :  1.20775e-06
 Reference value :  1.20839e-06
 Reference value :  1.20947e-06
 Reference value :  1.21019e-06
 Reference value :  1.21135e-06
 Reference value :  1.21215e-06
 Reference value :  1.21287e-06
 Reference value :  1.21400e-06
 Reference value :  1.21479e-06
 Reference value :  1.21597e-06
 Reference value :  1.21651e-06
 Reference value :  1.21771e-06
 Reference value :  1.21839e-06
 Reference value :  1.21963e-06
 Reference value :  1.22027e-06
 Reference value :  1.22103e-06
 Reference value :  1.22201e-06
 Reference value :  1.22311e-06
 Reference value :  1.22402e-06
 Reference value :  1.22483e-06
 Reference value :  1.22600e-06
 Reference value :  1.22675e-06
 Reference value :  1.22795e-06
 Reference value :  1.22851e-06
 Reference value :  1.22939e-06
 Reference value :  1.23011e-06
 Reference value :  1.23119e-06
 Reference value :  1.23204e-06
 Reference value :  1.23287e-06
 Reference value :  1.23400e-06
 Reference value :  1.23475e-06
 Reference value :  1.23595e-06
 Reference value :  1.23651e-06
 Reference value :  1.23747e-06
 Reference value :  1.23823e-06
 Reference value :  1.23943e-06
 Reference value :  1.24019e-06
 Reference value :  1.24119e-06
 Reference value :  1.24204e-06
 Reference value :  1.24311e-06
 Reference value :  1.24402e-06
 Reference value :  1.24463e-06
 Reference value :  1.24567e-06
 Reference value :  1.24643e-06
 Reference value :  1.24767e-06
 Reference value :  1.24843e-06
 Reference value :  1.24955e-06
 Reference value :  1.25023e-06
 Reference value :  1.25143e-06
 Reference value :  1.25219e-06
 Reference value :  1.25295e-06
 Reference value :  1.25400e-06
 Reference value :  1.25475e-06
 Reference value :  1.25595e-06
 Reference value :  1.25647e-06
 Reference value :  1.25771e-06
 Reference value :  1.25847e-06
 Reference value :  1.25971e-06
 Reference value :  1.26035e-06
 Reference value :  1.26115e-06
 Reference value :  1.26204e-06
 Reference value :  1.26315e-06
 Reference value :  1.26404e-06
 Reference value :  1.26491e-06
 Reference value :  1.26600e-06
 Reference value :  1.26683e-06
 Reference value :  1.26800e-06
 Reference value :  1.26855e-06
 Reference value :  1.26955e-06
 Reference value :  1.27031e-06
 Reference value :  1.27155e-06
 Reference value :  1.27227e-06
 Reference value :  1.27327e-06
 Reference value :  1.27411e-06
 Reference value :  1.27519e-06
 Reference value :  1.27603e-06
 Reference value :  1.27671e-06
 Reference value :  1.27787e-06
 Reference value :  1.27859e-06
 Reference value :  1.27979e-06
 Reference value :  1.28039e-06
 Reference value :  1.28155e-06
 Reference value :  1.28231e-06
 Reference value :  1.28351e-06
 Reference value :  1.28423e-06
 Reference value :  1.28495e-06
 Reference value :  1.28600e-06
 Reference value :  1.28679e-06
 Reference value :  1.28800e-06
 Reference value :  1.28851e-06
 Reference value :  1.28975e-06
 Reference value :  1.29051e-06
 Reference value :  1.29179e-06
 Reference value :  1.29239e-06
 Reference value :  1.29319e-06
 Reference value :  1.29407e-06
 Reference value :  1.29519e-06
 Reference value :  1.29607e-06
 Reference value :  1.29699e-06
 Reference value :  1.29801e-06
 Reference value :  1.29891e-06
 Reference value :  1.30000e-06
 Reference value :  1.30055e-06
 Reference value :  1.30151e-06
 Reference value :  1.30227e-06
 Reference value :  1.30347e-06
 Reference value :  1.30423e-06
 Reference value :  1.30523e-06
 Reference value :  1.30607e-06
 Reference value :  1.30715e-06
 Reference value :  1.30807e-06
 Reference value :  1.30879e-06
 Reference value :  1.31000e-06
 Reference value :  1.31079e-06
 Reference value :  1.31197e-06
 Reference value :  1.31247e-06
 Reference value :  1.31363e-06
 Reference value :  1.31435e-06
 Reference value :  1.31551e-06
 Reference value :  1.31623e-06
 Reference value :  1.31695e-06
 Reference value :  1.31800e-06
 Reference value :  1.31879e-06
 Reference value :  1.31997e-06
 Reference value :  1.32051e-06
 Reference value :  1.32171e-06
 Reference value :  1.32239e-06
 Reference value :  1.32359e-06
 Reference value :  1.32427e-06
 Reference value :  1.32495e-06
 Reference value :  1.32600e-06
 Reference value :  1.32683e-06
 Reference value :  1.32800e-06
 Reference value :  1.32851e-06
 Reference value :  1.32967e-06
 Reference value :  1.33039e-06
 Reference value :  1.33155e-06
 Reference value :  1.33227e-06
 Reference value :  1.33299e-06
 Reference value :  1.33401e-06
 Reference value :  1.33483e-06
 Reference value :  1.33600e-06
 Reference value :  1.33651e-06
 Reference value :  1.33763e-06
 Reference value :  1.33827e-06
 Reference value :  1.33943e-06
 Reference value :  1.34015e-06
 Reference value :  1.34083e-06
 Reference value :  1.34197e-06
 Reference value :  1.34267e-06
 Reference value :  1.34383e-06
 Reference value :  1.34439e-06
 Reference value :  1.34547e-06
 Reference value :  1.34619e-06
 Reference value :  1.34731e-06
 Reference value :  1.34807e-06
 Reference value :  1.34879e-06
 Reference value :  1.34979e-06
 Reference value :  1.35047e-06
 Reference value :  1.35163e-06
 Reference value :  1.35227e-06
 Reference value :  1.35323e-06
 Reference value :  1.35404e-06
 Reference value :  1.35511e-06
 Reference value :  1.35601e-06
 Reference value :  1.35663e-06
 Reference value :  1.35759e-06
 Reference value :  1.35831e-06
 Reference value :  1.35947e-06
 Reference value :  1.36019e-06
 Reference value :  1.36119e-06
 Reference value :  1.36207e-06
 Reference value :  1.36315e-06
 Reference value :  1.36403e-06
 Reference value :  1.36471e-06
 Reference value :  1.36579e-06
 Reference value :  1.36655e-06
 Reference value :  1.36783e-06
 Reference value :  1.36847e-06
 Reference value :  1.36967e-06
 Reference value :  1.37035e-06
 Reference value :  1.37155e-06
 Reference value :  1.37227e-06
 Reference value :  1.37327e-06
 Reference value :  1.37407e-06
 Reference value :  1.37523e-06
 Reference value :  1.37607e-06
 Reference value :  1.37699e-06
 Reference value :  1.37801e-06
 Reference value :  1.37891e-06
 Reference value :  1.38000e-06
 Reference value :  1.38059e-06
 Reference value :  1.38155e-06
 Reference value :  1.38247e-06
 Reference value :  1.38367e-06
 Reference value :  1.38435e-06
 Reference value :  1.38539e-06
 Reference value :  1.38615e-06
 Reference value :  1.38727e-06
 Reference value :  1.38807e-06
 Reference value :  1.38875e-06
 Reference value :  1.38987e-06
 Reference value :  1.39059e-06
 Reference value :  1.39175e-06
 Reference value :  1.39235e-06
 Reference value :  1.39343e-06
 Reference value :  1.39415e-06
 Reference value :  1.39535e-06
 Reference value :  1.39615e-06
 Reference value :  1.39687e-06
 Reference value :  1.39800e-06
 Reference value :  1.39887e-06
 Reference value :  1.40000e-06
 Reference value :  1.40059e-06
 Reference value :  1.40183e-06
 Reference value :  1.40251e-06
 Reference value :  1.40371e-06
 Reference value :  1.40439e-06
 Reference value :  1.40527e-06
 Reference value :  1.40611e-06
 Reference value :  1.40755e-06
 Reference value :  1.40827e-06
 Reference value :  1.40955e-06
 Reference value :  1.41051e-06
 Reference value :  1.41171e-06
 Reference value :  1.41235e-06
 Reference value :  1.41311e-06
 Reference value :  1.41402e-06
 Reference value :  1.41495e-06
 Reference value :  1.41600e-06
 Reference value :  1.41663e-06
 Reference value :  1.41783e-06
 Reference value :  1.41859e-06
 Reference value :  1.41979e-06
 Reference value :  1.42039e-06
 Reference value :  1.42115e-06
 Reference value :  1.42203e-06
 Reference value :  1.42299e-06
 Reference value :  1.42401e-06
 Reference value :  1.42467e-06
 Reference value :  1.42587e-06
 Reference value :  1.42655e-06
 Reference value :  1.42771e-06
 Reference value :  1.42831e-06
 Reference value :  1.42915e-06
 Reference value :  1.43003e-06
 Reference value :  1.43107e-06
 Reference value :  1.43202e-06
 Reference value :  1.43279e-06
 Reference value :  1.43397e-06
 Reference value :  1.43467e-06
 Reference value :  1.43591e-06
 Reference value :  1.43647e-06
 Reference value :  1.43743e-06
 Reference value :  1.43819e-06
 Reference value :  1.43935e-06
 Reference value :  1.44011e-06
 Reference value :  1.44103e-06
 Reference value :  1.44201e-06
 Reference value :  1.44287e-06
 Reference value :  1.44400e-06
 Reference value :  1.44459e-06
 Reference value :  1.44551e-06
 Reference value :  1.44623e-06
 Reference value :  1.44739e-06
 Reference value :  1.44815e-06
 Reference value :  1.44907e-06
 Reference value :  1.45002e-06
 Reference value :  1.45095e-06
 Reference value :  1.45201e-06
 Reference value :  1.45259e-06
 Reference value :  1.45355e-06
 Reference value :  1.45431e-06
 Reference value :  1.45547e-06
 Reference value :  1.45619e-06
 Reference value :  1.45715e-06
 Reference value :  1.45803e-06
 Reference value :  1.45903e-06
 Reference value :  1.46001e-06
 Reference value :  1.46063e-06
 Reference value :  1.46159e-06
 Reference value :  1.46231e-06
 Reference value :  1.46355e-06
 Reference value :  1.46427e-06
 Reference value :  1.46527e-06
 Reference value :  1.46611e-06
 Reference value :  1.46723e-06
 Reference value :  1.46807e-06
 Reference value :  1.46879e-06
 Reference value :  1.46997e-06
 Reference value :  1.47071e-06
 Reference value :  1.47187e-06
 Reference value :  1.47243e-06
 Reference value :  1.47355e-06
 Reference value :  1.47427e-06
 Reference value :  1.47543e-06
 Reference value :  1.47615e-06
 Reference value :  1.47691e-06
 Reference value :  1.47803e-06
 Reference value :  1.47971e-06
 Reference value :  1.48079e-06
 Reference value :  1.48207e-06
 Reference value :  1.48351e-06
 Reference value :  1.48419e-06
 Reference value :  1.48491e-06
 Reference value :  1.48600e-06
 Reference value :  1.48691e-06
 Reference value :  1.48804e-06
 Reference value :  1.48891e-06
 Reference value :  1.49000e-06
 Reference value :  1.49087e-06
 Reference value :  1.49200e-06
 Reference value :  1.49259e-06
 Reference value :  1.49359e-06
 Reference value :  1.49431e-06
 Reference value :  1.49547e-06
 Reference value :  1.49619e-06
 Reference value :  1.49719e-06
 Reference value :  1.49804e-06
 Reference value :  1.49907e-06
 Reference value :  1.50002e-06
 Reference value :  1.50067e-06
 Reference value :  1.50179e-06
 Reference value :  1.50255e-06
 Reference value :  1.50375e-06
 Reference value :  1.50439e-06
 Reference value :  1.50551e-06
 Reference value :  1.50623e-06
 Reference value :  1.50743e-06
 Reference value :  1.50819e-06
 Reference value :  1.50907e-06
 Reference value :  1.51011e-06
 Reference value :  1.51139e-06
 Reference value :  1.51215e-06
 Reference value :  1.51319e-06
 Reference value :  1.51415e-06
 Reference value :  1.51547e-06
 Reference value :  1.51627e-06
 Reference value :  1.51699e-06
 Reference value :  1.51801e-06
 Reference value :  1.51891e-06
 Reference value :  1.52000e-06
 Reference value :  1.52063e-06
 Reference value :  1.52179e-06
 Reference value :  1.52247e-06
 Reference value :  1.52367e-06
 Reference value :  1.52431e-06
 Reference value :  1.52515e-06
 Reference value :  1.52604e-06
 Reference value :  1.52711e-06
 Reference value :  1.52802e-06
 Reference value :  1.52875e-06
 Reference value :  1.52995e-06
 Reference value :  1.53067e-06
 Reference value :  1.53187e-06
 Reference value :  1.53243e-06
 Reference value :  1.53331e-06
 Reference value :  1.53411e-06
 Reference value :  1.53527e-06
 Reference value :  1.53607e-06
 Reference value :  1.53699e-06
 Reference value :  1.53801e-06
 Reference value :  1.53883e-06
 Reference value :  1.54000e-06
 Reference value :  1.54055e-06
 Reference value :  1.54131e-06
 Reference value :  1.54211e-06
 Reference value :  1.54323e-06
 Reference value :  1.54411e-06
 Reference value :  1.54511e-06
 Reference value :  1.54602e-06
 Reference value :  1.54703e-06
 Reference value :  1.54801e-06
 Reference value :  1.54863e-06
 Reference value :  1.54967e-06
 Reference value :  1.55039e-06
 Reference value :  1.55159e-06
 Reference value :  1.55231e-06
 Reference value :  1.55335e-06
 Reference value :  1.55415e-06
 Reference value :  1.55527e-06
 Reference value :  1.55611e-06
 Reference value :  1.55679e-06
 Reference value :  1.55795e-06
 Reference value :  1.55867e-06
 Reference value :  1.55987e-06
 Reference value :  1.56043e-06
 Reference value :  1.56155e-06
 Reference value :  1.56223e-06
 Reference value :  1.56339e-06
 Reference value :  1.56415e-06
 Reference value :  1.56487e-06
 Reference value :  1.56600e-06
 Reference value :  1.56679e-06
 Reference value :  1.56797e-06
 Reference value :  1.56847e-06
 Reference value :  1.56963e-06
 Reference value :  1.57031e-06
 Reference value :  1.57147e-06
 Reference value :  1.57219e-06
 Reference value :  1.57295e-06
 Reference value :  1.57401e-06
 Reference value :  1.57491e-06
 Reference value :  1.57601e-06
 Reference value :  1.57667e-06
 Reference value :  1.57787e-06
 Reference value :  1.57859e-06
 Reference value :  1.57979e-06
 Reference value :  1.58039e-06
 Reference value :  1.58123e-06
 Reference value :  1.58207e-06
 Reference value :  1.58323e-06
 Reference value :  1.58407e-06
 Reference value :  1.58503e-06
 Reference value :  1.58601e-06
 Reference value :  1.58691e-06
 Reference value :  1.58801e-06
 Reference value :  1.58867e-06
 Reference value :  1.58971e-06
 Reference value :  1.59043e-06
 Reference value :  1.59167e-06
 Reference value :  1.59231e-06
 Reference value :  1.59335e-06
 Reference value :  1.59415e-06
 Reference value :  1.59531e-06
 Reference value :  1.59611e-06
 Reference value :  1.59679e-06
 Reference value :  1.59800e-06
 Reference value :  1.59871e-06
 Reference value :  1.59991e-06
 Reference value :  1.60047e-06
 Reference value :  1.60163e-06
 Reference value :  1.60243e-06
 Reference value :  1.60383e-06
 Reference value :  1.60443e-06
 Reference value :  1.60523e-06
 Reference value :  1.60607e-06
 Reference value :  1.60723e-06
 Reference value :  1.60807e-06
 Reference value :  1.60899e-06
 Reference value :  1.61001e-06
 Reference value :  1.61099e-06
 Reference value :  1.61201e-06
 Reference value :  1.61259e-06
 Reference value :  1.61359e-06
 Reference value :  1.61435e-06
 Reference value :  1.61555e-06
 Reference value :  1.61627e-06
 Reference value :  1.61727e-06
 Reference value :  1.61811e-06
 Reference value :  1.61923e-06
 Reference value :  1.62004e-06
 Reference value :  1.62075e-06
 Reference value :  1.62187e-06
 Reference value :  1.62255e-06
 Reference value :  1.62375e-06
 Reference value :  1.62439e-06
 Reference value :  1.62551e-06
 Reference value :  1.62623e-06
 Reference value :  1.62743e-06
 Reference value :  1.62819e-06
 Reference value :  1.62899e-06
 Reference value :  1.63001e-06
 Reference value :  1.63095e-06
 Reference value :  1.63201e-06
 Reference value :  1.63275e-06
 Reference value :  1.63400e-06
 Reference value :  1.63471e-06
 Reference value :  1.63591e-06
 Reference value :  1.63667e-06
 Reference value :  1.63791e-06
 Reference value :  1.63863e-06
 Reference value :  1.63991e-06
 Reference value :  1.64051e-06
 Reference value :  1.64195e-06
 Reference value :  1.64283e-06
 Reference value :  1.64400e-06
 Reference value :  1.64455e-06
 Reference value :  1.64555e-06
 Reference value :  1.64631e-06
 Reference value :  1.64751e-06
 Reference value :  1.64823e-06
 Reference value :  1.64919e-06
 Reference value :  1.65004e-06
 Reference value :  1.65111e-06
 Reference value :  1.65202e-06
 Reference value :  1.65275e-06
 Reference value :  1.65387e-06
 Reference value :  1.65467e-06
 Reference value :  1.65601e-06
 Reference value :  1.65707e-06
 Reference value :  1.65802e-06
 Reference value :  1.65923e-06
 Reference value :  1.66007e-06
 Reference value :  1.66083e-06
 Reference value :  1.66200e-06
 Reference value :  1.66279e-06
 Reference value :  1.66397e-06
 Reference value :  1.66451e-06
 Reference value :  1.66571e-06
 Reference value :  1.66639e-06
 Reference value :  1.66759e-06
 Reference value :  1.66827e-06
 Reference value :  1.66899e-06
 Reference value :  1.67001e-06
 Reference value :  1.67095e-06
 Reference value :  1.67200e-06
 Reference value :  1.67267e-06
 Reference value :  1.67391e-06
 Reference value :  1.67459e-06
 Reference value :  1.67579e-06
 Reference value :  1.67639e-06
 Reference value :  1.67723e-06
 Reference value :  1.67807e-06
 Reference value :  1.67919e-06
 Reference value :  1.68004e-06
 Reference value :  1.68099e-06
 Reference value :  1.68202e-06
 Reference value :  1.68299e-06
 Reference value :  1.68401e-06
 Reference value :  1.68467e-06
 Reference value :  1.68579e-06
 Reference value :  1.68655e-06
 Reference value :  1.68775e-06
 Reference value :  1.68839e-06
 Reference value :  1.68967e-06
 Reference value :  1.69047e-06
 Reference value :  1.69179e-06
 Reference value :  1.69243e-06
 Reference value :  1.69335e-06
 Reference value :  1.69419e-06
 Reference value :  1.69543e-06
 Reference value :  1.69619e-06
 Reference value :  1.69719e-06
 Reference value :  1.69804e-06
 Reference value :  1.69919e-06
 Reference value :  1.70007e-06
 Reference value :  1.70079e-06
 Reference value :  1.70191e-06
 Reference value :  1.70267e-06
 Reference value :  1.70391e-06
 Reference value :  1.70447e-06
 Reference value :  1.70602e-06
 Reference value :  1.70707e-06
 Reference value :  1.70802e-06
 Reference value :  1.70867e-06
 Reference value :  1.70971e-06
 Reference value :  1.71043e-06
 Reference value :  1.71163e-06
 Reference value :  1.71231e-06
 Reference value :  1.71335e-06
 Reference value :  1.71415e-06
 Reference value :  1.71531e-06
 Reference value :  1.71611e-06
 Reference value :  1.71683e-06
 Reference value :  1.71800e-06
 Reference value :  1.71875e-06
 Reference value :  1.71995e-06
 Reference value :  1.72047e-06
 Reference value :  1.72163e-06
 Reference value :  1.72231e-06
 Reference value :  1.72347e-06
 Reference value :  1.72419e-06
 Reference value :  1.72495e-06
 Reference value :  1.72601e-06
 Reference value :  1.72695e-06
 Reference value :  1.72801e-06
 Reference value :  1.72871e-06
 Reference value :  1.72991e-06
 Reference value :  1.73063e-06
 Reference value :  1.73183e-06
 Reference value :  1.73247e-06
 Reference value :  1.73335e-06
 Reference value :  1.73419e-06
 Reference value :  1.73539e-06
 Reference value :  1.73619e-06
 Reference value :  1.73719e-06
 Reference value :  1.73804e-06
 Reference value :  1.73907e-06
 Reference value :  1.74001e-06
 Reference value :  1.74067e-06
 Reference value :  1.74171e-06
 Reference value :  1.74247e-06
 Reference value :  1.74371e-06
 Reference value :  1.74435e-06
 Reference value :  1.74543e-06
 Reference value :  1.74623e-06
 Reference value :  1.74747e-06
 Reference value :  1.74827e-06
 Reference value :  1.74911e-06
 Reference value :  1.75003e-06
 Reference value :  1.75111e-06
 Reference value :  1.75203e-06
 Reference value :  1.75283e-06
 Reference value :  1.75400e-06
 Reference value :  1.75487e-06
 Reference value :  1.75600e-06
 Reference value :  1.75663e-06
 Reference value :  1.75775e-06
 Reference value :  1.75851e-06
 Reference value :  1.75971e-06
 Reference value :  1.76035e-06
 Reference value :  1.76151e-06
 Reference value :  1.76227e-06
 Reference value :  1.76351e-06
 Reference value :  1.76427e-06
 Reference value :  1.76503e-06
 Reference value :  1.76601e-06
 Reference value :  1.76699e-06
 Reference value :  1.76801e-06
 Reference value :  1.76875e-06
 Reference value :  1.76995e-06
 Reference value :  1.77067e-06
 Reference value :  1.77191e-06
 Reference value :  1.77251e-06
 Reference value :  1.77351e-06
 Reference value :  1.77427e-06
 Reference value :  1.77547e-06
 Reference value :  1.77623e-06
 Reference value :  1.77727e-06
 Reference value :  1.77811e-06
 Reference value :  1.77927e-06
 Reference value :  1.78011e-06
 Reference value :  1.78083e-06
 Reference value :  1.78200e-06
 Reference value :  1.78275e-06
 Reference value :  1.78397e-06
 Reference value :  1.78455e-06
 Reference value :  1.78575e-06
 Reference value :  1.78647e-06
 Reference value :  1.78767e-06
 Reference value :  1.78831e-06
 Reference value :  1.78919e-06
 Reference value :  1.79007e-06
 Reference value :  1.79123e-06
 Reference value :  1.79207e-06
 Reference value :  1.79299e-06
 Reference value :  1.79401e-06
 Reference value :  1.79491e-06
 Reference value :  1.79601e-06
 Reference value :  1.79667e-06
 Reference value :  1.79755e-06
 Reference value :  1.79831e-06
 Reference value :  1.79951e-06
 Reference value :  1.80023e-06
 Reference value :  1.80123e-06
 Reference value :  1.80207e-06
 Reference value :  1.80319e-06
 Reference value :  1.80407e-06
 Reference value :  1.80475e-06
 Reference value :  1.80591e-06
 Reference value :  1.80663e-06
 Reference value :  1.80787e-06
 Reference value :  1.80843e-06
 Reference value :  1.80959e-06
 Reference value :  1.81031e-06
 Reference value :  1.81151e-06
 Reference value :  1.81227e-06
 Reference value :  1.81303e-06
 Reference value :  1.81402e-06
 Reference value :  1.81507e-06
 Reference value :  1.81601e-06
 Reference value :  1.81679e-06
 Reference value :  1.81800e-06
 Reference value :  1.81887e-06
 Reference value :  1.82004e-06
 Reference value :  1.82079e-06
 Reference value :  1.82200e-06
 Reference value :  1.82275e-06
 Reference value :  1.82397e-06
 Reference value :  1.82451e-06
 Reference value :  1.82575e-06
 Reference value :  1.82647e-06
 Reference value :  1.82771e-06
 Reference value :  1.82835e-06
 Reference value :  1.82919e-06
 Reference value :  1.83007e-06
 Reference value :  1.83123e-06
 Reference value :  1.83207e-06
 Reference value :  1.83303e-06
 Reference value :  1.83402e-06
 Reference value :  1.83507e-06
 Reference value :  1.83602e-06
 Reference value :  1.83671e-06
 Reference value :  1.83787e-06
 Reference value :  1.83863e-06
 Reference value :  1.83987e-06
 Reference value :  1.84043e-06
 Reference value :  1.84159e-06
 Reference value :  1.84231e-06
 Reference value :  1.84355e-06
 Reference value :  1.84427e-06
 Reference value :  1.84511e-06
 Reference value :  1.84602e-06
 Reference value :  1.84707e-06
 Reference value :  1.84802e-06
 Reference value :  1.84883e-06
 Reference value :  1.85000e-06
 Reference value :  1.85079e-06
 Reference value :  1.85200e-06
 Reference value :  1.85255e-06
 Reference value :  1.85355e-06
 Reference value :  1.85431e-06
 Reference value :  1.85551e-06
 Reference value :  1.85623e-06
 Reference value :  1.85727e-06
 Reference value :  1.85811e-06
 Reference value :  1.85923e-06
 Reference value :  1.86004e-06
 Reference value :  1.86083e-06
 Reference value :  1.86191e-06
 Reference value :  1.86263e-06
 Reference value :  1.86383e-06
 Reference value :  1.86467e-06
 Reference value :  1.86607e-06
 Reference value :  1.86783e-06
 Reference value :  1.86871e-06
 Reference value :  1.87001e-06
 Reference value :  1.87135e-06
 Reference value :  1.87215e-06
 Reference value :  1.87307e-06
 Reference value :  1.87401e-06
 Reference value :  1.87491e-06
 Reference value :  1.87600e-06
 Reference value :  1.87659e-06
 Reference value :  1.87759e-06
 Reference value :  1.87831e-06
 Reference value :  1.87947e-06
 Reference value :  1.88023e-06
 Reference value :  1.88127e-06
 Reference value :  1.88215e-06
 Reference value :  1.88343e-06
 Reference value :  1.88431e-06
 Reference value :  1.88523e-06
 Reference value :  1.88611e-06
 Reference value :  1.88743e-06
 Reference value :  1.88823e-06
 Reference value :  1.88923e-06
 Reference value :  1.89007e-06
 Reference value :  1.89119e-06
 Reference value :  1.89207e-06
 Reference value :  1.89287e-06
 Reference value :  1.89400e-06
 Reference value :  1.89483e-06
 Reference value :  1.89600e-06
 Reference value :  1.89651e-06
 Reference value :  1.89775e-06
 Reference value :  1.89847e-06
 Reference value :  1.89967e-06
 Reference value :  1.90031e-06
 Reference value :  1.90099e-06
 Reference value :  1.90200e-06
 Reference value :  1.90283e-06
 Reference value :  1.90397e-06
 Reference value :  1.90455e-06
 Reference value :  1.90563e-06
 Reference value :  1.90627e-06
 Reference value :  1.90743e-06
 Reference value :  1.90815e-06
 Reference value :  1.90891e-06
 Reference value :  1.91000e-06
 Reference value :  1.91075e-06
 Reference value :  1.91195e-06
 Reference value :  1.91251e-06
 Reference value :  1.91367e-06
 Reference value :  1.91455e-06
 Reference value :  1.91591e-06
 Reference value :  1.91647e-06
 Reference value :  1.91743e-06
 Reference value :  1.91823e-06
 Reference value :  1.91943e-06
 Reference value :  1.92023e-06
 Reference value :  1.92123e-06
 Reference value :  1.92207e-06
 Reference value :  1.92319e-06
 Reference value :  1.92415e-06
 Reference value :  1.92491e-06
 Reference value :  1.92597e-06
 Reference value :  1.92679e-06
 Reference value :  1.92797e-06
 Reference value :  1.92859e-06
 Reference value :  1.92983e-06
 Reference value :  1.93055e-06
 Reference value :  1.93175e-06
 Reference value :  1.93239e-06
 Reference value :  1.93323e-06
 Reference value :  1.93407e-06
 Reference value :  1.93519e-06
 Reference value :  1.93604e-06
 Reference value :  1.93695e-06
 Reference value :  1.93801e-06
 Reference value :  1.93891e-06
 Reference value :  1.94000e-06
 Reference value :  1.94063e-06
 Reference value :  1.94163e-06
 Reference value :  1.94235e-06
 Reference value :  1.94355e-06
 Reference value :  1.94431e-06
 Reference value :  1.94555e-06
 Reference value :  1.94627e-06
 Reference value :  1.94755e-06
 Reference value :  1.94827e-06
 Reference value :  1.94911e-06
 Reference value :  1.95002e-06
 Reference value :  1.95107e-06
 Reference value :  1.95202e-06
 Reference value :  1.95279e-06
 Reference value :  1.95400e-06
 Reference value :  1.95475e-06
 Reference value :  1.95601e-06
 Reference value :  1.95663e-06
 Reference value :  1.95759e-06
 Reference value :  1.95835e-06
 Reference value :  1.95959e-06
 Reference value :  1.96035e-06
 Reference value :  1.96143e-06
 Reference value :  1.96219e-06
 Reference value :  1.96339e-06
 Reference value :  1.96419e-06
 Reference value :  1.96487e-06
 Reference value :  1.96601e-06
 Reference value :  1.96719e-06
 Reference value :  1.96804e-06
 Reference value :  1.96891e-06
 Reference value :  1.97000e-06
 Reference value :  1.97083e-06
 Reference value :  1.97200e-06
 Reference value :  1.97263e-06
 Reference value :  1.97367e-06
 Reference value :  1.97443e-06
 Reference value :  1.97563e-06
 Reference value :  1.97635e-06
 Reference value :  1.97743e-06
 Reference value :  1.97819e-06
 Reference value :  1.97939e-06
 Reference value :  1.98015e-06
 Reference value :  1.98091e-06
 Reference value :  1.98201e-06
 Reference value :  1.98295e-06
 Reference value :  1.98401e-06
 Reference value :  1.98479e-06
 Reference value :  1.98604e-06
 Reference value :  1.98719e-06
 Reference value :  1.98807e-06
 Reference value :  1.98879e-06
 Reference value :  1.98987e-06
 Reference value :  1.99063e-06
 Reference value :  1.99183e-06
 Reference value :  1.99243e-06
 Reference value :  1.99363e-06
 Reference value :  1.99431e-06
 Reference value :  1.99555e-06
 Reference value :  1.99627e-06
 Reference value :  1.99703e-06
 Reference value :  1.99801e-06
 Reference value :  1.99887e-06
 Reference value :  2.00001e-06
 Reference value :  2.00071e-06
 Reference value :  2.00195e-06
 Reference value :  2.00263e-06
 Reference value :  2.00383e-06
 Reference value :  2.00443e-06
 Reference value :  2.00535e-06
 Reference value :  2.00615e-06
 Reference value :  2.00735e-06
 Reference value :  2.00819e-06
 Reference value :  2.00919e-06
 Reference value :  2.01007e-06
 Reference value :  2.01119e-06
 Reference value :  2.01211e-06
 Reference value :  2.01283e-06
 Reference value :  2.01400e-06
 Reference value :  2.01475e-06
 Reference value :  2.01595e-06
 Reference value :  2.01647e-06
 Reference value :  2.01767e-06
 Reference value :  2.01835e-06
 Reference value :  2.01955e-06
 Reference value :  2.02027e-06
 Reference value :  2.02103e-06
 Reference value :  2.02201e-06
 Reference value :  2.02319e-06
 Reference value :  2.02427e-06
 Reference value :  2.02531e-06
 Reference value :  2.02611e-06
 Reference value :  2.02723e-06
 Reference value :  2.02811e-06
 Reference value :  2.02879e-06
 Reference value :  2.02997e-06
 Reference value :  2.03075e-06
 Reference value :  2.03195e-06
 Reference value :  2.03247e-06
 Reference value :  2.03367e-06
 Reference value :  2.03439e-06
 Reference value :  2.03563e-06
 Reference value :  2.03631e-06
 Reference value :  2.03719e-06
 Reference value :  2.03807e-06
 Reference value :  2.03923e-06
 Reference value :  2.04011e-06
 Reference value :  2.04103e-06
 Reference value :  2.04202e-06
 Reference value :  2.04299e-06
 Reference value :  2.04401e-06
 Reference value :  2.04467e-06
 Reference value :  2.04583e-06
 Reference value :  2.04659e-06
 Reference value :  2.04783e-06
 Reference value :  2.04843e-06
 Reference value :  2.04959e-06
 Reference value :  2.05035e-06
 Reference value :  2.05159e-06
 Reference value :  2.05231e-06
 Reference value :  2.05307e-06
 Reference value :  2.05401e-06
 Reference value :  2.05499e-06
 Reference value :  2.05602e-06
 Reference value :  2.05679e-06
 Reference value :  2.05797e-06
 Reference value :  2.05875e-06
 Reference value :  2.05997e-06
 Reference value :  2.06051e-06
 Reference value :  2.06143e-06
 Reference value :  2.06223e-06
 Reference value :  2.06347e-06
 Reference value :  2.06427e-06
 Reference value :  2.06531e-06
 Reference value :  2.06615e-06
 Reference value :  2.06735e-06
 Reference value :  2.06815e-06
 Reference value :  2.06891e-06
 Reference value :  2.07001e-06
 Reference value :  2.07095e-06
 Reference value :  2.07201e-06
 Reference value :  2.07271e-06
 Reference value :  2.07397e-06
 Reference value :  2.07475e-06
 Reference value :  2.07597e-06
 Reference value :  2.07655e-06
 Reference value :  2.07763e-06
 Reference value :  2.07839e-06
 Reference value :  2.07963e-06
 Reference value :  2.08031e-06
 Reference value :  2.08139e-06
 Reference value :  2.08219e-06
 Reference value :  2.08339e-06
 Reference value :  2.08419e-06
 Reference value :  2.08495e-06
 Reference value :  2.08601e-06
 Reference value :  2.08691e-06
 Reference value :  2.08801e-06
 Reference value :  2.08871e-06
 Reference value :  2.08995e-06
 Reference value :  2.09067e-06
 Reference value :  2.09200e-06
 Reference value :  2.09259e-06
 Reference value :  2.09359e-06
 Reference value :  2.09439e-06
 Reference value :  2.09563e-06
 Reference value :  2.09631e-06
 Reference value :  2.09739e-06
 Reference value :  2.09819e-06
 Reference value :  2.09943e-06
 Reference value :  2.10023e-06
 Reference value :  2.10099e-06
 Reference value :  2.10201e-06
 Reference value :  2.10299e-06
 Reference value :  2.10401e-06
 Reference value :  2.10479e-06
 Reference value :  2.10600e-06
 Reference value :  2.10679e-06
 Reference value :  2.10800e-06
 Reference value :  2.10855e-06
 Reference value :  2.10959e-06
 Reference value :  2.11035e-06
 Reference value :  2.11159e-06
 Reference value :  2.11231e-06
 Reference value :  2.11339e-06
 Reference value :  2.11415e-06
 Reference value :  2.11531e-06
 Reference value :  2.11611e-06
 Reference value :  2.11687e-06
 Reference value :  2.11797e-06
 Reference value :  2.11875e-06
 Reference value :  2.11997e-06
 Reference value :  2.12063e-06
 Reference value :  2.12187e-06
 Reference value :  2.12259e-06
 Reference value :  2.12383e-06
 Reference value :  2.12443e-06
 Reference value :  2.12527e-06
 Reference value :  2.12611e-06
 Reference value :  2.12727e-06
 Reference value :  2.12811e-06
 Reference value :  2.12903e-06
 Reference value :  2.13002e-06
 Reference value :  2.13099e-06
 Reference value :  2.13201e-06
 Reference value :  2.13271e-06
 Reference value :  2.13383e-06
 Reference value :  2.13463e-06
 Reference value :  2.13587e-06
 Reference value :  2.13647e-06
 Reference value :  2.13771e-06
 Reference value :  2.13843e-06
 Reference value :  2.13967e-06
 Reference value :  2.14035e-06
 Reference value :  2.14123e-06
 Reference value :  2.14211e-06
 Reference value :  2.14323e-06
 Reference value :  2.14407e-06
 Reference value :  2.14499e-06
 Reference value :  2.14601e-06
 Reference value :  2.14687e-06
 Reference value :  2.14800e-06
 Reference value :  2.14859e-06
 Reference value :  2.14959e-06
 Reference value :  2.15031e-06
 Reference value :  2.15151e-06
 Reference value :  2.15231e-06
 Reference value :  2.15339e-06
 Reference value :  2.15415e-06
 Reference value :  2.15531e-06
 Reference value :  2.15615e-06
 Reference value :  2.15683e-06
 Reference value :  2.15800e-06
 Reference value :  2.15883e-06
 Reference value :  2.16000e-06
 Reference value :  2.16059e-06
 Reference value :  2.16183e-06
 Reference value :  2.16255e-06
 Reference value :  2.16379e-06
 Reference value :  2.16439e-06
 Reference value :  2.16527e-06
 Reference value :  2.16611e-06
 Reference value :  2.16723e-06
 Reference value :  2.16807e-06
 Reference value :  2.16899e-06
 Reference value :  2.17001e-06
 Reference value :  2.17095e-06
 Reference value :  2.17201e-06
 Reference value :  2.17263e-06
 Reference value :  2.17375e-06
 Reference value :  2.17447e-06
 Reference value :  2.17571e-06
 Reference value :  2.17639e-06
 Reference value :  2.17751e-06
 Reference value :  2.17823e-06
 Reference value :  2.17947e-06
 Reference value :  2.18027e-06
 Reference value :  2.18103e-06
 Reference value :  2.18203e-06
 Reference value :  2.18311e-06
 Reference value :  2.18403e-06
 Reference value :  2.18487e-06
 Reference value :  2.18601e-06
 Reference value :  2.18687e-06
 Reference value :  2.18801e-06
 Reference value :  2.18859e-06
 Reference value :  2.18959e-06
 Reference value :  2.19039e-06
 Reference value :  2.19167e-06
 Reference value :  2.19235e-06
 Reference value :  2.19347e-06
 Reference value :  2.19423e-06
 Reference value :  2.19547e-06
 Reference value :  2.19627e-06
 Reference value :  2.19711e-06
 Reference value :  2.19802e-06
 Reference value :  2.19903e-06
 Reference value :  2.20002e-06
 Reference value :  2.20099e-06
 Reference value :  2.20202e-06
 Reference value :  2.20299e-06
 Reference value :  2.20401e-06
 Reference value :  2.20467e-06
 Reference value :  2.20587e-06
 Reference value :  2.20667e-06
 Reference value :  2.20795e-06
 Reference value :  2.20855e-06
 Reference value :  2.20979e-06
 Reference value :  2.21051e-06
 Reference value :  2.21175e-06
 Reference value :  2.21243e-06
 Reference value :  2.21331e-06
 Reference value :  2.21411e-06
 Reference value :  2.21527e-06
 Reference value :  2.21615e-06
 Reference value :  2.21715e-06
 Reference value :  2.21803e-06
 Reference value :  2.21907e-06
 Reference value :  2.22002e-06
 Reference value :  2.22071e-06
 Reference value :  2.22179e-06
 Reference value :  2.22255e-06
 Reference value :  2.22379e-06
 Reference value :  2.22443e-06
 Reference value :  2.22559e-06
 Reference value :  2.22631e-06
 Reference value :  2.22751e-06
 Reference value :  2.22827e-06
 Reference value :  2.22907e-06
 Reference value :  2.23002e-06
 Reference value :  2.23099e-06
 Reference value :  2.23201e-06
 Reference value :  2.23267e-06
 Reference value :  2.23387e-06
 Reference value :  2.23455e-06
 Reference value :  2.23579e-06
 Reference value :  2.23639e-06
 Reference value :  2.23727e-06
 Reference value :  2.23807e-06
 Reference value :  2.23923e-06
 Reference value :  2.24007e-06
 Reference value :  2.24095e-06
 Reference value :  2.24201e-06
 Reference value :  2.24295e-06
 Reference value :  2.24401e-06
 Reference value :  2.24463e-06
 Reference value :  2.24559e-06
 Reference value :  2.24635e-06
 Reference value :  2.24755e-06
 Reference value :  2.24827e-06
 Reference value :  2.24935e-06
 Reference value :  2.25015e-06
 Reference value :  2.25127e-06
 Reference value :  2.25211e-06
 Reference value :  2.25279e-06
 Reference value :  2.25387e-06
 Reference value :  2.25459e-06
 Reference value :  2.25587e-06
 Reference value :  2.25643e-06
 Reference value :  2.25755e-06
 Reference value :  2.25823e-06
 Reference value :  2.25947e-06
 Reference value :  2.26023e-06
 Reference value :  2.26103e-06
 Reference value :  2.26201e-06
 Reference value :  2.26299e-06
 Reference value :  2.26404e-06
 Reference value :  2.26491e-06
 Reference value :  2.26601e-06
 Reference value :  2.26687e-06
 Reference value :  2.26800e-06
 Reference value :  2.26859e-06
 Reference value :  2.26963e-06
 Reference value :  2.27043e-06
 Reference value :  2.27171e-06
 Reference value :  2.27239e-06
 Reference value :  2.27355e-06
 Reference value :  2.27427e-06
 Reference value :  2.27547e-06
 Reference value :  2.27627e-06
 Reference value :  2.27707e-06
 Reference value :  2.27802e-06
 Reference value :  2.27903e-06
 Reference value :  2.28001e-06
 Reference value :  2.28075e-06
 Reference value :  2.28197e-06
 Reference value :  2.28271e-06
 Reference value :  2.28395e-06
 Reference value :  2.28451e-06
 Reference value :  2.28547e-06
 Reference value :  2.28627e-06
 Reference value :  2.28755e-06
 Reference value :  2.28831e-06
 Reference value :  2.28939e-06
 Reference value :  2.29019e-06
 Reference value :  2.29139e-06
 Reference value :  2.29219e-06
 Reference value :  2.29299e-06
 Reference value :  2.29401e-06
 Reference value :  2.29495e-06
 Reference value :  2.29601e-06
 Reference value :  2.29667e-06
 Reference value :  2.29795e-06
 Reference value :  2.29867e-06
 Reference value :  2.29995e-06
 Reference value :  2.30051e-06
 Reference value :  2.30151e-06
 Reference value :  2.30227e-06
 Reference value :  2.30351e-06
 Reference value :  2.30443e-06
 Reference value :  2.30601e-06
 Reference value :  2.30755e-06
 Reference value :  2.30855e-06
 Reference value :  2.30983e-06
 Reference value :  2.31107e-06
 Reference value :  2.31207e-06
 Reference value :  2.31303e-06
 Reference value :  2.31402e-06
 Reference value :  2.31499e-06
 Reference value :  2.31601e-06
 Reference value :  2.31663e-06
 Reference value :  2.31767e-06
 Reference value :  2.31839e-06
 Reference value :  2.31959e-06
 Reference value :  2.32031e-06
 Reference value :  2.32135e-06
 Reference value :  2.32215e-06
 Reference value :  2.32331e-06
 Reference value :  2.32415e-06
 Reference value :  2.32487e-06
 Reference value :  2.32600e-06
 Reference value :  2.32679e-06
 Reference value :  2.32795e-06
 Reference value :  2.32867e-06
 Reference value :  2.33001e-06
 Reference value :  2.33103e-06
 Reference value :  2.33203e-06
 Reference value :  2.33275e-06
 Reference value :  2.33395e-06
 Reference value :  2.33471e-06
 Reference value :  2.33595e-06
 Reference value :  2.33651e-06
 Reference value :  2.33775e-06
 Reference value :  2.33847e-06
 Reference value :  2.33971e-06
 Reference value :  2.34039e-06
 Reference value :  2.34127e-06
 Reference value :  2.34211e-06
 Reference value :  2.34327e-06
 Reference value :  2.34411e-06
 Reference value :  2.34503e-06
 Reference value :  2.34601e-06
 Reference value :  2.34691e-06
 Reference value :  2.34801e-06
 Reference value :  2.34859e-06
 Reference value :  2.34955e-06
 Reference value :  2.35031e-06
 Reference value :  2.35155e-06
 Reference value :  2.35227e-06
 Reference value :  2.35331e-06
 Reference value :  2.35411e-06
 Reference value :  2.35527e-06
 Reference value :  2.35607e-06
 Reference value :  2.35683e-06
 Reference value :  2.35797e-06
 Reference value :  2.35875e-06
 Reference value :  2.35995e-06
 Reference value :  2.36051e-06
 Reference value :  2.36171e-06
 Reference value :  2.36243e-06
 Reference value :  2.36367e-06
 Reference value :  2.36431e-06
 Reference value :  2.36515e-06
 Reference value :  2.36604e-06
 Reference value :  2.36711e-06
 Reference value :  2.36803e-06
 Reference value :  2.36907e-06
 Reference value :  2.37002e-06
 Reference value :  2.37103e-06
 Reference value :  2.37201e-06
 Reference value :  2.37267e-06
 Reference value :  2.37359e-06
 Reference value :  2.37435e-06
 Reference value :  2.37555e-06
 Reference value :  2.37627e-06
 Reference value :  2.37735e-06
 Reference value :  2.37811e-06
 Reference value :  2.37923e-06
 Reference value :  2.38004e-06
 Reference value :  2.38119e-06
 Reference value :  2.38275e-06
 Reference value :  2.38400e-06
 Reference value :  2.38459e-06
 Reference value :  2.38575e-06
 Reference value :  2.38647e-06
 Reference value :  2.38763e-06
 Reference value :  2.38831e-06
 Reference value :  2.38911e-06
 Reference value :  2.39002e-06
 Reference value :  2.39099e-06
 Reference value :  2.39201e-06
 Reference value :  2.39271e-06
 Reference value :  2.39395e-06
 Reference value :  2.39463e-06
 Reference value :  2.39587e-06
 Reference value :  2.39643e-06
 Reference value :  2.39735e-06
 Reference value :  2.39815e-06
 Reference value :  2.39931e-06
 Reference value :  2.40019e-06
 Reference value :  2.40115e-06
 Reference value :  2.40202e-06
 Reference value :  2.40299e-06
 Reference value :  2.40401e-06
 Reference value :  2.40467e-06
 Reference value :  2.40563e-06
 Reference value :  2.40635e-06
 Reference value :  2.40751e-06
 Reference value :  2.40819e-06
 Reference value :  2.40915e-06
 Reference value :  2.41003e-06
 Reference value :  2.41103e-06
 Reference value :  2.41201e-06
 Reference value :  2.41263e-06
 Reference value :  2.41367e-06
 Reference value :  2.41439e-06
 Reference value :  2.41559e-06
 Reference value :  2.41631e-06
 Reference value :  2.41735e-06
 Reference value :  2.41819e-06
 Reference value :  2.41955e-06
 Reference value :  2.42027e-06
 Reference value :  2.42103e-06
 Reference value :  2.42201e-06
 Reference value :  2.42295e-06
 Reference value :  2.42401e-06
 Reference value :  2.42463e-06
 Reference value :  2.42579e-06
 Reference value :  2.42647e-06
 Reference value :  2.42767e-06
 Reference value :  2.42835e-06
 Reference value :  2.42923e-06
 Reference value :  2.43007e-06
 Reference value :  2.43119e-06
 Reference value :  2.43204e-06
 Reference value :  2.43291e-06
 Reference value :  2.43401e-06
 Reference value :  2.43487e-06
 Reference value :  2.43600e-06
 Reference value :  2.43659e-06
 Reference value :  2.43751e-06
 Reference value :  2.43827e-06
 Reference value :  2.43955e-06
 Reference value :  2.44027e-06
 Reference value :  2.44131e-06
 Reference value :  2.44211e-06
 Reference value :  2.44323e-06
 Reference value :  2.44407e-06
 Reference value :  2.44479e-06
 Reference value :  2.44591e-06
 Reference value :  2.44663e-06
 Reference value :  2.44787e-06
 Reference value :  2.44843e-06
 Reference value :  2.44963e-06
 Reference value :  2.45027e-06
 Reference value :  2.45147e-06
 Reference value :  2.45219e-06
 Reference value :  2.45295e-06
 Reference value :  2.45401e-06
 Reference value :  2.45491e-06
 Reference value :  2.45601e-06
 Reference value :  2.45667e-06
 Reference value :  2.45787e-06
 Reference value :  2.45855e-06
 Reference value :  2.45975e-06
 Reference value :  2.46039e-06
 Reference value :  2.46131e-06
 Reference value :  2.46211e-06
 Reference value :  2.46327e-06
 Reference value :  2.46411e-06
 Reference value :  2.46503e-06
 Reference value :  2.46601e-06
 Reference value :  2.46691e-06
 Reference value :  2.46801e-06
 Reference value :  2.46867e-06
 Reference value :  2.46967e-06
 Reference value :  2.47043e-06
 Reference value :  2.47163e-06
 Reference value :  2.47231e-06
 Reference value :  2.47335e-06
 Reference value :  2.47415e-06
 Reference value :  2.47531e-06
 Reference value :  2.47611e-06
 Reference value :  2.47679e-06
 Reference value :  2.47800e-06
 Reference value :  2.47883e-06
 Reference value :  2.48000e-06
 Reference value :  2.48063e-06
 Reference value :  2.48187e-06
 Reference value :  2.48259e-06
 Reference value :  2.48387e-06
 Reference value :  2.48451e-06
 Reference value :  2.48547e-06
 Reference value :  2.48623e-06
 Reference value :  2.48747e-06
 Reference value :  2.48823e-06
 Reference value :  2.48923e-06
 Reference value :  2.49004e-06
 Reference value :  2.49111e-06
 Reference value :  2.49202e-06
 Reference value :  2.49271e-06
 Reference value :  2.49395e-06
 Reference value :  2.49479e-06
 Reference value :  2.49600e-06
 Reference value :  2.49663e-06
 Reference value :  2.49787e-06
 Reference value :  2.49863e-06
 Reference value :  2.49991e-06
 Reference value :  2.50051e-06
 Reference value :  2.50143e-06
 Reference value :  2.50219e-06
 Reference value :  2.50343e-06
 Reference value :  2.50419e-06
 Reference value :  2.50519e-06
 Reference value :  2.50607e-06
 Reference value :  2.50715e-06
 Reference value :  2.50803e-06
 Reference value :  2.50867e-06
 Reference value :  2.50971e-06
 Reference value :  2.51047e-06
 Reference value :  2.51179e-06
 Reference value :  2.51243e-06
 Reference value :  2.51375e-06
 Reference value :  2.51447e-06
 Reference value :  2.51567e-06
 Reference value :  2.51631e-06
 Reference value :  2.51715e-06
 Reference value :  2.51803e-06
 Reference value :  2.51911e-06
 Reference value :  2.52003e-06
 Reference value :  2.52087e-06
 Reference value :  2.52200e-06
 Reference value :  2.52287e-06
 Reference value :  2.52400e-06
 Reference value :  2.52459e-06
 Reference value :  2.52563e-06
 Reference value :  2.52639e-06
 Reference value :  2.52767e-06
 Reference value :  2.52839e-06
 Reference value :  2.52955e-06
 Reference value :  2.53031e-06
 Reference value :  2.53155e-06
 Reference value :  2.53227e-06
 Reference value :  2.53303e-06
 Reference value :  2.53401e-06
 Reference value :  2.53515e-06
 Reference value :  2.53615e-06
 Reference value :  2.53723e-06
 Reference value :  2.53847e-06
 Reference value :  2.53971e-06
 Reference value :  2.54043e-06
 Reference value :  2.54139e-06
 Reference value :  2.54219e-06
 Reference value :  2.54343e-06
 Reference value :  2.54419e-06
 Reference value :  2.54523e-06
 Reference value :  2.54607e-06
 Reference value :  2.54719e-06
 Reference value :  2.54807e-06
 Reference value :  2.54883e-06
 Reference value :  2.54997e-06
 Reference value :  2.55071e-06
 Reference value :  2.55197e-06
 Reference value :  2.55263e-06
 Reference value :  2.55383e-06
 Reference value :  2.55451e-06
 Reference value :  2.55571e-06
 Reference value :  2.55635e-06
 Reference value :  2.55731e-06
 Reference value :  2.55811e-06
 Reference value :  2.55927e-06
 Reference value :  2.56011e-06
 Reference value :  2.56107e-06
 Reference value :  2.56202e-06
 Reference value :  2.56299e-06
 Reference value :  2.56402e-06
 Reference value :  2.56475e-06
 Reference value :  2.56575e-06
 Reference value :  2.56651e-06
 Reference value :  2.56771e-06
 Reference value :  2.56835e-06
 Reference value :  2.56943e-06
 Reference value :  2.57019e-06
 Reference value :  2.57139e-06
 Reference value :  2.57215e-06
 Reference value :  2.57283e-06
 Reference value :  2.57397e-06
 Reference value :  2.57471e-06
 Reference value :  2.57595e-06
 Reference value :  2.57651e-06
 Reference value :  2.57779e-06
 Reference value :  2.57847e-06
 Reference value :  2.57967e-06
 Reference value :  2.58035e-06
 Reference value :  2.58119e-06
 Reference value :  2.58235e-06
 Reference value :  2.58375e-06
 Reference value :  2.58443e-06
 Reference value :  2.58579e-06
 Reference value :  2.58659e-06
 Reference value :  2.58783e-06
 Reference value :  2.58843e-06
 Reference value :  2.58939e-06
 Reference value :  2.59019e-06
 Reference value :  2.59139e-06
 Reference value :  2.59219e-06
 Reference value :  2.59319e-06
 Reference value :  2.59404e-06
 Reference value :  2.59511e-06
 Reference value :  2.59602e-06
 Reference value :  2.59675e-06
 Reference value :  2.59787e-06
 Reference value :  2.59875e-06
 Reference value :  2.60000e-06
 Reference value :  2.60055e-06
 Reference value :  2.60171e-06
 Reference value :  2.60247e-06
 Reference value :  2.60367e-06
 Reference value :  2.60431e-06
 Reference value :  2.60507e-06
 Reference value :  2.60602e-06
 Reference value :  2.60703e-06
 Reference value :  2.60802e-06
 Reference value :  2.60883e-06
 Reference value :  2.61000e-06
 Reference value :  2.61075e-06
 Reference value :  2.61195e-06
 Reference value :  2.61247e-06
 Reference value :  2.61383e-06
 Reference value :  2.61467e-06
 Reference value :  2.61595e-06
 Reference value :  2.61663e-06
 Reference value :  2.61802e-06
 Reference value :  2.61919e-06
 Reference value :  2.62011e-06
 Reference value :  2.62083e-06
 Reference value :  2.62200e-06
 Reference value :  2.62323e-06
 Reference value :  2.62423e-06
 Reference value :  2.62531e-06
 Reference value :  2.62615e-06
 Reference value :  2.62743e-06
 Reference value :  2.62843e-06
 Reference value :  2.62927e-06
 Reference value :  2.63015e-06
 Reference value :  2.63135e-06
 Reference value :  2.63219e-06
 Reference value :  2.63319e-06
 Reference value :  2.63419e-06
 Reference value :  2.63539e-06
 Reference value :  2.63619e-06
 Reference value :  2.63695e-06
 Reference value :  2.63803e-06
 Reference value :  2.63987e-06
 Reference value :  2.64071e-06
 Reference value :  2.64195e-06
 Reference value :  2.64267e-06
 Reference value :  2.64387e-06
 Reference value :  2.64447e-06
 Reference value :  2.64547e-06
 Reference value :  2.64627e-06
 Reference value :  2.64747e-06
 Reference value :  2.64827e-06
 Reference value :  2.64931e-06
 Reference value :  2.65015e-06
 Reference value :  2.65131e-06
 Reference value :  2.65211e-06
 Reference value :  2.65283e-06
 Reference value :  2.65400e-06
 Reference value :  2.65479e-06
 Reference value :  2.65600e-06
 Reference value :  2.65651e-06
 Reference value :  2.65767e-06
 Reference value :  2.65835e-06
 Reference value :  2.65955e-06
 Reference value :  2.66027e-06
 Reference value :  2.66103e-06
 Reference value :  2.66201e-06
 Reference value :  2.66319e-06
 Reference value :  2.66407e-06
 Reference value :  2.66499e-06
 Reference value :  2.66601e-06
 Reference value :  2.66687e-06
 Reference value :  2.66800e-06
 Reference value :  2.66859e-06
 Reference value :  2.66963e-06
 Reference value :  2.67039e-06
 Reference value :  2.67159e-06
 Reference value :  2.67231e-06
 Reference value :  2.67339e-06
 Reference value :  2.67415e-06
 Reference value :  2.67535e-06
 Reference value :  2.67615e-06
 Reference value :  2.67691e-06
 Reference value :  2.67800e-06
 Reference value :  2.67879e-06
 Reference value :  2.67997e-06
 Reference value :  2.68051e-06
 Reference value :  2.68175e-06
 Reference value :  2.68247e-06
 Reference value :  2.68367e-06
 Reference value :  2.68435e-06
 Reference value :  2.68527e-06
 Reference value :  2.68611e-06
 Reference value :  2.68723e-06
 Reference value :  2.68807e-06
 Reference value :  2.68895e-06
 Reference value :  2.69001e-06
 Reference value :  2.69095e-06
 Reference value :  2.69201e-06
 Reference value :  2.69263e-06
 Reference value :  2.69355e-06
 Reference value :  2.69431e-06
 Reference value :  2.69551e-06
 Reference value :  2.69627e-06
 Reference value :  2.69731e-06
 Reference value :  2.69811e-06
 Reference value :  2.69923e-06
 Reference value :  2.70007e-06
 Reference value :  2.70075e-06
 Reference value :  2.70187e-06
 Reference value :  2.70259e-06
 Reference value :  2.70379e-06
 Reference value :  2.70479e-06
 Reference value :  2.70607e-06
 Reference value :  2.70763e-06
 Reference value :  2.70867e-06
 Reference value :  2.71002e-06
 Reference value :  2.71103e-06
 Reference value :  2.71204e-06
 Reference value :  2.71351e-06
 Reference value :  2.71423e-06
 Reference value :  2.71543e-06
 Reference value :  2.71627e-06
 Reference value :  2.71715e-06
 Reference value :  2.71804e-06
 Reference value :  2.71915e-06
 Reference value :  2.72003e-06
 Reference value :  2.72115e-06
 Reference value :  2.72223e-06
 Reference value :  2.72363e-06
 Reference value :  2.72431e-06
 Reference value :  2.72511e-06
 Reference value :  2.72602e-06
 Reference value :  2.72711e-06
 Reference value :  2.72803e-06
 Reference value :  2.72887e-06
 Reference value :  2.73000e-06
 Reference value :  2.73075e-06
 Reference value :  2.73195e-06
 Reference value :  2.73251e-06
 Reference value :  2.73339e-06
 Reference value :  2.73419e-06
 Reference value :  2.73539e-06
 Reference value :  2.73615e-06
 Reference value :  2.73715e-06
 Reference value :  2.73803e-06
 Reference value :  2.73903e-06
 Reference value :  2.74001e-06
 Reference value :  2.74071e-06
 Reference value :  2.74183e-06
 Reference value :  2.74259e-06
 Reference value :  2.74379e-06
 Reference value :  2.74443e-06
 Reference value :  2.74559e-06
 Reference value :  2.74627e-06
 Reference value :  2.74751e-06
 Reference value :  2.74827e-06
 Reference value :  2.74915e-06
 Reference value :  2.75004e-06
 Reference value :  2.75115e-06
 Reference value :  2.75204e-06
 Reference value :  2.75291e-06
 Reference value :  2.75401e-06
 Reference value :  2.75487e-06
 Reference value :  2.75600e-06
 Reference value :  2.75683e-06
 Reference value :  2.75791e-06
 Reference value :  2.75867e-06
 Reference value :  2.75987e-06
 Reference value :  2.76047e-06
 Reference value :  2.76167e-06
 Reference value :  2.76239e-06
 Reference value :  2.76359e-06
 Reference value :  2.76431e-06
 Reference value :  2.76511e-06
 Reference value :  2.76602e-06
 Reference value :  2.76699e-06
 Reference value :  2.76801e-06
 Reference value :  2.76871e-06
 Reference value :  2.76995e-06
 Reference value :  2.77067e-06
 Reference value :  2.77187e-06
 Reference value :  2.77247e-06
 Reference value :  2.77343e-06
 Reference value :  2.77423e-06
 Reference value :  2.77543e-06
 Reference value :  2.77623e-06
 Reference value :  2.77719e-06
 Reference value :  2.77804e-06
 Reference value :  2.77911e-06
 Reference value :  2.78002e-06
 Reference value :  2.78067e-06
 Reference value :  2.78183e-06
 Reference value :  2.78259e-06
 Reference value :  2.78379e-06
 Reference value :  2.78443e-06
 Reference value :  2.78559e-06
 Reference value :  2.78631e-06
 Reference value :  2.78751e-06
 Reference value :  2.78823e-06
 Reference value :  2.78899e-06
 Reference value :  2.79001e-06
 Reference value :  2.79087e-06
 Reference value :  2.79200e-06
 Reference value :  2.79251e-06
 Reference value :  2.79371e-06
 Reference value :  2.79435e-06
 Reference value :  2.79555e-06
 Reference value :  2.79627e-06
 Reference value :  2.79703e-06
 Reference value :  2.79801e-06
 Reference value :  2.79899e-06
 Reference value :  2.80001e-06
 Reference value :  2.80075e-06
 Reference value :  2.80191e-06
 Reference value :  2.80267e-06
 Reference value :  2.80387e-06
 Reference value :  2.80443e-06
 Reference value :  2.80531e-06
 Reference value :  2.80611e-06
 Reference value :  2.80727e-06
 Reference value :  2.80811e-06
 Reference value :  2.80903e-06
 Reference value :  2.81001e-06
 Reference value :  2.81091e-06
 Reference value :  2.81201e-06
 Reference value :  2.81263e-06
 Reference value :  2.81375e-06
 Reference value :  2.81447e-06
 Reference value :  2.81567e-06
 Reference value :  2.81635e-06
 Reference value :  2.81743e-06
 Reference value :  2.81831e-06
 Reference value :  2.81951e-06
 Reference value :  2.82023e-06
 Reference value :  2.82095e-06
 Reference value :  2.82200e-06
 Reference value :  2.82283e-06
 Reference value :  2.82400e-06
 Reference value :  2.82463e-06
 Reference value :  2.82587e-06
 Reference value :  2.82659e-06
 Reference value :  2.82779e-06
 Reference value :  2.82847e-06
 Reference value :  2.82931e-06
 Reference value :  2.83011e-06
 Reference value :  2.83135e-06
 Reference value :  2.83211e-06
 Reference value :  2.83303e-06
 Reference value :  2.83401e-06
 Reference value :  2.83491e-06
 Reference value :  2.83600e-06
 Reference value :  2.83659e-06
 Reference value :  2.83759e-06
 Reference value :  2.83835e-06
 Reference value :  2.83955e-06
 Reference value :  2.84031e-06
 Reference value :  2.84139e-06
 Reference value :  2.84215e-06
 Reference value :  2.84331e-06
 Reference value :  2.84407e-06
 Reference value :  2.84479e-06
 Reference value :  2.84597e-06
 Reference value :  2.84671e-06
 Reference value :  2.84791e-06
 Reference value :  2.84847e-06
 Reference value :  2.84975e-06
 Reference value :  2.85043e-06
 Reference value :  2.85167e-06
 Reference value :  2.85235e-06
 Reference value :  2.85315e-06
 Reference value :  2.85403e-06
 Reference value :  2.85511e-06
 Reference value :  2.85603e-06
 Reference value :  2.85687e-06
 Reference value :  2.85800e-06
 Reference value :  2.85879e-06
 Reference value :  2.86000e-06
 Reference value :  2.86055e-06
 Reference value :  2.86151e-06
 Reference value :  2.86231e-06
 Reference value :  2.86355e-06
 Reference value :  2.86427e-06
 Reference value :  2.86531e-06
 Reference value :  2.86615e-06
 Reference value :  2.86739e-06
 Reference value :  2.86827e-06
 Reference value :  2.86923e-06
 Reference value :  2.87015e-06
 Reference value :  2.87143e-06
 Reference value :  2.87227e-06
 Reference value :  2.87339e-06
 Reference value :  2.87415e-06
 Reference value :  2.87527e-06
 Reference value :  2.87607e-06
 Reference value :  2.87679e-06
 Reference value :  2.87800e-06
 Reference value :  2.87883e-06
 Reference value :  2.88001e-06
 Reference value :  2.88071e-06
 Reference value :  2.88200e-06
 Reference value :  2.88283e-06
 Reference value :  2.88401e-06
 Reference value :  2.88467e-06
 Reference value :  2.88571e-06
 Reference value :  2.88655e-06
 Reference value :  2.88775e-06
 Reference value :  2.88839e-06
 Reference value :  2.88955e-06
 Reference value :  2.89027e-06
 Reference value :  2.89147e-06
 Reference value :  2.89219e-06
 Reference value :  2.89291e-06
 Reference value :  2.89401e-06
 Reference value :  2.89495e-06
 Reference value :  2.89601e-06
 Reference value :  2.89687e-06
 Reference value :  2.89801e-06
 Reference value :  2.89899e-06
 Reference value :  2.90001e-06
 Reference value :  2.90071e-06
 Reference value :  2.90183e-06
 Reference value :  2.90259e-06
 Reference value :  2.90383e-06
 Reference value :  2.90443e-06
 Reference value :  2.90571e-06
 Reference value :  2.90639e-06
 Reference value :  2.90759e-06
 Reference value :  2.90831e-06
 Reference value :  2.90915e-06
 Reference value :  2.91004e-06
 Reference value :  2.91115e-06
 Reference value :  2.91203e-06
 Reference value :  2.91287e-06
 Reference value :  2.91400e-06
 Reference value :  2.91487e-06
 Reference value :  2.91600e-06
 Reference value :  2.91659e-06
 Reference value :  2.91755e-06
 Reference value :  2.91835e-06
 Reference value :  2.91955e-06
 Reference value :  2.92027e-06
 Reference value :  2.92127e-06
 Reference value :  2.92211e-06
 Reference value :  2.92327e-06
 Reference value :  2.92415e-06
 Reference value :  2.92487e-06
 Reference value :  2.92600e-06
 Reference value :  2.92687e-06
 Reference value :  2.92800e-06
 Reference value :  2.92859e-06
 Reference value :  2.92979e-06
 Reference value :  2.93047e-06
 Reference value :  2.93167e-06
 Reference value :  2.93231e-06
 Reference value :  2.93319e-06
 Reference value :  2.93407e-06
 Reference value :  2.93523e-06
 Reference value :  2.93611e-06
 Reference value :  2.93711e-06
 Reference value :  2.93804e-06
 Reference value :  2.93911e-06
 Reference value :  2.94004e-06
 Reference value :  2.94075e-06
 Reference value :  2.94201e-06
 Reference value :  2.94311e-06
 Reference value :  2.94403e-06
 Reference value :  2.94503e-06
 Reference value :  2.94602e-06
 Reference value :  2.94703e-06
 Reference value :  2.94802e-06
 Reference value :  2.94871e-06
 Reference value :  2.94971e-06
 Reference value :  2.95043e-06
 Reference value :  2.95171e-06
 Reference value :  2.95239e-06
 Reference value :  2.95359e-06
 Reference value :  2.95431e-06
 Reference value :  2.95551e-06
 Reference value :  2.95631e-06
 Reference value :  2.95711e-06
 Reference value :  2.95803e-06
 Reference value :  2.95911e-06
 Reference value :  2.96003e-06
 Reference value :  2.96087e-06
 Reference value :  2.96200e-06
 Reference value :  2.96287e-06
 Reference value :  2.96401e-06
 Reference value :  2.96467e-06
 Reference value :  2.96583e-06
 Reference value :  2.96659e-06
 Reference value :  2.96783e-06
 Reference value :  2.96843e-06
 Reference value :  2.96963e-06
 Reference value :  2.97031e-06
 Reference value :  2.97155e-06
 Reference value :  2.97227e-06
 Reference value :  2.97311e-06
 Reference value :  2.97404e-06
 Reference value :  2.97519e-06
 Reference value :  2.97607e-06
 Reference value :  2.97699e-06
 Reference value :  2.97801e-06
 Reference value :  2.97895e-06
 Reference value :  2.98001e-06
 Reference value :  2.98071e-06
 Reference value :  2.98183e-06
 Reference value :  2.98267e-06
 Reference value :  2.98400e-06
 Reference value :  2.98471e-06
 Reference value :  2.98597e-06
 Reference value :  2.98675e-06
 Reference value :  2.98800e-06
 Reference value :  2.98855e-06
 Reference value :  2.98955e-06
 Reference value :  2.99031e-06
 Reference value :  2.99155e-06
 Reference value :  2.99231e-06
 Reference value :  2.99339e-06
 Reference value :  2.99415e-06
 Reference value :  2.99531e-06
 Reference value :  2.99619e-06
 Reference value :  2.99703e-06
 Reference value :  2.99802e-06
 Reference value :  2.99903e-06
 Reference value :  3.00002e-06
 Reference value :  3.00091e-06
 Reference value :  3.00201e-06
 Reference value :  3.00299e-06
 Reference value :  3.00402e-06
 Reference value :  3.00471e-06
 Reference value :  3.00587e-06
 Reference value :  3.00659e-06
 Reference value :  3.00787e-06
 Reference value :  3.00847e-06
 Reference value :  3.00967e-06
 Reference value :  3.01039e-06
 Reference value :  3.01159e-06
 Reference value :  3.01231e-06
 Reference value :  3.01315e-06
 Reference value :  3.01411e-06
 Reference value :  3.01535e-06
 Reference value :  3.01619e-06
 Reference value :  3.01727e-06
 Reference value :  3.01815e-06
 Reference value :  3.01947e-06
 Reference value :  3.02031e-06
 Reference value :  3.02115e-06
 Reference value :  3.02203e-06
 Reference value :  3.02307e-06
 Reference value :  3.02402e-06
 Reference value :  3.02483e-06
 Reference value :  3.02600e-06
 Reference value :  3.02683e-06
 Reference value :  3.02801e-06
 Reference value :  3.02867e-06
 Reference value :  3.02975e-06
 Reference value :  3.03055e-06
 Reference value :  3.03183e-06
 Reference value :  3.03251e-06
 Reference value :  3.03375e-06
 Reference value :  3.03447e-06
 Reference value :  3.03567e-06
 Reference value :  3.03639e-06
 Reference value :  3.03747e-06
 Reference value :  3.03835e-06
 Reference value :  3.03963e-06
 Reference value :  3.04039e-06
 Reference value :  3.04163e-06
 Reference value :  3.04239e-06
 Reference value :  3.04371e-06
 Reference value :  3.04435e-06
 Reference value :  3.04515e-06
 Reference value :  3.04603e-06
 Reference value :  3.04707e-06
 Reference value :  3.04802e-06
 Reference value :  3.04879e-06
 Reference value :  3.05000e-06
 Reference value :  3.05087e-06
 Reference value :  3.05201e-06
 Reference value :  3.05267e-06
 Reference value :  3.05379e-06
 Reference value :  3.05463e-06
 Reference value :  3.05595e-06
 Reference value :  3.05659e-06
 Reference value :  3.05791e-06
 Reference value :  3.05871e-06
 Reference value :  3.05991e-06
 Reference value :  3.06059e-06
 Reference value :  3.06159e-06
 Reference value :  3.06235e-06
 Reference value :  3.06355e-06
 Reference value :  3.06427e-06
 Reference value :  3.06527e-06
 Reference value :  3.06607e-06
 Reference value :  3.06715e-06
 Reference value :  3.06807e-06
 Reference value :  3.06883e-06
 Reference value :  3.07000e-06
 Reference value :  3.07087e-06
 Reference value :  3.07200e-06
 Reference value :  3.07271e-06
 Reference value :  3.07401e-06
 Reference value :  3.07499e-06
 Reference value :  3.07601e-06
 Reference value :  3.07667e-06
 Reference value :  3.07755e-06
 Reference value :  3.07859e-06
 Reference value :  3.07983e-06
 Reference value :  3.08047e-06
 Reference value :  3.08167e-06
 Reference value :  3.08239e-06
 Reference value :  3.08363e-06
 Reference value :  3.08435e-06
 Reference value :  3.08515e-06
 Reference value :  3.08604e-06
 Reference value :  3.08715e-06
 Reference value :  3.08811e-06
 Reference value :  3.08915e-06
 Reference value :  3.09043e-06
 Reference value :  3.09201e-06
 Reference value :  3.09315e-06
 Reference value :  3.09443e-06
 Reference value :  3.09601e-06
 Reference value :  3.09723e-06
 Reference value :  3.09807e-06
 Reference value :  3.09915e-06
 Reference value :  3.10004e-06
 Reference value :  3.10075e-06
 Reference value :  3.10195e-06
 Reference value :  3.10271e-06
 Reference value :  3.10395e-06
 Reference value :  3.10467e-06
 Reference value :  3.10601e-06
 Reference value :  3.10703e-06
 Reference value :  3.10804e-06
 Reference value :  3.10887e-06
 Reference value :  3.11001e-06
 Reference value :  3.11107e-06
 Reference value :  3.11211e-06
 Reference value :  3.11303e-06
 Reference value :  3.11402e-06
 Reference value :  3.11531e-06
 Reference value :  3.11631e-06
 Reference value :  3.11707e-06
 Reference value :  3.11802e-06
 Reference value :  3.11903e-06
 Reference value :  3.12001e-06
 Reference value :  3.12075e-06
 Reference value :  3.12197e-06
 Reference value :  3.12283e-06
 Reference value :  3.12400e-06
 Reference value :  3.12467e-06
 Reference value :  3.12587e-06
 Reference value :  3.12675e-06
 Reference value :  3.12801e-06
 Reference value :  3.12883e-06
 Reference value :  3.13001e-06
 Reference value :  3.13091e-06
 Reference value :  3.13200e-06
 Reference value :  3.13259e-06
 Reference value :  3.13363e-06
 Reference value :  3.13439e-06
 Reference value :  3.13563e-06
 Reference value :  3.13631e-06
 Reference value :  3.13739e-06
 Reference value :  3.13819e-06
 Reference value :  3.13935e-06
 Reference value :  3.14015e-06
 Reference value :  3.14091e-06
 Reference value :  3.14200e-06
 Reference value :  3.14291e-06
 Reference value :  3.14402e-06
 Reference value :  3.14495e-06
 Reference value :  3.14602e-06
 Reference value :  3.14707e-06
 Reference value :  3.14807e-06
 Reference value :  3.14883e-06
 Reference value :  3.14997e-06
 Reference value :  3.15071e-06
 Reference value :  3.15195e-06
 Reference value :  3.15251e-06
 Reference value :  3.15371e-06
 Reference value :  3.15443e-06
 Reference value :  3.15571e-06
 Reference value :  3.15647e-06
 Reference value :  3.15751e-06
 Reference value :  3.15831e-06
 Reference value :  3.15959e-06
 Reference value :  3.16031e-06
 Reference value :  3.16139e-06
 Reference value :  3.16215e-06
 Reference value :  3.16327e-06
 Reference value :  3.16407e-06
 Reference value :  3.16479e-06
 Reference value :  3.16600e-06
 Reference value :  3.16679e-06
 Reference value :  3.16797e-06
 Reference value :  3.16851e-06
 Reference value :  3.16971e-06
 Reference value :  3.17043e-06
 Reference value :  3.17167e-06
 Reference value :  3.17239e-06
 Reference value :  3.17335e-06
 Reference value :  3.17419e-06
 Reference value :  3.17543e-06
 Reference value :  3.17623e-06
 Reference value :  3.17731e-06
 Reference value :  3.17819e-06
 Reference value :  3.17939e-06
 Reference value :  3.18015e-06
 Reference value :  3.18083e-06
 Reference value :  3.18200e-06
 Reference value :  3.18275e-06
 Reference value :  3.18395e-06
 Reference value :  3.18451e-06
 Reference value :  3.18571e-06
 Reference value :  3.18643e-06
 Reference value :  3.18767e-06
 Reference value :  3.18835e-06
 Reference value :  3.18919e-06
 Reference value :  3.19007e-06
 Reference value :  3.19123e-06
 Reference value :  3.19207e-06
 Reference value :  3.19311e-06
 Reference value :  3.19404e-06
 Reference value :  3.19519e-06
 Reference value :  3.19607e-06
 Reference value :  3.19691e-06
 Reference value :  3.19801e-06
 Reference value :  3.19895e-06
No. of Data Rows : 94280
sim/harness: analysis complete
Note: Simulation executed from .control section 
