
Note: Compatibility modes selected: hs a


Circuit: ** sch_path: /users/rwalters/github/sky130-pll/.loom/worktrees/issue-130/sim/divider-n64/testbench/tb_divider_n64.sch

option SCALE: Scale is set to 1e-06 for instance and model parameters
option SCALE: Scale is set to 1e-06 for instance and model parameters
option SCALE: Scale is set to 1e-06 for instance and model parameters
option SCALE: Scale is set to 1e-06 for instance and model parameters
Doing analysis at TEMP = 125.000000 and TNOM = 27.000000

Using KLU as Direct Linear Solver
 Reference value :  0.00000e+00
 Reference value :  6.62900e-10
 Reference value :  1.94290e-09
 Reference value :  2.78762e-09
 Reference value :  4.00000e-09
 Reference value :  4.78762e-09
 Reference value :  6.00000e-09
 Reference value :  6.78762e-09
 Reference value :  8.00000e-09
 Reference value :  8.66763e-09
 Reference value :  9.94763e-09
 Reference value :  1.07476e-08
 Reference value :  1.20000e-08
 Reference value :  1.26676e-08
 Reference value :  1.36276e-08
 Reference value :  1.44276e-08
 Reference value :  1.57476e-08
 Reference value :  1.64276e-08
 Reference value :  1.75876e-08
 Reference value :  1.83476e-08
 Reference value :  1.96276e-08
 Reference value :  2.03476e-08
 Reference value :  2.12276e-08
 Reference value :  2.21476e-08
 Reference value :  2.33476e-08
 Reference value :  2.41876e-08
 Reference value :  2.52276e-08
 Reference value :  2.61076e-08
 Reference value :  2.72276e-08
 Reference value :  2.81076e-08
 Reference value :  2.89076e-08
 Reference value :  3.00081e-08
 Reference value :  3.10676e-08
 Reference value :  3.21876e-08
 Reference value :  3.36676e-08
 Reference value :  3.47076e-08
 Reference value :  3.60013e-08
 Reference value :  3.66676e-08
 Reference value :  3.78276e-08
 Reference value :  3.86276e-08
 Reference value :  3.98676e-08
 Reference value :  4.05076e-08
 Reference value :  4.17076e-08
 Reference value :  4.24276e-08
 Reference value :  4.37476e-08
 Reference value :  4.45476e-08
 Reference value :  4.54676e-08
 Reference value :  4.62676e-08
 Reference value :  4.75476e-08
 Reference value :  4.83076e-08
 Reference value :  4.93876e-08
 Reference value :  5.01876e-08
 Reference value :  5.14276e-08
 Reference value :  5.22676e-08
 Reference value :  5.31876e-08
 Reference value :  5.41076e-08
 Reference value :  5.53476e-08
 Reference value :  5.62276e-08
 Reference value :  5.73076e-08
 Reference value :  5.81476e-08
 Reference value :  5.93876e-08
 Reference value :  6.02276e-08
 Reference value :  6.11076e-08
 Reference value :  6.21476e-08
 Reference value :  6.34676e-08
 Reference value :  6.44276e-08
 Reference value :  6.57876e-08
 Reference value :  6.66676e-08
 Reference value :  6.80081e-08
 Reference value :  6.88676e-08
 Reference value :  7.00000e-08
 Reference value :  7.08676e-08
 Reference value :  7.20125e-08
 Reference value :  7.28261e-08
 Reference value :  7.40038e-08
 Reference value :  7.49076e-08
 Reference value :  7.60125e-08
 Reference value :  7.66676e-08
 Reference value :  7.75876e-08
 Reference value :  7.83476e-08
 Reference value :  7.97876e-08
 Reference value :  8.05076e-08
 Reference value :  8.17076e-08
 Reference value :  8.25476e-08
 Reference value :  8.38276e-08
 Reference value :  8.45461e-08
 Reference value :  8.55061e-08
 Reference value :  8.62676e-08
 Reference value :  8.75476e-08
 Reference value :  8.83476e-08
 Reference value :  8.94676e-08
 Reference value :  9.02676e-08
 Reference value :  9.15476e-08
 Reference value :  9.23076e-08
 Reference value :  9.31076e-08
 Reference value :  9.40256e-08
 Reference value :  9.51476e-08
 Reference value :  9.60676e-08
 Reference value :  9.70676e-08
 Reference value :  9.80186e-08
 Reference value :  9.90676e-08
 Reference value :  1.00026e-07
 Reference value :  1.00828e-07
 Reference value :  1.01828e-07
 Reference value :  1.02628e-07
 Reference value :  1.03908e-07
 Reference value :  1.04548e-07
 Reference value :  1.05828e-07
 Reference value :  1.06628e-07
 Reference value :  1.07868e-07
 Reference value :  1.08508e-07
 Reference value :  1.09388e-07
 Reference value :  1.10188e-07
 Reference value :  1.11348e-07
 Reference value :  1.12186e-07
 Reference value :  1.13186e-07
 Reference value :  1.14040e-07
 Reference value :  1.15068e-07
 Reference value :  1.16026e-07
 Reference value :  1.16788e-07
 Reference value :  1.17868e-07
 Reference value :  1.18628e-07
 Reference value :  1.19868e-07
 Reference value :  1.20548e-07
 Reference value :  1.21828e-07
 Reference value :  1.22588e-07
 Reference value :  1.23868e-07
 Reference value :  1.24508e-07
 Reference value :  1.25468e-07
 Reference value :  1.26308e-07
 Reference value :  1.27628e-07
 Reference value :  1.28468e-07
 Reference value :  1.29628e-07
 Reference value :  1.30428e-07
 Reference value :  1.31668e-07
 Reference value :  1.32348e-07
 Reference value :  1.33188e-07
 Reference value :  1.34040e-07
 Reference value :  1.35148e-07
 Reference value :  1.36068e-07
 Reference value :  1.37188e-07
 Reference value :  1.38068e-07
 Reference value :  1.39228e-07
 Reference value :  1.40068e-07
 Reference value :  1.40868e-07
 Reference value :  1.42001e-07
 Reference value :  1.42828e-07
 Reference value :  1.44013e-07
 Reference value :  1.44828e-07
 Reference value :  1.46001e-07
 Reference value :  1.46828e-07
 Reference value :  1.48000e-07
 Reference value :  1.48548e-07
 Reference value :  1.49548e-07
 Reference value :  1.50348e-07
 Reference value :  1.51628e-07
 Reference value :  1.52388e-07
 Reference value :  1.53508e-07
 Reference value :  1.54308e-07
 Reference value :  1.55588e-07
 Reference value :  1.56308e-07
 Reference value :  1.57108e-07
 Reference value :  1.58068e-07
 Reference value :  1.59188e-07
 Reference value :  1.60068e-07
 Reference value :  1.61028e-07
 Reference value :  1.62015e-07
 Reference value :  1.63028e-07
 Reference value :  1.64015e-07
 Reference value :  1.64828e-07
 Reference value :  1.65828e-07
 Reference value :  1.66588e-07
 Reference value :  1.67828e-07
 Reference value :  1.68468e-07
 Reference value :  1.69628e-07
 Reference value :  1.70348e-07
 Reference value :  1.71628e-07
 Reference value :  1.72348e-07
 Reference value :  1.73068e-07
 Reference value :  1.74026e-07
 Reference value :  1.75108e-07
 Reference value :  1.76026e-07
 Reference value :  1.76908e-07
 Reference value :  1.78013e-07
 Reference value :  1.78908e-07
 Reference value :  1.80013e-07
 Reference value :  1.80788e-07
 Reference value :  1.81828e-07
 Reference value :  1.82628e-07
 Reference value :  1.83908e-07
 Reference value :  1.84588e-07
 Reference value :  1.85868e-07
 Reference value :  1.86548e-07
 Reference value :  1.87788e-07
 Reference value :  1.88428e-07
 Reference value :  1.89308e-07
 Reference value :  1.90148e-07
 Reference value :  1.91388e-07
 Reference value :  1.92228e-07
 Reference value :  1.93228e-07
 Reference value :  1.94068e-07
 Reference value :  1.95228e-07
 Reference value :  1.96108e-07
 Reference value :  1.96988e-07
 Reference value :  1.98001e-07
 Reference value :  1.98868e-07
 Reference value :  2.00004e-07
 Reference value :  2.00708e-07
 Reference value :  2.01948e-07
 Reference value :  2.02708e-07
 Reference value :  2.03974e-07
 Reference value :  2.04548e-07
 Reference value :  2.05428e-07
 Reference value :  2.06228e-07
 Reference value :  2.07428e-07
 Reference value :  2.08228e-07
 Reference value :  2.09388e-07
 Reference value :  2.10228e-07
 Reference value :  2.11508e-07
 Reference value :  2.12308e-07
 Reference value :  2.13148e-07
 Reference value :  2.14108e-07
 Reference value :  2.15348e-07
 Reference value :  2.16188e-07
 Reference value :  2.17268e-07
 Reference value :  2.18148e-07
 Reference value :  2.19348e-07
 Reference value :  2.20148e-07
 Reference value :  2.20948e-07
 Reference value :  2.22013e-07
 Reference value :  2.23028e-07
 Reference value :  2.24026e-07
 Reference value :  2.24988e-07
 Reference value :  2.26013e-07
 Reference value :  2.27028e-07
 Reference value :  2.28026e-07
 Reference value :  2.28828e-07
 Reference value :  2.29868e-07
 Reference value :  2.30588e-07
 Reference value :  2.31868e-07
 Reference value :  2.32508e-07
 Reference value :  2.33748e-07
 Reference value :  2.34548e-07
 Reference value :  2.35908e-07
 Reference value :  2.36508e-07
 Reference value :  2.37388e-07
 Reference value :  2.38228e-07
 Reference value :  2.39468e-07
 Reference value :  2.40308e-07
 Reference value :  2.41388e-07
 Reference value :  2.42228e-07
 Reference value :  2.43428e-07
 Reference value :  2.44188e-07
 Reference value :  2.45108e-07
 Reference value :  2.46068e-07
 Reference value :  2.47308e-07
 Reference value :  2.48226e-07
 Reference value :  2.49386e-07
 Reference value :  2.50308e-07
 Reference value :  2.51628e-07
 Reference value :  2.52426e-07
 Reference value :  2.53306e-07
 Reference value :  2.54188e-07
 Reference value :  2.55428e-07
 Reference value :  2.56268e-07
 Reference value :  2.57308e-07
 Reference value :  2.58228e-07
 Reference value :  2.59508e-07
 Reference value :  2.60348e-07
 Reference value :  2.61188e-07
 Reference value :  2.62026e-07
 Reference value :  2.63108e-07
 Reference value :  2.64106e-07
 Reference value :  2.65106e-07
 Reference value :  2.66108e-07
 Reference value :  2.67268e-07
 Reference value :  2.68108e-07
 Reference value :  2.68868e-07
 Reference value :  2.69948e-07
 Reference value :  2.70748e-07
 Reference value :  2.72000e-07
 Reference value :  2.72628e-07
 Reference value :  2.73948e-07
 Reference value :  2.74748e-07
 Reference value :  2.76000e-07
 Reference value :  2.76626e-07
 Reference value :  2.77626e-07
 Reference value :  2.78548e-07
 Reference value :  2.79868e-07
 Reference value :  2.80508e-07
 Reference value :  2.81748e-07
 Reference value :  2.82548e-07
 Reference value :  2.83868e-07
 Reference value :  2.84508e-07
 Reference value :  2.85468e-07
 Reference value :  2.86268e-07
 Reference value :  2.87588e-07
 Reference value :  2.88386e-07
 Reference value :  2.89586e-07
 Reference value :  2.90428e-07
 Reference value :  2.91788e-07
 Reference value :  2.92468e-07
 Reference value :  2.93388e-07
 Reference value :  2.94268e-07
 Reference value :  2.95628e-07
 Reference value :  2.96388e-07
 Reference value :  2.97628e-07
 Reference value :  2.98428e-07
 Reference value :  2.99908e-07
 Reference value :  3.00626e-07
 Reference value :  3.01666e-07
 Reference value :  3.02508e-07
 Reference value :  3.03788e-07
 Reference value :  3.04548e-07
 Reference value :  3.05868e-07
 Reference value :  3.06668e-07
 Reference value :  3.07974e-07
 Reference value :  3.08628e-07
 Reference value :  3.09708e-07
 Reference value :  3.10548e-07
 Reference value :  3.11908e-07
 Reference value :  3.12586e-07
 Reference value :  3.13906e-07
 Reference value :  3.14748e-07
 Reference value :  3.16004e-07
 Reference value :  3.16668e-07
 Reference value :  3.17708e-07
 Reference value :  3.18588e-07
 Reference value :  3.19908e-07
 Reference value :  3.20588e-07
 Reference value :  3.21868e-07
 Reference value :  3.22668e-07
 Reference value :  3.24004e-07
 Reference value :  3.24746e-07
 Reference value :  3.25586e-07
 Reference value :  3.26468e-07
 Reference value :  3.27708e-07
 Reference value :  3.28428e-07
 Reference value :  3.29548e-07
 Reference value :  3.30308e-07
 Reference value :  3.31548e-07
 Reference value :  3.32348e-07
 Reference value :  3.33148e-07
 Reference value :  3.34108e-07
 Reference value :  3.35268e-07
 Reference value :  3.36506e-07
 Reference value :  3.38015e-07
 Reference value :  3.39548e-07
 Reference value :  3.40668e-07
 Reference value :  3.42015e-07
 Reference value :  3.43708e-07
 Reference value :  3.45028e-07
 Reference value :  3.46508e-07
 Reference value :  3.48106e-07
 Reference value :  3.49506e-07
 Reference value :  3.50748e-07
 Reference value :  3.52108e-07
 Reference value :  3.53588e-07
 Reference value :  3.54788e-07
 Reference value :  3.56148e-07
 Reference value :  3.57308e-07
 Reference value :  3.58508e-07
 Reference value :  3.59948e-07
 Reference value :  3.60588e-07
 Reference value :  3.61868e-07
 Reference value :  3.62588e-07
 Reference value :  3.63868e-07
 Reference value :  3.64508e-07
 Reference value :  3.65388e-07
 Reference value :  3.66308e-07
 Reference value :  3.67588e-07
 Reference value :  3.68348e-07
 Reference value :  3.69508e-07
 Reference value :  3.70348e-07
 Reference value :  3.71588e-07
 Reference value :  3.72348e-07
 Reference value :  3.73228e-07
 Reference value :  3.74148e-07
 Reference value :  3.75348e-07
 Reference value :  3.76188e-07
 Reference value :  3.77268e-07
 Reference value :  3.78148e-07
 Reference value :  3.79308e-07
 Reference value :  3.80148e-07
 Reference value :  3.80908e-07
 Reference value :  3.82001e-07
 Reference value :  3.82908e-07
 Reference value :  3.84026e-07
 Reference value :  3.85148e-07
 Reference value :  3.86040e-07
 Reference value :  3.87188e-07
 Reference value :  3.88068e-07
 Reference value :  3.88948e-07
 Reference value :  3.89948e-07
 Reference value :  3.90748e-07
 Reference value :  3.92004e-07
 Reference value :  3.92748e-07
 Reference value :  3.93974e-07
 Reference value :  3.94708e-07
 Reference value :  3.96001e-07
 Reference value :  3.96628e-07
 Reference value :  3.97668e-07
 Reference value :  3.98468e-07
 Reference value :  3.99748e-07
 Reference value :  4.00506e-07
 Reference value :  4.01706e-07
 Reference value :  4.02468e-07
 Reference value :  4.03708e-07
 Reference value :  4.04388e-07
 Reference value :  4.05308e-07
 Reference value :  4.06188e-07
 Reference value :  4.07428e-07
 Reference value :  4.08268e-07
 Reference value :  4.09268e-07
 Reference value :  4.10068e-07
 Reference value :  4.11468e-07
 Reference value :  4.12226e-07
 Reference value :  4.12946e-07
 Reference value :  4.14004e-07
 Reference value :  4.14828e-07
 Reference value :  4.16000e-07
 Reference value :  4.16548e-07
 Reference value :  4.17708e-07
 Reference value :  4.18428e-07
 Reference value :  4.19668e-07
 Reference value :  4.20348e-07
 Reference value :  4.21148e-07
 Reference value :  4.22019e-07
 Reference value :  4.23068e-07
 Reference value :  4.24018e-07
 Reference value :  4.24906e-07
 Reference value :  4.26004e-07
 Reference value :  4.26788e-07
 Reference value :  4.27974e-07
 Reference value :  4.28508e-07
 Reference value :  4.29308e-07
 Reference value :  4.30148e-07
 Reference value :  4.31348e-07
 Reference value :  4.32148e-07
 Reference value :  4.33108e-07
 Reference value :  4.34019e-07
 Reference value :  4.34988e-07
 Reference value :  4.36013e-07
 Reference value :  4.36666e-07
 Reference value :  4.37586e-07
 Reference value :  4.38348e-07
 Reference value :  4.39628e-07
 Reference value :  4.40348e-07
 Reference value :  4.41428e-07
 Reference value :  4.42188e-07
 Reference value :  4.43348e-07
 Reference value :  4.44148e-07
 Reference value :  4.44908e-07
 Reference value :  4.46001e-07
 Reference value :  4.46788e-07
 Reference value :  4.47974e-07
 Reference value :  4.48586e-07
 Reference value :  4.49786e-07
 Reference value :  4.50508e-07
 Reference value :  4.51708e-07
 Reference value :  4.52348e-07
 Reference value :  4.53148e-07
 Reference value :  4.54015e-07
 Reference value :  4.54988e-07
 Reference value :  4.56004e-07
 Reference value :  4.56628e-07
 Reference value :  4.57828e-07
 Reference value :  4.58588e-07
 Reference value :  4.59828e-07
 Reference value :  4.60466e-07
 Reference value :  4.61346e-07
 Reference value :  4.62148e-07
 Reference value :  4.63308e-07
 Reference value :  4.64108e-07
 Reference value :  4.65068e-07
 Reference value :  4.66019e-07
 Reference value :  4.66988e-07
 Reference value :  4.68012e-07
 Reference value :  4.68708e-07
 Reference value :  4.69668e-07
 Reference value :  4.70388e-07
 Reference value :  4.71548e-07
 Reference value :  4.72306e-07
 Reference value :  4.73346e-07
 Reference value :  4.74148e-07
 Reference value :  4.75308e-07
 Reference value :  4.76108e-07
 Reference value :  4.76868e-07
 Reference value :  4.78000e-07
 Reference value :  4.78748e-07
 Reference value :  4.79974e-07
 Reference value :  4.80588e-07
 Reference value :  4.81908e-07
 Reference value :  4.82668e-07
 Reference value :  4.83828e-07
 Reference value :  4.84428e-07
 Reference value :  4.85228e-07
 Reference value :  4.86040e-07
 Reference value :  4.87108e-07
 Reference value :  4.88026e-07
 Reference value :  4.88908e-07
 Reference value :  4.90008e-07
 Reference value :  4.90868e-07
 Reference value :  4.92004e-07
 Reference value :  4.92628e-07
 Reference value :  4.93508e-07
 Reference value :  4.94268e-07
 Reference value :  4.95508e-07
 Reference value :  4.96306e-07
 Reference value :  4.97346e-07
 Reference value :  4.98148e-07
 Reference value :  4.99348e-07
 Reference value :  5.00146e-07
 Reference value :  5.00946e-07
 Reference value :  5.02001e-07
 Reference value :  5.02868e-07
 Reference value :  5.04004e-07
 Reference value :  5.04668e-07
 Reference value :  5.05948e-07
 Reference value :  5.06628e-07
 Reference value :  5.07868e-07
 Reference value :  5.08428e-07
 Reference value :  5.09348e-07
 Reference value :  5.10148e-07
 Reference value :  5.11348e-07
 Reference value :  5.12148e-07
 Reference value :  5.13108e-07
 Reference value :  5.14019e-07
 Reference value :  5.14988e-07
 Reference value :  5.16013e-07
 Reference value :  5.16668e-07
 Reference value :  5.17468e-07
 Reference value :  5.18228e-07
 Reference value :  5.19428e-07
 Reference value :  5.20228e-07
 Reference value :  5.21228e-07
 Reference value :  5.22040e-07
 Reference value :  5.23068e-07
 Reference value :  5.24040e-07
 Reference value :  5.24788e-07
 Reference value :  5.26008e-07
 Reference value :  5.27508e-07
 Reference value :  5.28586e-07
 Reference value :  5.30008e-07
 Reference value :  5.31348e-07
 Reference value :  5.32468e-07
 Reference value :  5.33828e-07
 Reference value :  5.35028e-07
 Reference value :  5.36308e-07
 Reference value :  5.37868e-07
 Reference value :  5.39028e-07
 Reference value :  5.40026e-07
 Reference value :  5.40788e-07
 Reference value :  5.41828e-07
 Reference value :  5.42508e-07
 Reference value :  5.43788e-07
 Reference value :  5.44468e-07
 Reference value :  5.45628e-07
 Reference value :  5.46388e-07
 Reference value :  5.47628e-07
 Reference value :  5.48308e-07
 Reference value :  5.49108e-07
 Reference value :  5.50015e-07
 Reference value :  5.50988e-07
 Reference value :  5.52013e-07
 Reference value :  5.52746e-07
 Reference value :  5.53946e-07
 Reference value :  5.54588e-07
 Reference value :  5.55828e-07
 Reference value :  5.56388e-07
 Reference value :  5.57108e-07
 Reference value :  5.58019e-07
 Reference value :  5.59028e-07
 Reference value :  5.60013e-07
 Reference value :  5.61108e-07
 Reference value :  5.62188e-07
 Reference value :  5.63748e-07
 Reference value :  5.64548e-07
 Reference value :  5.66001e-07
 Reference value :  5.67148e-07
 Reference value :  5.68268e-07
 Reference value :  5.69588e-07
 Reference value :  5.70308e-07
 Reference value :  5.71508e-07
 Reference value :  5.72228e-07
 Reference value :  5.72948e-07
 Reference value :  5.74004e-07
 Reference value :  5.74828e-07
 Reference value :  5.76000e-07
 Reference value :  5.76626e-07
 Reference value :  5.77866e-07
 Reference value :  5.78588e-07
 Reference value :  5.79788e-07
 Reference value :  5.80388e-07
 Reference value :  5.81188e-07
 Reference value :  5.82040e-07
 Reference value :  5.83108e-07
 Reference value :  5.84068e-07
 Reference value :  5.85148e-07
 Reference value :  5.86026e-07
 Reference value :  5.87028e-07
 Reference value :  5.88013e-07
 Reference value :  5.88668e-07
 Reference value :  5.89588e-07
 Reference value :  5.90348e-07
 Reference value :  5.91548e-07
 Reference value :  5.92308e-07
 Reference value :  5.93348e-07
 Reference value :  5.94148e-07
 Reference value :  5.95268e-07
 Reference value :  5.96188e-07
 Reference value :  5.96988e-07
 Reference value :  5.98008e-07
 Reference value :  5.98908e-07
 Reference value :  6.00008e-07
 Reference value :  6.00706e-07
 Reference value :  6.01906e-07
 Reference value :  6.02628e-07
 Reference value :  6.03908e-07
 Reference value :  6.04468e-07
 Reference value :  6.05348e-07
 Reference value :  6.06148e-07
 Reference value :  6.07348e-07
 Reference value :  6.08188e-07
 Reference value :  6.09148e-07
 Reference value :  6.10026e-07
 Reference value :  6.10988e-07
 Reference value :  6.12008e-07
 Reference value :  6.12588e-07
 Reference value :  6.13428e-07
 Reference value :  6.14188e-07
 Reference value :  6.15388e-07
 Reference value :  6.16188e-07
 Reference value :  6.17148e-07
 Reference value :  6.18040e-07
 Reference value :  6.19108e-07
 Reference value :  6.20019e-07
 Reference value :  6.20708e-07
 Reference value :  6.21588e-07
 Reference value :  6.22308e-07
 Reference value :  6.23508e-07
 Reference value :  6.24266e-07
 Reference value :  6.25306e-07
 Reference value :  6.26108e-07
 Reference value :  6.27228e-07
 Reference value :  6.28068e-07
 Reference value :  6.28948e-07
 Reference value :  6.30001e-07
 Reference value :  6.30788e-07
 Reference value :  6.32000e-07
 Reference value :  6.32628e-07
 Reference value :  6.33868e-07
 Reference value :  6.34508e-07
 Reference value :  6.35708e-07
 Reference value :  6.36348e-07
 Reference value :  6.37108e-07
 Reference value :  6.38019e-07
 Reference value :  6.39028e-07
 Reference value :  6.40068e-07
 Reference value :  6.41068e-07
 Reference value :  6.42015e-07
 Reference value :  6.42948e-07
 Reference value :  6.44008e-07
 Reference value :  6.44668e-07
 Reference value :  6.45468e-07
 Reference value :  6.46228e-07
 Reference value :  6.47428e-07
 Reference value :  6.48346e-07
 Reference value :  6.49386e-07
 Reference value :  6.50148e-07
 Reference value :  6.51268e-07
 Reference value :  6.52068e-07
 Reference value :  6.52828e-07
 Reference value :  6.53974e-07
 Reference value :  6.54708e-07
 Reference value :  6.55948e-07
 Reference value :  6.56548e-07
 Reference value :  6.57748e-07
 Reference value :  6.58468e-07
 Reference value :  6.59668e-07
 Reference value :  6.60348e-07
 Reference value :  6.61188e-07
 Reference value :  6.62068e-07
 Reference value :  6.63148e-07
 Reference value :  6.64040e-07
 Reference value :  6.65148e-07
 Reference value :  6.66026e-07
 Reference value :  6.67028e-07
 Reference value :  6.68013e-07
 Reference value :  6.68708e-07
 Reference value :  6.69748e-07
 Reference value :  6.70468e-07
 Reference value :  6.71708e-07
 Reference value :  6.72426e-07
 Reference value :  6.73546e-07
 Reference value :  6.74268e-07
 Reference value :  6.75468e-07
 Reference value :  6.76188e-07
 Reference value :  6.76988e-07
 Reference value :  6.78001e-07
 Reference value :  6.78748e-07
 Reference value :  6.79974e-07
 Reference value :  6.80548e-07
 Reference value :  6.81748e-07
 Reference value :  6.82468e-07
 Reference value :  6.83668e-07
 Reference value :  6.84348e-07
 Reference value :  6.85068e-07
 Reference value :  6.86019e-07
 Reference value :  6.87028e-07
 Reference value :  6.88015e-07
 Reference value :  6.88828e-07
 Reference value :  6.90000e-07
 Reference value :  6.90748e-07
 Reference value :  6.91948e-07
 Reference value :  6.92508e-07
 Reference value :  6.93388e-07
 Reference value :  6.94188e-07
 Reference value :  6.95388e-07
 Reference value :  6.96146e-07
 Reference value :  6.97066e-07
 Reference value :  6.98015e-07
 Reference value :  6.98908e-07
 Reference value :  7.00001e-07
 Reference value :  7.00588e-07
 Reference value :  7.01468e-07
 Reference value :  7.02228e-07
 Reference value :  7.03428e-07
 Reference value :  7.04228e-07
 Reference value :  7.05268e-07
 Reference value :  7.06108e-07
 Reference value :  7.07268e-07
 Reference value :  7.08108e-07
 Reference value :  7.08908e-07
 Reference value :  7.09868e-07
 Reference value :  7.10588e-07
 Reference value :  7.11828e-07
 Reference value :  7.12468e-07
 Reference value :  7.13588e-07
 Reference value :  7.14308e-07
 Reference value :  7.15508e-07
 Reference value :  7.16228e-07
 Reference value :  7.16948e-07
 Reference value :  7.18001e-07
 Reference value :  7.18828e-07
 Reference value :  7.20001e-07
 Reference value :  7.20668e-07
 Reference value :  7.21868e-07
 Reference value :  7.22548e-07
 Reference value :  7.23748e-07
 Reference value :  7.24388e-07
 Reference value :  7.25268e-07
 Reference value :  7.26148e-07
 Reference value :  7.27268e-07
 Reference value :  7.28108e-07
 Reference value :  7.29028e-07
 Reference value :  7.30013e-07
 Reference value :  7.30908e-07
 Reference value :  7.32008e-07
 Reference value :  7.32628e-07
 Reference value :  7.33548e-07
 Reference value :  7.34268e-07
 Reference value :  7.35468e-07
 Reference value :  7.36268e-07
 Reference value :  7.37268e-07
 Reference value :  7.38068e-07
 Reference value :  7.39148e-07
 Reference value :  7.40019e-07
 Reference value :  7.40748e-07
 Reference value :  7.41668e-07
 Reference value :  7.42428e-07
 Reference value :  7.43628e-07
 Reference value :  7.44348e-07
 Reference value :  7.45428e-07
 Reference value :  7.46148e-07
 Reference value :  7.47228e-07
 Reference value :  7.48040e-07
 Reference value :  7.48748e-07
 Reference value :  7.49748e-07
 Reference value :  7.50468e-07
 Reference value :  7.51628e-07
 Reference value :  7.52388e-07
 Reference value :  7.53468e-07
 Reference value :  7.54228e-07
 Reference value :  7.55388e-07
 Reference value :  7.56148e-07
 Reference value :  7.56948e-07
 Reference value :  7.58000e-07
 Reference value :  7.58748e-07
 Reference value :  7.59948e-07
 Reference value :  7.60508e-07
 Reference value :  7.61628e-07
 Reference value :  7.62308e-07
 Reference value :  7.63548e-07
 Reference value :  7.64268e-07
 Reference value :  7.65068e-07
 Reference value :  7.66068e-07
 Reference value :  7.67828e-07
 Reference value :  7.68868e-07
 Reference value :  7.70019e-07
 Reference value :  7.70948e-07
 Reference value :  7.72004e-07
 Reference value :  7.72588e-07
 Reference value :  7.73428e-07
 Reference value :  7.74188e-07
 Reference value :  7.75428e-07
 Reference value :  7.76188e-07
 Reference value :  7.77148e-07
 Reference value :  7.78026e-07
 Reference value :  7.79028e-07
 Reference value :  7.80013e-07
 Reference value :  7.80748e-07
 Reference value :  7.81708e-07
 Reference value :  7.82668e-07
 Reference value :  7.84013e-07
 Reference value :  7.84788e-07
 Reference value :  7.85974e-07
 Reference value :  7.86668e-07
 Reference value :  7.87868e-07
 Reference value :  7.88428e-07
 Reference value :  7.89268e-07
 Reference value :  7.90068e-07
 Reference value :  7.91148e-07
 Reference value :  7.92019e-07
 Reference value :  7.92828e-07
 Reference value :  7.94000e-07
 Reference value :  7.94708e-07
 Reference value :  7.95868e-07
 Reference value :  7.96466e-07
 Reference value :  7.97306e-07
 Reference value :  7.98108e-07
 Reference value :  7.99228e-07
 Reference value :  8.00068e-07
 Reference value :  8.00988e-07
 Reference value :  8.02008e-07
 Reference value :  8.02868e-07
 Reference value :  8.04004e-07
 Reference value :  8.04588e-07
 Reference value :  8.05588e-07
 Reference value :  8.06388e-07
 Reference value :  8.07548e-07
 Reference value :  8.08428e-07
 Reference value :  8.09788e-07
 Reference value :  8.10588e-07
 Reference value :  8.11788e-07
 Reference value :  8.12388e-07
 Reference value :  8.13108e-07
 Reference value :  8.14026e-07
 Reference value :  8.15068e-07
 Reference value :  8.16019e-07
 Reference value :  8.16828e-07
 Reference value :  8.18000e-07
 Reference value :  8.18748e-07
 Reference value :  8.19974e-07
 Reference value :  8.20586e-07
 Reference value :  8.21546e-07
 Reference value :  8.22348e-07
 Reference value :  8.23548e-07
 Reference value :  8.24268e-07
 Reference value :  8.25308e-07
 Reference value :  8.26108e-07
 Reference value :  8.27188e-07
 Reference value :  8.28040e-07
 Reference value :  8.28788e-07
 Reference value :  8.29828e-07
 Reference value :  8.30548e-07
 Reference value :  8.31788e-07
 Reference value :  8.32428e-07
 Reference value :  8.33548e-07
 Reference value :  8.34268e-07
 Reference value :  8.35548e-07
 Reference value :  8.36308e-07
 Reference value :  8.37228e-07
 Reference value :  8.38108e-07
 Reference value :  8.39268e-07
 Reference value :  8.40108e-07
 Reference value :  8.41108e-07
 Reference value :  8.42019e-07
 Reference value :  8.43028e-07
 Reference value :  8.44018e-07
 Reference value :  8.44746e-07
 Reference value :  8.45706e-07
 Reference value :  8.46428e-07
 Reference value :  8.47628e-07
 Reference value :  8.48348e-07
 Reference value :  8.49428e-07
 Reference value :  8.50188e-07
 Reference value :  8.51308e-07
 Reference value :  8.52188e-07
 Reference value :  8.52988e-07
 Reference value :  8.54004e-07
 Reference value :  8.54828e-07
 Reference value :  8.56000e-07
 Reference value :  8.56628e-07
 Reference value :  8.57828e-07
 Reference value :  8.58508e-07
 Reference value :  8.59708e-07
 Reference value :  8.60348e-07
 Reference value :  8.61228e-07
 Reference value :  8.62348e-07
 Reference value :  8.63828e-07
 Reference value :  8.64468e-07
 Reference value :  8.65588e-07
 Reference value :  8.66268e-07
 Reference value :  8.67508e-07
 Reference value :  8.68266e-07
 Reference value :  8.69066e-07
 Reference value :  8.70013e-07
 Reference value :  8.70948e-07
 Reference value :  8.72068e-07
 Reference value :  8.72988e-07
 Reference value :  8.74013e-07
 Reference value :  8.74908e-07
 Reference value :  8.76004e-07
 Reference value :  8.76588e-07
 Reference value :  8.77468e-07
 Reference value :  8.78228e-07
 Reference value :  8.79468e-07
 Reference value :  8.80228e-07
 Reference value :  8.81268e-07
 Reference value :  8.82108e-07
 Reference value :  8.83228e-07
 Reference value :  8.84068e-07
 Reference value :  8.84908e-07
 Reference value :  8.85974e-07
 Reference value :  8.86948e-07
 Reference value :  8.88019e-07
 Reference value :  8.88908e-07
 Reference value :  8.90008e-07
 Reference value :  8.90828e-07
 Reference value :  8.92000e-07
 Reference value :  8.92586e-07
 Reference value :  8.93546e-07
 Reference value :  8.94308e-07
 Reference value :  8.95548e-07
 Reference value :  8.96308e-07
 Reference value :  8.97388e-07
 Reference value :  8.98188e-07
 Reference value :  8.99348e-07
 Reference value :  9.00108e-07
 Reference value :  9.00908e-07
 Reference value :  9.01828e-07
 Reference value :  9.02588e-07
 Reference value :  9.03828e-07
 Reference value :  9.04468e-07
 Reference value :  9.05588e-07
 Reference value :  9.06268e-07
 Reference value :  9.07468e-07
 Reference value :  9.08188e-07
 Reference value :  9.08948e-07
 Reference value :  9.10001e-07
 Reference value :  9.10788e-07
 Reference value :  9.11974e-07
 Reference value :  9.12548e-07
 Reference value :  9.13708e-07
 Reference value :  9.14388e-07
 Reference value :  9.15588e-07
 Reference value :  9.16306e-07
 Reference value :  9.17106e-07
 Reference value :  9.18015e-07
 Reference value :  9.18988e-07
 Reference value :  9.20013e-07
 Reference value :  9.20708e-07
 Reference value :  9.21948e-07
 Reference value :  9.22668e-07
 Reference value :  9.23908e-07
 Reference value :  9.24468e-07
 Reference value :  9.25268e-07
 Reference value :  9.26108e-07
 Reference value :  9.27268e-07
 Reference value :  9.28308e-07
 Reference value :  9.29348e-07
 Reference value :  9.30148e-07
 Reference value :  9.31268e-07
 Reference value :  9.32108e-07
 Reference value :  9.32948e-07
 Reference value :  9.33974e-07
 Reference value :  9.34708e-07
 Reference value :  9.35908e-07
 Reference value :  9.36548e-07
 Reference value :  9.37748e-07
 Reference value :  9.38428e-07
 Reference value :  9.39588e-07
 Reference value :  9.40306e-07
 Reference value :  9.41026e-07
 Reference value :  9.42013e-07
 Reference value :  9.42948e-07
 Reference value :  9.44008e-07
 Reference value :  9.44708e-07
 Reference value :  9.45948e-07
 Reference value :  9.46628e-07
 Reference value :  9.47788e-07
 Reference value :  9.48388e-07
 Reference value :  9.49188e-07
 Reference value :  9.50040e-07
 Reference value :  9.51108e-07
 Reference value :  9.52026e-07
 Reference value :  9.52868e-07
 Reference value :  9.54001e-07
 Reference value :  9.54748e-07
 Reference value :  9.55948e-07
 Reference value :  9.56508e-07
 Reference value :  9.57348e-07
 Reference value :  9.58148e-07
 Reference value :  9.59308e-07
 Reference value :  9.60148e-07
 Reference value :  9.61068e-07
 Reference value :  9.62019e-07
 Reference value :  9.62988e-07
 Reference value :  9.64008e-07
 Reference value :  9.64628e-07
 Reference value :  9.65468e-07
 Reference value :  9.66228e-07
 Reference value :  9.67388e-07
 Reference value :  9.68148e-07
 Reference value :  9.69228e-07
 Reference value :  9.70068e-07
 Reference value :  9.71108e-07
 Reference value :  9.72019e-07
 Reference value :  9.72708e-07
 Reference value :  9.73628e-07
 Reference value :  9.74388e-07
 Reference value :  9.75588e-07
 Reference value :  9.76308e-07
 Reference value :  9.77388e-07
 Reference value :  9.78188e-07
 Reference value :  9.79508e-07
 Reference value :  9.80348e-07
 Reference value :  9.81148e-07
 Reference value :  9.82026e-07
 Reference value :  9.83108e-07
 Reference value :  9.84026e-07
 Reference value :  9.84868e-07
 Reference value :  9.86001e-07
 Reference value :  9.86788e-07
 Reference value :  9.88001e-07
 Reference value :  9.88588e-07
 Reference value :  9.89508e-07
 Reference value :  9.90228e-07
 Reference value :  9.91428e-07
 Reference value :  9.92268e-07
 Reference value :  9.93308e-07
 Reference value :  9.94108e-07
 Reference value :  9.95148e-07
 Reference value :  9.96040e-07
 Reference value :  9.96828e-07
 Reference value :  9.97828e-07
 Reference value :  9.98588e-07
 Reference value :  9.99828e-07
 Reference value :  1.00051e-06
 Reference value :  1.00167e-06
 Reference value :  1.00235e-06
 Reference value :  1.00359e-06
 Reference value :  1.00431e-06
 Reference value :  1.00503e-06
 Reference value :  1.00601e-06
 Reference value :  1.00711e-06
 Reference value :  1.00807e-06
 Reference value :  1.00903e-06
 Reference value :  1.01007e-06
 Reference value :  1.01139e-06
 Reference value :  1.01223e-06
 Reference value :  1.01303e-06
 Reference value :  1.01401e-06
 Reference value :  1.01495e-06
 Reference value :  1.01601e-06
 Reference value :  1.01679e-06
 Reference value :  1.01800e-06
 Reference value :  1.01871e-06
 Reference value :  1.01995e-06
 Reference value :  1.02051e-06
 Reference value :  1.02139e-06
 Reference value :  1.02219e-06
 Reference value :  1.02339e-06
 Reference value :  1.02415e-06
 Reference value :  1.02511e-06
 Reference value :  1.02604e-06
 Reference value :  1.02723e-06
 Reference value :  1.02815e-06
 Reference value :  1.02895e-06
 Reference value :  1.02987e-06
 Reference value :  1.03059e-06
 Reference value :  1.03183e-06
 Reference value :  1.03251e-06
 Reference value :  1.03371e-06
 Reference value :  1.03443e-06
 Reference value :  1.03571e-06
 Reference value :  1.03639e-06
 Reference value :  1.03715e-06
 Reference value :  1.03802e-06
 Reference value :  1.03907e-06
 Reference value :  1.04002e-06
 Reference value :  1.04087e-06
 Reference value :  1.04200e-06
 Reference value :  1.04283e-06
 Reference value :  1.04400e-06
 Reference value :  1.04455e-06
 Reference value :  1.04543e-06
 Reference value :  1.04623e-06
 Reference value :  1.04743e-06
 Reference value :  1.04823e-06
 Reference value :  1.04923e-06
 Reference value :  1.05004e-06
 Reference value :  1.05111e-06
 Reference value :  1.05203e-06
 Reference value :  1.05279e-06
 Reference value :  1.05387e-06
 Reference value :  1.05463e-06
 Reference value :  1.05583e-06
 Reference value :  1.05651e-06
 Reference value :  1.05771e-06
 Reference value :  1.05843e-06
 Reference value :  1.05967e-06
 Reference value :  1.06035e-06
 Reference value :  1.06123e-06
 Reference value :  1.06211e-06
 Reference value :  1.06323e-06
 Reference value :  1.06407e-06
 Reference value :  1.06499e-06
 Reference value :  1.06601e-06
 Reference value :  1.06691e-06
 Reference value :  1.06800e-06
 Reference value :  1.06859e-06
 Reference value :  1.06943e-06
 Reference value :  1.07019e-06
 Reference value :  1.07139e-06
 Reference value :  1.07219e-06
 Reference value :  1.07315e-06
 Reference value :  1.07403e-06
 Reference value :  1.07503e-06
 Reference value :  1.07601e-06
 Reference value :  1.07671e-06
 Reference value :  1.07771e-06
 Reference value :  1.07843e-06
 Reference value :  1.07967e-06
 Reference value :  1.08039e-06
 Reference value :  1.08147e-06
 Reference value :  1.08227e-06
 Reference value :  1.08347e-06
 Reference value :  1.08423e-06
 Reference value :  1.08499e-06
 Reference value :  1.08601e-06
 Reference value :  1.08687e-06
 Reference value :  1.08800e-06
 Reference value :  1.08871e-06
 Reference value :  1.08991e-06
 Reference value :  1.09059e-06
 Reference value :  1.09179e-06
 Reference value :  1.09243e-06
 Reference value :  1.09323e-06
 Reference value :  1.09404e-06
 Reference value :  1.09511e-06
 Reference value :  1.09603e-06
 Reference value :  1.09691e-06
 Reference value :  1.09800e-06
 Reference value :  1.09875e-06
 Reference value :  1.09995e-06
 Reference value :  1.10051e-06
 Reference value :  1.10135e-06
 Reference value :  1.10215e-06
 Reference value :  1.10331e-06
 Reference value :  1.10411e-06
 Reference value :  1.10507e-06
 Reference value :  1.10602e-06
 Reference value :  1.10699e-06
 Reference value :  1.10801e-06
 Reference value :  1.10867e-06
 Reference value :  1.10963e-06
 Reference value :  1.11035e-06
 Reference value :  1.11159e-06
 Reference value :  1.11235e-06
 Reference value :  1.11343e-06
 Reference value :  1.11419e-06
 Reference value :  1.11531e-06
 Reference value :  1.11611e-06
 Reference value :  1.11687e-06
 Reference value :  1.11800e-06
 Reference value :  1.11875e-06
 Reference value :  1.11997e-06
 Reference value :  1.12059e-06
 Reference value :  1.12179e-06
 Reference value :  1.12247e-06
 Reference value :  1.12363e-06
 Reference value :  1.12431e-06
 Reference value :  1.12507e-06
 Reference value :  1.12601e-06
 Reference value :  1.12699e-06
 Reference value :  1.12801e-06
 Reference value :  1.12879e-06
 Reference value :  1.13000e-06
 Reference value :  1.13075e-06
 Reference value :  1.13195e-06
 Reference value :  1.13251e-06
 Reference value :  1.13335e-06
 Reference value :  1.13423e-06
 Reference value :  1.13547e-06
 Reference value :  1.13623e-06
 Reference value :  1.13727e-06
 Reference value :  1.13811e-06
 Reference value :  1.13919e-06
 Reference value :  1.14004e-06
 Reference value :  1.14087e-06
 Reference value :  1.14191e-06
 Reference value :  1.14267e-06
 Reference value :  1.14391e-06
 Reference value :  1.14455e-06
 Reference value :  1.14575e-06
 Reference value :  1.14647e-06
 Reference value :  1.14779e-06
 Reference value :  1.14839e-06
 Reference value :  1.14923e-06
 Reference value :  1.15011e-06
 Reference value :  1.15127e-06
 Reference value :  1.15207e-06
 Reference value :  1.15331e-06
 Reference value :  1.15459e-06
 Reference value :  1.15602e-06
 Reference value :  1.15707e-06
 Reference value :  1.15819e-06
 Reference value :  1.15947e-06
 Reference value :  1.16023e-06
 Reference value :  1.16123e-06
 Reference value :  1.16207e-06
 Reference value :  1.16319e-06
 Reference value :  1.16407e-06
 Reference value :  1.16491e-06
 Reference value :  1.16604e-06
 Reference value :  1.16715e-06
 Reference value :  1.16803e-06
 Reference value :  1.16891e-06
 Reference value :  1.17001e-06
 Reference value :  1.17083e-06
 Reference value :  1.17200e-06
 Reference value :  1.17259e-06
 Reference value :  1.17355e-06
 Reference value :  1.17427e-06
 Reference value :  1.17547e-06
 Reference value :  1.17623e-06
 Reference value :  1.17719e-06
 Reference value :  1.17804e-06
 Reference value :  1.17907e-06
 Reference value :  1.18002e-06
 Reference value :  1.18075e-06
 Reference value :  1.18175e-06
 Reference value :  1.18255e-06
 Reference value :  1.18371e-06
 Reference value :  1.18439e-06
 Reference value :  1.18547e-06
 Reference value :  1.18623e-06
 Reference value :  1.18743e-06
 Reference value :  1.18819e-06
 Reference value :  1.18899e-06
 Reference value :  1.19000e-06
 Reference value :  1.19083e-06
 Reference value :  1.19197e-06
 Reference value :  1.19255e-06
 Reference value :  1.19371e-06
 Reference value :  1.19443e-06
 Reference value :  1.19563e-06
 Reference value :  1.19631e-06
 Reference value :  1.19703e-06
 Reference value :  1.19801e-06
 Reference value :  1.19899e-06
 Reference value :  1.20001e-06
 Reference value :  1.20071e-06
 Reference value :  1.20195e-06
 Reference value :  1.20263e-06
 Reference value :  1.20383e-06
 Reference value :  1.20443e-06
 Reference value :  1.20523e-06
 Reference value :  1.20604e-06
 Reference value :  1.20719e-06
 Reference value :  1.20804e-06
 Reference value :  1.20891e-06
 Reference value :  1.21000e-06
 Reference value :  1.21079e-06
 Reference value :  1.21195e-06
 Reference value :  1.21251e-06
 Reference value :  1.21331e-06
 Reference value :  1.21415e-06
 Reference value :  1.21527e-06
 Reference value :  1.21607e-06
 Reference value :  1.21699e-06
 Reference value :  1.21801e-06
 Reference value :  1.21883e-06
 Reference value :  1.22000e-06
 Reference value :  1.22055e-06
 Reference value :  1.22139e-06
 Reference value :  1.22219e-06
 Reference value :  1.22335e-06
 Reference value :  1.22415e-06
 Reference value :  1.22511e-06
 Reference value :  1.22602e-06
 Reference value :  1.22699e-06
 Reference value :  1.22801e-06
 Reference value :  1.22867e-06
 Reference value :  1.22955e-06
 Reference value :  1.23027e-06
 Reference value :  1.23147e-06
 Reference value :  1.23223e-06
 Reference value :  1.23323e-06
 Reference value :  1.23407e-06
 Reference value :  1.23511e-06
 Reference value :  1.23602e-06
 Reference value :  1.23671e-06
 Reference value :  1.23767e-06
 Reference value :  1.23839e-06
 Reference value :  1.23963e-06
 Reference value :  1.24035e-06
 Reference value :  1.24143e-06
 Reference value :  1.24219e-06
 Reference value :  1.24335e-06
 Reference value :  1.24415e-06
 Reference value :  1.24491e-06
 Reference value :  1.24600e-06
 Reference value :  1.24675e-06
 Reference value :  1.24795e-06
 Reference value :  1.24855e-06
 Reference value :  1.24971e-06
 Reference value :  1.25039e-06
 Reference value :  1.25159e-06
 Reference value :  1.25231e-06
 Reference value :  1.25327e-06
 Reference value :  1.25404e-06
 Reference value :  1.25507e-06
 Reference value :  1.25602e-06
 Reference value :  1.25679e-06
 Reference value :  1.25797e-06
 Reference value :  1.25867e-06
 Reference value :  1.25987e-06
 Reference value :  1.26043e-06
 Reference value :  1.26115e-06
 Reference value :  1.26203e-06
 Reference value :  1.26315e-06
 Reference value :  1.26404e-06
 Reference value :  1.26495e-06
 Reference value :  1.26601e-06
 Reference value :  1.26691e-06
 Reference value :  1.26800e-06
 Reference value :  1.26863e-06
 Reference value :  1.26959e-06
 Reference value :  1.27035e-06
 Reference value :  1.27159e-06
 Reference value :  1.27231e-06
 Reference value :  1.27335e-06
 Reference value :  1.27415e-06
 Reference value :  1.27539e-06
 Reference value :  1.27619e-06
 Reference value :  1.27695e-06
 Reference value :  1.27800e-06
 Reference value :  1.27887e-06
 Reference value :  1.28000e-06
 Reference value :  1.28059e-06
 Reference value :  1.28183e-06
 Reference value :  1.28251e-06
 Reference value :  1.28375e-06
 Reference value :  1.28435e-06
 Reference value :  1.28515e-06
 Reference value :  1.28601e-06
 Reference value :  1.28699e-06
 Reference value :  1.28801e-06
 Reference value :  1.28883e-06
 Reference value :  1.29000e-06
 Reference value :  1.29075e-06
 Reference value :  1.29197e-06
 Reference value :  1.29255e-06
 Reference value :  1.29331e-06
 Reference value :  1.29411e-06
 Reference value :  1.29523e-06
 Reference value :  1.29607e-06
 Reference value :  1.29703e-06
 Reference value :  1.29802e-06
 Reference value :  1.29899e-06
 Reference value :  1.30001e-06
 Reference value :  1.30067e-06
 Reference value :  1.30167e-06
 Reference value :  1.30239e-06
 Reference value :  1.30359e-06
 Reference value :  1.30431e-06
 Reference value :  1.30535e-06
 Reference value :  1.30615e-06
 Reference value :  1.30727e-06
 Reference value :  1.30807e-06
 Reference value :  1.30883e-06
 Reference value :  1.30991e-06
 Reference value :  1.31063e-06
 Reference value :  1.31197e-06
 Reference value :  1.31259e-06
 Reference value :  1.31379e-06
 Reference value :  1.31451e-06
 Reference value :  1.31575e-06
 Reference value :  1.31635e-06
 Reference value :  1.31715e-06
 Reference value :  1.31802e-06
 Reference value :  1.31903e-06
 Reference value :  1.32001e-06
 Reference value :  1.32075e-06
 Reference value :  1.32197e-06
 Reference value :  1.32267e-06
 Reference value :  1.32391e-06
 Reference value :  1.32447e-06
 Reference value :  1.32523e-06
 Reference value :  1.32604e-06
 Reference value :  1.32707e-06
 Reference value :  1.32801e-06
 Reference value :  1.32875e-06
 Reference value :  1.32995e-06
 Reference value :  1.33063e-06
 Reference value :  1.33183e-06
 Reference value :  1.33247e-06
 Reference value :  1.33327e-06
 Reference value :  1.33407e-06
 Reference value :  1.33519e-06
 Reference value :  1.33604e-06
 Reference value :  1.33687e-06
 Reference value :  1.33800e-06
 Reference value :  1.33871e-06
 Reference value :  1.33991e-06
 Reference value :  1.34043e-06
 Reference value :  1.34119e-06
 Reference value :  1.34203e-06
 Reference value :  1.34307e-06
 Reference value :  1.34401e-06
 Reference value :  1.34475e-06
 Reference value :  1.34591e-06
 Reference value :  1.34659e-06
 Reference value :  1.34775e-06
 Reference value :  1.34835e-06
 Reference value :  1.34911e-06
 Reference value :  1.35001e-06
 Reference value :  1.35087e-06
 Reference value :  1.35200e-06
 Reference value :  1.35259e-06
 Reference value :  1.35375e-06
 Reference value :  1.35439e-06
 Reference value :  1.35555e-06
 Reference value :  1.35623e-06
 Reference value :  1.35695e-06
 Reference value :  1.35800e-06
 Reference value :  1.35875e-06
 Reference value :  1.35995e-06
 Reference value :  1.36055e-06
 Reference value :  1.36171e-06
 Reference value :  1.36235e-06
 Reference value :  1.36359e-06
 Reference value :  1.36427e-06
 Reference value :  1.36507e-06
 Reference value :  1.36602e-06
 Reference value :  1.36695e-06
 Reference value :  1.36801e-06
 Reference value :  1.36867e-06
 Reference value :  1.36991e-06
 Reference value :  1.37059e-06
 Reference value :  1.37179e-06
 Reference value :  1.37243e-06
 Reference value :  1.37327e-06
 Reference value :  1.37411e-06
 Reference value :  1.37539e-06
 Reference value :  1.37615e-06
 Reference value :  1.37715e-06
 Reference value :  1.37803e-06
 Reference value :  1.37907e-06
 Reference value :  1.38002e-06
 Reference value :  1.38075e-06
 Reference value :  1.38171e-06
 Reference value :  1.38243e-06
 Reference value :  1.38363e-06
 Reference value :  1.38443e-06
 Reference value :  1.38563e-06
 Reference value :  1.38631e-06
 Reference value :  1.38755e-06
 Reference value :  1.38827e-06
 Reference value :  1.38899e-06
 Reference value :  1.39001e-06
 Reference value :  1.39091e-06
 Reference value :  1.39200e-06
 Reference value :  1.39263e-06
 Reference value :  1.39379e-06
 Reference value :  1.39443e-06
 Reference value :  1.39559e-06
 Reference value :  1.39627e-06
 Reference value :  1.39711e-06
 Reference value :  1.39802e-06
 Reference value :  1.39903e-06
 Reference value :  1.40002e-06
 Reference value :  1.40083e-06
 Reference value :  1.40200e-06
 Reference value :  1.40275e-06
 Reference value :  1.40395e-06
 Reference value :  1.40451e-06
 Reference value :  1.40535e-06
 Reference value :  1.40619e-06
 Reference value :  1.40731e-06
 Reference value :  1.40819e-06
 Reference value :  1.40947e-06
 Reference value :  1.41019e-06
 Reference value :  1.41167e-06
 Reference value :  1.41247e-06
 Reference value :  1.41323e-06
 Reference value :  1.41402e-06
 Reference value :  1.41503e-06
 Reference value :  1.41601e-06
 Reference value :  1.41679e-06
 Reference value :  1.41797e-06
 Reference value :  1.41867e-06
 Reference value :  1.41987e-06
 Reference value :  1.42043e-06
 Reference value :  1.42127e-06
 Reference value :  1.42211e-06
 Reference value :  1.42323e-06
 Reference value :  1.42404e-06
 Reference value :  1.42487e-06
 Reference value :  1.42600e-06
 Reference value :  1.42667e-06
 Reference value :  1.42787e-06
 Reference value :  1.42847e-06
 Reference value :  1.42935e-06
 Reference value :  1.43015e-06
 Reference value :  1.43127e-06
 Reference value :  1.43211e-06
 Reference value :  1.43311e-06
 Reference value :  1.43402e-06
 Reference value :  1.43499e-06
 Reference value :  1.43601e-06
 Reference value :  1.43667e-06
 Reference value :  1.43759e-06
 Reference value :  1.43835e-06
 Reference value :  1.43955e-06
 Reference value :  1.44027e-06
 Reference value :  1.44127e-06
 Reference value :  1.44211e-06
 Reference value :  1.44319e-06
 Reference value :  1.44404e-06
 Reference value :  1.44479e-06
 Reference value :  1.44575e-06
 Reference value :  1.44651e-06
 Reference value :  1.44767e-06
 Reference value :  1.44835e-06
 Reference value :  1.44939e-06
 Reference value :  1.45019e-06
 Reference value :  1.45131e-06
 Reference value :  1.45211e-06
 Reference value :  1.45283e-06
 Reference value :  1.45383e-06
 Reference value :  1.45451e-06
 Reference value :  1.45571e-06
 Reference value :  1.45639e-06
 Reference value :  1.45743e-06
 Reference value :  1.45823e-06
 Reference value :  1.45939e-06
 Reference value :  1.46015e-06
 Reference value :  1.46091e-06
 Reference value :  1.46197e-06
 Reference value :  1.46267e-06
 Reference value :  1.46387e-06
 Reference value :  1.46447e-06
 Reference value :  1.46559e-06
 Reference value :  1.46631e-06
 Reference value :  1.46751e-06
 Reference value :  1.46823e-06
 Reference value :  1.46895e-06
 Reference value :  1.47000e-06
 Reference value :  1.47087e-06
 Reference value :  1.47200e-06
 Reference value :  1.47263e-06
 Reference value :  1.47383e-06
 Reference value :  1.47451e-06
 Reference value :  1.47571e-06
 Reference value :  1.47635e-06
 Reference value :  1.47715e-06
 Reference value :  1.47802e-06
 Reference value :  1.47907e-06
 Reference value :  1.48039e-06
 Reference value :  1.48200e-06
 Reference value :  1.48335e-06
 Reference value :  1.48451e-06
 Reference value :  1.48535e-06
 Reference value :  1.48611e-06
 Reference value :  1.48723e-06
 Reference value :  1.48815e-06
 Reference value :  1.48935e-06
 Reference value :  1.49015e-06
 Reference value :  1.49127e-06
 Reference value :  1.49211e-06
 Reference value :  1.49291e-06
 Reference value :  1.49397e-06
 Reference value :  1.49475e-06
 Reference value :  1.49595e-06
 Reference value :  1.49655e-06
 Reference value :  1.49775e-06
 Reference value :  1.49843e-06
 Reference value :  1.49963e-06
 Reference value :  1.50031e-06
 Reference value :  1.50107e-06
 Reference value :  1.50202e-06
 Reference value :  1.50299e-06
 Reference value :  1.50401e-06
 Reference value :  1.50479e-06
 Reference value :  1.50600e-06
 Reference value :  1.50671e-06
 Reference value :  1.50797e-06
 Reference value :  1.50855e-06
 Reference value :  1.50935e-06
 Reference value :  1.51015e-06
 Reference value :  1.51163e-06
 Reference value :  1.51235e-06
 Reference value :  1.51351e-06
 Reference value :  1.51427e-06
 Reference value :  1.51543e-06
 Reference value :  1.51631e-06
 Reference value :  1.51707e-06
 Reference value :  1.51801e-06
 Reference value :  1.51895e-06
 Reference value :  1.52001e-06
 Reference value :  1.52075e-06
 Reference value :  1.52195e-06
 Reference value :  1.52263e-06
 Reference value :  1.52379e-06
 Reference value :  1.52439e-06
 Reference value :  1.52519e-06
 Reference value :  1.52604e-06
 Reference value :  1.52711e-06
 Reference value :  1.52802e-06
 Reference value :  1.52883e-06
 Reference value :  1.53000e-06
 Reference value :  1.53071e-06
 Reference value :  1.53191e-06
 Reference value :  1.53251e-06
 Reference value :  1.53335e-06
 Reference value :  1.53415e-06
 Reference value :  1.53527e-06
 Reference value :  1.53611e-06
 Reference value :  1.53707e-06
 Reference value :  1.53802e-06
 Reference value :  1.53891e-06
 Reference value :  1.54000e-06
 Reference value :  1.54059e-06
 Reference value :  1.54135e-06
 Reference value :  1.54211e-06
 Reference value :  1.54323e-06
 Reference value :  1.54415e-06
 Reference value :  1.54519e-06
 Reference value :  1.54603e-06
 Reference value :  1.54707e-06
 Reference value :  1.54801e-06
 Reference value :  1.54871e-06
 Reference value :  1.54955e-06
 Reference value :  1.55027e-06
 Reference value :  1.55155e-06
 Reference value :  1.55231e-06
 Reference value :  1.55335e-06
 Reference value :  1.55415e-06
 Reference value :  1.55527e-06
 Reference value :  1.55607e-06
 Reference value :  1.55687e-06
 Reference value :  1.55791e-06
 Reference value :  1.55863e-06
 Reference value :  1.55979e-06
 Reference value :  1.56043e-06
 Reference value :  1.56155e-06
 Reference value :  1.56227e-06
 Reference value :  1.56343e-06
 Reference value :  1.56419e-06
 Reference value :  1.56491e-06
 Reference value :  1.56600e-06
 Reference value :  1.56679e-06
 Reference value :  1.56797e-06
 Reference value :  1.56855e-06
 Reference value :  1.56971e-06
 Reference value :  1.57039e-06
 Reference value :  1.57159e-06
 Reference value :  1.57227e-06
 Reference value :  1.57307e-06
 Reference value :  1.57401e-06
 Reference value :  1.57491e-06
 Reference value :  1.57600e-06
 Reference value :  1.57671e-06
 Reference value :  1.57795e-06
 Reference value :  1.57867e-06
 Reference value :  1.57987e-06
 Reference value :  1.58047e-06
 Reference value :  1.58123e-06
 Reference value :  1.58207e-06
 Reference value :  1.58315e-06
 Reference value :  1.58404e-06
 Reference value :  1.58499e-06
 Reference value :  1.58601e-06
 Reference value :  1.58699e-06
 Reference value :  1.58801e-06
 Reference value :  1.58867e-06
 Reference value :  1.58963e-06
 Reference value :  1.59035e-06
 Reference value :  1.59155e-06
 Reference value :  1.59231e-06
 Reference value :  1.59335e-06
 Reference value :  1.59415e-06
 Reference value :  1.59531e-06
 Reference value :  1.59611e-06
 Reference value :  1.59687e-06
 Reference value :  1.59797e-06
 Reference value :  1.59875e-06
 Reference value :  1.59995e-06
 Reference value :  1.60055e-06
 Reference value :  1.60171e-06
 Reference value :  1.60251e-06
 Reference value :  1.60395e-06
 Reference value :  1.60451e-06
 Reference value :  1.60527e-06
 Reference value :  1.60611e-06
 Reference value :  1.60727e-06
 Reference value :  1.60811e-06
 Reference value :  1.60903e-06
 Reference value :  1.61002e-06
 Reference value :  1.61095e-06
 Reference value :  1.61201e-06
 Reference value :  1.61263e-06
 Reference value :  1.61351e-06
 Reference value :  1.61423e-06
 Reference value :  1.61539e-06
 Reference value :  1.61615e-06
 Reference value :  1.61711e-06
 Reference value :  1.61802e-06
 Reference value :  1.61903e-06
 Reference value :  1.62001e-06
 Reference value :  1.62071e-06
 Reference value :  1.62163e-06
 Reference value :  1.62235e-06
 Reference value :  1.62363e-06
 Reference value :  1.62431e-06
 Reference value :  1.62535e-06
 Reference value :  1.62615e-06
 Reference value :  1.62731e-06
 Reference value :  1.62811e-06
 Reference value :  1.62883e-06
 Reference value :  1.62991e-06
 Reference value :  1.63067e-06
 Reference value :  1.63191e-06
 Reference value :  1.63251e-06
 Reference value :  1.63375e-06
 Reference value :  1.63443e-06
 Reference value :  1.63559e-06
 Reference value :  1.63647e-06
 Reference value :  1.63727e-06
 Reference value :  1.63839e-06
 Reference value :  1.63959e-06
 Reference value :  1.64035e-06
 Reference value :  1.64191e-06
 Reference value :  1.64263e-06
 Reference value :  1.64391e-06
 Reference value :  1.64447e-06
 Reference value :  1.64531e-06
 Reference value :  1.64615e-06
 Reference value :  1.64731e-06
 Reference value :  1.64811e-06
 Reference value :  1.64907e-06
 Reference value :  1.65002e-06
 Reference value :  1.65103e-06
 Reference value :  1.65201e-06
 Reference value :  1.65271e-06
 Reference value :  1.65375e-06
 Reference value :  1.65447e-06
 Reference value :  1.65600e-06
 Reference value :  1.65663e-06
 Reference value :  1.65800e-06
 Reference value :  1.65895e-06
 Reference value :  1.66001e-06
 Reference value :  1.66067e-06
 Reference value :  1.66175e-06
 Reference value :  1.66251e-06
 Reference value :  1.66375e-06
 Reference value :  1.66443e-06
 Reference value :  1.66551e-06
 Reference value :  1.66623e-06
 Reference value :  1.66743e-06
 Reference value :  1.66819e-06
 Reference value :  1.66899e-06
 Reference value :  1.67000e-06
 Reference value :  1.67075e-06
 Reference value :  1.67195e-06
 Reference value :  1.67255e-06
 Reference value :  1.67379e-06
 Reference value :  1.67447e-06
 Reference value :  1.67567e-06
 Reference value :  1.67635e-06
 Reference value :  1.67715e-06
 Reference value :  1.67803e-06
 Reference value :  1.67911e-06
 Reference value :  1.68003e-06
 Reference value :  1.68099e-06
 Reference value :  1.68201e-06
 Reference value :  1.68311e-06
 Reference value :  1.68403e-06
 Reference value :  1.68483e-06
 Reference value :  1.68591e-06
 Reference value :  1.68667e-06
 Reference value :  1.68791e-06
 Reference value :  1.68851e-06
 Reference value :  1.68971e-06
 Reference value :  1.69059e-06
 Reference value :  1.69197e-06
 Reference value :  1.69255e-06
 Reference value :  1.69343e-06
 Reference value :  1.69423e-06
 Reference value :  1.69547e-06
 Reference value :  1.69627e-06
 Reference value :  1.69731e-06
 Reference value :  1.69811e-06
 Reference value :  1.69923e-06
 Reference value :  1.70007e-06
 Reference value :  1.70087e-06
 Reference value :  1.70191e-06
 Reference value :  1.70263e-06
 Reference value :  1.70387e-06
 Reference value :  1.70455e-06
 Reference value :  1.70601e-06
 Reference value :  1.70703e-06
 Reference value :  1.70801e-06
 Reference value :  1.70871e-06
 Reference value :  1.70963e-06
 Reference value :  1.71035e-06
 Reference value :  1.71155e-06
 Reference value :  1.71227e-06
 Reference value :  1.71327e-06
 Reference value :  1.71411e-06
 Reference value :  1.71523e-06
 Reference value :  1.71607e-06
 Reference value :  1.71687e-06
 Reference value :  1.71791e-06
 Reference value :  1.71867e-06
 Reference value :  1.71987e-06
 Reference value :  1.72051e-06
 Reference value :  1.72167e-06
 Reference value :  1.72239e-06
 Reference value :  1.72367e-06
 Reference value :  1.72431e-06
 Reference value :  1.72507e-06
 Reference value :  1.72602e-06
 Reference value :  1.72699e-06
 Reference value :  1.72801e-06
 Reference value :  1.72875e-06
 Reference value :  1.72997e-06
 Reference value :  1.73071e-06
 Reference value :  1.73195e-06
 Reference value :  1.73251e-06
 Reference value :  1.73339e-06
 Reference value :  1.73419e-06
 Reference value :  1.73543e-06
 Reference value :  1.73627e-06
 Reference value :  1.73731e-06
 Reference value :  1.73811e-06
 Reference value :  1.73919e-06
 Reference value :  1.74004e-06
 Reference value :  1.74079e-06
 Reference value :  1.74183e-06
 Reference value :  1.74259e-06
 Reference value :  1.74383e-06
 Reference value :  1.74451e-06
 Reference value :  1.74571e-06
 Reference value :  1.74647e-06
 Reference value :  1.74771e-06
 Reference value :  1.74839e-06
 Reference value :  1.74927e-06
 Reference value :  1.75015e-06
 Reference value :  1.75135e-06
 Reference value :  1.75219e-06
 Reference value :  1.75319e-06
 Reference value :  1.75407e-06
 Reference value :  1.75523e-06
 Reference value :  1.75607e-06
 Reference value :  1.75683e-06
 Reference value :  1.75795e-06
 Reference value :  1.75875e-06
 Reference value :  1.75995e-06
 Reference value :  1.76055e-06
 Reference value :  1.76175e-06
 Reference value :  1.76247e-06
 Reference value :  1.76375e-06
 Reference value :  1.76439e-06
 Reference value :  1.76519e-06
 Reference value :  1.76604e-06
 Reference value :  1.76715e-06
 Reference value :  1.76803e-06
 Reference value :  1.76891e-06
 Reference value :  1.77001e-06
 Reference value :  1.77087e-06
 Reference value :  1.77201e-06
 Reference value :  1.77267e-06
 Reference value :  1.77359e-06
 Reference value :  1.77439e-06
 Reference value :  1.77563e-06
 Reference value :  1.77635e-06
 Reference value :  1.77743e-06
 Reference value :  1.77823e-06
 Reference value :  1.77947e-06
 Reference value :  1.78023e-06
 Reference value :  1.78103e-06
 Reference value :  1.78201e-06
 Reference value :  1.78295e-06
 Reference value :  1.78401e-06
 Reference value :  1.78475e-06
 Reference value :  1.78597e-06
 Reference value :  1.78667e-06
 Reference value :  1.78791e-06
 Reference value :  1.78851e-06
 Reference value :  1.78939e-06
 Reference value :  1.79019e-06
 Reference value :  1.79139e-06
 Reference value :  1.79223e-06
 Reference value :  1.79323e-06
 Reference value :  1.79407e-06
 Reference value :  1.79519e-06
 Reference value :  1.79607e-06
 Reference value :  1.79691e-06
 Reference value :  1.79779e-06
 Reference value :  1.79855e-06
 Reference value :  1.79975e-06
 Reference value :  1.80043e-06
 Reference value :  1.80155e-06
 Reference value :  1.80227e-06
 Reference value :  1.80351e-06
 Reference value :  1.80427e-06
 Reference value :  1.80503e-06
 Reference value :  1.80601e-06
 Reference value :  1.80695e-06
 Reference value :  1.80801e-06
 Reference value :  1.80875e-06
 Reference value :  1.80997e-06
 Reference value :  1.81071e-06
 Reference value :  1.81191e-06
 Reference value :  1.81251e-06
 Reference value :  1.81343e-06
 Reference value :  1.81419e-06
 Reference value :  1.81539e-06
 Reference value :  1.81619e-06
 Reference value :  1.81719e-06
 Reference value :  1.81807e-06
 Reference value :  1.81931e-06
 Reference value :  1.82023e-06
 Reference value :  1.82111e-06
 Reference value :  1.82202e-06
 Reference value :  1.82303e-06
 Reference value :  1.82402e-06
 Reference value :  1.82483e-06
 Reference value :  1.82600e-06
 Reference value :  1.82675e-06
 Reference value :  1.82797e-06
 Reference value :  1.82855e-06
 Reference value :  1.82947e-06
 Reference value :  1.83023e-06
 Reference value :  1.83147e-06
 Reference value :  1.83227e-06
 Reference value :  1.83335e-06
 Reference value :  1.83419e-06
 Reference value :  1.83535e-06
 Reference value :  1.83615e-06
 Reference value :  1.83695e-06
 Reference value :  1.83800e-06
 Reference value :  1.83887e-06
 Reference value :  1.84000e-06
 Reference value :  1.84067e-06
 Reference value :  1.84191e-06
 Reference value :  1.84259e-06
 Reference value :  1.84383e-06
 Reference value :  1.84447e-06
 Reference value :  1.84539e-06
 Reference value :  1.84623e-06
 Reference value :  1.84743e-06
 Reference value :  1.84823e-06
 Reference value :  1.84923e-06
 Reference value :  1.85011e-06
 Reference value :  1.85123e-06
 Reference value :  1.85207e-06
 Reference value :  1.85287e-06
 Reference value :  1.85397e-06
 Reference value :  1.85471e-06
 Reference value :  1.85591e-06
 Reference value :  1.85651e-06
 Reference value :  1.85767e-06
 Reference value :  1.85843e-06
 Reference value :  1.85967e-06
 Reference value :  1.86031e-06
 Reference value :  1.86111e-06
 Reference value :  1.86201e-06
 Reference value :  1.86299e-06
 Reference value :  1.86401e-06
 Reference value :  1.86479e-06
 Reference value :  1.86611e-06
 Reference value :  1.86787e-06
 Reference value :  1.86887e-06
 Reference value :  1.87011e-06
 Reference value :  1.87183e-06
 Reference value :  1.87279e-06
 Reference value :  1.87397e-06
 Reference value :  1.87463e-06
 Reference value :  1.87583e-06
 Reference value :  1.87643e-06
 Reference value :  1.87727e-06
 Reference value :  1.87811e-06
 Reference value :  1.87919e-06
 Reference value :  1.88004e-06
 Reference value :  1.88091e-06
 Reference value :  1.88201e-06
 Reference value :  1.88295e-06
 Reference value :  1.88401e-06
 Reference value :  1.88479e-06
 Reference value :  1.88600e-06
 Reference value :  1.88683e-06
 Reference value :  1.88801e-06
 Reference value :  1.88879e-06
 Reference value :  1.88997e-06
 Reference value :  1.89071e-06
 Reference value :  1.89195e-06
 Reference value :  1.89251e-06
 Reference value :  1.89335e-06
 Reference value :  1.89419e-06
 Reference value :  1.89539e-06
 Reference value :  1.89615e-06
 Reference value :  1.89711e-06
 Reference value :  1.89807e-06
 Reference value :  1.89915e-06
 Reference value :  1.90003e-06
 Reference value :  1.90075e-06
 Reference value :  1.90159e-06
 Reference value :  1.90235e-06
 Reference value :  1.90355e-06
 Reference value :  1.90439e-06
 Reference value :  1.90531e-06
 Reference value :  1.90607e-06
 Reference value :  1.90711e-06
 Reference value :  1.90802e-06
 Reference value :  1.90879e-06
 Reference value :  1.90979e-06
 Reference value :  1.91051e-06
 Reference value :  1.91167e-06
 Reference value :  1.91235e-06
 Reference value :  1.91339e-06
 Reference value :  1.91419e-06
 Reference value :  1.91555e-06
 Reference value :  1.91639e-06
 Reference value :  1.91719e-06
 Reference value :  1.91804e-06
 Reference value :  1.91911e-06
 Reference value :  1.92003e-06
 Reference value :  1.92091e-06
 Reference value :  1.92201e-06
 Reference value :  1.92287e-06
 Reference value :  1.92401e-06
 Reference value :  1.92475e-06
 Reference value :  1.92555e-06
 Reference value :  1.92643e-06
 Reference value :  1.92763e-06
 Reference value :  1.92839e-06
 Reference value :  1.92947e-06
 Reference value :  1.93027e-06
 Reference value :  1.93151e-06
 Reference value :  1.93227e-06
 Reference value :  1.93303e-06
 Reference value :  1.93402e-06
 Reference value :  1.93499e-06
 Reference value :  1.93601e-06
 Reference value :  1.93679e-06
 Reference value :  1.93800e-06
 Reference value :  1.93871e-06
 Reference value :  1.93995e-06
 Reference value :  1.94051e-06
 Reference value :  1.94147e-06
 Reference value :  1.94223e-06
 Reference value :  1.94351e-06
 Reference value :  1.94435e-06
 Reference value :  1.94543e-06
 Reference value :  1.94623e-06
 Reference value :  1.94739e-06
 Reference value :  1.94819e-06
 Reference value :  1.94891e-06
 Reference value :  1.95000e-06
 Reference value :  1.95083e-06
 Reference value :  1.95200e-06
 Reference value :  1.95263e-06
 Reference value :  1.95391e-06
 Reference value :  1.95479e-06
 Reference value :  1.95597e-06
 Reference value :  1.95659e-06
 Reference value :  1.95743e-06
 Reference value :  1.95819e-06
 Reference value :  1.95939e-06
 Reference value :  1.96019e-06
 Reference value :  1.96119e-06
 Reference value :  1.96207e-06
 Reference value :  1.96319e-06
 Reference value :  1.96407e-06
 Reference value :  1.96483e-06
 Reference value :  1.96600e-06
 Reference value :  1.96683e-06
 Reference value :  1.96800e-06
 Reference value :  1.96863e-06
 Reference value :  1.96991e-06
 Reference value :  1.97067e-06
 Reference value :  1.97191e-06
 Reference value :  1.97251e-06
 Reference value :  1.97343e-06
 Reference value :  1.97423e-06
 Reference value :  1.97543e-06
 Reference value :  1.97623e-06
 Reference value :  1.97727e-06
 Reference value :  1.97811e-06
 Reference value :  1.97927e-06
 Reference value :  1.98007e-06
 Reference value :  1.98087e-06
 Reference value :  1.98200e-06
 Reference value :  1.98275e-06
 Reference value :  1.98400e-06
 Reference value :  1.98471e-06
 Reference value :  1.98604e-06
 Reference value :  1.98723e-06
 Reference value :  1.98811e-06
 Reference value :  1.98891e-06
 Reference value :  1.98987e-06
 Reference value :  1.99063e-06
 Reference value :  1.99187e-06
 Reference value :  1.99251e-06
 Reference value :  1.99363e-06
 Reference value :  1.99435e-06
 Reference value :  1.99555e-06
 Reference value :  1.99627e-06
 Reference value :  1.99699e-06
 Reference value :  1.99801e-06
 Reference value :  1.99891e-06
 Reference value :  2.00001e-06
 Reference value :  2.00071e-06
 Reference value :  2.00191e-06
 Reference value :  2.00263e-06
 Reference value :  2.00387e-06
 Reference value :  2.00447e-06
 Reference value :  2.00535e-06
 Reference value :  2.00619e-06
 Reference value :  2.00743e-06
 Reference value :  2.00823e-06
 Reference value :  2.00927e-06
 Reference value :  2.01011e-06
 Reference value :  2.01123e-06
 Reference value :  2.01211e-06
 Reference value :  2.01287e-06
 Reference value :  2.01397e-06
 Reference value :  2.01471e-06
 Reference value :  2.01591e-06
 Reference value :  2.01655e-06
 Reference value :  2.01771e-06
 Reference value :  2.01839e-06
 Reference value :  2.01959e-06
 Reference value :  2.02031e-06
 Reference value :  2.02107e-06
 Reference value :  2.02204e-06
 Reference value :  2.02335e-06
 Reference value :  2.02435e-06
 Reference value :  2.02543e-06
 Reference value :  2.02619e-06
 Reference value :  2.02735e-06
 Reference value :  2.02819e-06
 Reference value :  2.02895e-06
 Reference value :  2.03000e-06
 Reference value :  2.03075e-06
 Reference value :  2.03197e-06
 Reference value :  2.03259e-06
 Reference value :  2.03379e-06
 Reference value :  2.03451e-06
 Reference value :  2.03575e-06
 Reference value :  2.03639e-06
 Reference value :  2.03727e-06
 Reference value :  2.03815e-06
 Reference value :  2.03931e-06
 Reference value :  2.04015e-06
 Reference value :  2.04119e-06
 Reference value :  2.04207e-06
 Reference value :  2.04315e-06
 Reference value :  2.04404e-06
 Reference value :  2.04479e-06
 Reference value :  2.04583e-06
 Reference value :  2.04659e-06
 Reference value :  2.04783e-06
 Reference value :  2.04847e-06
 Reference value :  2.04967e-06
 Reference value :  2.05039e-06
 Reference value :  2.05163e-06
 Reference value :  2.05231e-06
 Reference value :  2.05311e-06
 Reference value :  2.05401e-06
 Reference value :  2.05491e-06
 Reference value :  2.05601e-06
 Reference value :  2.05671e-06
 Reference value :  2.05791e-06
 Reference value :  2.05863e-06
 Reference value :  2.05991e-06
 Reference value :  2.06051e-06
 Reference value :  2.06131e-06
 Reference value :  2.06219e-06
 Reference value :  2.06343e-06
 Reference value :  2.06423e-06
 Reference value :  2.06527e-06
 Reference value :  2.06611e-06
 Reference value :  2.06727e-06
 Reference value :  2.06811e-06
 Reference value :  2.06895e-06
 Reference value :  2.07000e-06
 Reference value :  2.07087e-06
 Reference value :  2.07201e-06
 Reference value :  2.07279e-06
 Reference value :  2.07400e-06
 Reference value :  2.07483e-06
 Reference value :  2.07600e-06
 Reference value :  2.07663e-06
 Reference value :  2.07755e-06
 Reference value :  2.07831e-06
 Reference value :  2.07955e-06
 Reference value :  2.08031e-06
 Reference value :  2.08135e-06
 Reference value :  2.08215e-06
 Reference value :  2.08331e-06
 Reference value :  2.08415e-06
 Reference value :  2.08499e-06
 Reference value :  2.08600e-06
 Reference value :  2.08687e-06
 Reference value :  2.08800e-06
 Reference value :  2.08875e-06
 Reference value :  2.09000e-06
 Reference value :  2.09083e-06
 Reference value :  2.09200e-06
 Reference value :  2.09263e-06
 Reference value :  2.09355e-06
 Reference value :  2.09431e-06
 Reference value :  2.09559e-06
 Reference value :  2.09635e-06
 Reference value :  2.09743e-06
 Reference value :  2.09823e-06
 Reference value :  2.09943e-06
 Reference value :  2.10027e-06
 Reference value :  2.10107e-06
 Reference value :  2.10202e-06
 Reference value :  2.10303e-06
 Reference value :  2.10402e-06
 Reference value :  2.10491e-06
 Reference value :  2.10601e-06
 Reference value :  2.10687e-06
 Reference value :  2.10801e-06
 Reference value :  2.10867e-06
 Reference value :  2.10967e-06
 Reference value :  2.11039e-06
 Reference value :  2.11163e-06
 Reference value :  2.11239e-06
 Reference value :  2.11347e-06
 Reference value :  2.11423e-06
 Reference value :  2.11547e-06
 Reference value :  2.11619e-06
 Reference value :  2.11703e-06
 Reference value :  2.11800e-06
 Reference value :  2.11887e-06
 Reference value :  2.12000e-06
 Reference value :  2.12067e-06
 Reference value :  2.12191e-06
 Reference value :  2.12259e-06
 Reference value :  2.12387e-06
 Reference value :  2.12447e-06
 Reference value :  2.12531e-06
 Reference value :  2.12615e-06
 Reference value :  2.12735e-06
 Reference value :  2.12815e-06
 Reference value :  2.12915e-06
 Reference value :  2.13004e-06
 Reference value :  2.13111e-06
 Reference value :  2.13204e-06
 Reference value :  2.13283e-06
 Reference value :  2.13383e-06
 Reference value :  2.13459e-06
 Reference value :  2.13583e-06
 Reference value :  2.13651e-06
 Reference value :  2.13771e-06
 Reference value :  2.13843e-06
 Reference value :  2.13967e-06
 Reference value :  2.14039e-06
 Reference value :  2.14119e-06
 Reference value :  2.14207e-06
 Reference value :  2.14319e-06
 Reference value :  2.14404e-06
 Reference value :  2.14495e-06
 Reference value :  2.14601e-06
 Reference value :  2.14683e-06
 Reference value :  2.14800e-06
 Reference value :  2.14859e-06
 Reference value :  2.14947e-06
 Reference value :  2.15027e-06
 Reference value :  2.15151e-06
 Reference value :  2.15231e-06
 Reference value :  2.15339e-06
 Reference value :  2.15419e-06
 Reference value :  2.15535e-06
 Reference value :  2.15615e-06
 Reference value :  2.15691e-06
 Reference value :  2.15800e-06
 Reference value :  2.15879e-06
 Reference value :  2.15997e-06
 Reference value :  2.16059e-06
 Reference value :  2.16183e-06
 Reference value :  2.16251e-06
 Reference value :  2.16371e-06
 Reference value :  2.16435e-06
 Reference value :  2.16519e-06
 Reference value :  2.16604e-06
 Reference value :  2.16715e-06
 Reference value :  2.16804e-06
 Reference value :  2.16895e-06
 Reference value :  2.17001e-06
 Reference value :  2.17087e-06
 Reference value :  2.17200e-06
 Reference value :  2.17263e-06
 Reference value :  2.17359e-06
 Reference value :  2.17431e-06
 Reference value :  2.17555e-06
 Reference value :  2.17631e-06
 Reference value :  2.17739e-06
 Reference value :  2.17819e-06
 Reference value :  2.17939e-06
 Reference value :  2.18027e-06
 Reference value :  2.18107e-06
 Reference value :  2.18200e-06
 Reference value :  2.18283e-06
 Reference value :  2.18400e-06
 Reference value :  2.18475e-06
 Reference value :  2.18600e-06
 Reference value :  2.18679e-06
 Reference value :  2.18800e-06
 Reference value :  2.18859e-06
 Reference value :  2.18955e-06
 Reference value :  2.19031e-06
 Reference value :  2.19155e-06
 Reference value :  2.19235e-06
 Reference value :  2.19347e-06
 Reference value :  2.19423e-06
 Reference value :  2.19547e-06
 Reference value :  2.19631e-06
 Reference value :  2.19711e-06
 Reference value :  2.19802e-06
 Reference value :  2.19919e-06
 Reference value :  2.20007e-06
 Reference value :  2.20103e-06
 Reference value :  2.20201e-06
 Reference value :  2.20295e-06
 Reference value :  2.20401e-06
 Reference value :  2.20471e-06
 Reference value :  2.20587e-06
 Reference value :  2.20663e-06
 Reference value :  2.20783e-06
 Reference value :  2.20851e-06
 Reference value :  2.20971e-06
 Reference value :  2.21051e-06
 Reference value :  2.21175e-06
 Reference value :  2.21239e-06
 Reference value :  2.21319e-06
 Reference value :  2.21404e-06
 Reference value :  2.21519e-06
 Reference value :  2.21604e-06
 Reference value :  2.21695e-06
 Reference value :  2.21801e-06
 Reference value :  2.21887e-06
 Reference value :  2.22000e-06
 Reference value :  2.22063e-06
 Reference value :  2.22155e-06
 Reference value :  2.22231e-06
 Reference value :  2.22359e-06
 Reference value :  2.22431e-06
 Reference value :  2.22539e-06
 Reference value :  2.22619e-06
 Reference value :  2.22735e-06
 Reference value :  2.22815e-06
 Reference value :  2.22895e-06
 Reference value :  2.23000e-06
 Reference value :  2.23079e-06
 Reference value :  2.23197e-06
 Reference value :  2.23255e-06
 Reference value :  2.23375e-06
 Reference value :  2.23443e-06
 Reference value :  2.23559e-06
 Reference value :  2.23631e-06
 Reference value :  2.23707e-06
 Reference value :  2.23802e-06
 Reference value :  2.23899e-06
 Reference value :  2.24001e-06
 Reference value :  2.24083e-06
 Reference value :  2.24200e-06
 Reference value :  2.24279e-06
 Reference value :  2.24400e-06
 Reference value :  2.24455e-06
 Reference value :  2.24535e-06
 Reference value :  2.24619e-06
 Reference value :  2.24739e-06
 Reference value :  2.24819e-06
 Reference value :  2.24919e-06
 Reference value :  2.25004e-06
 Reference value :  2.25107e-06
 Reference value :  2.25202e-06
 Reference value :  2.25275e-06
 Reference value :  2.25375e-06
 Reference value :  2.25451e-06
 Reference value :  2.25575e-06
 Reference value :  2.25639e-06
 Reference value :  2.25747e-06
 Reference value :  2.25823e-06
 Reference value :  2.25943e-06
 Reference value :  2.26023e-06
 Reference value :  2.26107e-06
 Reference value :  2.26204e-06
 Reference value :  2.26319e-06
 Reference value :  2.26407e-06
 Reference value :  2.26507e-06
 Reference value :  2.26602e-06
 Reference value :  2.26699e-06
 Reference value :  2.26801e-06
 Reference value :  2.26867e-06
 Reference value :  2.26967e-06
 Reference value :  2.27043e-06
 Reference value :  2.27171e-06
 Reference value :  2.27243e-06
 Reference value :  2.27359e-06
 Reference value :  2.27431e-06
 Reference value :  2.27555e-06
 Reference value :  2.27631e-06
 Reference value :  2.27711e-06
 Reference value :  2.27802e-06
 Reference value :  2.27903e-06
 Reference value :  2.28001e-06
 Reference value :  2.28079e-06
 Reference value :  2.28200e-06
 Reference value :  2.28271e-06
 Reference value :  2.28397e-06
 Reference value :  2.28455e-06
 Reference value :  2.28539e-06
 Reference value :  2.28623e-06
 Reference value :  2.28747e-06
 Reference value :  2.28827e-06
 Reference value :  2.28931e-06
 Reference value :  2.29015e-06
 Reference value :  2.29127e-06
 Reference value :  2.29211e-06
 Reference value :  2.29295e-06
 Reference value :  2.29400e-06
 Reference value :  2.29479e-06
 Reference value :  2.29600e-06
 Reference value :  2.29663e-06
 Reference value :  2.29783e-06
 Reference value :  2.29855e-06
 Reference value :  2.29975e-06
 Reference value :  2.30039e-06
 Reference value :  2.30119e-06
 Reference value :  2.30207e-06
 Reference value :  2.30383e-06
 Reference value :  2.30507e-06
 Reference value :  2.30635e-06
 Reference value :  2.30800e-06
 Reference value :  2.30899e-06
 Reference value :  2.31003e-06
 Reference value :  2.31111e-06
 Reference value :  2.31204e-06
 Reference value :  2.31299e-06
 Reference value :  2.31401e-06
 Reference value :  2.31487e-06
 Reference value :  2.31601e-06
 Reference value :  2.31667e-06
 Reference value :  2.31751e-06
 Reference value :  2.31827e-06
 Reference value :  2.31955e-06
 Reference value :  2.32031e-06
 Reference value :  2.32135e-06
 Reference value :  2.32215e-06
 Reference value :  2.32327e-06
 Reference value :  2.32407e-06
 Reference value :  2.32487e-06
 Reference value :  2.32595e-06
 Reference value :  2.32671e-06
 Reference value :  2.32801e-06
 Reference value :  2.32911e-06
 Reference value :  2.33007e-06
 Reference value :  2.33119e-06
 Reference value :  2.33207e-06
 Reference value :  2.33283e-06
 Reference value :  2.33391e-06
 Reference value :  2.33467e-06
 Reference value :  2.33591e-06
 Reference value :  2.33655e-06
 Reference value :  2.33775e-06
 Reference value :  2.33847e-06
 Reference value :  2.33971e-06
 Reference value :  2.34035e-06
 Reference value :  2.34119e-06
 Reference value :  2.34204e-06
 Reference value :  2.34319e-06
 Reference value :  2.34407e-06
 Reference value :  2.34503e-06
 Reference value :  2.34601e-06
 Reference value :  2.34695e-06
 Reference value :  2.34801e-06
 Reference value :  2.34867e-06
 Reference value :  2.34963e-06
 Reference value :  2.35035e-06
 Reference value :  2.35159e-06
 Reference value :  2.35235e-06
 Reference value :  2.35343e-06
 Reference value :  2.35419e-06
 Reference value :  2.35531e-06
 Reference value :  2.35611e-06
 Reference value :  2.35691e-06
 Reference value :  2.35800e-06
 Reference value :  2.35875e-06
 Reference value :  2.35997e-06
 Reference value :  2.36059e-06
 Reference value :  2.36179e-06
 Reference value :  2.36247e-06
 Reference value :  2.36371e-06
 Reference value :  2.36435e-06
 Reference value :  2.36539e-06
 Reference value :  2.36619e-06
 Reference value :  2.36739e-06
 Reference value :  2.36815e-06
 Reference value :  2.36911e-06
 Reference value :  2.37002e-06
 Reference value :  2.37099e-06
 Reference value :  2.37201e-06
 Reference value :  2.37271e-06
 Reference value :  2.37359e-06
 Reference value :  2.37427e-06
 Reference value :  2.37547e-06
 Reference value :  2.37639e-06
 Reference value :  2.37801e-06
 Reference value :  2.37947e-06
 Reference value :  2.38019e-06
 Reference value :  2.38091e-06
 Reference value :  2.38197e-06
 Reference value :  2.38271e-06
 Reference value :  2.38391e-06
 Reference value :  2.38451e-06
 Reference value :  2.38563e-06
 Reference value :  2.38631e-06
 Reference value :  2.38751e-06
 Reference value :  2.38827e-06
 Reference value :  2.38907e-06
 Reference value :  2.39002e-06
 Reference value :  2.39099e-06
 Reference value :  2.39201e-06
 Reference value :  2.39275e-06
 Reference value :  2.39397e-06
 Reference value :  2.39467e-06
 Reference value :  2.39595e-06
 Reference value :  2.39651e-06
 Reference value :  2.39735e-06
 Reference value :  2.39815e-06
 Reference value :  2.39927e-06
 Reference value :  2.40011e-06
 Reference value :  2.40107e-06
 Reference value :  2.40202e-06
 Reference value :  2.40295e-06
 Reference value :  2.40401e-06
 Reference value :  2.40463e-06
 Reference value :  2.40547e-06
 Reference value :  2.40623e-06
 Reference value :  2.40743e-06
 Reference value :  2.40819e-06
 Reference value :  2.40915e-06
 Reference value :  2.41003e-06
 Reference value :  2.41103e-06
 Reference value :  2.41201e-06
 Reference value :  2.41271e-06
 Reference value :  2.41363e-06
 Reference value :  2.41447e-06
 Reference value :  2.41591e-06
 Reference value :  2.41655e-06
 Reference value :  2.41775e-06
 Reference value :  2.41843e-06
 Reference value :  2.41959e-06
 Reference value :  2.42027e-06
 Reference value :  2.42107e-06
 Reference value :  2.42201e-06
 Reference value :  2.42291e-06
 Reference value :  2.42400e-06
 Reference value :  2.42467e-06
 Reference value :  2.42587e-06
 Reference value :  2.42659e-06
 Reference value :  2.42779e-06
 Reference value :  2.42847e-06
 Reference value :  2.42931e-06
 Reference value :  2.43015e-06
 Reference value :  2.43131e-06
 Reference value :  2.43211e-06
 Reference value :  2.43307e-06
 Reference value :  2.43402e-06
 Reference value :  2.43503e-06
 Reference value :  2.43601e-06
 Reference value :  2.43675e-06
 Reference value :  2.43759e-06
 Reference value :  2.43831e-06
 Reference value :  2.43951e-06
 Reference value :  2.44027e-06
 Reference value :  2.44127e-06
 Reference value :  2.44211e-06
 Reference value :  2.44323e-06
 Reference value :  2.44407e-06
 Reference value :  2.44483e-06
 Reference value :  2.44587e-06
 Reference value :  2.44663e-06
 Reference value :  2.44783e-06
 Reference value :  2.44847e-06
 Reference value :  2.44959e-06
 Reference value :  2.45031e-06
 Reference value :  2.45151e-06
 Reference value :  2.45223e-06
 Reference value :  2.45303e-06
 Reference value :  2.45401e-06
 Reference value :  2.45491e-06
 Reference value :  2.45600e-06
 Reference value :  2.45667e-06
 Reference value :  2.45787e-06
 Reference value :  2.45855e-06
 Reference value :  2.45971e-06
 Reference value :  2.46035e-06
 Reference value :  2.46115e-06
 Reference value :  2.46203e-06
 Reference value :  2.46307e-06
 Reference value :  2.46402e-06
 Reference value :  2.46487e-06
 Reference value :  2.46600e-06
 Reference value :  2.46683e-06
 Reference value :  2.46800e-06
 Reference value :  2.46863e-06
 Reference value :  2.46951e-06
 Reference value :  2.47023e-06
 Reference value :  2.47147e-06
 Reference value :  2.47223e-06
 Reference value :  2.47323e-06
 Reference value :  2.47407e-06
 Reference value :  2.47515e-06
 Reference value :  2.47607e-06
 Reference value :  2.47683e-06
 Reference value :  2.47783e-06
 Reference value :  2.47867e-06
 Reference value :  2.47991e-06
 Reference value :  2.48051e-06
 Reference value :  2.48171e-06
 Reference value :  2.48243e-06
 Reference value :  2.48367e-06
 Reference value :  2.48439e-06
 Reference value :  2.48519e-06
 Reference value :  2.48604e-06
 Reference value :  2.48715e-06
 Reference value :  2.48804e-06
 Reference value :  2.48907e-06
 Reference value :  2.49002e-06
 Reference value :  2.49103e-06
 Reference value :  2.49202e-06
 Reference value :  2.49275e-06
 Reference value :  2.49383e-06
 Reference value :  2.49459e-06
 Reference value :  2.49583e-06
 Reference value :  2.49651e-06
 Reference value :  2.49767e-06
 Reference value :  2.49847e-06
 Reference value :  2.49967e-06
 Reference value :  2.50031e-06
 Reference value :  2.50111e-06
 Reference value :  2.50201e-06
 Reference value :  2.50291e-06
 Reference value :  2.50400e-06
 Reference value :  2.50463e-06
 Reference value :  2.50591e-06
 Reference value :  2.50663e-06
 Reference value :  2.50797e-06
 Reference value :  2.50863e-06
 Reference value :  2.50963e-06
 Reference value :  2.51035e-06
 Reference value :  2.51155e-06
 Reference value :  2.51231e-06
 Reference value :  2.51339e-06
 Reference value :  2.51419e-06
 Reference value :  2.51535e-06
 Reference value :  2.51611e-06
 Reference value :  2.51691e-06
 Reference value :  2.51800e-06
 Reference value :  2.51879e-06
 Reference value :  2.52000e-06
 Reference value :  2.52059e-06
 Reference value :  2.52179e-06
 Reference value :  2.52247e-06
 Reference value :  2.52379e-06
 Reference value :  2.52447e-06
 Reference value :  2.52535e-06
 Reference value :  2.52615e-06
 Reference value :  2.52727e-06
 Reference value :  2.52807e-06
 Reference value :  2.52915e-06
 Reference value :  2.53019e-06
 Reference value :  2.53147e-06
 Reference value :  2.53243e-06
 Reference value :  2.53331e-06
 Reference value :  2.53427e-06
 Reference value :  2.53563e-06
 Reference value :  2.53635e-06
 Reference value :  2.53743e-06
 Reference value :  2.53823e-06
 Reference value :  2.53943e-06
 Reference value :  2.54019e-06
 Reference value :  2.54095e-06
 Reference value :  2.54200e-06
 Reference value :  2.54291e-06
 Reference value :  2.54401e-06
 Reference value :  2.54475e-06
 Reference value :  2.54597e-06
 Reference value :  2.54675e-06
 Reference value :  2.54795e-06
 Reference value :  2.54851e-06
 Reference value :  2.54943e-06
 Reference value :  2.55023e-06
 Reference value :  2.55159e-06
 Reference value :  2.55231e-06
 Reference value :  2.55339e-06
 Reference value :  2.55419e-06
 Reference value :  2.55539e-06
 Reference value :  2.55619e-06
 Reference value :  2.55695e-06
 Reference value :  2.55801e-06
 Reference value :  2.55891e-06
 Reference value :  2.56001e-06
 Reference value :  2.56071e-06
 Reference value :  2.56195e-06
 Reference value :  2.56263e-06
 Reference value :  2.56387e-06
 Reference value :  2.56451e-06
 Reference value :  2.56531e-06
 Reference value :  2.56607e-06
 Reference value :  2.56719e-06
 Reference value :  2.56807e-06
 Reference value :  2.56899e-06
 Reference value :  2.57001e-06
 Reference value :  2.57099e-06
 Reference value :  2.57202e-06
 Reference value :  2.57275e-06
 Reference value :  2.57363e-06
 Reference value :  2.57435e-06
 Reference value :  2.57555e-06
 Reference value :  2.57651e-06
 Reference value :  2.57779e-06
 Reference value :  2.57867e-06
 Reference value :  2.58001e-06
 Reference value :  2.58083e-06
 Reference value :  2.58187e-06
 Reference value :  2.58263e-06
 Reference value :  2.58387e-06
 Reference value :  2.58451e-06
 Reference value :  2.58571e-06
 Reference value :  2.58643e-06
 Reference value :  2.58763e-06
 Reference value :  2.58831e-06
 Reference value :  2.58903e-06
 Reference value :  2.59002e-06
 Reference value :  2.59099e-06
 Reference value :  2.59202e-06
 Reference value :  2.59283e-06
 Reference value :  2.59401e-06
 Reference value :  2.59491e-06
 Reference value :  2.59600e-06
 Reference value :  2.59667e-06
 Reference value :  2.59763e-06
 Reference value :  2.59835e-06
 Reference value :  2.59955e-06
 Reference value :  2.60031e-06
 Reference value :  2.60143e-06
 Reference value :  2.60219e-06
 Reference value :  2.60339e-06
 Reference value :  2.60415e-06
 Reference value :  2.60487e-06
 Reference value :  2.60595e-06
 Reference value :  2.60675e-06
 Reference value :  2.60801e-06
 Reference value :  2.60907e-06
 Reference value :  2.61007e-06
 Reference value :  2.61127e-06
 Reference value :  2.61235e-06
 Reference value :  2.61339e-06
 Reference value :  2.61419e-06
 Reference value :  2.61539e-06
 Reference value :  2.61619e-06
 Reference value :  2.61783e-06
 Reference value :  2.61859e-06
 Reference value :  2.61983e-06
 Reference value :  2.62059e-06
 Reference value :  2.62179e-06
 Reference value :  2.62263e-06
 Reference value :  2.62402e-06
 Reference value :  2.62479e-06
 Reference value :  2.62601e-06
 Reference value :  2.62699e-06
 Reference value :  2.62802e-06
 Reference value :  2.62879e-06
 Reference value :  2.62983e-06
 Reference value :  2.63055e-06
 Reference value :  2.63179e-06
 Reference value :  2.63243e-06
 Reference value :  2.63401e-06
 Reference value :  2.63551e-06
 Reference value :  2.63631e-06
 Reference value :  2.63703e-06
 Reference value :  2.63802e-06
 Reference value :  2.63899e-06
 Reference value :  2.64001e-06
 Reference value :  2.64079e-06
 Reference value :  2.64200e-06
 Reference value :  2.64275e-06
 Reference value :  2.64397e-06
 Reference value :  2.64455e-06
 Reference value :  2.64555e-06
 Reference value :  2.64631e-06
 Reference value :  2.64751e-06
 Reference value :  2.64831e-06
 Reference value :  2.64939e-06
 Reference value :  2.65019e-06
 Reference value :  2.65135e-06
 Reference value :  2.65215e-06
 Reference value :  2.65287e-06
 Reference value :  2.65395e-06
 Reference value :  2.65467e-06
 Reference value :  2.65587e-06
 Reference value :  2.65651e-06
 Reference value :  2.65791e-06
 Reference value :  2.65863e-06
 Reference value :  2.65987e-06
 Reference value :  2.66047e-06
 Reference value :  2.66131e-06
 Reference value :  2.66215e-06
 Reference value :  2.66331e-06
 Reference value :  2.66415e-06
 Reference value :  2.66515e-06
 Reference value :  2.66604e-06
 Reference value :  2.66711e-06
 Reference value :  2.66802e-06
 Reference value :  2.66875e-06
 Reference value :  2.66975e-06
 Reference value :  2.67051e-06
 Reference value :  2.67171e-06
 Reference value :  2.67239e-06
 Reference value :  2.67347e-06
 Reference value :  2.67419e-06
 Reference value :  2.67535e-06
 Reference value :  2.67615e-06
 Reference value :  2.67695e-06
 Reference value :  2.67800e-06
 Reference value :  2.67879e-06
 Reference value :  2.68000e-06
 Reference value :  2.68059e-06
 Reference value :  2.68179e-06
 Reference value :  2.68247e-06
 Reference value :  2.68367e-06
 Reference value :  2.68435e-06
 Reference value :  2.68515e-06
 Reference value :  2.68604e-06
 Reference value :  2.68711e-06
 Reference value :  2.68804e-06
 Reference value :  2.68899e-06
 Reference value :  2.69001e-06
 Reference value :  2.69095e-06
 Reference value :  2.69200e-06
 Reference value :  2.69259e-06
 Reference value :  2.69339e-06
 Reference value :  2.69415e-06
 Reference value :  2.69527e-06
 Reference value :  2.69607e-06
 Reference value :  2.69699e-06
 Reference value :  2.69801e-06
 Reference value :  2.69943e-06
 Reference value :  2.70047e-06
 Reference value :  2.70191e-06
 Reference value :  2.70331e-06
 Reference value :  2.70459e-06
 Reference value :  2.70600e-06
 Reference value :  2.70687e-06
 Reference value :  2.70819e-06
 Reference value :  2.70899e-06
 Reference value :  2.71000e-06
 Reference value :  2.71083e-06
 Reference value :  2.71200e-06
 Reference value :  2.71263e-06
 Reference value :  2.71387e-06
 Reference value :  2.71459e-06
 Reference value :  2.71600e-06
 Reference value :  2.71687e-06
 Reference value :  2.71800e-06
 Reference value :  2.71887e-06
 Reference value :  2.72000e-06
 Reference value :  2.72063e-06
 Reference value :  2.72187e-06
 Reference value :  2.72259e-06
 Reference value :  2.72379e-06
 Reference value :  2.72439e-06
 Reference value :  2.72515e-06
 Reference value :  2.72602e-06
 Reference value :  2.72707e-06
 Reference value :  2.72802e-06
 Reference value :  2.72887e-06
 Reference value :  2.73000e-06
 Reference value :  2.73079e-06
 Reference value :  2.73200e-06
 Reference value :  2.73259e-06
 Reference value :  2.73347e-06
 Reference value :  2.73423e-06
 Reference value :  2.73551e-06
 Reference value :  2.73627e-06
 Reference value :  2.73731e-06
 Reference value :  2.73815e-06
 Reference value :  2.73927e-06
 Reference value :  2.74007e-06
 Reference value :  2.74087e-06
 Reference value :  2.74195e-06
 Reference value :  2.74271e-06
 Reference value :  2.74395e-06
 Reference value :  2.74459e-06
 Reference value :  2.74579e-06
 Reference value :  2.74655e-06
 Reference value :  2.74787e-06
 Reference value :  2.74847e-06
 Reference value :  2.74931e-06
 Reference value :  2.75019e-06
 Reference value :  2.75171e-06
 Reference value :  2.75243e-06
 Reference value :  2.75355e-06
 Reference value :  2.75427e-06
 Reference value :  2.75551e-06
 Reference value :  2.75623e-06
 Reference value :  2.75707e-06
 Reference value :  2.75801e-06
 Reference value :  2.75891e-06
 Reference value :  2.76001e-06
 Reference value :  2.76071e-06
 Reference value :  2.76191e-06
 Reference value :  2.76263e-06
 Reference value :  2.76391e-06
 Reference value :  2.76451e-06
 Reference value :  2.76531e-06
 Reference value :  2.76611e-06
 Reference value :  2.76719e-06
 Reference value :  2.76807e-06
 Reference value :  2.76903e-06
 Reference value :  2.77002e-06
 Reference value :  2.77103e-06
 Reference value :  2.77202e-06
 Reference value :  2.77279e-06
 Reference value :  2.77375e-06
 Reference value :  2.77443e-06
 Reference value :  2.77567e-06
 Reference value :  2.77639e-06
 Reference value :  2.77751e-06
 Reference value :  2.77823e-06
 Reference value :  2.77943e-06
 Reference value :  2.78019e-06
 Reference value :  2.78095e-06
 Reference value :  2.78201e-06
 Reference value :  2.78291e-06
 Reference value :  2.78400e-06
 Reference value :  2.78467e-06
 Reference value :  2.78583e-06
 Reference value :  2.78655e-06
 Reference value :  2.78771e-06
 Reference value :  2.78835e-06
 Reference value :  2.78915e-06
 Reference value :  2.79002e-06
 Reference value :  2.79103e-06
 Reference value :  2.79202e-06
 Reference value :  2.79279e-06
 Reference value :  2.79400e-06
 Reference value :  2.79471e-06
 Reference value :  2.79591e-06
 Reference value :  2.79651e-06
 Reference value :  2.79727e-06
 Reference value :  2.79811e-06
 Reference value :  2.79923e-06
 Reference value :  2.80007e-06
 Reference value :  2.80103e-06
 Reference value :  2.80201e-06
 Reference value :  2.80295e-06
 Reference value :  2.80401e-06
 Reference value :  2.80467e-06
 Reference value :  2.80555e-06
 Reference value :  2.80631e-06
 Reference value :  2.80755e-06
 Reference value :  2.80831e-06
 Reference value :  2.80935e-06
 Reference value :  2.81015e-06
 Reference value :  2.81131e-06
 Reference value :  2.81211e-06
 Reference value :  2.81295e-06
 Reference value :  2.81401e-06
 Reference value :  2.81487e-06
 Reference value :  2.81600e-06
 Reference value :  2.81663e-06
 Reference value :  2.81791e-06
 Reference value :  2.81863e-06
 Reference value :  2.81987e-06
 Reference value :  2.82047e-06
 Reference value :  2.82127e-06
 Reference value :  2.82207e-06
 Reference value :  2.82319e-06
 Reference value :  2.82404e-06
 Reference value :  2.82495e-06
 Reference value :  2.82601e-06
 Reference value :  2.82695e-06
 Reference value :  2.82801e-06
 Reference value :  2.82871e-06
 Reference value :  2.82955e-06
 Reference value :  2.83027e-06
 Reference value :  2.83151e-06
 Reference value :  2.83227e-06
 Reference value :  2.83327e-06
 Reference value :  2.83411e-06
 Reference value :  2.83523e-06
 Reference value :  2.83607e-06
 Reference value :  2.83683e-06
 Reference value :  2.83783e-06
 Reference value :  2.83855e-06
 Reference value :  2.83975e-06
 Reference value :  2.84043e-06
 Reference value :  2.84155e-06
 Reference value :  2.84227e-06
 Reference value :  2.84347e-06
 Reference value :  2.84419e-06
 Reference value :  2.84495e-06
 Reference value :  2.84601e-06
 Reference value :  2.84687e-06
 Reference value :  2.84800e-06
 Reference value :  2.84871e-06
 Reference value :  2.84991e-06
 Reference value :  2.85063e-06
 Reference value :  2.85183e-06
 Reference value :  2.85243e-06
 Reference value :  2.85323e-06
 Reference value :  2.85404e-06
 Reference value :  2.85515e-06
 Reference value :  2.85604e-06
 Reference value :  2.85695e-06
 Reference value :  2.85801e-06
 Reference value :  2.85891e-06
 Reference value :  2.86001e-06
 Reference value :  2.86071e-06
 Reference value :  2.86175e-06
 Reference value :  2.86263e-06
 Reference value :  2.86397e-06
 Reference value :  2.86471e-06
 Reference value :  2.86600e-06
 Reference value :  2.86691e-06
 Reference value :  2.86801e-06
 Reference value :  2.86871e-06
 Reference value :  2.86967e-06
 Reference value :  2.87039e-06
 Reference value :  2.87159e-06
 Reference value :  2.87235e-06
 Reference value :  2.87343e-06
 Reference value :  2.87427e-06
 Reference value :  2.87559e-06
 Reference value :  2.87635e-06
 Reference value :  2.87727e-06
 Reference value :  2.87815e-06
 Reference value :  2.87935e-06
 Reference value :  2.88019e-06
 Reference value :  2.88127e-06
 Reference value :  2.88211e-06
 Reference value :  2.88319e-06
 Reference value :  2.88404e-06
 Reference value :  2.88483e-06
 Reference value :  2.88579e-06
 Reference value :  2.88651e-06
 Reference value :  2.88771e-06
 Reference value :  2.88847e-06
 Reference value :  2.88971e-06
 Reference value :  2.89047e-06
 Reference value :  2.89179e-06
 Reference value :  2.89247e-06
 Reference value :  2.89339e-06
 Reference value :  2.89419e-06
 Reference value :  2.89535e-06
 Reference value :  2.89615e-06
 Reference value :  2.89719e-06
 Reference value :  2.89807e-06
 Reference value :  2.89915e-06
 Reference value :  2.90007e-06
 Reference value :  2.90087e-06
 Reference value :  2.90187e-06
 Reference value :  2.90263e-06
 Reference value :  2.90387e-06
 Reference value :  2.90451e-06
 Reference value :  2.90575e-06
 Reference value :  2.90647e-06
 Reference value :  2.90771e-06
 Reference value :  2.90839e-06
 Reference value :  2.90919e-06
 Reference value :  2.91007e-06
 Reference value :  2.91119e-06
 Reference value :  2.91207e-06
 Reference value :  2.91303e-06
 Reference value :  2.91402e-06
 Reference value :  2.91499e-06
 Reference value :  2.91601e-06
 Reference value :  2.91671e-06
 Reference value :  2.91767e-06
 Reference value :  2.91843e-06
 Reference value :  2.91967e-06
 Reference value :  2.92039e-06
 Reference value :  2.92151e-06
 Reference value :  2.92227e-06
 Reference value :  2.92351e-06
 Reference value :  2.92427e-06
 Reference value :  2.92503e-06
 Reference value :  2.92601e-06
 Reference value :  2.92687e-06
 Reference value :  2.92800e-06
 Reference value :  2.92867e-06
 Reference value :  2.92995e-06
 Reference value :  2.93075e-06
 Reference value :  2.93197e-06
 Reference value :  2.93255e-06
 Reference value :  2.93351e-06
 Reference value :  2.93427e-06
 Reference value :  2.93551e-06
 Reference value :  2.93647e-06
 Reference value :  2.93775e-06
 Reference value :  2.93847e-06
 Reference value :  2.93975e-06
 Reference value :  2.94043e-06
 Reference value :  2.94131e-06
 Reference value :  2.94215e-06
 Reference value :  2.94335e-06
 Reference value :  2.94423e-06
 Reference value :  2.94523e-06
 Reference value :  2.94611e-06
 Reference value :  2.94723e-06
 Reference value :  2.94807e-06
 Reference value :  2.94887e-06
 Reference value :  2.94979e-06
 Reference value :  2.95067e-06
 Reference value :  2.95200e-06
 Reference value :  2.95263e-06
 Reference value :  2.95387e-06
 Reference value :  2.95455e-06
 Reference value :  2.95579e-06
 Reference value :  2.95643e-06
 Reference value :  2.95731e-06
 Reference value :  2.95815e-06
 Reference value :  2.95935e-06
 Reference value :  2.96019e-06
 Reference value :  2.96127e-06
 Reference value :  2.96215e-06
 Reference value :  2.96335e-06
 Reference value :  2.96415e-06
 Reference value :  2.96499e-06
 Reference value :  2.96600e-06
 Reference value :  2.96683e-06
 Reference value :  2.96800e-06
 Reference value :  2.96867e-06
 Reference value :  2.96991e-06
 Reference value :  2.97067e-06
 Reference value :  2.97195e-06
 Reference value :  2.97251e-06
 Reference value :  2.97335e-06
 Reference value :  2.97415e-06
 Reference value :  2.97543e-06
 Reference value :  2.97623e-06
 Reference value :  2.97735e-06
 Reference value :  2.97819e-06
 Reference value :  2.97951e-06
 Reference value :  2.98031e-06
 Reference value :  2.98115e-06
 Reference value :  2.98204e-06
 Reference value :  2.98323e-06
 Reference value :  2.98407e-06
 Reference value :  2.98507e-06
 Reference value :  2.98602e-06
 Reference value :  2.98707e-06
 Reference value :  2.98804e-06
 Reference value :  2.98883e-06
 Reference value :  2.98987e-06
 Reference value :  2.99063e-06
 Reference value :  2.99187e-06
 Reference value :  2.99255e-06
 Reference value :  2.99379e-06
 Reference value :  2.99455e-06
 Reference value :  2.99587e-06
 Reference value :  2.99655e-06
 Reference value :  2.99755e-06
 Reference value :  2.99827e-06
 Reference value :  2.99947e-06
 Reference value :  3.00023e-06
 Reference value :  3.00123e-06
 Reference value :  3.00211e-06
 Reference value :  3.00323e-06
 Reference value :  3.00411e-06
 Reference value :  3.00487e-06
 Reference value :  3.00597e-06
 Reference value :  3.00675e-06
 Reference value :  3.00800e-06
 Reference value :  3.00871e-06
 Reference value :  3.01000e-06
 Reference value :  3.01079e-06
 Reference value :  3.01200e-06
 Reference value :  3.01267e-06
 Reference value :  3.01367e-06
 Reference value :  3.01463e-06
 Reference value :  3.01595e-06
 Reference value :  3.01659e-06
 Reference value :  3.01779e-06
 Reference value :  3.01851e-06
 Reference value :  3.01975e-06
 Reference value :  3.02043e-06
 Reference value :  3.02131e-06
 Reference value :  3.02219e-06
 Reference value :  3.02335e-06
 Reference value :  3.02419e-06
 Reference value :  3.02523e-06
 Reference value :  3.02611e-06
 Reference value :  3.02731e-06
 Reference value :  3.02811e-06
 Reference value :  3.02895e-06
 Reference value :  3.03000e-06
 Reference value :  3.03095e-06
 Reference value :  3.03203e-06
 Reference value :  3.03299e-06
 Reference value :  3.03402e-06
 Reference value :  3.03507e-06
 Reference value :  3.03603e-06
 Reference value :  3.03679e-06
 Reference value :  3.03797e-06
 Reference value :  3.03871e-06
 Reference value :  3.03995e-06
 Reference value :  3.04055e-06
 Reference value :  3.04171e-06
 Reference value :  3.04235e-06
 Reference value :  3.04355e-06
 Reference value :  3.04423e-06
 Reference value :  3.04507e-06
 Reference value :  3.04604e-06
 Reference value :  3.04727e-06
 Reference value :  3.04819e-06
 Reference value :  3.04931e-06
 Reference value :  3.05023e-06
 Reference value :  3.05155e-06
 Reference value :  3.05231e-06
 Reference value :  3.05315e-06
 Reference value :  3.05407e-06
 Reference value :  3.05523e-06
 Reference value :  3.05611e-06
 Reference value :  3.05711e-06
 Reference value :  3.05803e-06
 Reference value :  3.05903e-06
 Reference value :  3.06002e-06
 Reference value :  3.06075e-06
 Reference value :  3.06175e-06
 Reference value :  3.06247e-06
 Reference value :  3.06375e-06
 Reference value :  3.06447e-06
 Reference value :  3.06567e-06
 Reference value :  3.06647e-06
 Reference value :  3.06779e-06
 Reference value :  3.06855e-06
 Reference value :  3.06967e-06
 Reference value :  3.07039e-06
 Reference value :  3.07163e-06
 Reference value :  3.07235e-06
 Reference value :  3.07343e-06
 Reference value :  3.07439e-06
 Reference value :  3.07567e-06
 Reference value :  3.07635e-06
 Reference value :  3.07715e-06
 Reference value :  3.07801e-06
 Reference value :  3.07899e-06
 Reference value :  3.08002e-06
 Reference value :  3.08087e-06
 Reference value :  3.08200e-06
 Reference value :  3.08279e-06
 Reference value :  3.08400e-06
 Reference value :  3.08471e-06
 Reference value :  3.08601e-06
 Reference value :  3.08763e-06
 Reference value :  3.08883e-06
 Reference value :  3.09019e-06
 Reference value :  3.09191e-06
 Reference value :  3.09279e-06
 Reference value :  3.09383e-06
 Reference value :  3.09459e-06
 Reference value :  3.09579e-06
 Reference value :  3.09651e-06
 Reference value :  3.09767e-06
 Reference value :  3.09843e-06
 Reference value :  3.09971e-06
 Reference value :  3.10055e-06
 Reference value :  3.10171e-06
 Reference value :  3.10267e-06
 Reference value :  3.10400e-06
 Reference value :  3.10491e-06
 Reference value :  3.10602e-06
 Reference value :  3.10711e-06
 Reference value :  3.10815e-06
 Reference value :  3.10899e-06
 Reference value :  3.11000e-06
 Reference value :  3.11119e-06
 Reference value :  3.11223e-06
 Reference value :  3.11327e-06
 Reference value :  3.11411e-06
 Reference value :  3.11527e-06
 Reference value :  3.11615e-06
 Reference value :  3.11691e-06
 Reference value :  3.11800e-06
 Reference value :  3.11887e-06
 Reference value :  3.12001e-06
 Reference value :  3.12091e-06
 Reference value :  3.12202e-06
 Reference value :  3.12315e-06
 Reference value :  3.12419e-06
 Reference value :  3.12503e-06
 Reference value :  3.12602e-06
 Reference value :  3.12707e-06
 Reference value :  3.12802e-06
 Reference value :  3.12887e-06
 Reference value :  3.13000e-06
 Reference value :  3.13075e-06
 Reference value :  3.13195e-06
 Reference value :  3.13251e-06
 Reference value :  3.13335e-06
 Reference value :  3.13415e-06
 Reference value :  3.13539e-06
 Reference value :  3.13619e-06
 Reference value :  3.13719e-06
 Reference value :  3.13807e-06
 Reference value :  3.13927e-06
 Reference value :  3.14019e-06
 Reference value :  3.14107e-06
 Reference value :  3.14201e-06
 Reference value :  3.14307e-06
 Reference value :  3.14411e-06
 Reference value :  3.14511e-06
 Reference value :  3.14603e-06
 Reference value :  3.14703e-06
 Reference value :  3.14801e-06
 Reference value :  3.14875e-06
 Reference value :  3.14975e-06
 Reference value :  3.15047e-06
 Reference value :  3.15175e-06
 Reference value :  3.15247e-06
 Reference value :  3.15367e-06
 Reference value :  3.15443e-06
 Reference value :  3.15571e-06
 Reference value :  3.15643e-06
 Reference value :  3.15731e-06
 Reference value :  3.15815e-06
 Reference value :  3.15931e-06
 Reference value :  3.16011e-06
 Reference value :  3.16103e-06
 Reference value :  3.16201e-06
 Reference value :  3.16295e-06
 Reference value :  3.16401e-06
 Reference value :  3.16467e-06
 Reference value :  3.16567e-06
 Reference value :  3.16639e-06
 Reference value :  3.16763e-06
 Reference value :  3.16839e-06
 Reference value :  3.16955e-06
 Reference value :  3.17035e-06
 Reference value :  3.17163e-06
 Reference value :  3.17239e-06
 Reference value :  3.17327e-06
 Reference value :  3.17415e-06
 Reference value :  3.17531e-06
 Reference value :  3.17615e-06
 Reference value :  3.17711e-06
 Reference value :  3.17802e-06
 Reference value :  3.17903e-06
 Reference value :  3.18001e-06
 Reference value :  3.18071e-06
 Reference value :  3.18163e-06
 Reference value :  3.18239e-06
 Reference value :  3.18371e-06
 Reference value :  3.18443e-06
 Reference value :  3.18559e-06
 Reference value :  3.18635e-06
 Reference value :  3.18759e-06
 Reference value :  3.18835e-06
 Reference value :  3.18927e-06
 Reference value :  3.19015e-06
 Reference value :  3.19139e-06
 Reference value :  3.19227e-06
 Reference value :  3.19335e-06
 Reference value :  3.19415e-06
 Reference value :  3.19531e-06
 Reference value :  3.19615e-06
 Reference value :  3.19691e-06
 Reference value :  3.19800e-06
 Reference value :  3.19891e-06
No. of Data Rows : 94280
sim/harness: analysis complete
Note: Simulation executed from .control section 
