
Note: Compatibility modes selected: hs a


Circuit: ** sch_path: /users/rwalters/github/sky130-pll/.loom/worktrees/issue-130/sim/divider-n64/testbench/tb_divider_n64.sch

option SCALE: Scale is set to 1e-06 for instance and model parameters
option SCALE: Scale is set to 1e-06 for instance and model parameters
option SCALE: Scale is set to 1e-06 for instance and model parameters
option SCALE: Scale is set to 1e-06 for instance and model parameters
Doing analysis at TEMP = 27.000000 and TNOM = 27.000000

Using KLU as Direct Linear Solver
 Reference value :  0.00000e+00
 Reference value :  7.42900e-10
 Reference value :  2.00125e-09
 Reference value :  2.86762e-09
 Reference value :  4.00813e-09
 Reference value :  4.90762e-09
 Reference value :  6.00375e-09
 Reference value :  6.94762e-09
 Reference value :  8.01337e-09
 Reference value :  8.82763e-09
 Reference value :  1.00081e-08
 Reference value :  1.09076e-08
 Reference value :  1.20134e-08
 Reference value :  1.27076e-08
 Reference value :  1.37076e-08
 Reference value :  1.44276e-08
 Reference value :  1.57076e-08
 Reference value :  1.63876e-08
 Reference value :  1.75076e-08
 Reference value :  1.82276e-08
 Reference value :  1.96676e-08
 Reference value :  2.03876e-08
 Reference value :  2.12676e-08
 Reference value :  2.21476e-08
 Reference value :  2.33876e-08
 Reference value :  2.42276e-08
 Reference value :  2.51876e-08
 Reference value :  2.60676e-08
 Reference value :  2.71876e-08
 Reference value :  2.80676e-08
 Reference value :  2.90276e-08
 Reference value :  3.01876e-08
 Reference value :  3.18676e-08
 Reference value :  3.26276e-08
 Reference value :  3.40000e-08
 Reference value :  3.48276e-08
 Reference value :  3.60186e-08
 Reference value :  3.67876e-08
 Reference value :  3.78276e-08
 Reference value :  3.85476e-08
 Reference value :  3.97876e-08
 Reference value :  4.04276e-08
 Reference value :  4.15476e-08
 Reference value :  4.25076e-08
 Reference value :  4.38276e-08
 Reference value :  4.44676e-08
 Reference value :  4.53876e-08
 Reference value :  4.61876e-08
 Reference value :  4.74276e-08
 Reference value :  4.82276e-08
 Reference value :  4.92676e-08
 Reference value :  5.01876e-08
 Reference value :  5.15476e-08
 Reference value :  5.23476e-08
 Reference value :  5.31876e-08
 Reference value :  5.41876e-08
 Reference value :  5.53876e-08
 Reference value :  5.61876e-08
 Reference value :  5.71476e-08
 Reference value :  5.81076e-08
 Reference value :  5.93876e-08
 Reference value :  6.03076e-08
 Reference value :  6.12676e-08
 Reference value :  6.22676e-08
 Reference value :  6.37476e-08
 Reference value :  6.45076e-08
 Reference value :  6.59076e-08
 Reference value :  6.67876e-08
 Reference value :  6.80134e-08
 Reference value :  6.87876e-08
 Reference value :  6.97876e-08
 Reference value :  7.05876e-08
 Reference value :  7.19076e-08
 Reference value :  7.25061e-08
 Reference value :  7.38261e-08
 Reference value :  7.46276e-08
 Reference value :  7.58676e-08
 Reference value :  7.65076e-08
 Reference value :  7.75476e-08
 Reference value :  7.83076e-08
 Reference value :  7.96276e-08
 Reference value :  8.03476e-08
 Reference value :  8.15476e-08
 Reference value :  8.23076e-08
 Reference value :  8.35876e-08
 Reference value :  8.43461e-08
 Reference value :  8.51861e-08
 Reference value :  8.60676e-08
 Reference value :  8.72276e-08
 Reference value :  8.81076e-08
 Reference value :  8.90276e-08
 Reference value :  9.00256e-08
 Reference value :  9.11076e-08
 Reference value :  9.20676e-08
 Reference value :  9.28276e-08
 Reference value :  9.40013e-08
 Reference value :  9.48676e-08
 Reference value :  9.60081e-08
 Reference value :  9.66676e-08
 Reference value :  9.79476e-08
 Reference value :  9.87076e-08
 Reference value :  9.99738e-08
 Reference value :  1.00588e-07
 Reference value :  1.01508e-07
 Reference value :  1.02268e-07
 Reference value :  1.03548e-07
 Reference value :  1.04268e-07
 Reference value :  1.05268e-07
 Reference value :  1.06148e-07
 Reference value :  1.07268e-07
 Reference value :  1.08108e-07
 Reference value :  1.08828e-07
 Reference value :  1.09974e-07
 Reference value :  1.10708e-07
 Reference value :  1.11948e-07
 Reference value :  1.12506e-07
 Reference value :  1.13666e-07
 Reference value :  1.14388e-07
 Reference value :  1.15628e-07
 Reference value :  1.16348e-07
 Reference value :  1.17188e-07
 Reference value :  1.18108e-07
 Reference value :  1.19268e-07
 Reference value :  1.20188e-07
 Reference value :  1.21188e-07
 Reference value :  1.22068e-07
 Reference value :  1.23188e-07
 Reference value :  1.24108e-07
 Reference value :  1.24908e-07
 Reference value :  1.26013e-07
 Reference value :  1.27068e-07
 Reference value :  1.28040e-07
 Reference value :  1.28948e-07
 Reference value :  1.30013e-07
 Reference value :  1.30868e-07
 Reference value :  1.32008e-07
 Reference value :  1.32748e-07
 Reference value :  1.33668e-07
 Reference value :  1.34428e-07
 Reference value :  1.35788e-07
 Reference value :  1.36428e-07
 Reference value :  1.37588e-07
 Reference value :  1.38348e-07
 Reference value :  1.39628e-07
 Reference value :  1.40388e-07
 Reference value :  1.41148e-07
 Reference value :  1.42108e-07
 Reference value :  1.43268e-07
 Reference value :  1.44108e-07
 Reference value :  1.45028e-07
 Reference value :  1.46015e-07
 Reference value :  1.46948e-07
 Reference value :  1.48013e-07
 Reference value :  1.48708e-07
 Reference value :  1.49748e-07
 Reference value :  1.50508e-07
 Reference value :  1.51748e-07
 Reference value :  1.52388e-07
 Reference value :  1.53548e-07
 Reference value :  1.54308e-07
 Reference value :  1.55548e-07
 Reference value :  1.56308e-07
 Reference value :  1.57148e-07
 Reference value :  1.58068e-07
 Reference value :  1.59188e-07
 Reference value :  1.60040e-07
 Reference value :  1.60868e-07
 Reference value :  1.62008e-07
 Reference value :  1.62868e-07
 Reference value :  1.64013e-07
 Reference value :  1.64748e-07
 Reference value :  1.65748e-07
 Reference value :  1.66508e-07
 Reference value :  1.67748e-07
 Reference value :  1.68388e-07
 Reference value :  1.69428e-07
 Reference value :  1.70228e-07
 Reference value :  1.71468e-07
 Reference value :  1.72228e-07
 Reference value :  1.72988e-07
 Reference value :  1.74015e-07
 Reference value :  1.75068e-07
 Reference value :  1.76019e-07
 Reference value :  1.76828e-07
 Reference value :  1.78004e-07
 Reference value :  1.78788e-07
 Reference value :  1.80004e-07
 Reference value :  1.80668e-07
 Reference value :  1.81748e-07
 Reference value :  1.82508e-07
 Reference value :  1.83788e-07
 Reference value :  1.84428e-07
 Reference value :  1.85548e-07
 Reference value :  1.86228e-07
 Reference value :  1.87508e-07
 Reference value :  1.88308e-07
 Reference value :  1.89108e-07
 Reference value :  1.90026e-07
 Reference value :  1.91028e-07
 Reference value :  1.92013e-07
 Reference value :  1.92708e-07
 Reference value :  1.93974e-07
 Reference value :  1.94748e-07
 Reference value :  1.96004e-07
 Reference value :  1.96628e-07
 Reference value :  1.97508e-07
 Reference value :  1.98268e-07
 Reference value :  1.99548e-07
 Reference value :  2.00268e-07
 Reference value :  2.01268e-07
 Reference value :  2.02108e-07
 Reference value :  2.03228e-07
 Reference value :  2.04108e-07
 Reference value :  2.04828e-07
 Reference value :  2.05974e-07
 Reference value :  2.06828e-07
 Reference value :  2.08013e-07
 Reference value :  2.08708e-07
 Reference value :  2.10000e-07
 Reference value :  2.10828e-07
 Reference value :  2.12000e-07
 Reference value :  2.12708e-07
 Reference value :  2.13828e-07
 Reference value :  2.14588e-07
 Reference value :  2.15868e-07
 Reference value :  2.16468e-07
 Reference value :  2.17748e-07
 Reference value :  2.18468e-07
 Reference value :  2.19908e-07
 Reference value :  2.20548e-07
 Reference value :  2.21588e-07
 Reference value :  2.22348e-07
 Reference value :  2.23668e-07
 Reference value :  2.24348e-07
 Reference value :  2.25468e-07
 Reference value :  2.26228e-07
 Reference value :  2.27548e-07
 Reference value :  2.28308e-07
 Reference value :  2.29068e-07
 Reference value :  2.30015e-07
 Reference value :  2.31028e-07
 Reference value :  2.32019e-07
 Reference value :  2.32828e-07
 Reference value :  2.34013e-07
 Reference value :  2.34948e-07
 Reference value :  2.36013e-07
 Reference value :  2.36708e-07
 Reference value :  2.37788e-07
 Reference value :  2.38588e-07
 Reference value :  2.39828e-07
 Reference value :  2.40428e-07
 Reference value :  2.41668e-07
 Reference value :  2.42388e-07
 Reference value :  2.43708e-07
 Reference value :  2.44428e-07
 Reference value :  2.45468e-07
 Reference value :  2.46308e-07
 Reference value :  2.47668e-07
 Reference value :  2.48426e-07
 Reference value :  2.49626e-07
 Reference value :  2.50388e-07
 Reference value :  2.51668e-07
 Reference value :  2.52426e-07
 Reference value :  2.53386e-07
 Reference value :  2.54228e-07
 Reference value :  2.55428e-07
 Reference value :  2.56268e-07
 Reference value :  2.57348e-07
 Reference value :  2.58228e-07
 Reference value :  2.59508e-07
 Reference value :  2.60308e-07
 Reference value :  2.61068e-07
 Reference value :  2.62015e-07
 Reference value :  2.63068e-07
 Reference value :  2.64066e-07
 Reference value :  2.65026e-07
 Reference value :  2.66019e-07
 Reference value :  2.67028e-07
 Reference value :  2.68026e-07
 Reference value :  2.68748e-07
 Reference value :  2.69748e-07
 Reference value :  2.70508e-07
 Reference value :  2.71828e-07
 Reference value :  2.72468e-07
 Reference value :  2.73748e-07
 Reference value :  2.74468e-07
 Reference value :  2.75708e-07
 Reference value :  2.76466e-07
 Reference value :  2.77426e-07
 Reference value :  2.78228e-07
 Reference value :  2.79508e-07
 Reference value :  2.80308e-07
 Reference value :  2.81428e-07
 Reference value :  2.82228e-07
 Reference value :  2.83548e-07
 Reference value :  2.84348e-07
 Reference value :  2.85228e-07
 Reference value :  2.86148e-07
 Reference value :  2.87468e-07
 Reference value :  2.88346e-07
 Reference value :  2.89506e-07
 Reference value :  2.90268e-07
 Reference value :  2.91628e-07
 Reference value :  2.92388e-07
 Reference value :  2.93268e-07
 Reference value :  2.94188e-07
 Reference value :  2.95548e-07
 Reference value :  2.96308e-07
 Reference value :  2.97508e-07
 Reference value :  2.98308e-07
 Reference value :  2.99668e-07
 Reference value :  3.00426e-07
 Reference value :  3.01386e-07
 Reference value :  3.02268e-07
 Reference value :  3.03628e-07
 Reference value :  3.04388e-07
 Reference value :  3.05588e-07
 Reference value :  3.06348e-07
 Reference value :  3.07668e-07
 Reference value :  3.08388e-07
 Reference value :  3.09348e-07
 Reference value :  3.10228e-07
 Reference value :  3.11508e-07
 Reference value :  3.12306e-07
 Reference value :  3.13466e-07
 Reference value :  3.14228e-07
 Reference value :  3.15548e-07
 Reference value :  3.16348e-07
 Reference value :  3.17228e-07
 Reference value :  3.18108e-07
 Reference value :  3.19348e-07
 Reference value :  3.20188e-07
 Reference value :  3.21188e-07
 Reference value :  3.22148e-07
 Reference value :  3.23308e-07
 Reference value :  3.24146e-07
 Reference value :  3.24986e-07
 Reference value :  3.26001e-07
 Reference value :  3.26868e-07
 Reference value :  3.28008e-07
 Reference value :  3.28588e-07
 Reference value :  3.29868e-07
 Reference value :  3.30748e-07
 Reference value :  3.32001e-07
 Reference value :  3.32628e-07
 Reference value :  3.33788e-07
 Reference value :  3.35108e-07
 Reference value :  3.36386e-07
 Reference value :  3.38000e-07
 Reference value :  3.39308e-07
 Reference value :  3.40508e-07
 Reference value :  3.42004e-07
 Reference value :  3.43628e-07
 Reference value :  3.44828e-07
 Reference value :  3.46308e-07
 Reference value :  3.48004e-07
 Reference value :  3.48946e-07
 Reference value :  3.50228e-07
 Reference value :  3.52004e-07
 Reference value :  3.53068e-07
 Reference value :  3.54388e-07
 Reference value :  3.56000e-07
 Reference value :  3.56828e-07
 Reference value :  3.58004e-07
 Reference value :  3.58828e-07
 Reference value :  3.60004e-07
 Reference value :  3.60588e-07
 Reference value :  3.61868e-07
 Reference value :  3.62548e-07
 Reference value :  3.63868e-07
 Reference value :  3.64588e-07
 Reference value :  3.65628e-07
 Reference value :  3.66388e-07
 Reference value :  3.67628e-07
 Reference value :  3.68388e-07
 Reference value :  3.69468e-07
 Reference value :  3.70228e-07
 Reference value :  3.71548e-07
 Reference value :  3.72308e-07
 Reference value :  3.73108e-07
 Reference value :  3.74068e-07
 Reference value :  3.75268e-07
 Reference value :  3.76148e-07
 Reference value :  3.77068e-07
 Reference value :  3.78040e-07
 Reference value :  3.79188e-07
 Reference value :  3.80068e-07
 Reference value :  3.80908e-07
 Reference value :  3.82026e-07
 Reference value :  3.83388e-07
 Reference value :  3.84188e-07
 Reference value :  3.85228e-07
 Reference value :  3.86148e-07
 Reference value :  3.87308e-07
 Reference value :  3.88148e-07
 Reference value :  3.88948e-07
 Reference value :  3.90000e-07
 Reference value :  3.90828e-07
 Reference value :  3.92004e-07
 Reference value :  3.92588e-07
 Reference value :  3.93974e-07
 Reference value :  3.94748e-07
 Reference value :  3.96000e-07
 Reference value :  3.96628e-07
 Reference value :  3.97548e-07
 Reference value :  3.98388e-07
 Reference value :  3.99668e-07
 Reference value :  4.00386e-07
 Reference value :  4.01546e-07
 Reference value :  4.02268e-07
 Reference value :  4.03548e-07
 Reference value :  4.04308e-07
 Reference value :  4.05188e-07
 Reference value :  4.06108e-07
 Reference value :  4.07188e-07
 Reference value :  4.08040e-07
 Reference value :  4.09148e-07
 Reference value :  4.10026e-07
 Reference value :  4.10988e-07
 Reference value :  4.12013e-07
 Reference value :  4.12666e-07
 Reference value :  4.13626e-07
 Reference value :  4.14348e-07
 Reference value :  4.15588e-07
 Reference value :  4.16268e-07
 Reference value :  4.17268e-07
 Reference value :  4.18108e-07
 Reference value :  4.19228e-07
 Reference value :  4.20108e-07
 Reference value :  4.20868e-07
 Reference value :  4.21948e-07
 Reference value :  4.22668e-07
 Reference value :  4.23868e-07
 Reference value :  4.24466e-07
 Reference value :  4.25626e-07
 Reference value :  4.26268e-07
 Reference value :  4.27508e-07
 Reference value :  4.28308e-07
 Reference value :  4.29068e-07
 Reference value :  4.30019e-07
 Reference value :  4.30988e-07
 Reference value :  4.32008e-07
 Reference value :  4.32588e-07
 Reference value :  4.33748e-07
 Reference value :  4.34388e-07
 Reference value :  4.35588e-07
 Reference value :  4.36346e-07
 Reference value :  4.37186e-07
 Reference value :  4.38040e-07
 Reference value :  4.39068e-07
 Reference value :  4.40015e-07
 Reference value :  4.40668e-07
 Reference value :  4.41908e-07
 Reference value :  4.42548e-07
 Reference value :  4.43748e-07
 Reference value :  4.44388e-07
 Reference value :  4.45188e-07
 Reference value :  4.46040e-07
 Reference value :  4.47108e-07
 Reference value :  4.48039e-07
 Reference value :  4.48866e-07
 Reference value :  4.50004e-07
 Reference value :  4.50788e-07
 Reference value :  4.52000e-07
 Reference value :  4.52588e-07
 Reference value :  4.53308e-07
 Reference value :  4.54108e-07
 Reference value :  4.55188e-07
 Reference value :  4.56068e-07
 Reference value :  4.56868e-07
 Reference value :  4.58008e-07
 Reference value :  4.58788e-07
 Reference value :  4.59974e-07
 Reference value :  4.60586e-07
 Reference value :  4.61426e-07
 Reference value :  4.62188e-07
 Reference value :  4.63348e-07
 Reference value :  4.64148e-07
 Reference value :  4.65028e-07
 Reference value :  4.66013e-07
 Reference value :  4.66828e-07
 Reference value :  4.68000e-07
 Reference value :  4.68548e-07
 Reference value :  4.69548e-07
 Reference value :  4.70268e-07
 Reference value :  4.71468e-07
 Reference value :  4.72266e-07
 Reference value :  4.73266e-07
 Reference value :  4.74148e-07
 Reference value :  4.75268e-07
 Reference value :  4.76108e-07
 Reference value :  4.76868e-07
 Reference value :  4.78000e-07
 Reference value :  4.78948e-07
 Reference value :  4.80004e-07
 Reference value :  4.80508e-07
 Reference value :  4.81708e-07
 Reference value :  4.82388e-07
 Reference value :  4.83628e-07
 Reference value :  4.84348e-07
 Reference value :  4.85148e-07
 Reference value :  4.86040e-07
 Reference value :  4.87108e-07
 Reference value :  4.88019e-07
 Reference value :  4.88788e-07
 Reference value :  4.90001e-07
 Reference value :  4.90788e-07
 Reference value :  4.92000e-07
 Reference value :  4.92548e-07
 Reference value :  4.93468e-07
 Reference value :  4.94188e-07
 Reference value :  4.95348e-07
 Reference value :  4.96146e-07
 Reference value :  4.97066e-07
 Reference value :  4.98019e-07
 Reference value :  4.98988e-07
 Reference value :  5.00013e-07
 Reference value :  5.00786e-07
 Reference value :  5.01866e-07
 Reference value :  5.02588e-07
 Reference value :  5.03868e-07
 Reference value :  5.04428e-07
 Reference value :  5.05508e-07
 Reference value :  5.06228e-07
 Reference value :  5.07588e-07
 Reference value :  5.08308e-07
 Reference value :  5.09108e-07
 Reference value :  5.10026e-07
 Reference value :  5.11068e-07
 Reference value :  5.12013e-07
 Reference value :  5.12708e-07
 Reference value :  5.13908e-07
 Reference value :  5.14588e-07
 Reference value :  5.15828e-07
 Reference value :  5.16428e-07
 Reference value :  5.17148e-07
 Reference value :  5.18019e-07
 Reference value :  5.18988e-07
 Reference value :  5.20008e-07
 Reference value :  5.20588e-07
 Reference value :  5.21868e-07
 Reference value :  5.22548e-07
 Reference value :  5.24013e-07
 Reference value :  5.24988e-07
 Reference value :  5.26148e-07
 Reference value :  5.27708e-07
 Reference value :  5.28626e-07
 Reference value :  5.30040e-07
 Reference value :  5.31548e-07
 Reference value :  5.32588e-07
 Reference value :  5.34008e-07
 Reference value :  5.35348e-07
 Reference value :  5.36428e-07
 Reference value :  5.37828e-07
 Reference value :  5.38468e-07
 Reference value :  5.39828e-07
 Reference value :  5.40428e-07
 Reference value :  5.41308e-07
 Reference value :  5.42148e-07
 Reference value :  5.43268e-07
 Reference value :  5.44108e-07
 Reference value :  5.44988e-07
 Reference value :  5.46013e-07
 Reference value :  5.46908e-07
 Reference value :  5.48004e-07
 Reference value :  5.48628e-07
 Reference value :  5.49548e-07
 Reference value :  5.50268e-07
 Reference value :  5.51468e-07
 Reference value :  5.52226e-07
 Reference value :  5.53186e-07
 Reference value :  5.54040e-07
 Reference value :  5.55028e-07
 Reference value :  5.56013e-07
 Reference value :  5.56628e-07
 Reference value :  5.57748e-07
 Reference value :  5.58828e-07
 Reference value :  5.60068e-07
 Reference value :  5.61228e-07
 Reference value :  5.62268e-07
 Reference value :  5.63868e-07
 Reference value :  5.64748e-07
 Reference value :  5.66008e-07
 Reference value :  5.66908e-07
 Reference value :  5.68004e-07
 Reference value :  5.68548e-07
 Reference value :  5.69788e-07
 Reference value :  5.70428e-07
 Reference value :  5.71628e-07
 Reference value :  5.72308e-07
 Reference value :  5.73108e-07
 Reference value :  5.74019e-07
 Reference value :  5.75068e-07
 Reference value :  5.76025e-07
 Reference value :  5.76826e-07
 Reference value :  5.78000e-07
 Reference value :  5.78748e-07
 Reference value :  5.80000e-07
 Reference value :  5.80548e-07
 Reference value :  5.81428e-07
 Reference value :  5.82268e-07
 Reference value :  5.83468e-07
 Reference value :  5.84188e-07
 Reference value :  5.85068e-07
 Reference value :  5.86015e-07
 Reference value :  5.86908e-07
 Reference value :  5.88013e-07
 Reference value :  5.88668e-07
 Reference value :  5.89588e-07
 Reference value :  5.90308e-07
 Reference value :  5.91508e-07
 Reference value :  5.92228e-07
 Reference value :  5.93308e-07
 Reference value :  5.94188e-07
 Reference value :  5.95348e-07
 Reference value :  5.96108e-07
 Reference value :  5.96868e-07
 Reference value :  5.97974e-07
 Reference value :  5.98668e-07
 Reference value :  5.99868e-07
 Reference value :  6.00466e-07
 Reference value :  6.01626e-07
 Reference value :  6.02308e-07
 Reference value :  6.03508e-07
 Reference value :  6.04268e-07
 Reference value :  6.05148e-07
 Reference value :  6.06040e-07
 Reference value :  6.07148e-07
 Reference value :  6.08019e-07
 Reference value :  6.08708e-07
 Reference value :  6.09908e-07
 Reference value :  6.10508e-07
 Reference value :  6.11748e-07
 Reference value :  6.12388e-07
 Reference value :  6.13148e-07
 Reference value :  6.14026e-07
 Reference value :  6.15068e-07
 Reference value :  6.16015e-07
 Reference value :  6.16668e-07
 Reference value :  6.17828e-07
 Reference value :  6.18468e-07
 Reference value :  6.19668e-07
 Reference value :  6.20308e-07
 Reference value :  6.21028e-07
 Reference value :  6.22013e-07
 Reference value :  6.22948e-07
 Reference value :  6.24013e-07
 Reference value :  6.24626e-07
 Reference value :  6.25946e-07
 Reference value :  6.26588e-07
 Reference value :  6.27828e-07
 Reference value :  6.28428e-07
 Reference value :  6.29268e-07
 Reference value :  6.30108e-07
 Reference value :  6.31228e-07
 Reference value :  6.32040e-07
 Reference value :  6.32788e-07
 Reference value :  6.34000e-07
 Reference value :  6.34708e-07
 Reference value :  6.35948e-07
 Reference value :  6.36548e-07
 Reference value :  6.37668e-07
 Reference value :  6.38428e-07
 Reference value :  6.39628e-07
 Reference value :  6.40308e-07
 Reference value :  6.41348e-07
 Reference value :  6.42188e-07
 Reference value :  6.43348e-07
 Reference value :  6.44148e-07
 Reference value :  6.44948e-07
 Reference value :  6.46008e-07
 Reference value :  6.46828e-07
 Reference value :  6.48000e-07
 Reference value :  6.48506e-07
 Reference value :  6.49706e-07
 Reference value :  6.50388e-07
 Reference value :  6.51628e-07
 Reference value :  6.52348e-07
 Reference value :  6.53028e-07
 Reference value :  6.54013e-07
 Reference value :  6.54988e-07
 Reference value :  6.56013e-07
 Reference value :  6.56668e-07
 Reference value :  6.57948e-07
 Reference value :  6.58628e-07
 Reference value :  6.59868e-07
 Reference value :  6.60468e-07
 Reference value :  6.61348e-07
 Reference value :  6.62188e-07
 Reference value :  6.63468e-07
 Reference value :  6.64188e-07
 Reference value :  6.65068e-07
 Reference value :  6.66019e-07
 Reference value :  6.66948e-07
 Reference value :  6.68008e-07
 Reference value :  6.68668e-07
 Reference value :  6.69668e-07
 Reference value :  6.70348e-07
 Reference value :  6.71588e-07
 Reference value :  6.72306e-07
 Reference value :  6.73306e-07
 Reference value :  6.74148e-07
 Reference value :  6.75228e-07
 Reference value :  6.76068e-07
 Reference value :  6.76828e-07
 Reference value :  6.77868e-07
 Reference value :  6.78628e-07
 Reference value :  6.79908e-07
 Reference value :  6.80468e-07
 Reference value :  6.81548e-07
 Reference value :  6.82228e-07
 Reference value :  6.83428e-07
 Reference value :  6.84188e-07
 Reference value :  6.84908e-07
 Reference value :  6.86008e-07
 Reference value :  6.86828e-07
 Reference value :  6.88001e-07
 Reference value :  6.88548e-07
 Reference value :  6.89748e-07
 Reference value :  6.90388e-07
 Reference value :  6.91588e-07
 Reference value :  6.92308e-07
 Reference value :  6.93108e-07
 Reference value :  6.94026e-07
 Reference value :  6.95028e-07
 Reference value :  6.96015e-07
 Reference value :  6.96706e-07
 Reference value :  6.97906e-07
 Reference value :  6.98508e-07
 Reference value :  6.99708e-07
 Reference value :  7.00388e-07
 Reference value :  7.01188e-07
 Reference value :  7.02040e-07
 Reference value :  7.03108e-07
 Reference value :  7.04019e-07
 Reference value :  7.04828e-07
 Reference value :  7.06001e-07
 Reference value :  7.06748e-07
 Reference value :  7.07948e-07
 Reference value :  7.08508e-07
 Reference value :  7.09268e-07
 Reference value :  7.10108e-07
 Reference value :  7.11268e-07
 Reference value :  7.12108e-07
 Reference value :  7.12988e-07
 Reference value :  7.14013e-07
 Reference value :  7.14948e-07
 Reference value :  7.16008e-07
 Reference value :  7.16628e-07
 Reference value :  7.17548e-07
 Reference value :  7.18308e-07
 Reference value :  7.19548e-07
 Reference value :  7.20268e-07
 Reference value :  7.21268e-07
 Reference value :  7.22108e-07
 Reference value :  7.23188e-07
 Reference value :  7.24068e-07
 Reference value :  7.24908e-07
 Reference value :  7.26001e-07
 Reference value :  7.26788e-07
 Reference value :  7.27974e-07
 Reference value :  7.28468e-07
 Reference value :  7.29668e-07
 Reference value :  7.30348e-07
 Reference value :  7.31548e-07
 Reference value :  7.32268e-07
 Reference value :  7.32988e-07
 Reference value :  7.34013e-07
 Reference value :  7.34948e-07
 Reference value :  7.36008e-07
 Reference value :  7.36588e-07
 Reference value :  7.37828e-07
 Reference value :  7.38508e-07
 Reference value :  7.39708e-07
 Reference value :  7.40388e-07
 Reference value :  7.41148e-07
 Reference value :  7.42019e-07
 Reference value :  7.42988e-07
 Reference value :  7.44013e-07
 Reference value :  7.44588e-07
 Reference value :  7.45828e-07
 Reference value :  7.46468e-07
 Reference value :  7.47708e-07
 Reference value :  7.48348e-07
 Reference value :  7.49068e-07
 Reference value :  7.50019e-07
 Reference value :  7.50988e-07
 Reference value :  7.52008e-07
 Reference value :  7.52628e-07
 Reference value :  7.53828e-07
 Reference value :  7.54468e-07
 Reference value :  7.55708e-07
 Reference value :  7.56348e-07
 Reference value :  7.57108e-07
 Reference value :  7.58019e-07
 Reference value :  7.58988e-07
 Reference value :  7.60015e-07
 Reference value :  7.60708e-07
 Reference value :  7.61974e-07
 Reference value :  7.62668e-07
 Reference value :  7.64148e-07
 Reference value :  7.65268e-07
 Reference value :  7.66388e-07
 Reference value :  7.67588e-07
 Reference value :  7.68228e-07
 Reference value :  7.69148e-07
 Reference value :  7.70068e-07
 Reference value :  7.71108e-07
 Reference value :  7.72026e-07
 Reference value :  7.72788e-07
 Reference value :  7.73628e-07
 Reference value :  7.74308e-07
 Reference value :  7.75588e-07
 Reference value :  7.76268e-07
 Reference value :  7.77388e-07
 Reference value :  7.78188e-07
 Reference value :  7.79588e-07
 Reference value :  7.80508e-07
 Reference value :  7.81348e-07
 Reference value :  7.82148e-07
 Reference value :  7.83308e-07
 Reference value :  7.84108e-07
 Reference value :  7.84948e-07
 Reference value :  7.86008e-07
 Reference value :  7.86788e-07
 Reference value :  7.87948e-07
 Reference value :  7.88508e-07
 Reference value :  7.89388e-07
 Reference value :  7.90148e-07
 Reference value :  7.91308e-07
 Reference value :  7.92108e-07
 Reference value :  7.92908e-07
 Reference value :  7.94004e-07
 Reference value :  7.94748e-07
 Reference value :  7.95974e-07
 Reference value :  7.96546e-07
 Reference value :  7.97426e-07
 Reference value :  7.98188e-07
 Reference value :  7.99348e-07
 Reference value :  8.00228e-07
 Reference value :  8.01148e-07
 Reference value :  8.02026e-07
 Reference value :  8.03108e-07
 Reference value :  8.04019e-07
 Reference value :  8.04828e-07
 Reference value :  8.05948e-07
 Reference value :  8.06908e-07
 Reference value :  8.08001e-07
 Reference value :  8.08508e-07
 Reference value :  8.09668e-07
 Reference value :  8.10308e-07
 Reference value :  8.11508e-07
 Reference value :  8.12268e-07
 Reference value :  8.12948e-07
 Reference value :  8.14004e-07
 Reference value :  8.14788e-07
 Reference value :  8.16000e-07
 Reference value :  8.16508e-07
 Reference value :  8.17748e-07
 Reference value :  8.18468e-07
 Reference value :  8.19668e-07
 Reference value :  8.20346e-07
 Reference value :  8.21146e-07
 Reference value :  8.22026e-07
 Reference value :  8.23028e-07
 Reference value :  8.24013e-07
 Reference value :  8.24668e-07
 Reference value :  8.25908e-07
 Reference value :  8.26588e-07
 Reference value :  8.27788e-07
 Reference value :  8.28428e-07
 Reference value :  8.29268e-07
 Reference value :  8.30108e-07
 Reference value :  8.31308e-07
 Reference value :  8.32148e-07
 Reference value :  8.33068e-07
 Reference value :  8.34108e-07
 Reference value :  8.35268e-07
 Reference value :  8.36108e-07
 Reference value :  8.36908e-07
 Reference value :  8.37908e-07
 Reference value :  8.38628e-07
 Reference value :  8.39868e-07
 Reference value :  8.40428e-07
 Reference value :  8.41508e-07
 Reference value :  8.42228e-07
 Reference value :  8.43468e-07
 Reference value :  8.44266e-07
 Reference value :  8.45026e-07
 Reference value :  8.46013e-07
 Reference value :  8.46868e-07
 Reference value :  8.48008e-07
 Reference value :  8.48628e-07
 Reference value :  8.49828e-07
 Reference value :  8.50468e-07
 Reference value :  8.51668e-07
 Reference value :  8.52348e-07
 Reference value :  8.53148e-07
 Reference value :  8.54040e-07
 Reference value :  8.55148e-07
 Reference value :  8.56026e-07
 Reference value :  8.56748e-07
 Reference value :  8.58019e-07
 Reference value :  8.59308e-07
 Reference value :  8.60148e-07
 Reference value :  8.60868e-07
 Reference value :  8.61974e-07
 Reference value :  8.62668e-07
 Reference value :  8.63908e-07
 Reference value :  8.64468e-07
 Reference value :  8.65668e-07
 Reference value :  8.66388e-07
 Reference value :  8.67788e-07
 Reference value :  8.68546e-07
 Reference value :  8.69426e-07
 Reference value :  8.70188e-07
 Reference value :  8.71348e-07
 Reference value :  8.72148e-07
 Reference value :  8.73028e-07
 Reference value :  8.74015e-07
 Reference value :  8.74948e-07
 Reference value :  8.76013e-07
 Reference value :  8.76668e-07
 Reference value :  8.77708e-07
 Reference value :  8.78428e-07
 Reference value :  8.79668e-07
 Reference value :  8.80348e-07
 Reference value :  8.81388e-07
 Reference value :  8.82188e-07
 Reference value :  8.83548e-07
 Reference value :  8.84308e-07
 Reference value :  8.85108e-07
 Reference value :  8.86026e-07
 Reference value :  8.86988e-07
 Reference value :  8.88008e-07
 Reference value :  8.88588e-07
 Reference value :  8.89788e-07
 Reference value :  8.90468e-07
 Reference value :  8.91708e-07
 Reference value :  8.92426e-07
 Reference value :  8.93226e-07
 Reference value :  8.94108e-07
 Reference value :  8.95268e-07
 Reference value :  8.96068e-07
 Reference value :  8.96948e-07
 Reference value :  8.98013e-07
 Reference value :  8.98868e-07
 Reference value :  9.00004e-07
 Reference value :  9.00628e-07
 Reference value :  9.01468e-07
 Reference value :  9.02228e-07
 Reference value :  9.03388e-07
 Reference value :  9.04188e-07
 Reference value :  9.05068e-07
 Reference value :  9.06015e-07
 Reference value :  9.06948e-07
 Reference value :  9.08013e-07
 Reference value :  9.08628e-07
 Reference value :  9.09468e-07
 Reference value :  9.10188e-07
 Reference value :  9.11388e-07
 Reference value :  9.12148e-07
 Reference value :  9.13028e-07
 Reference value :  9.14013e-07
 Reference value :  9.14828e-07
 Reference value :  9.16000e-07
 Reference value :  9.16586e-07
 Reference value :  9.17546e-07
 Reference value :  9.18268e-07
 Reference value :  9.19468e-07
 Reference value :  9.20188e-07
 Reference value :  9.21068e-07
 Reference value :  9.22015e-07
 Reference value :  9.22988e-07
 Reference value :  9.24040e-07
 Reference value :  9.24948e-07
 Reference value :  9.26008e-07
 Reference value :  9.26868e-07
 Reference value :  9.28004e-07
 Reference value :  9.28628e-07
 Reference value :  9.29828e-07
 Reference value :  9.30548e-07
 Reference value :  9.31788e-07
 Reference value :  9.32388e-07
 Reference value :  9.33148e-07
 Reference value :  9.34026e-07
 Reference value :  9.35028e-07
 Reference value :  9.36013e-07
 Reference value :  9.36588e-07
 Reference value :  9.37828e-07
 Reference value :  9.38468e-07
 Reference value :  9.39668e-07
 Reference value :  9.40386e-07
 Reference value :  9.41226e-07
 Reference value :  9.42068e-07
 Reference value :  9.43148e-07
 Reference value :  9.44026e-07
 Reference value :  9.44788e-07
 Reference value :  9.46000e-07
 Reference value :  9.46708e-07
 Reference value :  9.47908e-07
 Reference value :  9.48508e-07
 Reference value :  9.49468e-07
 Reference value :  9.50228e-07
 Reference value :  9.51348e-07
 Reference value :  9.52148e-07
 Reference value :  9.52988e-07
 Reference value :  9.54013e-07
 Reference value :  9.54828e-07
 Reference value :  9.56001e-07
 Reference value :  9.56588e-07
 Reference value :  9.57508e-07
 Reference value :  9.58228e-07
 Reference value :  9.59388e-07
 Reference value :  9.60148e-07
 Reference value :  9.61028e-07
 Reference value :  9.62013e-07
 Reference value :  9.62868e-07
 Reference value :  9.64000e-07
 Reference value :  9.64628e-07
 Reference value :  9.65428e-07
 Reference value :  9.66188e-07
 Reference value :  9.67348e-07
 Reference value :  9.68148e-07
 Reference value :  9.69028e-07
 Reference value :  9.70015e-07
 Reference value :  9.70948e-07
 Reference value :  9.72012e-07
 Reference value :  9.72668e-07
 Reference value :  9.73588e-07
 Reference value :  9.74468e-07
 Reference value :  9.75868e-07
 Reference value :  9.76428e-07
 Reference value :  9.77508e-07
 Reference value :  9.78228e-07
 Reference value :  9.79428e-07
 Reference value :  9.80188e-07
 Reference value :  9.80948e-07
 Reference value :  9.82004e-07
 Reference value :  9.82828e-07
 Reference value :  9.84001e-07
 Reference value :  9.84508e-07
 Reference value :  9.85748e-07
 Reference value :  9.86428e-07
 Reference value :  9.87748e-07
 Reference value :  9.88428e-07
 Reference value :  9.89268e-07
 Reference value :  9.90108e-07
 Reference value :  9.91228e-07
 Reference value :  9.92068e-07
 Reference value :  9.92988e-07
 Reference value :  9.94012e-07
 Reference value :  9.94868e-07
 Reference value :  9.96004e-07
 Reference value :  9.96628e-07
 Reference value :  9.97588e-07
 Reference value :  9.98348e-07
 Reference value :  9.99588e-07
 Reference value :  1.00027e-06
 Reference value :  1.00123e-06
 Reference value :  1.00219e-06
 Reference value :  1.00347e-06
 Reference value :  1.00427e-06
 Reference value :  1.00519e-06
 Reference value :  1.00623e-06
 Reference value :  1.00751e-06
 Reference value :  1.00827e-06
 Reference value :  1.00923e-06
 Reference value :  1.01007e-06
 Reference value :  1.01119e-06
 Reference value :  1.01207e-06
 Reference value :  1.01287e-06
 Reference value :  1.01397e-06
 Reference value :  1.01471e-06
 Reference value :  1.01595e-06
 Reference value :  1.01647e-06
 Reference value :  1.01763e-06
 Reference value :  1.01831e-06
 Reference value :  1.01959e-06
 Reference value :  1.02031e-06
 Reference value :  1.02111e-06
 Reference value :  1.02207e-06
 Reference value :  1.02335e-06
 Reference value :  1.02415e-06
 Reference value :  1.02507e-06
 Reference value :  1.02602e-06
 Reference value :  1.02703e-06
 Reference value :  1.02801e-06
 Reference value :  1.02871e-06
 Reference value :  1.02955e-06
 Reference value :  1.03031e-06
 Reference value :  1.03155e-06
 Reference value :  1.03227e-06
 Reference value :  1.03335e-06
 Reference value :  1.03415e-06
 Reference value :  1.03527e-06
 Reference value :  1.03611e-06
 Reference value :  1.03683e-06
 Reference value :  1.03795e-06
 Reference value :  1.03871e-06
 Reference value :  1.03995e-06
 Reference value :  1.04047e-06
 Reference value :  1.04159e-06
 Reference value :  1.04227e-06
 Reference value :  1.04347e-06
 Reference value :  1.04423e-06
 Reference value :  1.04495e-06
 Reference value :  1.04600e-06
 Reference value :  1.04683e-06
 Reference value :  1.04800e-06
 Reference value :  1.04851e-06
 Reference value :  1.04971e-06
 Reference value :  1.05035e-06
 Reference value :  1.05159e-06
 Reference value :  1.05231e-06
 Reference value :  1.05311e-06
 Reference value :  1.05403e-06
 Reference value :  1.05507e-06
 Reference value :  1.05602e-06
 Reference value :  1.05691e-06
 Reference value :  1.05801e-06
 Reference value :  1.05883e-06
 Reference value :  1.06000e-06
 Reference value :  1.06055e-06
 Reference value :  1.06147e-06
 Reference value :  1.06223e-06
 Reference value :  1.06343e-06
 Reference value :  1.06415e-06
 Reference value :  1.06503e-06
 Reference value :  1.06602e-06
 Reference value :  1.06699e-06
 Reference value :  1.06801e-06
 Reference value :  1.06867e-06
 Reference value :  1.06967e-06
 Reference value :  1.07043e-06
 Reference value :  1.07167e-06
 Reference value :  1.07231e-06
 Reference value :  1.07335e-06
 Reference value :  1.07415e-06
 Reference value :  1.07527e-06
 Reference value :  1.07611e-06
 Reference value :  1.07687e-06
 Reference value :  1.07797e-06
 Reference value :  1.07871e-06
 Reference value :  1.07995e-06
 Reference value :  1.08047e-06
 Reference value :  1.08163e-06
 Reference value :  1.08231e-06
 Reference value :  1.08355e-06
 Reference value :  1.08427e-06
 Reference value :  1.08499e-06
 Reference value :  1.08601e-06
 Reference value :  1.08691e-06
 Reference value :  1.08801e-06
 Reference value :  1.08859e-06
 Reference value :  1.08979e-06
 Reference value :  1.09047e-06
 Reference value :  1.09171e-06
 Reference value :  1.09239e-06
 Reference value :  1.09315e-06
 Reference value :  1.09401e-06
 Reference value :  1.09491e-06
 Reference value :  1.09600e-06
 Reference value :  1.09655e-06
 Reference value :  1.09775e-06
 Reference value :  1.09839e-06
 Reference value :  1.09959e-06
 Reference value :  1.10031e-06
 Reference value :  1.10103e-06
 Reference value :  1.10201e-06
 Reference value :  1.10295e-06
 Reference value :  1.10401e-06
 Reference value :  1.10467e-06
 Reference value :  1.10591e-06
 Reference value :  1.10659e-06
 Reference value :  1.10779e-06
 Reference value :  1.10839e-06
 Reference value :  1.10923e-06
 Reference value :  1.11011e-06
 Reference value :  1.11123e-06
 Reference value :  1.11207e-06
 Reference value :  1.11287e-06
 Reference value :  1.11400e-06
 Reference value :  1.11479e-06
 Reference value :  1.11597e-06
 Reference value :  1.11651e-06
 Reference value :  1.11743e-06
 Reference value :  1.11819e-06
 Reference value :  1.11939e-06
 Reference value :  1.12015e-06
 Reference value :  1.12107e-06
 Reference value :  1.12202e-06
 Reference value :  1.12299e-06
 Reference value :  1.12401e-06
 Reference value :  1.12467e-06
 Reference value :  1.12559e-06
 Reference value :  1.12631e-06
 Reference value :  1.12763e-06
 Reference value :  1.12831e-06
 Reference value :  1.12931e-06
 Reference value :  1.13015e-06
 Reference value :  1.13123e-06
 Reference value :  1.13207e-06
 Reference value :  1.13279e-06
 Reference value :  1.13395e-06
 Reference value :  1.13467e-06
 Reference value :  1.13595e-06
 Reference value :  1.13647e-06
 Reference value :  1.13763e-06
 Reference value :  1.13827e-06
 Reference value :  1.13947e-06
 Reference value :  1.14031e-06
 Reference value :  1.14107e-06
 Reference value :  1.14202e-06
 Reference value :  1.14319e-06
 Reference value :  1.14404e-06
 Reference value :  1.14479e-06
 Reference value :  1.14601e-06
 Reference value :  1.14747e-06
 Reference value :  1.14851e-06
 Reference value :  1.14991e-06
 Reference value :  1.15115e-06
 Reference value :  1.15215e-06
 Reference value :  1.15307e-06
 Reference value :  1.15402e-06
 Reference value :  1.15495e-06
 Reference value :  1.15601e-06
 Reference value :  1.15667e-06
 Reference value :  1.15755e-06
 Reference value :  1.15863e-06
 Reference value :  1.15991e-06
 Reference value :  1.16047e-06
 Reference value :  1.16163e-06
 Reference value :  1.16231e-06
 Reference value :  1.16351e-06
 Reference value :  1.16427e-06
 Reference value :  1.16495e-06
 Reference value :  1.16600e-06
 Reference value :  1.16675e-06
 Reference value :  1.16795e-06
 Reference value :  1.16851e-06
 Reference value :  1.16971e-06
 Reference value :  1.17035e-06
 Reference value :  1.17151e-06
 Reference value :  1.17227e-06
 Reference value :  1.17303e-06
 Reference value :  1.17402e-06
 Reference value :  1.17499e-06
 Reference value :  1.17601e-06
 Reference value :  1.17659e-06
 Reference value :  1.17779e-06
 Reference value :  1.17847e-06
 Reference value :  1.17971e-06
 Reference value :  1.18039e-06
 Reference value :  1.18119e-06
 Reference value :  1.18204e-06
 Reference value :  1.18307e-06
 Reference value :  1.18402e-06
 Reference value :  1.18471e-06
 Reference value :  1.18591e-06
 Reference value :  1.18659e-06
 Reference value :  1.18779e-06
 Reference value :  1.18843e-06
 Reference value :  1.18919e-06
 Reference value :  1.19004e-06
 Reference value :  1.19111e-06
 Reference value :  1.19202e-06
 Reference value :  1.19271e-06
 Reference value :  1.19395e-06
 Reference value :  1.19459e-06
 Reference value :  1.19579e-06
 Reference value :  1.19643e-06
 Reference value :  1.19719e-06
 Reference value :  1.19804e-06
 Reference value :  1.19915e-06
 Reference value :  1.20004e-06
 Reference value :  1.20083e-06
 Reference value :  1.20197e-06
 Reference value :  1.20263e-06
 Reference value :  1.20379e-06
 Reference value :  1.20443e-06
 Reference value :  1.20523e-06
 Reference value :  1.20607e-06
 Reference value :  1.20711e-06
 Reference value :  1.20802e-06
 Reference value :  1.20871e-06
 Reference value :  1.20991e-06
 Reference value :  1.21055e-06
 Reference value :  1.21175e-06
 Reference value :  1.21239e-06
 Reference value :  1.21319e-06
 Reference value :  1.21404e-06
 Reference value :  1.21511e-06
 Reference value :  1.21602e-06
 Reference value :  1.21675e-06
 Reference value :  1.21795e-06
 Reference value :  1.21867e-06
 Reference value :  1.21997e-06
 Reference value :  1.22051e-06
 Reference value :  1.22127e-06
 Reference value :  1.22207e-06
 Reference value :  1.22311e-06
 Reference value :  1.22402e-06
 Reference value :  1.22471e-06
 Reference value :  1.22591e-06
 Reference value :  1.22659e-06
 Reference value :  1.22775e-06
 Reference value :  1.22839e-06
 Reference value :  1.22911e-06
 Reference value :  1.23002e-06
 Reference value :  1.23099e-06
 Reference value :  1.23201e-06
 Reference value :  1.23267e-06
 Reference value :  1.23391e-06
 Reference value :  1.23459e-06
 Reference value :  1.23579e-06
 Reference value :  1.23643e-06
 Reference value :  1.23731e-06
 Reference value :  1.23811e-06
 Reference value :  1.23923e-06
 Reference value :  1.24007e-06
 Reference value :  1.24087e-06
 Reference value :  1.24200e-06
 Reference value :  1.24267e-06
 Reference value :  1.24387e-06
 Reference value :  1.24447e-06
 Reference value :  1.24551e-06
 Reference value :  1.24623e-06
 Reference value :  1.24739e-06
 Reference value :  1.24815e-06
 Reference value :  1.24907e-06
 Reference value :  1.25002e-06
 Reference value :  1.25099e-06
 Reference value :  1.25201e-06
 Reference value :  1.25263e-06
 Reference value :  1.25355e-06
 Reference value :  1.25431e-06
 Reference value :  1.25555e-06
 Reference value :  1.25627e-06
 Reference value :  1.25723e-06
 Reference value :  1.25807e-06
 Reference value :  1.25911e-06
 Reference value :  1.26002e-06
 Reference value :  1.26071e-06
 Reference value :  1.26175e-06
 Reference value :  1.26247e-06
 Reference value :  1.26371e-06
 Reference value :  1.26435e-06
 Reference value :  1.26539e-06
 Reference value :  1.26615e-06
 Reference value :  1.26723e-06
 Reference value :  1.26807e-06
 Reference value :  1.26887e-06
 Reference value :  1.26997e-06
 Reference value :  1.27071e-06
 Reference value :  1.27191e-06
 Reference value :  1.27243e-06
 Reference value :  1.27351e-06
 Reference value :  1.27419e-06
 Reference value :  1.27539e-06
 Reference value :  1.27615e-06
 Reference value :  1.27691e-06
 Reference value :  1.27800e-06
 Reference value :  1.27883e-06
 Reference value :  1.28000e-06
 Reference value :  1.28055e-06
 Reference value :  1.28175e-06
 Reference value :  1.28239e-06
 Reference value :  1.28363e-06
 Reference value :  1.28431e-06
 Reference value :  1.28507e-06
 Reference value :  1.28601e-06
 Reference value :  1.28695e-06
 Reference value :  1.28801e-06
 Reference value :  1.28871e-06
 Reference value :  1.28997e-06
 Reference value :  1.29067e-06
 Reference value :  1.29191e-06
 Reference value :  1.29247e-06
 Reference value :  1.29319e-06
 Reference value :  1.29404e-06
 Reference value :  1.29511e-06
 Reference value :  1.29602e-06
 Reference value :  1.29675e-06
 Reference value :  1.29797e-06
 Reference value :  1.29863e-06
 Reference value :  1.29983e-06
 Reference value :  1.30043e-06
 Reference value :  1.30123e-06
 Reference value :  1.30207e-06
 Reference value :  1.30323e-06
 Reference value :  1.30415e-06
 Reference value :  1.30499e-06
 Reference value :  1.30601e-06
 Reference value :  1.30691e-06
 Reference value :  1.30800e-06
 Reference value :  1.30863e-06
 Reference value :  1.30959e-06
 Reference value :  1.31027e-06
 Reference value :  1.31143e-06
 Reference value :  1.31215e-06
 Reference value :  1.31303e-06
 Reference value :  1.31401e-06
 Reference value :  1.31487e-06
 Reference value :  1.31600e-06
 Reference value :  1.31659e-06
 Reference value :  1.31743e-06
 Reference value :  1.31819e-06
 Reference value :  1.31931e-06
 Reference value :  1.32007e-06
 Reference value :  1.32087e-06
 Reference value :  1.32200e-06
 Reference value :  1.32271e-06
 Reference value :  1.32391e-06
 Reference value :  1.32451e-06
 Reference value :  1.32535e-06
 Reference value :  1.32611e-06
 Reference value :  1.32719e-06
 Reference value :  1.32803e-06
 Reference value :  1.32875e-06
 Reference value :  1.32991e-06
 Reference value :  1.33055e-06
 Reference value :  1.33171e-06
 Reference value :  1.33235e-06
 Reference value :  1.33307e-06
 Reference value :  1.33402e-06
 Reference value :  1.33491e-06
 Reference value :  1.33600e-06
 Reference value :  1.33651e-06
 Reference value :  1.33763e-06
 Reference value :  1.33827e-06
 Reference value :  1.33943e-06
 Reference value :  1.34015e-06
 Reference value :  1.34087e-06
 Reference value :  1.34197e-06
 Reference value :  1.34267e-06
 Reference value :  1.34383e-06
 Reference value :  1.34439e-06
 Reference value :  1.34543e-06
 Reference value :  1.34615e-06
 Reference value :  1.34719e-06
 Reference value :  1.34803e-06
 Reference value :  1.34879e-06
 Reference value :  1.34971e-06
 Reference value :  1.35039e-06
 Reference value :  1.35159e-06
 Reference value :  1.35227e-06
 Reference value :  1.35319e-06
 Reference value :  1.35403e-06
 Reference value :  1.35503e-06
 Reference value :  1.35602e-06
 Reference value :  1.35667e-06
 Reference value :  1.35763e-06
 Reference value :  1.35835e-06
 Reference value :  1.35959e-06
 Reference value :  1.36027e-06
 Reference value :  1.36131e-06
 Reference value :  1.36215e-06
 Reference value :  1.36323e-06
 Reference value :  1.36407e-06
 Reference value :  1.36483e-06
 Reference value :  1.36595e-06
 Reference value :  1.36679e-06
 Reference value :  1.36800e-06
 Reference value :  1.36847e-06
 Reference value :  1.36959e-06
 Reference value :  1.37027e-06
 Reference value :  1.37151e-06
 Reference value :  1.37227e-06
 Reference value :  1.37303e-06
 Reference value :  1.37402e-06
 Reference value :  1.37499e-06
 Reference value :  1.37602e-06
 Reference value :  1.37679e-06
 Reference value :  1.37800e-06
 Reference value :  1.37867e-06
 Reference value :  1.37987e-06
 Reference value :  1.38047e-06
 Reference value :  1.38127e-06
 Reference value :  1.38211e-06
 Reference value :  1.38319e-06
 Reference value :  1.38404e-06
 Reference value :  1.38483e-06
 Reference value :  1.38597e-06
 Reference value :  1.38659e-06
 Reference value :  1.38779e-06
 Reference value :  1.38843e-06
 Reference value :  1.38931e-06
 Reference value :  1.39011e-06
 Reference value :  1.39123e-06
 Reference value :  1.39207e-06
 Reference value :  1.39295e-06
 Reference value :  1.39401e-06
 Reference value :  1.39483e-06
 Reference value :  1.39600e-06
 Reference value :  1.39655e-06
 Reference value :  1.39751e-06
 Reference value :  1.39827e-06
 Reference value :  1.39947e-06
 Reference value :  1.40027e-06
 Reference value :  1.40147e-06
 Reference value :  1.40219e-06
 Reference value :  1.40355e-06
 Reference value :  1.40447e-06
 Reference value :  1.40531e-06
 Reference value :  1.40615e-06
 Reference value :  1.40727e-06
 Reference value :  1.40807e-06
 Reference value :  1.40887e-06
 Reference value :  1.41000e-06
 Reference value :  1.41075e-06
 Reference value :  1.41195e-06
 Reference value :  1.41251e-06
 Reference value :  1.41327e-06
 Reference value :  1.41411e-06
 Reference value :  1.41519e-06
 Reference value :  1.41604e-06
 Reference value :  1.41679e-06
 Reference value :  1.41795e-06
 Reference value :  1.41863e-06
 Reference value :  1.41983e-06
 Reference value :  1.42039e-06
 Reference value :  1.42111e-06
 Reference value :  1.42201e-06
 Reference value :  1.42295e-06
 Reference value :  1.42401e-06
 Reference value :  1.42459e-06
 Reference value :  1.42583e-06
 Reference value :  1.42647e-06
 Reference value :  1.42767e-06
 Reference value :  1.42831e-06
 Reference value :  1.42907e-06
 Reference value :  1.43002e-06
 Reference value :  1.43095e-06
 Reference value :  1.43201e-06
 Reference value :  1.43255e-06
 Reference value :  1.43375e-06
 Reference value :  1.43443e-06
 Reference value :  1.43563e-06
 Reference value :  1.43631e-06
 Reference value :  1.43707e-06
 Reference value :  1.43802e-06
 Reference value :  1.43899e-06
 Reference value :  1.44001e-06
 Reference value :  1.44055e-06
 Reference value :  1.44175e-06
 Reference value :  1.44243e-06
 Reference value :  1.44363e-06
 Reference value :  1.44431e-06
 Reference value :  1.44507e-06
 Reference value :  1.44602e-06
 Reference value :  1.44695e-06
 Reference value :  1.44801e-06
 Reference value :  1.44855e-06
 Reference value :  1.44971e-06
 Reference value :  1.45039e-06
 Reference value :  1.45159e-06
 Reference value :  1.45227e-06
 Reference value :  1.45295e-06
 Reference value :  1.45401e-06
 Reference value :  1.45483e-06
 Reference value :  1.45600e-06
 Reference value :  1.45651e-06
 Reference value :  1.45771e-06
 Reference value :  1.45835e-06
 Reference value :  1.45955e-06
 Reference value :  1.46027e-06
 Reference value :  1.46103e-06
 Reference value :  1.46201e-06
 Reference value :  1.46299e-06
 Reference value :  1.46401e-06
 Reference value :  1.46455e-06
 Reference value :  1.46575e-06
 Reference value :  1.46639e-06
 Reference value :  1.46767e-06
 Reference value :  1.46835e-06
 Reference value :  1.46919e-06
 Reference value :  1.47011e-06
 Reference value :  1.47187e-06
 Reference value :  1.47295e-06
 Reference value :  1.47423e-06
 Reference value :  1.47595e-06
 Reference value :  1.47651e-06
 Reference value :  1.47723e-06
 Reference value :  1.47807e-06
 Reference value :  1.47931e-06
 Reference value :  1.48027e-06
 Reference value :  1.48123e-06
 Reference value :  1.48207e-06
 Reference value :  1.48307e-06
 Reference value :  1.48402e-06
 Reference value :  1.48467e-06
 Reference value :  1.48563e-06
 Reference value :  1.48635e-06
 Reference value :  1.48759e-06
 Reference value :  1.48827e-06
 Reference value :  1.48923e-06
 Reference value :  1.49007e-06
 Reference value :  1.49115e-06
 Reference value :  1.49203e-06
 Reference value :  1.49275e-06
 Reference value :  1.49379e-06
 Reference value :  1.49451e-06
 Reference value :  1.49579e-06
 Reference value :  1.49639e-06
 Reference value :  1.49743e-06
 Reference value :  1.49819e-06
 Reference value :  1.49931e-06
 Reference value :  1.50011e-06
 Reference value :  1.50087e-06
 Reference value :  1.50211e-06
 Reference value :  1.50327e-06
 Reference value :  1.50411e-06
 Reference value :  1.50507e-06
 Reference value :  1.50602e-06
 Reference value :  1.50715e-06
 Reference value :  1.50807e-06
 Reference value :  1.50879e-06
 Reference value :  1.50975e-06
 Reference value :  1.51043e-06
 Reference value :  1.51167e-06
 Reference value :  1.51231e-06
 Reference value :  1.51327e-06
 Reference value :  1.51407e-06
 Reference value :  1.51515e-06
 Reference value :  1.51603e-06
 Reference value :  1.51671e-06
 Reference value :  1.51779e-06
 Reference value :  1.51847e-06
 Reference value :  1.51963e-06
 Reference value :  1.52031e-06
 Reference value :  1.52131e-06
 Reference value :  1.52211e-06
 Reference value :  1.52315e-06
 Reference value :  1.52403e-06
 Reference value :  1.52475e-06
 Reference value :  1.52579e-06
 Reference value :  1.52647e-06
 Reference value :  1.52767e-06
 Reference value :  1.52831e-06
 Reference value :  1.52923e-06
 Reference value :  1.53007e-06
 Reference value :  1.53111e-06
 Reference value :  1.53202e-06
 Reference value :  1.53271e-06
 Reference value :  1.53371e-06
 Reference value :  1.53451e-06
 Reference value :  1.53571e-06
 Reference value :  1.53635e-06
 Reference value :  1.53743e-06
 Reference value :  1.53819e-06
 Reference value :  1.53935e-06
 Reference value :  1.54015e-06
 Reference value :  1.54091e-06
 Reference value :  1.54187e-06
 Reference value :  1.54259e-06
 Reference value :  1.54383e-06
 Reference value :  1.54443e-06
 Reference value :  1.54555e-06
 Reference value :  1.54623e-06
 Reference value :  1.54743e-06
 Reference value :  1.54823e-06
 Reference value :  1.54887e-06
 Reference value :  1.54995e-06
 Reference value :  1.55063e-06
 Reference value :  1.55183e-06
 Reference value :  1.55239e-06
 Reference value :  1.55343e-06
 Reference value :  1.55419e-06
 Reference value :  1.55531e-06
 Reference value :  1.55611e-06
 Reference value :  1.55687e-06
 Reference value :  1.55797e-06
 Reference value :  1.55867e-06
 Reference value :  1.55983e-06
 Reference value :  1.56039e-06
 Reference value :  1.56143e-06
 Reference value :  1.56219e-06
 Reference value :  1.56335e-06
 Reference value :  1.56415e-06
 Reference value :  1.56491e-06
 Reference value :  1.56600e-06
 Reference value :  1.56687e-06
 Reference value :  1.56800e-06
 Reference value :  1.56855e-06
 Reference value :  1.56983e-06
 Reference value :  1.57047e-06
 Reference value :  1.57171e-06
 Reference value :  1.57235e-06
 Reference value :  1.57311e-06
 Reference value :  1.57402e-06
 Reference value :  1.57503e-06
 Reference value :  1.57602e-06
 Reference value :  1.57675e-06
 Reference value :  1.57795e-06
 Reference value :  1.57867e-06
 Reference value :  1.57987e-06
 Reference value :  1.58043e-06
 Reference value :  1.58127e-06
 Reference value :  1.58207e-06
 Reference value :  1.58315e-06
 Reference value :  1.58403e-06
 Reference value :  1.58483e-06
 Reference value :  1.58600e-06
 Reference value :  1.58675e-06
 Reference value :  1.58797e-06
 Reference value :  1.58851e-06
 Reference value :  1.58943e-06
 Reference value :  1.59023e-06
 Reference value :  1.59143e-06
 Reference value :  1.59219e-06
 Reference value :  1.59319e-06
 Reference value :  1.59419e-06
 Reference value :  1.59539e-06
 Reference value :  1.59615e-06
 Reference value :  1.59691e-06
 Reference value :  1.59800e-06
 Reference value :  1.59887e-06
 Reference value :  1.60000e-06
 Reference value :  1.60051e-06
 Reference value :  1.60171e-06
 Reference value :  1.60239e-06
 Reference value :  1.60359e-06
 Reference value :  1.60431e-06
 Reference value :  1.60507e-06
 Reference value :  1.60601e-06
 Reference value :  1.60687e-06
 Reference value :  1.60800e-06
 Reference value :  1.60855e-06
 Reference value :  1.60979e-06
 Reference value :  1.61047e-06
 Reference value :  1.61163e-06
 Reference value :  1.61231e-06
 Reference value :  1.61299e-06
 Reference value :  1.61401e-06
 Reference value :  1.61487e-06
 Reference value :  1.61600e-06
 Reference value :  1.61655e-06
 Reference value :  1.61779e-06
 Reference value :  1.61843e-06
 Reference value :  1.61967e-06
 Reference value :  1.62039e-06
 Reference value :  1.62127e-06
 Reference value :  1.62211e-06
 Reference value :  1.62323e-06
 Reference value :  1.62407e-06
 Reference value :  1.62495e-06
 Reference value :  1.62601e-06
 Reference value :  1.62707e-06
 Reference value :  1.62803e-06
 Reference value :  1.62895e-06
 Reference value :  1.63000e-06
 Reference value :  1.63099e-06
 Reference value :  1.63215e-06
 Reference value :  1.63307e-06
 Reference value :  1.63403e-06
 Reference value :  1.63499e-06
 Reference value :  1.63601e-06
 Reference value :  1.63671e-06
 Reference value :  1.63763e-06
 Reference value :  1.63835e-06
 Reference value :  1.63955e-06
 Reference value :  1.64027e-06
 Reference value :  1.64127e-06
 Reference value :  1.64215e-06
 Reference value :  1.64327e-06
 Reference value :  1.64411e-06
 Reference value :  1.64483e-06
 Reference value :  1.64602e-06
 Reference value :  1.64703e-06
 Reference value :  1.64811e-06
 Reference value :  1.64915e-06
 Reference value :  1.65003e-06
 Reference value :  1.65103e-06
 Reference value :  1.65202e-06
 Reference value :  1.65275e-06
 Reference value :  1.65375e-06
 Reference value :  1.65447e-06
 Reference value :  1.65567e-06
 Reference value :  1.65631e-06
 Reference value :  1.65727e-06
 Reference value :  1.65811e-06
 Reference value :  1.65919e-06
 Reference value :  1.66007e-06
 Reference value :  1.66083e-06
 Reference value :  1.66195e-06
 Reference value :  1.66267e-06
 Reference value :  1.66391e-06
 Reference value :  1.66447e-06
 Reference value :  1.66563e-06
 Reference value :  1.66627e-06
 Reference value :  1.66747e-06
 Reference value :  1.66823e-06
 Reference value :  1.66899e-06
 Reference value :  1.67000e-06
 Reference value :  1.67083e-06
 Reference value :  1.67200e-06
 Reference value :  1.67263e-06
 Reference value :  1.67387e-06
 Reference value :  1.67455e-06
 Reference value :  1.67579e-06
 Reference value :  1.67643e-06
 Reference value :  1.67719e-06
 Reference value :  1.67803e-06
 Reference value :  1.67911e-06
 Reference value :  1.68004e-06
 Reference value :  1.68111e-06
 Reference value :  1.68203e-06
 Reference value :  1.68303e-06
 Reference value :  1.68402e-06
 Reference value :  1.68475e-06
 Reference value :  1.68579e-06
 Reference value :  1.68655e-06
 Reference value :  1.68779e-06
 Reference value :  1.68843e-06
 Reference value :  1.68959e-06
 Reference value :  1.69027e-06
 Reference value :  1.69151e-06
 Reference value :  1.69227e-06
 Reference value :  1.69303e-06
 Reference value :  1.69404e-06
 Reference value :  1.69539e-06
 Reference value :  1.69615e-06
 Reference value :  1.69707e-06
 Reference value :  1.69802e-06
 Reference value :  1.69895e-06
 Reference value :  1.70001e-06
 Reference value :  1.70063e-06
 Reference value :  1.70151e-06
 Reference value :  1.70223e-06
 Reference value :  1.70343e-06
 Reference value :  1.70419e-06
 Reference value :  1.70507e-06
 Reference value :  1.70602e-06
 Reference value :  1.70699e-06
 Reference value :  1.70801e-06
 Reference value :  1.70863e-06
 Reference value :  1.70959e-06
 Reference value :  1.71031e-06
 Reference value :  1.71155e-06
 Reference value :  1.71227e-06
 Reference value :  1.71327e-06
 Reference value :  1.71411e-06
 Reference value :  1.71519e-06
 Reference value :  1.71604e-06
 Reference value :  1.71679e-06
 Reference value :  1.71787e-06
 Reference value :  1.71859e-06
 Reference value :  1.71979e-06
 Reference value :  1.72039e-06
 Reference value :  1.72143e-06
 Reference value :  1.72219e-06
 Reference value :  1.72339e-06
 Reference value :  1.72423e-06
 Reference value :  1.72499e-06
 Reference value :  1.72601e-06
 Reference value :  1.72691e-06
 Reference value :  1.72800e-06
 Reference value :  1.72855e-06
 Reference value :  1.72975e-06
 Reference value :  1.73047e-06
 Reference value :  1.73171e-06
 Reference value :  1.73239e-06
 Reference value :  1.73315e-06
 Reference value :  1.73402e-06
 Reference value :  1.73511e-06
 Reference value :  1.73603e-06
 Reference value :  1.73683e-06
 Reference value :  1.73800e-06
 Reference value :  1.73883e-06
 Reference value :  1.74000e-06
 Reference value :  1.74059e-06
 Reference value :  1.74143e-06
 Reference value :  1.74227e-06
 Reference value :  1.74355e-06
 Reference value :  1.74431e-06
 Reference value :  1.74535e-06
 Reference value :  1.74619e-06
 Reference value :  1.74743e-06
 Reference value :  1.74819e-06
 Reference value :  1.74895e-06
 Reference value :  1.75000e-06
 Reference value :  1.75083e-06
 Reference value :  1.75200e-06
 Reference value :  1.75255e-06
 Reference value :  1.75379e-06
 Reference value :  1.75447e-06
 Reference value :  1.75575e-06
 Reference value :  1.75639e-06
 Reference value :  1.75727e-06
 Reference value :  1.75811e-06
 Reference value :  1.75923e-06
 Reference value :  1.76007e-06
 Reference value :  1.76091e-06
 Reference value :  1.76201e-06
 Reference value :  1.76295e-06
 Reference value :  1.76401e-06
 Reference value :  1.76467e-06
 Reference value :  1.76563e-06
 Reference value :  1.76639e-06
 Reference value :  1.76763e-06
 Reference value :  1.76835e-06
 Reference value :  1.76931e-06
 Reference value :  1.77015e-06
 Reference value :  1.77123e-06
 Reference value :  1.77211e-06
 Reference value :  1.77283e-06
 Reference value :  1.77397e-06
 Reference value :  1.77467e-06
 Reference value :  1.77587e-06
 Reference value :  1.77643e-06
 Reference value :  1.77755e-06
 Reference value :  1.77823e-06
 Reference value :  1.77943e-06
 Reference value :  1.78023e-06
 Reference value :  1.78103e-06
 Reference value :  1.78202e-06
 Reference value :  1.78299e-06
 Reference value :  1.78401e-06
 Reference value :  1.78467e-06
 Reference value :  1.78591e-06
 Reference value :  1.78659e-06
 Reference value :  1.78779e-06
 Reference value :  1.78843e-06
 Reference value :  1.78923e-06
 Reference value :  1.79011e-06
 Reference value :  1.79123e-06
 Reference value :  1.79207e-06
 Reference value :  1.79295e-06
 Reference value :  1.79401e-06
 Reference value :  1.79487e-06
 Reference value :  1.79600e-06
 Reference value :  1.79663e-06
 Reference value :  1.79743e-06
 Reference value :  1.79819e-06
 Reference value :  1.79935e-06
 Reference value :  1.80015e-06
 Reference value :  1.80111e-06
 Reference value :  1.80203e-06
 Reference value :  1.80303e-06
 Reference value :  1.80402e-06
 Reference value :  1.80467e-06
 Reference value :  1.80555e-06
 Reference value :  1.80631e-06
 Reference value :  1.80771e-06
 Reference value :  1.80855e-06
 Reference value :  1.80983e-06
 Reference value :  1.81051e-06
 Reference value :  1.81171e-06
 Reference value :  1.81239e-06
 Reference value :  1.81319e-06
 Reference value :  1.81407e-06
 Reference value :  1.81519e-06
 Reference value :  1.81607e-06
 Reference value :  1.81691e-06
 Reference value :  1.81800e-06
 Reference value :  1.81879e-06
 Reference value :  1.82000e-06
 Reference value :  1.82059e-06
 Reference value :  1.82155e-06
 Reference value :  1.82231e-06
 Reference value :  1.82359e-06
 Reference value :  1.82431e-06
 Reference value :  1.82535e-06
 Reference value :  1.82615e-06
 Reference value :  1.82727e-06
 Reference value :  1.82811e-06
 Reference value :  1.82887e-06
 Reference value :  1.82991e-06
 Reference value :  1.83063e-06
 Reference value :  1.83187e-06
 Reference value :  1.83243e-06
 Reference value :  1.83355e-06
 Reference value :  1.83423e-06
 Reference value :  1.83547e-06
 Reference value :  1.83623e-06
 Reference value :  1.83695e-06
 Reference value :  1.83801e-06
 Reference value :  1.83895e-06
 Reference value :  1.84001e-06
 Reference value :  1.84067e-06
 Reference value :  1.84191e-06
 Reference value :  1.84259e-06
 Reference value :  1.84383e-06
 Reference value :  1.84447e-06
 Reference value :  1.84535e-06
 Reference value :  1.84615e-06
 Reference value :  1.84727e-06
 Reference value :  1.84807e-06
 Reference value :  1.84891e-06
 Reference value :  1.85001e-06
 Reference value :  1.85083e-06
 Reference value :  1.85200e-06
 Reference value :  1.85283e-06
 Reference value :  1.85419e-06
 Reference value :  1.85597e-06
 Reference value :  1.85695e-06
 Reference value :  1.85819e-06
 Reference value :  1.85971e-06
 Reference value :  1.86039e-06
 Reference value :  1.86111e-06
 Reference value :  1.86201e-06
 Reference value :  1.86287e-06
 Reference value :  1.86400e-06
 Reference value :  1.86459e-06
 Reference value :  1.86575e-06
 Reference value :  1.86639e-06
 Reference value :  1.86763e-06
 Reference value :  1.86839e-06
 Reference value :  1.86919e-06
 Reference value :  1.87007e-06
 Reference value :  1.87139e-06
 Reference value :  1.87227e-06
 Reference value :  1.87335e-06
 Reference value :  1.87419e-06
 Reference value :  1.87535e-06
 Reference value :  1.87615e-06
 Reference value :  1.87695e-06
 Reference value :  1.87800e-06
 Reference value :  1.87887e-06
 Reference value :  1.88000e-06
 Reference value :  1.88051e-06
 Reference value :  1.88167e-06
 Reference value :  1.88231e-06
 Reference value :  1.88355e-06
 Reference value :  1.88431e-06
 Reference value :  1.88511e-06
 Reference value :  1.88602e-06
 Reference value :  1.88699e-06
 Reference value :  1.88800e-06
 Reference value :  1.88855e-06
 Reference value :  1.88975e-06
 Reference value :  1.89043e-06
 Reference value :  1.89155e-06
 Reference value :  1.89223e-06
 Reference value :  1.89291e-06
 Reference value :  1.89395e-06
 Reference value :  1.89467e-06
 Reference value :  1.89587e-06
 Reference value :  1.89643e-06
 Reference value :  1.89751e-06
 Reference value :  1.89819e-06
 Reference value :  1.89935e-06
 Reference value :  1.90015e-06
 Reference value :  1.90107e-06
 Reference value :  1.90204e-06
 Reference value :  1.90311e-06
 Reference value :  1.90403e-06
 Reference value :  1.90479e-06
 Reference value :  1.90600e-06
 Reference value :  1.90671e-06
 Reference value :  1.90795e-06
 Reference value :  1.90851e-06
 Reference value :  1.90955e-06
 Reference value :  1.91031e-06
 Reference value :  1.91147e-06
 Reference value :  1.91227e-06
 Reference value :  1.91319e-06
 Reference value :  1.91407e-06
 Reference value :  1.91519e-06
 Reference value :  1.91607e-06
 Reference value :  1.91683e-06
 Reference value :  1.91795e-06
 Reference value :  1.91867e-06
 Reference value :  1.91991e-06
 Reference value :  1.92047e-06
 Reference value :  1.92163e-06
 Reference value :  1.92231e-06
 Reference value :  1.92355e-06
 Reference value :  1.92427e-06
 Reference value :  1.92503e-06
 Reference value :  1.92601e-06
 Reference value :  1.92687e-06
 Reference value :  1.92800e-06
 Reference value :  1.92867e-06
 Reference value :  1.92991e-06
 Reference value :  1.93063e-06
 Reference value :  1.93191e-06
 Reference value :  1.93251e-06
 Reference value :  1.93335e-06
 Reference value :  1.93419e-06
 Reference value :  1.93535e-06
 Reference value :  1.93615e-06
 Reference value :  1.93707e-06
 Reference value :  1.93802e-06
 Reference value :  1.93911e-06
 Reference value :  1.94003e-06
 Reference value :  1.94079e-06
 Reference value :  1.94183e-06
 Reference value :  1.94255e-06
 Reference value :  1.94383e-06
 Reference value :  1.94447e-06
 Reference value :  1.94563e-06
 Reference value :  1.94631e-06
 Reference value :  1.94751e-06
 Reference value :  1.94827e-06
 Reference value :  1.94899e-06
 Reference value :  1.95011e-06
 Reference value :  1.95131e-06
 Reference value :  1.95211e-06
 Reference value :  1.95299e-06
 Reference value :  1.95401e-06
 Reference value :  1.95495e-06
 Reference value :  1.95602e-06
 Reference value :  1.95675e-06
 Reference value :  1.95779e-06
 Reference value :  1.95855e-06
 Reference value :  1.95979e-06
 Reference value :  1.96043e-06
 Reference value :  1.96155e-06
 Reference value :  1.96223e-06
 Reference value :  1.96347e-06
 Reference value :  1.96427e-06
 Reference value :  1.96503e-06
 Reference value :  1.96602e-06
 Reference value :  1.96703e-06
 Reference value :  1.96802e-06
 Reference value :  1.96883e-06
 Reference value :  1.97004e-06
 Reference value :  1.97119e-06
 Reference value :  1.97207e-06
 Reference value :  1.97291e-06
 Reference value :  1.97400e-06
 Reference value :  1.97475e-06
 Reference value :  1.97600e-06
 Reference value :  1.97651e-06
 Reference value :  1.97771e-06
 Reference value :  1.97835e-06
 Reference value :  1.97959e-06
 Reference value :  1.98031e-06
 Reference value :  1.98107e-06
 Reference value :  1.98202e-06
 Reference value :  1.98307e-06
 Reference value :  1.98402e-06
 Reference value :  1.98479e-06
 Reference value :  1.98600e-06
 Reference value :  1.98671e-06
 Reference value :  1.98791e-06
 Reference value :  1.98855e-06
 Reference value :  1.98935e-06
 Reference value :  1.99015e-06
 Reference value :  1.99135e-06
 Reference value :  1.99215e-06
 Reference value :  1.99307e-06
 Reference value :  1.99402e-06
 Reference value :  1.99491e-06
 Reference value :  1.99601e-06
 Reference value :  1.99663e-06
 Reference value :  1.99751e-06
 Reference value :  1.99823e-06
 Reference value :  1.99939e-06
 Reference value :  2.00019e-06
 Reference value :  2.00111e-06
 Reference value :  2.00203e-06
 Reference value :  2.00303e-06
 Reference value :  2.00401e-06
 Reference value :  2.00475e-06
 Reference value :  2.00595e-06
 Reference value :  2.00707e-06
 Reference value :  2.00802e-06
 Reference value :  2.00867e-06
 Reference value :  2.00991e-06
 Reference value :  2.01059e-06
 Reference value :  2.01187e-06
 Reference value :  2.01247e-06
 Reference value :  2.01331e-06
 Reference value :  2.01411e-06
 Reference value :  2.01523e-06
 Reference value :  2.01607e-06
 Reference value :  2.01691e-06
 Reference value :  2.01801e-06
 Reference value :  2.01883e-06
 Reference value :  2.02000e-06
 Reference value :  2.02063e-06
 Reference value :  2.02159e-06
 Reference value :  2.02235e-06
 Reference value :  2.02363e-06
 Reference value :  2.02431e-06
 Reference value :  2.02531e-06
 Reference value :  2.02611e-06
 Reference value :  2.02719e-06
 Reference value :  2.02807e-06
 Reference value :  2.02883e-06
 Reference value :  2.03000e-06
 Reference value :  2.03075e-06
 Reference value :  2.03195e-06
 Reference value :  2.03247e-06
 Reference value :  2.03367e-06
 Reference value :  2.03435e-06
 Reference value :  2.03559e-06
 Reference value :  2.03631e-06
 Reference value :  2.03711e-06
 Reference value :  2.03803e-06
 Reference value :  2.03911e-06
 Reference value :  2.04003e-06
 Reference value :  2.04083e-06
 Reference value :  2.04200e-06
 Reference value :  2.04283e-06
 Reference value :  2.04400e-06
 Reference value :  2.04467e-06
 Reference value :  2.04571e-06
 Reference value :  2.04647e-06
 Reference value :  2.04771e-06
 Reference value :  2.04835e-06
 Reference value :  2.04943e-06
 Reference value :  2.05019e-06
 Reference value :  2.05143e-06
 Reference value :  2.05223e-06
 Reference value :  2.05303e-06
 Reference value :  2.05400e-06
 Reference value :  2.05483e-06
 Reference value :  2.05601e-06
 Reference value :  2.05675e-06
 Reference value :  2.05800e-06
 Reference value :  2.05871e-06
 Reference value :  2.05995e-06
 Reference value :  2.06051e-06
 Reference value :  2.06123e-06
 Reference value :  2.06207e-06
 Reference value :  2.06319e-06
 Reference value :  2.06404e-06
 Reference value :  2.06487e-06
 Reference value :  2.06600e-06
 Reference value :  2.06683e-06
 Reference value :  2.06800e-06
 Reference value :  2.06863e-06
 Reference value :  2.06967e-06
 Reference value :  2.07043e-06
 Reference value :  2.07167e-06
 Reference value :  2.07239e-06
 Reference value :  2.07363e-06
 Reference value :  2.07439e-06
 Reference value :  2.07563e-06
 Reference value :  2.07635e-06
 Reference value :  2.07715e-06
 Reference value :  2.07803e-06
 Reference value :  2.07907e-06
 Reference value :  2.08003e-06
 Reference value :  2.08083e-06
 Reference value :  2.08200e-06
 Reference value :  2.08275e-06
 Reference value :  2.08397e-06
 Reference value :  2.08459e-06
 Reference value :  2.08555e-06
 Reference value :  2.08631e-06
 Reference value :  2.08755e-06
 Reference value :  2.08831e-06
 Reference value :  2.08931e-06
 Reference value :  2.09015e-06
 Reference value :  2.09131e-06
 Reference value :  2.09215e-06
 Reference value :  2.09291e-06
 Reference value :  2.09400e-06
 Reference value :  2.09483e-06
 Reference value :  2.09600e-06
 Reference value :  2.09651e-06
 Reference value :  2.09771e-06
 Reference value :  2.09839e-06
 Reference value :  2.09967e-06
 Reference value :  2.10039e-06
 Reference value :  2.10123e-06
 Reference value :  2.10211e-06
 Reference value :  2.10323e-06
 Reference value :  2.10407e-06
 Reference value :  2.10487e-06
 Reference value :  2.10601e-06
 Reference value :  2.10687e-06
 Reference value :  2.10800e-06
 Reference value :  2.10863e-06
 Reference value :  2.10963e-06
 Reference value :  2.11039e-06
 Reference value :  2.11163e-06
 Reference value :  2.11235e-06
 Reference value :  2.11339e-06
 Reference value :  2.11419e-06
 Reference value :  2.11539e-06
 Reference value :  2.11619e-06
 Reference value :  2.11699e-06
 Reference value :  2.11800e-06
 Reference value :  2.11883e-06
 Reference value :  2.12000e-06
 Reference value :  2.12055e-06
 Reference value :  2.12179e-06
 Reference value :  2.12251e-06
 Reference value :  2.12375e-06
 Reference value :  2.12439e-06
 Reference value :  2.12515e-06
 Reference value :  2.12604e-06
 Reference value :  2.12711e-06
 Reference value :  2.12803e-06
 Reference value :  2.12879e-06
 Reference value :  2.13000e-06
 Reference value :  2.13071e-06
 Reference value :  2.13191e-06
 Reference value :  2.13251e-06
 Reference value :  2.13347e-06
 Reference value :  2.13423e-06
 Reference value :  2.13547e-06
 Reference value :  2.13619e-06
 Reference value :  2.13711e-06
 Reference value :  2.13802e-06
 Reference value :  2.13899e-06
 Reference value :  2.14002e-06
 Reference value :  2.14075e-06
 Reference value :  2.14183e-06
 Reference value :  2.14251e-06
 Reference value :  2.14379e-06
 Reference value :  2.14439e-06
 Reference value :  2.14547e-06
 Reference value :  2.14623e-06
 Reference value :  2.14743e-06
 Reference value :  2.14815e-06
 Reference value :  2.14891e-06
 Reference value :  2.15000e-06
 Reference value :  2.15075e-06
 Reference value :  2.15195e-06
 Reference value :  2.15251e-06
 Reference value :  2.15371e-06
 Reference value :  2.15443e-06
 Reference value :  2.15567e-06
 Reference value :  2.15639e-06
 Reference value :  2.15723e-06
 Reference value :  2.15811e-06
 Reference value :  2.15923e-06
 Reference value :  2.16007e-06
 Reference value :  2.16095e-06
 Reference value :  2.16201e-06
 Reference value :  2.16303e-06
 Reference value :  2.16402e-06
 Reference value :  2.16475e-06
 Reference value :  2.16587e-06
 Reference value :  2.16659e-06
 Reference value :  2.16783e-06
 Reference value :  2.16847e-06
 Reference value :  2.16967e-06
 Reference value :  2.17039e-06
 Reference value :  2.17167e-06
 Reference value :  2.17239e-06
 Reference value :  2.17323e-06
 Reference value :  2.17411e-06
 Reference value :  2.17523e-06
 Reference value :  2.17607e-06
 Reference value :  2.17691e-06
 Reference value :  2.17800e-06
 Reference value :  2.17883e-06
 Reference value :  2.18000e-06
 Reference value :  2.18063e-06
 Reference value :  2.18163e-06
 Reference value :  2.18235e-06
 Reference value :  2.18359e-06
 Reference value :  2.18431e-06
 Reference value :  2.18531e-06
 Reference value :  2.18615e-06
 Reference value :  2.18743e-06
 Reference value :  2.18827e-06
 Reference value :  2.18895e-06
 Reference value :  2.19000e-06
 Reference value :  2.19083e-06
 Reference value :  2.19201e-06
 Reference value :  2.19263e-06
 Reference value :  2.19391e-06
 Reference value :  2.19459e-06
 Reference value :  2.19587e-06
 Reference value :  2.19651e-06
 Reference value :  2.19743e-06
 Reference value :  2.19819e-06
 Reference value :  2.19935e-06
 Reference value :  2.20019e-06
 Reference value :  2.20107e-06
 Reference value :  2.20202e-06
 Reference value :  2.20299e-06
 Reference value :  2.20401e-06
 Reference value :  2.20471e-06
 Reference value :  2.20575e-06
 Reference value :  2.20651e-06
 Reference value :  2.20771e-06
 Reference value :  2.20839e-06
 Reference value :  2.20947e-06
 Reference value :  2.21019e-06
 Reference value :  2.21131e-06
 Reference value :  2.21211e-06
 Reference value :  2.21287e-06
 Reference value :  2.21395e-06
 Reference value :  2.21467e-06
 Reference value :  2.21591e-06
 Reference value :  2.21643e-06
 Reference value :  2.21747e-06
 Reference value :  2.21819e-06
 Reference value :  2.21935e-06
 Reference value :  2.22011e-06
 Reference value :  2.22083e-06
 Reference value :  2.22197e-06
 Reference value :  2.22279e-06
 Reference value :  2.22397e-06
 Reference value :  2.22451e-06
 Reference value :  2.22575e-06
 Reference value :  2.22643e-06
 Reference value :  2.22763e-06
 Reference value :  2.22831e-06
 Reference value :  2.22907e-06
 Reference value :  2.23003e-06
 Reference value :  2.23111e-06
 Reference value :  2.23202e-06
 Reference value :  2.23271e-06
 Reference value :  2.23395e-06
 Reference value :  2.23475e-06
 Reference value :  2.23600e-06
 Reference value :  2.23659e-06
 Reference value :  2.23751e-06
 Reference value :  2.23823e-06
 Reference value :  2.23943e-06
 Reference value :  2.24019e-06
 Reference value :  2.24111e-06
 Reference value :  2.24203e-06
 Reference value :  2.24303e-06
 Reference value :  2.24407e-06
 Reference value :  2.24487e-06
 Reference value :  2.24587e-06
 Reference value :  2.24659e-06
 Reference value :  2.24783e-06
 Reference value :  2.24847e-06
 Reference value :  2.24963e-06
 Reference value :  2.25035e-06
 Reference value :  2.25159e-06
 Reference value :  2.25231e-06
 Reference value :  2.25303e-06
 Reference value :  2.25401e-06
 Reference value :  2.25499e-06
 Reference value :  2.25601e-06
 Reference value :  2.25671e-06
 Reference value :  2.25797e-06
 Reference value :  2.25871e-06
 Reference value :  2.25995e-06
 Reference value :  2.26051e-06
 Reference value :  2.26143e-06
 Reference value :  2.26219e-06
 Reference value :  2.26339e-06
 Reference value :  2.26419e-06
 Reference value :  2.26515e-06
 Reference value :  2.26604e-06
 Reference value :  2.26715e-06
 Reference value :  2.26804e-06
 Reference value :  2.26883e-06
 Reference value :  2.27000e-06
 Reference value :  2.27075e-06
 Reference value :  2.27200e-06
 Reference value :  2.27251e-06
 Reference value :  2.27371e-06
 Reference value :  2.27443e-06
 Reference value :  2.27567e-06
 Reference value :  2.27639e-06
 Reference value :  2.27719e-06
 Reference value :  2.27807e-06
 Reference value :  2.27915e-06
 Reference value :  2.28004e-06
 Reference value :  2.28087e-06
 Reference value :  2.28200e-06
 Reference value :  2.28279e-06
 Reference value :  2.28400e-06
 Reference value :  2.28459e-06
 Reference value :  2.28600e-06
 Reference value :  2.28743e-06
 Reference value :  2.28851e-06
 Reference value :  2.29002e-06
 Reference value :  2.29143e-06
 Reference value :  2.29255e-06
 Reference value :  2.29363e-06
 Reference value :  2.29435e-06
 Reference value :  2.29559e-06
 Reference value :  2.29627e-06
 Reference value :  2.29723e-06
 Reference value :  2.29807e-06
 Reference value :  2.29911e-06
 Reference value :  2.30004e-06
 Reference value :  2.30079e-06
 Reference value :  2.30187e-06
 Reference value :  2.30255e-06
 Reference value :  2.30379e-06
 Reference value :  2.30443e-06
 Reference value :  2.30551e-06
 Reference value :  2.30623e-06
 Reference value :  2.30743e-06
 Reference value :  2.30823e-06
 Reference value :  2.30899e-06
 Reference value :  2.30997e-06
 Reference value :  2.31103e-06
 Reference value :  2.31215e-06
 Reference value :  2.31311e-06
 Reference value :  2.31403e-06
 Reference value :  2.31503e-06
 Reference value :  2.31602e-06
 Reference value :  2.31667e-06
 Reference value :  2.31759e-06
 Reference value :  2.31839e-06
 Reference value :  2.31967e-06
 Reference value :  2.32039e-06
 Reference value :  2.32147e-06
 Reference value :  2.32223e-06
 Reference value :  2.32347e-06
 Reference value :  2.32423e-06
 Reference value :  2.32503e-06
 Reference value :  2.32602e-06
 Reference value :  2.32703e-06
 Reference value :  2.32801e-06
 Reference value :  2.32871e-06
 Reference value :  2.32995e-06
 Reference value :  2.33067e-06
 Reference value :  2.33191e-06
 Reference value :  2.33255e-06
 Reference value :  2.33347e-06
 Reference value :  2.33423e-06
 Reference value :  2.33547e-06
 Reference value :  2.33627e-06
 Reference value :  2.33731e-06
 Reference value :  2.33815e-06
 Reference value :  2.33923e-06
 Reference value :  2.34007e-06
 Reference value :  2.34087e-06
 Reference value :  2.34191e-06
 Reference value :  2.34263e-06
 Reference value :  2.34387e-06
 Reference value :  2.34443e-06
 Reference value :  2.34555e-06
 Reference value :  2.34623e-06
 Reference value :  2.34751e-06
 Reference value :  2.34827e-06
 Reference value :  2.34919e-06
 Reference value :  2.35007e-06
 Reference value :  2.35115e-06
 Reference value :  2.35203e-06
 Reference value :  2.35279e-06
 Reference value :  2.35397e-06
 Reference value :  2.35467e-06
 Reference value :  2.35591e-06
 Reference value :  2.35647e-06
 Reference value :  2.35727e-06
 Reference value :  2.35811e-06
 Reference value :  2.35923e-06
 Reference value :  2.36007e-06
 Reference value :  2.36147e-06
 Reference value :  2.36295e-06
 Reference value :  2.36402e-06
 Reference value :  2.36471e-06
 Reference value :  2.36571e-06
 Reference value :  2.36639e-06
 Reference value :  2.36755e-06
 Reference value :  2.36827e-06
 Reference value :  2.36923e-06
 Reference value :  2.37004e-06
 Reference value :  2.37103e-06
 Reference value :  2.37202e-06
 Reference value :  2.37271e-06
 Reference value :  2.37351e-06
 Reference value :  2.37423e-06
 Reference value :  2.37543e-06
 Reference value :  2.37619e-06
 Reference value :  2.37707e-06
 Reference value :  2.37802e-06
 Reference value :  2.37891e-06
 Reference value :  2.38001e-06
 Reference value :  2.38063e-06
 Reference value :  2.38151e-06
 Reference value :  2.38223e-06
 Reference value :  2.38343e-06
 Reference value :  2.38419e-06
 Reference value :  2.38511e-06
 Reference value :  2.38602e-06
 Reference value :  2.38695e-06
 Reference value :  2.38801e-06
 Reference value :  2.38867e-06
 Reference value :  2.38963e-06
 Reference value :  2.39035e-06
 Reference value :  2.39159e-06
 Reference value :  2.39227e-06
 Reference value :  2.39323e-06
 Reference value :  2.39411e-06
 Reference value :  2.39515e-06
 Reference value :  2.39604e-06
 Reference value :  2.39679e-06
 Reference value :  2.39791e-06
 Reference value :  2.39871e-06
 Reference value :  2.40000e-06
 Reference value :  2.40055e-06
 Reference value :  2.40175e-06
 Reference value :  2.40239e-06
 Reference value :  2.40359e-06
 Reference value :  2.40427e-06
 Reference value :  2.40499e-06
 Reference value :  2.40601e-06
 Reference value :  2.40687e-06
 Reference value :  2.40800e-06
 Reference value :  2.40851e-06
 Reference value :  2.40967e-06
 Reference value :  2.41031e-06
 Reference value :  2.41159e-06
 Reference value :  2.41231e-06
 Reference value :  2.41303e-06
 Reference value :  2.41401e-06
 Reference value :  2.41495e-06
 Reference value :  2.41601e-06
 Reference value :  2.41667e-06
 Reference value :  2.41797e-06
 Reference value :  2.41867e-06
 Reference value :  2.41987e-06
 Reference value :  2.42047e-06
 Reference value :  2.42139e-06
 Reference value :  2.42219e-06
 Reference value :  2.42335e-06
 Reference value :  2.42415e-06
 Reference value :  2.42499e-06
 Reference value :  2.42602e-06
 Reference value :  2.42695e-06
 Reference value :  2.42801e-06
 Reference value :  2.42867e-06
 Reference value :  2.42959e-06
 Reference value :  2.43031e-06
 Reference value :  2.43155e-06
 Reference value :  2.43227e-06
 Reference value :  2.43323e-06
 Reference value :  2.43407e-06
 Reference value :  2.43515e-06
 Reference value :  2.43604e-06
 Reference value :  2.43679e-06
 Reference value :  2.43771e-06
 Reference value :  2.43843e-06
 Reference value :  2.43963e-06
 Reference value :  2.44031e-06
 Reference value :  2.44135e-06
 Reference value :  2.44215e-06
 Reference value :  2.44323e-06
 Reference value :  2.44407e-06
 Reference value :  2.44475e-06
 Reference value :  2.44575e-06
 Reference value :  2.44643e-06
 Reference value :  2.44767e-06
 Reference value :  2.44831e-06
 Reference value :  2.44935e-06
 Reference value :  2.45019e-06
 Reference value :  2.45131e-06
 Reference value :  2.45211e-06
 Reference value :  2.45287e-06
 Reference value :  2.45397e-06
 Reference value :  2.45467e-06
 Reference value :  2.45591e-06
 Reference value :  2.45651e-06
 Reference value :  2.45775e-06
 Reference value :  2.45847e-06
 Reference value :  2.45975e-06
 Reference value :  2.46043e-06
 Reference value :  2.46131e-06
 Reference value :  2.46215e-06
 Reference value :  2.46331e-06
 Reference value :  2.46411e-06
 Reference value :  2.46499e-06
 Reference value :  2.46601e-06
 Reference value :  2.46691e-06
 Reference value :  2.46801e-06
 Reference value :  2.46871e-06
 Reference value :  2.46967e-06
 Reference value :  2.47039e-06
 Reference value :  2.47175e-06
 Reference value :  2.47239e-06
 Reference value :  2.47351e-06
 Reference value :  2.47423e-06
 Reference value :  2.47547e-06
 Reference value :  2.47627e-06
 Reference value :  2.47703e-06
 Reference value :  2.47802e-06
 Reference value :  2.47911e-06
 Reference value :  2.48003e-06
 Reference value :  2.48083e-06
 Reference value :  2.48200e-06
 Reference value :  2.48279e-06
 Reference value :  2.48397e-06
 Reference value :  2.48459e-06
 Reference value :  2.48555e-06
 Reference value :  2.48627e-06
 Reference value :  2.48747e-06
 Reference value :  2.48823e-06
 Reference value :  2.48911e-06
 Reference value :  2.49007e-06
 Reference value :  2.49131e-06
 Reference value :  2.49211e-06
 Reference value :  2.49287e-06
 Reference value :  2.49397e-06
 Reference value :  2.49467e-06
 Reference value :  2.49591e-06
 Reference value :  2.49651e-06
 Reference value :  2.49775e-06
 Reference value :  2.49843e-06
 Reference value :  2.49967e-06
 Reference value :  2.50035e-06
 Reference value :  2.50111e-06
 Reference value :  2.50202e-06
 Reference value :  2.50299e-06
 Reference value :  2.50401e-06
 Reference value :  2.50467e-06
 Reference value :  2.50595e-06
 Reference value :  2.50667e-06
 Reference value :  2.50791e-06
 Reference value :  2.50851e-06
 Reference value :  2.50931e-06
 Reference value :  2.51011e-06
 Reference value :  2.51119e-06
 Reference value :  2.51227e-06
 Reference value :  2.51331e-06
 Reference value :  2.51419e-06
 Reference value :  2.51587e-06
 Reference value :  2.51651e-06
 Reference value :  2.51767e-06
 Reference value :  2.51839e-06
 Reference value :  2.51963e-06
 Reference value :  2.52031e-06
 Reference value :  2.52135e-06
 Reference value :  2.52215e-06
 Reference value :  2.52327e-06
 Reference value :  2.52411e-06
 Reference value :  2.52487e-06
 Reference value :  2.52600e-06
 Reference value :  2.52679e-06
 Reference value :  2.52800e-06
 Reference value :  2.52855e-06
 Reference value :  2.52979e-06
 Reference value :  2.53047e-06
 Reference value :  2.53167e-06
 Reference value :  2.53239e-06
 Reference value :  2.53319e-06
 Reference value :  2.53427e-06
 Reference value :  2.53543e-06
 Reference value :  2.53619e-06
 Reference value :  2.53707e-06
 Reference value :  2.53803e-06
 Reference value :  2.53903e-06
 Reference value :  2.54001e-06
 Reference value :  2.54067e-06
 Reference value :  2.54171e-06
 Reference value :  2.54243e-06
 Reference value :  2.54367e-06
 Reference value :  2.54431e-06
 Reference value :  2.54531e-06
 Reference value :  2.54615e-06
 Reference value :  2.54723e-06
 Reference value :  2.54811e-06
 Reference value :  2.54887e-06
 Reference value :  2.55000e-06
 Reference value :  2.55075e-06
 Reference value :  2.55195e-06
 Reference value :  2.55251e-06
 Reference value :  2.55375e-06
 Reference value :  2.55443e-06
 Reference value :  2.55563e-06
 Reference value :  2.55631e-06
 Reference value :  2.55711e-06
 Reference value :  2.55815e-06
 Reference value :  2.55943e-06
 Reference value :  2.56027e-06
 Reference value :  2.56147e-06
 Reference value :  2.56227e-06
 Reference value :  2.56351e-06
 Reference value :  2.56427e-06
 Reference value :  2.56503e-06
 Reference value :  2.56600e-06
 Reference value :  2.56679e-06
 Reference value :  2.56797e-06
 Reference value :  2.56851e-06
 Reference value :  2.56971e-06
 Reference value :  2.57039e-06
 Reference value :  2.57163e-06
 Reference value :  2.57235e-06
 Reference value :  2.57303e-06
 Reference value :  2.57404e-06
 Reference value :  2.57511e-06
 Reference value :  2.57602e-06
 Reference value :  2.57675e-06
 Reference value :  2.57797e-06
 Reference value :  2.57871e-06
 Reference value :  2.57995e-06
 Reference value :  2.58055e-06
 Reference value :  2.58151e-06
 Reference value :  2.58227e-06
 Reference value :  2.58347e-06
 Reference value :  2.58419e-06
 Reference value :  2.58507e-06
 Reference value :  2.58602e-06
 Reference value :  2.58699e-06
 Reference value :  2.58801e-06
 Reference value :  2.58891e-06
 Reference value :  2.59002e-06
 Reference value :  2.59111e-06
 Reference value :  2.59215e-06
 Reference value :  2.59355e-06
 Reference value :  2.59435e-06
 Reference value :  2.59559e-06
 Reference value :  2.59627e-06
 Reference value :  2.59703e-06
 Reference value :  2.59823e-06
 Reference value :  2.59951e-06
 Reference value :  2.60031e-06
 Reference value :  2.60151e-06
 Reference value :  2.60231e-06
 Reference value :  2.60367e-06
 Reference value :  2.60467e-06
 Reference value :  2.60571e-06
 Reference value :  2.60663e-06
 Reference value :  2.60787e-06
 Reference value :  2.60851e-06
 Reference value :  2.60975e-06
 Reference value :  2.61055e-06
 Reference value :  2.61179e-06
 Reference value :  2.61247e-06
 Reference value :  2.61335e-06
 Reference value :  2.61415e-06
 Reference value :  2.61600e-06
 Reference value :  2.61703e-06
 Reference value :  2.61802e-06
 Reference value :  2.61899e-06
 Reference value :  2.62002e-06
 Reference value :  2.62071e-06
 Reference value :  2.62175e-06
 Reference value :  2.62247e-06
 Reference value :  2.62371e-06
 Reference value :  2.62443e-06
 Reference value :  2.62555e-06
 Reference value :  2.62623e-06
 Reference value :  2.62747e-06
 Reference value :  2.62823e-06
 Reference value :  2.62899e-06
 Reference value :  2.63000e-06
 Reference value :  2.63087e-06
 Reference value :  2.63200e-06
 Reference value :  2.63255e-06
 Reference value :  2.63375e-06
 Reference value :  2.63439e-06
 Reference value :  2.63563e-06
 Reference value :  2.63635e-06
 Reference value :  2.63707e-06
 Reference value :  2.63801e-06
 Reference value :  2.63915e-06
 Reference value :  2.64004e-06
 Reference value :  2.64091e-06
 Reference value :  2.64201e-06
 Reference value :  2.64283e-06
 Reference value :  2.64400e-06
 Reference value :  2.64459e-06
 Reference value :  2.64555e-06
 Reference value :  2.64627e-06
 Reference value :  2.64751e-06
 Reference value :  2.64827e-06
 Reference value :  2.64923e-06
 Reference value :  2.65011e-06
 Reference value :  2.65115e-06
 Reference value :  2.65204e-06
 Reference value :  2.65279e-06
 Reference value :  2.65387e-06
 Reference value :  2.65459e-06
 Reference value :  2.65583e-06
 Reference value :  2.65639e-06
 Reference value :  2.65747e-06
 Reference value :  2.65819e-06
 Reference value :  2.65935e-06
 Reference value :  2.66015e-06
 Reference value :  2.66095e-06
 Reference value :  2.66200e-06
 Reference value :  2.66279e-06
 Reference value :  2.66400e-06
 Reference value :  2.66451e-06
 Reference value :  2.66571e-06
 Reference value :  2.66639e-06
 Reference value :  2.66759e-06
 Reference value :  2.66831e-06
 Reference value :  2.66907e-06
 Reference value :  2.67003e-06
 Reference value :  2.67111e-06
 Reference value :  2.67202e-06
 Reference value :  2.67275e-06
 Reference value :  2.67400e-06
 Reference value :  2.67471e-06
 Reference value :  2.67587e-06
 Reference value :  2.67651e-06
 Reference value :  2.67743e-06
 Reference value :  2.67819e-06
 Reference value :  2.67935e-06
 Reference value :  2.68027e-06
 Reference value :  2.68183e-06
 Reference value :  2.68303e-06
 Reference value :  2.68431e-06
 Reference value :  2.68559e-06
 Reference value :  2.68659e-06
 Reference value :  2.68797e-06
 Reference value :  2.68899e-06
 Reference value :  2.69001e-06
 Reference value :  2.69091e-06
 Reference value :  2.69200e-06
 Reference value :  2.69263e-06
 Reference value :  2.69347e-06
 Reference value :  2.69423e-06
 Reference value :  2.69543e-06
 Reference value :  2.69639e-06
 Reference value :  2.69783e-06
 Reference value :  2.69863e-06
 Reference value :  2.69983e-06
 Reference value :  2.70043e-06
 Reference value :  2.70119e-06
 Reference value :  2.70204e-06
 Reference value :  2.70315e-06
 Reference value :  2.70404e-06
 Reference value :  2.70483e-06
 Reference value :  2.70600e-06
 Reference value :  2.70671e-06
 Reference value :  2.70791e-06
 Reference value :  2.70851e-06
 Reference value :  2.70943e-06
 Reference value :  2.71023e-06
 Reference value :  2.71143e-06
 Reference value :  2.71219e-06
 Reference value :  2.71307e-06
 Reference value :  2.71402e-06
 Reference value :  2.71499e-06
 Reference value :  2.71602e-06
 Reference value :  2.71675e-06
 Reference value :  2.71783e-06
 Reference value :  2.71851e-06
 Reference value :  2.71971e-06
 Reference value :  2.72035e-06
 Reference value :  2.72139e-06
 Reference value :  2.72219e-06
 Reference value :  2.72339e-06
 Reference value :  2.72419e-06
 Reference value :  2.72495e-06
 Reference value :  2.72600e-06
 Reference value :  2.72683e-06
 Reference value :  2.72800e-06
 Reference value :  2.72851e-06
 Reference value :  2.72979e-06
 Reference value :  2.73083e-06
 Reference value :  2.73200e-06
 Reference value :  2.73263e-06
 Reference value :  2.73363e-06
 Reference value :  2.73435e-06
 Reference value :  2.73559e-06
 Reference value :  2.73627e-06
 Reference value :  2.73731e-06
 Reference value :  2.73815e-06
 Reference value :  2.73927e-06
 Reference value :  2.74007e-06
 Reference value :  2.74087e-06
 Reference value :  2.74197e-06
 Reference value :  2.74267e-06
 Reference value :  2.74391e-06
 Reference value :  2.74451e-06
 Reference value :  2.74571e-06
 Reference value :  2.74639e-06
 Reference value :  2.74763e-06
 Reference value :  2.74835e-06
 Reference value :  2.74915e-06
 Reference value :  2.75004e-06
 Reference value :  2.75115e-06
 Reference value :  2.75202e-06
 Reference value :  2.75275e-06
 Reference value :  2.75395e-06
 Reference value :  2.75459e-06
 Reference value :  2.75579e-06
 Reference value :  2.75643e-06
 Reference value :  2.75719e-06
 Reference value :  2.75804e-06
 Reference value :  2.75915e-06
 Reference value :  2.76003e-06
 Reference value :  2.76079e-06
 Reference value :  2.76200e-06
 Reference value :  2.76271e-06
 Reference value :  2.76391e-06
 Reference value :  2.76447e-06
 Reference value :  2.76519e-06
 Reference value :  2.76604e-06
 Reference value :  2.76707e-06
 Reference value :  2.76801e-06
 Reference value :  2.76867e-06
 Reference value :  2.76991e-06
 Reference value :  2.77059e-06
 Reference value :  2.77183e-06
 Reference value :  2.77247e-06
 Reference value :  2.77339e-06
 Reference value :  2.77415e-06
 Reference value :  2.77531e-06
 Reference value :  2.77611e-06
 Reference value :  2.77695e-06
 Reference value :  2.77801e-06
 Reference value :  2.77883e-06
 Reference value :  2.78000e-06
 Reference value :  2.78055e-06
 Reference value :  2.78151e-06
 Reference value :  2.78223e-06
 Reference value :  2.78343e-06
 Reference value :  2.78419e-06
 Reference value :  2.78515e-06
 Reference value :  2.78603e-06
 Reference value :  2.78703e-06
 Reference value :  2.78802e-06
 Reference value :  2.78871e-06
 Reference value :  2.78963e-06
 Reference value :  2.79031e-06
 Reference value :  2.79167e-06
 Reference value :  2.79235e-06
 Reference value :  2.79335e-06
 Reference value :  2.79415e-06
 Reference value :  2.79527e-06
 Reference value :  2.79611e-06
 Reference value :  2.79683e-06
 Reference value :  2.79797e-06
 Reference value :  2.79871e-06
 Reference value :  2.79995e-06
 Reference value :  2.80051e-06
 Reference value :  2.80171e-06
 Reference value :  2.80243e-06
 Reference value :  2.80363e-06
 Reference value :  2.80435e-06
 Reference value :  2.80519e-06
 Reference value :  2.80607e-06
 Reference value :  2.80715e-06
 Reference value :  2.80803e-06
 Reference value :  2.80879e-06
 Reference value :  2.81000e-06
 Reference value :  2.81071e-06
 Reference value :  2.81191e-06
 Reference value :  2.81251e-06
 Reference value :  2.81335e-06
 Reference value :  2.81415e-06
 Reference value :  2.81527e-06
 Reference value :  2.81607e-06
 Reference value :  2.81687e-06
 Reference value :  2.81800e-06
 Reference value :  2.81871e-06
 Reference value :  2.81991e-06
 Reference value :  2.82051e-06
 Reference value :  2.82127e-06
 Reference value :  2.82211e-06
 Reference value :  2.82323e-06
 Reference value :  2.82407e-06
 Reference value :  2.82499e-06
 Reference value :  2.82601e-06
 Reference value :  2.82691e-06
 Reference value :  2.82801e-06
 Reference value :  2.82867e-06
 Reference value :  2.82955e-06
 Reference value :  2.83027e-06
 Reference value :  2.83151e-06
 Reference value :  2.83223e-06
 Reference value :  2.83315e-06
 Reference value :  2.83403e-06
 Reference value :  2.83515e-06
 Reference value :  2.83604e-06
 Reference value :  2.83679e-06
 Reference value :  2.83787e-06
 Reference value :  2.83863e-06
 Reference value :  2.83991e-06
 Reference value :  2.84051e-06
 Reference value :  2.84183e-06
 Reference value :  2.84263e-06
 Reference value :  2.84397e-06
 Reference value :  2.84463e-06
 Reference value :  2.84579e-06
 Reference value :  2.84651e-06
 Reference value :  2.84767e-06
 Reference value :  2.84831e-06
 Reference value :  2.84931e-06
 Reference value :  2.85015e-06
 Reference value :  2.85127e-06
 Reference value :  2.85211e-06
 Reference value :  2.85291e-06
 Reference value :  2.85400e-06
 Reference value :  2.85491e-06
 Reference value :  2.85602e-06
 Reference value :  2.85687e-06
 Reference value :  2.85801e-06
 Reference value :  2.85895e-06
 Reference value :  2.86002e-06
 Reference value :  2.86067e-06
 Reference value :  2.86171e-06
 Reference value :  2.86243e-06
 Reference value :  2.86363e-06
 Reference value :  2.86431e-06
 Reference value :  2.86531e-06
 Reference value :  2.86615e-06
 Reference value :  2.86739e-06
 Reference value :  2.86823e-06
 Reference value :  2.86907e-06
 Reference value :  2.87007e-06
 Reference value :  2.87119e-06
 Reference value :  2.87215e-06
 Reference value :  2.87303e-06
 Reference value :  2.87401e-06
 Reference value :  2.87491e-06
 Reference value :  2.87601e-06
 Reference value :  2.87663e-06
 Reference value :  2.87763e-06
 Reference value :  2.87843e-06
 Reference value :  2.87967e-06
 Reference value :  2.88035e-06
 Reference value :  2.88139e-06
 Reference value :  2.88219e-06
 Reference value :  2.88339e-06
 Reference value :  2.88419e-06
 Reference value :  2.88495e-06
 Reference value :  2.88595e-06
 Reference value :  2.88667e-06
 Reference value :  2.88795e-06
 Reference value :  2.88847e-06
 Reference value :  2.88963e-06
 Reference value :  2.89035e-06
 Reference value :  2.89163e-06
 Reference value :  2.89231e-06
 Reference value :  2.89295e-06
 Reference value :  2.89401e-06
 Reference value :  2.89495e-06
 Reference value :  2.89601e-06
 Reference value :  2.89671e-06
 Reference value :  2.89797e-06
 Reference value :  2.89867e-06
 Reference value :  2.89995e-06
 Reference value :  2.90051e-06
 Reference value :  2.90147e-06
 Reference value :  2.90223e-06
 Reference value :  2.90343e-06
 Reference value :  2.90419e-06
 Reference value :  2.90511e-06
 Reference value :  2.90603e-06
 Reference value :  2.90699e-06
 Reference value :  2.90802e-06
 Reference value :  2.90879e-06
 Reference value :  2.91000e-06
 Reference value :  2.91079e-06
 Reference value :  2.91200e-06
 Reference value :  2.91255e-06
 Reference value :  2.91379e-06
 Reference value :  2.91455e-06
 Reference value :  2.91600e-06
 Reference value :  2.91663e-06
 Reference value :  2.91751e-06
 Reference value :  2.91843e-06
 Reference value :  2.91971e-06
 Reference value :  2.92039e-06
 Reference value :  2.92147e-06
 Reference value :  2.92227e-06
 Reference value :  2.92347e-06
 Reference value :  2.92427e-06
 Reference value :  2.92507e-06
 Reference value :  2.92603e-06
 Reference value :  2.92711e-06
 Reference value :  2.92804e-06
 Reference value :  2.92891e-06
 Reference value :  2.93002e-06
 Reference value :  2.93095e-06
 Reference value :  2.93201e-06
 Reference value :  2.93271e-06
 Reference value :  2.93379e-06
 Reference value :  2.93451e-06
 Reference value :  2.93579e-06
 Reference value :  2.93643e-06
 Reference value :  2.93755e-06
 Reference value :  2.93823e-06
 Reference value :  2.93955e-06
 Reference value :  2.94031e-06
 Reference value :  2.94111e-06
 Reference value :  2.94203e-06
 Reference value :  2.94311e-06
 Reference value :  2.94403e-06
 Reference value :  2.94479e-06
 Reference value :  2.94600e-06
 Reference value :  2.94671e-06
 Reference value :  2.94800e-06
 Reference value :  2.94855e-06
 Reference value :  2.94935e-06
 Reference value :  2.95019e-06
 Reference value :  2.95143e-06
 Reference value :  2.95219e-06
 Reference value :  2.95315e-06
 Reference value :  2.95407e-06
 Reference value :  2.95515e-06
 Reference value :  2.95611e-06
 Reference value :  2.95687e-06
 Reference value :  2.95801e-06
 Reference value :  2.95895e-06
 Reference value :  2.96001e-06
 Reference value :  2.96079e-06
 Reference value :  2.96200e-06
 Reference value :  2.96275e-06
 Reference value :  2.96400e-06
 Reference value :  2.96463e-06
 Reference value :  2.96567e-06
 Reference value :  2.96639e-06
 Reference value :  2.96763e-06
 Reference value :  2.96831e-06
 Reference value :  2.96931e-06
 Reference value :  2.97019e-06
 Reference value :  2.97143e-06
 Reference value :  2.97223e-06
 Reference value :  2.97299e-06
 Reference value :  2.97402e-06
 Reference value :  2.97511e-06
 Reference value :  2.97607e-06
 Reference value :  2.97695e-06
 Reference value :  2.97801e-06
 Reference value :  2.97887e-06
 Reference value :  2.98000e-06
 Reference value :  2.98063e-06
 Reference value :  2.98163e-06
 Reference value :  2.98235e-06
 Reference value :  2.98359e-06
 Reference value :  2.98427e-06
 Reference value :  2.98527e-06
 Reference value :  2.98611e-06
 Reference value :  2.98727e-06
 Reference value :  2.98823e-06
 Reference value :  2.98907e-06
 Reference value :  2.99007e-06
 Reference value :  2.99127e-06
 Reference value :  2.99219e-06
 Reference value :  2.99327e-06
 Reference value :  2.99419e-06
 Reference value :  2.99539e-06
 Reference value :  2.99615e-06
 Reference value :  2.99691e-06
 Reference value :  2.99801e-06
 Reference value :  2.99891e-06
 Reference value :  3.00001e-06
 Reference value :  3.00063e-06
 Reference value :  3.00197e-06
 Reference value :  3.00267e-06
 Reference value :  3.00391e-06
 Reference value :  3.00455e-06
 Reference value :  3.00555e-06
 Reference value :  3.00635e-06
 Reference value :  3.00755e-06
 Reference value :  3.00827e-06
 Reference value :  3.00927e-06
 Reference value :  3.01011e-06
 Reference value :  3.01131e-06
 Reference value :  3.01219e-06
 Reference value :  3.01299e-06
 Reference value :  3.01400e-06
 Reference value :  3.01495e-06
 Reference value :  3.01601e-06
 Reference value :  3.01683e-06
 Reference value :  3.01800e-06
 Reference value :  3.01875e-06
 Reference value :  3.01997e-06
 Reference value :  3.02059e-06
 Reference value :  3.02143e-06
 Reference value :  3.02215e-06
 Reference value :  3.02327e-06
 Reference value :  3.02415e-06
 Reference value :  3.02519e-06
 Reference value :  3.02611e-06
 Reference value :  3.02727e-06
 Reference value :  3.02815e-06
 Reference value :  3.02903e-06
 Reference value :  3.03007e-06
 Reference value :  3.03131e-06
 Reference value :  3.03219e-06
 Reference value :  3.03315e-06
 Reference value :  3.03407e-06
 Reference value :  3.03511e-06
 Reference value :  3.03603e-06
 Reference value :  3.03679e-06
 Reference value :  3.03791e-06
 Reference value :  3.03863e-06
 Reference value :  3.03983e-06
 Reference value :  3.04043e-06
 Reference value :  3.04151e-06
 Reference value :  3.04223e-06
 Reference value :  3.04351e-06
 Reference value :  3.04431e-06
 Reference value :  3.04511e-06
 Reference value :  3.04604e-06
 Reference value :  3.04735e-06
 Reference value :  3.04835e-06
 Reference value :  3.04939e-06
 Reference value :  3.05019e-06
 Reference value :  3.05135e-06
 Reference value :  3.05227e-06
 Reference value :  3.05315e-06
 Reference value :  3.05404e-06
 Reference value :  3.05515e-06
 Reference value :  3.05607e-06
 Reference value :  3.05695e-06
 Reference value :  3.05803e-06
 Reference value :  3.05903e-06
 Reference value :  3.06003e-06
 Reference value :  3.06079e-06
 Reference value :  3.06187e-06
 Reference value :  3.06271e-06
 Reference value :  3.06402e-06
 Reference value :  3.06543e-06
 Reference value :  3.06671e-06
 Reference value :  3.06811e-06
 Reference value :  3.06935e-06
 Reference value :  3.07067e-06
 Reference value :  3.07201e-06
 Reference value :  3.07263e-06
 Reference value :  3.07387e-06
 Reference value :  3.07451e-06
 Reference value :  3.07579e-06
 Reference value :  3.07643e-06
 Reference value :  3.07719e-06
 Reference value :  3.07804e-06
 Reference value :  3.07935e-06
 Reference value :  3.08031e-06
 Reference value :  3.08155e-06
 Reference value :  3.08247e-06
 Reference value :  3.08387e-06
 Reference value :  3.08459e-06
 Reference value :  3.08551e-06
 Reference value :  3.08655e-06
 Reference value :  3.08783e-06
 Reference value :  3.08847e-06
 Reference value :  3.08995e-06
 Reference value :  3.09095e-06
 Reference value :  3.09201e-06
 Reference value :  3.09271e-06
 Reference value :  3.09375e-06
 Reference value :  3.09447e-06
 Reference value :  3.09571e-06
 Reference value :  3.09635e-06
 Reference value :  3.09747e-06
 Reference value :  3.09823e-06
 Reference value :  3.09959e-06
 Reference value :  3.10039e-06
 Reference value :  3.10135e-06
 Reference value :  3.10227e-06
 Reference value :  3.10363e-06
 Reference value :  3.10439e-06
 Reference value :  3.10547e-06
 Reference value :  3.10623e-06
 Reference value :  3.10739e-06
 Reference value :  3.10815e-06
 Reference value :  3.10891e-06
 Reference value :  3.11000e-06
 Reference value :  3.11079e-06
 Reference value :  3.11200e-06
 Reference value :  3.11251e-06
 Reference value :  3.11383e-06
 Reference value :  3.11451e-06
 Reference value :  3.11575e-06
 Reference value :  3.11643e-06
 Reference value :  3.11743e-06
 Reference value :  3.11827e-06
 Reference value :  3.11967e-06
 Reference value :  3.12039e-06
 Reference value :  3.12155e-06
 Reference value :  3.12239e-06
 Reference value :  3.12367e-06
 Reference value :  3.12435e-06
 Reference value :  3.12511e-06
 Reference value :  3.12602e-06
 Reference value :  3.12707e-06
 Reference value :  3.12803e-06
 Reference value :  3.12883e-06
 Reference value :  3.13000e-06
 Reference value :  3.13083e-06
 Reference value :  3.13201e-06
 Reference value :  3.13271e-06
 Reference value :  3.13379e-06
 Reference value :  3.13455e-06
 Reference value :  3.13583e-06
 Reference value :  3.13643e-06
 Reference value :  3.13751e-06
 Reference value :  3.13823e-06
 Reference value :  3.13943e-06
 Reference value :  3.14019e-06
 Reference value :  3.14095e-06
 Reference value :  3.14197e-06
 Reference value :  3.14271e-06
 Reference value :  3.14391e-06
 Reference value :  3.14447e-06
 Reference value :  3.14563e-06
 Reference value :  3.14635e-06
 Reference value :  3.14763e-06
 Reference value :  3.14839e-06
 Reference value :  3.14919e-06
 Reference value :  3.15011e-06
 Reference value :  3.15127e-06
 Reference value :  3.15215e-06
 Reference value :  3.15315e-06
 Reference value :  3.15404e-06
 Reference value :  3.15503e-06
 Reference value :  3.15602e-06
 Reference value :  3.15675e-06
 Reference value :  3.15783e-06
 Reference value :  3.15855e-06
 Reference value :  3.15975e-06
 Reference value :  3.16039e-06
 Reference value :  3.16147e-06
 Reference value :  3.16235e-06
 Reference value :  3.16355e-06
 Reference value :  3.16431e-06
 Reference value :  3.16515e-06
 Reference value :  3.16604e-06
 Reference value :  3.16719e-06
 Reference value :  3.16811e-06
 Reference value :  3.16911e-06
 Reference value :  3.17004e-06
 Reference value :  3.17119e-06
 Reference value :  3.17211e-06
 Reference value :  3.17291e-06
 Reference value :  3.17400e-06
 Reference value :  3.17479e-06
 Reference value :  3.17600e-06
 Reference value :  3.17651e-06
 Reference value :  3.17783e-06
 Reference value :  3.17851e-06
 Reference value :  3.17979e-06
 Reference value :  3.18047e-06
 Reference value :  3.18143e-06
 Reference value :  3.18247e-06
 Reference value :  3.18387e-06
 Reference value :  3.18451e-06
 Reference value :  3.18587e-06
 Reference value :  3.18667e-06
 Reference value :  3.18797e-06
 Reference value :  3.18863e-06
 Reference value :  3.18967e-06
 Reference value :  3.19043e-06
 Reference value :  3.19167e-06
 Reference value :  3.19239e-06
 Reference value :  3.19343e-06
 Reference value :  3.19423e-06
 Reference value :  3.19543e-06
 Reference value :  3.19627e-06
 Reference value :  3.19707e-06
 Reference value :  3.19803e-06
 Reference value :  3.19911e-06
No. of Data Rows : 94280
sim/harness: analysis complete
Note: Simulation executed from .control section 
