
Note: Compatibility modes selected: hs a


Circuit: ** sch_path: /users/rwalters/github/sky130-pll/.loom/worktrees/issue-130/sim/divider-n64/testbench/tb_divider_n64.sch

option SCALE: Scale is set to 1e-06 for instance and model parameters
option SCALE: Scale is set to 1e-06 for instance and model parameters
option SCALE: Scale is set to 1e-06 for instance and model parameters
option SCALE: Scale is set to 1e-06 for instance and model parameters
Doing analysis at TEMP = -40.000000 and TNOM = 27.000000

Using KLU as Direct Linear Solver
 Reference value :  0.00000e+00
 Reference value :  3.42900e-10
 Reference value :  1.34290e-09
 Reference value :  2.02563e-09
 Reference value :  2.86762e-09
 Reference value :  3.90762e-09
 Reference value :  4.30763e-09
 Reference value :  5.22000e-09
 Reference value :  6.01863e-09
 Reference value :  6.78762e-09
 Reference value :  7.78763e-09
 Reference value :  8.30763e-09
 Reference value :  9.30763e-09
 Reference value :  1.01076e-08
 Reference value :  1.09876e-08
 Reference value :  1.19738e-08
 Reference value :  1.23876e-08
 Reference value :  1.28276e-08
 Reference value :  1.36676e-08
 Reference value :  1.41876e-08
 Reference value :  1.51476e-08
 Reference value :  1.60125e-08
 Reference value :  1.66276e-08
 Reference value :  1.78676e-08
 Reference value :  1.85476e-08
 Reference value :  1.97876e-08
 Reference value :  2.03476e-08
 Reference value :  2.09876e-08
 Reference value :  2.20125e-08
 Reference value :  2.29476e-08
 Reference value :  2.40186e-08
 Reference value :  2.47476e-08
 Reference value :  2.60000e-08
 Reference value :  2.67876e-08
 Reference value :  2.80013e-08
 Reference value :  2.85476e-08
 Reference value :  2.94676e-08
 Reference value :  3.02276e-08
 Reference value :  3.14676e-08
 Reference value :  3.21076e-08
 Reference value :  3.27076e-08
 Reference value :  3.37076e-08
 Reference value :  3.42276e-08
 Reference value :  3.51876e-08
 Reference value :  3.60134e-08
 Reference value :  3.65076e-08
 Reference value :  3.70276e-08
 Reference value :  3.79476e-08
 Reference value :  3.84276e-08
 Reference value :  3.95076e-08
 Reference value :  4.01076e-08
 Reference value :  4.07476e-08
 Reference value :  4.17476e-08
 Reference value :  4.22676e-08
 Reference value :  4.32676e-08
 Reference value :  4.40151e-08
 Reference value :  4.45076e-08
 Reference value :  4.50276e-08
 Reference value :  4.60000e-08
 Reference value :  4.64676e-08
 Reference value :  4.74676e-08
 Reference value :  4.81076e-08
 Reference value :  4.87476e-08
 Reference value :  4.97476e-08
 Reference value :  5.02676e-08
 Reference value :  5.12676e-08
 Reference value :  5.20186e-08
 Reference value :  5.25476e-08
 Reference value :  5.31076e-08
 Reference value :  5.40081e-08
 Reference value :  5.47476e-08
 Reference value :  5.59476e-08
 Reference value :  5.63876e-08
 Reference value :  5.72676e-08
 Reference value :  5.80151e-08
 Reference value :  5.87876e-08
 Reference value :  5.97876e-08
 Reference value :  6.02276e-08
 Reference value :  6.07476e-08
 Reference value :  6.16276e-08
 Reference value :  6.21876e-08
 Reference value :  6.31876e-08
 Reference value :  6.40134e-08
 Reference value :  6.45876e-08
 Reference value :  6.57476e-08
 Reference value :  6.68676e-08
 Reference value :  6.79476e-08
 Reference value :  6.83476e-08
 Reference value :  6.88676e-08
 Reference value :  6.94276e-08
 Reference value :  7.01076e-08
 Reference value :  7.09876e-08
 Reference value :  7.19738e-08
 Reference value :  7.24261e-08
 Reference value :  7.32661e-08
 Reference value :  7.40186e-08
 Reference value :  7.47876e-08
 Reference value :  7.57876e-08
 Reference value :  7.62276e-08
 Reference value :  7.67476e-08
 Reference value :  7.75476e-08
 Reference value :  7.81476e-08
 Reference value :  7.90676e-08
 Reference value :  8.00256e-08
 Reference value :  8.07476e-08
 Reference value :  8.19738e-08
 Reference value :  8.27076e-08
 Reference value :  8.39738e-08
 Reference value :  8.45061e-08
 Reference value :  8.53461e-08
 Reference value :  8.61876e-08
 Reference value :  8.74276e-08
 Reference value :  8.82276e-08
 Reference value :  8.91476e-08
 Reference value :  9.00396e-08
 Reference value :  9.11476e-08
 Reference value :  9.20396e-08
 Reference value :  9.26676e-08
 Reference value :  9.36676e-08
 Reference value :  9.43476e-08
 Reference value :  9.55876e-08
 Reference value :  9.63476e-08
 Reference value :  9.73876e-08
 Reference value :  9.81876e-08
 Reference value :  9.94276e-08
 Reference value :  1.00188e-07
 Reference value :  1.00868e-07
 Reference value :  1.01828e-07
 Reference value :  1.02548e-07
 Reference value :  1.03788e-07
 Reference value :  1.04388e-07
 Reference value :  1.05468e-07
 Reference value :  1.06268e-07
 Reference value :  1.07508e-07
 Reference value :  1.08228e-07
 Reference value :  1.08868e-07
 Reference value :  1.10000e-07
 Reference value :  1.10788e-07
 Reference value :  1.12004e-07
 Reference value :  1.12586e-07
 Reference value :  1.13826e-07
 Reference value :  1.14588e-07
 Reference value :  1.15828e-07
 Reference value :  1.16428e-07
 Reference value :  1.17108e-07
 Reference value :  1.18040e-07
 Reference value :  1.19068e-07
 Reference value :  1.20040e-07
 Reference value :  1.20788e-07
 Reference value :  1.22004e-07
 Reference value :  1.22868e-07
 Reference value :  1.24004e-07
 Reference value :  1.24548e-07
 Reference value :  1.25428e-07
 Reference value :  1.26188e-07
 Reference value :  1.27428e-07
 Reference value :  1.28188e-07
 Reference value :  1.29108e-07
 Reference value :  1.30068e-07
 Reference value :  1.31148e-07
 Reference value :  1.32068e-07
 Reference value :  1.32748e-07
 Reference value :  1.33388e-07
 Reference value :  1.34188e-07
 Reference value :  1.35388e-07
 Reference value :  1.36188e-07
 Reference value :  1.37108e-07
 Reference value :  1.38026e-07
 Reference value :  1.39148e-07
 Reference value :  1.40040e-07
 Reference value :  1.40668e-07
 Reference value :  1.41468e-07
 Reference value :  1.42268e-07
 Reference value :  1.43508e-07
 Reference value :  1.44268e-07
 Reference value :  1.45228e-07
 Reference value :  1.46068e-07
 Reference value :  1.47188e-07
 Reference value :  1.48068e-07
 Reference value :  1.48748e-07
 Reference value :  1.49788e-07
 Reference value :  1.50508e-07
 Reference value :  1.51788e-07
 Reference value :  1.52428e-07
 Reference value :  1.53548e-07
 Reference value :  1.54308e-07
 Reference value :  1.55548e-07
 Reference value :  1.56228e-07
 Reference value :  1.56868e-07
 Reference value :  1.58004e-07
 Reference value :  1.58788e-07
 Reference value :  1.59868e-07
 Reference value :  1.60348e-07
 Reference value :  1.61188e-07
 Reference value :  1.62012e-07
 Reference value :  1.62668e-07
 Reference value :  1.63708e-07
 Reference value :  1.64188e-07
 Reference value :  1.64748e-07
 Reference value :  1.65308e-07
 Reference value :  1.66019e-07
 Reference value :  1.66788e-07
 Reference value :  1.67788e-07
 Reference value :  1.68308e-07
 Reference value :  1.69028e-07
 Reference value :  1.70000e-07
 Reference value :  1.70508e-07
 Reference value :  1.71508e-07
 Reference value :  1.72108e-07
 Reference value :  1.72628e-07
 Reference value :  1.73268e-07
 Reference value :  1.74019e-07
 Reference value :  1.74788e-07
 Reference value :  1.75788e-07
 Reference value :  1.76308e-07
 Reference value :  1.77068e-07
 Reference value :  1.78004e-07
 Reference value :  1.78628e-07
 Reference value :  1.79668e-07
 Reference value :  1.80228e-07
 Reference value :  1.80788e-07
 Reference value :  1.81508e-07
 Reference value :  1.82108e-07
 Reference value :  1.82988e-07
 Reference value :  1.84000e-07
 Reference value :  1.84388e-07
 Reference value :  1.85268e-07
 Reference value :  1.86015e-07
 Reference value :  1.86788e-07
 Reference value :  1.87788e-07
 Reference value :  1.88268e-07
 Reference value :  1.88788e-07
 Reference value :  1.89708e-07
 Reference value :  1.90228e-07
 Reference value :  1.91188e-07
 Reference value :  1.92013e-07
 Reference value :  1.92468e-07
 Reference value :  1.93428e-07
 Reference value :  1.94068e-07
 Reference value :  1.95068e-07
 Reference value :  1.96019e-07
 Reference value :  1.96708e-07
 Reference value :  1.97388e-07
 Reference value :  1.98188e-07
 Reference value :  1.99428e-07
 Reference value :  2.00188e-07
 Reference value :  2.01068e-07
 Reference value :  2.02019e-07
 Reference value :  2.02988e-07
 Reference value :  2.04015e-07
 Reference value :  2.04588e-07
 Reference value :  2.05108e-07
 Reference value :  2.06004e-07
 Reference value :  2.06748e-07
 Reference value :  2.07974e-07
 Reference value :  2.08468e-07
 Reference value :  2.09428e-07
 Reference value :  2.10068e-07
 Reference value :  2.10948e-07
 Reference value :  2.11948e-07
 Reference value :  2.12348e-07
 Reference value :  2.12868e-07
 Reference value :  2.13708e-07
 Reference value :  2.14268e-07
 Reference value :  2.15308e-07
 Reference value :  2.16019e-07
 Reference value :  2.16548e-07
 Reference value :  2.17548e-07
 Reference value :  2.18148e-07
 Reference value :  2.19108e-07
 Reference value :  2.20001e-07
 Reference value :  2.20388e-07
 Reference value :  2.20908e-07
 Reference value :  2.21908e-07
 Reference value :  2.22348e-07
 Reference value :  2.23348e-07
 Reference value :  2.24026e-07
 Reference value :  2.24548e-07
 Reference value :  2.25548e-07
 Reference value :  2.26108e-07
 Reference value :  2.27068e-07
 Reference value :  2.28019e-07
 Reference value :  2.28628e-07
 Reference value :  2.29308e-07
 Reference value :  2.30148e-07
 Reference value :  2.31268e-07
 Reference value :  2.32148e-07
 Reference value :  2.32988e-07
 Reference value :  2.34019e-07
 Reference value :  2.35068e-07
 Reference value :  2.36026e-07
 Reference value :  2.36628e-07
 Reference value :  2.37508e-07
 Reference value :  2.38228e-07
 Reference value :  2.39468e-07
 Reference value :  2.40268e-07
 Reference value :  2.41268e-07
 Reference value :  2.42148e-07
 Reference value :  2.43428e-07
 Reference value :  2.44188e-07
 Reference value :  2.44868e-07
 Reference value :  2.45974e-07
 Reference value :  2.46708e-07
 Reference value :  2.47948e-07
 Reference value :  2.48506e-07
 Reference value :  2.49746e-07
 Reference value :  2.50468e-07
 Reference value :  2.51748e-07
 Reference value :  2.52386e-07
 Reference value :  2.53026e-07
 Reference value :  2.54015e-07
 Reference value :  2.54988e-07
 Reference value :  2.56013e-07
 Reference value :  2.56708e-07
 Reference value :  2.57974e-07
 Reference value :  2.58748e-07
 Reference value :  2.59974e-07
 Reference value :  2.60508e-07
 Reference value :  2.61148e-07
 Reference value :  2.62026e-07
 Reference value :  2.63108e-07
 Reference value :  2.64066e-07
 Reference value :  2.64946e-07
 Reference value :  2.66013e-07
 Reference value :  2.66988e-07
 Reference value :  2.68013e-07
 Reference value :  2.68588e-07
 Reference value :  2.69148e-07
 Reference value :  2.70068e-07
 Reference value :  2.71108e-07
 Reference value :  2.72026e-07
 Reference value :  2.72748e-07
 Reference value :  2.73974e-07
 Reference value :  2.74708e-07
 Reference value :  2.75974e-07
 Reference value :  2.76506e-07
 Reference value :  2.77266e-07
 Reference value :  2.78108e-07
 Reference value :  2.79228e-07
 Reference value :  2.80108e-07
 Reference value :  2.81068e-07
 Reference value :  2.82428e-07
 Reference value :  2.84000e-07
 Reference value :  2.84508e-07
 Reference value :  2.85428e-07
 Reference value :  2.86188e-07
 Reference value :  2.87428e-07
 Reference value :  2.88186e-07
 Reference value :  2.89106e-07
 Reference value :  2.90026e-07
 Reference value :  2.91068e-07
 Reference value :  2.92026e-07
 Reference value :  2.92668e-07
 Reference value :  2.93348e-07
 Reference value :  2.94148e-07
 Reference value :  2.95228e-07
 Reference value :  2.96108e-07
 Reference value :  2.96908e-07
 Reference value :  2.98008e-07
 Reference value :  2.98828e-07
 Reference value :  3.00008e-07
 Reference value :  3.00586e-07
 Reference value :  3.01426e-07
 Reference value :  3.02188e-07
 Reference value :  3.03388e-07
 Reference value :  3.04188e-07
 Reference value :  3.05068e-07
 Reference value :  3.06019e-07
 Reference value :  3.07068e-07
 Reference value :  3.08019e-07
 Reference value :  3.08668e-07
 Reference value :  3.09508e-07
 Reference value :  3.10268e-07
 Reference value :  3.11548e-07
 Reference value :  3.12306e-07
 Reference value :  3.13306e-07
 Reference value :  3.14148e-07
 Reference value :  3.15348e-07
 Reference value :  3.16148e-07
 Reference value :  3.16788e-07
 Reference value :  3.17948e-07
 Reference value :  3.18668e-07
 Reference value :  3.19868e-07
 Reference value :  3.20468e-07
 Reference value :  3.21588e-07
 Reference value :  3.22148e-07
 Reference value :  3.23068e-07
 Reference value :  3.24004e-07
 Reference value :  3.24386e-07
 Reference value :  3.24946e-07
 Reference value :  3.25586e-07
 Reference value :  3.26148e-07
 Reference value :  3.27028e-07
 Reference value :  3.28000e-07
 Reference value :  3.28428e-07
 Reference value :  3.29308e-07
 Reference value :  3.30015e-07
 Reference value :  3.30788e-07
 Reference value :  3.31948e-07
 Reference value :  3.32388e-07
 Reference value :  3.32908e-07
 Reference value :  3.33908e-07
 Reference value :  3.34388e-07
 Reference value :  3.35388e-07
 Reference value :  3.36066e-07
 Reference value :  3.36706e-07
 Reference value :  3.37706e-07
 Reference value :  3.38228e-07
 Reference value :  3.39148e-07
 Reference value :  3.40008e-07
 Reference value :  3.40468e-07
 Reference value :  3.41028e-07
 Reference value :  3.41948e-07
 Reference value :  3.42428e-07
 Reference value :  3.43588e-07
 Reference value :  3.44148e-07
 Reference value :  3.44788e-07
 Reference value :  3.45788e-07
 Reference value :  3.46308e-07
 Reference value :  3.47268e-07
 Reference value :  3.48025e-07
 Reference value :  3.48546e-07
 Reference value :  3.49506e-07
 Reference value :  3.50108e-07
 Reference value :  3.50988e-07
 Reference value :  3.52000e-07
 Reference value :  3.52388e-07
 Reference value :  3.53268e-07
 Reference value :  3.54015e-07
 Reference value :  3.54948e-07
 Reference value :  3.55974e-07
 Reference value :  3.56388e-07
 Reference value :  3.56908e-07
 Reference value :  3.57708e-07
 Reference value :  3.58228e-07
 Reference value :  3.59188e-07
 Reference value :  3.60013e-07
 Reference value :  3.60548e-07
 Reference value :  3.61668e-07
 Reference value :  3.62228e-07
 Reference value :  3.63828e-07
 Reference value :  3.64308e-07
 Reference value :  3.64788e-07
 Reference value :  3.65588e-07
 Reference value :  3.66188e-07
 Reference value :  3.67188e-07
 Reference value :  3.68013e-07
 Reference value :  3.68628e-07
 Reference value :  3.69908e-07
 Reference value :  3.70628e-07
 Reference value :  3.71908e-07
 Reference value :  3.72428e-07
 Reference value :  3.72948e-07
 Reference value :  3.73868e-07
 Reference value :  3.74348e-07
 Reference value :  3.75428e-07
 Reference value :  3.76348e-07
 Reference value :  3.77428e-07
 Reference value :  3.78228e-07
 Reference value :  3.79428e-07
 Reference value :  3.80068e-07
 Reference value :  3.80588e-07
 Reference value :  3.81268e-07
 Reference value :  3.82019e-07
 Reference value :  3.82788e-07
 Reference value :  3.83788e-07
 Reference value :  3.84268e-07
 Reference value :  3.85028e-07
 Reference value :  3.86001e-07
 Reference value :  3.86508e-07
 Reference value :  3.87588e-07
 Reference value :  3.88348e-07
 Reference value :  3.89068e-07
 Reference value :  3.89788e-07
 Reference value :  3.90268e-07
 Reference value :  3.91268e-07
 Reference value :  3.92015e-07
 Reference value :  3.92508e-07
 Reference value :  3.93548e-07
 Reference value :  3.94268e-07
 Reference value :  3.95228e-07
 Reference value :  3.96015e-07
 Reference value :  3.96668e-07
 Reference value :  3.97228e-07
 Reference value :  3.98015e-07
 Reference value :  3.98748e-07
 Reference value :  3.99788e-07
 Reference value :  4.00426e-07
 Reference value :  4.01306e-07
 Reference value :  4.02019e-07
 Reference value :  4.02788e-07
 Reference value :  4.03788e-07
 Reference value :  4.04268e-07
 Reference value :  4.04868e-07
 Reference value :  4.06001e-07
 Reference value :  4.06548e-07
 Reference value :  4.07628e-07
 Reference value :  4.08188e-07
 Reference value :  4.08868e-07
 Reference value :  4.09868e-07
 Reference value :  4.10348e-07
 Reference value :  4.11348e-07
 Reference value :  4.12066e-07
 Reference value :  4.12626e-07
 Reference value :  4.13226e-07
 Reference value :  4.14013e-07
 Reference value :  4.14708e-07
 Reference value :  4.15708e-07
 Reference value :  4.16228e-07
 Reference value :  4.16908e-07
 Reference value :  4.17908e-07
 Reference value :  4.18388e-07
 Reference value :  4.19388e-07
 Reference value :  4.20040e-07
 Reference value :  4.20548e-07
 Reference value :  4.21108e-07
 Reference value :  4.22001e-07
 Reference value :  4.22548e-07
 Reference value :  4.23548e-07
 Reference value :  4.24146e-07
 Reference value :  4.24866e-07
 Reference value :  4.25866e-07
 Reference value :  4.26508e-07
 Reference value :  4.27708e-07
 Reference value :  4.28388e-07
 Reference value :  4.28868e-07
 Reference value :  4.30000e-07
 Reference value :  4.30588e-07
 Reference value :  4.31788e-07
 Reference value :  4.32388e-07
 Reference value :  4.33428e-07
 Reference value :  4.34228e-07
 Reference value :  4.35468e-07
 Reference value :  4.36186e-07
 Reference value :  4.36946e-07
 Reference value :  4.38001e-07
 Reference value :  4.38708e-07
 Reference value :  4.39828e-07
 Reference value :  4.40388e-07
 Reference value :  4.41974e-07
 Reference value :  4.43028e-07
 Reference value :  4.44040e-07
 Reference value :  4.44668e-07
 Reference value :  4.45548e-07
 Reference value :  4.46228e-07
 Reference value :  4.47548e-07
 Reference value :  4.48186e-07
 Reference value :  4.49026e-07
 Reference value :  4.50013e-07
 Reference value :  4.50868e-07
 Reference value :  4.52001e-07
 Reference value :  4.52468e-07
 Reference value :  4.53028e-07
 Reference value :  4.53974e-07
 Reference value :  4.54708e-07
 Reference value :  4.55974e-07
 Reference value :  4.56508e-07
 Reference value :  4.57788e-07
 Reference value :  4.58548e-07
 Reference value :  4.59974e-07
 Reference value :  4.60546e-07
 Reference value :  4.61386e-07
 Reference value :  4.62188e-07
 Reference value :  4.63348e-07
 Reference value :  4.64148e-07
 Reference value :  4.65068e-07
 Reference value :  4.66019e-07
 Reference value :  4.67068e-07
 Reference value :  4.68019e-07
 Reference value :  4.68788e-07
 Reference value :  4.69748e-07
 Reference value :  4.70428e-07
 Reference value :  4.71668e-07
 Reference value :  4.72626e-07
 Reference value :  4.73973e-07
 Reference value :  4.74708e-07
 Reference value :  4.75948e-07
 Reference value :  4.76508e-07
 Reference value :  4.77548e-07
 Reference value :  4.78268e-07
 Reference value :  4.79508e-07
 Reference value :  4.80268e-07
 Reference value :  4.81188e-07
 Reference value :  4.82068e-07
 Reference value :  4.83228e-07
 Reference value :  4.84108e-07
 Reference value :  4.84748e-07
 Reference value :  4.85548e-07
 Reference value :  4.86228e-07
 Reference value :  4.87428e-07
 Reference value :  4.88228e-07
 Reference value :  4.89148e-07
 Reference value :  4.90108e-07
 Reference value :  4.91308e-07
 Reference value :  4.92108e-07
 Reference value :  4.92748e-07
 Reference value :  4.93788e-07
 Reference value :  4.94468e-07
 Reference value :  4.95748e-07
 Reference value :  4.96386e-07
 Reference value :  4.97466e-07
 Reference value :  4.98228e-07
 Reference value :  4.99268e-07
 Reference value :  5.00039e-07
 Reference value :  5.00586e-07
 Reference value :  5.01386e-07
 Reference value :  5.02108e-07
 Reference value :  5.03028e-07
 Reference value :  5.04004e-07
 Reference value :  5.04468e-07
 Reference value :  5.05468e-07
 Reference value :  5.06188e-07
 Reference value :  5.07308e-07
 Reference value :  5.08026e-07
 Reference value :  5.08628e-07
 Reference value :  5.09348e-07
 Reference value :  5.10068e-07
 Reference value :  5.10908e-07
 Reference value :  5.11908e-07
 Reference value :  5.12348e-07
 Reference value :  5.13148e-07
 Reference value :  5.14008e-07
 Reference value :  5.14788e-07
 Reference value :  5.16000e-07
 Reference value :  5.16468e-07
 Reference value :  5.17028e-07
 Reference value :  5.17708e-07
 Reference value :  5.18308e-07
 Reference value :  5.19308e-07
 Reference value :  5.20019e-07
 Reference value :  5.20508e-07
 Reference value :  5.21548e-07
 Reference value :  5.22148e-07
 Reference value :  5.23068e-07
 Reference value :  5.24001e-07
 Reference value :  5.24388e-07
 Reference value :  5.24748e-07
 Reference value :  5.25468e-07
 Reference value :  5.26108e-07
 Reference value :  5.26948e-07
 Reference value :  5.27948e-07
 Reference value :  5.28386e-07
 Reference value :  5.29266e-07
 Reference value :  5.30019e-07
 Reference value :  5.30788e-07
 Reference value :  5.31828e-07
 Reference value :  5.32428e-07
 Reference value :  5.33028e-07
 Reference value :  5.33948e-07
 Reference value :  5.34428e-07
 Reference value :  5.35428e-07
 Reference value :  5.36068e-07
 Reference value :  5.36668e-07
 Reference value :  5.37708e-07
 Reference value :  5.38228e-07
 Reference value :  5.39188e-07
 Reference value :  5.40013e-07
 Reference value :  5.40468e-07
 Reference value :  5.41108e-07
 Reference value :  5.42004e-07
 Reference value :  5.42548e-07
 Reference value :  5.43588e-07
 Reference value :  5.44188e-07
 Reference value :  5.44868e-07
 Reference value :  5.45868e-07
 Reference value :  5.46348e-07
 Reference value :  5.47388e-07
 Reference value :  5.48040e-07
 Reference value :  5.48548e-07
 Reference value :  5.49108e-07
 Reference value :  5.50001e-07
 Reference value :  5.50548e-07
 Reference value :  5.51548e-07
 Reference value :  5.52146e-07
 Reference value :  5.52866e-07
 Reference value :  5.53906e-07
 Reference value :  5.54388e-07
 Reference value :  5.55388e-07
 Reference value :  5.56068e-07
 Reference value :  5.56588e-07
 Reference value :  5.57148e-07
 Reference value :  5.58013e-07
 Reference value :  5.58628e-07
 Reference value :  5.59628e-07
 Reference value :  5.60188e-07
 Reference value :  5.60828e-07
 Reference value :  5.61828e-07
 Reference value :  5.62388e-07
 Reference value :  5.63388e-07
 Reference value :  5.64026e-07
 Reference value :  5.64548e-07
 Reference value :  5.65228e-07
 Reference value :  5.66108e-07
 Reference value :  5.66988e-07
 Reference value :  5.67974e-07
 Reference value :  5.68388e-07
 Reference value :  5.69268e-07
 Reference value :  5.70019e-07
 Reference value :  5.70828e-07
 Reference value :  5.71868e-07
 Reference value :  5.72308e-07
 Reference value :  5.72788e-07
 Reference value :  5.73708e-07
 Reference value :  5.74228e-07
 Reference value :  5.75188e-07
 Reference value :  5.76015e-07
 Reference value :  5.76546e-07
 Reference value :  5.77586e-07
 Reference value :  5.78148e-07
 Reference value :  5.79068e-07
 Reference value :  5.80001e-07
 Reference value :  5.80428e-07
 Reference value :  5.80948e-07
 Reference value :  5.81668e-07
 Reference value :  5.82188e-07
 Reference value :  5.83148e-07
 Reference value :  5.84008e-07
 Reference value :  5.84468e-07
 Reference value :  5.85428e-07
 Reference value :  5.86068e-07
 Reference value :  5.86908e-07
 Reference value :  5.87908e-07
 Reference value :  5.88308e-07
 Reference value :  5.88748e-07
 Reference value :  5.89508e-07
 Reference value :  5.90108e-07
 Reference value :  5.91028e-07
 Reference value :  5.92000e-07
 Reference value :  5.92388e-07
 Reference value :  5.93228e-07
 Reference value :  5.94013e-07
 Reference value :  5.94748e-07
 Reference value :  5.95748e-07
 Reference value :  5.96188e-07
 Reference value :  5.96748e-07
 Reference value :  5.97468e-07
 Reference value :  5.98108e-07
 Reference value :  5.98948e-07
 Reference value :  5.99974e-07
 Reference value :  6.00386e-07
 Reference value :  6.01226e-07
 Reference value :  6.02013e-07
 Reference value :  6.02708e-07
 Reference value :  6.03788e-07
 Reference value :  6.04308e-07
 Reference value :  6.04828e-07
 Reference value :  6.05788e-07
 Reference value :  6.06268e-07
 Reference value :  6.07268e-07
 Reference value :  6.08019e-07
 Reference value :  6.08548e-07
 Reference value :  6.09548e-07
 Reference value :  6.10148e-07
 Reference value :  6.11108e-07
 Reference value :  6.12004e-07
 Reference value :  6.12428e-07
 Reference value :  6.12948e-07
 Reference value :  6.13828e-07
 Reference value :  6.14308e-07
 Reference value :  6.15308e-07
 Reference value :  6.16019e-07
 Reference value :  6.16508e-07
 Reference value :  6.17468e-07
 Reference value :  6.18228e-07
 Reference value :  6.19428e-07
 Reference value :  6.20188e-07
 Reference value :  6.20828e-07
 Reference value :  6.21974e-07
 Reference value :  6.22668e-07
 Reference value :  6.23868e-07
 Reference value :  6.24466e-07
 Reference value :  6.25666e-07
 Reference value :  6.26388e-07
 Reference value :  6.27628e-07
 Reference value :  6.28308e-07
 Reference value :  6.28948e-07
 Reference value :  6.29974e-07
 Reference value :  6.30468e-07
 Reference value :  6.31508e-07
 Reference value :  6.32108e-07
 Reference value :  6.32708e-07
 Reference value :  6.33708e-07
 Reference value :  6.34268e-07
 Reference value :  6.35228e-07
 Reference value :  6.36013e-07
 Reference value :  6.36468e-07
 Reference value :  6.37028e-07
 Reference value :  6.38000e-07
 Reference value :  6.38508e-07
 Reference value :  6.39508e-07
 Reference value :  6.40108e-07
 Reference value :  6.40748e-07
 Reference value :  6.41748e-07
 Reference value :  6.42268e-07
 Reference value :  6.43268e-07
 Reference value :  6.44013e-07
 Reference value :  6.44468e-07
 Reference value :  6.44988e-07
 Reference value :  6.45708e-07
 Reference value :  6.46228e-07
 Reference value :  6.47268e-07
 Reference value :  6.48106e-07
 Reference value :  6.48826e-07
 Reference value :  6.49826e-07
 Reference value :  6.50308e-07
 Reference value :  6.51348e-07
 Reference value :  6.52026e-07
 Reference value :  6.52548e-07
 Reference value :  6.52948e-07
 Reference value :  6.53948e-07
 Reference value :  6.54388e-07
 Reference value :  6.55428e-07
 Reference value :  6.56068e-07
 Reference value :  6.56668e-07
 Reference value :  6.57668e-07
 Reference value :  6.58228e-07
 Reference value :  6.59188e-07
 Reference value :  6.60013e-07
 Reference value :  6.60468e-07
 Reference value :  6.61028e-07
 Reference value :  6.61974e-07
 Reference value :  6.62428e-07
 Reference value :  6.63428e-07
 Reference value :  6.64068e-07
 Reference value :  6.64628e-07
 Reference value :  6.65628e-07
 Reference value :  6.66188e-07
 Reference value :  6.67148e-07
 Reference value :  6.68013e-07
 Reference value :  6.68468e-07
 Reference value :  6.69108e-07
 Reference value :  6.70004e-07
 Reference value :  6.70588e-07
 Reference value :  6.71628e-07
 Reference value :  6.72186e-07
 Reference value :  6.72946e-07
 Reference value :  6.73946e-07
 Reference value :  6.74468e-07
 Reference value :  6.75628e-07
 Reference value :  6.76508e-07
 Reference value :  6.77108e-07
 Reference value :  6.78001e-07
 Reference value :  6.78588e-07
 Reference value :  6.79668e-07
 Reference value :  6.80228e-07
 Reference value :  6.80908e-07
 Reference value :  6.82015e-07
 Reference value :  6.82788e-07
 Reference value :  6.83788e-07
 Reference value :  6.84228e-07
 Reference value :  6.84708e-07
 Reference value :  6.85508e-07
 Reference value :  6.86108e-07
 Reference value :  6.87028e-07
 Reference value :  6.88015e-07
 Reference value :  6.89028e-07
 Reference value :  6.90026e-07
 Reference value :  6.90828e-07
 Reference value :  6.91828e-07
 Reference value :  6.92268e-07
 Reference value :  6.92828e-07
 Reference value :  6.93628e-07
 Reference value :  6.94188e-07
 Reference value :  6.95148e-07
 Reference value :  6.96013e-07
 Reference value :  6.96466e-07
 Reference value :  6.97666e-07
 Reference value :  6.98228e-07
 Reference value :  6.99148e-07
 Reference value :  7.00004e-07
 Reference value :  7.00428e-07
 Reference value :  7.00948e-07
 Reference value :  7.02015e-07
 Reference value :  7.02748e-07
 Reference value :  7.03748e-07
 Reference value :  7.04268e-07
 Reference value :  7.05028e-07
 Reference value :  7.06001e-07
 Reference value :  7.06548e-07
 Reference value :  7.07628e-07
 Reference value :  7.08148e-07
 Reference value :  7.08708e-07
 Reference value :  7.09228e-07
 Reference value :  7.10015e-07
 Reference value :  7.10748e-07
 Reference value :  7.11748e-07
 Reference value :  7.12268e-07
 Reference value :  7.12948e-07
 Reference value :  7.13948e-07
 Reference value :  7.14428e-07
 Reference value :  7.15468e-07
 Reference value :  7.16108e-07
 Reference value :  7.16628e-07
 Reference value :  7.17188e-07
 Reference value :  7.18012e-07
 Reference value :  7.18668e-07
 Reference value :  7.19748e-07
 Reference value :  7.20348e-07
 Reference value :  7.21268e-07
 Reference value :  7.22068e-07
 Reference value :  7.23068e-07
 Reference value :  7.24013e-07
 Reference value :  7.24548e-07
 Reference value :  7.25308e-07
 Reference value :  7.26188e-07
 Reference value :  7.27348e-07
 Reference value :  7.28148e-07
 Reference value :  7.28988e-07
 Reference value :  7.29974e-07
 Reference value :  7.30508e-07
 Reference value :  7.31548e-07
 Reference value :  7.32108e-07
 Reference value :  7.32628e-07
 Reference value :  7.33428e-07
 Reference value :  7.34068e-07
 Reference value :  7.34908e-07
 Reference value :  7.35948e-07
 Reference value :  7.36348e-07
 Reference value :  7.37148e-07
 Reference value :  7.38008e-07
 Reference value :  7.38628e-07
 Reference value :  7.39628e-07
 Reference value :  7.40148e-07
 Reference value :  7.40708e-07
 Reference value :  7.41268e-07
 Reference value :  7.42015e-07
 Reference value :  7.42708e-07
 Reference value :  7.43708e-07
 Reference value :  7.44268e-07
 Reference value :  7.45108e-07
 Reference value :  7.46004e-07
 Reference value :  7.46628e-07
 Reference value :  7.47668e-07
 Reference value :  7.48188e-07
 Reference value :  7.48788e-07
 Reference value :  7.49868e-07
 Reference value :  7.50508e-07
 Reference value :  7.51508e-07
 Reference value :  7.52108e-07
 Reference value :  7.52748e-07
 Reference value :  7.53748e-07
 Reference value :  7.54268e-07
 Reference value :  7.55268e-07
 Reference value :  7.56068e-07
 Reference value :  7.56748e-07
 Reference value :  7.57588e-07
 Reference value :  7.58148e-07
 Reference value :  7.59028e-07
 Reference value :  7.60000e-07
 Reference value :  7.60388e-07
 Reference value :  7.61548e-07
 Reference value :  7.62188e-07
 Reference value :  7.63148e-07
 Reference value :  7.64008e-07
 Reference value :  7.64468e-07
 Reference value :  7.65708e-07
 Reference value :  7.66308e-07
 Reference value :  7.67308e-07
 Reference value :  7.68068e-07
 Reference value :  7.68908e-07
 Reference value :  7.70013e-07
 Reference value :  7.70748e-07
 Reference value :  7.71788e-07
 Reference value :  7.72268e-07
 Reference value :  7.72828e-07
 Reference value :  7.73268e-07
 Reference value :  7.74015e-07
 Reference value :  7.74788e-07
 Reference value :  7.75788e-07
 Reference value :  7.76268e-07
 Reference value :  7.77148e-07
 Reference value :  7.78008e-07
 Reference value :  7.78628e-07
 Reference value :  7.79628e-07
 Reference value :  7.80148e-07
 Reference value :  7.80628e-07
 Reference value :  7.81428e-07
 Reference value :  7.82068e-07
 Reference value :  7.82908e-07
 Reference value :  7.83948e-07
 Reference value :  7.84348e-07
 Reference value :  7.85348e-07
 Reference value :  7.86040e-07
 Reference value :  7.86868e-07
 Reference value :  7.87868e-07
 Reference value :  7.88308e-07
 Reference value :  7.88828e-07
 Reference value :  7.89628e-07
 Reference value :  7.90228e-07
 Reference value :  7.91708e-07
 Reference value :  7.92228e-07
 Reference value :  7.92908e-07
 Reference value :  7.93974e-07
 Reference value :  7.94628e-07
 Reference value :  7.95868e-07
 Reference value :  7.96346e-07
 Reference value :  7.96946e-07
 Reference value :  7.98015e-07
 Reference value :  7.99188e-07
 Reference value :  8.00148e-07
 Reference value :  8.01068e-07
 Reference value :  8.02019e-07
 Reference value :  8.02908e-07
 Reference value :  8.03948e-07
 Reference value :  8.04348e-07
 Reference value :  8.04908e-07
 Reference value :  8.05708e-07
 Reference value :  8.06228e-07
 Reference value :  8.07188e-07
 Reference value :  8.08013e-07
 Reference value :  8.08468e-07
 Reference value :  8.09388e-07
 Reference value :  8.10040e-07
 Reference value :  8.10868e-07
 Reference value :  8.11868e-07
 Reference value :  8.12308e-07
 Reference value :  8.12788e-07
 Reference value :  8.13588e-07
 Reference value :  8.14148e-07
 Reference value :  8.15068e-07
 Reference value :  8.16019e-07
 Reference value :  8.16748e-07
 Reference value :  8.17868e-07
 Reference value :  8.18548e-07
 Reference value :  8.19748e-07
 Reference value :  8.20306e-07
 Reference value :  8.20946e-07
 Reference value :  8.22001e-07
 Reference value :  8.22628e-07
 Reference value :  8.23828e-07
 Reference value :  8.24348e-07
 Reference value :  8.25348e-07
 Reference value :  8.26108e-07
 Reference value :  8.27188e-07
 Reference value :  8.28026e-07
 Reference value :  8.28588e-07
 Reference value :  8.29508e-07
 Reference value :  8.30148e-07
 Reference value :  8.31228e-07
 Reference value :  8.32148e-07
 Reference value :  8.33068e-07
 Reference value :  8.34015e-07
 Reference value :  8.34748e-07
 Reference value :  8.35748e-07
 Reference value :  8.36188e-07
 Reference value :  8.36748e-07
 Reference value :  8.37268e-07
 Reference value :  8.38188e-07
 Reference value :  8.39388e-07
 Reference value :  8.40040e-07
 Reference value :  8.40588e-07
 Reference value :  8.41588e-07
 Reference value :  8.42148e-07
 Reference value :  8.43028e-07
 Reference value :  8.44039e-07
 Reference value :  8.44626e-07
 Reference value :  8.45266e-07
 Reference value :  8.46015e-07
 Reference value :  8.46708e-07
 Reference value :  8.47788e-07
 Reference value :  8.48268e-07
 Reference value :  8.48948e-07
 Reference value :  8.49948e-07
 Reference value :  8.50828e-07
 Reference value :  8.52000e-07
 Reference value :  8.52388e-07
 Reference value :  8.52908e-07
 Reference value :  8.53788e-07
 Reference value :  8.54308e-07
 Reference value :  8.55348e-07
 Reference value :  8.56026e-07
 Reference value :  8.56548e-07
 Reference value :  8.57508e-07
 Reference value :  8.58108e-07
 Reference value :  8.59308e-07
 Reference value :  8.60148e-07
 Reference value :  8.60788e-07
 Reference value :  8.61788e-07
 Reference value :  8.62268e-07
 Reference value :  8.63268e-07
 Reference value :  8.64015e-07
 Reference value :  8.64508e-07
 Reference value :  8.65468e-07
 Reference value :  8.66108e-07
 Reference value :  8.66988e-07
 Reference value :  8.67974e-07
 Reference value :  8.68346e-07
 Reference value :  8.68906e-07
 Reference value :  8.69706e-07
 Reference value :  8.70228e-07
 Reference value :  8.71188e-07
 Reference value :  8.72013e-07
 Reference value :  8.72468e-07
 Reference value :  8.73388e-07
 Reference value :  8.74040e-07
 Reference value :  8.74908e-07
 Reference value :  8.75908e-07
 Reference value :  8.76308e-07
 Reference value :  8.76788e-07
 Reference value :  8.77588e-07
 Reference value :  8.78148e-07
 Reference value :  8.79028e-07
 Reference value :  8.80068e-07
 Reference value :  8.80668e-07
 Reference value :  8.81668e-07
 Reference value :  8.82188e-07
 Reference value :  8.83108e-07
 Reference value :  8.84004e-07
 Reference value :  8.84428e-07
 Reference value :  8.84948e-07
 Reference value :  8.85868e-07
 Reference value :  8.86308e-07
 Reference value :  8.87308e-07
 Reference value :  8.88040e-07
 Reference value :  8.88588e-07
 Reference value :  8.89588e-07
 Reference value :  8.90188e-07
 Reference value :  8.91148e-07
 Reference value :  8.92013e-07
 Reference value :  8.92466e-07
 Reference value :  8.93066e-07
 Reference value :  8.94004e-07
 Reference value :  8.94628e-07
 Reference value :  8.95628e-07
 Reference value :  8.96188e-07
 Reference value :  8.96828e-07
 Reference value :  8.97828e-07
 Reference value :  8.98388e-07
 Reference value :  8.99548e-07
 Reference value :  9.00188e-07
 Reference value :  9.00748e-07
 Reference value :  9.01188e-07
 Reference value :  9.02008e-07
 Reference value :  9.02628e-07
 Reference value :  9.03668e-07
 Reference value :  9.04188e-07
 Reference value :  9.04828e-07
 Reference value :  9.05868e-07
 Reference value :  9.06588e-07
 Reference value :  9.07828e-07
 Reference value :  9.08388e-07
 Reference value :  9.08868e-07
 Reference value :  9.09748e-07
 Reference value :  9.10268e-07
 Reference value :  9.11308e-07
 Reference value :  9.12019e-07
 Reference value :  9.12508e-07
 Reference value :  9.13468e-07
 Reference value :  9.14108e-07
 Reference value :  9.14988e-07
 Reference value :  9.15974e-07
 Reference value :  9.16346e-07
 Reference value :  9.16946e-07
 Reference value :  9.17906e-07
 Reference value :  9.18348e-07
 Reference value :  9.19348e-07
 Reference value :  9.20040e-07
 Reference value :  9.20948e-07
 Reference value :  9.22013e-07
 Reference value :  9.22868e-07
 Reference value :  9.24004e-07
 Reference value :  9.24508e-07
 Reference value :  9.25388e-07
 Reference value :  9.26188e-07
 Reference value :  9.27388e-07
 Reference value :  9.28148e-07
 Reference value :  9.29068e-07
 Reference value :  9.30026e-07
 Reference value :  9.31068e-07
 Reference value :  9.32019e-07
 Reference value :  9.32668e-07
 Reference value :  9.33388e-07
 Reference value :  9.34188e-07
 Reference value :  9.35388e-07
 Reference value :  9.36148e-07
 Reference value :  9.37028e-07
 Reference value :  9.38015e-07
 Reference value :  9.39268e-07
 Reference value :  9.40386e-07
 Reference value :  9.41226e-07
 Reference value :  9.42108e-07
 Reference value :  9.43188e-07
 Reference value :  9.44040e-07
 Reference value :  9.44828e-07
 Reference value :  9.46000e-07
 Reference value :  9.46748e-07
 Reference value :  9.47974e-07
 Reference value :  9.48468e-07
 Reference value :  9.49148e-07
 Reference value :  9.50026e-07
 Reference value :  9.51028e-07
 Reference value :  9.52019e-07
 Reference value :  9.52708e-07
 Reference value :  9.53948e-07
 Reference value :  9.54668e-07
 Reference value :  9.55908e-07
 Reference value :  9.56428e-07
 Reference value :  9.57148e-07
 Reference value :  9.58040e-07
 Reference value :  9.59068e-07
 Reference value :  9.60019e-07
 Reference value :  9.60708e-07
 Reference value :  9.61948e-07
 Reference value :  9.62708e-07
 Reference value :  9.63948e-07
 Reference value :  9.64468e-07
 Reference value :  9.65108e-07
 Reference value :  9.66013e-07
 Reference value :  9.66948e-07
 Reference value :  9.68013e-07
 Reference value :  9.68628e-07
 Reference value :  9.69828e-07
 Reference value :  9.70508e-07
 Reference value :  9.71748e-07
 Reference value :  9.72348e-07
 Reference value :  9.72908e-07
 Reference value :  9.74004e-07
 Reference value :  9.74788e-07
 Reference value :  9.76001e-07
 Reference value :  9.76508e-07
 Reference value :  9.77708e-07
 Reference value :  9.78388e-07
 Reference value :  9.79588e-07
 Reference value :  9.80228e-07
 Reference value :  9.80868e-07
 Reference value :  9.81948e-07
 Reference value :  9.82628e-07
 Reference value :  9.83828e-07
 Reference value :  9.84428e-07
 Reference value :  9.85508e-07
 Reference value :  9.86308e-07
 Reference value :  9.87468e-07
 Reference value :  9.88188e-07
 Reference value :  9.88828e-07
 Reference value :  9.90001e-07
 Reference value :  9.90708e-07
 Reference value :  9.91908e-07
 Reference value :  9.92468e-07
 Reference value :  9.93588e-07
 Reference value :  9.94308e-07
 Reference value :  9.95548e-07
 Reference value :  9.96228e-07
 Reference value :  9.96948e-07
 Reference value :  9.98015e-07
 Reference value :  9.98908e-07
 Reference value :  1.00000e-06
 Reference value :  1.00059e-06
 Reference value :  1.00179e-06
 Reference value :  1.00255e-06
 Reference value :  1.00379e-06
 Reference value :  1.00435e-06
 Reference value :  1.00491e-06
 Reference value :  1.00600e-06
 Reference value :  1.00671e-06
 Reference value :  1.00791e-06
 Reference value :  1.00847e-06
 Reference value :  1.00963e-06
 Reference value :  1.01031e-06
 Reference value :  1.01155e-06
 Reference value :  1.01219e-06
 Reference value :  1.01287e-06
 Reference value :  1.01397e-06
 Reference value :  1.01463e-06
 Reference value :  1.01587e-06
 Reference value :  1.01639e-06
 Reference value :  1.01747e-06
 Reference value :  1.01819e-06
 Reference value :  1.01935e-06
 Reference value :  1.02011e-06
 Reference value :  1.02071e-06
 Reference value :  1.02179e-06
 Reference value :  1.02251e-06
 Reference value :  1.02375e-06
 Reference value :  1.02435e-06
 Reference value :  1.02539e-06
 Reference value :  1.02615e-06
 Reference value :  1.02727e-06
 Reference value :  1.02811e-06
 Reference value :  1.02875e-06
 Reference value :  1.02931e-06
 Reference value :  1.03015e-06
 Reference value :  1.03127e-06
 Reference value :  1.03207e-06
 Reference value :  1.03283e-06
 Reference value :  1.03400e-06
 Reference value :  1.03475e-06
 Reference value :  1.03595e-06
 Reference value :  1.03647e-06
 Reference value :  1.03683e-06
 Reference value :  1.03787e-06
 Reference value :  1.03855e-06
 Reference value :  1.03975e-06
 Reference value :  1.04035e-06
 Reference value :  1.04139e-06
 Reference value :  1.04215e-06
 Reference value :  1.04331e-06
 Reference value :  1.04411e-06
 Reference value :  1.04479e-06
 Reference value :  1.04579e-06
 Reference value :  1.04647e-06
 Reference value :  1.04767e-06
 Reference value :  1.04835e-06
 Reference value :  1.04935e-06
 Reference value :  1.05015e-06
 Reference value :  1.05131e-06
 Reference value :  1.05211e-06
 Reference value :  1.05271e-06
 Reference value :  1.05379e-06
 Reference value :  1.05443e-06
 Reference value :  1.05571e-06
 Reference value :  1.05635e-06
 Reference value :  1.05739e-06
 Reference value :  1.05819e-06
 Reference value :  1.05939e-06
 Reference value :  1.06019e-06
 Reference value :  1.06087e-06
 Reference value :  1.06179e-06
 Reference value :  1.06247e-06
 Reference value :  1.06375e-06
 Reference value :  1.06435e-06
 Reference value :  1.06543e-06
 Reference value :  1.06623e-06
 Reference value :  1.06743e-06
 Reference value :  1.06819e-06
 Reference value :  1.06883e-06
 Reference value :  1.06997e-06
 Reference value :  1.07071e-06
 Reference value :  1.07195e-06
 Reference value :  1.07259e-06
 Reference value :  1.07383e-06
 Reference value :  1.07455e-06
 Reference value :  1.07579e-06
 Reference value :  1.07635e-06
 Reference value :  1.07699e-06
 Reference value :  1.07801e-06
 Reference value :  1.07883e-06
 Reference value :  1.08000e-06
 Reference value :  1.08059e-06
 Reference value :  1.08187e-06
 Reference value :  1.08259e-06
 Reference value :  1.08387e-06
 Reference value :  1.08443e-06
 Reference value :  1.08519e-06
 Reference value :  1.08607e-06
 Reference value :  1.08715e-06
 Reference value :  1.08804e-06
 Reference value :  1.08887e-06
 Reference value :  1.09000e-06
 Reference value :  1.09083e-06
 Reference value :  1.09200e-06
 Reference value :  1.09251e-06
 Reference value :  1.09311e-06
 Reference value :  1.09401e-06
 Reference value :  1.09495e-06
 Reference value :  1.09601e-06
 Reference value :  1.09663e-06
 Reference value :  1.09787e-06
 Reference value :  1.09863e-06
 Reference value :  1.09987e-06
 Reference value :  1.10043e-06
 Reference value :  1.10099e-06
 Reference value :  1.10202e-06
 Reference value :  1.10299e-06
 Reference value :  1.10401e-06
 Reference value :  1.10467e-06
 Reference value :  1.10591e-06
 Reference value :  1.10663e-06
 Reference value :  1.10787e-06
 Reference value :  1.10843e-06
 Reference value :  1.10907e-06
 Reference value :  1.11002e-06
 Reference value :  1.11095e-06
 Reference value :  1.11201e-06
 Reference value :  1.11263e-06
 Reference value :  1.11387e-06
 Reference value :  1.11459e-06
 Reference value :  1.11591e-06
 Reference value :  1.11643e-06
 Reference value :  1.11719e-06
 Reference value :  1.11807e-06
 Reference value :  1.11915e-06
 Reference value :  1.12004e-06
 Reference value :  1.12083e-06
 Reference value :  1.12200e-06
 Reference value :  1.12279e-06
 Reference value :  1.12400e-06
 Reference value :  1.12455e-06
 Reference value :  1.12519e-06
 Reference value :  1.12611e-06
 Reference value :  1.12727e-06
 Reference value :  1.12811e-06
 Reference value :  1.12899e-06
 Reference value :  1.13001e-06
 Reference value :  1.13095e-06
 Reference value :  1.13201e-06
 Reference value :  1.13255e-06
 Reference value :  1.13339e-06
 Reference value :  1.13427e-06
 Reference value :  1.13551e-06
 Reference value :  1.13623e-06
 Reference value :  1.13711e-06
 Reference value :  1.13802e-06
 Reference value :  1.13899e-06
 Reference value :  1.14001e-06
 Reference value :  1.14055e-06
 Reference value :  1.14131e-06
 Reference value :  1.14211e-06
 Reference value :  1.14315e-06
 Reference value :  1.14404e-06
 Reference value :  1.14475e-06
 Reference value :  1.14595e-06
 Reference value :  1.14663e-06
 Reference value :  1.14791e-06
 Reference value :  1.14843e-06
 Reference value :  1.14919e-06
 Reference value :  1.15007e-06
 Reference value :  1.15115e-06
 Reference value :  1.15207e-06
 Reference value :  1.15291e-06
 Reference value :  1.15400e-06
 Reference value :  1.15487e-06
 Reference value :  1.15600e-06
 Reference value :  1.15651e-06
 Reference value :  1.15715e-06
 Reference value :  1.15802e-06
 Reference value :  1.15899e-06
 Reference value :  1.16001e-06
 Reference value :  1.16063e-06
 Reference value :  1.16187e-06
 Reference value :  1.16275e-06
 Reference value :  1.16415e-06
 Reference value :  1.16499e-06
 Reference value :  1.16627e-06
 Reference value :  1.16800e-06
 Reference value :  1.16911e-06
 Reference value :  1.17039e-06
 Reference value :  1.17201e-06
 Reference value :  1.17279e-06
 Reference value :  1.17375e-06
 Reference value :  1.17447e-06
 Reference value :  1.17575e-06
 Reference value :  1.17635e-06
 Reference value :  1.17747e-06
 Reference value :  1.17827e-06
 Reference value :  1.17943e-06
 Reference value :  1.18019e-06
 Reference value :  1.18083e-06
 Reference value :  1.18197e-06
 Reference value :  1.18263e-06
 Reference value :  1.18383e-06
 Reference value :  1.18439e-06
 Reference value :  1.18551e-06
 Reference value :  1.18627e-06
 Reference value :  1.18743e-06
 Reference value :  1.18819e-06
 Reference value :  1.18887e-06
 Reference value :  1.18979e-06
 Reference value :  1.19043e-06
 Reference value :  1.19167e-06
 Reference value :  1.19235e-06
 Reference value :  1.19339e-06
 Reference value :  1.19419e-06
 Reference value :  1.19535e-06
 Reference value :  1.19615e-06
 Reference value :  1.19679e-06
 Reference value :  1.19783e-06
 Reference value :  1.19855e-06
 Reference value :  1.19979e-06
 Reference value :  1.20043e-06
 Reference value :  1.20159e-06
 Reference value :  1.20287e-06
 Reference value :  1.20400e-06
 Reference value :  1.20455e-06
 Reference value :  1.20531e-06
 Reference value :  1.20611e-06
 Reference value :  1.20719e-06
 Reference value :  1.20804e-06
 Reference value :  1.20883e-06
 Reference value :  1.21000e-06
 Reference value :  1.21079e-06
 Reference value :  1.21197e-06
 Reference value :  1.21247e-06
 Reference value :  1.21331e-06
 Reference value :  1.21415e-06
 Reference value :  1.21531e-06
 Reference value :  1.21615e-06
 Reference value :  1.21703e-06
 Reference value :  1.21802e-06
 Reference value :  1.21903e-06
 Reference value :  1.22002e-06
 Reference value :  1.22063e-06
 Reference value :  1.22127e-06
 Reference value :  1.22211e-06
 Reference value :  1.22323e-06
 Reference value :  1.22411e-06
 Reference value :  1.22491e-06
 Reference value :  1.22601e-06
 Reference value :  1.22687e-06
 Reference value :  1.22800e-06
 Reference value :  1.22855e-06
 Reference value :  1.22927e-06
 Reference value :  1.23011e-06
 Reference value :  1.23119e-06
 Reference value :  1.23207e-06
 Reference value :  1.23287e-06
 Reference value :  1.23400e-06
 Reference value :  1.23483e-06
 Reference value :  1.23600e-06
 Reference value :  1.23651e-06
 Reference value :  1.23723e-06
 Reference value :  1.23811e-06
 Reference value :  1.23919e-06
 Reference value :  1.24007e-06
 Reference value :  1.24087e-06
 Reference value :  1.24200e-06
 Reference value :  1.24283e-06
 Reference value :  1.24400e-06
 Reference value :  1.24455e-06
 Reference value :  1.24547e-06
 Reference value :  1.24623e-06
 Reference value :  1.24743e-06
 Reference value :  1.24819e-06
 Reference value :  1.24907e-06
 Reference value :  1.25003e-06
 Reference value :  1.25115e-06
 Reference value :  1.25204e-06
 Reference value :  1.25271e-06
 Reference value :  1.25347e-06
 Reference value :  1.25419e-06
 Reference value :  1.25539e-06
 Reference value :  1.25615e-06
 Reference value :  1.25703e-06
 Reference value :  1.25802e-06
 Reference value :  1.25903e-06
 Reference value :  1.26002e-06
 Reference value :  1.26059e-06
 Reference value :  1.26143e-06
 Reference value :  1.26219e-06
 Reference value :  1.26339e-06
 Reference value :  1.26419e-06
 Reference value :  1.26507e-06
 Reference value :  1.26602e-06
 Reference value :  1.26703e-06
 Reference value :  1.26802e-06
 Reference value :  1.26863e-06
 Reference value :  1.26947e-06
 Reference value :  1.27019e-06
 Reference value :  1.27135e-06
 Reference value :  1.27219e-06
 Reference value :  1.27307e-06
 Reference value :  1.27402e-06
 Reference value :  1.27499e-06
 Reference value :  1.27601e-06
 Reference value :  1.27659e-06
 Reference value :  1.27751e-06
 Reference value :  1.27823e-06
 Reference value :  1.27943e-06
 Reference value :  1.28019e-06
 Reference value :  1.28107e-06
 Reference value :  1.28202e-06
 Reference value :  1.28303e-06
 Reference value :  1.28402e-06
 Reference value :  1.28459e-06
 Reference value :  1.28515e-06
 Reference value :  1.28602e-06
 Reference value :  1.28691e-06
 Reference value :  1.28800e-06
 Reference value :  1.28851e-06
 Reference value :  1.28971e-06
 Reference value :  1.29043e-06
 Reference value :  1.29175e-06
 Reference value :  1.29235e-06
 Reference value :  1.29279e-06
 Reference value :  1.29375e-06
 Reference value :  1.29439e-06
 Reference value :  1.29563e-06
 Reference value :  1.29631e-06
 Reference value :  1.29731e-06
 Reference value :  1.29815e-06
 Reference value :  1.29927e-06
 Reference value :  1.30011e-06
 Reference value :  1.30075e-06
 Reference value :  1.30171e-06
 Reference value :  1.30239e-06
 Reference value :  1.30363e-06
 Reference value :  1.30435e-06
 Reference value :  1.30539e-06
 Reference value :  1.30615e-06
 Reference value :  1.30731e-06
 Reference value :  1.30815e-06
 Reference value :  1.30887e-06
 Reference value :  1.31002e-06
 Reference value :  1.31103e-06
 Reference value :  1.31201e-06
 Reference value :  1.31263e-06
 Reference value :  1.31387e-06
 Reference value :  1.31455e-06
 Reference value :  1.31575e-06
 Reference value :  1.31635e-06
 Reference value :  1.31695e-06
 Reference value :  1.31800e-06
 Reference value :  1.31875e-06
 Reference value :  1.31995e-06
 Reference value :  1.32047e-06
 Reference value :  1.32159e-06
 Reference value :  1.32231e-06
 Reference value :  1.32351e-06
 Reference value :  1.32419e-06
 Reference value :  1.32483e-06
 Reference value :  1.32595e-06
 Reference value :  1.32663e-06
 Reference value :  1.32787e-06
 Reference value :  1.32843e-06
 Reference value :  1.32951e-06
 Reference value :  1.33023e-06
 Reference value :  1.33139e-06
 Reference value :  1.33215e-06
 Reference value :  1.33279e-06
 Reference value :  1.33371e-06
 Reference value :  1.33439e-06
 Reference value :  1.33567e-06
 Reference value :  1.33635e-06
 Reference value :  1.33743e-06
 Reference value :  1.33823e-06
 Reference value :  1.33947e-06
 Reference value :  1.34019e-06
 Reference value :  1.34087e-06
 Reference value :  1.34200e-06
 Reference value :  1.34283e-06
 Reference value :  1.34400e-06
 Reference value :  1.34455e-06
 Reference value :  1.34575e-06
 Reference value :  1.34643e-06
 Reference value :  1.34763e-06
 Reference value :  1.34827e-06
 Reference value :  1.34891e-06
 Reference value :  1.34975e-06
 Reference value :  1.35047e-06
 Reference value :  1.35171e-06
 Reference value :  1.35235e-06
 Reference value :  1.35339e-06
 Reference value :  1.35419e-06
 Reference value :  1.35539e-06
 Reference value :  1.35619e-06
 Reference value :  1.35679e-06
 Reference value :  1.35787e-06
 Reference value :  1.35855e-06
 Reference value :  1.35979e-06
 Reference value :  1.36039e-06
 Reference value :  1.36147e-06
 Reference value :  1.36223e-06
 Reference value :  1.36343e-06
 Reference value :  1.36427e-06
 Reference value :  1.36491e-06
 Reference value :  1.36597e-06
 Reference value :  1.36671e-06
 Reference value :  1.36795e-06
 Reference value :  1.36847e-06
 Reference value :  1.36967e-06
 Reference value :  1.37039e-06
 Reference value :  1.37167e-06
 Reference value :  1.37231e-06
 Reference value :  1.37299e-06
 Reference value :  1.37401e-06
 Reference value :  1.37491e-06
 Reference value :  1.37601e-06
 Reference value :  1.37655e-06
 Reference value :  1.37775e-06
 Reference value :  1.37851e-06
 Reference value :  1.37975e-06
 Reference value :  1.38035e-06
 Reference value :  1.38095e-06
 Reference value :  1.38200e-06
 Reference value :  1.38275e-06
 Reference value :  1.38395e-06
 Reference value :  1.38447e-06
 Reference value :  1.38563e-06
 Reference value :  1.38635e-06
 Reference value :  1.38755e-06
 Reference value :  1.38823e-06
 Reference value :  1.38883e-06
 Reference value :  1.38995e-06
 Reference value :  1.39063e-06
 Reference value :  1.39191e-06
 Reference value :  1.39247e-06
 Reference value :  1.39363e-06
 Reference value :  1.39435e-06
 Reference value :  1.39559e-06
 Reference value :  1.39627e-06
 Reference value :  1.39691e-06
 Reference value :  1.39797e-06
 Reference value :  1.39867e-06
 Reference value :  1.39987e-06
 Reference value :  1.40043e-06
 Reference value :  1.40151e-06
 Reference value :  1.40223e-06
 Reference value :  1.40339e-06
 Reference value :  1.40415e-06
 Reference value :  1.40475e-06
 Reference value :  1.40587e-06
 Reference value :  1.40655e-06
 Reference value :  1.40775e-06
 Reference value :  1.40835e-06
 Reference value :  1.40939e-06
 Reference value :  1.41019e-06
 Reference value :  1.41135e-06
 Reference value :  1.41215e-06
 Reference value :  1.41283e-06
 Reference value :  1.41351e-06
 Reference value :  1.41419e-06
 Reference value :  1.41539e-06
 Reference value :  1.41615e-06
 Reference value :  1.41699e-06
 Reference value :  1.41801e-06
 Reference value :  1.41891e-06
 Reference value :  1.42000e-06
 Reference value :  1.42055e-06
 Reference value :  1.42115e-06
 Reference value :  1.42203e-06
 Reference value :  1.42315e-06
 Reference value :  1.42404e-06
 Reference value :  1.42479e-06
 Reference value :  1.42597e-06
 Reference value :  1.42667e-06
 Reference value :  1.42787e-06
 Reference value :  1.42839e-06
 Reference value :  1.42903e-06
 Reference value :  1.43001e-06
 Reference value :  1.43095e-06
 Reference value :  1.43201e-06
 Reference value :  1.43259e-06
 Reference value :  1.43379e-06
 Reference value :  1.43447e-06
 Reference value :  1.43567e-06
 Reference value :  1.43639e-06
 Reference value :  1.43707e-06
 Reference value :  1.43802e-06
 Reference value :  1.43899e-06
 Reference value :  1.44002e-06
 Reference value :  1.44067e-06
 Reference value :  1.44187e-06
 Reference value :  1.44263e-06
 Reference value :  1.44383e-06
 Reference value :  1.44439e-06
 Reference value :  1.44499e-06
 Reference value :  1.44601e-06
 Reference value :  1.44687e-06
 Reference value :  1.44800e-06
 Reference value :  1.44855e-06
 Reference value :  1.44975e-06
 Reference value :  1.45047e-06
 Reference value :  1.45167e-06
 Reference value :  1.45231e-06
 Reference value :  1.45287e-06
 Reference value :  1.45400e-06
 Reference value :  1.45471e-06
 Reference value :  1.45595e-06
 Reference value :  1.45651e-06
 Reference value :  1.45775e-06
 Reference value :  1.45843e-06
 Reference value :  1.45967e-06
 Reference value :  1.46031e-06
 Reference value :  1.46095e-06
 Reference value :  1.46200e-06
 Reference value :  1.46271e-06
 Reference value :  1.46395e-06
 Reference value :  1.46447e-06
 Reference value :  1.46563e-06
 Reference value :  1.46635e-06
 Reference value :  1.46759e-06
 Reference value :  1.46831e-06
 Reference value :  1.46891e-06
 Reference value :  1.47000e-06
 Reference value :  1.47079e-06
 Reference value :  1.47197e-06
 Reference value :  1.47247e-06
 Reference value :  1.47363e-06
 Reference value :  1.47435e-06
 Reference value :  1.47555e-06
 Reference value :  1.47623e-06
 Reference value :  1.47691e-06
 Reference value :  1.47779e-06
 Reference value :  1.47843e-06
 Reference value :  1.47963e-06
 Reference value :  1.48035e-06
 Reference value :  1.48135e-06
 Reference value :  1.48215e-06
 Reference value :  1.48327e-06
 Reference value :  1.48411e-06
 Reference value :  1.48475e-06
 Reference value :  1.48575e-06
 Reference value :  1.48643e-06
 Reference value :  1.48771e-06
 Reference value :  1.48835e-06
 Reference value :  1.48943e-06
 Reference value :  1.49019e-06
 Reference value :  1.49139e-06
 Reference value :  1.49215e-06
 Reference value :  1.49279e-06
 Reference value :  1.49379e-06
 Reference value :  1.49447e-06
 Reference value :  1.49567e-06
 Reference value :  1.49635e-06
 Reference value :  1.49747e-06
 Reference value :  1.49823e-06
 Reference value :  1.49939e-06
 Reference value :  1.50015e-06
 Reference value :  1.50075e-06
 Reference value :  1.50187e-06
 Reference value :  1.50255e-06
 Reference value :  1.50375e-06
 Reference value :  1.50435e-06
 Reference value :  1.50539e-06
 Reference value :  1.50615e-06
 Reference value :  1.50731e-06
 Reference value :  1.50811e-06
 Reference value :  1.50875e-06
 Reference value :  1.50951e-06
 Reference value :  1.51023e-06
 Reference value :  1.51139e-06
 Reference value :  1.51219e-06
 Reference value :  1.51303e-06
 Reference value :  1.51401e-06
 Reference value :  1.51495e-06
 Reference value :  1.51601e-06
 Reference value :  1.51655e-06
 Reference value :  1.51739e-06
 Reference value :  1.51819e-06
 Reference value :  1.51939e-06
 Reference value :  1.52019e-06
 Reference value :  1.52107e-06
 Reference value :  1.52202e-06
 Reference value :  1.52295e-06
 Reference value :  1.52401e-06
 Reference value :  1.52455e-06
 Reference value :  1.52535e-06
 Reference value :  1.52615e-06
 Reference value :  1.52727e-06
 Reference value :  1.52811e-06
 Reference value :  1.52899e-06
 Reference value :  1.53002e-06
 Reference value :  1.53103e-06
 Reference value :  1.53201e-06
 Reference value :  1.53259e-06
 Reference value :  1.53347e-06
 Reference value :  1.53423e-06
 Reference value :  1.53543e-06
 Reference value :  1.53619e-06
 Reference value :  1.53707e-06
 Reference value :  1.53802e-06
 Reference value :  1.53899e-06
 Reference value :  1.54001e-06
 Reference value :  1.54059e-06
 Reference value :  1.54115e-06
 Reference value :  1.54202e-06
 Reference value :  1.54303e-06
 Reference value :  1.54402e-06
 Reference value :  1.54467e-06
 Reference value :  1.54591e-06
 Reference value :  1.54659e-06
 Reference value :  1.54779e-06
 Reference value :  1.54835e-06
 Reference value :  1.54879e-06
 Reference value :  1.54975e-06
 Reference value :  1.55043e-06
 Reference value :  1.55163e-06
 Reference value :  1.55231e-06
 Reference value :  1.55323e-06
 Reference value :  1.55407e-06
 Reference value :  1.55511e-06
 Reference value :  1.55602e-06
 Reference value :  1.55663e-06
 Reference value :  1.55743e-06
 Reference value :  1.55819e-06
 Reference value :  1.55943e-06
 Reference value :  1.56019e-06
 Reference value :  1.56115e-06
 Reference value :  1.56207e-06
 Reference value :  1.56319e-06
 Reference value :  1.56404e-06
 Reference value :  1.56467e-06
 Reference value :  1.56567e-06
 Reference value :  1.56631e-06
 Reference value :  1.56751e-06
 Reference value :  1.56827e-06
 Reference value :  1.56923e-06
 Reference value :  1.57011e-06
 Reference value :  1.57127e-06
 Reference value :  1.57211e-06
 Reference value :  1.57283e-06
 Reference value :  1.57395e-06
 Reference value :  1.57467e-06
 Reference value :  1.57591e-06
 Reference value :  1.57643e-06
 Reference value :  1.57751e-06
 Reference value :  1.57827e-06
 Reference value :  1.57951e-06
 Reference value :  1.58023e-06
 Reference value :  1.58083e-06
 Reference value :  1.58197e-06
 Reference value :  1.58267e-06
 Reference value :  1.58387e-06
 Reference value :  1.58443e-06
 Reference value :  1.58551e-06
 Reference value :  1.58627e-06
 Reference value :  1.58747e-06
 Reference value :  1.58819e-06
 Reference value :  1.58887e-06
 Reference value :  1.58997e-06
 Reference value :  1.59071e-06
 Reference value :  1.59200e-06
 Reference value :  1.59255e-06
 Reference value :  1.59383e-06
 Reference value :  1.59463e-06
 Reference value :  1.59591e-06
 Reference value :  1.59651e-06
 Reference value :  1.59739e-06
 Reference value :  1.59823e-06
 Reference value :  1.59951e-06
 Reference value :  1.60031e-06
 Reference value :  1.60135e-06
 Reference value :  1.60219e-06
 Reference value :  1.60335e-06
 Reference value :  1.60415e-06
 Reference value :  1.60487e-06
 Reference value :  1.60575e-06
 Reference value :  1.60651e-06
 Reference value :  1.60783e-06
 Reference value :  1.60843e-06
 Reference value :  1.60959e-06
 Reference value :  1.61043e-06
 Reference value :  1.61175e-06
 Reference value :  1.61235e-06
 Reference value :  1.61287e-06
 Reference value :  1.61400e-06
 Reference value :  1.61467e-06
 Reference value :  1.61591e-06
 Reference value :  1.61647e-06
 Reference value :  1.61767e-06
 Reference value :  1.61839e-06
 Reference value :  1.61979e-06
 Reference value :  1.62047e-06
 Reference value :  1.62111e-06
 Reference value :  1.62202e-06
 Reference value :  1.62295e-06
 Reference value :  1.62401e-06
 Reference value :  1.62463e-06
 Reference value :  1.62583e-06
 Reference value :  1.62655e-06
 Reference value :  1.62779e-06
 Reference value :  1.62835e-06
 Reference value :  1.62907e-06
 Reference value :  1.63002e-06
 Reference value :  1.63095e-06
 Reference value :  1.63201e-06
 Reference value :  1.63263e-06
 Reference value :  1.63391e-06
 Reference value :  1.63467e-06
 Reference value :  1.63591e-06
 Reference value :  1.63643e-06
 Reference value :  1.63699e-06
 Reference value :  1.63801e-06
 Reference value :  1.63883e-06
 Reference value :  1.64000e-06
 Reference value :  1.64051e-06
 Reference value :  1.64167e-06
 Reference value :  1.64239e-06
 Reference value :  1.64359e-06
 Reference value :  1.64431e-06
 Reference value :  1.64487e-06
 Reference value :  1.64600e-06
 Reference value :  1.64671e-06
 Reference value :  1.64795e-06
 Reference value :  1.64847e-06
 Reference value :  1.64967e-06
 Reference value :  1.65043e-06
 Reference value :  1.65167e-06
 Reference value :  1.65235e-06
 Reference value :  1.65307e-06
 Reference value :  1.65403e-06
 Reference value :  1.65507e-06
 Reference value :  1.65603e-06
 Reference value :  1.65679e-06
 Reference value :  1.65800e-06
 Reference value :  1.65887e-06
 Reference value :  1.66000e-06
 Reference value :  1.66059e-06
 Reference value :  1.66155e-06
 Reference value :  1.66231e-06
 Reference value :  1.66367e-06
 Reference value :  1.66435e-06
 Reference value :  1.66543e-06
 Reference value :  1.66619e-06
 Reference value :  1.66743e-06
 Reference value :  1.66819e-06
 Reference value :  1.66891e-06
 Reference value :  1.66971e-06
 Reference value :  1.67039e-06
 Reference value :  1.67175e-06
 Reference value :  1.67239e-06
 Reference value :  1.67359e-06
 Reference value :  1.67435e-06
 Reference value :  1.67559e-06
 Reference value :  1.67623e-06
 Reference value :  1.67675e-06
 Reference value :  1.67783e-06
 Reference value :  1.67859e-06
 Reference value :  1.67979e-06
 Reference value :  1.68039e-06
 Reference value :  1.68143e-06
 Reference value :  1.68219e-06
 Reference value :  1.68335e-06
 Reference value :  1.68411e-06
 Reference value :  1.68475e-06
 Reference value :  1.68567e-06
 Reference value :  1.68635e-06
 Reference value :  1.68755e-06
 Reference value :  1.68827e-06
 Reference value :  1.68915e-06
 Reference value :  1.69004e-06
 Reference value :  1.69107e-06
 Reference value :  1.69202e-06
 Reference value :  1.69263e-06
 Reference value :  1.69359e-06
 Reference value :  1.69427e-06
 Reference value :  1.69551e-06
 Reference value :  1.69623e-06
 Reference value :  1.69711e-06
 Reference value :  1.69802e-06
 Reference value :  1.69899e-06
 Reference value :  1.70001e-06
 Reference value :  1.70055e-06
 Reference value :  1.70119e-06
 Reference value :  1.70204e-06
 Reference value :  1.70307e-06
 Reference value :  1.70402e-06
 Reference value :  1.70495e-06
 Reference value :  1.70601e-06
 Reference value :  1.70683e-06
 Reference value :  1.70800e-06
 Reference value :  1.70847e-06
 Reference value :  1.70911e-06
 Reference value :  1.71002e-06
 Reference value :  1.71119e-06
 Reference value :  1.71207e-06
 Reference value :  1.71283e-06
 Reference value :  1.71400e-06
 Reference value :  1.71479e-06
 Reference value :  1.71597e-06
 Reference value :  1.71647e-06
 Reference value :  1.71719e-06
 Reference value :  1.71804e-06
 Reference value :  1.71903e-06
 Reference value :  1.72001e-06
 Reference value :  1.72063e-06
 Reference value :  1.72183e-06
 Reference value :  1.72251e-06
 Reference value :  1.72371e-06
 Reference value :  1.72431e-06
 Reference value :  1.72495e-06
 Reference value :  1.72601e-06
 Reference value :  1.72695e-06
 Reference value :  1.72801e-06
 Reference value :  1.72855e-06
 Reference value :  1.72971e-06
 Reference value :  1.73039e-06
 Reference value :  1.73159e-06
 Reference value :  1.73223e-06
 Reference value :  1.73287e-06
 Reference value :  1.73371e-06
 Reference value :  1.73435e-06
 Reference value :  1.73555e-06
 Reference value :  1.73623e-06
 Reference value :  1.73715e-06
 Reference value :  1.73804e-06
 Reference value :  1.73907e-06
 Reference value :  1.74002e-06
 Reference value :  1.74059e-06
 Reference value :  1.74127e-06
 Reference value :  1.74211e-06
 Reference value :  1.74315e-06
 Reference value :  1.74403e-06
 Reference value :  1.74471e-06
 Reference value :  1.74591e-06
 Reference value :  1.74659e-06
 Reference value :  1.74779e-06
 Reference value :  1.74835e-06
 Reference value :  1.74903e-06
 Reference value :  1.75001e-06
 Reference value :  1.75087e-06
 Reference value :  1.75201e-06
 Reference value :  1.75259e-06
 Reference value :  1.75379e-06
 Reference value :  1.75447e-06
 Reference value :  1.75567e-06
 Reference value :  1.75627e-06
 Reference value :  1.75691e-06
 Reference value :  1.75800e-06
 Reference value :  1.75883e-06
 Reference value :  1.76000e-06
 Reference value :  1.76047e-06
 Reference value :  1.76163e-06
 Reference value :  1.76231e-06
 Reference value :  1.76355e-06
 Reference value :  1.76423e-06
 Reference value :  1.76487e-06
 Reference value :  1.76575e-06
 Reference value :  1.76639e-06
 Reference value :  1.76759e-06
 Reference value :  1.76827e-06
 Reference value :  1.76915e-06
 Reference value :  1.77004e-06
 Reference value :  1.77111e-06
 Reference value :  1.77202e-06
 Reference value :  1.77259e-06
 Reference value :  1.77339e-06
 Reference value :  1.77419e-06
 Reference value :  1.77535e-06
 Reference value :  1.77615e-06
 Reference value :  1.77707e-06
 Reference value :  1.77802e-06
 Reference value :  1.77895e-06
 Reference value :  1.78001e-06
 Reference value :  1.78055e-06
 Reference value :  1.78131e-06
 Reference value :  1.78211e-06
 Reference value :  1.78319e-06
 Reference value :  1.78407e-06
 Reference value :  1.78491e-06
 Reference value :  1.78600e-06
 Reference value :  1.78679e-06
 Reference value :  1.78800e-06
 Reference value :  1.78851e-06
 Reference value :  1.78939e-06
 Reference value :  1.79019e-06
 Reference value :  1.79139e-06
 Reference value :  1.79215e-06
 Reference value :  1.79299e-06
 Reference value :  1.79401e-06
 Reference value :  1.79491e-06
 Reference value :  1.79601e-06
 Reference value :  1.79655e-06
 Reference value :  1.79715e-06
 Reference value :  1.79802e-06
 Reference value :  1.79899e-06
 Reference value :  1.80001e-06
 Reference value :  1.80063e-06
 Reference value :  1.80183e-06
 Reference value :  1.80255e-06
 Reference value :  1.80379e-06
 Reference value :  1.80435e-06
 Reference value :  1.80479e-06
 Reference value :  1.80575e-06
 Reference value :  1.80639e-06
 Reference value :  1.80759e-06
 Reference value :  1.80827e-06
 Reference value :  1.80915e-06
 Reference value :  1.81003e-06
 Reference value :  1.81103e-06
 Reference value :  1.81201e-06
 Reference value :  1.81259e-06
 Reference value :  1.81331e-06
 Reference value :  1.81411e-06
 Reference value :  1.81519e-06
 Reference value :  1.81607e-06
 Reference value :  1.81683e-06
 Reference value :  1.81800e-06
 Reference value :  1.81879e-06
 Reference value :  1.82000e-06
 Reference value :  1.82047e-06
 Reference value :  1.82123e-06
 Reference value :  1.82207e-06
 Reference value :  1.82307e-06
 Reference value :  1.82402e-06
 Reference value :  1.82467e-06
 Reference value :  1.82591e-06
 Reference value :  1.82659e-06
 Reference value :  1.82779e-06
 Reference value :  1.82835e-06
 Reference value :  1.82895e-06
 Reference value :  1.83000e-06
 Reference value :  1.83067e-06
 Reference value :  1.83187e-06
 Reference value :  1.83243e-06
 Reference value :  1.83355e-06
 Reference value :  1.83427e-06
 Reference value :  1.83547e-06
 Reference value :  1.83619e-06
 Reference value :  1.83683e-06
 Reference value :  1.83797e-06
 Reference value :  1.83863e-06
 Reference value :  1.83987e-06
 Reference value :  1.84043e-06
 Reference value :  1.84155e-06
 Reference value :  1.84227e-06
 Reference value :  1.84347e-06
 Reference value :  1.84419e-06
 Reference value :  1.84483e-06
 Reference value :  1.84575e-06
 Reference value :  1.84643e-06
 Reference value :  1.84779e-06
 Reference value :  1.84843e-06
 Reference value :  1.84955e-06
 Reference value :  1.85027e-06
 Reference value :  1.85147e-06
 Reference value :  1.85223e-06
 Reference value :  1.85287e-06
 Reference value :  1.85400e-06
 Reference value :  1.85475e-06
 Reference value :  1.85591e-06
 Reference value :  1.85643e-06
 Reference value :  1.85755e-06
 Reference value :  1.85827e-06
 Reference value :  1.85943e-06
 Reference value :  1.86019e-06
 Reference value :  1.86087e-06
 Reference value :  1.86163e-06
 Reference value :  1.86231e-06
 Reference value :  1.86351e-06
 Reference value :  1.86423e-06
 Reference value :  1.86507e-06
 Reference value :  1.86602e-06
 Reference value :  1.86695e-06
 Reference value :  1.86801e-06
 Reference value :  1.86855e-06
 Reference value :  1.86923e-06
 Reference value :  1.87007e-06
 Reference value :  1.87111e-06
 Reference value :  1.87202e-06
 Reference value :  1.87271e-06
 Reference value :  1.87391e-06
 Reference value :  1.87459e-06
 Reference value :  1.87575e-06
 Reference value :  1.87635e-06
 Reference value :  1.87699e-06
 Reference value :  1.87801e-06
 Reference value :  1.87879e-06
 Reference value :  1.87997e-06
 Reference value :  1.88051e-06
 Reference value :  1.88171e-06
 Reference value :  1.88243e-06
 Reference value :  1.88367e-06
 Reference value :  1.88427e-06
 Reference value :  1.88491e-06
 Reference value :  1.88600e-06
 Reference value :  1.88683e-06
 Reference value :  1.88800e-06
 Reference value :  1.88851e-06
 Reference value :  1.88967e-06
 Reference value :  1.89035e-06
 Reference value :  1.89155e-06
 Reference value :  1.89219e-06
 Reference value :  1.89287e-06
 Reference value :  1.89379e-06
 Reference value :  1.89443e-06
 Reference value :  1.89567e-06
 Reference value :  1.89635e-06
 Reference value :  1.89735e-06
 Reference value :  1.89815e-06
 Reference value :  1.89923e-06
 Reference value :  1.90007e-06
 Reference value :  1.90067e-06
 Reference value :  1.90159e-06
 Reference value :  1.90227e-06
 Reference value :  1.90347e-06
 Reference value :  1.90419e-06
 Reference value :  1.90507e-06
 Reference value :  1.90602e-06
 Reference value :  1.90695e-06
 Reference value :  1.90801e-06
 Reference value :  1.90855e-06
 Reference value :  1.90931e-06
 Reference value :  1.91011e-06
 Reference value :  1.91115e-06
 Reference value :  1.91203e-06
 Reference value :  1.91275e-06
 Reference value :  1.91395e-06
 Reference value :  1.91463e-06
 Reference value :  1.91583e-06
 Reference value :  1.91639e-06
 Reference value :  1.91715e-06
 Reference value :  1.91803e-06
 Reference value :  1.91903e-06
 Reference value :  1.92003e-06
 Reference value :  1.92075e-06
 Reference value :  1.92195e-06
 Reference value :  1.92263e-06
 Reference value :  1.92387e-06
 Reference value :  1.92443e-06
 Reference value :  1.92503e-06
 Reference value :  1.92600e-06
 Reference value :  1.92671e-06
 Reference value :  1.92791e-06
 Reference value :  1.92847e-06
 Reference value :  1.92963e-06
 Reference value :  1.93035e-06
 Reference value :  1.93163e-06
 Reference value :  1.93227e-06
 Reference value :  1.93279e-06
 Reference value :  1.93387e-06
 Reference value :  1.93451e-06
 Reference value :  1.93575e-06
 Reference value :  1.93635e-06
 Reference value :  1.93739e-06
 Reference value :  1.93815e-06
 Reference value :  1.93927e-06
 Reference value :  1.94007e-06
 Reference value :  1.94071e-06
 Reference value :  1.94163e-06
 Reference value :  1.94227e-06
 Reference value :  1.94347e-06
 Reference value :  1.94423e-06
 Reference value :  1.94515e-06
 Reference value :  1.94603e-06
 Reference value :  1.94707e-06
 Reference value :  1.94802e-06
 Reference value :  1.94863e-06
 Reference value :  1.94947e-06
 Reference value :  1.95027e-06
 Reference value :  1.95159e-06
 Reference value :  1.95231e-06
 Reference value :  1.95323e-06
 Reference value :  1.95404e-06
 Reference value :  1.95507e-06
 Reference value :  1.95603e-06
 Reference value :  1.95667e-06
 Reference value :  1.95747e-06
 Reference value :  1.95819e-06
 Reference value :  1.95939e-06
 Reference value :  1.96015e-06
 Reference value :  1.96099e-06
 Reference value :  1.96201e-06
 Reference value :  1.96287e-06
 Reference value :  1.96400e-06
 Reference value :  1.96451e-06
 Reference value :  1.96519e-06
 Reference value :  1.96604e-06
 Reference value :  1.96707e-06
 Reference value :  1.96802e-06
 Reference value :  1.96867e-06
 Reference value :  1.96987e-06
 Reference value :  1.97055e-06
 Reference value :  1.97179e-06
 Reference value :  1.97235e-06
 Reference value :  1.97303e-06
 Reference value :  1.97401e-06
 Reference value :  1.97487e-06
 Reference value :  1.97600e-06
 Reference value :  1.97651e-06
 Reference value :  1.97767e-06
 Reference value :  1.97839e-06
 Reference value :  1.97959e-06
 Reference value :  1.98023e-06
 Reference value :  1.98087e-06
 Reference value :  1.98200e-06
 Reference value :  1.98267e-06
 Reference value :  1.98387e-06
 Reference value :  1.98443e-06
 Reference value :  1.98547e-06
 Reference value :  1.98619e-06
 Reference value :  1.98735e-06
 Reference value :  1.98815e-06
 Reference value :  1.98879e-06
 Reference value :  1.98939e-06
 Reference value :  1.99015e-06
 Reference value :  1.99135e-06
 Reference value :  1.99215e-06
 Reference value :  1.99299e-06
 Reference value :  1.99401e-06
 Reference value :  1.99487e-06
 Reference value :  1.99600e-06
 Reference value :  1.99651e-06
 Reference value :  1.99715e-06
 Reference value :  1.99803e-06
 Reference value :  1.99899e-06
 Reference value :  2.00001e-06
 Reference value :  2.00079e-06
 Reference value :  2.00200e-06
 Reference value :  2.00291e-06
 Reference value :  2.00411e-06
 Reference value :  2.00499e-06
 Reference value :  2.00602e-06
 Reference value :  2.00699e-06
 Reference value :  2.00801e-06
 Reference value :  2.00863e-06
 Reference value :  2.00995e-06
 Reference value :  2.01067e-06
 Reference value :  2.01191e-06
 Reference value :  2.01243e-06
 Reference value :  2.01311e-06
 Reference value :  2.01403e-06
 Reference value :  2.01503e-06
 Reference value :  2.01602e-06
 Reference value :  2.01679e-06
 Reference value :  2.01800e-06
 Reference value :  2.01871e-06
 Reference value :  2.01991e-06
 Reference value :  2.02043e-06
 Reference value :  2.02099e-06
 Reference value :  2.02200e-06
 Reference value :  2.02267e-06
 Reference value :  2.02383e-06
 Reference value :  2.02435e-06
 Reference value :  2.02531e-06
 Reference value :  2.02611e-06
 Reference value :  2.02715e-06
 Reference value :  2.02803e-06
 Reference value :  2.02863e-06
 Reference value :  2.02951e-06
 Reference value :  2.03019e-06
 Reference value :  2.03135e-06
 Reference value :  2.03215e-06
 Reference value :  2.03299e-06
 Reference value :  2.03401e-06
 Reference value :  2.03487e-06
 Reference value :  2.03600e-06
 Reference value :  2.03651e-06
 Reference value :  2.03727e-06
 Reference value :  2.03811e-06
 Reference value :  2.03915e-06
 Reference value :  2.04004e-06
 Reference value :  2.04079e-06
 Reference value :  2.04195e-06
 Reference value :  2.04263e-06
 Reference value :  2.04383e-06
 Reference value :  2.04439e-06
 Reference value :  2.04495e-06
 Reference value :  2.04601e-06
 Reference value :  2.04679e-06
 Reference value :  2.04797e-06
 Reference value :  2.04847e-06
 Reference value :  2.04963e-06
 Reference value :  2.05031e-06
 Reference value :  2.05147e-06
 Reference value :  2.05219e-06
 Reference value :  2.05287e-06
 Reference value :  2.05351e-06
 Reference value :  2.05419e-06
 Reference value :  2.05535e-06
 Reference value :  2.05619e-06
 Reference value :  2.05719e-06
 Reference value :  2.05803e-06
 Reference value :  2.05919e-06
 Reference value :  2.06011e-06
 Reference value :  2.06063e-06
 Reference value :  2.06119e-06
 Reference value :  2.06204e-06
 Reference value :  2.06307e-06
 Reference value :  2.06402e-06
 Reference value :  2.06463e-06
 Reference value :  2.06583e-06
 Reference value :  2.06647e-06
 Reference value :  2.06763e-06
 Reference value :  2.06823e-06
 Reference value :  2.06883e-06
 Reference value :  2.06975e-06
 Reference value :  2.07035e-06
 Reference value :  2.07155e-06
 Reference value :  2.07227e-06
 Reference value :  2.07319e-06
 Reference value :  2.07403e-06
 Reference value :  2.07503e-06
 Reference value :  2.07601e-06
 Reference value :  2.07655e-06
 Reference value :  2.07739e-06
 Reference value :  2.07815e-06
 Reference value :  2.07919e-06
 Reference value :  2.08003e-06
 Reference value :  2.08071e-06
 Reference value :  2.08195e-06
 Reference value :  2.08259e-06
 Reference value :  2.08379e-06
 Reference value :  2.08435e-06
 Reference value :  2.08499e-06
 Reference value :  2.08601e-06
 Reference value :  2.08675e-06
 Reference value :  2.08787e-06
 Reference value :  2.08839e-06
 Reference value :  2.08939e-06
 Reference value :  2.09015e-06
 Reference value :  2.09119e-06
 Reference value :  2.09202e-06
 Reference value :  2.09251e-06
 Reference value :  2.09315e-06
 Reference value :  2.09402e-06
 Reference value :  2.09503e-06
 Reference value :  2.09601e-06
 Reference value :  2.09659e-06
 Reference value :  2.09783e-06
 Reference value :  2.09847e-06
 Reference value :  2.09963e-06
 Reference value :  2.10027e-06
 Reference value :  2.10095e-06
 Reference value :  2.10200e-06
 Reference value :  2.10271e-06
 Reference value :  2.10395e-06
 Reference value :  2.10447e-06
 Reference value :  2.10563e-06
 Reference value :  2.10635e-06
 Reference value :  2.10755e-06
 Reference value :  2.10823e-06
 Reference value :  2.10883e-06
 Reference value :  2.10997e-06
 Reference value :  2.11063e-06
 Reference value :  2.11171e-06
 Reference value :  2.11223e-06
 Reference value :  2.11295e-06
 Reference value :  2.11397e-06
 Reference value :  2.11447e-06
 Reference value :  2.11547e-06
 Reference value :  2.11607e-06
 Reference value :  2.11659e-06
 Reference value :  2.11711e-06
 Reference value :  2.11800e-06
 Reference value :  2.11871e-06
 Reference value :  2.11995e-06
 Reference value :  2.12043e-06
 Reference value :  2.12147e-06
 Reference value :  2.12219e-06
 Reference value :  2.12335e-06
 Reference value :  2.12411e-06
 Reference value :  2.12471e-06
 Reference value :  2.12567e-06
 Reference value :  2.12643e-06
 Reference value :  2.12763e-06
 Reference value :  2.12831e-06
 Reference value :  2.12923e-06
 Reference value :  2.13007e-06
 Reference value :  2.13111e-06
 Reference value :  2.13202e-06
 Reference value :  2.13263e-06
 Reference value :  2.13343e-06
 Reference value :  2.13419e-06
 Reference value :  2.13531e-06
 Reference value :  2.13611e-06
 Reference value :  2.13699e-06
 Reference value :  2.13797e-06
 Reference value :  2.13843e-06
 Reference value :  2.13939e-06
 Reference value :  2.14007e-06
 Reference value :  2.14067e-06
 Reference value :  2.14131e-06
 Reference value :  2.14202e-06
 Reference value :  2.14275e-06
 Reference value :  2.14371e-06
 Reference value :  2.14423e-06
 Reference value :  2.14491e-06
 Reference value :  2.14587e-06
 Reference value :  2.14635e-06
 Reference value :  2.14735e-06
 Reference value :  2.14803e-06
 Reference value :  2.14855e-06
 Reference value :  2.14919e-06
 Reference value :  2.15007e-06
 Reference value :  2.15111e-06
 Reference value :  2.15204e-06
 Reference value :  2.15283e-06
 Reference value :  2.15400e-06
 Reference value :  2.15471e-06
 Reference value :  2.15591e-06
 Reference value :  2.15647e-06
 Reference value :  2.15715e-06
 Reference value :  2.15804e-06
 Reference value :  2.15915e-06
 Reference value :  2.16004e-06
 Reference value :  2.16083e-06
 Reference value :  2.16200e-06
 Reference value :  2.16279e-06
 Reference value :  2.16397e-06
 Reference value :  2.16447e-06
 Reference value :  2.16523e-06
 Reference value :  2.16607e-06
 Reference value :  2.16711e-06
 Reference value :  2.16804e-06
 Reference value :  2.16879e-06
 Reference value :  2.17000e-06
 Reference value :  2.17075e-06
 Reference value :  2.17197e-06
 Reference value :  2.17247e-06
 Reference value :  2.17323e-06
 Reference value :  2.17407e-06
 Reference value :  2.17515e-06
 Reference value :  2.17604e-06
 Reference value :  2.17683e-06
 Reference value :  2.17800e-06
 Reference value :  2.17879e-06
 Reference value :  2.18000e-06
 Reference value :  2.18051e-06
 Reference value :  2.18111e-06
 Reference value :  2.18200e-06
 Reference value :  2.18279e-06
 Reference value :  2.18397e-06
 Reference value :  2.18451e-06
 Reference value :  2.18571e-06
 Reference value :  2.18643e-06
 Reference value :  2.18763e-06
 Reference value :  2.18831e-06
 Reference value :  2.18883e-06
 Reference value :  2.18987e-06
 Reference value :  2.19051e-06
 Reference value :  2.19175e-06
 Reference value :  2.19235e-06
 Reference value :  2.19327e-06
 Reference value :  2.19401e-06
 Reference value :  2.19471e-06
 Reference value :  2.19571e-06
 Reference value :  2.19619e-06
 Reference value :  2.19683e-06
 Reference value :  2.19763e-06
 Reference value :  2.19819e-06
 Reference value :  2.19915e-06
 Reference value :  2.20001e-06
 Reference value :  2.20047e-06
 Reference value :  2.20139e-06
 Reference value :  2.20203e-06
 Reference value :  2.20283e-06
 Reference value :  2.20379e-06
 Reference value :  2.20423e-06
 Reference value :  2.20475e-06
 Reference value :  2.20567e-06
 Reference value :  2.20619e-06
 Reference value :  2.20715e-06
 Reference value :  2.20801e-06
 Reference value :  2.20847e-06
 Reference value :  2.20939e-06
 Reference value :  2.21004e-06
 Reference value :  2.21103e-06
 Reference value :  2.21200e-06
 Reference value :  2.21239e-06
 Reference value :  2.21287e-06
 Reference value :  2.21355e-06
 Reference value :  2.21415e-06
 Reference value :  2.21503e-06
 Reference value :  2.21600e-06
 Reference value :  2.21643e-06
 Reference value :  2.21727e-06
 Reference value :  2.21802e-06
 Reference value :  2.21875e-06
 Reference value :  2.21971e-06
 Reference value :  2.22023e-06
 Reference value :  2.22083e-06
 Reference value :  2.22195e-06
 Reference value :  2.22271e-06
 Reference value :  2.22395e-06
 Reference value :  2.22439e-06
 Reference value :  2.22519e-06
 Reference value :  2.22611e-06
 Reference value :  2.22723e-06
 Reference value :  2.22807e-06
 Reference value :  2.22871e-06
 Reference value :  2.22959e-06
 Reference value :  2.23027e-06
 Reference value :  2.23147e-06
 Reference value :  2.23223e-06
 Reference value :  2.23315e-06
 Reference value :  2.23403e-06
 Reference value :  2.23507e-06
 Reference value :  2.23603e-06
 Reference value :  2.23667e-06
 Reference value :  2.23763e-06
 Reference value :  2.23835e-06
 Reference value :  2.23955e-06
 Reference value :  2.24027e-06
 Reference value :  2.24123e-06
 Reference value :  2.24211e-06
 Reference value :  2.24319e-06
 Reference value :  2.24407e-06
 Reference value :  2.24471e-06
 Reference value :  2.24527e-06
 Reference value :  2.24607e-06
 Reference value :  2.24711e-06
 Reference value :  2.24804e-06
 Reference value :  2.24883e-06
 Reference value :  2.24979e-06
 Reference value :  2.25027e-06
 Reference value :  2.25123e-06
 Reference value :  2.25201e-06
 Reference value :  2.25247e-06
 Reference value :  2.25291e-06
 Reference value :  2.25400e-06
 Reference value :  2.25451e-06
 Reference value :  2.25547e-06
 Reference value :  2.25607e-06
 Reference value :  2.25667e-06
 Reference value :  2.25767e-06
 Reference value :  2.25827e-06
 Reference value :  2.25923e-06
 Reference value :  2.26001e-06
 Reference value :  2.26047e-06
 Reference value :  2.26099e-06
 Reference value :  2.26191e-06
 Reference value :  2.26235e-06
 Reference value :  2.26335e-06
 Reference value :  2.26404e-06
 Reference value :  2.26463e-06
 Reference value :  2.26563e-06
 Reference value :  2.26615e-06
 Reference value :  2.26703e-06
 Reference value :  2.26797e-06
 Reference value :  2.26835e-06
 Reference value :  2.26891e-06
 Reference value :  2.26983e-06
 Reference value :  2.27031e-06
 Reference value :  2.27131e-06
 Reference value :  2.27202e-06
 Reference value :  2.27251e-06
 Reference value :  2.27351e-06
 Reference value :  2.27411e-06
 Reference value :  2.27499e-06
 Reference value :  2.27597e-06
 Reference value :  2.27635e-06
 Reference value :  2.27691e-06
 Reference value :  2.27767e-06
 Reference value :  2.27819e-06
 Reference value :  2.27919e-06
 Reference value :  2.28002e-06
 Reference value :  2.28091e-06
 Reference value :  2.28200e-06
 Reference value :  2.28255e-06
 Reference value :  2.28355e-06
 Reference value :  2.28411e-06
 Reference value :  2.28463e-06
 Reference value :  2.28527e-06
 Reference value :  2.28602e-06
 Reference value :  2.28695e-06
 Reference value :  2.28795e-06
 Reference value :  2.28835e-06
 Reference value :  2.28919e-06
 Reference value :  2.29007e-06
 Reference value :  2.29099e-06
 Reference value :  2.29195e-06
 Reference value :  2.29231e-06
 Reference value :  2.29291e-06
 Reference value :  2.29391e-06
 Reference value :  2.29463e-06
 Reference value :  2.29579e-06
 Reference value :  2.29639e-06
 Reference value :  2.29771e-06
 Reference value :  2.29839e-06
 Reference value :  2.29955e-06
 Reference value :  2.30019e-06
 Reference value :  2.30075e-06
 Reference value :  2.30187e-06
 Reference value :  2.30255e-06
 Reference value :  2.30375e-06
 Reference value :  2.30439e-06
 Reference value :  2.30547e-06
 Reference value :  2.30623e-06
 Reference value :  2.30739e-06
 Reference value :  2.30815e-06
 Reference value :  2.30883e-06
 Reference value :  2.30939e-06
 Reference value :  2.31015e-06
 Reference value :  2.31127e-06
 Reference value :  2.31211e-06
 Reference value :  2.31291e-06
 Reference value :  2.31400e-06
 Reference value :  2.31479e-06
 Reference value :  2.31595e-06
 Reference value :  2.31643e-06
 Reference value :  2.31683e-06
 Reference value :  2.31783e-06
 Reference value :  2.31843e-06
 Reference value :  2.31959e-06
 Reference value :  2.32019e-06
 Reference value :  2.32095e-06
 Reference value :  2.32195e-06
 Reference value :  2.32251e-06
 Reference value :  2.32351e-06
 Reference value :  2.32411e-06
 Reference value :  2.32471e-06
 Reference value :  2.32543e-06
 Reference value :  2.32607e-06
 Reference value :  2.32711e-06
 Reference value :  2.32801e-06
 Reference value :  2.32851e-06
 Reference value :  2.32963e-06
 Reference value :  2.33035e-06
 Reference value :  2.33155e-06
 Reference value :  2.33223e-06
 Reference value :  2.33287e-06
 Reference value :  2.33395e-06
 Reference value :  2.33463e-06
 Reference value :  2.33587e-06
 Reference value :  2.33643e-06
 Reference value :  2.33747e-06
 Reference value :  2.33819e-06
 Reference value :  2.33927e-06
 Reference value :  2.34001e-06
 Reference value :  2.34051e-06
 Reference value :  2.34103e-06
 Reference value :  2.34195e-06
 Reference value :  2.34239e-06
 Reference value :  2.34339e-06
 Reference value :  2.34407e-06
 Reference value :  2.34463e-06
 Reference value :  2.34563e-06
 Reference value :  2.34619e-06
 Reference value :  2.34711e-06
 Reference value :  2.34800e-06
 Reference value :  2.34843e-06
 Reference value :  2.34891e-06
 Reference value :  2.34987e-06
 Reference value :  2.35031e-06
 Reference value :  2.35131e-06
 Reference value :  2.35202e-06
 Reference value :  2.35251e-06
 Reference value :  2.35347e-06
 Reference value :  2.35411e-06
 Reference value :  2.35499e-06
 Reference value :  2.35600e-06
 Reference value :  2.35651e-06
 Reference value :  2.35707e-06
 Reference value :  2.35800e-06
 Reference value :  2.35859e-06
 Reference value :  2.35959e-06
 Reference value :  2.36027e-06
 Reference value :  2.36099e-06
 Reference value :  2.36197e-06
 Reference value :  2.36247e-06
 Reference value :  2.36351e-06
 Reference value :  2.36411e-06
 Reference value :  2.36463e-06
 Reference value :  2.36543e-06
 Reference value :  2.36607e-06
 Reference value :  2.36707e-06
 Reference value :  2.36800e-06
 Reference value :  2.36847e-06
 Reference value :  2.36943e-06
 Reference value :  2.37011e-06
 Reference value :  2.37099e-06
 Reference value :  2.37197e-06
 Reference value :  2.37239e-06
 Reference value :  2.37295e-06
 Reference value :  2.37359e-06
 Reference value :  2.37419e-06
 Reference value :  2.37511e-06
 Reference value :  2.37601e-06
 Reference value :  2.37647e-06
 Reference value :  2.37739e-06
 Reference value :  2.37807e-06
 Reference value :  2.37895e-06
 Reference value :  2.37997e-06
 Reference value :  2.38039e-06
 Reference value :  2.38083e-06
 Reference value :  2.38179e-06
 Reference value :  2.38227e-06
 Reference value :  2.38327e-06
 Reference value :  2.38402e-06
 Reference value :  2.38455e-06
 Reference value :  2.38555e-06
 Reference value :  2.38615e-06
 Reference value :  2.38707e-06
 Reference value :  2.38800e-06
 Reference value :  2.38843e-06
 Reference value :  2.38903e-06
 Reference value :  2.39000e-06
 Reference value :  2.39067e-06
 Reference value :  2.39191e-06
 Reference value :  2.39235e-06
 Reference value :  2.39319e-06
 Reference value :  2.39401e-06
 Reference value :  2.39475e-06
 Reference value :  2.39595e-06
 Reference value :  2.39635e-06
 Reference value :  2.39691e-06
 Reference value :  2.39791e-06
 Reference value :  2.39839e-06
 Reference value :  2.39939e-06
 Reference value :  2.40007e-06
 Reference value :  2.40071e-06
 Reference value :  2.40171e-06
 Reference value :  2.40231e-06
 Reference value :  2.40331e-06
 Reference value :  2.40404e-06
 Reference value :  2.40463e-06
 Reference value :  2.40515e-06
 Reference value :  2.40600e-06
 Reference value :  2.40663e-06
 Reference value :  2.40763e-06
 Reference value :  2.40827e-06
 Reference value :  2.40911e-06
 Reference value :  2.41002e-06
 Reference value :  2.41079e-06
 Reference value :  2.41179e-06
 Reference value :  2.41223e-06
 Reference value :  2.41275e-06
 Reference value :  2.41359e-06
 Reference value :  2.41415e-06
 Reference value :  2.41511e-06
 Reference value :  2.41601e-06
 Reference value :  2.41655e-06
 Reference value :  2.41763e-06
 Reference value :  2.41819e-06
 Reference value :  2.41911e-06
 Reference value :  2.42001e-06
 Reference value :  2.42047e-06
 Reference value :  2.42103e-06
 Reference value :  2.42191e-06
 Reference value :  2.42243e-06
 Reference value :  2.42343e-06
 Reference value :  2.42407e-06
 Reference value :  2.42463e-06
 Reference value :  2.42579e-06
 Reference value :  2.42639e-06
 Reference value :  2.42739e-06
 Reference value :  2.42811e-06
 Reference value :  2.42867e-06
 Reference value :  2.42939e-06
 Reference value :  2.43003e-06
 Reference value :  2.43083e-06
 Reference value :  2.43183e-06
 Reference value :  2.43231e-06
 Reference value :  2.43307e-06
 Reference value :  2.43400e-06
 Reference value :  2.43455e-06
 Reference value :  2.43555e-06
 Reference value :  2.43611e-06
 Reference value :  2.43663e-06
 Reference value :  2.43711e-06
 Reference value :  2.43795e-06
 Reference value :  2.43919e-06
 Reference value :  2.44001e-06
 Reference value :  2.44047e-06
 Reference value :  2.44139e-06
 Reference value :  2.44204e-06
 Reference value :  2.44287e-06
 Reference value :  2.44387e-06
 Reference value :  2.44431e-06
 Reference value :  2.44475e-06
 Reference value :  2.44555e-06
 Reference value :  2.44615e-06
 Reference value :  2.44707e-06
 Reference value :  2.44800e-06
 Reference value :  2.44843e-06
 Reference value :  2.44931e-06
 Reference value :  2.45007e-06
 Reference value :  2.45099e-06
 Reference value :  2.45197e-06
 Reference value :  2.45235e-06
 Reference value :  2.45287e-06
 Reference value :  2.45375e-06
 Reference value :  2.45427e-06
 Reference value :  2.45527e-06
 Reference value :  2.45607e-06
 Reference value :  2.45691e-06
 Reference value :  2.45800e-06
 Reference value :  2.45867e-06
 Reference value :  2.45967e-06
 Reference value :  2.46023e-06
 Reference value :  2.46075e-06
 Reference value :  2.46167e-06
 Reference value :  2.46219e-06
 Reference value :  2.46315e-06
 Reference value :  2.46401e-06
 Reference value :  2.46447e-06
 Reference value :  2.46539e-06
 Reference value :  2.46604e-06
 Reference value :  2.46683e-06
 Reference value :  2.46783e-06
 Reference value :  2.46839e-06
 Reference value :  2.46903e-06
 Reference value :  2.46995e-06
 Reference value :  2.47039e-06
 Reference value :  2.47147e-06
 Reference value :  2.47215e-06
 Reference value :  2.47279e-06
 Reference value :  2.47379e-06
 Reference value :  2.47431e-06
 Reference value :  2.47531e-06
 Reference value :  2.47602e-06
 Reference value :  2.47663e-06
 Reference value :  2.47723e-06
 Reference value :  2.47801e-06
 Reference value :  2.47867e-06
 Reference value :  2.47967e-06
 Reference value :  2.48019e-06
 Reference value :  2.48087e-06
 Reference value :  2.48187e-06
 Reference value :  2.48239e-06
 Reference value :  2.48335e-06
 Reference value :  2.48403e-06
 Reference value :  2.48455e-06
 Reference value :  2.48515e-06
 Reference value :  2.48601e-06
 Reference value :  2.48659e-06
 Reference value :  2.48759e-06
 Reference value :  2.48815e-06
 Reference value :  2.48895e-06
 Reference value :  2.49001e-06
 Reference value :  2.49087e-06
 Reference value :  2.49201e-06
 Reference value :  2.49267e-06
 Reference value :  2.49375e-06
 Reference value :  2.49451e-06
 Reference value :  2.49601e-06
 Reference value :  2.49683e-06
 Reference value :  2.49801e-06
 Reference value :  2.49907e-06
 Reference value :  2.50011e-06
 Reference value :  2.50087e-06
 Reference value :  2.50171e-06
 Reference value :  2.50239e-06
 Reference value :  2.50367e-06
 Reference value :  2.50435e-06
 Reference value :  2.50535e-06
 Reference value :  2.50619e-06
 Reference value :  2.50735e-06
 Reference value :  2.50811e-06
 Reference value :  2.50871e-06
 Reference value :  2.50979e-06
 Reference value :  2.51075e-06
 Reference value :  2.51200e-06
 Reference value :  2.51259e-06
 Reference value :  2.51383e-06
 Reference value :  2.51455e-06
 Reference value :  2.51579e-06
 Reference value :  2.51639e-06
 Reference value :  2.51703e-06
 Reference value :  2.51801e-06
 Reference value :  2.51887e-06
 Reference value :  2.52001e-06
 Reference value :  2.52059e-06
 Reference value :  2.52183e-06
 Reference value :  2.52263e-06
 Reference value :  2.52391e-06
 Reference value :  2.52443e-06
 Reference value :  2.52515e-06
 Reference value :  2.52603e-06
 Reference value :  2.52711e-06
 Reference value :  2.52811e-06
 Reference value :  2.52915e-06
 Reference value :  2.53015e-06
 Reference value :  2.53151e-06
 Reference value :  2.53231e-06
 Reference value :  2.53303e-06
 Reference value :  2.53404e-06
 Reference value :  2.53527e-06
 Reference value :  2.53627e-06
 Reference value :  2.53739e-06
 Reference value :  2.53827e-06
 Reference value :  2.53975e-06
 Reference value :  2.54047e-06
 Reference value :  2.54131e-06
 Reference value :  2.54219e-06
 Reference value :  2.54351e-06
 Reference value :  2.54435e-06
 Reference value :  2.54563e-06
 Reference value :  2.54643e-06
 Reference value :  2.54779e-06
 Reference value :  2.54839e-06
 Reference value :  2.54923e-06
 Reference value :  2.55019e-06
 Reference value :  2.55151e-06
 Reference value :  2.55235e-06
 Reference value :  2.55355e-06
 Reference value :  2.55435e-06
 Reference value :  2.55571e-06
 Reference value :  2.55647e-06
 Reference value :  2.55747e-06
 Reference value :  2.55831e-06
 Reference value :  2.55967e-06
 Reference value :  2.56039e-06
 Reference value :  2.56163e-06
 Reference value :  2.56247e-06
 Reference value :  2.56383e-06
 Reference value :  2.56447e-06
 Reference value :  2.56511e-06
 Reference value :  2.56601e-06
 Reference value :  2.56699e-06
 Reference value :  2.56803e-06
 Reference value :  2.56891e-06
 Reference value :  2.57001e-06
 Reference value :  2.57103e-06
 Reference value :  2.57202e-06
 Reference value :  2.57263e-06
 Reference value :  2.57339e-06
 Reference value :  2.57423e-06
 Reference value :  2.57559e-06
 Reference value :  2.57639e-06
 Reference value :  2.57759e-06
 Reference value :  2.57835e-06
 Reference value :  2.57963e-06
 Reference value :  2.58035e-06
 Reference value :  2.58107e-06
 Reference value :  2.58207e-06
 Reference value :  2.58327e-06
 Reference value :  2.58415e-06
 Reference value :  2.58507e-06
 Reference value :  2.58607e-06
 Reference value :  2.58723e-06
 Reference value :  2.58815e-06
 Reference value :  2.58891e-06
 Reference value :  2.59019e-06
 Reference value :  2.59167e-06
 Reference value :  2.59247e-06
 Reference value :  2.59383e-06
 Reference value :  2.59487e-06
 Reference value :  2.59604e-06
 Reference value :  2.59683e-06
 Reference value :  2.59787e-06
 Reference value :  2.59891e-06
 Reference value :  2.60007e-06
 Reference value :  2.60115e-06
 Reference value :  2.60215e-06
 Reference value :  2.60343e-06
 Reference value :  2.60423e-06
 Reference value :  2.60491e-06
 Reference value :  2.60604e-06
 Reference value :  2.60735e-06
 Reference value :  2.60831e-06
 Reference value :  2.60955e-06
 Reference value :  2.61039e-06
 Reference value :  2.61175e-06
 Reference value :  2.61255e-06
 Reference value :  2.61367e-06
 Reference value :  2.61439e-06
 Reference value :  2.61579e-06
 Reference value :  2.61647e-06
 Reference value :  2.61800e-06
 Reference value :  2.61923e-06
 Reference value :  2.62035e-06
 Reference value :  2.62119e-06
 Reference value :  2.62215e-06
 Reference value :  2.62351e-06
 Reference value :  2.62431e-06
 Reference value :  2.62551e-06
 Reference value :  2.62639e-06
 Reference value :  2.62767e-06
 Reference value :  2.62843e-06
 Reference value :  2.62911e-06
 Reference value :  2.63004e-06
 Reference value :  2.63135e-06
 Reference value :  2.63231e-06
 Reference value :  2.63347e-06
 Reference value :  2.63439e-06
 Reference value :  2.63575e-06
 Reference value :  2.63651e-06
 Reference value :  2.63751e-06
 Reference value :  2.63835e-06
 Reference value :  2.63983e-06
 Reference value :  2.64055e-06
 Reference value :  2.64200e-06
 Reference value :  2.64291e-06
 Reference value :  2.64402e-06
 Reference value :  2.64471e-06
 Reference value :  2.64571e-06
 Reference value :  2.64655e-06
 Reference value :  2.64797e-06
 Reference value :  2.64875e-06
 Reference value :  2.65001e-06
 Reference value :  2.65123e-06
 Reference value :  2.65219e-06
 Reference value :  2.65303e-06
 Reference value :  2.65404e-06
 Reference value :  2.65523e-06
 Reference value :  2.65635e-06
 Reference value :  2.65755e-06
 Reference value :  2.65847e-06
 Reference value :  2.65997e-06
 Reference value :  2.66059e-06
 Reference value :  2.66159e-06
 Reference value :  2.66259e-06
 Reference value :  2.66400e-06
 Reference value :  2.66475e-06
 Reference value :  2.66601e-06
 Reference value :  2.66715e-06
 Reference value :  2.66815e-06
 Reference value :  2.66891e-06
 Reference value :  2.67001e-06
 Reference value :  2.67099e-06
 Reference value :  2.67204e-06
 Reference value :  2.67295e-06
 Reference value :  2.67403e-06
 Reference value :  2.67511e-06
 Reference value :  2.67611e-06
 Reference value :  2.67687e-06
 Reference value :  2.67801e-06
 Reference value :  2.67903e-06
 Reference value :  2.68007e-06
 Reference value :  2.68103e-06
 Reference value :  2.68204e-06
 Reference value :  2.68355e-06
 Reference value :  2.68435e-06
 Reference value :  2.68503e-06
 Reference value :  2.68603e-06
 Reference value :  2.68711e-06
 Reference value :  2.68807e-06
 Reference value :  2.68903e-06
 Reference value :  2.69003e-06
 Reference value :  2.69107e-06
 Reference value :  2.69203e-06
 Reference value :  2.69271e-06
 Reference value :  2.69339e-06
 Reference value :  2.69419e-06
 Reference value :  2.69539e-06
 Reference value :  2.69627e-06
 Reference value :  2.69731e-06
 Reference value :  2.69815e-06
 Reference value :  2.69943e-06
 Reference value :  2.70027e-06
 Reference value :  2.70091e-06
 Reference value :  2.70201e-06
 Reference value :  2.70307e-06
 Reference value :  2.70415e-06
 Reference value :  2.70523e-06
 Reference value :  2.70619e-06
 Reference value :  2.70759e-06
 Reference value :  2.70843e-06
 Reference value :  2.70923e-06
 Reference value :  2.71023e-06
 Reference value :  2.71163e-06
 Reference value :  2.71243e-06
 Reference value :  2.71371e-06
 Reference value :  2.71455e-06
 Reference value :  2.71587e-06
 Reference value :  2.71651e-06
 Reference value :  2.71747e-06
 Reference value :  2.71827e-06
 Reference value :  2.71959e-06
 Reference value :  2.72035e-06
 Reference value :  2.72143e-06
 Reference value :  2.72227e-06
 Reference value :  2.72359e-06
 Reference value :  2.72435e-06
 Reference value :  2.72511e-06
 Reference value :  2.72604e-06
 Reference value :  2.72711e-06
 Reference value :  2.72807e-06
 Reference value :  2.72891e-06
 Reference value :  2.73001e-06
 Reference value :  2.73103e-06
 Reference value :  2.73204e-06
 Reference value :  2.73271e-06
 Reference value :  2.73383e-06
 Reference value :  2.73459e-06
 Reference value :  2.73595e-06
 Reference value :  2.73659e-06
 Reference value :  2.73787e-06
 Reference value :  2.73871e-06
 Reference value :  2.74000e-06
 Reference value :  2.74059e-06
 Reference value :  2.74159e-06
 Reference value :  2.74239e-06
 Reference value :  2.74375e-06
 Reference value :  2.74443e-06
 Reference value :  2.74567e-06
 Reference value :  2.74655e-06
 Reference value :  2.74791e-06
 Reference value :  2.74851e-06
 Reference value :  2.74951e-06
 Reference value :  2.75031e-06
 Reference value :  2.75163e-06
 Reference value :  2.75235e-06
 Reference value :  2.75351e-06
 Reference value :  2.75435e-06
 Reference value :  2.75567e-06
 Reference value :  2.75639e-06
 Reference value :  2.75711e-06
 Reference value :  2.75802e-06
 Reference value :  2.75907e-06
 Reference value :  2.76004e-06
 Reference value :  2.76095e-06
 Reference value :  2.76201e-06
 Reference value :  2.76303e-06
 Reference value :  2.76404e-06
 Reference value :  2.76467e-06
 Reference value :  2.76571e-06
 Reference value :  2.76659e-06
 Reference value :  2.76791e-06
 Reference value :  2.76871e-06
 Reference value :  2.77002e-06
 Reference value :  2.77107e-06
 Reference value :  2.77204e-06
 Reference value :  2.77275e-06
 Reference value :  2.77375e-06
 Reference value :  2.77447e-06
 Reference value :  2.77583e-06
 Reference value :  2.77647e-06
 Reference value :  2.77775e-06
 Reference value :  2.77855e-06
 Reference value :  2.77987e-06
 Reference value :  2.78047e-06
 Reference value :  2.78131e-06
 Reference value :  2.78219e-06
 Reference value :  2.78343e-06
 Reference value :  2.78427e-06
 Reference value :  2.78531e-06
 Reference value :  2.78619e-06
 Reference value :  2.78743e-06
 Reference value :  2.78819e-06
 Reference value :  2.78887e-06
 Reference value :  2.78991e-06
 Reference value :  2.79067e-06
 Reference value :  2.79195e-06
 Reference value :  2.79251e-06
 Reference value :  2.79379e-06
 Reference value :  2.79455e-06
 Reference value :  2.79583e-06
 Reference value :  2.79647e-06
 Reference value :  2.79727e-06
 Reference value :  2.79815e-06
 Reference value :  2.79931e-06
 Reference value :  2.80019e-06
 Reference value :  2.80119e-06
 Reference value :  2.80207e-06
 Reference value :  2.80323e-06
 Reference value :  2.80411e-06
 Reference value :  2.80483e-06
 Reference value :  2.80595e-06
 Reference value :  2.80671e-06
 Reference value :  2.80800e-06
 Reference value :  2.80863e-06
 Reference value :  2.80991e-06
 Reference value :  2.81075e-06
 Reference value :  2.81200e-06
 Reference value :  2.81255e-06
 Reference value :  2.81351e-06
 Reference value :  2.81431e-06
 Reference value :  2.81563e-06
 Reference value :  2.81635e-06
 Reference value :  2.81751e-06
 Reference value :  2.81831e-06
 Reference value :  2.81959e-06
 Reference value :  2.82031e-06
 Reference value :  2.82103e-06
 Reference value :  2.82197e-06
 Reference value :  2.82271e-06
 Reference value :  2.82402e-06
 Reference value :  2.82503e-06
 Reference value :  2.82604e-06
 Reference value :  2.82723e-06
 Reference value :  2.82811e-06
 Reference value :  2.82871e-06
 Reference value :  2.82971e-06
 Reference value :  2.83087e-06
 Reference value :  2.83201e-06
 Reference value :  2.83279e-06
 Reference value :  2.83400e-06
 Reference value :  2.83487e-06
 Reference value :  2.83601e-06
 Reference value :  2.83659e-06
 Reference value :  2.83755e-06
 Reference value :  2.83835e-06
 Reference value :  2.83971e-06
 Reference value :  2.84043e-06
 Reference value :  2.84159e-06
 Reference value :  2.84263e-06
 Reference value :  2.84400e-06
 Reference value :  2.84455e-06
 Reference value :  2.84555e-06
 Reference value :  2.84631e-06
 Reference value :  2.84767e-06
 Reference value :  2.84839e-06
 Reference value :  2.84959e-06
 Reference value :  2.85039e-06
 Reference value :  2.85171e-06
 Reference value :  2.85235e-06
 Reference value :  2.85307e-06
 Reference value :  2.85419e-06
 Reference value :  2.85547e-06
 Reference value :  2.85627e-06
 Reference value :  2.85735e-06
 Reference value :  2.85819e-06
 Reference value :  2.85943e-06
 Reference value :  2.86027e-06
 Reference value :  2.86111e-06
 Reference value :  2.86211e-06
 Reference value :  2.86339e-06
 Reference value :  2.86435e-06
 Reference value :  2.86559e-06
 Reference value :  2.86659e-06
 Reference value :  2.86783e-06
 Reference value :  2.86839e-06
 Reference value :  2.86923e-06
 Reference value :  2.87015e-06
 Reference value :  2.87167e-06
 Reference value :  2.87251e-06
 Reference value :  2.87400e-06
 Reference value :  2.87507e-06
 Reference value :  2.87615e-06
 Reference value :  2.87699e-06
 Reference value :  2.87811e-06
 Reference value :  2.87939e-06
 Reference value :  2.88031e-06
 Reference value :  2.88135e-06
 Reference value :  2.88227e-06
 Reference value :  2.88363e-06
 Reference value :  2.88435e-06
 Reference value :  2.88507e-06
 Reference value :  2.88615e-06
 Reference value :  2.88763e-06
 Reference value :  2.88855e-06
 Reference value :  2.89002e-06
 Reference value :  2.89147e-06
 Reference value :  2.89251e-06
 Reference value :  2.89371e-06
 Reference value :  2.89487e-06
 Reference value :  2.89607e-06
 Reference value :  2.89707e-06
 Reference value :  2.89804e-06
 Reference value :  2.89927e-06
 Reference value :  2.90015e-06
 Reference value :  2.90087e-06
 Reference value :  2.90200e-06
 Reference value :  2.90291e-06
 Reference value :  2.90407e-06
 Reference value :  2.90515e-06
 Reference value :  2.90627e-06
 Reference value :  2.90779e-06
 Reference value :  2.90863e-06
 Reference value :  2.90979e-06
 Reference value :  2.91079e-06
 Reference value :  2.91201e-06
 Reference value :  2.91279e-06
 Reference value :  2.91400e-06
 Reference value :  2.91487e-06
 Reference value :  2.91600e-06
 Reference value :  2.91675e-06
 Reference value :  2.91797e-06
 Reference value :  2.91903e-06
 Reference value :  2.92027e-06
 Reference value :  2.92147e-06
 Reference value :  2.92251e-06
 Reference value :  2.92397e-06
 Reference value :  2.92459e-06
 Reference value :  2.92559e-06
 Reference value :  2.92635e-06
 Reference value :  2.92771e-06
 Reference value :  2.92839e-06
 Reference value :  2.92963e-06
 Reference value :  2.93063e-06
 Reference value :  2.93201e-06
 Reference value :  2.93271e-06
 Reference value :  2.93391e-06
 Reference value :  2.93491e-06
 Reference value :  2.93607e-06
 Reference value :  2.93711e-06
 Reference value :  2.93815e-06
 Reference value :  2.93935e-06
 Reference value :  2.94019e-06
 Reference value :  2.94087e-06
 Reference value :  2.94201e-06
 Reference value :  2.94299e-06
 Reference value :  2.94403e-06
 Reference value :  2.94503e-06
 Reference value :  2.94615e-06
 Reference value :  2.94759e-06
 Reference value :  2.94839e-06
 Reference value :  2.94915e-06
 Reference value :  2.95019e-06
 Reference value :  2.95167e-06
 Reference value :  2.95243e-06
 Reference value :  2.95359e-06
 Reference value :  2.95435e-06
 Reference value :  2.95567e-06
 Reference value :  2.95635e-06
 Reference value :  2.95707e-06
 Reference value :  2.95815e-06
 Reference value :  2.95955e-06
 Reference value :  2.96043e-06
 Reference value :  2.96183e-06
 Reference value :  2.96271e-06
 Reference value :  2.96395e-06
 Reference value :  2.96451e-06
 Reference value :  2.96539e-06
 Reference value :  2.96627e-06
 Reference value :  2.96755e-06
 Reference value :  2.96831e-06
 Reference value :  2.96935e-06
 Reference value :  2.97019e-06
 Reference value :  2.97143e-06
 Reference value :  2.97219e-06
 Reference value :  2.97291e-06
 Reference value :  2.97401e-06
 Reference value :  2.97495e-06
 Reference value :  2.97601e-06
 Reference value :  2.97675e-06
 Reference value :  2.97800e-06
 Reference value :  2.97883e-06
 Reference value :  2.98000e-06
 Reference value :  2.98055e-06
 Reference value :  2.98135e-06
 Reference value :  2.98219e-06
 Reference value :  2.98347e-06
 Reference value :  2.98435e-06
 Reference value :  2.98551e-06
 Reference value :  2.98631e-06
 Reference value :  2.98763e-06
 Reference value :  2.98835e-06
 Reference value :  2.98903e-06
 Reference value :  2.99004e-06
 Reference value :  2.99119e-06
 Reference value :  2.99215e-06
 Reference value :  2.99315e-06
 Reference value :  2.99407e-06
 Reference value :  2.99531e-06
 Reference value :  2.99619e-06
 Reference value :  2.99691e-06
 Reference value :  2.99800e-06
 Reference value :  2.99899e-06
 Reference value :  3.00002e-06
 Reference value :  3.00087e-06
 Reference value :  3.00201e-06
 Reference value :  3.00303e-06
 Reference value :  3.00407e-06
 Reference value :  3.00479e-06
 Reference value :  3.00600e-06
 Reference value :  3.00687e-06
 Reference value :  3.00801e-06
 Reference value :  3.00871e-06
 Reference value :  3.01000e-06
 Reference value :  3.01095e-06
 Reference value :  3.01202e-06
 Reference value :  3.01271e-06
 Reference value :  3.01343e-06
 Reference value :  3.01431e-06
 Reference value :  3.01563e-06
 Reference value :  3.01635e-06
 Reference value :  3.01751e-06
 Reference value :  3.01831e-06
 Reference value :  3.01963e-06
 Reference value :  3.02035e-06
 Reference value :  3.02115e-06
 Reference value :  3.02207e-06
 Reference value :  3.02327e-06
 Reference value :  3.02415e-06
 Reference value :  3.02515e-06
 Reference value :  3.02611e-06
 Reference value :  3.02735e-06
 Reference value :  3.02823e-06
 Reference value :  3.02895e-06
 Reference value :  3.03001e-06
 Reference value :  3.03095e-06
 Reference value :  3.03203e-06
 Reference value :  3.03287e-06
 Reference value :  3.03401e-06
 Reference value :  3.03507e-06
 Reference value :  3.03607e-06
 Reference value :  3.03679e-06
 Reference value :  3.03800e-06
 Reference value :  3.03887e-06
 Reference value :  3.04002e-06
 Reference value :  3.04087e-06
 Reference value :  3.04202e-06
 Reference value :  3.04315e-06
 Reference value :  3.04411e-06
 Reference value :  3.04483e-06
 Reference value :  3.04579e-06
 Reference value :  3.04659e-06
 Reference value :  3.04800e-06
 Reference value :  3.04863e-06
 Reference value :  3.04997e-06
 Reference value :  3.05075e-06
 Reference value :  3.05200e-06
 Reference value :  3.05255e-06
 Reference value :  3.05347e-06
 Reference value :  3.05431e-06
 Reference value :  3.05563e-06
 Reference value :  3.05635e-06
 Reference value :  3.05747e-06
 Reference value :  3.05831e-06
 Reference value :  3.05971e-06
 Reference value :  3.06039e-06
 Reference value :  3.06127e-06
 Reference value :  3.06219e-06
 Reference value :  3.06351e-06
 Reference value :  3.06435e-06
 Reference value :  3.06559e-06
 Reference value :  3.06651e-06
 Reference value :  3.06795e-06
 Reference value :  3.06847e-06
 Reference value :  3.06943e-06
 Reference value :  3.07023e-06
 Reference value :  3.07179e-06
 Reference value :  3.07251e-06
 Reference value :  3.07391e-06
 Reference value :  3.07483e-06
 Reference value :  3.07601e-06
 Reference value :  3.07671e-06
 Reference value :  3.07735e-06
 Reference value :  3.07823e-06
 Reference value :  3.07963e-06
 Reference value :  3.08039e-06
 Reference value :  3.08167e-06
 Reference value :  3.08263e-06
 Reference value :  3.08397e-06
 Reference value :  3.08455e-06
 Reference value :  3.08507e-06
 Reference value :  3.08607e-06
 Reference value :  3.08727e-06
 Reference value :  3.08819e-06
 Reference value :  3.08927e-06
 Reference value :  3.09019e-06
 Reference value :  3.09147e-06
 Reference value :  3.09227e-06
 Reference value :  3.09299e-06
 Reference value :  3.09402e-06
 Reference value :  3.09515e-06
 Reference value :  3.09615e-06
 Reference value :  3.09711e-06
 Reference value :  3.09811e-06
 Reference value :  3.09931e-06
 Reference value :  3.10019e-06
 Reference value :  3.10091e-06
 Reference value :  3.10201e-06
 Reference value :  3.10303e-06
 Reference value :  3.10404e-06
 Reference value :  3.10499e-06
 Reference value :  3.10611e-06
 Reference value :  3.10739e-06
 Reference value :  3.10819e-06
 Reference value :  3.10895e-06
 Reference value :  3.11002e-06
 Reference value :  3.11111e-06
 Reference value :  3.11211e-06
 Reference value :  3.11307e-06
 Reference value :  3.11404e-06
 Reference value :  3.11519e-06
 Reference value :  3.11615e-06
 Reference value :  3.11687e-06
 Reference value :  3.11801e-06
 Reference value :  3.11907e-06
 Reference value :  3.12011e-06
 Reference value :  3.12115e-06
 Reference value :  3.12215e-06
 Reference value :  3.12339e-06
 Reference value :  3.12423e-06
 Reference value :  3.12499e-06
 Reference value :  3.12602e-06
 Reference value :  3.12715e-06
 Reference value :  3.12815e-06
 Reference value :  3.12931e-06
 Reference value :  3.13027e-06
 Reference value :  3.13155e-06
 Reference value :  3.13231e-06
 Reference value :  3.13311e-06
 Reference value :  3.13411e-06
 Reference value :  3.13535e-06
 Reference value :  3.13623e-06
 Reference value :  3.13727e-06
 Reference value :  3.13819e-06
 Reference value :  3.13951e-06
 Reference value :  3.14027e-06
 Reference value :  3.14095e-06
 Reference value :  3.14195e-06
 Reference value :  3.14279e-06
 Reference value :  3.14401e-06
 Reference value :  3.14471e-06
 Reference value :  3.14600e-06
 Reference value :  3.14715e-06
 Reference value :  3.14819e-06
 Reference value :  3.14887e-06
 Reference value :  3.15001e-06
 Reference value :  3.15099e-06
 Reference value :  3.15204e-06
 Reference value :  3.15291e-06
 Reference value :  3.15401e-06
 Reference value :  3.15515e-06
 Reference value :  3.15611e-06
 Reference value :  3.15687e-06
 Reference value :  3.15801e-06
 Reference value :  3.15931e-06
 Reference value :  3.16039e-06
 Reference value :  3.16183e-06
 Reference value :  3.16287e-06
 Reference value :  3.16404e-06
 Reference value :  3.16491e-06
 Reference value :  3.16607e-06
 Reference value :  3.16759e-06
 Reference value :  3.16859e-06
 Reference value :  3.17002e-06
 Reference value :  3.17163e-06
 Reference value :  3.17259e-06
 Reference value :  3.17383e-06
 Reference value :  3.17503e-06
 Reference value :  3.17631e-06
 Reference value :  3.17779e-06
 Reference value :  3.17899e-06
 Reference value :  3.18023e-06
 Reference value :  3.18127e-06
 Reference value :  3.18255e-06
 Reference value :  3.18404e-06
 Reference value :  3.18543e-06
 Reference value :  3.18667e-06
 Reference value :  3.18807e-06
 Reference value :  3.18907e-06
 Reference value :  3.19031e-06
 Reference value :  3.19200e-06
 Reference value :  3.19311e-06
 Reference value :  3.19435e-06
 Reference value :  3.19601e-06
 Reference value :  3.19683e-06
 Reference value :  3.19801e-06
 Reference value :  3.19903e-06
No. of Data Rows : 94280
sim/harness: analysis complete
Note: Simulation executed from .control section 
Note: Starting dynamic gmin stepping
Note: Dynamic gmin stepping completed
