
Note: Compatibility modes selected: hs a


Circuit: ** sch_path: /users/rwalters/github/sky130-pll/.loom/worktrees/issue-130/sim/divider-n64/testbench/tb_divider_n64.sch

option SCALE: Scale is set to 1e-06 for instance and model parameters
option SCALE: Scale is set to 1e-06 for instance and model parameters
option SCALE: Scale is set to 1e-06 for instance and model parameters
option SCALE: Scale is set to 1e-06 for instance and model parameters
Doing analysis at TEMP = 27.000000 and TNOM = 27.000000

Using KLU as Direct Linear Solver
 Reference value :  0.00000e+00
 Reference value :  3.82900e-10
 Reference value :  1.34290e-09
 Reference value :  2.06763e-09
 Reference value :  2.98762e-09
 Reference value :  4.00125e-09
 Reference value :  4.54762e-09
 Reference value :  5.50000e-09
 Reference value :  6.14763e-09
 Reference value :  7.06762e-09
 Reference value :  8.01512e-09
 Reference value :  8.78763e-09
 Reference value :  9.94763e-09
 Reference value :  1.04276e-08
 Reference value :  1.14676e-08
 Reference value :  1.21076e-08
 Reference value :  1.28676e-08
 Reference value :  1.34676e-08
 Reference value :  1.40256e-08
 Reference value :  1.49076e-08
 Reference value :  1.59076e-08
 Reference value :  1.65476e-08
 Reference value :  1.76676e-08
 Reference value :  1.83476e-08
 Reference value :  1.95476e-08
 Reference value :  2.03476e-08
 Reference value :  2.11876e-08
 Reference value :  2.20151e-08
 Reference value :  2.30676e-08
 Reference value :  2.41476e-08
 Reference value :  2.50676e-08
 Reference value :  2.60256e-08
 Reference value :  2.70676e-08
 Reference value :  2.80396e-08
 Reference value :  2.89076e-08
 Reference value :  2.99076e-08
 Reference value :  3.06676e-08
 Reference value :  3.19076e-08
 Reference value :  3.24676e-08
 Reference value :  3.33076e-08
 Reference value :  3.40186e-08
 Reference value :  3.47476e-08
 Reference value :  3.57476e-08
 Reference value :  3.63476e-08
 Reference value :  3.70676e-08
 Reference value :  3.77876e-08
 Reference value :  3.83476e-08
 Reference value :  3.93876e-08
 Reference value :  4.01076e-08
 Reference value :  4.08276e-08
 Reference value :  4.18676e-08
 Reference value :  4.23876e-08
 Reference value :  4.33876e-08
 Reference value :  4.40396e-08
 Reference value :  4.47476e-08
 Reference value :  4.54276e-08
 Reference value :  4.60676e-08
 Reference value :  4.69476e-08
 Reference value :  4.79738e-08
 Reference value :  4.84676e-08
 Reference value :  4.93076e-08
 Reference value :  5.00186e-08
 Reference value :  5.07476e-08
 Reference value :  5.17876e-08
 Reference value :  5.23876e-08
 Reference value :  5.31076e-08
 Reference value :  5.39738e-08
 Reference value :  5.45076e-08
 Reference value :  5.55476e-08
 Reference value :  5.61876e-08
 Reference value :  5.71076e-08
 Reference value :  5.80134e-08
 Reference value :  5.87076e-08
 Reference value :  5.97076e-08
 Reference value :  6.02676e-08
 Reference value :  6.09876e-08
 Reference value :  6.17876e-08
 Reference value :  6.23076e-08
 Reference value :  6.33076e-08
 Reference value :  6.40186e-08
 Reference value :  6.46676e-08
 Reference value :  6.56276e-08
 Reference value :  6.61876e-08
 Reference value :  6.72276e-08
 Reference value :  6.80396e-08
 Reference value :  6.92676e-08
 Reference value :  6.99738e-08
 Reference value :  7.05076e-08
 Reference value :  7.15076e-08
 Reference value :  7.21461e-08
 Reference value :  7.28661e-08
 Reference value :  7.38661e-08
 Reference value :  7.43476e-08
 Reference value :  7.53476e-08
 Reference value :  7.60396e-08
 Reference value :  7.67876e-08
 Reference value :  7.74676e-08
 Reference value :  7.81076e-08
 Reference value :  7.90276e-08
 Reference value :  8.00000e-08
 Reference value :  8.05076e-08
 Reference value :  8.14276e-08
 Reference value :  8.20676e-08
 Reference value :  8.31076e-08
 Reference value :  8.40389e-08
 Reference value :  8.49461e-08
 Reference value :  8.59461e-08
 Reference value :  8.67476e-08
 Reference value :  8.80000e-08
 Reference value :  8.86676e-08
 Reference value :  8.98276e-08
 Reference value :  9.05076e-08
 Reference value :  9.17476e-08
 Reference value :  9.24676e-08
 Reference value :  9.33476e-08
 Reference value :  9.41476e-08
 Reference value :  9.53876e-08
 Reference value :  9.62276e-08
 Reference value :  9.72276e-08
 Reference value :  9.81076e-08
 Reference value :  9.91876e-08
 Reference value :  1.00068e-07
 Reference value :  1.00988e-07
 Reference value :  1.01868e-07
 Reference value :  1.02708e-07
 Reference value :  1.03948e-07
 Reference value :  1.04668e-07
 Reference value :  1.05868e-07
 Reference value :  1.06548e-07
 Reference value :  1.07868e-07
 Reference value :  1.08548e-07
 Reference value :  1.09348e-07
 Reference value :  1.10188e-07
 Reference value :  1.11468e-07
 Reference value :  1.12306e-07
 Reference value :  1.13306e-07
 Reference value :  1.14148e-07
 Reference value :  1.15268e-07
 Reference value :  1.16108e-07
 Reference value :  1.17028e-07
 Reference value :  1.18000e-07
 Reference value :  1.18788e-07
 Reference value :  1.20001e-07
 Reference value :  1.20668e-07
 Reference value :  1.21868e-07
 Reference value :  1.22588e-07
 Reference value :  1.23908e-07
 Reference value :  1.24588e-07
 Reference value :  1.25548e-07
 Reference value :  1.26308e-07
 Reference value :  1.27588e-07
 Reference value :  1.28388e-07
 Reference value :  1.29468e-07
 Reference value :  1.30268e-07
 Reference value :  1.31428e-07
 Reference value :  1.32228e-07
 Reference value :  1.33188e-07
 Reference value :  1.34000e-07
 Reference value :  1.34788e-07
 Reference value :  1.36001e-07
 Reference value :  1.36708e-07
 Reference value :  1.37948e-07
 Reference value :  1.38628e-07
 Reference value :  1.39868e-07
 Reference value :  1.40548e-07
 Reference value :  1.41348e-07
 Reference value :  1.42188e-07
 Reference value :  1.43388e-07
 Reference value :  1.44188e-07
 Reference value :  1.45228e-07
 Reference value :  1.46108e-07
 Reference value :  1.47188e-07
 Reference value :  1.48068e-07
 Reference value :  1.48988e-07
 Reference value :  1.50000e-07
 Reference value :  1.50788e-07
 Reference value :  1.52000e-07
 Reference value :  1.52668e-07
 Reference value :  1.53828e-07
 Reference value :  1.54548e-07
 Reference value :  1.55908e-07
 Reference value :  1.56628e-07
 Reference value :  1.57508e-07
 Reference value :  1.58308e-07
 Reference value :  1.59588e-07
 Reference value :  1.60388e-07
 Reference value :  1.61428e-07
 Reference value :  1.62228e-07
 Reference value :  1.63348e-07
 Reference value :  1.64188e-07
 Reference value :  1.65068e-07
 Reference value :  1.65974e-07
 Reference value :  1.66748e-07
 Reference value :  1.67788e-07
 Reference value :  1.68348e-07
 Reference value :  1.69108e-07
 Reference value :  1.70004e-07
 Reference value :  1.70548e-07
 Reference value :  1.71548e-07
 Reference value :  1.72108e-07
 Reference value :  1.72828e-07
 Reference value :  1.73508e-07
 Reference value :  1.74148e-07
 Reference value :  1.75108e-07
 Reference value :  1.76008e-07
 Reference value :  1.76628e-07
 Reference value :  1.77548e-07
 Reference value :  1.78148e-07
 Reference value :  1.79028e-07
 Reference value :  1.80000e-07
 Reference value :  1.80508e-07
 Reference value :  1.81228e-07
 Reference value :  1.82008e-07
 Reference value :  1.82708e-07
 Reference value :  1.83708e-07
 Reference value :  1.84268e-07
 Reference value :  1.85068e-07
 Reference value :  1.86001e-07
 Reference value :  1.86588e-07
 Reference value :  1.87628e-07
 Reference value :  1.88228e-07
 Reference value :  1.88988e-07
 Reference value :  1.89788e-07
 Reference value :  1.90348e-07
 Reference value :  1.91348e-07
 Reference value :  1.92040e-07
 Reference value :  1.92788e-07
 Reference value :  1.93788e-07
 Reference value :  1.94308e-07
 Reference value :  1.95228e-07
 Reference value :  1.96015e-07
 Reference value :  1.96668e-07
 Reference value :  1.97388e-07
 Reference value :  1.98013e-07
 Reference value :  1.98708e-07
 Reference value :  1.99748e-07
 Reference value :  2.00308e-07
 Reference value :  2.01068e-07
 Reference value :  2.02004e-07
 Reference value :  2.02588e-07
 Reference value :  2.03588e-07
 Reference value :  2.04268e-07
 Reference value :  2.05108e-07
 Reference value :  2.06012e-07
 Reference value :  2.06988e-07
 Reference value :  2.08013e-07
 Reference value :  2.08748e-07
 Reference value :  2.09948e-07
 Reference value :  2.10628e-07
 Reference value :  2.11868e-07
 Reference value :  2.12548e-07
 Reference value :  2.13428e-07
 Reference value :  2.14228e-07
 Reference value :  2.15268e-07
 Reference value :  2.16015e-07
 Reference value :  2.16668e-07
 Reference value :  2.17788e-07
 Reference value :  2.18428e-07
 Reference value :  2.19508e-07
 Reference value :  2.20108e-07
 Reference value :  2.20828e-07
 Reference value :  2.21548e-07
 Reference value :  2.22148e-07
 Reference value :  2.23108e-07
 Reference value :  2.24004e-07
 Reference value :  2.24588e-07
 Reference value :  2.25548e-07
 Reference value :  2.26148e-07
 Reference value :  2.26988e-07
 Reference value :  2.28000e-07
 Reference value :  2.28508e-07
 Reference value :  2.29268e-07
 Reference value :  2.30000e-07
 Reference value :  2.30548e-07
 Reference value :  2.31548e-07
 Reference value :  2.32148e-07
 Reference value :  2.32868e-07
 Reference value :  2.33868e-07
 Reference value :  2.34348e-07
 Reference value :  2.35308e-07
 Reference value :  2.36026e-07
 Reference value :  2.36708e-07
 Reference value :  2.37468e-07
 Reference value :  2.38268e-07
 Reference value :  2.39508e-07
 Reference value :  2.40308e-07
 Reference value :  2.41308e-07
 Reference value :  2.42188e-07
 Reference value :  2.43308e-07
 Reference value :  2.44188e-07
 Reference value :  2.45108e-07
 Reference value :  2.46008e-07
 Reference value :  2.46948e-07
 Reference value :  2.48013e-07
 Reference value :  2.48826e-07
 Reference value :  2.50001e-07
 Reference value :  2.50748e-07
 Reference value :  2.52000e-07
 Reference value :  2.52706e-07
 Reference value :  2.53626e-07
 Reference value :  2.54388e-07
 Reference value :  2.55708e-07
 Reference value :  2.56428e-07
 Reference value :  2.57508e-07
 Reference value :  2.58308e-07
 Reference value :  2.59508e-07
 Reference value :  2.60308e-07
 Reference value :  2.61228e-07
 Reference value :  2.62001e-07
 Reference value :  2.62868e-07
 Reference value :  2.64013e-07
 Reference value :  2.64746e-07
 Reference value :  2.65973e-07
 Reference value :  2.66668e-07
 Reference value :  2.67948e-07
 Reference value :  2.68588e-07
 Reference value :  2.69388e-07
 Reference value :  2.70148e-07
 Reference value :  2.71388e-07
 Reference value :  2.72268e-07
 Reference value :  2.73308e-07
 Reference value :  2.74148e-07
 Reference value :  2.75228e-07
 Reference value :  2.76146e-07
 Reference value :  2.77066e-07
 Reference value :  2.78004e-07
 Reference value :  2.78908e-07
 Reference value :  2.80008e-07
 Reference value :  2.80708e-07
 Reference value :  2.81868e-07
 Reference value :  2.82628e-07
 Reference value :  2.83868e-07
 Reference value :  2.84548e-07
 Reference value :  2.85388e-07
 Reference value :  2.86228e-07
 Reference value :  2.87468e-07
 Reference value :  2.88266e-07
 Reference value :  2.89266e-07
 Reference value :  2.90108e-07
 Reference value :  2.91228e-07
 Reference value :  2.92108e-07
 Reference value :  2.93028e-07
 Reference value :  2.93948e-07
 Reference value :  2.95028e-07
 Reference value :  2.96348e-07
 Reference value :  2.97388e-07
 Reference value :  2.98228e-07
 Reference value :  2.99388e-07
 Reference value :  3.00266e-07
 Reference value :  3.01226e-07
 Reference value :  3.02040e-07
 Reference value :  3.03148e-07
 Reference value :  3.04040e-07
 Reference value :  3.04948e-07
 Reference value :  3.06013e-07
 Reference value :  3.06828e-07
 Reference value :  3.08001e-07
 Reference value :  3.08708e-07
 Reference value :  3.09628e-07
 Reference value :  3.10388e-07
 Reference value :  3.11628e-07
 Reference value :  3.12426e-07
 Reference value :  3.13466e-07
 Reference value :  3.14268e-07
 Reference value :  3.15428e-07
 Reference value :  3.16228e-07
 Reference value :  3.17108e-07
 Reference value :  3.18013e-07
 Reference value :  3.19028e-07
 Reference value :  3.20019e-07
 Reference value :  3.20868e-07
 Reference value :  3.22004e-07
 Reference value :  3.22828e-07
 Reference value :  3.24008e-07
 Reference value :  3.24746e-07
 Reference value :  3.25626e-07
 Reference value :  3.26308e-07
 Reference value :  3.27588e-07
 Reference value :  3.28388e-07
 Reference value :  3.29388e-07
 Reference value :  3.30188e-07
 Reference value :  3.31308e-07
 Reference value :  3.32148e-07
 Reference value :  3.33028e-07
 Reference value :  3.34000e-07
 Reference value :  3.34788e-07
 Reference value :  3.35974e-07
 Reference value :  3.36546e-07
 Reference value :  3.37426e-07
 Reference value :  3.38068e-07
 Reference value :  3.38868e-07
 Reference value :  3.39868e-07
 Reference value :  3.40428e-07
 Reference value :  3.41108e-07
 Reference value :  3.41908e-07
 Reference value :  3.42428e-07
 Reference value :  3.43468e-07
 Reference value :  3.44108e-07
 Reference value :  3.44828e-07
 Reference value :  3.45828e-07
 Reference value :  3.46348e-07
 Reference value :  3.47548e-07
 Reference value :  3.48306e-07
 Reference value :  3.49106e-07
 Reference value :  3.50000e-07
 Reference value :  3.50628e-07
 Reference value :  3.51628e-07
 Reference value :  3.52228e-07
 Reference value :  3.52948e-07
 Reference value :  3.53948e-07
 Reference value :  3.54428e-07
 Reference value :  3.55428e-07
 Reference value :  3.56068e-07
 Reference value :  3.56748e-07
 Reference value :  3.57428e-07
 Reference value :  3.58026e-07
 Reference value :  3.58908e-07
 Reference value :  3.60001e-07
 Reference value :  3.60508e-07
 Reference value :  3.61348e-07
 Reference value :  3.62040e-07
 Reference value :  3.62828e-07
 Reference value :  3.63828e-07
 Reference value :  3.64428e-07
 Reference value :  3.65308e-07
 Reference value :  3.66040e-07
 Reference value :  3.66948e-07
 Reference value :  3.67948e-07
 Reference value :  3.68428e-07
 Reference value :  3.69308e-07
 Reference value :  3.70019e-07
 Reference value :  3.70988e-07
 Reference value :  3.71974e-07
 Reference value :  3.72628e-07
 Reference value :  3.73348e-07
 Reference value :  3.74015e-07
 Reference value :  3.74788e-07
 Reference value :  3.75788e-07
 Reference value :  3.76348e-07
 Reference value :  3.77108e-07
 Reference value :  3.78026e-07
 Reference value :  3.78788e-07
 Reference value :  3.79908e-07
 Reference value :  3.80748e-07
 Reference value :  3.81468e-07
 Reference value :  3.82108e-07
 Reference value :  3.83028e-07
 Reference value :  3.84001e-07
 Reference value :  3.84548e-07
 Reference value :  3.85508e-07
 Reference value :  3.86308e-07
 Reference value :  3.87508e-07
 Reference value :  3.88268e-07
 Reference value :  3.89188e-07
 Reference value :  3.90000e-07
 Reference value :  3.90548e-07
 Reference value :  3.91588e-07
 Reference value :  3.92188e-07
 Reference value :  3.93068e-07
 Reference value :  3.94148e-07
 Reference value :  3.95188e-07
 Reference value :  3.96040e-07
 Reference value :  3.96948e-07
 Reference value :  3.97668e-07
 Reference value :  3.98228e-07
 Reference value :  3.99188e-07
 Reference value :  4.00015e-07
 Reference value :  4.00666e-07
 Reference value :  4.01586e-07
 Reference value :  4.02188e-07
 Reference value :  4.03108e-07
 Reference value :  4.04012e-07
 Reference value :  4.04588e-07
 Reference value :  4.05348e-07
 Reference value :  4.06228e-07
 Reference value :  4.07508e-07
 Reference value :  4.08108e-07
 Reference value :  4.08828e-07
 Reference value :  4.09828e-07
 Reference value :  4.10348e-07
 Reference value :  4.11308e-07
 Reference value :  4.12039e-07
 Reference value :  4.12946e-07
 Reference value :  4.13706e-07
 Reference value :  4.14268e-07
 Reference value :  4.15628e-07
 Reference value :  4.16188e-07
 Reference value :  4.16948e-07
 Reference value :  4.17974e-07
 Reference value :  4.18468e-07
 Reference value :  4.19508e-07
 Reference value :  4.20428e-07
 Reference value :  4.21148e-07
 Reference value :  4.21868e-07
 Reference value :  4.22388e-07
 Reference value :  4.23428e-07
 Reference value :  4.24106e-07
 Reference value :  4.25066e-07
 Reference value :  4.26013e-07
 Reference value :  4.26668e-07
 Reference value :  4.27748e-07
 Reference value :  4.28308e-07
 Reference value :  4.28988e-07
 Reference value :  4.29748e-07
 Reference value :  4.30308e-07
 Reference value :  4.31308e-07
 Reference value :  4.32068e-07
 Reference value :  4.32788e-07
 Reference value :  4.33788e-07
 Reference value :  4.34308e-07
 Reference value :  4.35268e-07
 Reference value :  4.36025e-07
 Reference value :  4.36706e-07
 Reference value :  4.37426e-07
 Reference value :  4.38040e-07
 Reference value :  4.38908e-07
 Reference value :  4.39908e-07
 Reference value :  4.40428e-07
 Reference value :  4.41228e-07
 Reference value :  4.42013e-07
 Reference value :  4.42668e-07
 Reference value :  4.43708e-07
 Reference value :  4.44268e-07
 Reference value :  4.44988e-07
 Reference value :  4.45828e-07
 Reference value :  4.46428e-07
 Reference value :  4.47548e-07
 Reference value :  4.48226e-07
 Reference value :  4.49426e-07
 Reference value :  4.50068e-07
 Reference value :  4.51068e-07
 Reference value :  4.52013e-07
 Reference value :  4.52788e-07
 Reference value :  4.53668e-07
 Reference value :  4.54308e-07
 Reference value :  4.55588e-07
 Reference value :  4.56428e-07
 Reference value :  4.57388e-07
 Reference value :  4.58228e-07
 Reference value :  4.59188e-07
 Reference value :  4.60146e-07
 Reference value :  4.60986e-07
 Reference value :  4.61866e-07
 Reference value :  4.62908e-07
 Reference value :  4.64013e-07
 Reference value :  4.64988e-07
 Reference value :  4.66015e-07
 Reference value :  4.66908e-07
 Reference value :  4.67974e-07
 Reference value :  4.68588e-07
 Reference value :  4.69428e-07
 Reference value :  4.70148e-07
 Reference value :  4.71108e-07
 Reference value :  4.72106e-07
 Reference value :  4.72906e-07
 Reference value :  4.74004e-07
 Reference value :  4.74628e-07
 Reference value :  4.75828e-07
 Reference value :  4.76548e-07
 Reference value :  4.77388e-07
 Reference value :  4.78228e-07
 Reference value :  4.79468e-07
 Reference value :  4.80388e-07
 Reference value :  4.81548e-07
 Reference value :  4.82308e-07
 Reference value :  4.83588e-07
 Reference value :  4.84428e-07
 Reference value :  4.85388e-07
 Reference value :  4.86148e-07
 Reference value :  4.87308e-07
 Reference value :  4.88188e-07
 Reference value :  4.89148e-07
 Reference value :  4.90040e-07
 Reference value :  4.91068e-07
 Reference value :  4.92108e-07
 Reference value :  4.93028e-07
 Reference value :  4.94000e-07
 Reference value :  4.94828e-07
 Reference value :  4.96008e-07
 Reference value :  4.96746e-07
 Reference value :  4.97973e-07
 Reference value :  4.98708e-07
 Reference value :  4.99974e-07
 Reference value :  5.00666e-07
 Reference value :  5.01586e-07
 Reference value :  5.02428e-07
 Reference value :  5.03708e-07
 Reference value :  5.04428e-07
 Reference value :  5.05508e-07
 Reference value :  5.06308e-07
 Reference value :  5.07508e-07
 Reference value :  5.08308e-07
 Reference value :  5.09188e-07
 Reference value :  5.10026e-07
 Reference value :  5.11108e-07
 Reference value :  5.12040e-07
 Reference value :  5.12948e-07
 Reference value :  5.14013e-07
 Reference value :  5.14948e-07
 Reference value :  5.16148e-07
 Reference value :  5.17068e-07
 Reference value :  5.17868e-07
 Reference value :  5.18628e-07
 Reference value :  5.19868e-07
 Reference value :  5.20548e-07
 Reference value :  5.21588e-07
 Reference value :  5.22228e-07
 Reference value :  5.23228e-07
 Reference value :  5.24040e-07
 Reference value :  5.24868e-07
 Reference value :  5.25548e-07
 Reference value :  5.26148e-07
 Reference value :  5.27148e-07
 Reference value :  5.28013e-07
 Reference value :  5.28626e-07
 Reference value :  5.29706e-07
 Reference value :  5.30388e-07
 Reference value :  5.31508e-07
 Reference value :  5.32228e-07
 Reference value :  5.32988e-07
 Reference value :  5.33748e-07
 Reference value :  5.34348e-07
 Reference value :  5.35348e-07
 Reference value :  5.36026e-07
 Reference value :  5.36748e-07
 Reference value :  5.37748e-07
 Reference value :  5.38348e-07
 Reference value :  5.39588e-07
 Reference value :  5.40388e-07
 Reference value :  5.41148e-07
 Reference value :  5.42001e-07
 Reference value :  5.42788e-07
 Reference value :  5.43828e-07
 Reference value :  5.44428e-07
 Reference value :  5.45268e-07
 Reference value :  5.46019e-07
 Reference value :  5.46788e-07
 Reference value :  5.47788e-07
 Reference value :  5.48348e-07
 Reference value :  5.49028e-07
 Reference value :  5.49708e-07
 Reference value :  5.50268e-07
 Reference value :  5.51308e-07
 Reference value :  5.52039e-07
 Reference value :  5.52706e-07
 Reference value :  5.53666e-07
 Reference value :  5.54268e-07
 Reference value :  5.55188e-07
 Reference value :  5.56013e-07
 Reference value :  5.56628e-07
 Reference value :  5.57388e-07
 Reference value :  5.58188e-07
 Reference value :  5.59228e-07
 Reference value :  5.60013e-07
 Reference value :  5.60628e-07
 Reference value :  5.61548e-07
 Reference value :  5.62148e-07
 Reference value :  5.63028e-07
 Reference value :  5.64000e-07
 Reference value :  5.64508e-07
 Reference value :  5.65228e-07
 Reference value :  5.66004e-07
 Reference value :  5.66708e-07
 Reference value :  5.67708e-07
 Reference value :  5.68268e-07
 Reference value :  5.69028e-07
 Reference value :  5.70001e-07
 Reference value :  5.70508e-07
 Reference value :  5.71508e-07
 Reference value :  5.72108e-07
 Reference value :  5.72828e-07
 Reference value :  5.73548e-07
 Reference value :  5.74188e-07
 Reference value :  5.75188e-07
 Reference value :  5.76015e-07
 Reference value :  5.76626e-07
 Reference value :  5.77546e-07
 Reference value :  5.78148e-07
 Reference value :  5.79068e-07
 Reference value :  5.80004e-07
 Reference value :  5.80548e-07
 Reference value :  5.81308e-07
 Reference value :  5.82000e-07
 Reference value :  5.82588e-07
 Reference value :  5.83588e-07
 Reference value :  5.84188e-07
 Reference value :  5.84948e-07
 Reference value :  5.85948e-07
 Reference value :  5.86388e-07
 Reference value :  5.87388e-07
 Reference value :  5.88040e-07
 Reference value :  5.88748e-07
 Reference value :  5.89468e-07
 Reference value :  5.90108e-07
 Reference value :  5.90988e-07
 Reference value :  5.91974e-07
 Reference value :  5.92588e-07
 Reference value :  5.93748e-07
 Reference value :  5.94308e-07
 Reference value :  5.95268e-07
 Reference value :  5.96019e-07
 Reference value :  5.96708e-07
 Reference value :  5.97468e-07
 Reference value :  5.98108e-07
 Reference value :  5.99028e-07
 Reference value :  6.00000e-07
 Reference value :  6.00506e-07
 Reference value :  6.01346e-07
 Reference value :  6.02026e-07
 Reference value :  6.02788e-07
 Reference value :  6.03828e-07
 Reference value :  6.04428e-07
 Reference value :  6.05108e-07
 Reference value :  6.05948e-07
 Reference value :  6.06508e-07
 Reference value :  6.07508e-07
 Reference value :  6.08108e-07
 Reference value :  6.08828e-07
 Reference value :  6.09828e-07
 Reference value :  6.10308e-07
 Reference value :  6.11228e-07
 Reference value :  6.12013e-07
 Reference value :  6.12628e-07
 Reference value :  6.13348e-07
 Reference value :  6.14012e-07
 Reference value :  6.14708e-07
 Reference value :  6.15708e-07
 Reference value :  6.16308e-07
 Reference value :  6.17028e-07
 Reference value :  6.18000e-07
 Reference value :  6.18468e-07
 Reference value :  6.19508e-07
 Reference value :  6.20148e-07
 Reference value :  6.20908e-07
 Reference value :  6.21588e-07
 Reference value :  6.22188e-07
 Reference value :  6.23148e-07
 Reference value :  6.24013e-07
 Reference value :  6.24586e-07
 Reference value :  6.25466e-07
 Reference value :  6.26108e-07
 Reference value :  6.26948e-07
 Reference value :  6.27948e-07
 Reference value :  6.28468e-07
 Reference value :  6.29188e-07
 Reference value :  6.30000e-07
 Reference value :  6.30548e-07
 Reference value :  6.31548e-07
 Reference value :  6.32188e-07
 Reference value :  6.32948e-07
 Reference value :  6.34000e-07
 Reference value :  6.34468e-07
 Reference value :  6.35468e-07
 Reference value :  6.36108e-07
 Reference value :  6.36868e-07
 Reference value :  6.37668e-07
 Reference value :  6.38228e-07
 Reference value :  6.39188e-07
 Reference value :  6.40013e-07
 Reference value :  6.40628e-07
 Reference value :  6.41548e-07
 Reference value :  6.42148e-07
 Reference value :  6.43028e-07
 Reference value :  6.44000e-07
 Reference value :  6.44508e-07
 Reference value :  6.45268e-07
 Reference value :  6.45948e-07
 Reference value :  6.46468e-07
 Reference value :  6.47468e-07
 Reference value :  6.48306e-07
 Reference value :  6.49266e-07
 Reference value :  6.50108e-07
 Reference value :  6.51148e-07
 Reference value :  6.52040e-07
 Reference value :  6.52908e-07
 Reference value :  6.53828e-07
 Reference value :  6.54588e-07
 Reference value :  6.55828e-07
 Reference value :  6.56508e-07
 Reference value :  6.57628e-07
 Reference value :  6.58348e-07
 Reference value :  6.59548e-07
 Reference value :  6.60308e-07
 Reference value :  6.61028e-07
 Reference value :  6.61788e-07
 Reference value :  6.62348e-07
 Reference value :  6.63388e-07
 Reference value :  6.64040e-07
 Reference value :  6.64748e-07
 Reference value :  6.65708e-07
 Reference value :  6.66268e-07
 Reference value :  6.67148e-07
 Reference value :  6.68008e-07
 Reference value :  6.68588e-07
 Reference value :  6.69268e-07
 Reference value :  6.70012e-07
 Reference value :  6.70708e-07
 Reference value :  6.71788e-07
 Reference value :  6.72386e-07
 Reference value :  6.73146e-07
 Reference value :  6.74013e-07
 Reference value :  6.74628e-07
 Reference value :  6.75628e-07
 Reference value :  6.76188e-07
 Reference value :  6.76948e-07
 Reference value :  6.77668e-07
 Reference value :  6.78268e-07
 Reference value :  6.79348e-07
 Reference value :  6.80108e-07
 Reference value :  6.80828e-07
 Reference value :  6.81788e-07
 Reference value :  6.82308e-07
 Reference value :  6.83268e-07
 Reference value :  6.84015e-07
 Reference value :  6.84668e-07
 Reference value :  6.85308e-07
 Reference value :  6.86015e-07
 Reference value :  6.86828e-07
 Reference value :  6.87828e-07
 Reference value :  6.88388e-07
 Reference value :  6.89188e-07
 Reference value :  6.90012e-07
 Reference value :  6.90588e-07
 Reference value :  6.91628e-07
 Reference value :  6.92188e-07
 Reference value :  6.92948e-07
 Reference value :  6.93708e-07
 Reference value :  6.94308e-07
 Reference value :  6.95308e-07
 Reference value :  6.96025e-07
 Reference value :  6.96706e-07
 Reference value :  6.97626e-07
 Reference value :  6.98188e-07
 Reference value :  6.99068e-07
 Reference value :  7.00004e-07
 Reference value :  7.00588e-07
 Reference value :  7.01268e-07
 Reference value :  7.02015e-07
 Reference value :  7.02788e-07
 Reference value :  7.03788e-07
 Reference value :  7.04348e-07
 Reference value :  7.05188e-07
 Reference value :  7.06013e-07
 Reference value :  7.06668e-07
 Reference value :  7.07708e-07
 Reference value :  7.08388e-07
 Reference value :  7.09588e-07
 Reference value :  7.10188e-07
 Reference value :  7.11188e-07
 Reference value :  7.12015e-07
 Reference value :  7.12708e-07
 Reference value :  7.13668e-07
 Reference value :  7.14268e-07
 Reference value :  7.15388e-07
 Reference value :  7.16068e-07
 Reference value :  7.16788e-07
 Reference value :  7.17508e-07
 Reference value :  7.18148e-07
 Reference value :  7.19108e-07
 Reference value :  7.20008e-07
 Reference value :  7.20628e-07
 Reference value :  7.21974e-07
 Reference value :  7.23108e-07
 Reference value :  7.24015e-07
 Reference value :  7.24668e-07
 Reference value :  7.25388e-07
 Reference value :  7.26026e-07
 Reference value :  7.26908e-07
 Reference value :  7.27908e-07
 Reference value :  7.28428e-07
 Reference value :  7.29228e-07
 Reference value :  7.30013e-07
 Reference value :  7.30668e-07
 Reference value :  7.31748e-07
 Reference value :  7.32548e-07
 Reference value :  7.33228e-07
 Reference value :  7.34004e-07
 Reference value :  7.34628e-07
 Reference value :  7.35628e-07
 Reference value :  7.36388e-07
 Reference value :  7.37308e-07
 Reference value :  7.38019e-07
 Reference value :  7.38788e-07
 Reference value :  7.39828e-07
 Reference value :  7.40428e-07
 Reference value :  7.41148e-07
 Reference value :  7.41868e-07
 Reference value :  7.42428e-07
 Reference value :  7.43428e-07
 Reference value :  7.44108e-07
 Reference value :  7.44868e-07
 Reference value :  7.45948e-07
 Reference value :  7.46428e-07
 Reference value :  7.47468e-07
 Reference value :  7.48108e-07
 Reference value :  7.48868e-07
 Reference value :  7.49548e-07
 Reference value :  7.50188e-07
 Reference value :  7.51228e-07
 Reference value :  7.52013e-07
 Reference value :  7.52628e-07
 Reference value :  7.53548e-07
 Reference value :  7.54148e-07
 Reference value :  7.54988e-07
 Reference value :  7.56013e-07
 Reference value :  7.56708e-07
 Reference value :  7.57548e-07
 Reference value :  7.58228e-07
 Reference value :  7.59348e-07
 Reference value :  7.60108e-07
 Reference value :  7.60908e-07
 Reference value :  7.62008e-07
 Reference value :  7.62788e-07
 Reference value :  7.63974e-07
 Reference value :  7.64588e-07
 Reference value :  7.65348e-07
 Reference value :  7.66026e-07
 Reference value :  7.66908e-07
 Reference value :  7.67948e-07
 Reference value :  7.68468e-07
 Reference value :  7.69348e-07
 Reference value :  7.70026e-07
 Reference value :  7.70788e-07
 Reference value :  7.71788e-07
 Reference value :  7.72388e-07
 Reference value :  7.73068e-07
 Reference value :  7.73708e-07
 Reference value :  7.74188e-07
 Reference value :  7.75148e-07
 Reference value :  7.76013e-07
 Reference value :  7.76668e-07
 Reference value :  7.77628e-07
 Reference value :  7.78188e-07
 Reference value :  7.79108e-07
 Reference value :  7.80004e-07
 Reference value :  7.80588e-07
 Reference value :  7.81308e-07
 Reference value :  7.82013e-07
 Reference value :  7.82788e-07
 Reference value :  7.83828e-07
 Reference value :  7.84428e-07
 Reference value :  7.85268e-07
 Reference value :  7.86188e-07
 Reference value :  7.87348e-07
 Reference value :  7.88068e-07
 Reference value :  7.88788e-07
 Reference value :  7.89468e-07
 Reference value :  7.90068e-07
 Reference value :  7.90948e-07
 Reference value :  7.91948e-07
 Reference value :  7.92508e-07
 Reference value :  7.93974e-07
 Reference value :  7.94548e-07
 Reference value :  7.95548e-07
 Reference value :  7.96186e-07
 Reference value :  7.96946e-07
 Reference value :  7.97746e-07
 Reference value :  7.98988e-07
 Reference value :  7.99974e-07
 Reference value :  8.00468e-07
 Reference value :  8.01308e-07
 Reference value :  8.02148e-07
 Reference value :  8.03628e-07
 Reference value :  8.04228e-07
 Reference value :  8.04988e-07
 Reference value :  8.05748e-07
 Reference value :  8.06548e-07
 Reference value :  8.07974e-07
 Reference value :  8.08468e-07
 Reference value :  8.09308e-07
 Reference value :  8.10026e-07
 Reference value :  8.10788e-07
 Reference value :  8.11828e-07
 Reference value :  8.12388e-07
 Reference value :  8.13068e-07
 Reference value :  8.13868e-07
 Reference value :  8.14388e-07
 Reference value :  8.15588e-07
 Reference value :  8.16188e-07
 Reference value :  8.16948e-07
 Reference value :  8.17948e-07
 Reference value :  8.18428e-07
 Reference value :  8.19548e-07
 Reference value :  8.20346e-07
 Reference value :  8.21066e-07
 Reference value :  8.21866e-07
 Reference value :  8.22428e-07
 Reference value :  8.23468e-07
 Reference value :  8.24188e-07
 Reference value :  8.24908e-07
 Reference value :  8.25908e-07
 Reference value :  8.26388e-07
 Reference value :  8.27428e-07
 Reference value :  8.28108e-07
 Reference value :  8.28828e-07
 Reference value :  8.29868e-07
 Reference value :  8.30668e-07
 Reference value :  8.31708e-07
 Reference value :  8.32268e-07
 Reference value :  8.33108e-07
 Reference value :  8.34013e-07
 Reference value :  8.34908e-07
 Reference value :  8.36000e-07
 Reference value :  8.36668e-07
 Reference value :  8.37548e-07
 Reference value :  8.38468e-07
 Reference value :  8.39828e-07
 Reference value :  8.40628e-07
 Reference value :  8.41748e-07
 Reference value :  8.42388e-07
 Reference value :  8.43428e-07
 Reference value :  8.44106e-07
 Reference value :  8.44866e-07
 Reference value :  8.45546e-07
 Reference value :  8.46148e-07
 Reference value :  8.47068e-07
 Reference value :  8.48001e-07
 Reference value :  8.48548e-07
 Reference value :  8.49428e-07
 Reference value :  8.50068e-07
 Reference value :  8.50868e-07
 Reference value :  8.51908e-07
 Reference value :  8.52428e-07
 Reference value :  8.53148e-07
 Reference value :  8.53948e-07
 Reference value :  8.54508e-07
 Reference value :  8.55508e-07
 Reference value :  8.56148e-07
 Reference value :  8.57068e-07
 Reference value :  8.58026e-07
 Reference value :  8.58908e-07
 Reference value :  8.60004e-07
 Reference value :  8.60668e-07
 Reference value :  8.61508e-07
 Reference value :  8.62188e-07
 Reference value :  8.63348e-07
 Reference value :  8.64068e-07
 Reference value :  8.64908e-07
 Reference value :  8.66004e-07
 Reference value :  8.66708e-07
 Reference value :  8.67868e-07
 Reference value :  8.68586e-07
 Reference value :  8.69426e-07
 Reference value :  8.70108e-07
 Reference value :  8.71228e-07
 Reference value :  8.72019e-07
 Reference value :  8.72828e-07
 Reference value :  8.74008e-07
 Reference value :  8.74828e-07
 Reference value :  8.75868e-07
 Reference value :  8.76388e-07
 Reference value :  8.77068e-07
 Reference value :  8.77868e-07
 Reference value :  8.78388e-07
 Reference value :  8.79588e-07
 Reference value :  8.80388e-07
 Reference value :  8.81468e-07
 Reference value :  8.82108e-07
 Reference value :  8.82948e-07
 Reference value :  8.83948e-07
 Reference value :  8.84468e-07
 Reference value :  8.85188e-07
 Reference value :  8.86108e-07
 Reference value :  8.87028e-07
 Reference value :  8.88000e-07
 Reference value :  8.88468e-07
 Reference value :  8.89308e-07
 Reference value :  8.90026e-07
 Reference value :  8.90788e-07
 Reference value :  8.91788e-07
 Reference value :  8.92386e-07
 Reference value :  8.93506e-07
 Reference value :  8.94148e-07
 Reference value :  8.95068e-07
 Reference value :  8.96001e-07
 Reference value :  8.96548e-07
 Reference value :  8.97508e-07
 Reference value :  8.98108e-07
 Reference value :  8.98948e-07
 Reference value :  8.99974e-07
 Reference value :  9.00468e-07
 Reference value :  9.01228e-07
 Reference value :  9.02026e-07
 Reference value :  9.03028e-07
 Reference value :  9.04015e-07
 Reference value :  9.04668e-07
 Reference value :  9.05588e-07
 Reference value :  9.06188e-07
 Reference value :  9.07068e-07
 Reference value :  9.08001e-07
 Reference value :  9.08548e-07
 Reference value :  9.09188e-07
 Reference value :  9.10004e-07
 Reference value :  9.10628e-07
 Reference value :  9.11628e-07
 Reference value :  9.12228e-07
 Reference value :  9.13028e-07
 Reference value :  9.14000e-07
 Reference value :  9.14468e-07
 Reference value :  9.15508e-07
 Reference value :  9.16146e-07
 Reference value :  9.16906e-07
 Reference value :  9.17666e-07
 Reference value :  9.18228e-07
 Reference value :  9.19188e-07
 Reference value :  9.20013e-07
 Reference value :  9.20628e-07
 Reference value :  9.21508e-07
 Reference value :  9.22108e-07
 Reference value :  9.23068e-07
 Reference value :  9.24040e-07
 Reference value :  9.24748e-07
 Reference value :  9.25428e-07
 Reference value :  9.26068e-07
 Reference value :  9.26988e-07
 Reference value :  9.27974e-07
 Reference value :  9.28468e-07
 Reference value :  9.29308e-07
 Reference value :  9.30019e-07
 Reference value :  9.30748e-07
 Reference value :  9.31828e-07
 Reference value :  9.32388e-07
 Reference value :  9.33108e-07
 Reference value :  9.33828e-07
 Reference value :  9.34388e-07
 Reference value :  9.35428e-07
 Reference value :  9.36068e-07
 Reference value :  9.36788e-07
 Reference value :  9.37828e-07
 Reference value :  9.38348e-07
 Reference value :  9.39348e-07
 Reference value :  9.40039e-07
 Reference value :  9.40746e-07
 Reference value :  9.41426e-07
 Reference value :  9.42148e-07
 Reference value :  9.43268e-07
 Reference value :  9.44019e-07
 Reference value :  9.44708e-07
 Reference value :  9.45668e-07
 Reference value :  9.46228e-07
 Reference value :  9.47148e-07
 Reference value :  9.48008e-07
 Reference value :  9.48588e-07
 Reference value :  9.49308e-07
 Reference value :  9.50068e-07
 Reference value :  9.51228e-07
 Reference value :  9.52108e-07
 Reference value :  9.53068e-07
 Reference value :  9.54004e-07
 Reference value :  9.54588e-07
 Reference value :  9.55628e-07
 Reference value :  9.56228e-07
 Reference value :  9.56948e-07
 Reference value :  9.57668e-07
 Reference value :  9.58228e-07
 Reference value :  9.59228e-07
 Reference value :  9.60015e-07
 Reference value :  9.60708e-07
 Reference value :  9.61668e-07
 Reference value :  9.62268e-07
 Reference value :  9.63148e-07
 Reference value :  9.64008e-07
 Reference value :  9.64588e-07
 Reference value :  9.65428e-07
 Reference value :  9.66148e-07
 Reference value :  9.67308e-07
 Reference value :  9.68148e-07
 Reference value :  9.69068e-07
 Reference value :  9.70019e-07
 Reference value :  9.70988e-07
 Reference value :  9.72012e-07
 Reference value :  9.72788e-07
 Reference value :  9.73708e-07
 Reference value :  9.74508e-07
 Reference value :  9.75748e-07
 Reference value :  9.76468e-07
 Reference value :  9.77588e-07
 Reference value :  9.78348e-07
 Reference value :  9.79588e-07
 Reference value :  9.80388e-07
 Reference value :  9.81228e-07
 Reference value :  9.82026e-07
 Reference value :  9.83148e-07
 Reference value :  9.84040e-07
 Reference value :  9.85588e-07
 Reference value :  9.86628e-07
 Reference value :  9.87974e-07
 Reference value :  9.88628e-07
 Reference value :  9.89468e-07
 Reference value :  9.90308e-07
 Reference value :  9.91508e-07
 Reference value :  9.92348e-07
 Reference value :  9.93348e-07
 Reference value :  9.94148e-07
 Reference value :  9.95268e-07
 Reference value :  9.96148e-07
 Reference value :  9.97068e-07
 Reference value :  9.97948e-07
 Reference value :  9.98748e-07
 Reference value :  9.99974e-07
 Reference value :  1.00063e-06
 Reference value :  1.00175e-06
 Reference value :  1.00243e-06
 Reference value :  1.00363e-06
 Reference value :  1.00439e-06
 Reference value :  1.00519e-06
 Reference value :  1.00602e-06
 Reference value :  1.00711e-06
 Reference value :  1.00803e-06
 Reference value :  1.00891e-06
 Reference value :  1.01001e-06
 Reference value :  1.01083e-06
 Reference value :  1.01200e-06
 Reference value :  1.01267e-06
 Reference value :  1.01355e-06
 Reference value :  1.01435e-06
 Reference value :  1.01559e-06
 Reference value :  1.01639e-06
 Reference value :  1.01735e-06
 Reference value :  1.01815e-06
 Reference value :  1.01923e-06
 Reference value :  1.02011e-06
 Reference value :  1.02103e-06
 Reference value :  1.02200e-06
 Reference value :  1.02279e-06
 Reference value :  1.02400e-06
 Reference value :  1.02467e-06
 Reference value :  1.02587e-06
 Reference value :  1.02651e-06
 Reference value :  1.02775e-06
 Reference value :  1.02847e-06
 Reference value :  1.02931e-06
 Reference value :  1.03001e-06
 Reference value :  1.03091e-06
 Reference value :  1.03201e-06
 Reference value :  1.03271e-06
 Reference value :  1.03395e-06
 Reference value :  1.03459e-06
 Reference value :  1.03587e-06
 Reference value :  1.03655e-06
 Reference value :  1.03727e-06
 Reference value :  1.03803e-06
 Reference value :  1.03911e-06
 Reference value :  1.04002e-06
 Reference value :  1.04083e-06
 Reference value :  1.04200e-06
 Reference value :  1.04267e-06
 Reference value :  1.04391e-06
 Reference value :  1.04455e-06
 Reference value :  1.04543e-06
 Reference value :  1.04663e-06
 Reference value :  1.04787e-06
 Reference value :  1.04855e-06
 Reference value :  1.04963e-06
 Reference value :  1.05035e-06
 Reference value :  1.05155e-06
 Reference value :  1.05231e-06
 Reference value :  1.05315e-06
 Reference value :  1.05401e-06
 Reference value :  1.05495e-06
 Reference value :  1.05601e-06
 Reference value :  1.05675e-06
 Reference value :  1.05795e-06
 Reference value :  1.05859e-06
 Reference value :  1.05979e-06
 Reference value :  1.06051e-06
 Reference value :  1.06135e-06
 Reference value :  1.06203e-06
 Reference value :  1.06315e-06
 Reference value :  1.06404e-06
 Reference value :  1.06491e-06
 Reference value :  1.06601e-06
 Reference value :  1.06679e-06
 Reference value :  1.06797e-06
 Reference value :  1.06863e-06
 Reference value :  1.06943e-06
 Reference value :  1.07023e-06
 Reference value :  1.07139e-06
 Reference value :  1.07219e-06
 Reference value :  1.07323e-06
 Reference value :  1.07411e-06
 Reference value :  1.07515e-06
 Reference value :  1.07603e-06
 Reference value :  1.07687e-06
 Reference value :  1.07779e-06
 Reference value :  1.07855e-06
 Reference value :  1.07979e-06
 Reference value :  1.08051e-06
 Reference value :  1.08155e-06
 Reference value :  1.08231e-06
 Reference value :  1.08347e-06
 Reference value :  1.08423e-06
 Reference value :  1.08507e-06
 Reference value :  1.08600e-06
 Reference value :  1.08687e-06
 Reference value :  1.08801e-06
 Reference value :  1.08875e-06
 Reference value :  1.08991e-06
 Reference value :  1.09055e-06
 Reference value :  1.09175e-06
 Reference value :  1.09247e-06
 Reference value :  1.09331e-06
 Reference value :  1.09401e-06
 Reference value :  1.09499e-06
 Reference value :  1.09601e-06
 Reference value :  1.09679e-06
 Reference value :  1.09797e-06
 Reference value :  1.09863e-06
 Reference value :  1.09983e-06
 Reference value :  1.10055e-06
 Reference value :  1.10135e-06
 Reference value :  1.10215e-06
 Reference value :  1.10327e-06
 Reference value :  1.10411e-06
 Reference value :  1.10503e-06
 Reference value :  1.10601e-06
 Reference value :  1.10687e-06
 Reference value :  1.10801e-06
 Reference value :  1.10871e-06
 Reference value :  1.10959e-06
 Reference value :  1.11039e-06
 Reference value :  1.11163e-06
 Reference value :  1.11243e-06
 Reference value :  1.11347e-06
 Reference value :  1.11423e-06
 Reference value :  1.11535e-06
 Reference value :  1.11619e-06
 Reference value :  1.11711e-06
 Reference value :  1.11801e-06
 Reference value :  1.11903e-06
 Reference value :  1.12003e-06
 Reference value :  1.12091e-06
 Reference value :  1.12201e-06
 Reference value :  1.12287e-06
 Reference value :  1.12400e-06
 Reference value :  1.12471e-06
 Reference value :  1.12567e-06
 Reference value :  1.12643e-06
 Reference value :  1.12763e-06
 Reference value :  1.12843e-06
 Reference value :  1.12943e-06
 Reference value :  1.13023e-06
 Reference value :  1.13135e-06
 Reference value :  1.13219e-06
 Reference value :  1.13307e-06
 Reference value :  1.13400e-06
 Reference value :  1.13491e-06
 Reference value :  1.13601e-06
 Reference value :  1.13675e-06
 Reference value :  1.13795e-06
 Reference value :  1.13859e-06
 Reference value :  1.13983e-06
 Reference value :  1.14055e-06
 Reference value :  1.14143e-06
 Reference value :  1.14223e-06
 Reference value :  1.14347e-06
 Reference value :  1.14427e-06
 Reference value :  1.14527e-06
 Reference value :  1.14611e-06
 Reference value :  1.14723e-06
 Reference value :  1.14807e-06
 Reference value :  1.14895e-06
 Reference value :  1.14997e-06
 Reference value :  1.15079e-06
 Reference value :  1.15200e-06
 Reference value :  1.15267e-06
 Reference value :  1.15387e-06
 Reference value :  1.15455e-06
 Reference value :  1.15583e-06
 Reference value :  1.15655e-06
 Reference value :  1.15743e-06
 Reference value :  1.15811e-06
 Reference value :  1.15923e-06
 Reference value :  1.16007e-06
 Reference value :  1.16099e-06
 Reference value :  1.16202e-06
 Reference value :  1.16295e-06
 Reference value :  1.16401e-06
 Reference value :  1.16479e-06
 Reference value :  1.16571e-06
 Reference value :  1.16651e-06
 Reference value :  1.16775e-06
 Reference value :  1.16847e-06
 Reference value :  1.16959e-06
 Reference value :  1.17035e-06
 Reference value :  1.17155e-06
 Reference value :  1.17235e-06
 Reference value :  1.17323e-06
 Reference value :  1.17403e-06
 Reference value :  1.17515e-06
 Reference value :  1.17604e-06
 Reference value :  1.17691e-06
 Reference value :  1.17801e-06
 Reference value :  1.17887e-06
 Reference value :  1.18001e-06
 Reference value :  1.18079e-06
 Reference value :  1.18171e-06
 Reference value :  1.18247e-06
 Reference value :  1.18375e-06
 Reference value :  1.18447e-06
 Reference value :  1.18555e-06
 Reference value :  1.18627e-06
 Reference value :  1.18743e-06
 Reference value :  1.18827e-06
 Reference value :  1.18923e-06
 Reference value :  1.19002e-06
 Reference value :  1.19103e-06
 Reference value :  1.19201e-06
 Reference value :  1.19275e-06
 Reference value :  1.19391e-06
 Reference value :  1.19459e-06
 Reference value :  1.19579e-06
 Reference value :  1.19647e-06
 Reference value :  1.19723e-06
 Reference value :  1.19802e-06
 Reference value :  1.19907e-06
 Reference value :  1.20002e-06
 Reference value :  1.20083e-06
 Reference value :  1.20200e-06
 Reference value :  1.20275e-06
 Reference value :  1.20395e-06
 Reference value :  1.20463e-06
 Reference value :  1.20551e-06
 Reference value :  1.20631e-06
 Reference value :  1.20751e-06
 Reference value :  1.20835e-06
 Reference value :  1.20931e-06
 Reference value :  1.21023e-06
 Reference value :  1.21135e-06
 Reference value :  1.21215e-06
 Reference value :  1.21303e-06
 Reference value :  1.21400e-06
 Reference value :  1.21483e-06
 Reference value :  1.21600e-06
 Reference value :  1.21671e-06
 Reference value :  1.21787e-06
 Reference value :  1.21859e-06
 Reference value :  1.22002e-06
 Reference value :  1.22131e-06
 Reference value :  1.22235e-06
 Reference value :  1.22401e-06
 Reference value :  1.22535e-06
 Reference value :  1.22663e-06
 Reference value :  1.22807e-06
 Reference value :  1.22939e-06
 Reference value :  1.23031e-06
 Reference value :  1.23155e-06
 Reference value :  1.23235e-06
 Reference value :  1.23335e-06
 Reference value :  1.23419e-06
 Reference value :  1.23535e-06
 Reference value :  1.23615e-06
 Reference value :  1.23703e-06
 Reference value :  1.23797e-06
 Reference value :  1.23879e-06
 Reference value :  1.23997e-06
 Reference value :  1.24063e-06
 Reference value :  1.24175e-06
 Reference value :  1.24247e-06
 Reference value :  1.24375e-06
 Reference value :  1.24451e-06
 Reference value :  1.24531e-06
 Reference value :  1.24611e-06
 Reference value :  1.24723e-06
 Reference value :  1.24807e-06
 Reference value :  1.24899e-06
 Reference value :  1.25001e-06
 Reference value :  1.25087e-06
 Reference value :  1.25200e-06
 Reference value :  1.25271e-06
 Reference value :  1.25359e-06
 Reference value :  1.25431e-06
 Reference value :  1.25555e-06
 Reference value :  1.25635e-06
 Reference value :  1.25731e-06
 Reference value :  1.25811e-06
 Reference value :  1.25923e-06
 Reference value :  1.26011e-06
 Reference value :  1.26115e-06
 Reference value :  1.26207e-06
 Reference value :  1.26319e-06
 Reference value :  1.26404e-06
 Reference value :  1.26495e-06
 Reference value :  1.26601e-06
 Reference value :  1.26679e-06
 Reference value :  1.26800e-06
 Reference value :  1.26863e-06
 Reference value :  1.26951e-06
 Reference value :  1.27027e-06
 Reference value :  1.27147e-06
 Reference value :  1.27227e-06
 Reference value :  1.27323e-06
 Reference value :  1.27411e-06
 Reference value :  1.27519e-06
 Reference value :  1.27611e-06
 Reference value :  1.27699e-06
 Reference value :  1.27800e-06
 Reference value :  1.27883e-06
 Reference value :  1.28000e-06
 Reference value :  1.28071e-06
 Reference value :  1.28191e-06
 Reference value :  1.28259e-06
 Reference value :  1.28383e-06
 Reference value :  1.28455e-06
 Reference value :  1.28543e-06
 Reference value :  1.28604e-06
 Reference value :  1.28715e-06
 Reference value :  1.28807e-06
 Reference value :  1.28899e-06
 Reference value :  1.29002e-06
 Reference value :  1.29095e-06
 Reference value :  1.29201e-06
 Reference value :  1.29279e-06
 Reference value :  1.29355e-06
 Reference value :  1.29431e-06
 Reference value :  1.29555e-06
 Reference value :  1.29639e-06
 Reference value :  1.29747e-06
 Reference value :  1.29827e-06
 Reference value :  1.29943e-06
 Reference value :  1.30023e-06
 Reference value :  1.30111e-06
 Reference value :  1.30201e-06
 Reference value :  1.30295e-06
 Reference value :  1.30401e-06
 Reference value :  1.30479e-06
 Reference value :  1.30597e-06
 Reference value :  1.30667e-06
 Reference value :  1.30791e-06
 Reference value :  1.30859e-06
 Reference value :  1.30943e-06
 Reference value :  1.31027e-06
 Reference value :  1.31155e-06
 Reference value :  1.31239e-06
 Reference value :  1.31347e-06
 Reference value :  1.31427e-06
 Reference value :  1.31543e-06
 Reference value :  1.31627e-06
 Reference value :  1.31719e-06
 Reference value :  1.31801e-06
 Reference value :  1.31895e-06
 Reference value :  1.32001e-06
 Reference value :  1.32079e-06
 Reference value :  1.32200e-06
 Reference value :  1.32271e-06
 Reference value :  1.32395e-06
 Reference value :  1.32459e-06
 Reference value :  1.32539e-06
 Reference value :  1.32623e-06
 Reference value :  1.32743e-06
 Reference value :  1.32827e-06
 Reference value :  1.32927e-06
 Reference value :  1.33015e-06
 Reference value :  1.33127e-06
 Reference value :  1.33211e-06
 Reference value :  1.33299e-06
 Reference value :  1.33397e-06
 Reference value :  1.33471e-06
 Reference value :  1.33591e-06
 Reference value :  1.33659e-06
 Reference value :  1.33767e-06
 Reference value :  1.33839e-06
 Reference value :  1.33959e-06
 Reference value :  1.34035e-06
 Reference value :  1.34115e-06
 Reference value :  1.34201e-06
 Reference value :  1.34299e-06
 Reference value :  1.34401e-06
 Reference value :  1.34479e-06
 Reference value :  1.34600e-06
 Reference value :  1.34667e-06
 Reference value :  1.34791e-06
 Reference value :  1.34855e-06
 Reference value :  1.34939e-06
 Reference value :  1.35007e-06
 Reference value :  1.35119e-06
 Reference value :  1.35207e-06
 Reference value :  1.35299e-06
 Reference value :  1.35401e-06
 Reference value :  1.35491e-06
 Reference value :  1.35601e-06
 Reference value :  1.35671e-06
 Reference value :  1.35755e-06
 Reference value :  1.35831e-06
 Reference value :  1.35951e-06
 Reference value :  1.36035e-06
 Reference value :  1.36139e-06
 Reference value :  1.36219e-06
 Reference value :  1.36331e-06
 Reference value :  1.36415e-06
 Reference value :  1.36507e-06
 Reference value :  1.36600e-06
 Reference value :  1.36679e-06
 Reference value :  1.36800e-06
 Reference value :  1.36871e-06
 Reference value :  1.36987e-06
 Reference value :  1.37051e-06
 Reference value :  1.37179e-06
 Reference value :  1.37259e-06
 Reference value :  1.37371e-06
 Reference value :  1.37451e-06
 Reference value :  1.37575e-06
 Reference value :  1.37647e-06
 Reference value :  1.37751e-06
 Reference value :  1.37827e-06
 Reference value :  1.37939e-06
 Reference value :  1.38019e-06
 Reference value :  1.38107e-06
 Reference value :  1.38195e-06
 Reference value :  1.38271e-06
 Reference value :  1.38397e-06
 Reference value :  1.38463e-06
 Reference value :  1.38571e-06
 Reference value :  1.38639e-06
 Reference value :  1.38759e-06
 Reference value :  1.38835e-06
 Reference value :  1.38915e-06
 Reference value :  1.39001e-06
 Reference value :  1.39091e-06
 Reference value :  1.39201e-06
 Reference value :  1.39275e-06
 Reference value :  1.39395e-06
 Reference value :  1.39459e-06
 Reference value :  1.39583e-06
 Reference value :  1.39655e-06
 Reference value :  1.39743e-06
 Reference value :  1.39819e-06
 Reference value :  1.39939e-06
 Reference value :  1.40023e-06
 Reference value :  1.40119e-06
 Reference value :  1.40211e-06
 Reference value :  1.40319e-06
 Reference value :  1.40407e-06
 Reference value :  1.40499e-06
 Reference value :  1.40600e-06
 Reference value :  1.40679e-06
 Reference value :  1.40800e-06
 Reference value :  1.40867e-06
 Reference value :  1.40987e-06
 Reference value :  1.41055e-06
 Reference value :  1.41179e-06
 Reference value :  1.41251e-06
 Reference value :  1.41339e-06
 Reference value :  1.41404e-06
 Reference value :  1.41515e-06
 Reference value :  1.41604e-06
 Reference value :  1.41695e-06
 Reference value :  1.41801e-06
 Reference value :  1.41887e-06
 Reference value :  1.42000e-06
 Reference value :  1.42071e-06
 Reference value :  1.42155e-06
 Reference value :  1.42231e-06
 Reference value :  1.42355e-06
 Reference value :  1.42435e-06
 Reference value :  1.42539e-06
 Reference value :  1.42619e-06
 Reference value :  1.42735e-06
 Reference value :  1.42819e-06
 Reference value :  1.42911e-06
 Reference value :  1.43001e-06
 Reference value :  1.43095e-06
 Reference value :  1.43201e-06
 Reference value :  1.43279e-06
 Reference value :  1.43400e-06
 Reference value :  1.43471e-06
 Reference value :  1.43597e-06
 Reference value :  1.43663e-06
 Reference value :  1.43755e-06
 Reference value :  1.43835e-06
 Reference value :  1.43959e-06
 Reference value :  1.44039e-06
 Reference value :  1.44139e-06
 Reference value :  1.44219e-06
 Reference value :  1.44327e-06
 Reference value :  1.44411e-06
 Reference value :  1.44503e-06
 Reference value :  1.44591e-06
 Reference value :  1.44667e-06
 Reference value :  1.44795e-06
 Reference value :  1.44859e-06
 Reference value :  1.44971e-06
 Reference value :  1.45039e-06
 Reference value :  1.45163e-06
 Reference value :  1.45239e-06
 Reference value :  1.45319e-06
 Reference value :  1.45402e-06
 Reference value :  1.45503e-06
 Reference value :  1.45601e-06
 Reference value :  1.45679e-06
 Reference value :  1.45797e-06
 Reference value :  1.45871e-06
 Reference value :  1.45997e-06
 Reference value :  1.46063e-06
 Reference value :  1.46151e-06
 Reference value :  1.46231e-06
 Reference value :  1.46359e-06
 Reference value :  1.46439e-06
 Reference value :  1.46535e-06
 Reference value :  1.46615e-06
 Reference value :  1.46719e-06
 Reference value :  1.46804e-06
 Reference value :  1.46891e-06
 Reference value :  1.46983e-06
 Reference value :  1.47059e-06
 Reference value :  1.47179e-06
 Reference value :  1.47255e-06
 Reference value :  1.47367e-06
 Reference value :  1.47435e-06
 Reference value :  1.47555e-06
 Reference value :  1.47635e-06
 Reference value :  1.47723e-06
 Reference value :  1.47801e-06
 Reference value :  1.47891e-06
 Reference value :  1.48000e-06
 Reference value :  1.48075e-06
 Reference value :  1.48191e-06
 Reference value :  1.48259e-06
 Reference value :  1.48383e-06
 Reference value :  1.48451e-06
 Reference value :  1.48531e-06
 Reference value :  1.48611e-06
 Reference value :  1.48719e-06
 Reference value :  1.48804e-06
 Reference value :  1.48899e-06
 Reference value :  1.49002e-06
 Reference value :  1.49091e-06
 Reference value :  1.49202e-06
 Reference value :  1.49287e-06
 Reference value :  1.49379e-06
 Reference value :  1.49451e-06
 Reference value :  1.49571e-06
 Reference value :  1.49643e-06
 Reference value :  1.49747e-06
 Reference value :  1.49823e-06
 Reference value :  1.49943e-06
 Reference value :  1.50023e-06
 Reference value :  1.50111e-06
 Reference value :  1.50201e-06
 Reference value :  1.50287e-06
 Reference value :  1.50400e-06
 Reference value :  1.50471e-06
 Reference value :  1.50597e-06
 Reference value :  1.50667e-06
 Reference value :  1.50791e-06
 Reference value :  1.50859e-06
 Reference value :  1.50947e-06
 Reference value :  1.51019e-06
 Reference value :  1.51135e-06
 Reference value :  1.51219e-06
 Reference value :  1.51315e-06
 Reference value :  1.51407e-06
 Reference value :  1.51515e-06
 Reference value :  1.51604e-06
 Reference value :  1.51691e-06
 Reference value :  1.51779e-06
 Reference value :  1.51855e-06
 Reference value :  1.51979e-06
 Reference value :  1.52051e-06
 Reference value :  1.52159e-06
 Reference value :  1.52231e-06
 Reference value :  1.52343e-06
 Reference value :  1.52423e-06
 Reference value :  1.52511e-06
 Reference value :  1.52601e-06
 Reference value :  1.52695e-06
 Reference value :  1.52801e-06
 Reference value :  1.52879e-06
 Reference value :  1.52997e-06
 Reference value :  1.53067e-06
 Reference value :  1.53191e-06
 Reference value :  1.53255e-06
 Reference value :  1.53343e-06
 Reference value :  1.53419e-06
 Reference value :  1.53535e-06
 Reference value :  1.53615e-06
 Reference value :  1.53711e-06
 Reference value :  1.53803e-06
 Reference value :  1.53903e-06
 Reference value :  1.54001e-06
 Reference value :  1.54079e-06
 Reference value :  1.54163e-06
 Reference value :  1.54227e-06
 Reference value :  1.54351e-06
 Reference value :  1.54431e-06
 Reference value :  1.54531e-06
 Reference value :  1.54611e-06
 Reference value :  1.54719e-06
 Reference value :  1.54815e-06
 Reference value :  1.54899e-06
 Reference value :  1.54979e-06
 Reference value :  1.55055e-06
 Reference value :  1.55175e-06
 Reference value :  1.55247e-06
 Reference value :  1.55355e-06
 Reference value :  1.55427e-06
 Reference value :  1.55543e-06
 Reference value :  1.55623e-06
 Reference value :  1.55715e-06
 Reference value :  1.55801e-06
 Reference value :  1.55899e-06
 Reference value :  1.56001e-06
 Reference value :  1.56075e-06
 Reference value :  1.56195e-06
 Reference value :  1.56263e-06
 Reference value :  1.56383e-06
 Reference value :  1.56451e-06
 Reference value :  1.56535e-06
 Reference value :  1.56615e-06
 Reference value :  1.56735e-06
 Reference value :  1.56819e-06
 Reference value :  1.56919e-06
 Reference value :  1.57007e-06
 Reference value :  1.57107e-06
 Reference value :  1.57202e-06
 Reference value :  1.57283e-06
 Reference value :  1.57367e-06
 Reference value :  1.57439e-06
 Reference value :  1.57563e-06
 Reference value :  1.57643e-06
 Reference value :  1.57743e-06
 Reference value :  1.57823e-06
 Reference value :  1.57935e-06
 Reference value :  1.58019e-06
 Reference value :  1.58103e-06
 Reference value :  1.58197e-06
 Reference value :  1.58275e-06
 Reference value :  1.58395e-06
 Reference value :  1.58463e-06
 Reference value :  1.58575e-06
 Reference value :  1.58643e-06
 Reference value :  1.58767e-06
 Reference value :  1.58843e-06
 Reference value :  1.58927e-06
 Reference value :  1.59007e-06
 Reference value :  1.59123e-06
 Reference value :  1.59211e-06
 Reference value :  1.59303e-06
 Reference value :  1.59402e-06
 Reference value :  1.59491e-06
 Reference value :  1.59600e-06
 Reference value :  1.59671e-06
 Reference value :  1.59759e-06
 Reference value :  1.59835e-06
 Reference value :  1.59955e-06
 Reference value :  1.60035e-06
 Reference value :  1.60135e-06
 Reference value :  1.60219e-06
 Reference value :  1.60335e-06
 Reference value :  1.60415e-06
 Reference value :  1.60503e-06
 Reference value :  1.60583e-06
 Reference value :  1.60659e-06
 Reference value :  1.60783e-06
 Reference value :  1.60855e-06
 Reference value :  1.60959e-06
 Reference value :  1.61031e-06
 Reference value :  1.61147e-06
 Reference value :  1.61223e-06
 Reference value :  1.61307e-06
 Reference value :  1.61401e-06
 Reference value :  1.61487e-06
 Reference value :  1.61600e-06
 Reference value :  1.61675e-06
 Reference value :  1.61791e-06
 Reference value :  1.61855e-06
 Reference value :  1.61979e-06
 Reference value :  1.62051e-06
 Reference value :  1.62135e-06
 Reference value :  1.62215e-06
 Reference value :  1.62331e-06
 Reference value :  1.62415e-06
 Reference value :  1.62507e-06
 Reference value :  1.62602e-06
 Reference value :  1.62695e-06
 Reference value :  1.62801e-06
 Reference value :  1.62871e-06
 Reference value :  1.62959e-06
 Reference value :  1.63035e-06
 Reference value :  1.63159e-06
 Reference value :  1.63235e-06
 Reference value :  1.63335e-06
 Reference value :  1.63419e-06
 Reference value :  1.63527e-06
 Reference value :  1.63619e-06
 Reference value :  1.63711e-06
 Reference value :  1.63800e-06
 Reference value :  1.63879e-06
 Reference value :  1.63997e-06
 Reference value :  1.64059e-06
 Reference value :  1.64167e-06
 Reference value :  1.64235e-06
 Reference value :  1.64363e-06
 Reference value :  1.64439e-06
 Reference value :  1.64523e-06
 Reference value :  1.64603e-06
 Reference value :  1.64715e-06
 Reference value :  1.64823e-06
 Reference value :  1.64927e-06
 Reference value :  1.65011e-06
 Reference value :  1.65115e-06
 Reference value :  1.65204e-06
 Reference value :  1.65295e-06
 Reference value :  1.65391e-06
 Reference value :  1.65471e-06
 Reference value :  1.65591e-06
 Reference value :  1.65659e-06
 Reference value :  1.65771e-06
 Reference value :  1.65839e-06
 Reference value :  1.65959e-06
 Reference value :  1.66039e-06
 Reference value :  1.66119e-06
 Reference value :  1.66202e-06
 Reference value :  1.66307e-06
 Reference value :  1.66402e-06
 Reference value :  1.66495e-06
 Reference value :  1.66601e-06
 Reference value :  1.66703e-06
 Reference value :  1.66802e-06
 Reference value :  1.66887e-06
 Reference value :  1.66975e-06
 Reference value :  1.67051e-06
 Reference value :  1.67179e-06
 Reference value :  1.67255e-06
 Reference value :  1.67371e-06
 Reference value :  1.67447e-06
 Reference value :  1.67575e-06
 Reference value :  1.67655e-06
 Reference value :  1.67743e-06
 Reference value :  1.67827e-06
 Reference value :  1.67947e-06
 Reference value :  1.68035e-06
 Reference value :  1.68151e-06
 Reference value :  1.68231e-06
 Reference value :  1.68355e-06
 Reference value :  1.68443e-06
 Reference value :  1.68531e-06
 Reference value :  1.68615e-06
 Reference value :  1.68743e-06
 Reference value :  1.68823e-06
 Reference value :  1.68915e-06
 Reference value :  1.69004e-06
 Reference value :  1.69103e-06
 Reference value :  1.69201e-06
 Reference value :  1.69279e-06
 Reference value :  1.69379e-06
 Reference value :  1.69463e-06
 Reference value :  1.69583e-06
 Reference value :  1.69675e-06
 Reference value :  1.69791e-06
 Reference value :  1.69855e-06
 Reference value :  1.69975e-06
 Reference value :  1.70047e-06
 Reference value :  1.70135e-06
 Reference value :  1.70204e-06
 Reference value :  1.70315e-06
 Reference value :  1.70404e-06
 Reference value :  1.70491e-06
 Reference value :  1.70601e-06
 Reference value :  1.70683e-06
 Reference value :  1.70800e-06
 Reference value :  1.70867e-06
 Reference value :  1.70955e-06
 Reference value :  1.71031e-06
 Reference value :  1.71159e-06
 Reference value :  1.71239e-06
 Reference value :  1.71339e-06
 Reference value :  1.71419e-06
 Reference value :  1.71531e-06
 Reference value :  1.71611e-06
 Reference value :  1.71703e-06
 Reference value :  1.71797e-06
 Reference value :  1.71875e-06
 Reference value :  1.71997e-06
 Reference value :  1.72063e-06
 Reference value :  1.72175e-06
 Reference value :  1.72243e-06
 Reference value :  1.72367e-06
 Reference value :  1.72447e-06
 Reference value :  1.72527e-06
 Reference value :  1.72607e-06
 Reference value :  1.72727e-06
 Reference value :  1.72815e-06
 Reference value :  1.72919e-06
 Reference value :  1.73011e-06
 Reference value :  1.73131e-06
 Reference value :  1.73219e-06
 Reference value :  1.73319e-06
 Reference value :  1.73400e-06
 Reference value :  1.73491e-06
 Reference value :  1.73601e-06
 Reference value :  1.73679e-06
 Reference value :  1.73800e-06
 Reference value :  1.73879e-06
 Reference value :  1.74000e-06
 Reference value :  1.74075e-06
 Reference value :  1.74179e-06
 Reference value :  1.74263e-06
 Reference value :  1.74397e-06
 Reference value :  1.74463e-06
 Reference value :  1.74587e-06
 Reference value :  1.74667e-06
 Reference value :  1.74795e-06
 Reference value :  1.74863e-06
 Reference value :  1.74955e-06
 Reference value :  1.75035e-06
 Reference value :  1.75167e-06
 Reference value :  1.75251e-06
 Reference value :  1.75355e-06
 Reference value :  1.75431e-06
 Reference value :  1.75547e-06
 Reference value :  1.75627e-06
 Reference value :  1.75719e-06
 Reference value :  1.75803e-06
 Reference value :  1.75915e-06
 Reference value :  1.76007e-06
 Reference value :  1.76099e-06
 Reference value :  1.76201e-06
 Reference value :  1.76283e-06
 Reference value :  1.76400e-06
 Reference value :  1.76463e-06
 Reference value :  1.76547e-06
 Reference value :  1.76615e-06
 Reference value :  1.76731e-06
 Reference value :  1.76811e-06
 Reference value :  1.76907e-06
 Reference value :  1.77002e-06
 Reference value :  1.77091e-06
 Reference value :  1.77201e-06
 Reference value :  1.77275e-06
 Reference value :  1.77359e-06
 Reference value :  1.77435e-06
 Reference value :  1.77559e-06
 Reference value :  1.77635e-06
 Reference value :  1.77735e-06
 Reference value :  1.77815e-06
 Reference value :  1.77923e-06
 Reference value :  1.78007e-06
 Reference value :  1.78095e-06
 Reference value :  1.78187e-06
 Reference value :  1.78259e-06
 Reference value :  1.78375e-06
 Reference value :  1.78447e-06
 Reference value :  1.78567e-06
 Reference value :  1.78635e-06
 Reference value :  1.78751e-06
 Reference value :  1.78827e-06
 Reference value :  1.78911e-06
 Reference value :  1.79001e-06
 Reference value :  1.79091e-06
 Reference value :  1.79202e-06
 Reference value :  1.79283e-06
 Reference value :  1.79397e-06
 Reference value :  1.79467e-06
 Reference value :  1.79587e-06
 Reference value :  1.79655e-06
 Reference value :  1.79739e-06
 Reference value :  1.79802e-06
 Reference value :  1.79903e-06
 Reference value :  1.80001e-06
 Reference value :  1.80075e-06
 Reference value :  1.80195e-06
 Reference value :  1.80259e-06
 Reference value :  1.80379e-06
 Reference value :  1.80447e-06
 Reference value :  1.80519e-06
 Reference value :  1.80601e-06
 Reference value :  1.80699e-06
 Reference value :  1.80802e-06
 Reference value :  1.80879e-06
 Reference value :  1.80995e-06
 Reference value :  1.81059e-06
 Reference value :  1.81179e-06
 Reference value :  1.81247e-06
 Reference value :  1.81331e-06
 Reference value :  1.81407e-06
 Reference value :  1.81515e-06
 Reference value :  1.81603e-06
 Reference value :  1.81687e-06
 Reference value :  1.81800e-06
 Reference value :  1.81875e-06
 Reference value :  1.81995e-06
 Reference value :  1.82059e-06
 Reference value :  1.82139e-06
 Reference value :  1.82219e-06
 Reference value :  1.82335e-06
 Reference value :  1.82415e-06
 Reference value :  1.82507e-06
 Reference value :  1.82602e-06
 Reference value :  1.82695e-06
 Reference value :  1.82801e-06
 Reference value :  1.82871e-06
 Reference value :  1.82955e-06
 Reference value :  1.83027e-06
 Reference value :  1.83147e-06
 Reference value :  1.83227e-06
 Reference value :  1.83327e-06
 Reference value :  1.83411e-06
 Reference value :  1.83515e-06
 Reference value :  1.83603e-06
 Reference value :  1.83687e-06
 Reference value :  1.83771e-06
 Reference value :  1.83843e-06
 Reference value :  1.83967e-06
 Reference value :  1.84043e-06
 Reference value :  1.84147e-06
 Reference value :  1.84223e-06
 Reference value :  1.84339e-06
 Reference value :  1.84419e-06
 Reference value :  1.84507e-06
 Reference value :  1.84600e-06
 Reference value :  1.84683e-06
 Reference value :  1.84800e-06
 Reference value :  1.84863e-06
 Reference value :  1.84971e-06
 Reference value :  1.85039e-06
 Reference value :  1.85155e-06
 Reference value :  1.85231e-06
 Reference value :  1.85315e-06
 Reference value :  1.85402e-06
 Reference value :  1.85499e-06
 Reference value :  1.85601e-06
 Reference value :  1.85675e-06
 Reference value :  1.85791e-06
 Reference value :  1.85855e-06
 Reference value :  1.85987e-06
 Reference value :  1.86055e-06
 Reference value :  1.86139e-06
 Reference value :  1.86203e-06
 Reference value :  1.86307e-06
 Reference value :  1.86402e-06
 Reference value :  1.86479e-06
 Reference value :  1.86600e-06
 Reference value :  1.86671e-06
 Reference value :  1.86797e-06
 Reference value :  1.86863e-06
 Reference value :  1.86943e-06
 Reference value :  1.87023e-06
 Reference value :  1.87147e-06
 Reference value :  1.87231e-06
 Reference value :  1.87327e-06
 Reference value :  1.87411e-06
 Reference value :  1.87515e-06
 Reference value :  1.87604e-06
 Reference value :  1.87691e-06
 Reference value :  1.87787e-06
 Reference value :  1.87859e-06
 Reference value :  1.87979e-06
 Reference value :  1.88047e-06
 Reference value :  1.88151e-06
 Reference value :  1.88227e-06
 Reference value :  1.88339e-06
 Reference value :  1.88423e-06
 Reference value :  1.88507e-06
 Reference value :  1.88601e-06
 Reference value :  1.88687e-06
 Reference value :  1.88800e-06
 Reference value :  1.88871e-06
 Reference value :  1.88987e-06
 Reference value :  1.89047e-06
 Reference value :  1.89167e-06
 Reference value :  1.89239e-06
 Reference value :  1.89323e-06
 Reference value :  1.89401e-06
 Reference value :  1.89491e-06
 Reference value :  1.89601e-06
 Reference value :  1.89675e-06
 Reference value :  1.89791e-06
 Reference value :  1.89855e-06
 Reference value :  1.89979e-06
 Reference value :  1.90051e-06
 Reference value :  1.90127e-06
 Reference value :  1.90204e-06
 Reference value :  1.90311e-06
 Reference value :  1.90403e-06
 Reference value :  1.90487e-06
 Reference value :  1.90600e-06
 Reference value :  1.90667e-06
 Reference value :  1.90787e-06
 Reference value :  1.90851e-06
 Reference value :  1.90935e-06
 Reference value :  1.91015e-06
 Reference value :  1.91127e-06
 Reference value :  1.91211e-06
 Reference value :  1.91303e-06
 Reference value :  1.91401e-06
 Reference value :  1.91487e-06
 Reference value :  1.91600e-06
 Reference value :  1.91671e-06
 Reference value :  1.91759e-06
 Reference value :  1.91835e-06
 Reference value :  1.91955e-06
 Reference value :  1.92031e-06
 Reference value :  1.92123e-06
 Reference value :  1.92207e-06
 Reference value :  1.92307e-06
 Reference value :  1.92403e-06
 Reference value :  1.92483e-06
 Reference value :  1.92567e-06
 Reference value :  1.92635e-06
 Reference value :  1.92767e-06
 Reference value :  1.92843e-06
 Reference value :  1.92943e-06
 Reference value :  1.93019e-06
 Reference value :  1.93127e-06
 Reference value :  1.93211e-06
 Reference value :  1.93299e-06
 Reference value :  1.93401e-06
 Reference value :  1.93499e-06
 Reference value :  1.93601e-06
 Reference value :  1.93679e-06
 Reference value :  1.93797e-06
 Reference value :  1.93863e-06
 Reference value :  1.93983e-06
 Reference value :  1.94051e-06
 Reference value :  1.94135e-06
 Reference value :  1.94211e-06
 Reference value :  1.94323e-06
 Reference value :  1.94411e-06
 Reference value :  1.94495e-06
 Reference value :  1.94601e-06
 Reference value :  1.94679e-06
 Reference value :  1.94797e-06
 Reference value :  1.94867e-06
 Reference value :  1.94955e-06
 Reference value :  1.95031e-06
 Reference value :  1.95147e-06
 Reference value :  1.95223e-06
 Reference value :  1.95319e-06
 Reference value :  1.95404e-06
 Reference value :  1.95503e-06
 Reference value :  1.95602e-06
 Reference value :  1.95687e-06
 Reference value :  1.95771e-06
 Reference value :  1.95839e-06
 Reference value :  1.95959e-06
 Reference value :  1.96035e-06
 Reference value :  1.96123e-06
 Reference value :  1.96207e-06
 Reference value :  1.96307e-06
 Reference value :  1.96401e-06
 Reference value :  1.96479e-06
 Reference value :  1.96567e-06
 Reference value :  1.96639e-06
 Reference value :  1.96759e-06
 Reference value :  1.96839e-06
 Reference value :  1.96939e-06
 Reference value :  1.97019e-06
 Reference value :  1.97131e-06
 Reference value :  1.97215e-06
 Reference value :  1.97307e-06
 Reference value :  1.97400e-06
 Reference value :  1.97483e-06
 Reference value :  1.97600e-06
 Reference value :  1.97667e-06
 Reference value :  1.97779e-06
 Reference value :  1.97843e-06
 Reference value :  1.97963e-06
 Reference value :  1.98039e-06
 Reference value :  1.98119e-06
 Reference value :  1.98202e-06
 Reference value :  1.98307e-06
 Reference value :  1.98403e-06
 Reference value :  1.98487e-06
 Reference value :  1.98600e-06
 Reference value :  1.98671e-06
 Reference value :  1.98791e-06
 Reference value :  1.98863e-06
 Reference value :  1.98943e-06
 Reference value :  1.99007e-06
 Reference value :  1.99115e-06
 Reference value :  1.99203e-06
 Reference value :  1.99287e-06
 Reference value :  1.99400e-06
 Reference value :  1.99475e-06
 Reference value :  1.99595e-06
 Reference value :  1.99659e-06
 Reference value :  1.99735e-06
 Reference value :  1.99815e-06
 Reference value :  1.99927e-06
 Reference value :  2.00011e-06
 Reference value :  2.00099e-06
 Reference value :  2.00201e-06
 Reference value :  2.00287e-06
 Reference value :  2.00400e-06
 Reference value :  2.00463e-06
 Reference value :  2.00551e-06
 Reference value :  2.00631e-06
 Reference value :  2.00747e-06
 Reference value :  2.00827e-06
 Reference value :  2.00923e-06
 Reference value :  2.01007e-06
 Reference value :  2.01107e-06
 Reference value :  2.01202e-06
 Reference value :  2.01287e-06
 Reference value :  2.01379e-06
 Reference value :  2.01451e-06
 Reference value :  2.01571e-06
 Reference value :  2.01647e-06
 Reference value :  2.01751e-06
 Reference value :  2.01831e-06
 Reference value :  2.01947e-06
 Reference value :  2.02027e-06
 Reference value :  2.02119e-06
 Reference value :  2.02201e-06
 Reference value :  2.02287e-06
 Reference value :  2.02400e-06
 Reference value :  2.02471e-06
 Reference value :  2.02587e-06
 Reference value :  2.02651e-06
 Reference value :  2.02771e-06
 Reference value :  2.02847e-06
 Reference value :  2.02927e-06
 Reference value :  2.03004e-06
 Reference value :  2.03115e-06
 Reference value :  2.03203e-06
 Reference value :  2.03287e-06
 Reference value :  2.03400e-06
 Reference value :  2.03471e-06
 Reference value :  2.03591e-06
 Reference value :  2.03655e-06
 Reference value :  2.03743e-06
 Reference value :  2.03819e-06
 Reference value :  2.03935e-06
 Reference value :  2.04019e-06
 Reference value :  2.04111e-06
 Reference value :  2.04215e-06
 Reference value :  2.04319e-06
 Reference value :  2.04407e-06
 Reference value :  2.04495e-06
 Reference value :  2.04591e-06
 Reference value :  2.04667e-06
 Reference value :  2.04787e-06
 Reference value :  2.04859e-06
 Reference value :  2.04971e-06
 Reference value :  2.05043e-06
 Reference value :  2.05163e-06
 Reference value :  2.05239e-06
 Reference value :  2.05323e-06
 Reference value :  2.05397e-06
 Reference value :  2.05475e-06
 Reference value :  2.05595e-06
 Reference value :  2.05659e-06
 Reference value :  2.05771e-06
 Reference value :  2.05839e-06
 Reference value :  2.05959e-06
 Reference value :  2.06035e-06
 Reference value :  2.06107e-06
 Reference value :  2.06200e-06
 Reference value :  2.06275e-06
 Reference value :  2.06395e-06
 Reference value :  2.06459e-06
 Reference value :  2.06571e-06
 Reference value :  2.06635e-06
 Reference value :  2.06751e-06
 Reference value :  2.06827e-06
 Reference value :  2.06911e-06
 Reference value :  2.07000e-06
 Reference value :  2.07087e-06
 Reference value :  2.07200e-06
 Reference value :  2.07267e-06
 Reference value :  2.07379e-06
 Reference value :  2.07443e-06
 Reference value :  2.07563e-06
 Reference value :  2.07639e-06
 Reference value :  2.07719e-06
 Reference value :  2.07802e-06
 Reference value :  2.07907e-06
 Reference value :  2.08001e-06
 Reference value :  2.08079e-06
 Reference value :  2.08195e-06
 Reference value :  2.08271e-06
 Reference value :  2.08387e-06
 Reference value :  2.08459e-06
 Reference value :  2.08543e-06
 Reference value :  2.08615e-06
 Reference value :  2.08727e-06
 Reference value :  2.08811e-06
 Reference value :  2.08899e-06
 Reference value :  2.09001e-06
 Reference value :  2.09087e-06
 Reference value :  2.09200e-06
 Reference value :  2.09275e-06
 Reference value :  2.09359e-06
 Reference value :  2.09447e-06
 Reference value :  2.09600e-06
 Reference value :  2.09707e-06
 Reference value :  2.09811e-06
 Reference value :  2.09923e-06
 Reference value :  2.10011e-06
 Reference value :  2.10111e-06
 Reference value :  2.10201e-06
 Reference value :  2.10291e-06
 Reference value :  2.10401e-06
 Reference value :  2.10471e-06
 Reference value :  2.10583e-06
 Reference value :  2.10647e-06
 Reference value :  2.10767e-06
 Reference value :  2.10839e-06
 Reference value :  2.10923e-06
 Reference value :  2.11004e-06
 Reference value :  2.11111e-06
 Reference value :  2.11203e-06
 Reference value :  2.11283e-06
 Reference value :  2.11400e-06
 Reference value :  2.11467e-06
 Reference value :  2.11587e-06
 Reference value :  2.11651e-06
 Reference value :  2.11731e-06
 Reference value :  2.11801e-06
 Reference value :  2.11891e-06
 Reference value :  2.12000e-06
 Reference value :  2.12063e-06
 Reference value :  2.12167e-06
 Reference value :  2.12231e-06
 Reference value :  2.12347e-06
 Reference value :  2.12423e-06
 Reference value :  2.12507e-06
 Reference value :  2.12601e-06
 Reference value :  2.12687e-06
 Reference value :  2.12800e-06
 Reference value :  2.12863e-06
 Reference value :  2.12975e-06
 Reference value :  2.13043e-06
 Reference value :  2.13163e-06
 Reference value :  2.13243e-06
 Reference value :  2.13327e-06
 Reference value :  2.13403e-06
 Reference value :  2.13511e-06
 Reference value :  2.13602e-06
 Reference value :  2.13679e-06
 Reference value :  2.13795e-06
 Reference value :  2.13859e-06
 Reference value :  2.13975e-06
 Reference value :  2.14051e-06
 Reference value :  2.14131e-06
 Reference value :  2.14211e-06
 Reference value :  2.14323e-06
 Reference value :  2.14407e-06
 Reference value :  2.14495e-06
 Reference value :  2.14601e-06
 Reference value :  2.14679e-06
 Reference value :  2.14797e-06
 Reference value :  2.14859e-06
 Reference value :  2.14943e-06
 Reference value :  2.15015e-06
 Reference value :  2.15131e-06
 Reference value :  2.15215e-06
 Reference value :  2.15307e-06
 Reference value :  2.15401e-06
 Reference value :  2.15515e-06
 Reference value :  2.15603e-06
 Reference value :  2.15683e-06
 Reference value :  2.15771e-06
 Reference value :  2.15843e-06
 Reference value :  2.15963e-06
 Reference value :  2.16043e-06
 Reference value :  2.16143e-06
 Reference value :  2.16219e-06
 Reference value :  2.16323e-06
 Reference value :  2.16404e-06
 Reference value :  2.16487e-06
 Reference value :  2.16575e-06
 Reference value :  2.16647e-06
 Reference value :  2.16763e-06
 Reference value :  2.16843e-06
 Reference value :  2.16935e-06
 Reference value :  2.17015e-06
 Reference value :  2.17115e-06
 Reference value :  2.17204e-06
 Reference value :  2.17291e-06
 Reference value :  2.17383e-06
 Reference value :  2.17447e-06
 Reference value :  2.17563e-06
 Reference value :  2.17635e-06
 Reference value :  2.17727e-06
 Reference value :  2.17811e-06
 Reference value :  2.17919e-06
 Reference value :  2.18004e-06
 Reference value :  2.18091e-06
 Reference value :  2.18167e-06
 Reference value :  2.18227e-06
 Reference value :  2.18343e-06
 Reference value :  2.18419e-06
 Reference value :  2.18507e-06
 Reference value :  2.18601e-06
 Reference value :  2.18683e-06
 Reference value :  2.18797e-06
 Reference value :  2.18855e-06
 Reference value :  2.18927e-06
 Reference value :  2.19002e-06
 Reference value :  2.19091e-06
 Reference value :  2.19200e-06
 Reference value :  2.19275e-06
 Reference value :  2.19387e-06
 Reference value :  2.19447e-06
 Reference value :  2.19567e-06
 Reference value :  2.19643e-06
 Reference value :  2.19723e-06
 Reference value :  2.19802e-06
 Reference value :  2.19899e-06
 Reference value :  2.20001e-06
 Reference value :  2.20075e-06
 Reference value :  2.20191e-06
 Reference value :  2.20251e-06
 Reference value :  2.20375e-06
 Reference value :  2.20451e-06
 Reference value :  2.20531e-06
 Reference value :  2.20615e-06
 Reference value :  2.20727e-06
 Reference value :  2.20811e-06
 Reference value :  2.20899e-06
 Reference value :  2.21000e-06
 Reference value :  2.21051e-06
 Reference value :  2.21151e-06
 Reference value :  2.21211e-06
 Reference value :  2.21283e-06
 Reference value :  2.21351e-06
 Reference value :  2.21407e-06
 Reference value :  2.21495e-06
 Reference value :  2.21591e-06
 Reference value :  2.21643e-06
 Reference value :  2.21743e-06
 Reference value :  2.21819e-06
 Reference value :  2.21931e-06
 Reference value :  2.22011e-06
 Reference value :  2.22099e-06
 Reference value :  2.22195e-06
 Reference value :  2.22267e-06
 Reference value :  2.22391e-06
 Reference value :  2.22459e-06
 Reference value :  2.22575e-06
 Reference value :  2.22639e-06
 Reference value :  2.22759e-06
 Reference value :  2.22835e-06
 Reference value :  2.22919e-06
 Reference value :  2.23001e-06
 Reference value :  2.23095e-06
 Reference value :  2.23201e-06
 Reference value :  2.23275e-06
 Reference value :  2.23391e-06
 Reference value :  2.23455e-06
 Reference value :  2.23575e-06
 Reference value :  2.23651e-06
 Reference value :  2.23719e-06
 Reference value :  2.23800e-06
 Reference value :  2.23863e-06
 Reference value :  2.23967e-06
 Reference value :  2.24035e-06
 Reference value :  2.24111e-06
 Reference value :  2.24200e-06
 Reference value :  2.24247e-06
 Reference value :  2.24347e-06
 Reference value :  2.24411e-06
 Reference value :  2.24483e-06
 Reference value :  2.24551e-06
 Reference value :  2.24603e-06
 Reference value :  2.24691e-06
 Reference value :  2.24791e-06
 Reference value :  2.24843e-06
 Reference value :  2.24947e-06
 Reference value :  2.25023e-06
 Reference value :  2.25135e-06
 Reference value :  2.25215e-06
 Reference value :  2.25299e-06
 Reference value :  2.25395e-06
 Reference value :  2.25467e-06
 Reference value :  2.25587e-06
 Reference value :  2.25655e-06
 Reference value :  2.25767e-06
 Reference value :  2.25843e-06
 Reference value :  2.25963e-06
 Reference value :  2.26039e-06
 Reference value :  2.26123e-06
 Reference value :  2.26202e-06
 Reference value :  2.26307e-06
 Reference value :  2.26404e-06
 Reference value :  2.26487e-06
 Reference value :  2.26600e-06
 Reference value :  2.26679e-06
 Reference value :  2.26797e-06
 Reference value :  2.26863e-06
 Reference value :  2.26955e-06
 Reference value :  2.27031e-06
 Reference value :  2.27155e-06
 Reference value :  2.27235e-06
 Reference value :  2.27339e-06
 Reference value :  2.27419e-06
 Reference value :  2.27531e-06
 Reference value :  2.27619e-06
 Reference value :  2.27711e-06
 Reference value :  2.27800e-06
 Reference value :  2.27883e-06
 Reference value :  2.28000e-06
 Reference value :  2.28071e-06
 Reference value :  2.28187e-06
 Reference value :  2.28255e-06
 Reference value :  2.28379e-06
 Reference value :  2.28451e-06
 Reference value :  2.28531e-06
 Reference value :  2.28615e-06
 Reference value :  2.28731e-06
 Reference value :  2.28815e-06
 Reference value :  2.28911e-06
 Reference value :  2.29002e-06
 Reference value :  2.29095e-06
 Reference value :  2.29201e-06
 Reference value :  2.29275e-06
 Reference value :  2.29355e-06
 Reference value :  2.29415e-06
 Reference value :  2.29507e-06
 Reference value :  2.29600e-06
 Reference value :  2.29655e-06
 Reference value :  2.29743e-06
 Reference value :  2.29807e-06
 Reference value :  2.29887e-06
 Reference value :  2.29983e-06
 Reference value :  2.30043e-06
 Reference value :  2.30111e-06
 Reference value :  2.30197e-06
 Reference value :  2.30251e-06
 Reference value :  2.30351e-06
 Reference value :  2.30415e-06
 Reference value :  2.30487e-06
 Reference value :  2.30583e-06
 Reference value :  2.30631e-06
 Reference value :  2.30727e-06
 Reference value :  2.30802e-06
 Reference value :  2.30867e-06
 Reference value :  2.30939e-06
 Reference value :  2.31000e-06
 Reference value :  2.31063e-06
 Reference value :  2.31167e-06
 Reference value :  2.31235e-06
 Reference value :  2.31311e-06
 Reference value :  2.31400e-06
 Reference value :  2.31451e-06
 Reference value :  2.31547e-06
 Reference value :  2.31611e-06
 Reference value :  2.31683e-06
 Reference value :  2.31739e-06
 Reference value :  2.31802e-06
 Reference value :  2.31879e-06
 Reference value :  2.31979e-06
 Reference value :  2.32035e-06
 Reference value :  2.32107e-06
 Reference value :  2.32201e-06
 Reference value :  2.32295e-06
 Reference value :  2.32401e-06
 Reference value :  2.32483e-06
 Reference value :  2.32575e-06
 Reference value :  2.32627e-06
 Reference value :  2.32739e-06
 Reference value :  2.32819e-06
 Reference value :  2.32919e-06
 Reference value :  2.33007e-06
 Reference value :  2.33107e-06
 Reference value :  2.33204e-06
 Reference value :  2.33291e-06
 Reference value :  2.33391e-06
 Reference value :  2.33467e-06
 Reference value :  2.33595e-06
 Reference value :  2.33663e-06
 Reference value :  2.33779e-06
 Reference value :  2.33847e-06
 Reference value :  2.33971e-06
 Reference value :  2.34047e-06
 Reference value :  2.34131e-06
 Reference value :  2.34203e-06
 Reference value :  2.34311e-06
 Reference value :  2.34403e-06
 Reference value :  2.34487e-06
 Reference value :  2.34600e-06
 Reference value :  2.34675e-06
 Reference value :  2.34795e-06
 Reference value :  2.34859e-06
 Reference value :  2.34935e-06
 Reference value :  2.35015e-06
 Reference value :  2.35127e-06
 Reference value :  2.35201e-06
 Reference value :  2.35263e-06
 Reference value :  2.35355e-06
 Reference value :  2.35411e-06
 Reference value :  2.35495e-06
 Reference value :  2.35597e-06
 Reference value :  2.35655e-06
 Reference value :  2.35727e-06
 Reference value :  2.35800e-06
 Reference value :  2.35863e-06
 Reference value :  2.35967e-06
 Reference value :  2.36035e-06
 Reference value :  2.36107e-06
 Reference value :  2.36200e-06
 Reference value :  2.36247e-06
 Reference value :  2.36347e-06
 Reference value :  2.36411e-06
 Reference value :  2.36483e-06
 Reference value :  2.36551e-06
 Reference value :  2.36615e-06
 Reference value :  2.36707e-06
 Reference value :  2.36800e-06
 Reference value :  2.36855e-06
 Reference value :  2.36943e-06
 Reference value :  2.37007e-06
 Reference value :  2.37083e-06
 Reference value :  2.37187e-06
 Reference value :  2.37247e-06
 Reference value :  2.37319e-06
 Reference value :  2.37383e-06
 Reference value :  2.37435e-06
 Reference value :  2.37531e-06
 Reference value :  2.37602e-06
 Reference value :  2.37667e-06
 Reference value :  2.37759e-06
 Reference value :  2.37815e-06
 Reference value :  2.37899e-06
 Reference value :  2.37995e-06
 Reference value :  2.38043e-06
 Reference value :  2.38107e-06
 Reference value :  2.38191e-06
 Reference value :  2.38255e-06
 Reference value :  2.38363e-06
 Reference value :  2.38463e-06
 Reference value :  2.38575e-06
 Reference value :  2.38627e-06
 Reference value :  2.38715e-06
 Reference value :  2.38801e-06
 Reference value :  2.38859e-06
 Reference value :  2.38931e-06
 Reference value :  2.39002e-06
 Reference value :  2.39099e-06
 Reference value :  2.39200e-06
 Reference value :  2.39251e-06
 Reference value :  2.39331e-06
 Reference value :  2.39407e-06
 Reference value :  2.39507e-06
 Reference value :  2.39600e-06
 Reference value :  2.39655e-06
 Reference value :  2.39723e-06
 Reference value :  2.39801e-06
 Reference value :  2.39895e-06
 Reference value :  2.40001e-06
 Reference value :  2.40071e-06
 Reference value :  2.40187e-06
 Reference value :  2.40275e-06
 Reference value :  2.40391e-06
 Reference value :  2.40455e-06
 Reference value :  2.40539e-06
 Reference value :  2.40607e-06
 Reference value :  2.40719e-06
 Reference value :  2.40804e-06
 Reference value :  2.40891e-06
 Reference value :  2.41001e-06
 Reference value :  2.41075e-06
 Reference value :  2.41195e-06
 Reference value :  2.41259e-06
 Reference value :  2.41339e-06
 Reference value :  2.41419e-06
 Reference value :  2.41535e-06
 Reference value :  2.41619e-06
 Reference value :  2.41711e-06
 Reference value :  2.41803e-06
 Reference value :  2.41899e-06
 Reference value :  2.42001e-06
 Reference value :  2.42075e-06
 Reference value :  2.42159e-06
 Reference value :  2.42231e-06
 Reference value :  2.42351e-06
 Reference value :  2.42427e-06
 Reference value :  2.42519e-06
 Reference value :  2.42601e-06
 Reference value :  2.42671e-06
 Reference value :  2.42771e-06
 Reference value :  2.42839e-06
 Reference value :  2.42907e-06
 Reference value :  2.42991e-06
 Reference value :  2.43051e-06
 Reference value :  2.43155e-06
 Reference value :  2.43215e-06
 Reference value :  2.43319e-06
 Reference value :  2.43401e-06
 Reference value :  2.43463e-06
 Reference value :  2.43579e-06
 Reference value :  2.43651e-06
 Reference value :  2.43735e-06
 Reference value :  2.43802e-06
 Reference value :  2.43907e-06
 Reference value :  2.44001e-06
 Reference value :  2.44083e-06
 Reference value :  2.44200e-06
 Reference value :  2.44271e-06
 Reference value :  2.44391e-06
 Reference value :  2.44455e-06
 Reference value :  2.44531e-06
 Reference value :  2.44602e-06
 Reference value :  2.44679e-06
 Reference value :  2.44779e-06
 Reference value :  2.44835e-06
 Reference value :  2.44911e-06
 Reference value :  2.45000e-06
 Reference value :  2.45059e-06
 Reference value :  2.45159e-06
 Reference value :  2.45215e-06
 Reference value :  2.45291e-06
 Reference value :  2.45363e-06
 Reference value :  2.45419e-06
 Reference value :  2.45515e-06
 Reference value :  2.45601e-06
 Reference value :  2.45655e-06
 Reference value :  2.45735e-06
 Reference value :  2.45803e-06
 Reference value :  2.45879e-06
 Reference value :  2.45979e-06
 Reference value :  2.46035e-06
 Reference value :  2.46103e-06
 Reference value :  2.46183e-06
 Reference value :  2.46243e-06
 Reference value :  2.46367e-06
 Reference value :  2.46423e-06
 Reference value :  2.46499e-06
 Reference value :  2.46600e-06
 Reference value :  2.46647e-06
 Reference value :  2.46763e-06
 Reference value :  2.46823e-06
 Reference value :  2.46899e-06
 Reference value :  2.46967e-06
 Reference value :  2.47027e-06
 Reference value :  2.47123e-06
 Reference value :  2.47202e-06
 Reference value :  2.47267e-06
 Reference value :  2.47379e-06
 Reference value :  2.47431e-06
 Reference value :  2.47527e-06
 Reference value :  2.47602e-06
 Reference value :  2.47667e-06
 Reference value :  2.47731e-06
 Reference value :  2.47802e-06
 Reference value :  2.47887e-06
 Reference value :  2.47991e-06
 Reference value :  2.48043e-06
 Reference value :  2.48123e-06
 Reference value :  2.48201e-06
 Reference value :  2.48267e-06
 Reference value :  2.48371e-06
 Reference value :  2.48435e-06
 Reference value :  2.48507e-06
 Reference value :  2.48591e-06
 Reference value :  2.48643e-06
 Reference value :  2.48747e-06
 Reference value :  2.48815e-06
 Reference value :  2.48895e-06
 Reference value :  2.48997e-06
 Reference value :  2.49043e-06
 Reference value :  2.49143e-06
 Reference value :  2.49207e-06
 Reference value :  2.49283e-06
 Reference value :  2.49355e-06
 Reference value :  2.49419e-06
 Reference value :  2.49515e-06
 Reference value :  2.49601e-06
 Reference value :  2.49667e-06
 Reference value :  2.49759e-06
 Reference value :  2.49823e-06
 Reference value :  2.49939e-06
 Reference value :  2.50011e-06
 Reference value :  2.50083e-06
 Reference value :  2.50155e-06
 Reference value :  2.50207e-06
 Reference value :  2.50323e-06
 Reference value :  2.50401e-06
 Reference value :  2.50467e-06
 Reference value :  2.50567e-06
 Reference value :  2.50627e-06
 Reference value :  2.50719e-06
 Reference value :  2.50801e-06
 Reference value :  2.50867e-06
 Reference value :  2.50935e-06
 Reference value :  2.51004e-06
 Reference value :  2.51099e-06
 Reference value :  2.51197e-06
 Reference value :  2.51259e-06
 Reference value :  2.51351e-06
 Reference value :  2.51411e-06
 Reference value :  2.51499e-06
 Reference value :  2.51597e-06
 Reference value :  2.51655e-06
 Reference value :  2.51743e-06
 Reference value :  2.51811e-06
 Reference value :  2.51923e-06
 Reference value :  2.52001e-06
 Reference value :  2.52067e-06
 Reference value :  2.52167e-06
 Reference value :  2.52227e-06
 Reference value :  2.52319e-06
 Reference value :  2.52403e-06
 Reference value :  2.52471e-06
 Reference value :  2.52547e-06
 Reference value :  2.52623e-06
 Reference value :  2.52727e-06
 Reference value :  2.52801e-06
 Reference value :  2.52863e-06
 Reference value :  2.52955e-06
 Reference value :  2.53011e-06
 Reference value :  2.53099e-06
 Reference value :  2.53195e-06
 Reference value :  2.53251e-06
 Reference value :  2.53323e-06
 Reference value :  2.53395e-06
 Reference value :  2.53447e-06
 Reference value :  2.53551e-06
 Reference value :  2.53627e-06
 Reference value :  2.53719e-06
 Reference value :  2.53801e-06
 Reference value :  2.53867e-06
 Reference value :  2.53967e-06
 Reference value :  2.54023e-06
 Reference value :  2.54099e-06
 Reference value :  2.54171e-06
 Reference value :  2.54227e-06
 Reference value :  2.54327e-06
 Reference value :  2.54402e-06
 Reference value :  2.54475e-06
 Reference value :  2.54571e-06
 Reference value :  2.54627e-06
 Reference value :  2.54715e-06
 Reference value :  2.54801e-06
 Reference value :  2.54859e-06
 Reference value :  2.54931e-06
 Reference value :  2.55063e-06
 Reference value :  2.55163e-06
 Reference value :  2.55227e-06
 Reference value :  2.55299e-06
 Reference value :  2.55397e-06
 Reference value :  2.55443e-06
 Reference value :  2.55539e-06
 Reference value :  2.55604e-06
 Reference value :  2.55675e-06
 Reference value :  2.55747e-06
 Reference value :  2.55807e-06
 Reference value :  2.55903e-06
 Reference value :  2.56000e-06
 Reference value :  2.56055e-06
 Reference value :  2.56143e-06
 Reference value :  2.56211e-06
 Reference value :  2.56307e-06
 Reference value :  2.56400e-06
 Reference value :  2.56459e-06
 Reference value :  2.56531e-06
 Reference value :  2.56597e-06
 Reference value :  2.56655e-06
 Reference value :  2.56759e-06
 Reference value :  2.56831e-06
 Reference value :  2.56927e-06
 Reference value :  2.57007e-06
 Reference value :  2.57095e-06
 Reference value :  2.57200e-06
 Reference value :  2.57255e-06
 Reference value :  2.57319e-06
 Reference value :  2.57400e-06
 Reference value :  2.57455e-06
 Reference value :  2.57555e-06
 Reference value :  2.57615e-06
 Reference value :  2.57691e-06
 Reference value :  2.57791e-06
 Reference value :  2.57839e-06
 Reference value :  2.57935e-06
 Reference value :  2.58007e-06
 Reference value :  2.58079e-06
 Reference value :  2.58195e-06
 Reference value :  2.58251e-06
 Reference value :  2.58347e-06
 Reference value :  2.58411e-06
 Reference value :  2.58503e-06
 Reference value :  2.58600e-06
 Reference value :  2.58647e-06
 Reference value :  2.58747e-06
 Reference value :  2.58811e-06
 Reference value :  2.58883e-06
 Reference value :  2.58959e-06
 Reference value :  2.59035e-06
 Reference value :  2.59135e-06
 Reference value :  2.59204e-06
 Reference value :  2.59275e-06
 Reference value :  2.59371e-06
 Reference value :  2.59427e-06
 Reference value :  2.59519e-06
 Reference value :  2.59601e-06
 Reference value :  2.59659e-06
 Reference value :  2.59731e-06
 Reference value :  2.59800e-06
 Reference value :  2.59863e-06
 Reference value :  2.59963e-06
 Reference value :  2.60019e-06
 Reference value :  2.60091e-06
 Reference value :  2.60195e-06
 Reference value :  2.60239e-06
 Reference value :  2.60355e-06
 Reference value :  2.60431e-06
 Reference value :  2.60511e-06
 Reference value :  2.60601e-06
 Reference value :  2.60719e-06
 Reference value :  2.60811e-06
 Reference value :  2.60903e-06
 Reference value :  2.61019e-06
 Reference value :  2.61151e-06
 Reference value :  2.61243e-06
 Reference value :  2.61339e-06
 Reference value :  2.61431e-06
 Reference value :  2.61571e-06
 Reference value :  2.61647e-06
 Reference value :  2.61755e-06
 Reference value :  2.61831e-06
 Reference value :  2.61943e-06
 Reference value :  2.62031e-06
 Reference value :  2.62115e-06
 Reference value :  2.62202e-06
 Reference value :  2.62307e-06
 Reference value :  2.62402e-06
 Reference value :  2.62523e-06
 Reference value :  2.62611e-06
 Reference value :  2.62727e-06
 Reference value :  2.62815e-06
 Reference value :  2.62903e-06
 Reference value :  2.62987e-06
 Reference value :  2.63063e-06
 Reference value :  2.63187e-06
 Reference value :  2.63255e-06
 Reference value :  2.63363e-06
 Reference value :  2.63439e-06
 Reference value :  2.63563e-06
 Reference value :  2.63643e-06
 Reference value :  2.63727e-06
 Reference value :  2.63815e-06
 Reference value :  2.63931e-06
 Reference value :  2.64015e-06
 Reference value :  2.64115e-06
 Reference value :  2.64204e-06
 Reference value :  2.64315e-06
 Reference value :  2.64415e-06
 Reference value :  2.64519e-06
 Reference value :  2.64611e-06
 Reference value :  2.64743e-06
 Reference value :  2.64843e-06
 Reference value :  2.64967e-06
 Reference value :  2.65059e-06
 Reference value :  2.65195e-06
 Reference value :  2.65271e-06
 Reference value :  2.65387e-06
 Reference value :  2.65483e-06
 Reference value :  2.65601e-06
 Reference value :  2.65699e-06
 Reference value :  2.65804e-06
 Reference value :  2.65919e-06
 Reference value :  2.66015e-06
 Reference value :  2.66115e-06
 Reference value :  2.66201e-06
 Reference value :  2.66303e-06
 Reference value :  2.66403e-06
 Reference value :  2.66499e-06
 Reference value :  2.66603e-06
 Reference value :  2.66723e-06
 Reference value :  2.66823e-06
 Reference value :  2.66915e-06
 Reference value :  2.67007e-06
 Reference value :  2.67127e-06
 Reference value :  2.67219e-06
 Reference value :  2.67339e-06
 Reference value :  2.67427e-06
 Reference value :  2.67555e-06
 Reference value :  2.67651e-06
 Reference value :  2.67747e-06
 Reference value :  2.67839e-06
 Reference value :  2.67975e-06
 Reference value :  2.68055e-06
 Reference value :  2.68171e-06
 Reference value :  2.68251e-06
 Reference value :  2.68387e-06
 Reference value :  2.68463e-06
 Reference value :  2.68563e-06
 Reference value :  2.68651e-06
 Reference value :  2.68783e-06
 Reference value :  2.68859e-06
 Reference value :  2.68979e-06
 Reference value :  2.69055e-06
 Reference value :  2.69191e-06
 Reference value :  2.69267e-06
 Reference value :  2.69359e-06
 Reference value :  2.69439e-06
 Reference value :  2.69579e-06
 Reference value :  2.69655e-06
 Reference value :  2.69775e-06
 Reference value :  2.69855e-06
 Reference value :  2.69987e-06
 Reference value :  2.70063e-06
 Reference value :  2.70155e-06
 Reference value :  2.70235e-06
 Reference value :  2.70367e-06
 Reference value :  2.70447e-06
 Reference value :  2.70559e-06
 Reference value :  2.70643e-06
 Reference value :  2.70779e-06
 Reference value :  2.70875e-06
 Reference value :  2.70995e-06
 Reference value :  2.71091e-06
 Reference value :  2.71203e-06
 Reference value :  2.71323e-06
 Reference value :  2.71431e-06
 Reference value :  2.71571e-06
 Reference value :  2.71659e-06
 Reference value :  2.71771e-06
 Reference value :  2.71883e-06
 Reference value :  2.72002e-06
 Reference value :  2.72107e-06
 Reference value :  2.72207e-06
 Reference value :  2.72323e-06
 Reference value :  2.72419e-06
 Reference value :  2.72527e-06
 Reference value :  2.72615e-06
 Reference value :  2.72755e-06
 Reference value :  2.72851e-06
 Reference value :  2.72975e-06
 Reference value :  2.73051e-06
 Reference value :  2.73195e-06
 Reference value :  2.73287e-06
 Reference value :  2.73400e-06
 Reference value :  2.73491e-06
 Reference value :  2.73603e-06
 Reference value :  2.73715e-06
 Reference value :  2.73831e-06
 Reference value :  2.74000e-06
 Reference value :  2.74103e-06
 Reference value :  2.74201e-06
 Reference value :  2.74311e-06
 Reference value :  2.74419e-06
 Reference value :  2.74519e-06
 Reference value :  2.74619e-06
 Reference value :  2.74747e-06
 Reference value :  2.74831e-06
 Reference value :  2.74927e-06
 Reference value :  2.75023e-06
 Reference value :  2.75167e-06
 Reference value :  2.75255e-06
 Reference value :  2.75391e-06
 Reference value :  2.75491e-06
 Reference value :  2.75604e-06
 Reference value :  2.75703e-06
 Reference value :  2.75800e-06
 Reference value :  2.75911e-06
 Reference value :  2.76015e-06
 Reference value :  2.76127e-06
 Reference value :  2.76227e-06
 Reference value :  2.76363e-06
 Reference value :  2.76459e-06
 Reference value :  2.76563e-06
 Reference value :  2.76655e-06
 Reference value :  2.76791e-06
 Reference value :  2.76867e-06
 Reference value :  2.76997e-06
 Reference value :  2.77091e-06
 Reference value :  2.77211e-06
 Reference value :  2.77319e-06
 Reference value :  2.77415e-06
 Reference value :  2.77555e-06
 Reference value :  2.77643e-06
 Reference value :  2.77767e-06
 Reference value :  2.77847e-06
 Reference value :  2.78000e-06
 Reference value :  2.78091e-06
 Reference value :  2.78200e-06
 Reference value :  2.78303e-06
 Reference value :  2.78419e-06
 Reference value :  2.78543e-06
 Reference value :  2.78643e-06
 Reference value :  2.78797e-06
 Reference value :  2.78875e-06
 Reference value :  2.78987e-06
 Reference value :  2.79083e-06
 Reference value :  2.79204e-06
 Reference value :  2.79327e-06
 Reference value :  2.79423e-06
 Reference value :  2.79543e-06
 Reference value :  2.79639e-06
 Reference value :  2.79727e-06
 Reference value :  2.79819e-06
 Reference value :  2.79943e-06
 Reference value :  2.80039e-06
 Reference value :  2.80151e-06
 Reference value :  2.80243e-06
 Reference value :  2.80375e-06
 Reference value :  2.80463e-06
 Reference value :  2.80567e-06
 Reference value :  2.80671e-06
 Reference value :  2.80802e-06
 Reference value :  2.80907e-06
 Reference value :  2.81002e-06
 Reference value :  2.81107e-06
 Reference value :  2.81207e-06
 Reference value :  2.81299e-06
 Reference value :  2.81400e-06
 Reference value :  2.81499e-06
 Reference value :  2.81601e-06
 Reference value :  2.81687e-06
 Reference value :  2.81801e-06
 Reference value :  2.81891e-06
 Reference value :  2.82001e-06
 Reference value :  2.82075e-06
 Reference value :  2.82167e-06
 Reference value :  2.82243e-06
 Reference value :  2.82371e-06
 Reference value :  2.82451e-06
 Reference value :  2.82583e-06
 Reference value :  2.82667e-06
 Reference value :  2.82800e-06
 Reference value :  2.82887e-06
 Reference value :  2.82991e-06
 Reference value :  2.83087e-06
 Reference value :  2.83201e-06
 Reference value :  2.83303e-06
 Reference value :  2.83407e-06
 Reference value :  2.83539e-06
 Reference value :  2.83643e-06
 Reference value :  2.83735e-06
 Reference value :  2.83831e-06
 Reference value :  2.83967e-06
 Reference value :  2.84055e-06
 Reference value :  2.84171e-06
 Reference value :  2.84247e-06
 Reference value :  2.84383e-06
 Reference value :  2.84467e-06
 Reference value :  2.84563e-06
 Reference value :  2.84651e-06
 Reference value :  2.84779e-06
 Reference value :  2.84855e-06
 Reference value :  2.84979e-06
 Reference value :  2.85055e-06
 Reference value :  2.85191e-06
 Reference value :  2.85267e-06
 Reference value :  2.85359e-06
 Reference value :  2.85439e-06
 Reference value :  2.85571e-06
 Reference value :  2.85647e-06
 Reference value :  2.85759e-06
 Reference value :  2.85835e-06
 Reference value :  2.85963e-06
 Reference value :  2.86043e-06
 Reference value :  2.86123e-06
 Reference value :  2.86211e-06
 Reference value :  2.86343e-06
 Reference value :  2.86439e-06
 Reference value :  2.86543e-06
 Reference value :  2.86627e-06
 Reference value :  2.86751e-06
 Reference value :  2.86847e-06
 Reference value :  2.86947e-06
 Reference value :  2.87031e-06
 Reference value :  2.87163e-06
 Reference value :  2.87251e-06
 Reference value :  2.87375e-06
 Reference value :  2.87451e-06
 Reference value :  2.87579e-06
 Reference value :  2.87659e-06
 Reference value :  2.87759e-06
 Reference value :  2.87843e-06
 Reference value :  2.87979e-06
 Reference value :  2.88055e-06
 Reference value :  2.88171e-06
 Reference value :  2.88247e-06
 Reference value :  2.88383e-06
 Reference value :  2.88463e-06
 Reference value :  2.88559e-06
 Reference value :  2.88635e-06
 Reference value :  2.88763e-06
 Reference value :  2.88843e-06
 Reference value :  2.88955e-06
 Reference value :  2.89035e-06
 Reference value :  2.89159e-06
 Reference value :  2.89247e-06
 Reference value :  2.89331e-06
 Reference value :  2.89419e-06
 Reference value :  2.89551e-06
 Reference value :  2.89643e-06
 Reference value :  2.89787e-06
 Reference value :  2.89883e-06
 Reference value :  2.90001e-06
 Reference value :  2.90079e-06
 Reference value :  2.90175e-06
 Reference value :  2.90255e-06
 Reference value :  2.90387e-06
 Reference value :  2.90463e-06
 Reference value :  2.90587e-06
 Reference value :  2.90667e-06
 Reference value :  2.90800e-06
 Reference value :  2.90875e-06
 Reference value :  2.90983e-06
 Reference value :  2.91067e-06
 Reference value :  2.91200e-06
 Reference value :  2.91271e-06
 Reference value :  2.91395e-06
 Reference value :  2.91471e-06
 Reference value :  2.91597e-06
 Reference value :  2.91671e-06
 Reference value :  2.91763e-06
 Reference value :  2.91839e-06
 Reference value :  2.91971e-06
 Reference value :  2.92055e-06
 Reference value :  2.92171e-06
 Reference value :  2.92243e-06
 Reference value :  2.92375e-06
 Reference value :  2.92455e-06
 Reference value :  2.92539e-06
 Reference value :  2.92627e-06
 Reference value :  2.92759e-06
 Reference value :  2.92843e-06
 Reference value :  2.92959e-06
 Reference value :  2.93039e-06
 Reference value :  2.93171e-06
 Reference value :  2.93255e-06
 Reference value :  2.93347e-06
 Reference value :  2.93435e-06
 Reference value :  2.93567e-06
 Reference value :  2.93651e-06
 Reference value :  2.93767e-06
 Reference value :  2.93843e-06
 Reference value :  2.93979e-06
 Reference value :  2.94055e-06
 Reference value :  2.94147e-06
 Reference value :  2.94231e-06
 Reference value :  2.94363e-06
 Reference value :  2.94443e-06
 Reference value :  2.94555e-06
 Reference value :  2.94635e-06
 Reference value :  2.94771e-06
 Reference value :  2.94855e-06
 Reference value :  2.94947e-06
 Reference value :  2.95015e-06
 Reference value :  2.95143e-06
 Reference value :  2.95239e-06
 Reference value :  2.95351e-06
 Reference value :  2.95435e-06
 Reference value :  2.95563e-06
 Reference value :  2.95667e-06
 Reference value :  2.95783e-06
 Reference value :  2.95871e-06
 Reference value :  2.96000e-06
 Reference value :  2.96079e-06
 Reference value :  2.96200e-06
 Reference value :  2.96291e-06
 Reference value :  2.96411e-06
 Reference value :  2.96507e-06
 Reference value :  2.96601e-06
 Reference value :  2.96703e-06
 Reference value :  2.96802e-06
 Reference value :  2.96891e-06
 Reference value :  2.97001e-06
 Reference value :  2.97099e-06
 Reference value :  2.97204e-06
 Reference value :  2.97299e-06
 Reference value :  2.97400e-06
 Reference value :  2.97495e-06
 Reference value :  2.97604e-06
 Reference value :  2.97723e-06
 Reference value :  2.97815e-06
 Reference value :  2.97927e-06
 Reference value :  2.98023e-06
 Reference value :  2.98119e-06
 Reference value :  2.98202e-06
 Reference value :  2.98315e-06
 Reference value :  2.98411e-06
 Reference value :  2.98515e-06
 Reference value :  2.98611e-06
 Reference value :  2.98731e-06
 Reference value :  2.98823e-06
 Reference value :  2.98939e-06
 Reference value :  2.99027e-06
 Reference value :  2.99155e-06
 Reference value :  2.99243e-06
 Reference value :  2.99355e-06
 Reference value :  2.99439e-06
 Reference value :  2.99583e-06
 Reference value :  2.99667e-06
 Reference value :  2.99771e-06
 Reference value :  2.99867e-06
 Reference value :  3.00001e-06
 Reference value :  3.00103e-06
 Reference value :  3.00207e-06
 Reference value :  3.00311e-06
 Reference value :  3.00407e-06
 Reference value :  3.00503e-06
 Reference value :  3.00601e-06
 Reference value :  3.00731e-06
 Reference value :  3.00843e-06
 Reference value :  3.00983e-06
 Reference value :  3.01079e-06
 Reference value :  3.01202e-06
 Reference value :  3.01311e-06
 Reference value :  3.01401e-06
 Reference value :  3.01519e-06
 Reference value :  3.01615e-06
 Reference value :  3.01719e-06
 Reference value :  3.01819e-06
 Reference value :  3.01943e-06
 Reference value :  3.02039e-06
 Reference value :  3.02127e-06
 Reference value :  3.02235e-06
 Reference value :  3.02397e-06
 Reference value :  3.02495e-06
 Reference value :  3.02627e-06
 Reference value :  3.02787e-06
 Reference value :  3.02895e-06
 Reference value :  3.03015e-06
 Reference value :  3.03179e-06
 Reference value :  3.03271e-06
 Reference value :  3.03400e-06
 Reference value :  3.03483e-06
 Reference value :  3.03601e-06
 Reference value :  3.03683e-06
 Reference value :  3.03791e-06
 Reference value :  3.03875e-06
 Reference value :  3.04000e-06
 Reference value :  3.04091e-06
 Reference value :  3.04207e-06
 Reference value :  3.04351e-06
 Reference value :  3.04455e-06
 Reference value :  3.04571e-06
 Reference value :  3.04675e-06
 Reference value :  3.04803e-06
 Reference value :  3.04911e-06
 Reference value :  3.05011e-06
 Reference value :  3.05127e-06
 Reference value :  3.05215e-06
 Reference value :  3.05303e-06
 Reference value :  3.05404e-06
 Reference value :  3.05555e-06
 Reference value :  3.05659e-06
 Reference value :  3.05801e-06
 Reference value :  3.05919e-06
 Reference value :  3.06039e-06
 Reference value :  3.06143e-06
 Reference value :  3.06235e-06
 Reference value :  3.06367e-06
 Reference value :  3.06447e-06
 Reference value :  3.06571e-06
 Reference value :  3.06647e-06
 Reference value :  3.06783e-06
 Reference value :  3.06875e-06
 Reference value :  3.06997e-06
 Reference value :  3.07103e-06
 Reference value :  3.07215e-06
 Reference value :  3.07339e-06
 Reference value :  3.07439e-06
 Reference value :  3.07579e-06
 Reference value :  3.07667e-06
 Reference value :  3.07763e-06
 Reference value :  3.07835e-06
 Reference value :  3.07963e-06
 Reference value :  3.08043e-06
 Reference value :  3.08155e-06
 Reference value :  3.08243e-06
 Reference value :  3.08379e-06
 Reference value :  3.08475e-06
 Reference value :  3.08567e-06
 Reference value :  3.08671e-06
 Reference value :  3.08801e-06
 Reference value :  3.08915e-06
 Reference value :  3.09027e-06
 Reference value :  3.09159e-06
 Reference value :  3.09243e-06
 Reference value :  3.09331e-06
 Reference value :  3.09415e-06
 Reference value :  3.09543e-06
 Reference value :  3.09639e-06
 Reference value :  3.09779e-06
 Reference value :  3.09879e-06
 Reference value :  3.10004e-06
 Reference value :  3.10107e-06
 Reference value :  3.10211e-06
 Reference value :  3.10335e-06
 Reference value :  3.10423e-06
 Reference value :  3.10531e-06
 Reference value :  3.10623e-06
 Reference value :  3.10743e-06
 Reference value :  3.10835e-06
 Reference value :  3.10927e-06
 Reference value :  3.11002e-06
 Reference value :  3.11115e-06
 Reference value :  3.11207e-06
 Reference value :  3.11303e-06
 Reference value :  3.11402e-06
 Reference value :  3.11499e-06
 Reference value :  3.11603e-06
 Reference value :  3.11695e-06
 Reference value :  3.11797e-06
 Reference value :  3.11883e-06
 Reference value :  3.12001e-06
 Reference value :  3.12083e-06
 Reference value :  3.12200e-06
 Reference value :  3.12287e-06
 Reference value :  3.12401e-06
 Reference value :  3.12483e-06
 Reference value :  3.12591e-06
 Reference value :  3.12679e-06
 Reference value :  3.12801e-06
 Reference value :  3.12883e-06
 Reference value :  3.13001e-06
 Reference value :  3.13091e-06
 Reference value :  3.13202e-06
 Reference value :  3.13295e-06
 Reference value :  3.13400e-06
 Reference value :  3.13499e-06
 Reference value :  3.13602e-06
 Reference value :  3.13695e-06
 Reference value :  3.13804e-06
 Reference value :  3.13915e-06
 Reference value :  3.14011e-06
 Reference value :  3.14111e-06
 Reference value :  3.14200e-06
 Reference value :  3.14295e-06
 Reference value :  3.14402e-06
 Reference value :  3.14487e-06
 Reference value :  3.14601e-06
 Reference value :  3.14707e-06
 Reference value :  3.14811e-06
 Reference value :  3.14907e-06
 Reference value :  3.15001e-06
 Reference value :  3.15107e-06
 Reference value :  3.15211e-06
 Reference value :  3.15319e-06
 Reference value :  3.15415e-06
 Reference value :  3.15535e-06
 Reference value :  3.15639e-06
 Reference value :  3.15731e-06
 Reference value :  3.15819e-06
 Reference value :  3.15947e-06
 Reference value :  3.16035e-06
 Reference value :  3.16147e-06
 Reference value :  3.16231e-06
 Reference value :  3.16355e-06
 Reference value :  3.16443e-06
 Reference value :  3.16535e-06
 Reference value :  3.16623e-06
 Reference value :  3.16751e-06
 Reference value :  3.16839e-06
 Reference value :  3.16955e-06
 Reference value :  3.17039e-06
 Reference value :  3.17191e-06
 Reference value :  3.17267e-06
 Reference value :  3.17363e-06
 Reference value :  3.17447e-06
 Reference value :  3.17583e-06
 Reference value :  3.17659e-06
 Reference value :  3.17787e-06
 Reference value :  3.17867e-06
 Reference value :  3.18000e-06
 Reference value :  3.18079e-06
 Reference value :  3.18175e-06
 Reference value :  3.18267e-06
 Reference value :  3.18400e-06
 Reference value :  3.18483e-06
 Reference value :  3.18602e-06
 Reference value :  3.18711e-06
 Reference value :  3.18811e-06
 Reference value :  3.18907e-06
 Reference value :  3.19001e-06
 Reference value :  3.19111e-06
 Reference value :  3.19211e-06
 Reference value :  3.19315e-06
 Reference value :  3.19411e-06
 Reference value :  3.19527e-06
 Reference value :  3.19623e-06
 Reference value :  3.19719e-06
 Reference value :  3.19807e-06
 Reference value :  3.19931e-06
No. of Data Rows : 94280
sim/harness: analysis complete
Note: Simulation executed from .control section 
Note: Starting dynamic gmin stepping
Note: Dynamic gmin stepping completed
