
Note: Compatibility modes selected: hs a


Circuit: ** sch_path: /users/rwalters/github/sky130-pll/.loom/worktrees/issue-130/sim/divider-n64/testbench/tb_divider_n64.sch

option SCALE: Scale is set to 1e-06 for instance and model parameters
option SCALE: Scale is set to 1e-06 for instance and model parameters
option SCALE: Scale is set to 1e-06 for instance and model parameters
option SCALE: Scale is set to 1e-06 for instance and model parameters
Doing analysis at TEMP = 27.000000 and TNOM = 27.000000

Using KLU as Direct Linear Solver
 Reference value :  0.00000e+00
 Reference value :  6.22900e-10
 Reference value :  1.86290e-09
 Reference value :  2.62762e-09
 Reference value :  3.86762e-09
 Reference value :  4.58762e-09
 Reference value :  5.74000e-09
 Reference value :  6.54762e-09
 Reference value :  7.78763e-09
 Reference value :  8.42763e-09
 Reference value :  9.62763e-09
 Reference value :  1.03076e-08
 Reference value :  1.15476e-08
 Reference value :  1.22676e-08
 Reference value :  1.30276e-08
 Reference value :  1.40151e-08
 Reference value :  1.50276e-08
 Reference value :  1.60186e-08
 Reference value :  1.67876e-08
 Reference value :  1.80000e-08
 Reference value :  1.87076e-08
 Reference value :  1.99476e-08
 Reference value :  2.05076e-08
 Reference value :  2.14276e-08
 Reference value :  2.21876e-08
 Reference value :  2.34276e-08
 Reference value :  2.42276e-08
 Reference value :  2.51876e-08
 Reference value :  2.61076e-08
 Reference value :  2.72276e-08
 Reference value :  2.80676e-08
 Reference value :  2.88276e-08
 Reference value :  3.00013e-08
 Reference value :  3.08676e-08
 Reference value :  3.20125e-08
 Reference value :  3.28276e-08
 Reference value :  3.40038e-08
 Reference value :  3.48276e-08
 Reference value :  3.60013e-08
 Reference value :  3.65876e-08
 Reference value :  3.75076e-08
 Reference value :  3.82676e-08
 Reference value :  3.95476e-08
 Reference value :  4.02676e-08
 Reference value :  4.13076e-08
 Reference value :  4.21476e-08
 Reference value :  4.33076e-08
 Reference value :  4.41076e-08
 Reference value :  4.48276e-08
 Reference value :  4.59738e-08
 Reference value :  4.67476e-08
 Reference value :  4.79738e-08
 Reference value :  4.85476e-08
 Reference value :  4.98276e-08
 Reference value :  5.05876e-08
 Reference value :  5.18276e-08
 Reference value :  5.24676e-08
 Reference value :  5.33876e-08
 Reference value :  5.41476e-08
 Reference value :  5.53876e-08
 Reference value :  5.61876e-08
 Reference value :  5.71476e-08
 Reference value :  5.80396e-08
 Reference value :  5.91076e-08
 Reference value :  6.00256e-08
 Reference value :  6.07476e-08
 Reference value :  6.19076e-08
 Reference value :  6.26676e-08
 Reference value :  6.39476e-08
 Reference value :  6.45076e-08
 Reference value :  6.57876e-08
 Reference value :  6.65876e-08
 Reference value :  6.77876e-08
 Reference value :  6.84276e-08
 Reference value :  6.92676e-08
 Reference value :  7.01076e-08
 Reference value :  7.12676e-08
 Reference value :  7.21461e-08
 Reference value :  7.31061e-08
 Reference value :  7.40186e-08
 Reference value :  7.49876e-08
 Reference value :  7.60256e-08
 Reference value :  7.67476e-08
 Reference value :  7.78276e-08
 Reference value :  7.86276e-08
 Reference value :  7.99476e-08
 Reference value :  8.05476e-08
 Reference value :  8.19076e-08
 Reference value :  8.26276e-08
 Reference value :  8.39076e-08
 Reference value :  8.45061e-08
 Reference value :  8.54661e-08
 Reference value :  8.63076e-08
 Reference value :  8.75476e-08
 Reference value :  8.83076e-08
 Reference value :  8.93476e-08
 Reference value :  9.01876e-08
 Reference value :  9.13876e-08
 Reference value :  9.21876e-08
 Reference value :  9.29476e-08
 Reference value :  9.40134e-08
 Reference value :  9.50276e-08
 Reference value :  9.60151e-08
 Reference value :  9.67476e-08
 Reference value :  9.79738e-08
 Reference value :  9.86676e-08
 Reference value :  9.99476e-08
 Reference value :  1.00588e-07
 Reference value :  1.01668e-07
 Reference value :  1.02468e-07
 Reference value :  1.03788e-07
 Reference value :  1.04428e-07
 Reference value :  1.05668e-07
 Reference value :  1.06388e-07
 Reference value :  1.07628e-07
 Reference value :  1.08348e-07
 Reference value :  1.09188e-07
 Reference value :  1.10108e-07
 Reference value :  1.11428e-07
 Reference value :  1.12226e-07
 Reference value :  1.13226e-07
 Reference value :  1.14148e-07
 Reference value :  1.15348e-07
 Reference value :  1.16188e-07
 Reference value :  1.16988e-07
 Reference value :  1.18013e-07
 Reference value :  1.18988e-07
 Reference value :  1.20019e-07
 Reference value :  1.20788e-07
 Reference value :  1.22001e-07
 Reference value :  1.22748e-07
 Reference value :  1.24000e-07
 Reference value :  1.24548e-07
 Reference value :  1.25588e-07
 Reference value :  1.26388e-07
 Reference value :  1.27628e-07
 Reference value :  1.28348e-07
 Reference value :  1.29468e-07
 Reference value :  1.30228e-07
 Reference value :  1.31428e-07
 Reference value :  1.32188e-07
 Reference value :  1.32948e-07
 Reference value :  1.34000e-07
 Reference value :  1.34948e-07
 Reference value :  1.36013e-07
 Reference value :  1.36708e-07
 Reference value :  1.38000e-07
 Reference value :  1.38748e-07
 Reference value :  1.39974e-07
 Reference value :  1.40548e-07
 Reference value :  1.41428e-07
 Reference value :  1.42188e-07
 Reference value :  1.43428e-07
 Reference value :  1.44228e-07
 Reference value :  1.45268e-07
 Reference value :  1.46108e-07
 Reference value :  1.47228e-07
 Reference value :  1.48108e-07
 Reference value :  1.48908e-07
 Reference value :  1.50008e-07
 Reference value :  1.50908e-07
 Reference value :  1.52008e-07
 Reference value :  1.52788e-07
 Reference value :  1.54000e-07
 Reference value :  1.54708e-07
 Reference value :  1.55974e-07
 Reference value :  1.56508e-07
 Reference value :  1.57468e-07
 Reference value :  1.58268e-07
 Reference value :  1.59548e-07
 Reference value :  1.60308e-07
 Reference value :  1.61348e-07
 Reference value :  1.62148e-07
 Reference value :  1.63348e-07
 Reference value :  1.64148e-07
 Reference value :  1.64908e-07
 Reference value :  1.66008e-07
 Reference value :  1.66908e-07
 Reference value :  1.68013e-07
 Reference value :  1.68708e-07
 Reference value :  1.69948e-07
 Reference value :  1.70668e-07
 Reference value :  1.71948e-07
 Reference value :  1.72548e-07
 Reference value :  1.73428e-07
 Reference value :  1.74228e-07
 Reference value :  1.75468e-07
 Reference value :  1.76268e-07
 Reference value :  1.77308e-07
 Reference value :  1.78108e-07
 Reference value :  1.79228e-07
 Reference value :  1.80108e-07
 Reference value :  1.80908e-07
 Reference value :  1.82013e-07
 Reference value :  1.82948e-07
 Reference value :  1.84013e-07
 Reference value :  1.84708e-07
 Reference value :  1.85948e-07
 Reference value :  1.86628e-07
 Reference value :  1.87868e-07
 Reference value :  1.88428e-07
 Reference value :  1.89308e-07
 Reference value :  1.90148e-07
 Reference value :  1.91388e-07
 Reference value :  1.92188e-07
 Reference value :  1.93148e-07
 Reference value :  1.94026e-07
 Reference value :  1.95028e-07
 Reference value :  1.96019e-07
 Reference value :  1.96788e-07
 Reference value :  1.97788e-07
 Reference value :  1.98548e-07
 Reference value :  1.99828e-07
 Reference value :  2.00428e-07
 Reference value :  2.01548e-07
 Reference value :  2.02228e-07
 Reference value :  2.03428e-07
 Reference value :  2.04228e-07
 Reference value :  2.04908e-07
 Reference value :  2.06001e-07
 Reference value :  2.06868e-07
 Reference value :  2.08008e-07
 Reference value :  2.08708e-07
 Reference value :  2.09974e-07
 Reference value :  2.10668e-07
 Reference value :  2.11908e-07
 Reference value :  2.12468e-07
 Reference value :  2.13388e-07
 Reference value :  2.14148e-07
 Reference value :  2.15428e-07
 Reference value :  2.16308e-07
 Reference value :  2.17348e-07
 Reference value :  2.18188e-07
 Reference value :  2.19468e-07
 Reference value :  2.20268e-07
 Reference value :  2.21028e-07
 Reference value :  2.22026e-07
 Reference value :  2.23108e-07
 Reference value :  2.24026e-07
 Reference value :  2.24868e-07
 Reference value :  2.26004e-07
 Reference value :  2.26788e-07
 Reference value :  2.28004e-07
 Reference value :  2.28628e-07
 Reference value :  2.29548e-07
 Reference value :  2.30308e-07
 Reference value :  2.31588e-07
 Reference value :  2.32308e-07
 Reference value :  2.33348e-07
 Reference value :  2.34148e-07
 Reference value :  2.36008e-07
 Reference value :  2.36708e-07
 Reference value :  2.37868e-07
 Reference value :  2.38588e-07
 Reference value :  2.39908e-07
 Reference value :  2.40468e-07
 Reference value :  2.41668e-07
 Reference value :  2.42348e-07
 Reference value :  2.43668e-07
 Reference value :  2.44388e-07
 Reference value :  2.45268e-07
 Reference value :  2.46148e-07
 Reference value :  2.47428e-07
 Reference value :  2.48266e-07
 Reference value :  2.49226e-07
 Reference value :  2.50108e-07
 Reference value :  2.51308e-07
 Reference value :  2.52186e-07
 Reference value :  2.52986e-07
 Reference value :  2.54013e-07
 Reference value :  2.54948e-07
 Reference value :  2.56012e-07
 Reference value :  2.56708e-07
 Reference value :  2.57948e-07
 Reference value :  2.58628e-07
 Reference value :  2.59868e-07
 Reference value :  2.60468e-07
 Reference value :  2.61188e-07
 Reference value :  2.62068e-07
 Reference value :  2.63348e-07
 Reference value :  2.64226e-07
 Reference value :  2.65306e-07
 Reference value :  2.66188e-07
 Reference value :  2.67508e-07
 Reference value :  2.68268e-07
 Reference value :  2.68988e-07
 Reference value :  2.70019e-07
 Reference value :  2.71668e-07
 Reference value :  2.72468e-07
 Reference value :  2.73708e-07
 Reference value :  2.74428e-07
 Reference value :  2.75908e-07
 Reference value :  2.76546e-07
 Reference value :  2.77626e-07
 Reference value :  2.78548e-07
 Reference value :  2.79908e-07
 Reference value :  2.80508e-07
 Reference value :  2.81788e-07
 Reference value :  2.82468e-07
 Reference value :  2.83708e-07
 Reference value :  2.84428e-07
 Reference value :  2.85348e-07
 Reference value :  2.86148e-07
 Reference value :  2.87348e-07
 Reference value :  2.88186e-07
 Reference value :  2.89146e-07
 Reference value :  2.90040e-07
 Reference value :  2.91108e-07
 Reference value :  2.92040e-07
 Reference value :  2.92828e-07
 Reference value :  2.93908e-07
 Reference value :  2.94748e-07
 Reference value :  2.96000e-07
 Reference value :  2.96548e-07
 Reference value :  2.97868e-07
 Reference value :  2.98548e-07
 Reference value :  2.99828e-07
 Reference value :  3.00466e-07
 Reference value :  3.01306e-07
 Reference value :  3.02148e-07
 Reference value :  3.03388e-07
 Reference value :  3.04228e-07
 Reference value :  3.05268e-07
 Reference value :  3.06108e-07
 Reference value :  3.07228e-07
 Reference value :  3.08068e-07
 Reference value :  3.08828e-07
 Reference value :  3.09974e-07
 Reference value :  3.10748e-07
 Reference value :  3.11974e-07
 Reference value :  3.12506e-07
 Reference value :  3.13746e-07
 Reference value :  3.14468e-07
 Reference value :  3.15708e-07
 Reference value :  3.16388e-07
 Reference value :  3.17268e-07
 Reference value :  3.18108e-07
 Reference value :  3.19268e-07
 Reference value :  3.20108e-07
 Reference value :  3.21028e-07
 Reference value :  3.22015e-07
 Reference value :  3.22988e-07
 Reference value :  3.24025e-07
 Reference value :  3.24746e-07
 Reference value :  3.25746e-07
 Reference value :  3.26588e-07
 Reference value :  3.27948e-07
 Reference value :  3.28548e-07
 Reference value :  3.30008e-07
 Reference value :  3.31428e-07
 Reference value :  3.32428e-07
 Reference value :  3.34013e-07
 Reference value :  3.35388e-07
 Reference value :  3.36226e-07
 Reference value :  3.37226e-07
 Reference value :  3.38148e-07
 Reference value :  3.39308e-07
 Reference value :  3.40148e-07
 Reference value :  3.40908e-07
 Reference value :  3.42004e-07
 Reference value :  3.42868e-07
 Reference value :  3.44004e-07
 Reference value :  3.44628e-07
 Reference value :  3.45908e-07
 Reference value :  3.46588e-07
 Reference value :  3.47868e-07
 Reference value :  3.48506e-07
 Reference value :  3.49506e-07
 Reference value :  3.50268e-07
 Reference value :  3.51508e-07
 Reference value :  3.52308e-07
 Reference value :  3.53388e-07
 Reference value :  3.54188e-07
 Reference value :  3.55428e-07
 Reference value :  3.56228e-07
 Reference value :  3.57148e-07
 Reference value :  3.58040e-07
 Reference value :  3.59188e-07
 Reference value :  3.60068e-07
 Reference value :  3.60948e-07
 Reference value :  3.62013e-07
 Reference value :  3.62948e-07
 Reference value :  3.64013e-07
 Reference value :  3.64628e-07
 Reference value :  3.65628e-07
 Reference value :  3.66388e-07
 Reference value :  3.67628e-07
 Reference value :  3.68348e-07
 Reference value :  3.69428e-07
 Reference value :  3.70188e-07
 Reference value :  3.71348e-07
 Reference value :  3.72148e-07
 Reference value :  3.72908e-07
 Reference value :  3.74004e-07
 Reference value :  3.74868e-07
 Reference value :  3.76004e-07
 Reference value :  3.76908e-07
 Reference value :  3.78108e-07
 Reference value :  3.79228e-07
 Reference value :  3.80068e-07
 Reference value :  3.80868e-07
 Reference value :  3.82001e-07
 Reference value :  3.82868e-07
 Reference value :  3.84019e-07
 Reference value :  3.84868e-07
 Reference value :  3.86008e-07
 Reference value :  3.86828e-07
 Reference value :  3.88008e-07
 Reference value :  3.88708e-07
 Reference value :  3.89588e-07
 Reference value :  3.90468e-07
 Reference value :  3.91788e-07
 Reference value :  3.92428e-07
 Reference value :  3.93548e-07
 Reference value :  3.94268e-07
 Reference value :  3.95548e-07
 Reference value :  3.96268e-07
 Reference value :  3.96988e-07
 Reference value :  3.98015e-07
 Reference value :  3.99028e-07
 Reference value :  4.00018e-07
 Reference value :  4.00826e-07
 Reference value :  4.02001e-07
 Reference value :  4.02788e-07
 Reference value :  4.04188e-07
 Reference value :  4.04948e-07
 Reference value :  4.06108e-07
 Reference value :  4.08108e-07
 Reference value :  4.10013e-07
 Reference value :  4.10988e-07
 Reference value :  4.12186e-07
 Reference value :  4.13306e-07
 Reference value :  4.14188e-07
 Reference value :  4.15468e-07
 Reference value :  4.16268e-07
 Reference value :  4.17388e-07
 Reference value :  4.18188e-07
 Reference value :  4.19428e-07
 Reference value :  4.20228e-07
 Reference value :  4.21028e-07
 Reference value :  4.22013e-07
 Reference value :  4.22988e-07
 Reference value :  4.24015e-07
 Reference value :  4.24746e-07
 Reference value :  4.25973e-07
 Reference value :  4.26668e-07
 Reference value :  4.27974e-07
 Reference value :  4.28548e-07
 Reference value :  4.29508e-07
 Reference value :  4.30268e-07
 Reference value :  4.31508e-07
 Reference value :  4.32268e-07
 Reference value :  4.33308e-07
 Reference value :  4.34108e-07
 Reference value :  4.35188e-07
 Reference value :  4.36066e-07
 Reference value :  4.36826e-07
 Reference value :  4.37973e-07
 Reference value :  4.38788e-07
 Reference value :  4.40000e-07
 Reference value :  4.40548e-07
 Reference value :  4.41788e-07
 Reference value :  4.42468e-07
 Reference value :  4.43748e-07
 Reference value :  4.44428e-07
 Reference value :  4.45308e-07
 Reference value :  4.46148e-07
 Reference value :  4.47428e-07
 Reference value :  4.48266e-07
 Reference value :  4.49266e-07
 Reference value :  4.50108e-07
 Reference value :  4.51228e-07
 Reference value :  4.52108e-07
 Reference value :  4.52908e-07
 Reference value :  4.54000e-07
 Reference value :  4.54828e-07
 Reference value :  4.56004e-07
 Reference value :  4.56628e-07
 Reference value :  4.57974e-07
 Reference value :  4.58668e-07
 Reference value :  4.59948e-07
 Reference value :  4.60586e-07
 Reference value :  4.61506e-07
 Reference value :  4.62228e-07
 Reference value :  4.63468e-07
 Reference value :  4.64268e-07
 Reference value :  4.65348e-07
 Reference value :  4.66148e-07
 Reference value :  4.67308e-07
 Reference value :  4.68188e-07
 Reference value :  4.69028e-07
 Reference value :  4.70015e-07
 Reference value :  4.71028e-07
 Reference value :  4.72018e-07
 Reference value :  4.72786e-07
 Reference value :  4.74000e-07
 Reference value :  4.74708e-07
 Reference value :  4.75948e-07
 Reference value :  4.76548e-07
 Reference value :  4.77508e-07
 Reference value :  4.78268e-07
 Reference value :  4.79508e-07
 Reference value :  4.80268e-07
 Reference value :  4.81308e-07
 Reference value :  4.82148e-07
 Reference value :  4.83348e-07
 Reference value :  4.84148e-07
 Reference value :  4.84908e-07
 Reference value :  4.86004e-07
 Reference value :  4.86908e-07
 Reference value :  4.88013e-07
 Reference value :  4.88668e-07
 Reference value :  4.89908e-07
 Reference value :  4.90628e-07
 Reference value :  4.92000e-07
 Reference value :  4.92588e-07
 Reference value :  4.93508e-07
 Reference value :  4.94268e-07
 Reference value :  4.95548e-07
 Reference value :  4.96306e-07
 Reference value :  4.97346e-07
 Reference value :  4.98148e-07
 Reference value :  4.99308e-07
 Reference value :  5.00186e-07
 Reference value :  5.00946e-07
 Reference value :  5.02013e-07
 Reference value :  5.03028e-07
 Reference value :  5.04026e-07
 Reference value :  5.04868e-07
 Reference value :  5.06008e-07
 Reference value :  5.06868e-07
 Reference value :  5.08004e-07
 Reference value :  5.08628e-07
 Reference value :  5.09668e-07
 Reference value :  5.10468e-07
 Reference value :  5.11748e-07
 Reference value :  5.12428e-07
 Reference value :  5.13548e-07
 Reference value :  5.14268e-07
 Reference value :  5.15508e-07
 Reference value :  5.16268e-07
 Reference value :  5.17028e-07
 Reference value :  5.18013e-07
 Reference value :  5.19348e-07
 Reference value :  5.20188e-07
 Reference value :  5.21228e-07
 Reference value :  5.22108e-07
 Reference value :  5.23228e-07
 Reference value :  5.24068e-07
 Reference value :  5.24788e-07
 Reference value :  5.25868e-07
 Reference value :  5.26628e-07
 Reference value :  5.27974e-07
 Reference value :  5.28626e-07
 Reference value :  5.29946e-07
 Reference value :  5.30628e-07
 Reference value :  5.31868e-07
 Reference value :  5.32508e-07
 Reference value :  5.33428e-07
 Reference value :  5.34228e-07
 Reference value :  5.35508e-07
 Reference value :  5.36308e-07
 Reference value :  5.37308e-07
 Reference value :  5.38068e-07
 Reference value :  5.39148e-07
 Reference value :  5.40040e-07
 Reference value :  5.40788e-07
 Reference value :  5.42026e-07
 Reference value :  5.43548e-07
 Reference value :  5.44308e-07
 Reference value :  5.45348e-07
 Reference value :  5.46108e-07
 Reference value :  5.47188e-07
 Reference value :  5.48068e-07
 Reference value :  5.48868e-07
 Reference value :  5.49948e-07
 Reference value :  5.50668e-07
 Reference value :  5.51948e-07
 Reference value :  5.52506e-07
 Reference value :  5.53746e-07
 Reference value :  5.54468e-07
 Reference value :  5.55748e-07
 Reference value :  5.56428e-07
 Reference value :  5.57268e-07
 Reference value :  5.58148e-07
 Reference value :  5.59428e-07
 Reference value :  5.60268e-07
 Reference value :  5.61348e-07
 Reference value :  5.62148e-07
 Reference value :  5.63388e-07
 Reference value :  5.64148e-07
 Reference value :  5.64948e-07
 Reference value :  5.66008e-07
 Reference value :  5.66868e-07
 Reference value :  5.68004e-07
 Reference value :  5.68628e-07
 Reference value :  5.69868e-07
 Reference value :  5.70628e-07
 Reference value :  5.71868e-07
 Reference value :  5.72428e-07
 Reference value :  5.73308e-07
 Reference value :  5.74148e-07
 Reference value :  5.75348e-07
 Reference value :  5.76186e-07
 Reference value :  5.77186e-07
 Reference value :  5.78040e-07
 Reference value :  5.79028e-07
 Reference value :  5.80019e-07
 Reference value :  5.80748e-07
 Reference value :  5.81708e-07
 Reference value :  5.82508e-07
 Reference value :  5.83788e-07
 Reference value :  5.84428e-07
 Reference value :  5.85508e-07
 Reference value :  5.86188e-07
 Reference value :  5.87388e-07
 Reference value :  5.88148e-07
 Reference value :  5.88868e-07
 Reference value :  5.90001e-07
 Reference value :  5.90828e-07
 Reference value :  5.92000e-07
 Reference value :  5.92508e-07
 Reference value :  5.93748e-07
 Reference value :  5.94388e-07
 Reference value :  5.95628e-07
 Reference value :  5.96308e-07
 Reference value :  5.97068e-07
 Reference value :  5.98019e-07
 Reference value :  5.99028e-07
 Reference value :  6.00015e-07
 Reference value :  6.00706e-07
 Reference value :  6.01973e-07
 Reference value :  6.02748e-07
 Reference value :  6.03974e-07
 Reference value :  6.04548e-07
 Reference value :  6.05508e-07
 Reference value :  6.06228e-07
 Reference value :  6.07468e-07
 Reference value :  6.08228e-07
 Reference value :  6.09188e-07
 Reference value :  6.10068e-07
 Reference value :  6.11188e-07
 Reference value :  6.12068e-07
 Reference value :  6.12908e-07
 Reference value :  6.14004e-07
 Reference value :  6.15188e-07
 Reference value :  6.16268e-07
 Reference value :  6.17348e-07
 Reference value :  6.18148e-07
 Reference value :  6.19268e-07
 Reference value :  6.20068e-07
 Reference value :  6.20788e-07
 Reference value :  6.21908e-07
 Reference value :  6.22668e-07
 Reference value :  6.23868e-07
 Reference value :  6.24466e-07
 Reference value :  6.25626e-07
 Reference value :  6.26268e-07
 Reference value :  6.27468e-07
 Reference value :  6.28228e-07
 Reference value :  6.28988e-07
 Reference value :  6.30013e-07
 Reference value :  6.30908e-07
 Reference value :  6.32008e-07
 Reference value :  6.32708e-07
 Reference value :  6.33908e-07
 Reference value :  6.34548e-07
 Reference value :  6.35788e-07
 Reference value :  6.36428e-07
 Reference value :  6.37308e-07
 Reference value :  6.38148e-07
 Reference value :  6.39348e-07
 Reference value :  6.40148e-07
 Reference value :  6.41028e-07
 Reference value :  6.42019e-07
 Reference value :  6.42988e-07
 Reference value :  6.44013e-07
 Reference value :  6.44628e-07
 Reference value :  6.45428e-07
 Reference value :  6.46188e-07
 Reference value :  6.47388e-07
 Reference value :  6.48186e-07
 Reference value :  6.49146e-07
 Reference value :  6.50026e-07
 Reference value :  6.50988e-07
 Reference value :  6.52013e-07
 Reference value :  6.52668e-07
 Reference value :  6.53628e-07
 Reference value :  6.54348e-07
 Reference value :  6.55588e-07
 Reference value :  6.56308e-07
 Reference value :  6.57388e-07
 Reference value :  6.58148e-07
 Reference value :  6.59348e-07
 Reference value :  6.60108e-07
 Reference value :  6.60868e-07
 Reference value :  6.61974e-07
 Reference value :  6.62708e-07
 Reference value :  6.63948e-07
 Reference value :  6.64468e-07
 Reference value :  6.65588e-07
 Reference value :  6.66268e-07
 Reference value :  6.67468e-07
 Reference value :  6.68228e-07
 Reference value :  6.69028e-07
 Reference value :  6.70013e-07
 Reference value :  6.70988e-07
 Reference value :  6.72013e-07
 Reference value :  6.72746e-07
 Reference value :  6.73946e-07
 Reference value :  6.74668e-07
 Reference value :  6.75868e-07
 Reference value :  6.76428e-07
 Reference value :  6.77228e-07
 Reference value :  6.78068e-07
 Reference value :  6.79188e-07
 Reference value :  6.80068e-07
 Reference value :  6.80948e-07
 Reference value :  6.82008e-07
 Reference value :  6.82868e-07
 Reference value :  6.84004e-07
 Reference value :  6.84588e-07
 Reference value :  6.85468e-07
 Reference value :  6.86228e-07
 Reference value :  6.87508e-07
 Reference value :  6.88228e-07
 Reference value :  6.89188e-07
 Reference value :  6.90040e-07
 Reference value :  6.91108e-07
 Reference value :  6.92019e-07
 Reference value :  6.92708e-07
 Reference value :  6.93748e-07
 Reference value :  6.94508e-07
 Reference value :  6.95748e-07
 Reference value :  6.96386e-07
 Reference value :  6.97466e-07
 Reference value :  6.98188e-07
 Reference value :  6.99348e-07
 Reference value :  7.00148e-07
 Reference value :  7.00828e-07
 Reference value :  7.01908e-07
 Reference value :  7.02508e-07
 Reference value :  7.03668e-07
 Reference value :  7.04268e-07
 Reference value :  7.05228e-07
 Reference value :  7.06388e-07
 Reference value :  7.08008e-07
 Reference value :  7.08748e-07
 Reference value :  7.09708e-07
 Reference value :  7.10468e-07
 Reference value :  7.11668e-07
 Reference value :  7.12348e-07
 Reference value :  7.13428e-07
 Reference value :  7.14188e-07
 Reference value :  7.15388e-07
 Reference value :  7.16188e-07
 Reference value :  7.16868e-07
 Reference value :  7.18000e-07
 Reference value :  7.18708e-07
 Reference value :  7.19908e-07
 Reference value :  7.20508e-07
 Reference value :  7.21708e-07
 Reference value :  7.22388e-07
 Reference value :  7.23708e-07
 Reference value :  7.24348e-07
 Reference value :  7.25268e-07
 Reference value :  7.26148e-07
 Reference value :  7.27348e-07
 Reference value :  7.28188e-07
 Reference value :  7.29148e-07
 Reference value :  7.30308e-07
 Reference value :  7.31548e-07
 Reference value :  7.32308e-07
 Reference value :  7.33068e-07
 Reference value :  7.34026e-07
 Reference value :  7.35108e-07
 Reference value :  7.36040e-07
 Reference value :  7.36908e-07
 Reference value :  7.38012e-07
 Reference value :  7.38868e-07
 Reference value :  7.40004e-07
 Reference value :  7.40628e-07
 Reference value :  7.41628e-07
 Reference value :  7.42388e-07
 Reference value :  7.43628e-07
 Reference value :  7.44388e-07
 Reference value :  7.45508e-07
 Reference value :  7.46228e-07
 Reference value :  7.47468e-07
 Reference value :  7.48228e-07
 Reference value :  7.48948e-07
 Reference value :  7.50013e-07
 Reference value :  7.51028e-07
 Reference value :  7.52013e-07
 Reference value :  7.52708e-07
 Reference value :  7.53788e-07
 Reference value :  7.54308e-07
 Reference value :  7.55388e-07
 Reference value :  7.56068e-07
 Reference value :  7.56748e-07
 Reference value :  7.57668e-07
 Reference value :  7.58268e-07
 Reference value :  7.59348e-07
 Reference value :  7.60068e-07
 Reference value :  7.60788e-07
 Reference value :  7.61828e-07
 Reference value :  7.62348e-07
 Reference value :  7.63388e-07
 Reference value :  7.64068e-07
 Reference value :  7.64748e-07
 Reference value :  7.65708e-07
 Reference value :  7.66308e-07
 Reference value :  7.67428e-07
 Reference value :  7.68148e-07
 Reference value :  7.68908e-07
 Reference value :  7.69948e-07
 Reference value :  7.70468e-07
 Reference value :  7.71548e-07
 Reference value :  7.72148e-07
 Reference value :  7.72828e-07
 Reference value :  7.73588e-07
 Reference value :  7.74148e-07
 Reference value :  7.75188e-07
 Reference value :  7.76015e-07
 Reference value :  7.76588e-07
 Reference value :  7.77628e-07
 Reference value :  7.78188e-07
 Reference value :  7.79388e-07
 Reference value :  7.80628e-07
 Reference value :  7.81508e-07
 Reference value :  7.82148e-07
 Reference value :  7.83188e-07
 Reference value :  7.84013e-07
 Reference value :  7.84588e-07
 Reference value :  7.85748e-07
 Reference value :  7.86428e-07
 Reference value :  7.87708e-07
 Reference value :  7.88308e-07
 Reference value :  7.88948e-07
 Reference value :  7.89974e-07
 Reference value :  7.90548e-07
 Reference value :  7.91588e-07
 Reference value :  7.92188e-07
 Reference value :  7.92988e-07
 Reference value :  7.94000e-07
 Reference value :  7.94508e-07
 Reference value :  7.95588e-07
 Reference value :  7.96226e-07
 Reference value :  7.96826e-07
 Reference value :  7.97826e-07
 Reference value :  7.98428e-07
 Reference value :  7.99508e-07
 Reference value :  8.00148e-07
 Reference value :  8.00948e-07
 Reference value :  8.02000e-07
 Reference value :  8.02588e-07
 Reference value :  8.03628e-07
 Reference value :  8.04228e-07
 Reference value :  8.04868e-07
 Reference value :  8.05788e-07
 Reference value :  8.06388e-07
 Reference value :  8.07428e-07
 Reference value :  8.08108e-07
 Reference value :  8.08828e-07
 Reference value :  8.09868e-07
 Reference value :  8.10388e-07
 Reference value :  8.11428e-07
 Reference value :  8.12068e-07
 Reference value :  8.12708e-07
 Reference value :  8.13588e-07
 Reference value :  8.14188e-07
 Reference value :  8.15228e-07
 Reference value :  8.16015e-07
 Reference value :  8.16628e-07
 Reference value :  8.17748e-07
 Reference value :  8.18228e-07
 Reference value :  8.19268e-07
 Reference value :  8.20039e-07
 Reference value :  8.20706e-07
 Reference value :  8.21626e-07
 Reference value :  8.22228e-07
 Reference value :  8.23308e-07
 Reference value :  8.24040e-07
 Reference value :  8.24748e-07
 Reference value :  8.25868e-07
 Reference value :  8.26388e-07
 Reference value :  8.27468e-07
 Reference value :  8.28108e-07
 Reference value :  8.28708e-07
 Reference value :  8.29628e-07
 Reference value :  8.30228e-07
 Reference value :  8.31308e-07
 Reference value :  8.32040e-07
 Reference value :  8.32828e-07
 Reference value :  8.33948e-07
 Reference value :  8.34468e-07
 Reference value :  8.35548e-07
 Reference value :  8.36148e-07
 Reference value :  8.36788e-07
 Reference value :  8.37628e-07
 Reference value :  8.38228e-07
 Reference value :  8.39308e-07
 Reference value :  8.40040e-07
 Reference value :  8.40748e-07
 Reference value :  8.41868e-07
 Reference value :  8.42348e-07
 Reference value :  8.43428e-07
 Reference value :  8.44106e-07
 Reference value :  8.44746e-07
 Reference value :  8.45626e-07
 Reference value :  8.46268e-07
 Reference value :  8.47388e-07
 Reference value :  8.48068e-07
 Reference value :  8.48828e-07
 Reference value :  8.49908e-07
 Reference value :  8.50428e-07
 Reference value :  8.51508e-07
 Reference value :  8.52148e-07
 Reference value :  8.52828e-07
 Reference value :  8.53828e-07
 Reference value :  8.54428e-07
 Reference value :  8.55468e-07
 Reference value :  8.56148e-07
 Reference value :  8.56908e-07
 Reference value :  8.57948e-07
 Reference value :  8.58428e-07
 Reference value :  8.59508e-07
 Reference value :  8.60148e-07
 Reference value :  8.60788e-07
 Reference value :  8.61748e-07
 Reference value :  8.62348e-07
 Reference value :  8.63388e-07
 Reference value :  8.64068e-07
 Reference value :  8.64788e-07
 Reference value :  8.65828e-07
 Reference value :  8.66308e-07
 Reference value :  8.67348e-07
 Reference value :  8.68066e-07
 Reference value :  8.68746e-07
 Reference value :  8.69546e-07
 Reference value :  8.70148e-07
 Reference value :  8.71188e-07
 Reference value :  8.72019e-07
 Reference value :  8.72588e-07
 Reference value :  8.73668e-07
 Reference value :  8.74228e-07
 Reference value :  8.75268e-07
 Reference value :  8.76019e-07
 Reference value :  8.76628e-07
 Reference value :  8.77428e-07
 Reference value :  8.78108e-07
 Reference value :  8.79068e-07
 Reference value :  8.80008e-07
 Reference value :  8.80508e-07
 Reference value :  8.81588e-07
 Reference value :  8.82188e-07
 Reference value :  8.83188e-07
 Reference value :  8.84013e-07
 Reference value :  8.84588e-07
 Reference value :  8.85548e-07
 Reference value :  8.86308e-07
 Reference value :  8.87508e-07
 Reference value :  8.88188e-07
 Reference value :  8.88988e-07
 Reference value :  8.90001e-07
 Reference value :  8.90588e-07
 Reference value :  8.91628e-07
 Reference value :  8.92226e-07
 Reference value :  8.92906e-07
 Reference value :  8.93906e-07
 Reference value :  8.94508e-07
 Reference value :  8.95588e-07
 Reference value :  8.96228e-07
 Reference value :  8.97028e-07
 Reference value :  8.98008e-07
 Reference value :  8.98708e-07
 Reference value :  8.99788e-07
 Reference value :  9.00308e-07
 Reference value :  9.00948e-07
 Reference value :  9.01788e-07
 Reference value :  9.02348e-07
 Reference value :  9.03388e-07
 Reference value :  9.04068e-07
 Reference value :  9.04748e-07
 Reference value :  9.05788e-07
 Reference value :  9.06308e-07
 Reference value :  9.07348e-07
 Reference value :  9.08040e-07
 Reference value :  9.08668e-07
 Reference value :  9.09468e-07
 Reference value :  9.10108e-07
 Reference value :  9.11068e-07
 Reference value :  9.12004e-07
 Reference value :  9.12508e-07
 Reference value :  9.13588e-07
 Reference value :  9.14188e-07
 Reference value :  9.15268e-07
 Reference value :  9.16039e-07
 Reference value :  9.16706e-07
 Reference value :  9.17666e-07
 Reference value :  9.18428e-07
 Reference value :  9.19668e-07
 Reference value :  9.20348e-07
 Reference value :  9.21348e-07
 Reference value :  9.22188e-07
 Reference value :  9.23428e-07
 Reference value :  9.24228e-07
 Reference value :  9.25028e-07
 Reference value :  9.26015e-07
 Reference value :  9.27068e-07
 Reference value :  9.28040e-07
 Reference value :  9.28948e-07
 Reference value :  9.30013e-07
 Reference value :  9.30988e-07
 Reference value :  9.32019e-07
 Reference value :  9.32748e-07
 Reference value :  9.33788e-07
 Reference value :  9.34588e-07
 Reference value :  9.35828e-07
 Reference value :  9.36468e-07
 Reference value :  9.37668e-07
 Reference value :  9.38428e-07
 Reference value :  9.39708e-07
 Reference value :  9.40386e-07
 Reference value :  9.41266e-07
 Reference value :  9.42148e-07
 Reference value :  9.43388e-07
 Reference value :  9.44188e-07
 Reference value :  9.45188e-07
 Reference value :  9.46068e-07
 Reference value :  9.47188e-07
 Reference value :  9.48068e-07
 Reference value :  9.48868e-07
 Reference value :  9.50013e-07
 Reference value :  9.50948e-07
 Reference value :  9.52013e-07
 Reference value :  9.52708e-07
 Reference value :  9.53974e-07
 Reference value :  9.54708e-07
 Reference value :  9.55974e-07
 Reference value :  9.56548e-07
 Reference value :  9.57508e-07
 Reference value :  9.58308e-07
 Reference value :  9.59628e-07
 Reference value :  9.60388e-07
 Reference value :  9.61588e-07
 Reference value :  9.62428e-07
 Reference value :  9.64008e-07
 Reference value :  9.64708e-07
 Reference value :  9.65748e-07
 Reference value :  9.66548e-07
 Reference value :  9.67828e-07
 Reference value :  9.68468e-07
 Reference value :  9.69668e-07
 Reference value :  9.70428e-07
 Reference value :  9.71748e-07
 Reference value :  9.72428e-07
 Reference value :  9.73228e-07
 Reference value :  9.74108e-07
 Reference value :  9.75268e-07
 Reference value :  9.76148e-07
 Reference value :  9.77188e-07
 Reference value :  9.78108e-07
 Reference value :  9.79268e-07
 Reference value :  9.80108e-07
 Reference value :  9.80868e-07
 Reference value :  9.82004e-07
 Reference value :  9.82908e-07
 Reference value :  9.84013e-07
 Reference value :  9.84708e-07
 Reference value :  9.86000e-07
 Reference value :  9.86748e-07
 Reference value :  9.88000e-07
 Reference value :  9.88588e-07
 Reference value :  9.89628e-07
 Reference value :  9.90428e-07
 Reference value :  9.91708e-07
 Reference value :  9.92428e-07
 Reference value :  9.93588e-07
 Reference value :  9.94348e-07
 Reference value :  9.95668e-07
 Reference value :  9.96348e-07
 Reference value :  9.97148e-07
 Reference value :  9.98068e-07
 Reference value :  9.99228e-07
 Reference value :  1.00011e-06
 Reference value :  1.00103e-06
 Reference value :  1.00202e-06
 Reference value :  1.00303e-06
 Reference value :  1.00402e-06
 Reference value :  1.00471e-06
 Reference value :  1.00579e-06
 Reference value :  1.00655e-06
 Reference value :  1.00783e-06
 Reference value :  1.00847e-06
 Reference value :  1.00967e-06
 Reference value :  1.01039e-06
 Reference value :  1.01167e-06
 Reference value :  1.01235e-06
 Reference value :  1.01323e-06
 Reference value :  1.01415e-06
 Reference value :  1.01539e-06
 Reference value :  1.01623e-06
 Reference value :  1.01727e-06
 Reference value :  1.01811e-06
 Reference value :  1.01931e-06
 Reference value :  1.02015e-06
 Reference value :  1.02095e-06
 Reference value :  1.02201e-06
 Reference value :  1.02295e-06
 Reference value :  1.02401e-06
 Reference value :  1.02475e-06
 Reference value :  1.02595e-06
 Reference value :  1.02647e-06
 Reference value :  1.02755e-06
 Reference value :  1.02815e-06
 Reference value :  1.02883e-06
 Reference value :  1.02963e-06
 Reference value :  1.03023e-06
 Reference value :  1.03127e-06
 Reference value :  1.03203e-06
 Reference value :  1.03267e-06
 Reference value :  1.03375e-06
 Reference value :  1.03427e-06
 Reference value :  1.03535e-06
 Reference value :  1.03607e-06
 Reference value :  1.03671e-06
 Reference value :  1.03755e-06
 Reference value :  1.03815e-06
 Reference value :  1.03919e-06
 Reference value :  1.04002e-06
 Reference value :  1.04071e-06
 Reference value :  1.04195e-06
 Reference value :  1.04251e-06
 Reference value :  1.04363e-06
 Reference value :  1.04423e-06
 Reference value :  1.04491e-06
 Reference value :  1.04591e-06
 Reference value :  1.04651e-06
 Reference value :  1.04759e-06
 Reference value :  1.04819e-06
 Reference value :  1.04899e-06
 Reference value :  1.05000e-06
 Reference value :  1.05063e-06
 Reference value :  1.05171e-06
 Reference value :  1.05227e-06
 Reference value :  1.05291e-06
 Reference value :  1.05395e-06
 Reference value :  1.05455e-06
 Reference value :  1.05563e-06
 Reference value :  1.05623e-06
 Reference value :  1.05707e-06
 Reference value :  1.05800e-06
 Reference value :  1.05863e-06
 Reference value :  1.05971e-06
 Reference value :  1.06027e-06
 Reference value :  1.06091e-06
 Reference value :  1.06187e-06
 Reference value :  1.06243e-06
 Reference value :  1.06351e-06
 Reference value :  1.06415e-06
 Reference value :  1.06487e-06
 Reference value :  1.06595e-06
 Reference value :  1.06647e-06
 Reference value :  1.06751e-06
 Reference value :  1.06815e-06
 Reference value :  1.06879e-06
 Reference value :  1.06979e-06
 Reference value :  1.07039e-06
 Reference value :  1.07151e-06
 Reference value :  1.07215e-06
 Reference value :  1.07295e-06
 Reference value :  1.07400e-06
 Reference value :  1.07455e-06
 Reference value :  1.07563e-06
 Reference value :  1.07623e-06
 Reference value :  1.07691e-06
 Reference value :  1.07795e-06
 Reference value :  1.07855e-06
 Reference value :  1.07959e-06
 Reference value :  1.08019e-06
 Reference value :  1.08099e-06
 Reference value :  1.08200e-06
 Reference value :  1.08259e-06
 Reference value :  1.08363e-06
 Reference value :  1.08427e-06
 Reference value :  1.08491e-06
 Reference value :  1.08597e-06
 Reference value :  1.08659e-06
 Reference value :  1.08767e-06
 Reference value :  1.08827e-06
 Reference value :  1.08915e-06
 Reference value :  1.09001e-06
 Reference value :  1.09075e-06
 Reference value :  1.09183e-06
 Reference value :  1.09235e-06
 Reference value :  1.09303e-06
 Reference value :  1.09400e-06
 Reference value :  1.09459e-06
 Reference value :  1.09563e-06
 Reference value :  1.09627e-06
 Reference value :  1.09703e-06
 Reference value :  1.09800e-06
 Reference value :  1.09863e-06
 Reference value :  1.09971e-06
 Reference value :  1.10027e-06
 Reference value :  1.10087e-06
 Reference value :  1.10187e-06
 Reference value :  1.10243e-06
 Reference value :  1.10355e-06
 Reference value :  1.10419e-06
 Reference value :  1.10503e-06
 Reference value :  1.10601e-06
 Reference value :  1.10663e-06
 Reference value :  1.10775e-06
 Reference value :  1.10827e-06
 Reference value :  1.10891e-06
 Reference value :  1.10991e-06
 Reference value :  1.11047e-06
 Reference value :  1.11151e-06
 Reference value :  1.11219e-06
 Reference value :  1.11299e-06
 Reference value :  1.11400e-06
 Reference value :  1.11455e-06
 Reference value :  1.11563e-06
 Reference value :  1.11619e-06
 Reference value :  1.11683e-06
 Reference value :  1.11787e-06
 Reference value :  1.11843e-06
 Reference value :  1.11951e-06
 Reference value :  1.12015e-06
 Reference value :  1.12099e-06
 Reference value :  1.12200e-06
 Reference value :  1.12267e-06
 Reference value :  1.12375e-06
 Reference value :  1.12431e-06
 Reference value :  1.12499e-06
 Reference value :  1.12597e-06
 Reference value :  1.12663e-06
 Reference value :  1.12771e-06
 Reference value :  1.12827e-06
 Reference value :  1.12907e-06
 Reference value :  1.13001e-06
 Reference value :  1.13067e-06
 Reference value :  1.13179e-06
 Reference value :  1.13231e-06
 Reference value :  1.13291e-06
 Reference value :  1.13395e-06
 Reference value :  1.13455e-06
 Reference value :  1.13563e-06
 Reference value :  1.13623e-06
 Reference value :  1.13715e-06
 Reference value :  1.13801e-06
 Reference value :  1.13875e-06
 Reference value :  1.13995e-06
 Reference value :  1.14047e-06
 Reference value :  1.14123e-06
 Reference value :  1.14202e-06
 Reference value :  1.14291e-06
 Reference value :  1.14400e-06
 Reference value :  1.14447e-06
 Reference value :  1.14547e-06
 Reference value :  1.14611e-06
 Reference value :  1.14703e-06
 Reference value :  1.14800e-06
 Reference value :  1.14851e-06
 Reference value :  1.14931e-06
 Reference value :  1.15004e-06
 Reference value :  1.15099e-06
 Reference value :  1.15200e-06
 Reference value :  1.15255e-06
 Reference value :  1.15387e-06
 Reference value :  1.15455e-06
 Reference value :  1.15579e-06
 Reference value :  1.15643e-06
 Reference value :  1.15719e-06
 Reference value :  1.15807e-06
 Reference value :  1.15919e-06
 Reference value :  1.16002e-06
 Reference value :  1.16095e-06
 Reference value :  1.16200e-06
 Reference value :  1.16263e-06
 Reference value :  1.16371e-06
 Reference value :  1.16427e-06
 Reference value :  1.16491e-06
 Reference value :  1.16595e-06
 Reference value :  1.16655e-06
 Reference value :  1.16763e-06
 Reference value :  1.16823e-06
 Reference value :  1.16903e-06
 Reference value :  1.17000e-06
 Reference value :  1.17063e-06
 Reference value :  1.17171e-06
 Reference value :  1.17231e-06
 Reference value :  1.17295e-06
 Reference value :  1.17400e-06
 Reference value :  1.17459e-06
 Reference value :  1.17567e-06
 Reference value :  1.17627e-06
 Reference value :  1.17711e-06
 Reference value :  1.17801e-06
 Reference value :  1.17871e-06
 Reference value :  1.17979e-06
 Reference value :  1.18031e-06
 Reference value :  1.18095e-06
 Reference value :  1.18200e-06
 Reference value :  1.18259e-06
 Reference value :  1.18367e-06
 Reference value :  1.18427e-06
 Reference value :  1.18519e-06
 Reference value :  1.18602e-06
 Reference value :  1.18683e-06
 Reference value :  1.18791e-06
 Reference value :  1.18839e-06
 Reference value :  1.18911e-06
 Reference value :  1.19001e-06
 Reference value :  1.19083e-06
 Reference value :  1.19187e-06
 Reference value :  1.19239e-06
 Reference value :  1.19331e-06
 Reference value :  1.19404e-06
 Reference value :  1.19495e-06
 Reference value :  1.19600e-06
 Reference value :  1.19647e-06
 Reference value :  1.19715e-06
 Reference value :  1.19801e-06
 Reference value :  1.19883e-06
 Reference value :  1.19987e-06
 Reference value :  1.20043e-06
 Reference value :  1.20139e-06
 Reference value :  1.20211e-06
 Reference value :  1.20307e-06
 Reference value :  1.20401e-06
 Reference value :  1.20455e-06
 Reference value :  1.20539e-06
 Reference value :  1.20611e-06
 Reference value :  1.20707e-06
 Reference value :  1.20801e-06
 Reference value :  1.20855e-06
 Reference value :  1.20959e-06
 Reference value :  1.21019e-06
 Reference value :  1.21119e-06
 Reference value :  1.21201e-06
 Reference value :  1.21259e-06
 Reference value :  1.21339e-06
 Reference value :  1.21411e-06
 Reference value :  1.21511e-06
 Reference value :  1.21601e-06
 Reference value :  1.21659e-06
 Reference value :  1.21763e-06
 Reference value :  1.21819e-06
 Reference value :  1.21927e-06
 Reference value :  1.22003e-06
 Reference value :  1.22067e-06
 Reference value :  1.22139e-06
 Reference value :  1.22211e-06
 Reference value :  1.22311e-06
 Reference value :  1.22401e-06
 Reference value :  1.22451e-06
 Reference value :  1.22559e-06
 Reference value :  1.22619e-06
 Reference value :  1.22723e-06
 Reference value :  1.22802e-06
 Reference value :  1.22863e-06
 Reference value :  1.22943e-06
 Reference value :  1.23011e-06
 Reference value :  1.23111e-06
 Reference value :  1.23201e-06
 Reference value :  1.23263e-06
 Reference value :  1.23375e-06
 Reference value :  1.23427e-06
 Reference value :  1.23531e-06
 Reference value :  1.23607e-06
 Reference value :  1.23675e-06
 Reference value :  1.23771e-06
 Reference value :  1.23831e-06
 Reference value :  1.23943e-06
 Reference value :  1.24011e-06
 Reference value :  1.24095e-06
 Reference value :  1.24200e-06
 Reference value :  1.24255e-06
 Reference value :  1.24383e-06
 Reference value :  1.24435e-06
 Reference value :  1.24507e-06
 Reference value :  1.24601e-06
 Reference value :  1.24671e-06
 Reference value :  1.24779e-06
 Reference value :  1.24835e-06
 Reference value :  1.24927e-06
 Reference value :  1.25003e-06
 Reference value :  1.25091e-06
 Reference value :  1.25200e-06
 Reference value :  1.25247e-06
 Reference value :  1.25319e-06
 Reference value :  1.25402e-06
 Reference value :  1.25483e-06
 Reference value :  1.25591e-06
 Reference value :  1.25639e-06
 Reference value :  1.25731e-06
 Reference value :  1.25804e-06
 Reference value :  1.25895e-06
 Reference value :  1.26000e-06
 Reference value :  1.26047e-06
 Reference value :  1.26119e-06
 Reference value :  1.26202e-06
 Reference value :  1.26291e-06
 Reference value :  1.26397e-06
 Reference value :  1.26447e-06
 Reference value :  1.26547e-06
 Reference value :  1.26611e-06
 Reference value :  1.26707e-06
 Reference value :  1.26801e-06
 Reference value :  1.26855e-06
 Reference value :  1.26935e-06
 Reference value :  1.27011e-06
 Reference value :  1.27111e-06
 Reference value :  1.27201e-06
 Reference value :  1.27251e-06
 Reference value :  1.27355e-06
 Reference value :  1.27415e-06
 Reference value :  1.27515e-06
 Reference value :  1.27601e-06
 Reference value :  1.27663e-06
 Reference value :  1.27747e-06
 Reference value :  1.27815e-06
 Reference value :  1.27919e-06
 Reference value :  1.28002e-06
 Reference value :  1.28067e-06
 Reference value :  1.28175e-06
 Reference value :  1.28227e-06
 Reference value :  1.28339e-06
 Reference value :  1.28407e-06
 Reference value :  1.28475e-06
 Reference value :  1.28547e-06
 Reference value :  1.28615e-06
 Reference value :  1.28723e-06
 Reference value :  1.28803e-06
 Reference value :  1.28867e-06
 Reference value :  1.28975e-06
 Reference value :  1.29031e-06
 Reference value :  1.29155e-06
 Reference value :  1.29239e-06
 Reference value :  1.29307e-06
 Reference value :  1.29401e-06
 Reference value :  1.29479e-06
 Reference value :  1.29587e-06
 Reference value :  1.29639e-06
 Reference value :  1.29731e-06
 Reference value :  1.29804e-06
 Reference value :  1.29895e-06
 Reference value :  1.30000e-06
 Reference value :  1.30047e-06
 Reference value :  1.30123e-06
 Reference value :  1.30202e-06
 Reference value :  1.30291e-06
 Reference value :  1.30400e-06
 Reference value :  1.30447e-06
 Reference value :  1.30551e-06
 Reference value :  1.30615e-06
 Reference value :  1.30711e-06
 Reference value :  1.30801e-06
 Reference value :  1.30859e-06
 Reference value :  1.30947e-06
 Reference value :  1.31015e-06
 Reference value :  1.31119e-06
 Reference value :  1.31202e-06
 Reference value :  1.31267e-06
 Reference value :  1.31375e-06
 Reference value :  1.31427e-06
 Reference value :  1.31539e-06
 Reference value :  1.31607e-06
 Reference value :  1.31675e-06
 Reference value :  1.31759e-06
 Reference value :  1.31819e-06
 Reference value :  1.31923e-06
 Reference value :  1.32002e-06
 Reference value :  1.32063e-06
 Reference value :  1.32171e-06
 Reference value :  1.32223e-06
 Reference value :  1.32327e-06
 Reference value :  1.32403e-06
 Reference value :  1.32467e-06
 Reference value :  1.32555e-06
 Reference value :  1.32615e-06
 Reference value :  1.32719e-06
 Reference value :  1.32802e-06
 Reference value :  1.32867e-06
 Reference value :  1.32975e-06
 Reference value :  1.33027e-06
 Reference value :  1.33135e-06
 Reference value :  1.33211e-06
 Reference value :  1.33323e-06
 Reference value :  1.33419e-06
 Reference value :  1.33527e-06
 Reference value :  1.33603e-06
 Reference value :  1.33667e-06
 Reference value :  1.33771e-06
 Reference value :  1.33831e-06
 Reference value :  1.33939e-06
 Reference value :  1.34007e-06
 Reference value :  1.34071e-06
 Reference value :  1.34163e-06
 Reference value :  1.34227e-06
 Reference value :  1.34339e-06
 Reference value :  1.34407e-06
 Reference value :  1.34479e-06
 Reference value :  1.34587e-06
 Reference value :  1.34639e-06
 Reference value :  1.34747e-06
 Reference value :  1.34811e-06
 Reference value :  1.34879e-06
 Reference value :  1.34959e-06
 Reference value :  1.35019e-06
 Reference value :  1.35127e-06
 Reference value :  1.35202e-06
 Reference value :  1.35263e-06
 Reference value :  1.35371e-06
 Reference value :  1.35423e-06
 Reference value :  1.35527e-06
 Reference value :  1.35603e-06
 Reference value :  1.35663e-06
 Reference value :  1.35739e-06
 Reference value :  1.35807e-06
 Reference value :  1.35903e-06
 Reference value :  1.36000e-06
 Reference value :  1.36047e-06
 Reference value :  1.36155e-06
 Reference value :  1.36215e-06
 Reference value :  1.36311e-06
 Reference value :  1.36401e-06
 Reference value :  1.36455e-06
 Reference value :  1.36535e-06
 Reference value :  1.36611e-06
 Reference value :  1.36715e-06
 Reference value :  1.36801e-06
 Reference value :  1.36855e-06
 Reference value :  1.36963e-06
 Reference value :  1.37019e-06
 Reference value :  1.37123e-06
 Reference value :  1.37202e-06
 Reference value :  1.37259e-06
 Reference value :  1.37339e-06
 Reference value :  1.37407e-06
 Reference value :  1.37507e-06
 Reference value :  1.37601e-06
 Reference value :  1.37651e-06
 Reference value :  1.37763e-06
 Reference value :  1.37819e-06
 Reference value :  1.37915e-06
 Reference value :  1.38001e-06
 Reference value :  1.38055e-06
 Reference value :  1.38127e-06
 Reference value :  1.38203e-06
 Reference value :  1.38295e-06
 Reference value :  1.38397e-06
 Reference value :  1.38443e-06
 Reference value :  1.38539e-06
 Reference value :  1.38607e-06
 Reference value :  1.38695e-06
 Reference value :  1.38800e-06
 Reference value :  1.38847e-06
 Reference value :  1.38911e-06
 Reference value :  1.39001e-06
 Reference value :  1.39079e-06
 Reference value :  1.39187e-06
 Reference value :  1.39239e-06
 Reference value :  1.39335e-06
 Reference value :  1.39407e-06
 Reference value :  1.39499e-06
 Reference value :  1.39600e-06
 Reference value :  1.39651e-06
 Reference value :  1.39731e-06
 Reference value :  1.39804e-06
 Reference value :  1.39899e-06
 Reference value :  1.40000e-06
 Reference value :  1.40047e-06
 Reference value :  1.40143e-06
 Reference value :  1.40207e-06
 Reference value :  1.40291e-06
 Reference value :  1.40391e-06
 Reference value :  1.40435e-06
 Reference value :  1.40495e-06
 Reference value :  1.40591e-06
 Reference value :  1.40635e-06
 Reference value :  1.40735e-06
 Reference value :  1.40803e-06
 Reference value :  1.40863e-06
 Reference value :  1.40959e-06
 Reference value :  1.41015e-06
 Reference value :  1.41103e-06
 Reference value :  1.41195e-06
 Reference value :  1.41235e-06
 Reference value :  1.41295e-06
 Reference value :  1.41371e-06
 Reference value :  1.41419e-06
 Reference value :  1.41515e-06
 Reference value :  1.41600e-06
 Reference value :  1.41643e-06
 Reference value :  1.41727e-06
 Reference value :  1.41801e-06
 Reference value :  1.41863e-06
 Reference value :  1.41959e-06
 Reference value :  1.42011e-06
 Reference value :  1.42067e-06
 Reference value :  1.42135e-06
 Reference value :  1.42202e-06
 Reference value :  1.42303e-06
 Reference value :  1.42401e-06
 Reference value :  1.42471e-06
 Reference value :  1.42587e-06
 Reference value :  1.42647e-06
 Reference value :  1.42763e-06
 Reference value :  1.42831e-06
 Reference value :  1.42907e-06
 Reference value :  1.43001e-06
 Reference value :  1.43091e-06
 Reference value :  1.43200e-06
 Reference value :  1.43255e-06
 Reference value :  1.43371e-06
 Reference value :  1.43435e-06
 Reference value :  1.43551e-06
 Reference value :  1.43619e-06
 Reference value :  1.43687e-06
 Reference value :  1.43797e-06
 Reference value :  1.43871e-06
 Reference value :  1.43991e-06
 Reference value :  1.44047e-06
 Reference value :  1.44155e-06
 Reference value :  1.44219e-06
 Reference value :  1.44331e-06
 Reference value :  1.44407e-06
 Reference value :  1.44483e-06
 Reference value :  1.44587e-06
 Reference value :  1.44659e-06
 Reference value :  1.44787e-06
 Reference value :  1.44843e-06
 Reference value :  1.44947e-06
 Reference value :  1.45015e-06
 Reference value :  1.45119e-06
 Reference value :  1.45203e-06
 Reference value :  1.45271e-06
 Reference value :  1.45371e-06
 Reference value :  1.45447e-06
 Reference value :  1.45567e-06
 Reference value :  1.45631e-06
 Reference value :  1.45731e-06
 Reference value :  1.45807e-06
 Reference value :  1.45911e-06
 Reference value :  1.46002e-06
 Reference value :  1.46067e-06
 Reference value :  1.46167e-06
 Reference value :  1.46239e-06
 Reference value :  1.46359e-06
 Reference value :  1.46427e-06
 Reference value :  1.46519e-06
 Reference value :  1.46604e-06
 Reference value :  1.46703e-06
 Reference value :  1.46801e-06
 Reference value :  1.46867e-06
 Reference value :  1.46967e-06
 Reference value :  1.47035e-06
 Reference value :  1.47151e-06
 Reference value :  1.47227e-06
 Reference value :  1.47327e-06
 Reference value :  1.47407e-06
 Reference value :  1.47515e-06
 Reference value :  1.47603e-06
 Reference value :  1.47675e-06
 Reference value :  1.47767e-06
 Reference value :  1.47839e-06
 Reference value :  1.47955e-06
 Reference value :  1.48027e-06
 Reference value :  1.48123e-06
 Reference value :  1.48204e-06
 Reference value :  1.48303e-06
 Reference value :  1.48401e-06
 Reference value :  1.48463e-06
 Reference value :  1.48551e-06
 Reference value :  1.48619e-06
 Reference value :  1.48735e-06
 Reference value :  1.48815e-06
 Reference value :  1.48903e-06
 Reference value :  1.49001e-06
 Reference value :  1.49083e-06
 Reference value :  1.49200e-06
 Reference value :  1.49251e-06
 Reference value :  1.49339e-06
 Reference value :  1.49415e-06
 Reference value :  1.49535e-06
 Reference value :  1.49619e-06
 Reference value :  1.49707e-06
 Reference value :  1.49802e-06
 Reference value :  1.49895e-06
 Reference value :  1.50001e-06
 Reference value :  1.50059e-06
 Reference value :  1.50151e-06
 Reference value :  1.50219e-06
 Reference value :  1.50335e-06
 Reference value :  1.50415e-06
 Reference value :  1.50507e-06
 Reference value :  1.50601e-06
 Reference value :  1.50683e-06
 Reference value :  1.50797e-06
 Reference value :  1.50851e-06
 Reference value :  1.50935e-06
 Reference value :  1.51015e-06
 Reference value :  1.51127e-06
 Reference value :  1.51207e-06
 Reference value :  1.51291e-06
 Reference value :  1.51400e-06
 Reference value :  1.51471e-06
 Reference value :  1.51591e-06
 Reference value :  1.51643e-06
 Reference value :  1.51719e-06
 Reference value :  1.51804e-06
 Reference value :  1.51911e-06
 Reference value :  1.52002e-06
 Reference value :  1.52083e-06
 Reference value :  1.52200e-06
 Reference value :  1.52267e-06
 Reference value :  1.52387e-06
 Reference value :  1.52443e-06
 Reference value :  1.52523e-06
 Reference value :  1.52604e-06
 Reference value :  1.52711e-06
 Reference value :  1.52802e-06
 Reference value :  1.52871e-06
 Reference value :  1.52995e-06
 Reference value :  1.53059e-06
 Reference value :  1.53175e-06
 Reference value :  1.53235e-06
 Reference value :  1.53315e-06
 Reference value :  1.53402e-06
 Reference value :  1.53503e-06
 Reference value :  1.53601e-06
 Reference value :  1.53663e-06
 Reference value :  1.53779e-06
 Reference value :  1.53847e-06
 Reference value :  1.53963e-06
 Reference value :  1.54027e-06
 Reference value :  1.54099e-06
 Reference value :  1.54195e-06
 Reference value :  1.54263e-06
 Reference value :  1.54383e-06
 Reference value :  1.54443e-06
 Reference value :  1.54551e-06
 Reference value :  1.54619e-06
 Reference value :  1.54735e-06
 Reference value :  1.54811e-06
 Reference value :  1.54879e-06
 Reference value :  1.54983e-06
 Reference value :  1.55055e-06
 Reference value :  1.55171e-06
 Reference value :  1.55239e-06
 Reference value :  1.55347e-06
 Reference value :  1.55415e-06
 Reference value :  1.55523e-06
 Reference value :  1.55604e-06
 Reference value :  1.55675e-06
 Reference value :  1.55775e-06
 Reference value :  1.55847e-06
 Reference value :  1.55963e-06
 Reference value :  1.56031e-06
 Reference value :  1.56127e-06
 Reference value :  1.56204e-06
 Reference value :  1.56303e-06
 Reference value :  1.56401e-06
 Reference value :  1.56463e-06
 Reference value :  1.56559e-06
 Reference value :  1.56631e-06
 Reference value :  1.56747e-06
 Reference value :  1.56819e-06
 Reference value :  1.56919e-06
 Reference value :  1.57004e-06
 Reference value :  1.57103e-06
 Reference value :  1.57201e-06
 Reference value :  1.57267e-06
 Reference value :  1.57367e-06
 Reference value :  1.57435e-06
 Reference value :  1.57555e-06
 Reference value :  1.57635e-06
 Reference value :  1.57743e-06
 Reference value :  1.57819e-06
 Reference value :  1.57935e-06
 Reference value :  1.58011e-06
 Reference value :  1.58083e-06
 Reference value :  1.58200e-06
 Reference value :  1.58287e-06
 Reference value :  1.58400e-06
 Reference value :  1.58451e-06
 Reference value :  1.58571e-06
 Reference value :  1.58635e-06
 Reference value :  1.58759e-06
 Reference value :  1.58827e-06
 Reference value :  1.58899e-06
 Reference value :  1.59001e-06
 Reference value :  1.59087e-06
 Reference value :  1.59200e-06
 Reference value :  1.59259e-06
 Reference value :  1.59379e-06
 Reference value :  1.59443e-06
 Reference value :  1.59559e-06
 Reference value :  1.59627e-06
 Reference value :  1.59699e-06
 Reference value :  1.59801e-06
 Reference value :  1.59895e-06
 Reference value :  1.60002e-06
 Reference value :  1.60083e-06
 Reference value :  1.60201e-06
 Reference value :  1.60283e-06
 Reference value :  1.60400e-06
 Reference value :  1.60463e-06
 Reference value :  1.60551e-06
 Reference value :  1.60623e-06
 Reference value :  1.60743e-06
 Reference value :  1.60823e-06
 Reference value :  1.60911e-06
 Reference value :  1.61003e-06
 Reference value :  1.61099e-06
 Reference value :  1.61201e-06
 Reference value :  1.61263e-06
 Reference value :  1.61351e-06
 Reference value :  1.61419e-06
 Reference value :  1.61535e-06
 Reference value :  1.61611e-06
 Reference value :  1.61703e-06
 Reference value :  1.61801e-06
 Reference value :  1.61887e-06
 Reference value :  1.62000e-06
 Reference value :  1.62055e-06
 Reference value :  1.62147e-06
 Reference value :  1.62219e-06
 Reference value :  1.62339e-06
 Reference value :  1.62415e-06
 Reference value :  1.62507e-06
 Reference value :  1.62601e-06
 Reference value :  1.62687e-06
 Reference value :  1.62800e-06
 Reference value :  1.62859e-06
 Reference value :  1.62959e-06
 Reference value :  1.63027e-06
 Reference value :  1.63143e-06
 Reference value :  1.63219e-06
 Reference value :  1.63311e-06
 Reference value :  1.63402e-06
 Reference value :  1.63495e-06
 Reference value :  1.63601e-06
 Reference value :  1.63663e-06
 Reference value :  1.63755e-06
 Reference value :  1.63827e-06
 Reference value :  1.63947e-06
 Reference value :  1.64019e-06
 Reference value :  1.64111e-06
 Reference value :  1.64202e-06
 Reference value :  1.64295e-06
 Reference value :  1.64401e-06
 Reference value :  1.64459e-06
 Reference value :  1.64547e-06
 Reference value :  1.64619e-06
 Reference value :  1.64735e-06
 Reference value :  1.64815e-06
 Reference value :  1.64915e-06
 Reference value :  1.65004e-06
 Reference value :  1.65107e-06
 Reference value :  1.65202e-06
 Reference value :  1.65267e-06
 Reference value :  1.65363e-06
 Reference value :  1.65435e-06
 Reference value :  1.65555e-06
 Reference value :  1.65627e-06
 Reference value :  1.65719e-06
 Reference value :  1.65804e-06
 Reference value :  1.65911e-06
 Reference value :  1.66003e-06
 Reference value :  1.66075e-06
 Reference value :  1.66187e-06
 Reference value :  1.66259e-06
 Reference value :  1.66379e-06
 Reference value :  1.66443e-06
 Reference value :  1.66567e-06
 Reference value :  1.66627e-06
 Reference value :  1.66747e-06
 Reference value :  1.66819e-06
 Reference value :  1.66891e-06
 Reference value :  1.66987e-06
 Reference value :  1.67059e-06
 Reference value :  1.67183e-06
 Reference value :  1.67243e-06
 Reference value :  1.67355e-06
 Reference value :  1.67423e-06
 Reference value :  1.67547e-06
 Reference value :  1.67619e-06
 Reference value :  1.67683e-06
 Reference value :  1.67795e-06
 Reference value :  1.67863e-06
 Reference value :  1.67983e-06
 Reference value :  1.68043e-06
 Reference value :  1.68151e-06
 Reference value :  1.68219e-06
 Reference value :  1.68331e-06
 Reference value :  1.68411e-06
 Reference value :  1.68483e-06
 Reference value :  1.68591e-06
 Reference value :  1.68663e-06
 Reference value :  1.68783e-06
 Reference value :  1.68843e-06
 Reference value :  1.68943e-06
 Reference value :  1.69015e-06
 Reference value :  1.69119e-06
 Reference value :  1.69204e-06
 Reference value :  1.69275e-06
 Reference value :  1.69383e-06
 Reference value :  1.69451e-06
 Reference value :  1.69563e-06
 Reference value :  1.69631e-06
 Reference value :  1.69731e-06
 Reference value :  1.69807e-06
 Reference value :  1.69903e-06
 Reference value :  1.70001e-06
 Reference value :  1.70063e-06
 Reference value :  1.70151e-06
 Reference value :  1.70223e-06
 Reference value :  1.70339e-06
 Reference value :  1.70415e-06
 Reference value :  1.70499e-06
 Reference value :  1.70601e-06
 Reference value :  1.70675e-06
 Reference value :  1.70791e-06
 Reference value :  1.70847e-06
 Reference value :  1.70927e-06
 Reference value :  1.71007e-06
 Reference value :  1.71115e-06
 Reference value :  1.71202e-06
 Reference value :  1.71279e-06
 Reference value :  1.71397e-06
 Reference value :  1.71459e-06
 Reference value :  1.71579e-06
 Reference value :  1.71635e-06
 Reference value :  1.71711e-06
 Reference value :  1.71802e-06
 Reference value :  1.71895e-06
 Reference value :  1.72001e-06
 Reference value :  1.72059e-06
 Reference value :  1.72175e-06
 Reference value :  1.72235e-06
 Reference value :  1.72351e-06
 Reference value :  1.72423e-06
 Reference value :  1.72495e-06
 Reference value :  1.72600e-06
 Reference value :  1.72679e-06
 Reference value :  1.72800e-06
 Reference value :  1.72851e-06
 Reference value :  1.72971e-06
 Reference value :  1.73031e-06
 Reference value :  1.73155e-06
 Reference value :  1.73223e-06
 Reference value :  1.73295e-06
 Reference value :  1.73400e-06
 Reference value :  1.73475e-06
 Reference value :  1.73600e-06
 Reference value :  1.73647e-06
 Reference value :  1.73739e-06
 Reference value :  1.73815e-06
 Reference value :  1.73919e-06
 Reference value :  1.74007e-06
 Reference value :  1.74075e-06
 Reference value :  1.74175e-06
 Reference value :  1.74239e-06
 Reference value :  1.74359e-06
 Reference value :  1.74423e-06
 Reference value :  1.74519e-06
 Reference value :  1.74602e-06
 Reference value :  1.74687e-06
 Reference value :  1.74797e-06
 Reference value :  1.74847e-06
 Reference value :  1.74931e-06
 Reference value :  1.75011e-06
 Reference value :  1.75119e-06
 Reference value :  1.75204e-06
 Reference value :  1.75283e-06
 Reference value :  1.75400e-06
 Reference value :  1.75459e-06
 Reference value :  1.75600e-06
 Reference value :  1.75655e-06
 Reference value :  1.75743e-06
 Reference value :  1.75839e-06
 Reference value :  1.75955e-06
 Reference value :  1.76027e-06
 Reference value :  1.76127e-06
 Reference value :  1.76207e-06
 Reference value :  1.76311e-06
 Reference value :  1.76403e-06
 Reference value :  1.76475e-06
 Reference value :  1.76571e-06
 Reference value :  1.76643e-06
 Reference value :  1.76763e-06
 Reference value :  1.76831e-06
 Reference value :  1.76927e-06
 Reference value :  1.77007e-06
 Reference value :  1.77111e-06
 Reference value :  1.77202e-06
 Reference value :  1.77267e-06
 Reference value :  1.77367e-06
 Reference value :  1.77435e-06
 Reference value :  1.77551e-06
 Reference value :  1.77623e-06
 Reference value :  1.77715e-06
 Reference value :  1.77802e-06
 Reference value :  1.77891e-06
 Reference value :  1.78000e-06
 Reference value :  1.78051e-06
 Reference value :  1.78139e-06
 Reference value :  1.78215e-06
 Reference value :  1.78335e-06
 Reference value :  1.78415e-06
 Reference value :  1.78503e-06
 Reference value :  1.78601e-06
 Reference value :  1.78687e-06
 Reference value :  1.78800e-06
 Reference value :  1.78851e-06
 Reference value :  1.78947e-06
 Reference value :  1.79023e-06
 Reference value :  1.79143e-06
 Reference value :  1.79227e-06
 Reference value :  1.79327e-06
 Reference value :  1.79411e-06
 Reference value :  1.79519e-06
 Reference value :  1.79604e-06
 Reference value :  1.79679e-06
 Reference value :  1.79763e-06
 Reference value :  1.79839e-06
 Reference value :  1.79963e-06
 Reference value :  1.80035e-06
 Reference value :  1.80139e-06
 Reference value :  1.80219e-06
 Reference value :  1.80339e-06
 Reference value :  1.80419e-06
 Reference value :  1.80487e-06
 Reference value :  1.80597e-06
 Reference value :  1.80675e-06
 Reference value :  1.80795e-06
 Reference value :  1.80851e-06
 Reference value :  1.80975e-06
 Reference value :  1.81047e-06
 Reference value :  1.81175e-06
 Reference value :  1.81239e-06
 Reference value :  1.81323e-06
 Reference value :  1.81415e-06
 Reference value :  1.81535e-06
 Reference value :  1.81619e-06
 Reference value :  1.81735e-06
 Reference value :  1.81815e-06
 Reference value :  1.81931e-06
 Reference value :  1.82011e-06
 Reference value :  1.82083e-06
 Reference value :  1.82200e-06
 Reference value :  1.82283e-06
 Reference value :  1.82400e-06
 Reference value :  1.82467e-06
 Reference value :  1.82587e-06
 Reference value :  1.82663e-06
 Reference value :  1.82783e-06
 Reference value :  1.82847e-06
 Reference value :  1.82931e-06
 Reference value :  1.83015e-06
 Reference value :  1.83135e-06
 Reference value :  1.83219e-06
 Reference value :  1.83315e-06
 Reference value :  1.83404e-06
 Reference value :  1.83515e-06
 Reference value :  1.83607e-06
 Reference value :  1.83679e-06
 Reference value :  1.83795e-06
 Reference value :  1.83871e-06
 Reference value :  1.83995e-06
 Reference value :  1.84051e-06
 Reference value :  1.84183e-06
 Reference value :  1.84251e-06
 Reference value :  1.84375e-06
 Reference value :  1.84463e-06
 Reference value :  1.84579e-06
 Reference value :  1.84655e-06
 Reference value :  1.84779e-06
 Reference value :  1.84847e-06
 Reference value :  1.84963e-06
 Reference value :  1.85035e-06
 Reference value :  1.85171e-06
 Reference value :  1.85239e-06
 Reference value :  1.85339e-06
 Reference value :  1.85415e-06
 Reference value :  1.85535e-06
 Reference value :  1.85615e-06
 Reference value :  1.85719e-06
 Reference value :  1.85807e-06
 Reference value :  1.85915e-06
 Reference value :  1.86007e-06
 Reference value :  1.86083e-06
 Reference value :  1.86187e-06
 Reference value :  1.86263e-06
 Reference value :  1.86383e-06
 Reference value :  1.86443e-06
 Reference value :  1.86551e-06
 Reference value :  1.86623e-06
 Reference value :  1.86743e-06
 Reference value :  1.86823e-06
 Reference value :  1.86895e-06
 Reference value :  1.87001e-06
 Reference value :  1.87103e-06
 Reference value :  1.87202e-06
 Reference value :  1.87287e-06
 Reference value :  1.87401e-06
 Reference value :  1.87491e-06
 Reference value :  1.87601e-06
 Reference value :  1.87671e-06
 Reference value :  1.87779e-06
 Reference value :  1.87855e-06
 Reference value :  1.87975e-06
 Reference value :  1.88043e-06
 Reference value :  1.88159e-06
 Reference value :  1.88231e-06
 Reference value :  1.88363e-06
 Reference value :  1.88431e-06
 Reference value :  1.88507e-06
 Reference value :  1.88603e-06
 Reference value :  1.88707e-06
 Reference value :  1.88802e-06
 Reference value :  1.88879e-06
 Reference value :  1.89001e-06
 Reference value :  1.89095e-06
 Reference value :  1.89204e-06
 Reference value :  1.89283e-06
 Reference value :  1.89383e-06
 Reference value :  1.89443e-06
 Reference value :  1.89555e-06
 Reference value :  1.89619e-06
 Reference value :  1.89699e-06
 Reference value :  1.89801e-06
 Reference value :  1.89883e-06
 Reference value :  1.90000e-06
 Reference value :  1.90059e-06
 Reference value :  1.90155e-06
 Reference value :  1.90231e-06
 Reference value :  1.90363e-06
 Reference value :  1.90443e-06
 Reference value :  1.90563e-06
 Reference value :  1.90635e-06
 Reference value :  1.90767e-06
 Reference value :  1.90835e-06
 Reference value :  1.90919e-06
 Reference value :  1.91011e-06
 Reference value :  1.91127e-06
 Reference value :  1.91211e-06
 Reference value :  1.91307e-06
 Reference value :  1.91402e-06
 Reference value :  1.91507e-06
 Reference value :  1.91607e-06
 Reference value :  1.91679e-06
 Reference value :  1.91783e-06
 Reference value :  1.91859e-06
 Reference value :  1.91983e-06
 Reference value :  1.92047e-06
 Reference value :  1.92167e-06
 Reference value :  1.92235e-06
 Reference value :  1.92363e-06
 Reference value :  1.92431e-06
 Reference value :  1.92507e-06
 Reference value :  1.92602e-06
 Reference value :  1.92707e-06
 Reference value :  1.92803e-06
 Reference value :  1.92883e-06
 Reference value :  1.93000e-06
 Reference value :  1.93079e-06
 Reference value :  1.93200e-06
 Reference value :  1.93259e-06
 Reference value :  1.93347e-06
 Reference value :  1.93427e-06
 Reference value :  1.93551e-06
 Reference value :  1.93631e-06
 Reference value :  1.93743e-06
 Reference value :  1.93819e-06
 Reference value :  1.93943e-06
 Reference value :  1.94023e-06
 Reference value :  1.94107e-06
 Reference value :  1.94204e-06
 Reference value :  1.94323e-06
 Reference value :  1.94415e-06
 Reference value :  1.94511e-06
 Reference value :  1.94603e-06
 Reference value :  1.94707e-06
 Reference value :  1.94804e-06
 Reference value :  1.94875e-06
 Reference value :  1.94991e-06
 Reference value :  1.95075e-06
 Reference value :  1.95197e-06
 Reference value :  1.95251e-06
 Reference value :  1.95375e-06
 Reference value :  1.95447e-06
 Reference value :  1.95571e-06
 Reference value :  1.95643e-06
 Reference value :  1.95723e-06
 Reference value :  1.95811e-06
 Reference value :  1.95923e-06
 Reference value :  1.96011e-06
 Reference value :  1.96095e-06
 Reference value :  1.96201e-06
 Reference value :  1.96299e-06
 Reference value :  1.96402e-06
 Reference value :  1.96471e-06
 Reference value :  1.96587e-06
 Reference value :  1.96671e-06
 Reference value :  1.96797e-06
 Reference value :  1.96859e-06
 Reference value :  1.96983e-06
 Reference value :  1.97051e-06
 Reference value :  1.97171e-06
 Reference value :  1.97239e-06
 Reference value :  1.97327e-06
 Reference value :  1.97415e-06
 Reference value :  1.97539e-06
 Reference value :  1.97619e-06
 Reference value :  1.97711e-06
 Reference value :  1.97807e-06
 Reference value :  1.97919e-06
 Reference value :  1.98011e-06
 Reference value :  1.98083e-06
 Reference value :  1.98197e-06
 Reference value :  1.98283e-06
 Reference value :  1.98400e-06
 Reference value :  1.98463e-06
 Reference value :  1.98587e-06
 Reference value :  1.98655e-06
 Reference value :  1.98779e-06
 Reference value :  1.98843e-06
 Reference value :  1.98923e-06
 Reference value :  1.99011e-06
 Reference value :  1.99127e-06
 Reference value :  1.99215e-06
 Reference value :  1.99307e-06
 Reference value :  1.99402e-06
 Reference value :  1.99499e-06
 Reference value :  1.99601e-06
 Reference value :  1.99667e-06
 Reference value :  1.99771e-06
 Reference value :  1.99851e-06
 Reference value :  1.99975e-06
 Reference value :  2.00047e-06
 Reference value :  2.00171e-06
 Reference value :  2.00247e-06
 Reference value :  2.00371e-06
 Reference value :  2.00435e-06
 Reference value :  2.00523e-06
 Reference value :  2.00611e-06
 Reference value :  2.00731e-06
 Reference value :  2.00815e-06
 Reference value :  2.00907e-06
 Reference value :  2.01004e-06
 Reference value :  2.01107e-06
 Reference value :  2.01204e-06
 Reference value :  2.01279e-06
 Reference value :  2.01395e-06
 Reference value :  2.01471e-06
 Reference value :  2.01595e-06
 Reference value :  2.01651e-06
 Reference value :  2.01771e-06
 Reference value :  2.01839e-06
 Reference value :  2.01963e-06
 Reference value :  2.02031e-06
 Reference value :  2.02107e-06
 Reference value :  2.02202e-06
 Reference value :  2.02339e-06
 Reference value :  2.02435e-06
 Reference value :  2.02539e-06
 Reference value :  2.02615e-06
 Reference value :  2.02727e-06
 Reference value :  2.02811e-06
 Reference value :  2.02879e-06
 Reference value :  2.02995e-06
 Reference value :  2.03071e-06
 Reference value :  2.03195e-06
 Reference value :  2.03255e-06
 Reference value :  2.03379e-06
 Reference value :  2.03451e-06
 Reference value :  2.03579e-06
 Reference value :  2.03647e-06
 Reference value :  2.03743e-06
 Reference value :  2.03823e-06
 Reference value :  2.03955e-06
 Reference value :  2.04031e-06
 Reference value :  2.04139e-06
 Reference value :  2.04219e-06
 Reference value :  2.04343e-06
 Reference value :  2.04423e-06
 Reference value :  2.04519e-06
 Reference value :  2.04604e-06
 Reference value :  2.04719e-06
 Reference value :  2.04815e-06
 Reference value :  2.04915e-06
 Reference value :  2.05007e-06
 Reference value :  2.05119e-06
 Reference value :  2.05207e-06
 Reference value :  2.05287e-06
 Reference value :  2.05379e-06
 Reference value :  2.05467e-06
 Reference value :  2.05591e-06
 Reference value :  2.05659e-06
 Reference value :  2.05801e-06
 Reference value :  2.05935e-06
 Reference value :  2.06015e-06
 Reference value :  2.06087e-06
 Reference value :  2.06200e-06
 Reference value :  2.06287e-06
 Reference value :  2.06401e-06
 Reference value :  2.06475e-06
 Reference value :  2.06600e-06
 Reference value :  2.06675e-06
 Reference value :  2.06800e-06
 Reference value :  2.06859e-06
 Reference value :  2.06959e-06
 Reference value :  2.07035e-06
 Reference value :  2.07163e-06
 Reference value :  2.07239e-06
 Reference value :  2.07347e-06
 Reference value :  2.07423e-06
 Reference value :  2.07547e-06
 Reference value :  2.07623e-06
 Reference value :  2.07703e-06
 Reference value :  2.07802e-06
 Reference value :  2.07903e-06
 Reference value :  2.08002e-06
 Reference value :  2.08083e-06
 Reference value :  2.08200e-06
 Reference value :  2.08279e-06
 Reference value :  2.08400e-06
 Reference value :  2.08463e-06
 Reference value :  2.08555e-06
 Reference value :  2.08631e-06
 Reference value :  2.08755e-06
 Reference value :  2.08831e-06
 Reference value :  2.08943e-06
 Reference value :  2.09019e-06
 Reference value :  2.09143e-06
 Reference value :  2.09219e-06
 Reference value :  2.09287e-06
 Reference value :  2.09400e-06
 Reference value :  2.09487e-06
 Reference value :  2.09601e-06
 Reference value :  2.09675e-06
 Reference value :  2.09800e-06
 Reference value :  2.09891e-06
 Reference value :  2.10001e-06
 Reference value :  2.10071e-06
 Reference value :  2.10183e-06
 Reference value :  2.10259e-06
 Reference value :  2.10387e-06
 Reference value :  2.10447e-06
 Reference value :  2.10563e-06
 Reference value :  2.10631e-06
 Reference value :  2.10755e-06
 Reference value :  2.10827e-06
 Reference value :  2.10903e-06
 Reference value :  2.11002e-06
 Reference value :  2.11103e-06
 Reference value :  2.11202e-06
 Reference value :  2.11283e-06
 Reference value :  2.11400e-06
 Reference value :  2.11479e-06
 Reference value :  2.11600e-06
 Reference value :  2.11655e-06
 Reference value :  2.11739e-06
 Reference value :  2.11819e-06
 Reference value :  2.11943e-06
 Reference value :  2.12023e-06
 Reference value :  2.12119e-06
 Reference value :  2.12211e-06
 Reference value :  2.12319e-06
 Reference value :  2.12407e-06
 Reference value :  2.12479e-06
 Reference value :  2.12587e-06
 Reference value :  2.12663e-06
 Reference value :  2.12791e-06
 Reference value :  2.12851e-06
 Reference value :  2.12975e-06
 Reference value :  2.13043e-06
 Reference value :  2.13167e-06
 Reference value :  2.13235e-06
 Reference value :  2.13319e-06
 Reference value :  2.13407e-06
 Reference value :  2.13523e-06
 Reference value :  2.13615e-06
 Reference value :  2.13707e-06
 Reference value :  2.13804e-06
 Reference value :  2.13907e-06
 Reference value :  2.14004e-06
 Reference value :  2.14075e-06
 Reference value :  2.14187e-06
 Reference value :  2.14263e-06
 Reference value :  2.14391e-06
 Reference value :  2.14455e-06
 Reference value :  2.14587e-06
 Reference value :  2.14659e-06
 Reference value :  2.14783e-06
 Reference value :  2.14843e-06
 Reference value :  2.14923e-06
 Reference value :  2.15011e-06
 Reference value :  2.15127e-06
 Reference value :  2.15215e-06
 Reference value :  2.15307e-06
 Reference value :  2.15403e-06
 Reference value :  2.15507e-06
 Reference value :  2.15602e-06
 Reference value :  2.15671e-06
 Reference value :  2.15775e-06
 Reference value :  2.15851e-06
 Reference value :  2.15979e-06
 Reference value :  2.16047e-06
 Reference value :  2.16167e-06
 Reference value :  2.16239e-06
 Reference value :  2.16363e-06
 Reference value :  2.16435e-06
 Reference value :  2.16515e-06
 Reference value :  2.16604e-06
 Reference value :  2.16723e-06
 Reference value :  2.16815e-06
 Reference value :  2.16935e-06
 Reference value :  2.17035e-06
 Reference value :  2.17159e-06
 Reference value :  2.17231e-06
 Reference value :  2.17315e-06
 Reference value :  2.17404e-06
 Reference value :  2.17515e-06
 Reference value :  2.17604e-06
 Reference value :  2.17695e-06
 Reference value :  2.17801e-06
 Reference value :  2.17887e-06
 Reference value :  2.18000e-06
 Reference value :  2.18063e-06
 Reference value :  2.18143e-06
 Reference value :  2.18219e-06
 Reference value :  2.18343e-06
 Reference value :  2.18427e-06
 Reference value :  2.18527e-06
 Reference value :  2.18611e-06
 Reference value :  2.18739e-06
 Reference value :  2.18815e-06
 Reference value :  2.18883e-06
 Reference value :  2.19000e-06
 Reference value :  2.19091e-06
 Reference value :  2.19219e-06
 Reference value :  2.19379e-06
 Reference value :  2.19455e-06
 Reference value :  2.19587e-06
 Reference value :  2.19651e-06
 Reference value :  2.19755e-06
 Reference value :  2.19843e-06
 Reference value :  2.19971e-06
 Reference value :  2.20047e-06
 Reference value :  2.20197e-06
 Reference value :  2.20271e-06
 Reference value :  2.20395e-06
 Reference value :  2.20451e-06
 Reference value :  2.20551e-06
 Reference value :  2.20655e-06
 Reference value :  2.20787e-06
 Reference value :  2.20851e-06
 Reference value :  2.20971e-06
 Reference value :  2.21059e-06
 Reference value :  2.21187e-06
 Reference value :  2.21247e-06
 Reference value :  2.21335e-06
 Reference value :  2.21419e-06
 Reference value :  2.21583e-06
 Reference value :  2.21647e-06
 Reference value :  2.21767e-06
 Reference value :  2.21839e-06
 Reference value :  2.21987e-06
 Reference value :  2.22055e-06
 Reference value :  2.22147e-06
 Reference value :  2.22223e-06
 Reference value :  2.22347e-06
 Reference value :  2.22427e-06
 Reference value :  2.22563e-06
 Reference value :  2.22631e-06
 Reference value :  2.22755e-06
 Reference value :  2.22827e-06
 Reference value :  2.22903e-06
 Reference value :  2.23015e-06
 Reference value :  2.23135e-06
 Reference value :  2.23223e-06
 Reference value :  2.23319e-06
 Reference value :  2.23411e-06
 Reference value :  2.23523e-06
 Reference value :  2.23615e-06
 Reference value :  2.23691e-06
 Reference value :  2.23800e-06
 Reference value :  2.23883e-06
 Reference value :  2.24002e-06
 Reference value :  2.24103e-06
 Reference value :  2.24202e-06
 Reference value :  2.24299e-06
 Reference value :  2.24402e-06
 Reference value :  2.24491e-06
 Reference value :  2.24601e-06
 Reference value :  2.24699e-06
 Reference value :  2.24802e-06
 Reference value :  2.24875e-06
 Reference value :  2.25002e-06
 Reference value :  2.25111e-06
 Reference value :  2.25211e-06
 Reference value :  2.25287e-06
 Reference value :  2.25400e-06
 Reference value :  2.25491e-06
 Reference value :  2.25607e-06
 Reference value :  2.25707e-06
 Reference value :  2.25807e-06
 Reference value :  2.25915e-06
 Reference value :  2.26023e-06
 Reference value :  2.26099e-06
 Reference value :  2.26215e-06
 Reference value :  2.26339e-06
 Reference value :  2.26447e-06
 Reference value :  2.26591e-06
 Reference value :  2.26659e-06
 Reference value :  2.26783e-06
 Reference value :  2.26851e-06
 Reference value :  2.26963e-06
 Reference value :  2.27051e-06
 Reference value :  2.27175e-06
 Reference value :  2.27243e-06
 Reference value :  2.27359e-06
 Reference value :  2.27431e-06
 Reference value :  2.27559e-06
 Reference value :  2.27639e-06
 Reference value :  2.27719e-06
 Reference value :  2.27811e-06
 Reference value :  2.27931e-06
 Reference value :  2.28015e-06
 Reference value :  2.28111e-06
 Reference value :  2.28203e-06
 Reference value :  2.28303e-06
 Reference value :  2.28402e-06
 Reference value :  2.28479e-06
 Reference value :  2.28600e-06
 Reference value :  2.28687e-06
 Reference value :  2.28801e-06
 Reference value :  2.28871e-06
 Reference value :  2.28997e-06
 Reference value :  2.29071e-06
 Reference value :  2.29200e-06
 Reference value :  2.29263e-06
 Reference value :  2.29375e-06
 Reference value :  2.29455e-06
 Reference value :  2.29583e-06
 Reference value :  2.29651e-06
 Reference value :  2.29783e-06
 Reference value :  2.29851e-06
 Reference value :  2.29983e-06
 Reference value :  2.30047e-06
 Reference value :  2.30171e-06
 Reference value :  2.30251e-06
 Reference value :  2.30375e-06
 Reference value :  2.30443e-06
 Reference value :  2.30559e-06
 Reference value :  2.30639e-06
 Reference value :  2.30763e-06
 Reference value :  2.30839e-06
 Reference value :  2.30911e-06
 Reference value :  2.31002e-06
 Reference value :  2.31111e-06
 Reference value :  2.31211e-06
 Reference value :  2.31303e-06
 Reference value :  2.31402e-06
 Reference value :  2.31503e-06
 Reference value :  2.31611e-06
 Reference value :  2.31683e-06
 Reference value :  2.31800e-06
 Reference value :  2.31879e-06
 Reference value :  2.32000e-06
 Reference value :  2.32059e-06
 Reference value :  2.32200e-06
 Reference value :  2.32279e-06
 Reference value :  2.32400e-06
 Reference value :  2.32459e-06
 Reference value :  2.32575e-06
 Reference value :  2.32663e-06
 Reference value :  2.32791e-06
 Reference value :  2.32847e-06
 Reference value :  2.32967e-06
 Reference value :  2.33063e-06
 Reference value :  2.33191e-06
 Reference value :  2.33251e-06
 Reference value :  2.33351e-06
 Reference value :  2.33443e-06
 Reference value :  2.33567e-06
 Reference value :  2.33635e-06
 Reference value :  2.33751e-06
 Reference value :  2.33827e-06
 Reference value :  2.33951e-06
 Reference value :  2.34039e-06
 Reference value :  2.34119e-06
 Reference value :  2.34207e-06
 Reference value :  2.34319e-06
 Reference value :  2.34407e-06
 Reference value :  2.34519e-06
 Reference value :  2.34627e-06
 Reference value :  2.34775e-06
 Reference value :  2.34839e-06
 Reference value :  2.34915e-06
 Reference value :  2.35007e-06
 Reference value :  2.35143e-06
 Reference value :  2.35223e-06
 Reference value :  2.35327e-06
 Reference value :  2.35411e-06
 Reference value :  2.35523e-06
 Reference value :  2.35615e-06
 Reference value :  2.35707e-06
 Reference value :  2.35804e-06
 Reference value :  2.35927e-06
 Reference value :  2.36023e-06
 Reference value :  2.36131e-06
 Reference value :  2.36235e-06
 Reference value :  2.36371e-06
 Reference value :  2.36439e-06
 Reference value :  2.36523e-06
 Reference value :  2.36611e-06
 Reference value :  2.36735e-06
 Reference value :  2.36839e-06
 Reference value :  2.36951e-06
 Reference value :  2.37023e-06
 Reference value :  2.37183e-06
 Reference value :  2.37247e-06
 Reference value :  2.37331e-06
 Reference value :  2.37415e-06
 Reference value :  2.37539e-06
 Reference value :  2.37627e-06
 Reference value :  2.37731e-06
 Reference value :  2.37815e-06
 Reference value :  2.37931e-06
 Reference value :  2.38023e-06
 Reference value :  2.38095e-06
 Reference value :  2.38202e-06
 Reference value :  2.38335e-06
 Reference value :  2.38419e-06
 Reference value :  2.38519e-06
 Reference value :  2.38643e-06
 Reference value :  2.38767e-06
 Reference value :  2.38835e-06
 Reference value :  2.38919e-06
 Reference value :  2.39011e-06
 Reference value :  2.39143e-06
 Reference value :  2.39227e-06
 Reference value :  2.39327e-06
 Reference value :  2.39411e-06
 Reference value :  2.39523e-06
 Reference value :  2.39615e-06
 Reference value :  2.39695e-06
 Reference value :  2.39802e-06
 Reference value :  2.39911e-06
 Reference value :  2.40004e-06
 Reference value :  2.40091e-06
 Reference value :  2.40201e-06
 Reference value :  2.40319e-06
 Reference value :  2.40431e-06
 Reference value :  2.40551e-06
 Reference value :  2.40659e-06
 Reference value :  2.40802e-06
 Reference value :  2.40891e-06
 Reference value :  2.41001e-06
 Reference value :  2.41087e-06
 Reference value :  2.41200e-06
 Reference value :  2.41263e-06
 Reference value :  2.41371e-06
 Reference value :  2.41447e-06
 Reference value :  2.41571e-06
 Reference value :  2.41643e-06
 Reference value :  2.41755e-06
 Reference value :  2.41823e-06
 Reference value :  2.41947e-06
 Reference value :  2.42023e-06
 Reference value :  2.42099e-06
 Reference value :  2.42202e-06
 Reference value :  2.42303e-06
 Reference value :  2.42402e-06
 Reference value :  2.42475e-06
 Reference value :  2.42597e-06
 Reference value :  2.42667e-06
 Reference value :  2.42797e-06
 Reference value :  2.42855e-06
 Reference value :  2.42947e-06
 Reference value :  2.43023e-06
 Reference value :  2.43151e-06
 Reference value :  2.43227e-06
 Reference value :  2.43331e-06
 Reference value :  2.43415e-06
 Reference value :  2.43531e-06
 Reference value :  2.43615e-06
 Reference value :  2.43691e-06
 Reference value :  2.43791e-06
 Reference value :  2.43867e-06
 Reference value :  2.43991e-06
 Reference value :  2.44051e-06
 Reference value :  2.44175e-06
 Reference value :  2.44247e-06
 Reference value :  2.44379e-06
 Reference value :  2.44451e-06
 Reference value :  2.44539e-06
 Reference value :  2.44619e-06
 Reference value :  2.44743e-06
 Reference value :  2.44831e-06
 Reference value :  2.44939e-06
 Reference value :  2.45019e-06
 Reference value :  2.45139e-06
 Reference value :  2.45219e-06
 Reference value :  2.45295e-06
 Reference value :  2.45401e-06
 Reference value :  2.45495e-06
 Reference value :  2.45602e-06
 Reference value :  2.45691e-06
 Reference value :  2.45802e-06
 Reference value :  2.45907e-06
 Reference value :  2.46003e-06
 Reference value :  2.46075e-06
 Reference value :  2.46195e-06
 Reference value :  2.46271e-06
 Reference value :  2.46400e-06
 Reference value :  2.46459e-06
 Reference value :  2.46587e-06
 Reference value :  2.46663e-06
 Reference value :  2.46795e-06
 Reference value :  2.46859e-06
 Reference value :  2.46947e-06
 Reference value :  2.47023e-06
 Reference value :  2.47151e-06
 Reference value :  2.47227e-06
 Reference value :  2.47327e-06
 Reference value :  2.47411e-06
 Reference value :  2.47523e-06
 Reference value :  2.47615e-06
 Reference value :  2.47683e-06
 Reference value :  2.47801e-06
 Reference value :  2.47895e-06
 Reference value :  2.48001e-06
 Reference value :  2.48079e-06
 Reference value :  2.48200e-06
 Reference value :  2.48275e-06
 Reference value :  2.48400e-06
 Reference value :  2.48459e-06
 Reference value :  2.48563e-06
 Reference value :  2.48643e-06
 Reference value :  2.48767e-06
 Reference value :  2.48835e-06
 Reference value :  2.48943e-06
 Reference value :  2.49019e-06
 Reference value :  2.49143e-06
 Reference value :  2.49219e-06
 Reference value :  2.49291e-06
 Reference value :  2.49401e-06
 Reference value :  2.49495e-06
 Reference value :  2.49601e-06
 Reference value :  2.49679e-06
 Reference value :  2.49797e-06
 Reference value :  2.49871e-06
 Reference value :  2.50000e-06
 Reference value :  2.50063e-06
 Reference value :  2.50151e-06
 Reference value :  2.50227e-06
 Reference value :  2.50355e-06
 Reference value :  2.50427e-06
 Reference value :  2.50523e-06
 Reference value :  2.50607e-06
 Reference value :  2.50715e-06
 Reference value :  2.50804e-06
 Reference value :  2.50875e-06
 Reference value :  2.50979e-06
 Reference value :  2.51059e-06
 Reference value :  2.51187e-06
 Reference value :  2.51247e-06
 Reference value :  2.51383e-06
 Reference value :  2.51451e-06
 Reference value :  2.51579e-06
 Reference value :  2.51643e-06
 Reference value :  2.51731e-06
 Reference value :  2.51819e-06
 Reference value :  2.51943e-06
 Reference value :  2.52023e-06
 Reference value :  2.52139e-06
 Reference value :  2.52259e-06
 Reference value :  2.52391e-06
 Reference value :  2.52451e-06
 Reference value :  2.52551e-06
 Reference value :  2.52631e-06
 Reference value :  2.52763e-06
 Reference value :  2.52835e-06
 Reference value :  2.52947e-06
 Reference value :  2.53023e-06
 Reference value :  2.53147e-06
 Reference value :  2.53223e-06
 Reference value :  2.53299e-06
 Reference value :  2.53401e-06
 Reference value :  2.53503e-06
 Reference value :  2.53603e-06
 Reference value :  2.53699e-06
 Reference value :  2.53802e-06
 Reference value :  2.53907e-06
 Reference value :  2.54011e-06
 Reference value :  2.54087e-06
 Reference value :  2.54200e-06
 Reference value :  2.54295e-06
 Reference value :  2.54401e-06
 Reference value :  2.54483e-06
 Reference value :  2.54601e-06
 Reference value :  2.54683e-06
 Reference value :  2.54801e-06
 Reference value :  2.54871e-06
 Reference value :  2.54979e-06
 Reference value :  2.55063e-06
 Reference value :  2.55201e-06
 Reference value :  2.55267e-06
 Reference value :  2.55397e-06
 Reference value :  2.55467e-06
 Reference value :  2.55600e-06
 Reference value :  2.55671e-06
 Reference value :  2.55783e-06
 Reference value :  2.55871e-06
 Reference value :  2.55997e-06
 Reference value :  2.56055e-06
 Reference value :  2.56197e-06
 Reference value :  2.56271e-06
 Reference value :  2.56397e-06
 Reference value :  2.56455e-06
 Reference value :  2.56543e-06
 Reference value :  2.56631e-06
 Reference value :  2.56763e-06
 Reference value :  2.56847e-06
 Reference value :  2.56967e-06
 Reference value :  2.57047e-06
 Reference value :  2.57171e-06
 Reference value :  2.57247e-06
 Reference value :  2.57343e-06
 Reference value :  2.57419e-06
 Reference value :  2.57547e-06
 Reference value :  2.57627e-06
 Reference value :  2.57739e-06
 Reference value :  2.57819e-06
 Reference value :  2.57939e-06
 Reference value :  2.58023e-06
 Reference value :  2.58099e-06
 Reference value :  2.58203e-06
 Reference value :  2.58311e-06
 Reference value :  2.58411e-06
 Reference value :  2.58507e-06
 Reference value :  2.58604e-06
 Reference value :  2.58715e-06
 Reference value :  2.58807e-06
 Reference value :  2.58883e-06
 Reference value :  2.59000e-06
 Reference value :  2.59087e-06
 Reference value :  2.59201e-06
 Reference value :  2.59275e-06
 Reference value :  2.59400e-06
 Reference value :  2.59479e-06
 Reference value :  2.59600e-06
 Reference value :  2.59659e-06
 Reference value :  2.59751e-06
 Reference value :  2.59835e-06
 Reference value :  2.59963e-06
 Reference value :  2.60035e-06
 Reference value :  2.60139e-06
 Reference value :  2.60223e-06
 Reference value :  2.60347e-06
 Reference value :  2.60423e-06
 Reference value :  2.60491e-06
 Reference value :  2.60601e-06
 Reference value :  2.60695e-06
 Reference value :  2.60801e-06
 Reference value :  2.60883e-06
 Reference value :  2.61000e-06
 Reference value :  2.61075e-06
 Reference value :  2.61197e-06
 Reference value :  2.61251e-06
 Reference value :  2.61351e-06
 Reference value :  2.61427e-06
 Reference value :  2.61555e-06
 Reference value :  2.61627e-06
 Reference value :  2.61727e-06
 Reference value :  2.61811e-06
 Reference value :  2.61923e-06
 Reference value :  2.62007e-06
 Reference value :  2.62087e-06
 Reference value :  2.62200e-06
 Reference value :  2.62287e-06
 Reference value :  2.62400e-06
 Reference value :  2.62463e-06
 Reference value :  2.62583e-06
 Reference value :  2.62659e-06
 Reference value :  2.62787e-06
 Reference value :  2.62847e-06
 Reference value :  2.62931e-06
 Reference value :  2.63015e-06
 Reference value :  2.63135e-06
 Reference value :  2.63219e-06
 Reference value :  2.63311e-06
 Reference value :  2.63403e-06
 Reference value :  2.63507e-06
 Reference value :  2.63604e-06
 Reference value :  2.63679e-06
 Reference value :  2.63795e-06
 Reference value :  2.63871e-06
 Reference value :  2.63997e-06
 Reference value :  2.64055e-06
 Reference value :  2.64183e-06
 Reference value :  2.64251e-06
 Reference value :  2.64383e-06
 Reference value :  2.64443e-06
 Reference value :  2.64531e-06
 Reference value :  2.64619e-06
 Reference value :  2.64751e-06
 Reference value :  2.64827e-06
 Reference value :  2.64927e-06
 Reference value :  2.65019e-06
 Reference value :  2.65147e-06
 Reference value :  2.65227e-06
 Reference value :  2.65307e-06
 Reference value :  2.65402e-06
 Reference value :  2.65511e-06
 Reference value :  2.65604e-06
 Reference value :  2.65695e-06
 Reference value :  2.65801e-06
 Reference value :  2.65887e-06
 Reference value :  2.66000e-06
 Reference value :  2.66063e-06
 Reference value :  2.66159e-06
 Reference value :  2.66239e-06
 Reference value :  2.66363e-06
 Reference value :  2.66439e-06
 Reference value :  2.66551e-06
 Reference value :  2.66631e-06
 Reference value :  2.66759e-06
 Reference value :  2.66827e-06
 Reference value :  2.66903e-06
 Reference value :  2.67011e-06
 Reference value :  2.67135e-06
 Reference value :  2.67215e-06
 Reference value :  2.67311e-06
 Reference value :  2.67404e-06
 Reference value :  2.67511e-06
 Reference value :  2.67604e-06
 Reference value :  2.67679e-06
 Reference value :  2.67800e-06
 Reference value :  2.67879e-06
 Reference value :  2.68000e-06
 Reference value :  2.68055e-06
 Reference value :  2.68179e-06
 Reference value :  2.68247e-06
 Reference value :  2.68375e-06
 Reference value :  2.68439e-06
 Reference value :  2.68523e-06
 Reference value :  2.68615e-06
 Reference value :  2.68739e-06
 Reference value :  2.68827e-06
 Reference value :  2.68935e-06
 Reference value :  2.69023e-06
 Reference value :  2.69151e-06
 Reference value :  2.69235e-06
 Reference value :  2.69311e-06
 Reference value :  2.69404e-06
 Reference value :  2.69523e-06
 Reference value :  2.69615e-06
 Reference value :  2.69715e-06
 Reference value :  2.69804e-06
 Reference value :  2.69915e-06
 Reference value :  2.70007e-06
 Reference value :  2.70079e-06
 Reference value :  2.70203e-06
 Reference value :  2.70331e-06
 Reference value :  2.70427e-06
 Reference value :  2.70535e-06
 Reference value :  2.70619e-06
 Reference value :  2.70743e-06
 Reference value :  2.70827e-06
 Reference value :  2.70907e-06
 Reference value :  2.71007e-06
 Reference value :  2.71127e-06
 Reference value :  2.71223e-06
 Reference value :  2.71327e-06
 Reference value :  2.71415e-06
 Reference value :  2.71535e-06
 Reference value :  2.71619e-06
 Reference value :  2.71699e-06
 Reference value :  2.71802e-06
 Reference value :  2.71907e-06
 Reference value :  2.72004e-06
 Reference value :  2.72107e-06
 Reference value :  2.72204e-06
 Reference value :  2.72331e-06
 Reference value :  2.72415e-06
 Reference value :  2.72491e-06
 Reference value :  2.72601e-06
 Reference value :  2.72695e-06
 Reference value :  2.72802e-06
 Reference value :  2.72879e-06
 Reference value :  2.73001e-06
 Reference value :  2.73099e-06
 Reference value :  2.73204e-06
 Reference value :  2.73279e-06
 Reference value :  2.73400e-06
 Reference value :  2.73487e-06
 Reference value :  2.73601e-06
 Reference value :  2.73671e-06
 Reference value :  2.73795e-06
 Reference value :  2.73863e-06
 Reference value :  2.73987e-06
 Reference value :  2.74047e-06
 Reference value :  2.74139e-06
 Reference value :  2.74215e-06
 Reference value :  2.74335e-06
 Reference value :  2.74419e-06
 Reference value :  2.74511e-06
 Reference value :  2.74615e-06
 Reference value :  2.74731e-06
 Reference value :  2.74811e-06
 Reference value :  2.74895e-06
 Reference value :  2.75002e-06
 Reference value :  2.75111e-06
 Reference value :  2.75204e-06
 Reference value :  2.75291e-06
 Reference value :  2.75401e-06
 Reference value :  2.75483e-06
 Reference value :  2.75600e-06
 Reference value :  2.75663e-06
 Reference value :  2.75755e-06
 Reference value :  2.75831e-06
 Reference value :  2.75963e-06
 Reference value :  2.76035e-06
 Reference value :  2.76139e-06
 Reference value :  2.76219e-06
 Reference value :  2.76339e-06
 Reference value :  2.76415e-06
 Reference value :  2.76483e-06
 Reference value :  2.76597e-06
 Reference value :  2.76675e-06
 Reference value :  2.76800e-06
 Reference value :  2.76855e-06
 Reference value :  2.76983e-06
 Reference value :  2.77055e-06
 Reference value :  2.77179e-06
 Reference value :  2.77243e-06
 Reference value :  2.77335e-06
 Reference value :  2.77415e-06
 Reference value :  2.77535e-06
 Reference value :  2.77619e-06
 Reference value :  2.77719e-06
 Reference value :  2.77807e-06
 Reference value :  2.77919e-06
 Reference value :  2.78007e-06
 Reference value :  2.78079e-06
 Reference value :  2.78195e-06
 Reference value :  2.78275e-06
 Reference value :  2.78397e-06
 Reference value :  2.78455e-06
 Reference value :  2.78579e-06
 Reference value :  2.78647e-06
 Reference value :  2.78771e-06
 Reference value :  2.78835e-06
 Reference value :  2.78911e-06
 Reference value :  2.79003e-06
 Reference value :  2.79111e-06
 Reference value :  2.79203e-06
 Reference value :  2.79283e-06
 Reference value :  2.79400e-06
 Reference value :  2.79483e-06
 Reference value :  2.79600e-06
 Reference value :  2.79659e-06
 Reference value :  2.79751e-06
 Reference value :  2.79831e-06
 Reference value :  2.79959e-06
 Reference value :  2.80035e-06
 Reference value :  2.80143e-06
 Reference value :  2.80219e-06
 Reference value :  2.80347e-06
 Reference value :  2.80423e-06
 Reference value :  2.80499e-06
 Reference value :  2.80602e-06
 Reference value :  2.80707e-06
 Reference value :  2.80803e-06
 Reference value :  2.80883e-06
 Reference value :  2.81000e-06
 Reference value :  2.81087e-06
 Reference value :  2.81201e-06
 Reference value :  2.81263e-06
 Reference value :  2.81367e-06
 Reference value :  2.81443e-06
 Reference value :  2.81567e-06
 Reference value :  2.81639e-06
 Reference value :  2.81755e-06
 Reference value :  2.81823e-06
 Reference value :  2.81951e-06
 Reference value :  2.82023e-06
 Reference value :  2.82099e-06
 Reference value :  2.82200e-06
 Reference value :  2.82299e-06
 Reference value :  2.82402e-06
 Reference value :  2.82483e-06
 Reference value :  2.82600e-06
 Reference value :  2.82683e-06
 Reference value :  2.82801e-06
 Reference value :  2.82867e-06
 Reference value :  2.82967e-06
 Reference value :  2.83047e-06
 Reference value :  2.83171e-06
 Reference value :  2.83239e-06
 Reference value :  2.83351e-06
 Reference value :  2.83423e-06
 Reference value :  2.83551e-06
 Reference value :  2.83627e-06
 Reference value :  2.83707e-06
 Reference value :  2.83802e-06
 Reference value :  2.83911e-06
 Reference value :  2.84004e-06
 Reference value :  2.84087e-06
 Reference value :  2.84200e-06
 Reference value :  2.84279e-06
 Reference value :  2.84400e-06
 Reference value :  2.84459e-06
 Reference value :  2.84559e-06
 Reference value :  2.84639e-06
 Reference value :  2.84763e-06
 Reference value :  2.84835e-06
 Reference value :  2.84947e-06
 Reference value :  2.85019e-06
 Reference value :  2.85139e-06
 Reference value :  2.85227e-06
 Reference value :  2.85315e-06
 Reference value :  2.85407e-06
 Reference value :  2.85519e-06
 Reference value :  2.85611e-06
 Reference value :  2.85699e-06
 Reference value :  2.85801e-06
 Reference value :  2.85891e-06
 Reference value :  2.86001e-06
 Reference value :  2.86063e-06
 Reference value :  2.86163e-06
 Reference value :  2.86251e-06
 Reference value :  2.86379e-06
 Reference value :  2.86447e-06
 Reference value :  2.86567e-06
 Reference value :  2.86635e-06
 Reference value :  2.86763e-06
 Reference value :  2.86835e-06
 Reference value :  2.86923e-06
 Reference value :  2.87011e-06
 Reference value :  2.87123e-06
 Reference value :  2.87207e-06
 Reference value :  2.87299e-06
 Reference value :  2.87401e-06
 Reference value :  2.87487e-06
 Reference value :  2.87601e-06
 Reference value :  2.87667e-06
 Reference value :  2.87771e-06
 Reference value :  2.87851e-06
 Reference value :  2.87983e-06
 Reference value :  2.88051e-06
 Reference value :  2.88183e-06
 Reference value :  2.88255e-06
 Reference value :  2.88383e-06
 Reference value :  2.88447e-06
 Reference value :  2.88523e-06
 Reference value :  2.88611e-06
 Reference value :  2.88727e-06
 Reference value :  2.88815e-06
 Reference value :  2.88911e-06
 Reference value :  2.89004e-06
 Reference value :  2.89115e-06
 Reference value :  2.89207e-06
 Reference value :  2.89283e-06
 Reference value :  2.89400e-06
 Reference value :  2.89475e-06
 Reference value :  2.89601e-06
 Reference value :  2.89671e-06
 Reference value :  2.89795e-06
 Reference value :  2.89867e-06
 Reference value :  2.89997e-06
 Reference value :  2.90051e-06
 Reference value :  2.90147e-06
 Reference value :  2.90223e-06
 Reference value :  2.90351e-06
 Reference value :  2.90427e-06
 Reference value :  2.90527e-06
 Reference value :  2.90611e-06
 Reference value :  2.90723e-06
 Reference value :  2.90811e-06
 Reference value :  2.90887e-06
 Reference value :  2.91000e-06
 Reference value :  2.91079e-06
 Reference value :  2.91200e-06
 Reference value :  2.91263e-06
 Reference value :  2.91387e-06
 Reference value :  2.91459e-06
 Reference value :  2.91583e-06
 Reference value :  2.91643e-06
 Reference value :  2.91731e-06
 Reference value :  2.91815e-06
 Reference value :  2.91935e-06
 Reference value :  2.92019e-06
 Reference value :  2.92111e-06
 Reference value :  2.92204e-06
 Reference value :  2.92319e-06
 Reference value :  2.92407e-06
 Reference value :  2.92479e-06
 Reference value :  2.92595e-06
 Reference value :  2.92671e-06
 Reference value :  2.92795e-06
 Reference value :  2.92859e-06
 Reference value :  2.92983e-06
 Reference value :  2.93051e-06
 Reference value :  2.93175e-06
 Reference value :  2.93239e-06
 Reference value :  2.93327e-06
 Reference value :  2.93415e-06
 Reference value :  2.93535e-06
 Reference value :  2.93619e-06
 Reference value :  2.93711e-06
 Reference value :  2.93804e-06
 Reference value :  2.93907e-06
 Reference value :  2.94003e-06
 Reference value :  2.94075e-06
 Reference value :  2.94187e-06
 Reference value :  2.94271e-06
 Reference value :  2.94397e-06
 Reference value :  2.94455e-06
 Reference value :  2.94579e-06
 Reference value :  2.94647e-06
 Reference value :  2.94771e-06
 Reference value :  2.94839e-06
 Reference value :  2.94911e-06
 Reference value :  2.95002e-06
 Reference value :  2.95107e-06
 Reference value :  2.95203e-06
 Reference value :  2.95283e-06
 Reference value :  2.95401e-06
 Reference value :  2.95491e-06
 Reference value :  2.95601e-06
 Reference value :  2.95663e-06
 Reference value :  2.95759e-06
 Reference value :  2.95839e-06
 Reference value :  2.95963e-06
 Reference value :  2.96035e-06
 Reference value :  2.96147e-06
 Reference value :  2.96223e-06
 Reference value :  2.96351e-06
 Reference value :  2.96427e-06
 Reference value :  2.96515e-06
 Reference value :  2.96607e-06
 Reference value :  2.96719e-06
 Reference value :  2.96807e-06
 Reference value :  2.96899e-06
 Reference value :  2.97001e-06
 Reference value :  2.97095e-06
 Reference value :  2.97201e-06
 Reference value :  2.97267e-06
 Reference value :  2.97375e-06
 Reference value :  2.97455e-06
 Reference value :  2.97579e-06
 Reference value :  2.97643e-06
 Reference value :  2.97759e-06
 Reference value :  2.97835e-06
 Reference value :  2.97963e-06
 Reference value :  2.98035e-06
 Reference value :  2.98115e-06
 Reference value :  2.98204e-06
 Reference value :  2.98319e-06
 Reference value :  2.98407e-06
 Reference value :  2.98495e-06
 Reference value :  2.98601e-06
 Reference value :  2.98699e-06
 Reference value :  2.98801e-06
 Reference value :  2.98867e-06
 Reference value :  2.98971e-06
 Reference value :  2.99055e-06
 Reference value :  2.99179e-06
 Reference value :  2.99247e-06
 Reference value :  2.99371e-06
 Reference value :  2.99439e-06
 Reference value :  2.99567e-06
 Reference value :  2.99635e-06
 Reference value :  2.99719e-06
 Reference value :  2.99807e-06
 Reference value :  2.99923e-06
 Reference value :  3.00007e-06
 Reference value :  3.00099e-06
 Reference value :  3.00201e-06
 Reference value :  3.00291e-06
 Reference value :  3.00401e-06
 Reference value :  3.00463e-06
 Reference value :  3.00563e-06
 Reference value :  3.00639e-06
 Reference value :  3.00763e-06
 Reference value :  3.00835e-06
 Reference value :  3.00947e-06
 Reference value :  3.01023e-06
 Reference value :  3.01155e-06
 Reference value :  3.01235e-06
 Reference value :  3.01315e-06
 Reference value :  3.01404e-06
 Reference value :  3.01519e-06
 Reference value :  3.01607e-06
 Reference value :  3.01703e-06
 Reference value :  3.01802e-06
 Reference value :  3.01903e-06
 Reference value :  3.02002e-06
 Reference value :  3.02071e-06
 Reference value :  3.02175e-06
 Reference value :  3.02255e-06
 Reference value :  3.02379e-06
 Reference value :  3.02447e-06
 Reference value :  3.02575e-06
 Reference value :  3.02643e-06
 Reference value :  3.02775e-06
 Reference value :  3.02843e-06
 Reference value :  3.02931e-06
 Reference value :  3.03043e-06
 Reference value :  3.03195e-06
 Reference value :  3.03263e-06
 Reference value :  3.03391e-06
 Reference value :  3.03459e-06
 Reference value :  3.03587e-06
 Reference value :  3.03643e-06
 Reference value :  3.03731e-06
 Reference value :  3.03815e-06
 Reference value :  3.03935e-06
 Reference value :  3.04015e-06
 Reference value :  3.04115e-06
 Reference value :  3.04207e-06
 Reference value :  3.04315e-06
 Reference value :  3.04404e-06
 Reference value :  3.04479e-06
 Reference value :  3.04587e-06
 Reference value :  3.04667e-06
 Reference value :  3.04791e-06
 Reference value :  3.04847e-06
 Reference value :  3.04963e-06
 Reference value :  3.05039e-06
 Reference value :  3.05163e-06
 Reference value :  3.05231e-06
 Reference value :  3.05303e-06
 Reference value :  3.05402e-06
 Reference value :  3.05503e-06
 Reference value :  3.05602e-06
 Reference value :  3.05683e-06
 Reference value :  3.05801e-06
 Reference value :  3.05887e-06
 Reference value :  3.06001e-06
 Reference value :  3.06063e-06
 Reference value :  3.06167e-06
 Reference value :  3.06243e-06
 Reference value :  3.06367e-06
 Reference value :  3.06439e-06
 Reference value :  3.06547e-06
 Reference value :  3.06623e-06
 Reference value :  3.06751e-06
 Reference value :  3.06827e-06
 Reference value :  3.06915e-06
 Reference value :  3.07007e-06
 Reference value :  3.07127e-06
 Reference value :  3.07215e-06
 Reference value :  3.07311e-06
 Reference value :  3.07404e-06
 Reference value :  3.07511e-06
 Reference value :  3.07603e-06
 Reference value :  3.07683e-06
 Reference value :  3.07771e-06
 Reference value :  3.07847e-06
 Reference value :  3.07971e-06
 Reference value :  3.08043e-06
 Reference value :  3.08159e-06
 Reference value :  3.08227e-06
 Reference value :  3.08355e-06
 Reference value :  3.08427e-06
 Reference value :  3.08495e-06
 Reference value :  3.08601e-06
 Reference value :  3.08691e-06
 Reference value :  3.08801e-06
 Reference value :  3.08879e-06
 Reference value :  3.09000e-06
 Reference value :  3.09079e-06
 Reference value :  3.09200e-06
 Reference value :  3.09255e-06
 Reference value :  3.09355e-06
 Reference value :  3.09427e-06
 Reference value :  3.09563e-06
 Reference value :  3.09635e-06
 Reference value :  3.09739e-06
 Reference value :  3.09815e-06
 Reference value :  3.09931e-06
 Reference value :  3.10015e-06
 Reference value :  3.10091e-06
 Reference value :  3.10200e-06
 Reference value :  3.10291e-06
 Reference value :  3.10400e-06
 Reference value :  3.10463e-06
 Reference value :  3.10587e-06
 Reference value :  3.10659e-06
 Reference value :  3.10783e-06
 Reference value :  3.10843e-06
 Reference value :  3.10923e-06
 Reference value :  3.11015e-06
 Reference value :  3.11135e-06
 Reference value :  3.11223e-06
 Reference value :  3.11319e-06
 Reference value :  3.11407e-06
 Reference value :  3.11523e-06
 Reference value :  3.11611e-06
 Reference value :  3.11683e-06
 Reference value :  3.11797e-06
 Reference value :  3.11871e-06
 Reference value :  3.11995e-06
 Reference value :  3.12055e-06
 Reference value :  3.12179e-06
 Reference value :  3.12251e-06
 Reference value :  3.12375e-06
 Reference value :  3.12435e-06
 Reference value :  3.12519e-06
 Reference value :  3.12607e-06
 Reference value :  3.12723e-06
 Reference value :  3.12811e-06
 Reference value :  3.12899e-06
 Reference value :  3.13002e-06
 Reference value :  3.13099e-06
 Reference value :  3.13201e-06
 Reference value :  3.13267e-06
 Reference value :  3.13383e-06
 Reference value :  3.13463e-06
 Reference value :  3.13587e-06
 Reference value :  3.13651e-06
 Reference value :  3.13779e-06
 Reference value :  3.13851e-06
 Reference value :  3.13979e-06
 Reference value :  3.14047e-06
 Reference value :  3.14147e-06
 Reference value :  3.14267e-06
 Reference value :  3.14404e-06
 Reference value :  3.14531e-06
 Reference value :  3.14619e-06
 Reference value :  3.14735e-06
 Reference value :  3.14815e-06
 Reference value :  3.14891e-06
 Reference value :  3.15001e-06
 Reference value :  3.15103e-06
 Reference value :  3.15203e-06
 Reference value :  3.15287e-06
 Reference value :  3.15400e-06
 Reference value :  3.15479e-06
 Reference value :  3.15600e-06
 Reference value :  3.15659e-06
 Reference value :  3.15759e-06
 Reference value :  3.15843e-06
 Reference value :  3.15975e-06
 Reference value :  3.16039e-06
 Reference value :  3.16147e-06
 Reference value :  3.16223e-06
 Reference value :  3.16347e-06
 Reference value :  3.16423e-06
 Reference value :  3.16499e-06
 Reference value :  3.16602e-06
 Reference value :  3.16711e-06
 Reference value :  3.16804e-06
 Reference value :  3.16895e-06
 Reference value :  3.17001e-06
 Reference value :  3.17091e-06
 Reference value :  3.17201e-06
 Reference value :  3.17275e-06
 Reference value :  3.17375e-06
 Reference value :  3.17447e-06
 Reference value :  3.17579e-06
 Reference value :  3.17643e-06
 Reference value :  3.17759e-06
 Reference value :  3.17831e-06
 Reference value :  3.17955e-06
 Reference value :  3.18027e-06
 Reference value :  3.18099e-06
 Reference value :  3.18201e-06
 Reference value :  3.18299e-06
 Reference value :  3.18402e-06
 Reference value :  3.18487e-06
 Reference value :  3.18601e-06
 Reference value :  3.18683e-06
 Reference value :  3.18800e-06
 Reference value :  3.18859e-06
 Reference value :  3.18959e-06
 Reference value :  3.19039e-06
 Reference value :  3.19163e-06
 Reference value :  3.19235e-06
 Reference value :  3.19339e-06
 Reference value :  3.19419e-06
 Reference value :  3.19539e-06
 Reference value :  3.19623e-06
 Reference value :  3.19699e-06
 Reference value :  3.19801e-06
 Reference value :  3.19903e-06
No. of Data Rows : 94280
sim/harness: analysis complete
Note: Simulation executed from .control section 
