
Note: Compatibility modes selected: hs a


Circuit: ** sch_path: /users/rwalters/github/sky130-pll/.loom/worktrees/issue-130/sim/divider-n64/testbench/tb_divider_n64.sch

option SCALE: Scale is set to 1e-06 for instance and model parameters
option SCALE: Scale is set to 1e-06 for instance and model parameters
option SCALE: Scale is set to 1e-06 for instance and model parameters
option SCALE: Scale is set to 1e-06 for instance and model parameters
Doing analysis at TEMP = -40.000000 and TNOM = 27.000000

Using KLU as Direct Linear Solver
 Reference value :  0.00000e+00
 Reference value :  6.62900e-10
 Reference value :  1.82290e-09
 Reference value :  2.46762e-09
 Reference value :  3.74762e-09
 Reference value :  4.30763e-09
 Reference value :  5.46000e-09
 Reference value :  6.18763e-09
 Reference value :  7.38762e-09
 Reference value :  8.18763e-09
 Reference value :  9.14763e-09
 Reference value :  1.01076e-08
 Reference value :  1.11076e-08
 Reference value :  1.20186e-08
 Reference value :  1.25476e-08
 Reference value :  1.31076e-08
 Reference value :  1.40256e-08
 Reference value :  1.50276e-08
 Reference value :  1.60134e-08
 Reference value :  1.66676e-08
 Reference value :  1.78676e-08
 Reference value :  1.84276e-08
 Reference value :  1.96276e-08
 Reference value :  2.02676e-08
 Reference value :  2.08676e-08
 Reference value :  2.20012e-08
 Reference value :  2.27476e-08
 Reference value :  2.39738e-08
 Reference value :  2.44276e-08
 Reference value :  2.55076e-08
 Reference value :  2.61876e-08
 Reference value :  2.73476e-08
 Reference value :  2.81076e-08
 Reference value :  2.86676e-08
 Reference value :  2.99476e-08
 Reference value :  3.06276e-08
 Reference value :  3.18676e-08
 Reference value :  3.23876e-08
 Reference value :  3.34676e-08
 Reference value :  3.41476e-08
 Reference value :  3.52676e-08
 Reference value :  3.61076e-08
 Reference value :  3.67076e-08
 Reference value :  3.77076e-08
 Reference value :  3.84276e-08
 Reference value :  3.96276e-08
 Reference value :  4.02676e-08
 Reference value :  4.11076e-08
 Reference value :  4.20396e-08
 Reference value :  4.29476e-08
 Reference value :  4.40125e-08
 Reference value :  4.45076e-08
 Reference value :  4.53076e-08
 Reference value :  4.61476e-08
 Reference value :  4.73476e-08
 Reference value :  4.81076e-08
 Reference value :  4.89876e-08
 Reference value :  5.00134e-08
 Reference value :  5.07476e-08
 Reference value :  5.20038e-08
 Reference value :  5.25076e-08
 Reference value :  5.34676e-08
 Reference value :  5.42276e-08
 Reference value :  5.55076e-08
 Reference value :  5.62676e-08
 Reference value :  5.71076e-08
 Reference value :  5.80396e-08
 Reference value :  5.89476e-08
 Reference value :  6.00134e-08
 Reference value :  6.05876e-08
 Reference value :  6.18276e-08
 Reference value :  6.25476e-08
 Reference value :  6.37876e-08
 Reference value :  6.43476e-08
 Reference value :  6.54676e-08
 Reference value :  6.61476e-08
 Reference value :  6.71876e-08
 Reference value :  6.80396e-08
 Reference value :  6.86276e-08
 Reference value :  6.92676e-08
 Reference value :  7.01076e-08
 Reference value :  7.12276e-08
 Reference value :  7.20661e-08
 Reference value :  7.28261e-08
 Reference value :  7.40013e-08
 Reference value :  7.45876e-08
 Reference value :  7.58676e-08
 Reference value :  7.64276e-08
 Reference value :  7.69876e-08
 Reference value :  7.80151e-08
 Reference value :  7.89876e-08
 Reference value :  8.00134e-08
 Reference value :  8.07076e-08
 Reference value :  8.19476e-08
 Reference value :  8.24676e-08
 Reference value :  8.37076e-08
 Reference value :  8.43061e-08
 Reference value :  8.49461e-08
 Reference value :  8.60081e-08
 Reference value :  8.68676e-08
 Reference value :  8.80013e-08
 Reference value :  8.84676e-08
 Reference value :  8.96676e-08
 Reference value :  9.02276e-08
 Reference value :  9.14676e-08
 Reference value :  9.22276e-08
 Reference value :  9.28676e-08
 Reference value :  9.40134e-08
 Reference value :  9.51476e-08
 Reference value :  9.60256e-08
 Reference value :  9.69476e-08
 Reference value :  9.80125e-08
 Reference value :  9.87076e-08
 Reference value :  9.99476e-08
 Reference value :  1.00388e-07
 Reference value :  1.01028e-07
 Reference value :  1.02013e-07
 Reference value :  1.02948e-07
 Reference value :  1.04008e-07
 Reference value :  1.04468e-07
 Reference value :  1.05668e-07
 Reference value :  1.06228e-07
 Reference value :  1.07508e-07
 Reference value :  1.08188e-07
 Reference value :  1.08788e-07
 Reference value :  1.09948e-07
 Reference value :  1.10668e-07
 Reference value :  1.11908e-07
 Reference value :  1.12426e-07
 Reference value :  1.13546e-07
 Reference value :  1.14188e-07
 Reference value :  1.15348e-07
 Reference value :  1.16148e-07
 Reference value :  1.16788e-07
 Reference value :  1.17974e-07
 Reference value :  1.18668e-07
 Reference value :  1.19948e-07
 Reference value :  1.20428e-07
 Reference value :  1.21548e-07
 Reference value :  1.22188e-07
 Reference value :  1.23388e-07
 Reference value :  1.24148e-07
 Reference value :  1.24748e-07
 Reference value :  1.26000e-07
 Reference value :  1.26748e-07
 Reference value :  1.27974e-07
 Reference value :  1.28468e-07
 Reference value :  1.29668e-07
 Reference value :  1.30228e-07
 Reference value :  1.31468e-07
 Reference value :  1.32148e-07
 Reference value :  1.32708e-07
 Reference value :  1.33508e-07
 Reference value :  1.34268e-07
 Reference value :  1.35508e-07
 Reference value :  1.36228e-07
 Reference value :  1.36948e-07
 Reference value :  1.38012e-07
 Reference value :  1.38668e-07
 Reference value :  1.39868e-07
 Reference value :  1.40348e-07
 Reference value :  1.40948e-07
 Reference value :  1.42013e-07
 Reference value :  1.42908e-07
 Reference value :  1.44013e-07
 Reference value :  1.44628e-07
 Reference value :  1.45868e-07
 Reference value :  1.46348e-07
 Reference value :  1.47548e-07
 Reference value :  1.48268e-07
 Reference value :  1.48908e-07
 Reference value :  1.50008e-07
 Reference value :  1.50828e-07
 Reference value :  1.52000e-07
 Reference value :  1.52428e-07
 Reference value :  1.53468e-07
 Reference value :  1.54148e-07
 Reference value :  1.55228e-07
 Reference value :  1.56040e-07
 Reference value :  1.56588e-07
 Reference value :  1.57708e-07
 Reference value :  1.58388e-07
 Reference value :  1.59588e-07
 Reference value :  1.60228e-07
 Reference value :  1.61188e-07
 Reference value :  1.62040e-07
 Reference value :  1.62948e-07
 Reference value :  1.64013e-07
 Reference value :  1.64508e-07
 Reference value :  1.65308e-07
 Reference value :  1.66108e-07
 Reference value :  1.67268e-07
 Reference value :  1.68068e-07
 Reference value :  1.68708e-07
 Reference value :  1.70013e-07
 Reference value :  1.70748e-07
 Reference value :  1.71948e-07
 Reference value :  1.72348e-07
 Reference value :  1.72948e-07
 Reference value :  1.74008e-07
 Reference value :  1.74828e-07
 Reference value :  1.76001e-07
 Reference value :  1.76508e-07
 Reference value :  1.77788e-07
 Reference value :  1.78428e-07
 Reference value :  1.79628e-07
 Reference value :  1.80268e-07
 Reference value :  1.80988e-07
 Reference value :  1.82013e-07
 Reference value :  1.82988e-07
 Reference value :  1.84015e-07
 Reference value :  1.84588e-07
 Reference value :  1.85828e-07
 Reference value :  1.86388e-07
 Reference value :  1.87868e-07
 Reference value :  1.88428e-07
 Reference value :  1.89348e-07
 Reference value :  1.90268e-07
 Reference value :  1.91548e-07
 Reference value :  1.92228e-07
 Reference value :  1.93228e-07
 Reference value :  1.94108e-07
 Reference value :  1.95188e-07
 Reference value :  1.96040e-07
 Reference value :  1.96588e-07
 Reference value :  1.97188e-07
 Reference value :  1.98026e-07
 Reference value :  1.99028e-07
 Reference value :  2.00015e-07
 Reference value :  2.00508e-07
 Reference value :  2.01828e-07
 Reference value :  2.02628e-07
 Reference value :  2.04001e-07
 Reference value :  2.04428e-07
 Reference value :  2.04948e-07
 Reference value :  2.06012e-07
 Reference value :  2.06868e-07
 Reference value :  2.08004e-07
 Reference value :  2.08708e-07
 Reference value :  2.09868e-07
 Reference value :  2.10468e-07
 Reference value :  2.11828e-07
 Reference value :  2.12348e-07
 Reference value :  2.13188e-07
 Reference value :  2.14068e-07
 Reference value :  2.15228e-07
 Reference value :  2.16108e-07
 Reference value :  2.16788e-07
 Reference value :  2.18000e-07
 Reference value :  2.18508e-07
 Reference value :  2.19748e-07
 Reference value :  2.20308e-07
 Reference value :  2.21228e-07
 Reference value :  2.22068e-07
 Reference value :  2.23788e-07
 Reference value :  2.24708e-07
 Reference value :  2.26108e-07
 Reference value :  2.27668e-07
 Reference value :  2.28508e-07
 Reference value :  2.29228e-07
 Reference value :  2.30068e-07
 Reference value :  2.31188e-07
 Reference value :  2.32068e-07
 Reference value :  2.32788e-07
 Reference value :  2.34040e-07
 Reference value :  2.35028e-07
 Reference value :  2.36013e-07
 Reference value :  2.36508e-07
 Reference value :  2.37388e-07
 Reference value :  2.38148e-07
 Reference value :  2.39308e-07
 Reference value :  2.40108e-07
 Reference value :  2.40988e-07
 Reference value :  2.42013e-07
 Reference value :  2.42788e-07
 Reference value :  2.44001e-07
 Reference value :  2.44468e-07
 Reference value :  2.45428e-07
 Reference value :  2.46188e-07
 Reference value :  2.47428e-07
 Reference value :  2.48146e-07
 Reference value :  2.48986e-07
 Reference value :  2.50013e-07
 Reference value :  2.50748e-07
 Reference value :  2.52004e-07
 Reference value :  2.52506e-07
 Reference value :  2.53386e-07
 Reference value :  2.54188e-07
 Reference value :  2.55388e-07
 Reference value :  2.56228e-07
 Reference value :  2.57188e-07
 Reference value :  2.58068e-07
 Reference value :  2.59028e-07
 Reference value :  2.60015e-07
 Reference value :  2.60588e-07
 Reference value :  2.61028e-07
 Reference value :  2.62013e-07
 Reference value :  2.62908e-07
 Reference value :  2.64013e-07
 Reference value :  2.64626e-07
 Reference value :  2.65866e-07
 Reference value :  2.66428e-07
 Reference value :  2.67708e-07
 Reference value :  2.68348e-07
 Reference value :  2.68748e-07
 Reference value :  2.69868e-07
 Reference value :  2.70628e-07
 Reference value :  2.71868e-07
 Reference value :  2.72428e-07
 Reference value :  2.73508e-07
 Reference value :  2.74188e-07
 Reference value :  2.75388e-07
 Reference value :  2.76146e-07
 Reference value :  2.76666e-07
 Reference value :  2.77746e-07
 Reference value :  2.78468e-07
 Reference value :  2.79668e-07
 Reference value :  2.80308e-07
 Reference value :  2.81188e-07
 Reference value :  2.82040e-07
 Reference value :  2.82908e-07
 Reference value :  2.84004e-07
 Reference value :  2.84468e-07
 Reference value :  2.85348e-07
 Reference value :  2.86148e-07
 Reference value :  2.87348e-07
 Reference value :  2.88146e-07
 Reference value :  2.89066e-07
 Reference value :  2.90015e-07
 Reference value :  2.90788e-07
 Reference value :  2.92000e-07
 Reference value :  2.92468e-07
 Reference value :  2.93188e-07
 Reference value :  2.94068e-07
 Reference value :  2.95188e-07
 Reference value :  2.96040e-07
 Reference value :  2.96708e-07
 Reference value :  2.97948e-07
 Reference value :  2.98628e-07
 Reference value :  3.00013e-07
 Reference value :  3.00546e-07
 Reference value :  3.01386e-07
 Reference value :  3.02148e-07
 Reference value :  3.03308e-07
 Reference value :  3.04108e-07
 Reference value :  3.04988e-07
 Reference value :  3.06108e-07
 Reference value :  3.07428e-07
 Reference value :  3.08228e-07
 Reference value :  3.08908e-07
 Reference value :  3.10004e-07
 Reference value :  3.10828e-07
 Reference value :  3.12008e-07
 Reference value :  3.12466e-07
 Reference value :  3.13786e-07
 Reference value :  3.14268e-07
 Reference value :  3.15548e-07
 Reference value :  3.16268e-07
 Reference value :  3.17028e-07
 Reference value :  3.18015e-07
 Reference value :  3.18988e-07
 Reference value :  3.20012e-07
 Reference value :  3.20588e-07
 Reference value :  3.21788e-07
 Reference value :  3.22308e-07
 Reference value :  3.23468e-07
 Reference value :  3.24226e-07
 Reference value :  3.24746e-07
 Reference value :  3.25666e-07
 Reference value :  3.26388e-07
 Reference value :  3.27708e-07
 Reference value :  3.28308e-07
 Reference value :  3.29148e-07
 Reference value :  3.30026e-07
 Reference value :  3.30868e-07
 Reference value :  3.32001e-07
 Reference value :  3.32468e-07
 Reference value :  3.33028e-07
 Reference value :  3.34013e-07
 Reference value :  3.34948e-07
 Reference value :  3.36013e-07
 Reference value :  3.36626e-07
 Reference value :  3.37946e-07
 Reference value :  3.38508e-07
 Reference value :  3.39708e-07
 Reference value :  3.40268e-07
 Reference value :  3.40988e-07
 Reference value :  3.42013e-07
 Reference value :  3.42868e-07
 Reference value :  3.44001e-07
 Reference value :  3.44428e-07
 Reference value :  3.45628e-07
 Reference value :  3.46228e-07
 Reference value :  3.47468e-07
 Reference value :  3.48186e-07
 Reference value :  3.48706e-07
 Reference value :  3.49946e-07
 Reference value :  3.50628e-07
 Reference value :  3.51868e-07
 Reference value :  3.52388e-07
 Reference value :  3.53468e-07
 Reference value :  3.54148e-07
 Reference value :  3.55308e-07
 Reference value :  3.56108e-07
 Reference value :  3.56668e-07
 Reference value :  3.57548e-07
 Reference value :  3.58308e-07
 Reference value :  3.59588e-07
 Reference value :  3.60268e-07
 Reference value :  3.61108e-07
 Reference value :  3.62019e-07
 Reference value :  3.62828e-07
 Reference value :  3.64001e-07
 Reference value :  3.64428e-07
 Reference value :  3.65108e-07
 Reference value :  3.66026e-07
 Reference value :  3.67068e-07
 Reference value :  3.68019e-07
 Reference value :  3.68748e-07
 Reference value :  3.69948e-07
 Reference value :  3.70508e-07
 Reference value :  3.71708e-07
 Reference value :  3.72308e-07
 Reference value :  3.73188e-07
 Reference value :  3.74188e-07
 Reference value :  3.75348e-07
 Reference value :  3.76108e-07
 Reference value :  3.76788e-07
 Reference value :  3.78000e-07
 Reference value :  3.78548e-07
 Reference value :  3.79788e-07
 Reference value :  3.80348e-07
 Reference value :  3.81068e-07
 Reference value :  3.82148e-07
 Reference value :  3.83308e-07
 Reference value :  3.84108e-07
 Reference value :  3.84988e-07
 Reference value :  3.86015e-07
 Reference value :  3.86788e-07
 Reference value :  3.88000e-07
 Reference value :  3.88428e-07
 Reference value :  3.88868e-07
 Reference value :  3.89948e-07
 Reference value :  3.90668e-07
 Reference value :  3.91908e-07
 Reference value :  3.92428e-07
 Reference value :  3.93708e-07
 Reference value :  3.94308e-07
 Reference value :  3.95548e-07
 Reference value :  3.96228e-07
 Reference value :  3.96708e-07
 Reference value :  3.97828e-07
 Reference value :  3.98508e-07
 Reference value :  3.99708e-07
 Reference value :  4.00306e-07
 Reference value :  4.01346e-07
 Reference value :  4.02148e-07
 Reference value :  4.03228e-07
 Reference value :  4.04040e-07
 Reference value :  4.04708e-07
 Reference value :  4.05788e-07
 Reference value :  4.06468e-07
 Reference value :  4.07708e-07
 Reference value :  4.08348e-07
 Reference value :  4.09268e-07
 Reference value :  4.10148e-07
 Reference value :  4.11268e-07
 Reference value :  4.12106e-07
 Reference value :  4.12626e-07
 Reference value :  4.13866e-07
 Reference value :  4.14588e-07
 Reference value :  4.15868e-07
 Reference value :  4.16428e-07
 Reference value :  4.17548e-07
 Reference value :  4.18188e-07
 Reference value :  4.19388e-07
 Reference value :  4.20148e-07
 Reference value :  4.20708e-07
 Reference value :  4.21708e-07
 Reference value :  4.22388e-07
 Reference value :  4.23628e-07
 Reference value :  4.24266e-07
 Reference value :  4.25186e-07
 Reference value :  4.26108e-07
 Reference value :  4.27028e-07
 Reference value :  4.28013e-07
 Reference value :  4.28548e-07
 Reference value :  4.29468e-07
 Reference value :  4.30188e-07
 Reference value :  4.31388e-07
 Reference value :  4.32148e-07
 Reference value :  4.33108e-07
 Reference value :  4.34040e-07
 Reference value :  4.34988e-07
 Reference value :  4.36018e-07
 Reference value :  4.36586e-07
 Reference value :  4.37546e-07
 Reference value :  4.38268e-07
 Reference value :  4.39468e-07
 Reference value :  4.40188e-07
 Reference value :  4.40948e-07
 Reference value :  4.42013e-07
 Reference value :  4.42708e-07
 Reference value :  4.43908e-07
 Reference value :  4.44348e-07
 Reference value :  4.45108e-07
 Reference value :  4.46040e-07
 Reference value :  4.47148e-07
 Reference value :  4.48066e-07
 Reference value :  4.48906e-07
 Reference value :  4.50008e-07
 Reference value :  4.50708e-07
 Reference value :  4.51974e-07
 Reference value :  4.52428e-07
 Reference value :  4.52948e-07
 Reference value :  4.54008e-07
 Reference value :  4.54868e-07
 Reference value :  4.56004e-07
 Reference value :  4.56468e-07
 Reference value :  4.57708e-07
 Reference value :  4.58308e-07
 Reference value :  4.59628e-07
 Reference value :  4.60266e-07
 Reference value :  4.60746e-07
 Reference value :  4.61866e-07
 Reference value :  4.62588e-07
 Reference value :  4.63868e-07
 Reference value :  4.64428e-07
 Reference value :  4.65548e-07
 Reference value :  4.66188e-07
 Reference value :  4.67348e-07
 Reference value :  4.68108e-07
 Reference value :  4.68748e-07
 Reference value :  4.69908e-07
 Reference value :  4.70628e-07
 Reference value :  4.71868e-07
 Reference value :  4.72386e-07
 Reference value :  4.73466e-07
 Reference value :  4.74188e-07
 Reference value :  4.75348e-07
 Reference value :  4.76148e-07
 Reference value :  4.76788e-07
 Reference value :  4.77974e-07
 Reference value :  4.78708e-07
 Reference value :  4.79908e-07
 Reference value :  4.80428e-07
 Reference value :  4.81588e-07
 Reference value :  4.82228e-07
 Reference value :  4.83668e-07
 Reference value :  4.84268e-07
 Reference value :  4.84828e-07
 Reference value :  4.86008e-07
 Reference value :  4.86948e-07
 Reference value :  4.88004e-07
 Reference value :  4.88428e-07
 Reference value :  4.89508e-07
 Reference value :  4.90188e-07
 Reference value :  4.91468e-07
 Reference value :  4.92148e-07
 Reference value :  4.92668e-07
 Reference value :  4.93708e-07
 Reference value :  4.94428e-07
 Reference value :  4.95628e-07
 Reference value :  4.96306e-07
 Reference value :  4.97306e-07
 Reference value :  4.98108e-07
 Reference value :  4.99108e-07
 Reference value :  5.00146e-07
 Reference value :  5.00706e-07
 Reference value :  5.01786e-07
 Reference value :  5.02468e-07
 Reference value :  5.03708e-07
 Reference value :  5.04308e-07
 Reference value :  5.05148e-07
 Reference value :  5.06026e-07
 Reference value :  5.06908e-07
 Reference value :  5.08004e-07
 Reference value :  5.08468e-07
 Reference value :  5.09348e-07
 Reference value :  5.10148e-07
 Reference value :  5.11308e-07
 Reference value :  5.12108e-07
 Reference value :  5.13028e-07
 Reference value :  5.14012e-07
 Reference value :  5.14748e-07
 Reference value :  5.15908e-07
 Reference value :  5.16388e-07
 Reference value :  5.16868e-07
 Reference value :  5.17868e-07
 Reference value :  5.18548e-07
 Reference value :  5.19748e-07
 Reference value :  5.20348e-07
 Reference value :  5.21348e-07
 Reference value :  5.22148e-07
 Reference value :  5.23228e-07
 Reference value :  5.24108e-07
 Reference value :  5.24588e-07
 Reference value :  5.25308e-07
 Reference value :  5.26108e-07
 Reference value :  5.27228e-07
 Reference value :  5.28106e-07
 Reference value :  5.29066e-07
 Reference value :  5.30026e-07
 Reference value :  5.31068e-07
 Reference value :  5.32068e-07
 Reference value :  5.32748e-07
 Reference value :  5.34001e-07
 Reference value :  5.34828e-07
 Reference value :  5.36004e-07
 Reference value :  5.36468e-07
 Reference value :  5.38001e-07
 Reference value :  5.38828e-07
 Reference value :  5.40001e-07
 Reference value :  5.40468e-07
 Reference value :  5.41388e-07
 Reference value :  5.42188e-07
 Reference value :  5.43468e-07
 Reference value :  5.44188e-07
 Reference value :  5.45148e-07
 Reference value :  5.46040e-07
 Reference value :  5.46948e-07
 Reference value :  5.48013e-07
 Reference value :  5.48508e-07
 Reference value :  5.49308e-07
 Reference value :  5.50148e-07
 Reference value :  5.51388e-07
 Reference value :  5.52146e-07
 Reference value :  5.52986e-07
 Reference value :  5.54013e-07
 Reference value :  5.54908e-07
 Reference value :  5.56013e-07
 Reference value :  5.56548e-07
 Reference value :  5.57468e-07
 Reference value :  5.58228e-07
 Reference value :  5.59468e-07
 Reference value :  5.60148e-07
 Reference value :  5.61108e-07
 Reference value :  5.62026e-07
 Reference value :  5.62868e-07
 Reference value :  5.64004e-07
 Reference value :  5.64588e-07
 Reference value :  5.65708e-07
 Reference value :  5.66428e-07
 Reference value :  5.67668e-07
 Reference value :  5.68308e-07
 Reference value :  5.69188e-07
 Reference value :  5.70068e-07
 Reference value :  5.71028e-07
 Reference value :  5.72013e-07
 Reference value :  5.72508e-07
 Reference value :  5.73548e-07
 Reference value :  5.74268e-07
 Reference value :  5.75468e-07
 Reference value :  5.76266e-07
 Reference value :  5.77346e-07
 Reference value :  5.78148e-07
 Reference value :  5.79228e-07
 Reference value :  5.80108e-07
 Reference value :  5.80748e-07
 Reference value :  5.81668e-07
 Reference value :  5.82428e-07
 Reference value :  5.83668e-07
 Reference value :  5.84308e-07
 Reference value :  5.85188e-07
 Reference value :  5.86040e-07
 Reference value :  5.86948e-07
 Reference value :  5.88013e-07
 Reference value :  5.88508e-07
 Reference value :  5.89108e-07
 Reference value :  5.90015e-07
 Reference value :  5.90988e-07
 Reference value :  5.92013e-07
 Reference value :  5.92628e-07
 Reference value :  5.93868e-07
 Reference value :  5.94348e-07
 Reference value :  5.95588e-07
 Reference value :  5.96268e-07
 Reference value :  5.96908e-07
 Reference value :  5.98001e-07
 Reference value :  5.98908e-07
 Reference value :  6.00004e-07
 Reference value :  6.00466e-07
 Reference value :  6.01626e-07
 Reference value :  6.02228e-07
 Reference value :  6.03908e-07
 Reference value :  6.04628e-07
 Reference value :  6.06013e-07
 Reference value :  6.07428e-07
 Reference value :  6.08468e-07
 Reference value :  6.10001e-07
 Reference value :  6.10588e-07
 Reference value :  6.11788e-07
 Reference value :  6.12308e-07
 Reference value :  6.12828e-07
 Reference value :  6.14000e-07
 Reference value :  6.14748e-07
 Reference value :  6.15974e-07
 Reference value :  6.16428e-07
 Reference value :  6.17548e-07
 Reference value :  6.18188e-07
 Reference value :  6.19308e-07
 Reference value :  6.20108e-07
 Reference value :  6.20708e-07
 Reference value :  6.21908e-07
 Reference value :  6.22748e-07
 Reference value :  6.24004e-07
 Reference value :  6.24786e-07
 Reference value :  6.26019e-07
 Reference value :  6.26948e-07
 Reference value :  6.28008e-07
 Reference value :  6.28508e-07
 Reference value :  6.29468e-07
 Reference value :  6.30228e-07
 Reference value :  6.31508e-07
 Reference value :  6.32228e-07
 Reference value :  6.32988e-07
 Reference value :  6.34013e-07
 Reference value :  6.34668e-07
 Reference value :  6.35868e-07
 Reference value :  6.36348e-07
 Reference value :  6.37108e-07
 Reference value :  6.38026e-07
 Reference value :  6.39068e-07
 Reference value :  6.40015e-07
 Reference value :  6.40748e-07
 Reference value :  6.41948e-07
 Reference value :  6.42468e-07
 Reference value :  6.43788e-07
 Reference value :  6.44348e-07
 Reference value :  6.44828e-07
 Reference value :  6.45788e-07
 Reference value :  6.46428e-07
 Reference value :  6.47668e-07
 Reference value :  6.48306e-07
 Reference value :  6.49306e-07
 Reference value :  6.50108e-07
 Reference value :  6.51108e-07
 Reference value :  6.52068e-07
 Reference value :  6.52628e-07
 Reference value :  6.53708e-07
 Reference value :  6.54388e-07
 Reference value :  6.55588e-07
 Reference value :  6.56228e-07
 Reference value :  6.57148e-07
 Reference value :  6.58026e-07
 Reference value :  6.58948e-07
 Reference value :  6.60013e-07
 Reference value :  6.60508e-07
 Reference value :  6.61508e-07
 Reference value :  6.62268e-07
 Reference value :  6.63468e-07
 Reference value :  6.64188e-07
 Reference value :  6.64948e-07
 Reference value :  6.66013e-07
 Reference value :  6.66788e-07
 Reference value :  6.68000e-07
 Reference value :  6.68428e-07
 Reference value :  6.69468e-07
 Reference value :  6.70268e-07
 Reference value :  6.71588e-07
 Reference value :  6.72346e-07
 Reference value :  6.73506e-07
 Reference value :  6.74188e-07
 Reference value :  6.75388e-07
 Reference value :  6.76148e-07
 Reference value :  6.76788e-07
 Reference value :  6.77948e-07
 Reference value :  6.78628e-07
 Reference value :  6.79974e-07
 Reference value :  6.80428e-07
 Reference value :  6.81588e-07
 Reference value :  6.82228e-07
 Reference value :  6.83508e-07
 Reference value :  6.84348e-07
 Reference value :  6.85068e-07
 Reference value :  6.86040e-07
 Reference value :  6.87228e-07
 Reference value :  6.88108e-07
 Reference value :  6.89108e-07
 Reference value :  6.90108e-07
 Reference value :  6.91148e-07
 Reference value :  6.92026e-07
 Reference value :  6.92628e-07
 Reference value :  6.93628e-07
 Reference value :  6.94308e-07
 Reference value :  6.95548e-07
 Reference value :  6.96266e-07
 Reference value :  6.97226e-07
 Reference value :  6.98068e-07
 Reference value :  6.99028e-07
 Reference value :  7.00013e-07
 Reference value :  7.00548e-07
 Reference value :  7.01548e-07
 Reference value :  7.02268e-07
 Reference value :  7.03468e-07
 Reference value :  7.04228e-07
 Reference value :  7.05228e-07
 Reference value :  7.06068e-07
 Reference value :  7.06988e-07
 Reference value :  7.08013e-07
 Reference value :  7.08548e-07
 Reference value :  7.09188e-07
 Reference value :  7.10040e-07
 Reference value :  7.11148e-07
 Reference value :  7.12026e-07
 Reference value :  7.12628e-07
 Reference value :  7.13908e-07
 Reference value :  7.14428e-07
 Reference value :  7.15668e-07
 Reference value :  7.16308e-07
 Reference value :  7.16788e-07
 Reference value :  7.17908e-07
 Reference value :  7.18628e-07
 Reference value :  7.19868e-07
 Reference value :  7.20388e-07
 Reference value :  7.21468e-07
 Reference value :  7.22148e-07
 Reference value :  7.23148e-07
 Reference value :  7.24019e-07
 Reference value :  7.24548e-07
 Reference value :  7.25508e-07
 Reference value :  7.26188e-07
 Reference value :  7.27348e-07
 Reference value :  7.28108e-07
 Reference value :  7.28748e-07
 Reference value :  7.29948e-07
 Reference value :  7.30428e-07
 Reference value :  7.31628e-07
 Reference value :  7.32228e-07
 Reference value :  7.32788e-07
 Reference value :  7.34001e-07
 Reference value :  7.34788e-07
 Reference value :  7.35974e-07
 Reference value :  7.36468e-07
 Reference value :  7.37708e-07
 Reference value :  7.38228e-07
 Reference value :  7.39548e-07
 Reference value :  7.40348e-07
 Reference value :  7.41068e-07
 Reference value :  7.42019e-07
 Reference value :  7.43028e-07
 Reference value :  7.44013e-07
 Reference value :  7.44508e-07
 Reference value :  7.45708e-07
 Reference value :  7.46268e-07
 Reference value :  7.47468e-07
 Reference value :  7.48188e-07
 Reference value :  7.48748e-07
 Reference value :  7.49908e-07
 Reference value :  7.50628e-07
 Reference value :  7.51828e-07
 Reference value :  7.52388e-07
 Reference value :  7.53428e-07
 Reference value :  7.54148e-07
 Reference value :  7.55228e-07
 Reference value :  7.56040e-07
 Reference value :  7.56668e-07
 Reference value :  7.57868e-07
 Reference value :  7.58628e-07
 Reference value :  7.59828e-07
 Reference value :  7.60388e-07
 Reference value :  7.61308e-07
 Reference value :  7.62228e-07
 Reference value :  7.63668e-07
 Reference value :  7.64268e-07
 Reference value :  7.64868e-07
 Reference value :  7.66004e-07
 Reference value :  7.66828e-07
 Reference value :  7.68001e-07
 Reference value :  7.68508e-07
 Reference value :  7.69748e-07
 Reference value :  7.70268e-07
 Reference value :  7.71548e-07
 Reference value :  7.72228e-07
 Reference value :  7.72748e-07
 Reference value :  7.73548e-07
 Reference value :  7.74308e-07
 Reference value :  7.75508e-07
 Reference value :  7.76228e-07
 Reference value :  7.77148e-07
 Reference value :  7.78040e-07
 Reference value :  7.78948e-07
 Reference value :  7.80013e-07
 Reference value :  7.80508e-07
 Reference value :  7.80988e-07
 Reference value :  7.82015e-07
 Reference value :  7.82988e-07
 Reference value :  7.84013e-07
 Reference value :  7.84628e-07
 Reference value :  7.85908e-07
 Reference value :  7.86468e-07
 Reference value :  7.87788e-07
 Reference value :  7.88348e-07
 Reference value :  7.89068e-07
 Reference value :  7.90026e-07
 Reference value :  7.91108e-07
 Reference value :  7.92026e-07
 Reference value :  7.92628e-07
 Reference value :  7.93868e-07
 Reference value :  7.94428e-07
 Reference value :  7.95668e-07
 Reference value :  7.96306e-07
 Reference value :  7.96906e-07
 Reference value :  7.98004e-07
 Reference value :  7.98868e-07
 Reference value :  8.00004e-07
 Reference value :  8.00588e-07
 Reference value :  8.01828e-07
 Reference value :  8.02388e-07
 Reference value :  8.03628e-07
 Reference value :  8.04268e-07
 Reference value :  8.04828e-07
 Reference value :  8.05974e-07
 Reference value :  8.06708e-07
 Reference value :  8.07974e-07
 Reference value :  8.08428e-07
 Reference value :  8.09548e-07
 Reference value :  8.10188e-07
 Reference value :  8.11348e-07
 Reference value :  8.12108e-07
 Reference value :  8.12668e-07
 Reference value :  8.13668e-07
 Reference value :  8.14388e-07
 Reference value :  8.15628e-07
 Reference value :  8.16308e-07
 Reference value :  8.17348e-07
 Reference value :  8.18148e-07
 Reference value :  8.19268e-07
 Reference value :  8.20146e-07
 Reference value :  8.20746e-07
 Reference value :  8.21906e-07
 Reference value :  8.22588e-07
 Reference value :  8.23828e-07
 Reference value :  8.24388e-07
 Reference value :  8.25388e-07
 Reference value :  8.26148e-07
 Reference value :  8.27228e-07
 Reference value :  8.28068e-07
 Reference value :  8.28748e-07
 Reference value :  8.29974e-07
 Reference value :  8.30748e-07
 Reference value :  8.31974e-07
 Reference value :  8.32468e-07
 Reference value :  8.33668e-07
 Reference value :  8.34188e-07
 Reference value :  8.35388e-07
 Reference value :  8.36148e-07
 Reference value :  8.36708e-07
 Reference value :  8.37468e-07
 Reference value :  8.38228e-07
 Reference value :  8.39428e-07
 Reference value :  8.40148e-07
 Reference value :  8.40908e-07
 Reference value :  8.42008e-07
 Reference value :  8.42708e-07
 Reference value :  8.43948e-07
 Reference value :  8.44426e-07
 Reference value :  8.44906e-07
 Reference value :  8.46004e-07
 Reference value :  8.46828e-07
 Reference value :  8.48000e-07
 Reference value :  8.48468e-07
 Reference value :  8.49668e-07
 Reference value :  8.50228e-07
 Reference value :  8.51468e-07
 Reference value :  8.52188e-07
 Reference value :  8.52788e-07
 Reference value :  8.53974e-07
 Reference value :  8.54708e-07
 Reference value :  8.56000e-07
 Reference value :  8.56468e-07
 Reference value :  8.57868e-07
 Reference value :  8.58508e-07
 Reference value :  8.59788e-07
 Reference value :  8.60348e-07
 Reference value :  8.61108e-07
 Reference value :  8.62026e-07
 Reference value :  8.63108e-07
 Reference value :  8.64026e-07
 Reference value :  8.64828e-07
 Reference value :  8.66000e-07
 Reference value :  8.66548e-07
 Reference value :  8.67748e-07
 Reference value :  8.68346e-07
 Reference value :  8.68906e-07
 Reference value :  8.70008e-07
 Reference value :  8.70868e-07
 Reference value :  8.72001e-07
 Reference value :  8.72428e-07
 Reference value :  8.73508e-07
 Reference value :  8.74188e-07
 Reference value :  8.75388e-07
 Reference value :  8.76148e-07
 Reference value :  8.76668e-07
 Reference value :  8.77708e-07
 Reference value :  8.78428e-07
 Reference value :  8.79668e-07
 Reference value :  8.80308e-07
 Reference value :  8.81308e-07
 Reference value :  8.82108e-07
 Reference value :  8.83108e-07
 Reference value :  8.84026e-07
 Reference value :  8.84628e-07
 Reference value :  8.85668e-07
 Reference value :  8.86388e-07
 Reference value :  8.87628e-07
 Reference value :  8.88268e-07
 Reference value :  8.89068e-07
 Reference value :  8.90019e-07
 Reference value :  8.90868e-07
 Reference value :  8.92008e-07
 Reference value :  8.92506e-07
 Reference value :  8.93386e-07
 Reference value :  8.94148e-07
 Reference value :  8.95348e-07
 Reference value :  8.96108e-07
 Reference value :  8.96988e-07
 Reference value :  8.98013e-07
 Reference value :  8.98748e-07
 Reference value :  8.99974e-07
 Reference value :  9.00428e-07
 Reference value :  9.00868e-07
 Reference value :  9.01908e-07
 Reference value :  9.02628e-07
 Reference value :  9.03908e-07
 Reference value :  9.04428e-07
 Reference value :  9.05548e-07
 Reference value :  9.06188e-07
 Reference value :  9.07388e-07
 Reference value :  9.08148e-07
 Reference value :  9.08668e-07
 Reference value :  9.09748e-07
 Reference value :  9.10508e-07
 Reference value :  9.11788e-07
 Reference value :  9.12388e-07
 Reference value :  9.13508e-07
 Reference value :  9.14188e-07
 Reference value :  9.15348e-07
 Reference value :  9.16186e-07
 Reference value :  9.16786e-07
 Reference value :  9.18000e-07
 Reference value :  9.18748e-07
 Reference value :  9.19974e-07
 Reference value :  9.20428e-07
 Reference value :  9.21588e-07
 Reference value :  9.22228e-07
 Reference value :  9.23468e-07
 Reference value :  9.24228e-07
 Reference value :  9.24868e-07
 Reference value :  9.26008e-07
 Reference value :  9.26868e-07
 Reference value :  9.28004e-07
 Reference value :  9.28548e-07
 Reference value :  9.29788e-07
 Reference value :  9.30348e-07
 Reference value :  9.31588e-07
 Reference value :  9.32228e-07
 Reference value :  9.32788e-07
 Reference value :  9.33908e-07
 Reference value :  9.34628e-07
 Reference value :  9.35908e-07
 Reference value :  9.36428e-07
 Reference value :  9.37548e-07
 Reference value :  9.38188e-07
 Reference value :  9.39348e-07
 Reference value :  9.40146e-07
 Reference value :  9.40706e-07
 Reference value :  9.41786e-07
 Reference value :  9.42508e-07
 Reference value :  9.43748e-07
 Reference value :  9.44348e-07
 Reference value :  9.45428e-07
 Reference value :  9.46148e-07
 Reference value :  9.47268e-07
 Reference value :  9.48108e-07
 Reference value :  9.48788e-07
 Reference value :  9.49974e-07
 Reference value :  9.50828e-07
 Reference value :  9.52004e-07
 Reference value :  9.52468e-07
 Reference value :  9.53668e-07
 Reference value :  9.54228e-07
 Reference value :  9.55508e-07
 Reference value :  9.56228e-07
 Reference value :  9.56828e-07
 Reference value :  9.58001e-07
 Reference value :  9.58828e-07
 Reference value :  9.60000e-07
 Reference value :  9.60468e-07
 Reference value :  9.61708e-07
 Reference value :  9.62308e-07
 Reference value :  9.63548e-07
 Reference value :  9.64228e-07
 Reference value :  9.64788e-07
 Reference value :  9.65748e-07
 Reference value :  9.66468e-07
 Reference value :  9.67708e-07
 Reference value :  9.68308e-07
 Reference value :  9.69228e-07
 Reference value :  9.70068e-07
 Reference value :  9.71028e-07
 Reference value :  9.72015e-07
 Reference value :  9.72548e-07
 Reference value :  9.73228e-07
 Reference value :  9.74068e-07
 Reference value :  9.75228e-07
 Reference value :  9.76068e-07
 Reference value :  9.76948e-07
 Reference value :  9.78013e-07
 Reference value :  9.78708e-07
 Reference value :  9.79948e-07
 Reference value :  9.80388e-07
 Reference value :  9.81228e-07
 Reference value :  9.82068e-07
 Reference value :  9.83188e-07
 Reference value :  9.84040e-07
 Reference value :  9.84748e-07
 Reference value :  9.85974e-07
 Reference value :  9.86548e-07
 Reference value :  9.87788e-07
 Reference value :  9.88348e-07
 Reference value :  9.89108e-07
 Reference value :  9.90019e-07
 Reference value :  9.91028e-07
 Reference value :  9.92013e-07
 Reference value :  9.92668e-07
 Reference value :  9.93908e-07
 Reference value :  9.94428e-07
 Reference value :  9.95748e-07
 Reference value :  9.96308e-07
 Reference value :  9.96868e-07
 Reference value :  9.98000e-07
 Reference value :  9.98708e-07
 Reference value :  9.99908e-07
 Reference value :  1.00039e-06
 Reference value :  1.00139e-06
 Reference value :  1.00215e-06
 Reference value :  1.00323e-06
 Reference value :  1.00407e-06
 Reference value :  1.00463e-06
 Reference value :  1.00559e-06
 Reference value :  1.00627e-06
 Reference value :  1.00751e-06
 Reference value :  1.00823e-06
 Reference value :  1.00919e-06
 Reference value :  1.01004e-06
 Reference value :  1.01091e-06
 Reference value :  1.01201e-06
 Reference value :  1.01251e-06
 Reference value :  1.01351e-06
 Reference value :  1.01427e-06
 Reference value :  1.01551e-06
 Reference value :  1.01623e-06
 Reference value :  1.01703e-06
 Reference value :  1.01802e-06
 Reference value :  1.01883e-06
 Reference value :  1.02000e-06
 Reference value :  1.02047e-06
 Reference value :  1.02135e-06
 Reference value :  1.02215e-06
 Reference value :  1.02339e-06
 Reference value :  1.02415e-06
 Reference value :  1.02507e-06
 Reference value :  1.02602e-06
 Reference value :  1.02695e-06
 Reference value :  1.02801e-06
 Reference value :  1.02855e-06
 Reference value :  1.02907e-06
 Reference value :  1.03011e-06
 Reference value :  1.03187e-06
 Reference value :  1.03279e-06
 Reference value :  1.03411e-06
 Reference value :  1.03571e-06
 Reference value :  1.03651e-06
 Reference value :  1.03711e-06
 Reference value :  1.03803e-06
 Reference value :  1.03911e-06
 Reference value :  1.04002e-06
 Reference value :  1.04075e-06
 Reference value :  1.04197e-06
 Reference value :  1.04255e-06
 Reference value :  1.04379e-06
 Reference value :  1.04435e-06
 Reference value :  1.04511e-06
 Reference value :  1.04603e-06
 Reference value :  1.04707e-06
 Reference value :  1.04802e-06
 Reference value :  1.04855e-06
 Reference value :  1.04983e-06
 Reference value :  1.05035e-06
 Reference value :  1.05159e-06
 Reference value :  1.05227e-06
 Reference value :  1.05315e-06
 Reference value :  1.05431e-06
 Reference value :  1.05575e-06
 Reference value :  1.05635e-06
 Reference value :  1.05739e-06
 Reference value :  1.05815e-06
 Reference value :  1.05931e-06
 Reference value :  1.06011e-06
 Reference value :  1.06071e-06
 Reference value :  1.06171e-06
 Reference value :  1.06243e-06
 Reference value :  1.06371e-06
 Reference value :  1.06435e-06
 Reference value :  1.06523e-06
 Reference value :  1.06607e-06
 Reference value :  1.06699e-06
 Reference value :  1.06801e-06
 Reference value :  1.06851e-06
 Reference value :  1.06939e-06
 Reference value :  1.07019e-06
 Reference value :  1.07143e-06
 Reference value :  1.07215e-06
 Reference value :  1.07307e-06
 Reference value :  1.07402e-06
 Reference value :  1.07483e-06
 Reference value :  1.07600e-06
 Reference value :  1.07647e-06
 Reference value :  1.07735e-06
 Reference value :  1.07815e-06
 Reference value :  1.07931e-06
 Reference value :  1.08011e-06
 Reference value :  1.08087e-06
 Reference value :  1.08200e-06
 Reference value :  1.08259e-06
 Reference value :  1.08383e-06
 Reference value :  1.08435e-06
 Reference value :  1.08515e-06
 Reference value :  1.08604e-06
 Reference value :  1.08715e-06
 Reference value :  1.08803e-06
 Reference value :  1.08879e-06
 Reference value :  1.09000e-06
 Reference value :  1.09063e-06
 Reference value :  1.09187e-06
 Reference value :  1.09235e-06
 Reference value :  1.09287e-06
 Reference value :  1.09400e-06
 Reference value :  1.09475e-06
 Reference value :  1.09595e-06
 Reference value :  1.09643e-06
 Reference value :  1.09755e-06
 Reference value :  1.09823e-06
 Reference value :  1.09947e-06
 Reference value :  1.10019e-06
 Reference value :  1.10071e-06
 Reference value :  1.10171e-06
 Reference value :  1.10239e-06
 Reference value :  1.10363e-06
 Reference value :  1.10431e-06
 Reference value :  1.10543e-06
 Reference value :  1.10615e-06
 Reference value :  1.10731e-06
 Reference value :  1.10811e-06
 Reference value :  1.10875e-06
 Reference value :  1.10997e-06
 Reference value :  1.11079e-06
 Reference value :  1.11200e-06
 Reference value :  1.11243e-06
 Reference value :  1.11355e-06
 Reference value :  1.11423e-06
 Reference value :  1.11551e-06
 Reference value :  1.11623e-06
 Reference value :  1.11687e-06
 Reference value :  1.11801e-06
 Reference value :  1.11887e-06
 Reference value :  1.12001e-06
 Reference value :  1.12059e-06
 Reference value :  1.12179e-06
 Reference value :  1.12239e-06
 Reference value :  1.12363e-06
 Reference value :  1.12423e-06
 Reference value :  1.12479e-06
 Reference value :  1.12595e-06
 Reference value :  1.12667e-06
 Reference value :  1.12795e-06
 Reference value :  1.12843e-06
 Reference value :  1.12959e-06
 Reference value :  1.13023e-06
 Reference value :  1.13155e-06
 Reference value :  1.13227e-06
 Reference value :  1.13287e-06
 Reference value :  1.13401e-06
 Reference value :  1.13503e-06
 Reference value :  1.13603e-06
 Reference value :  1.13687e-06
 Reference value :  1.13801e-06
 Reference value :  1.13883e-06
 Reference value :  1.14000e-06
 Reference value :  1.14047e-06
 Reference value :  1.14139e-06
 Reference value :  1.14219e-06
 Reference value :  1.14339e-06
 Reference value :  1.14415e-06
 Reference value :  1.14491e-06
 Reference value :  1.14601e-06
 Reference value :  1.14667e-06
 Reference value :  1.14795e-06
 Reference value :  1.14847e-06
 Reference value :  1.14951e-06
 Reference value :  1.15043e-06
 Reference value :  1.15179e-06
 Reference value :  1.15247e-06
 Reference value :  1.15383e-06
 Reference value :  1.15451e-06
 Reference value :  1.15595e-06
 Reference value :  1.15643e-06
 Reference value :  1.15695e-06
 Reference value :  1.15800e-06
 Reference value :  1.15887e-06
 Reference value :  1.16000e-06
 Reference value :  1.16047e-06
 Reference value :  1.16167e-06
 Reference value :  1.16223e-06
 Reference value :  1.16347e-06
 Reference value :  1.16423e-06
 Reference value :  1.16479e-06
 Reference value :  1.16601e-06
 Reference value :  1.16699e-06
 Reference value :  1.16802e-06
 Reference value :  1.16887e-06
 Reference value :  1.17002e-06
 Reference value :  1.17099e-06
 Reference value :  1.17204e-06
 Reference value :  1.17271e-06
 Reference value :  1.17387e-06
 Reference value :  1.17463e-06
 Reference value :  1.17595e-06
 Reference value :  1.17643e-06
 Reference value :  1.17751e-06
 Reference value :  1.17819e-06
 Reference value :  1.17951e-06
 Reference value :  1.18019e-06
 Reference value :  1.18075e-06
 Reference value :  1.18197e-06
 Reference value :  1.18271e-06
 Reference value :  1.18397e-06
 Reference value :  1.18447e-06
 Reference value :  1.18583e-06
 Reference value :  1.18647e-06
 Reference value :  1.18771e-06
 Reference value :  1.18831e-06
 Reference value :  1.18887e-06
 Reference value :  1.19000e-06
 Reference value :  1.19087e-06
 Reference value :  1.19200e-06
 Reference value :  1.19243e-06
 Reference value :  1.19355e-06
 Reference value :  1.19419e-06
 Reference value :  1.19539e-06
 Reference value :  1.19619e-06
 Reference value :  1.19675e-06
 Reference value :  1.19791e-06
 Reference value :  1.19867e-06
 Reference value :  1.20000e-06
 Reference value :  1.20055e-06
 Reference value :  1.20191e-06
 Reference value :  1.20251e-06
 Reference value :  1.20387e-06
 Reference value :  1.20443e-06
 Reference value :  1.20547e-06
 Reference value :  1.20627e-06
 Reference value :  1.20747e-06
 Reference value :  1.20819e-06
 Reference value :  1.20891e-06
 Reference value :  1.21001e-06
 Reference value :  1.21071e-06
 Reference value :  1.21195e-06
 Reference value :  1.21239e-06
 Reference value :  1.21327e-06
 Reference value :  1.21415e-06
 Reference value :  1.21551e-06
 Reference value :  1.21631e-06
 Reference value :  1.21743e-06
 Reference value :  1.21823e-06
 Reference value :  1.21967e-06
 Reference value :  1.22035e-06
 Reference value :  1.22095e-06
 Reference value :  1.22204e-06
 Reference value :  1.22327e-06
 Reference value :  1.22411e-06
 Reference value :  1.22487e-06
 Reference value :  1.22600e-06
 Reference value :  1.22659e-06
 Reference value :  1.22791e-06
 Reference value :  1.22839e-06
 Reference value :  1.22887e-06
 Reference value :  1.23000e-06
 Reference value :  1.23079e-06
 Reference value :  1.23200e-06
 Reference value :  1.23279e-06
 Reference value :  1.23400e-06
 Reference value :  1.23479e-06
 Reference value :  1.23600e-06
 Reference value :  1.23651e-06
 Reference value :  1.23763e-06
 Reference value :  1.23843e-06
 Reference value :  1.23979e-06
 Reference value :  1.24039e-06
 Reference value :  1.24147e-06
 Reference value :  1.24219e-06
 Reference value :  1.24339e-06
 Reference value :  1.24411e-06
 Reference value :  1.24467e-06
 Reference value :  1.24587e-06
 Reference value :  1.24663e-06
 Reference value :  1.24787e-06
 Reference value :  1.24847e-06
 Reference value :  1.24967e-06
 Reference value :  1.25023e-06
 Reference value :  1.25147e-06
 Reference value :  1.25219e-06
 Reference value :  1.25275e-06
 Reference value :  1.25391e-06
 Reference value :  1.25463e-06
 Reference value :  1.25587e-06
 Reference value :  1.25643e-06
 Reference value :  1.25767e-06
 Reference value :  1.25827e-06
 Reference value :  1.25955e-06
 Reference value :  1.26023e-06
 Reference value :  1.26075e-06
 Reference value :  1.26183e-06
 Reference value :  1.26251e-06
 Reference value :  1.26375e-06
 Reference value :  1.26435e-06
 Reference value :  1.26547e-06
 Reference value :  1.26619e-06
 Reference value :  1.26739e-06
 Reference value :  1.26815e-06
 Reference value :  1.26879e-06
 Reference value :  1.27000e-06
 Reference value :  1.27075e-06
 Reference value :  1.27200e-06
 Reference value :  1.27243e-06
 Reference value :  1.27351e-06
 Reference value :  1.27419e-06
 Reference value :  1.27535e-06
 Reference value :  1.27627e-06
 Reference value :  1.27703e-06
 Reference value :  1.27804e-06
 Reference value :  1.27927e-06
 Reference value :  1.28019e-06
 Reference value :  1.28119e-06
 Reference value :  1.28211e-06
 Reference value :  1.28319e-06
 Reference value :  1.28411e-06
 Reference value :  1.28471e-06
 Reference value :  1.28539e-06
 Reference value :  1.28619e-06
 Reference value :  1.28743e-06
 Reference value :  1.28819e-06
 Reference value :  1.28911e-06
 Reference value :  1.29003e-06
 Reference value :  1.29099e-06
 Reference value :  1.29201e-06
 Reference value :  1.29251e-06
 Reference value :  1.29303e-06
 Reference value :  1.29404e-06
 Reference value :  1.29519e-06
 Reference value :  1.29611e-06
 Reference value :  1.29719e-06
 Reference value :  1.29815e-06
 Reference value :  1.29939e-06
 Reference value :  1.30023e-06
 Reference value :  1.30095e-06
 Reference value :  1.30202e-06
 Reference value :  1.30299e-06
 Reference value :  1.30401e-06
 Reference value :  1.30455e-06
 Reference value :  1.30583e-06
 Reference value :  1.30659e-06
 Reference value :  1.30797e-06
 Reference value :  1.30851e-06
 Reference value :  1.30951e-06
 Reference value :  1.31035e-06
 Reference value :  1.31159e-06
 Reference value :  1.31227e-06
 Reference value :  1.31343e-06
 Reference value :  1.31419e-06
 Reference value :  1.31551e-06
 Reference value :  1.31627e-06
 Reference value :  1.31691e-06
 Reference value :  1.31802e-06
 Reference value :  1.31923e-06
 Reference value :  1.32011e-06
 Reference value :  1.32091e-06
 Reference value :  1.32201e-06
 Reference value :  1.32271e-06
 Reference value :  1.32391e-06
 Reference value :  1.32439e-06
 Reference value :  1.32507e-06
 Reference value :  1.32602e-06
 Reference value :  1.32715e-06
 Reference value :  1.32804e-06
 Reference value :  1.32887e-06
 Reference value :  1.33000e-06
 Reference value :  1.33087e-06
 Reference value :  1.33201e-06
 Reference value :  1.33259e-06
 Reference value :  1.33371e-06
 Reference value :  1.33455e-06
 Reference value :  1.33595e-06
 Reference value :  1.33643e-06
 Reference value :  1.33767e-06
 Reference value :  1.33823e-06
 Reference value :  1.33951e-06
 Reference value :  1.34019e-06
 Reference value :  1.34091e-06
 Reference value :  1.34201e-06
 Reference value :  1.34295e-06
 Reference value :  1.34402e-06
 Reference value :  1.34475e-06
 Reference value :  1.34602e-06
 Reference value :  1.34695e-06
 Reference value :  1.34802e-06
 Reference value :  1.34867e-06
 Reference value :  1.34955e-06
 Reference value :  1.35043e-06
 Reference value :  1.35175e-06
 Reference value :  1.35239e-06
 Reference value :  1.35347e-06
 Reference value :  1.35415e-06
 Reference value :  1.35519e-06
 Reference value :  1.35607e-06
 Reference value :  1.35663e-06
 Reference value :  1.35743e-06
 Reference value :  1.35819e-06
 Reference value :  1.35939e-06
 Reference value :  1.36015e-06
 Reference value :  1.36127e-06
 Reference value :  1.36215e-06
 Reference value :  1.36335e-06
 Reference value :  1.36419e-06
 Reference value :  1.36487e-06
 Reference value :  1.36601e-06
 Reference value :  1.36707e-06
 Reference value :  1.36804e-06
 Reference value :  1.36871e-06
 Reference value :  1.36995e-06
 Reference value :  1.37051e-06
 Reference value :  1.37171e-06
 Reference value :  1.37227e-06
 Reference value :  1.37291e-06
 Reference value :  1.37401e-06
 Reference value :  1.37507e-06
 Reference value :  1.37604e-06
 Reference value :  1.37695e-06
 Reference value :  1.37802e-06
 Reference value :  1.37895e-06
 Reference value :  1.38001e-06
 Reference value :  1.38063e-06
 Reference value :  1.38159e-06
 Reference value :  1.38227e-06
 Reference value :  1.38351e-06
 Reference value :  1.38435e-06
 Reference value :  1.38527e-06
 Reference value :  1.38607e-06
 Reference value :  1.38723e-06
 Reference value :  1.38823e-06
 Reference value :  1.38911e-06
 Reference value :  1.39015e-06
 Reference value :  1.39159e-06
 Reference value :  1.39235e-06
 Reference value :  1.39367e-06
 Reference value :  1.39467e-06
 Reference value :  1.39601e-06
 Reference value :  1.39671e-06
 Reference value :  1.39800e-06
 Reference value :  1.39907e-06
 Reference value :  1.40015e-06
 Reference value :  1.40115e-06
 Reference value :  1.40207e-06
 Reference value :  1.40319e-06
 Reference value :  1.40435e-06
 Reference value :  1.40575e-06
 Reference value :  1.40715e-06
 Reference value :  1.40839e-06
 Reference value :  1.41001e-06
 Reference value :  1.41139e-06
 Reference value :  1.41247e-06
 Reference value :  1.41323e-06
 Reference value :  1.41419e-06
 Reference value :  1.41539e-06
 Reference value :  1.41615e-06
 Reference value :  1.41691e-06
 Reference value :  1.41801e-06
 Reference value :  1.41871e-06
 Reference value :  1.42000e-06
 Reference value :  1.42047e-06
 Reference value :  1.42123e-06
 Reference value :  1.42211e-06
 Reference value :  1.42331e-06
 Reference value :  1.42415e-06
 Reference value :  1.42523e-06
 Reference value :  1.42615e-06
 Reference value :  1.42743e-06
 Reference value :  1.42827e-06
 Reference value :  1.42919e-06
 Reference value :  1.43019e-06
 Reference value :  1.43163e-06
 Reference value :  1.43243e-06
 Reference value :  1.43375e-06
 Reference value :  1.43435e-06
 Reference value :  1.43563e-06
 Reference value :  1.43635e-06
 Reference value :  1.43775e-06
 Reference value :  1.43919e-06
 Reference value :  1.44043e-06
 Reference value :  1.44200e-06
 Reference value :  1.44259e-06
 Reference value :  1.44375e-06
 Reference value :  1.44435e-06
 Reference value :  1.44491e-06
 Reference value :  1.44600e-06
 Reference value :  1.44691e-06
 Reference value :  1.44801e-06
 Reference value :  1.44859e-06
 Reference value :  1.44991e-06
 Reference value :  1.45051e-06
 Reference value :  1.45187e-06
 Reference value :  1.45247e-06
 Reference value :  1.45343e-06
 Reference value :  1.45439e-06
 Reference value :  1.45583e-06
 Reference value :  1.45651e-06
 Reference value :  1.45800e-06
 Reference value :  1.45879e-06
 Reference value :  1.46001e-06
 Reference value :  1.46071e-06
 Reference value :  1.46195e-06
 Reference value :  1.46275e-06
 Reference value :  1.46400e-06
 Reference value :  1.46471e-06
 Reference value :  1.46611e-06
 Reference value :  1.46779e-06
 Reference value :  1.46863e-06
 Reference value :  1.46991e-06
 Reference value :  1.47107e-06
 Reference value :  1.47235e-06
 Reference value :  1.47397e-06
 Reference value :  1.47503e-06
 Reference value :  1.47623e-06
 Reference value :  1.47703e-06
 Reference value :  1.47803e-06
 Reference value :  1.47919e-06
 Reference value :  1.48007e-06
 Reference value :  1.48083e-06
 Reference value :  1.48201e-06
 Reference value :  1.48287e-06
 Reference value :  1.48401e-06
 Reference value :  1.48455e-06
 Reference value :  1.48539e-06
 Reference value :  1.48623e-06
 Reference value :  1.48747e-06
 Reference value :  1.48819e-06
 Reference value :  1.48911e-06
 Reference value :  1.49004e-06
 Reference value :  1.49091e-06
 Reference value :  1.49201e-06
 Reference value :  1.49251e-06
 Reference value :  1.49347e-06
 Reference value :  1.49439e-06
 Reference value :  1.49597e-06
 Reference value :  1.49647e-06
 Reference value :  1.49779e-06
 Reference value :  1.49847e-06
 Reference value :  1.49983e-06
 Reference value :  1.50039e-06
 Reference value :  1.50127e-06
 Reference value :  1.50219e-06
 Reference value :  1.50351e-06
 Reference value :  1.50431e-06
 Reference value :  1.50551e-06
 Reference value :  1.50623e-06
 Reference value :  1.50751e-06
 Reference value :  1.50819e-06
 Reference value :  1.50871e-06
 Reference value :  1.50971e-06
 Reference value :  1.51043e-06
 Reference value :  1.51167e-06
 Reference value :  1.51231e-06
 Reference value :  1.51315e-06
 Reference value :  1.51404e-06
 Reference value :  1.51499e-06
 Reference value :  1.51601e-06
 Reference value :  1.51651e-06
 Reference value :  1.51731e-06
 Reference value :  1.51811e-06
 Reference value :  1.51927e-06
 Reference value :  1.52007e-06
 Reference value :  1.52087e-06
 Reference value :  1.52200e-06
 Reference value :  1.52259e-06
 Reference value :  1.52383e-06
 Reference value :  1.52435e-06
 Reference value :  1.52519e-06
 Reference value :  1.52607e-06
 Reference value :  1.52723e-06
 Reference value :  1.52804e-06
 Reference value :  1.52863e-06
 Reference value :  1.52987e-06
 Reference value :  1.53043e-06
 Reference value :  1.53175e-06
 Reference value :  1.53235e-06
 Reference value :  1.53323e-06
 Reference value :  1.53415e-06
 Reference value :  1.53563e-06
 Reference value :  1.53639e-06
 Reference value :  1.53763e-06
 Reference value :  1.53835e-06
 Reference value :  1.53955e-06
 Reference value :  1.54019e-06
 Reference value :  1.54071e-06
 Reference value :  1.54131e-06
 Reference value :  1.54215e-06
 Reference value :  1.54339e-06
 Reference value :  1.54415e-06
 Reference value :  1.54499e-06
 Reference value :  1.54601e-06
 Reference value :  1.54695e-06
 Reference value :  1.54804e-06
 Reference value :  1.54863e-06
 Reference value :  1.54971e-06
 Reference value :  1.55063e-06
 Reference value :  1.55197e-06
 Reference value :  1.55255e-06
 Reference value :  1.55400e-06
 Reference value :  1.55479e-06
 Reference value :  1.55601e-06
 Reference value :  1.55651e-06
 Reference value :  1.55751e-06
 Reference value :  1.55823e-06
 Reference value :  1.55943e-06
 Reference value :  1.56019e-06
 Reference value :  1.56107e-06
 Reference value :  1.56202e-06
 Reference value :  1.56287e-06
 Reference value :  1.56400e-06
 Reference value :  1.56447e-06
 Reference value :  1.56539e-06
 Reference value :  1.56615e-06
 Reference value :  1.56731e-06
 Reference value :  1.56815e-06
 Reference value :  1.56915e-06
 Reference value :  1.57011e-06
 Reference value :  1.57127e-06
 Reference value :  1.57215e-06
 Reference value :  1.57283e-06
 Reference value :  1.57401e-06
 Reference value :  1.57511e-06
 Reference value :  1.57607e-06
 Reference value :  1.57691e-06
 Reference value :  1.57804e-06
 Reference value :  1.57899e-06
 Reference value :  1.58001e-06
 Reference value :  1.58051e-06
 Reference value :  1.58135e-06
 Reference value :  1.58215e-06
 Reference value :  1.58339e-06
 Reference value :  1.58415e-06
 Reference value :  1.58511e-06
 Reference value :  1.58603e-06
 Reference value :  1.58695e-06
 Reference value :  1.58801e-06
 Reference value :  1.58855e-06
 Reference value :  1.58959e-06
 Reference value :  1.59031e-06
 Reference value :  1.59159e-06
 Reference value :  1.59227e-06
 Reference value :  1.59311e-06
 Reference value :  1.59402e-06
 Reference value :  1.59499e-06
 Reference value :  1.59601e-06
 Reference value :  1.59651e-06
 Reference value :  1.59751e-06
 Reference value :  1.59827e-06
 Reference value :  1.59951e-06
 Reference value :  1.60027e-06
 Reference value :  1.60127e-06
 Reference value :  1.60211e-06
 Reference value :  1.60307e-06
 Reference value :  1.60402e-06
 Reference value :  1.60455e-06
 Reference value :  1.60519e-06
 Reference value :  1.60607e-06
 Reference value :  1.60719e-06
 Reference value :  1.60807e-06
 Reference value :  1.60875e-06
 Reference value :  1.60997e-06
 Reference value :  1.61083e-06
 Reference value :  1.61201e-06
 Reference value :  1.61255e-06
 Reference value :  1.61339e-06
 Reference value :  1.61419e-06
 Reference value :  1.61551e-06
 Reference value :  1.61627e-06
 Reference value :  1.61739e-06
 Reference value :  1.61819e-06
 Reference value :  1.61943e-06
 Reference value :  1.62019e-06
 Reference value :  1.62083e-06
 Reference value :  1.62200e-06
 Reference value :  1.62275e-06
 Reference value :  1.62397e-06
 Reference value :  1.62443e-06
 Reference value :  1.62555e-06
 Reference value :  1.62619e-06
 Reference value :  1.62743e-06
 Reference value :  1.62819e-06
 Reference value :  1.62875e-06
 Reference value :  1.63000e-06
 Reference value :  1.63091e-06
 Reference value :  1.63201e-06
 Reference value :  1.63279e-06
 Reference value :  1.63400e-06
 Reference value :  1.63475e-06
 Reference value :  1.63600e-06
 Reference value :  1.63655e-06
 Reference value :  1.63747e-06
 Reference value :  1.63831e-06
 Reference value :  1.63955e-06
 Reference value :  1.64027e-06
 Reference value :  1.64111e-06
 Reference value :  1.64203e-06
 Reference value :  1.64291e-06
 Reference value :  1.64401e-06
 Reference value :  1.64451e-06
 Reference value :  1.64531e-06
 Reference value :  1.64611e-06
 Reference value :  1.64727e-06
 Reference value :  1.64811e-06
 Reference value :  1.64903e-06
 Reference value :  1.65001e-06
 Reference value :  1.65079e-06
 Reference value :  1.65200e-06
 Reference value :  1.65251e-06
 Reference value :  1.65351e-06
 Reference value :  1.65431e-06
 Reference value :  1.65571e-06
 Reference value :  1.65639e-06
 Reference value :  1.65755e-06
 Reference value :  1.65827e-06
 Reference value :  1.65959e-06
 Reference value :  1.66023e-06
 Reference value :  1.66083e-06
 Reference value :  1.66200e-06
 Reference value :  1.66283e-06
 Reference value :  1.66400e-06
 Reference value :  1.66455e-06
 Reference value :  1.66579e-06
 Reference value :  1.66631e-06
 Reference value :  1.66755e-06
 Reference value :  1.66823e-06
 Reference value :  1.66875e-06
 Reference value :  1.66959e-06
 Reference value :  1.67031e-06
 Reference value :  1.67155e-06
 Reference value :  1.67227e-06
 Reference value :  1.67311e-06
 Reference value :  1.67403e-06
 Reference value :  1.67495e-06
 Reference value :  1.67601e-06
 Reference value :  1.67651e-06
 Reference value :  1.67727e-06
 Reference value :  1.67811e-06
 Reference value :  1.67931e-06
 Reference value :  1.68019e-06
 Reference value :  1.68115e-06
 Reference value :  1.68207e-06
 Reference value :  1.68299e-06
 Reference value :  1.68401e-06
 Reference value :  1.68455e-06
 Reference value :  1.68559e-06
 Reference value :  1.68631e-06
 Reference value :  1.68755e-06
 Reference value :  1.68823e-06
 Reference value :  1.68899e-06
 Reference value :  1.69003e-06
 Reference value :  1.69095e-06
 Reference value :  1.69201e-06
 Reference value :  1.69255e-06
 Reference value :  1.69363e-06
 Reference value :  1.69435e-06
 Reference value :  1.69555e-06
 Reference value :  1.69623e-06
 Reference value :  1.69719e-06
 Reference value :  1.69804e-06
 Reference value :  1.69891e-06
 Reference value :  1.70001e-06
 Reference value :  1.70051e-06
 Reference value :  1.70131e-06
 Reference value :  1.70215e-06
 Reference value :  1.70335e-06
 Reference value :  1.70415e-06
 Reference value :  1.70491e-06
 Reference value :  1.70601e-06
 Reference value :  1.70671e-06
 Reference value :  1.70795e-06
 Reference value :  1.70839e-06
 Reference value :  1.70911e-06
 Reference value :  1.71003e-06
 Reference value :  1.71111e-06
 Reference value :  1.71202e-06
 Reference value :  1.71275e-06
 Reference value :  1.71397e-06
 Reference value :  1.71451e-06
 Reference value :  1.71575e-06
 Reference value :  1.71635e-06
 Reference value :  1.71715e-06
 Reference value :  1.71804e-06
 Reference value :  1.71911e-06
 Reference value :  1.72003e-06
 Reference value :  1.72079e-06
 Reference value :  1.72197e-06
 Reference value :  1.72255e-06
 Reference value :  1.72375e-06
 Reference value :  1.72435e-06
 Reference value :  1.72511e-06
 Reference value :  1.72603e-06
 Reference value :  1.72707e-06
 Reference value :  1.72802e-06
 Reference value :  1.72871e-06
 Reference value :  1.72995e-06
 Reference value :  1.73047e-06
 Reference value :  1.73171e-06
 Reference value :  1.73231e-06
 Reference value :  1.73283e-06
 Reference value :  1.73395e-06
 Reference value :  1.73467e-06
 Reference value :  1.73591e-06
 Reference value :  1.73643e-06
 Reference value :  1.73755e-06
 Reference value :  1.73819e-06
 Reference value :  1.73931e-06
 Reference value :  1.74011e-06
 Reference value :  1.74067e-06
 Reference value :  1.74167e-06
 Reference value :  1.74239e-06
 Reference value :  1.74363e-06
 Reference value :  1.74431e-06
 Reference value :  1.74539e-06
 Reference value :  1.74615e-06
 Reference value :  1.74723e-06
 Reference value :  1.74804e-06
 Reference value :  1.74867e-06
 Reference value :  1.74979e-06
 Reference value :  1.75051e-06
 Reference value :  1.75179e-06
 Reference value :  1.75235e-06
 Reference value :  1.75323e-06
 Reference value :  1.75407e-06
 Reference value :  1.75499e-06
 Reference value :  1.75601e-06
 Reference value :  1.75651e-06
 Reference value :  1.75747e-06
 Reference value :  1.75823e-06
 Reference value :  1.75951e-06
 Reference value :  1.76023e-06
 Reference value :  1.76119e-06
 Reference value :  1.76207e-06
 Reference value :  1.76303e-06
 Reference value :  1.76402e-06
 Reference value :  1.76459e-06
 Reference value :  1.76547e-06
 Reference value :  1.76619e-06
 Reference value :  1.76739e-06
 Reference value :  1.76815e-06
 Reference value :  1.76891e-06
 Reference value :  1.77001e-06
 Reference value :  1.77067e-06
 Reference value :  1.77200e-06
 Reference value :  1.77251e-06
 Reference value :  1.77327e-06
 Reference value :  1.77411e-06
 Reference value :  1.77527e-06
 Reference value :  1.77611e-06
 Reference value :  1.77707e-06
 Reference value :  1.77803e-06
 Reference value :  1.77887e-06
 Reference value :  1.78000e-06
 Reference value :  1.78051e-06
 Reference value :  1.78151e-06
 Reference value :  1.78223e-06
 Reference value :  1.78347e-06
 Reference value :  1.78419e-06
 Reference value :  1.78491e-06
 Reference value :  1.78600e-06
 Reference value :  1.78663e-06
 Reference value :  1.78787e-06
 Reference value :  1.78835e-06
 Reference value :  1.78907e-06
 Reference value :  1.79002e-06
 Reference value :  1.79107e-06
 Reference value :  1.79201e-06
 Reference value :  1.79271e-06
 Reference value :  1.79395e-06
 Reference value :  1.79451e-06
 Reference value :  1.79575e-06
 Reference value :  1.79631e-06
 Reference value :  1.79679e-06
 Reference value :  1.79771e-06
 Reference value :  1.79843e-06
 Reference value :  1.79963e-06
 Reference value :  1.80027e-06
 Reference value :  1.80123e-06
 Reference value :  1.80207e-06
 Reference value :  1.80303e-06
 Reference value :  1.80401e-06
 Reference value :  1.80451e-06
 Reference value :  1.80495e-06
 Reference value :  1.80601e-06
 Reference value :  1.80691e-06
 Reference value :  1.80800e-06
 Reference value :  1.80855e-06
 Reference value :  1.80983e-06
 Reference value :  1.81039e-06
 Reference value :  1.81167e-06
 Reference value :  1.81227e-06
 Reference value :  1.81287e-06
 Reference value :  1.81400e-06
 Reference value :  1.81483e-06
 Reference value :  1.81600e-06
 Reference value :  1.81647e-06
 Reference value :  1.81767e-06
 Reference value :  1.81823e-06
 Reference value :  1.81943e-06
 Reference value :  1.82015e-06
 Reference value :  1.82071e-06
 Reference value :  1.82191e-06
 Reference value :  1.82263e-06
 Reference value :  1.82387e-06
 Reference value :  1.82443e-06
 Reference value :  1.82555e-06
 Reference value :  1.82623e-06
 Reference value :  1.82747e-06
 Reference value :  1.82815e-06
 Reference value :  1.82871e-06
 Reference value :  1.82975e-06
 Reference value :  1.83051e-06
 Reference value :  1.83183e-06
 Reference value :  1.83239e-06
 Reference value :  1.83343e-06
 Reference value :  1.83419e-06
 Reference value :  1.83543e-06
 Reference value :  1.83615e-06
 Reference value :  1.83671e-06
 Reference value :  1.83779e-06
 Reference value :  1.83855e-06
 Reference value :  1.83983e-06
 Reference value :  1.84039e-06
 Reference value :  1.84147e-06
 Reference value :  1.84223e-06
 Reference value :  1.84351e-06
 Reference value :  1.84423e-06
 Reference value :  1.84495e-06
 Reference value :  1.84601e-06
 Reference value :  1.84711e-06
 Reference value :  1.84802e-06
 Reference value :  1.84859e-06
 Reference value :  1.84983e-06
 Reference value :  1.85035e-06
 Reference value :  1.85159e-06
 Reference value :  1.85223e-06
 Reference value :  1.85279e-06
 Reference value :  1.85400e-06
 Reference value :  1.85547e-06
 Reference value :  1.85655e-06
 Reference value :  1.85807e-06
 Reference value :  1.85927e-06
 Reference value :  1.86011e-06
 Reference value :  1.86071e-06
 Reference value :  1.86159e-06
 Reference value :  1.86243e-06
 Reference value :  1.86367e-06
 Reference value :  1.86431e-06
 Reference value :  1.86519e-06
 Reference value :  1.86604e-06
 Reference value :  1.86695e-06
 Reference value :  1.86801e-06
 Reference value :  1.86851e-06
 Reference value :  1.86915e-06
 Reference value :  1.87002e-06
 Reference value :  1.87107e-06
 Reference value :  1.87202e-06
 Reference value :  1.87271e-06
 Reference value :  1.87395e-06
 Reference value :  1.87447e-06
 Reference value :  1.87567e-06
 Reference value :  1.87631e-06
 Reference value :  1.87711e-06
 Reference value :  1.87804e-06
 Reference value :  1.87935e-06
 Reference value :  1.88031e-06
 Reference value :  1.88159e-06
 Reference value :  1.88259e-06
 Reference value :  1.88401e-06
 Reference value :  1.88475e-06
 Reference value :  1.88604e-06
 Reference value :  1.88715e-06
 Reference value :  1.88803e-06
 Reference value :  1.88887e-06
 Reference value :  1.89001e-06
 Reference value :  1.89067e-06
 Reference value :  1.89187e-06
 Reference value :  1.89235e-06
 Reference value :  1.89295e-06
 Reference value :  1.89401e-06
 Reference value :  1.89495e-06
 Reference value :  1.89601e-06
 Reference value :  1.89651e-06
 Reference value :  1.89771e-06
 Reference value :  1.89827e-06
 Reference value :  1.89947e-06
 Reference value :  1.90019e-06
 Reference value :  1.90071e-06
 Reference value :  1.90175e-06
 Reference value :  1.90247e-06
 Reference value :  1.90371e-06
 Reference value :  1.90431e-06
 Reference value :  1.90535e-06
 Reference value :  1.90615e-06
 Reference value :  1.90723e-06
 Reference value :  1.90807e-06
 Reference value :  1.90867e-06
 Reference value :  1.90971e-06
 Reference value :  1.91095e-06
 Reference value :  1.91231e-06
 Reference value :  1.91371e-06
 Reference value :  1.91475e-06
 Reference value :  1.91611e-06
 Reference value :  1.91695e-06
 Reference value :  1.91804e-06
 Reference value :  1.91959e-06
 Reference value :  1.92031e-06
 Reference value :  1.92139e-06
 Reference value :  1.92215e-06
 Reference value :  1.92327e-06
 Reference value :  1.92407e-06
 Reference value :  1.92467e-06
 Reference value :  1.92527e-06
 Reference value :  1.92607e-06
 Reference value :  1.92727e-06
 Reference value :  1.92807e-06
 Reference value :  1.92891e-06
 Reference value :  1.93001e-06
 Reference value :  1.93067e-06
 Reference value :  1.93191e-06
 Reference value :  1.93239e-06
 Reference value :  1.93295e-06
 Reference value :  1.93401e-06
 Reference value :  1.93495e-06
 Reference value :  1.93600e-06
 Reference value :  1.93655e-06
 Reference value :  1.93779e-06
 Reference value :  1.93831e-06
 Reference value :  1.93955e-06
 Reference value :  1.94023e-06
 Reference value :  1.94091e-06
 Reference value :  1.94200e-06
 Reference value :  1.94279e-06
 Reference value :  1.94400e-06
 Reference value :  1.94447e-06
 Reference value :  1.94563e-06
 Reference value :  1.94623e-06
 Reference value :  1.94743e-06
 Reference value :  1.94819e-06
 Reference value :  1.94871e-06
 Reference value :  1.94991e-06
 Reference value :  1.95059e-06
 Reference value :  1.95179e-06
 Reference value :  1.95235e-06
 Reference value :  1.95339e-06
 Reference value :  1.95411e-06
 Reference value :  1.95511e-06
 Reference value :  1.95604e-06
 Reference value :  1.95663e-06
 Reference value :  1.95747e-06
 Reference value :  1.95827e-06
 Reference value :  1.95951e-06
 Reference value :  1.96023e-06
 Reference value :  1.96107e-06
 Reference value :  1.96202e-06
 Reference value :  1.96279e-06
 Reference value :  1.96397e-06
 Reference value :  1.96443e-06
 Reference value :  1.96519e-06
 Reference value :  1.96604e-06
 Reference value :  1.96715e-06
 Reference value :  1.96803e-06
 Reference value :  1.96883e-06
 Reference value :  1.97000e-06
 Reference value :  1.97059e-06
 Reference value :  1.97179e-06
 Reference value :  1.97239e-06
 Reference value :  1.97311e-06
 Reference value :  1.97403e-06
 Reference value :  1.97503e-06
 Reference value :  1.97602e-06
 Reference value :  1.97659e-06
 Reference value :  1.97779e-06
 Reference value :  1.97827e-06
 Reference value :  1.97951e-06
 Reference value :  1.98019e-06
 Reference value :  1.98079e-06
 Reference value :  1.98197e-06
 Reference value :  1.98271e-06
 Reference value :  1.98395e-06
 Reference value :  1.98447e-06
 Reference value :  1.98575e-06
 Reference value :  1.98623e-06
 Reference value :  1.98743e-06
 Reference value :  1.98819e-06
 Reference value :  1.98875e-06
 Reference value :  1.98967e-06
 Reference value :  1.99047e-06
 Reference value :  1.99197e-06
 Reference value :  1.99251e-06
 Reference value :  1.99379e-06
 Reference value :  1.99439e-06
 Reference value :  1.99559e-06
 Reference value :  1.99623e-06
 Reference value :  1.99671e-06
 Reference value :  1.99771e-06
 Reference value :  1.99847e-06
 Reference value :  1.99971e-06
 Reference value :  2.00035e-06
 Reference value :  2.00147e-06
 Reference value :  2.00219e-06
 Reference value :  2.00335e-06
 Reference value :  2.00415e-06
 Reference value :  2.00487e-06
 Reference value :  2.00601e-06
 Reference value :  2.00687e-06
 Reference value :  2.00800e-06
 Reference value :  2.00843e-06
 Reference value :  2.00959e-06
 Reference value :  2.01019e-06
 Reference value :  2.01131e-06
 Reference value :  2.01211e-06
 Reference value :  2.01263e-06
 Reference value :  2.01371e-06
 Reference value :  2.01443e-06
 Reference value :  2.01575e-06
 Reference value :  2.01639e-06
 Reference value :  2.01755e-06
 Reference value :  2.01823e-06
 Reference value :  2.01955e-06
 Reference value :  2.02031e-06
 Reference value :  2.02091e-06
 Reference value :  2.02200e-06
 Reference value :  2.02283e-06
 Reference value :  2.02400e-06
 Reference value :  2.02443e-06
 Reference value :  2.02555e-06
 Reference value :  2.02619e-06
 Reference value :  2.02735e-06
 Reference value :  2.02811e-06
 Reference value :  2.02871e-06
 Reference value :  2.02987e-06
 Reference value :  2.03059e-06
 Reference value :  2.03183e-06
 Reference value :  2.03239e-06
 Reference value :  2.03355e-06
 Reference value :  2.03419e-06
 Reference value :  2.03539e-06
 Reference value :  2.03615e-06
 Reference value :  2.03679e-06
 Reference value :  2.03800e-06
 Reference value :  2.03879e-06
 Reference value :  2.03997e-06
 Reference value :  2.04047e-06
 Reference value :  2.04167e-06
 Reference value :  2.04227e-06
 Reference value :  2.04355e-06
 Reference value :  2.04423e-06
 Reference value :  2.04479e-06
 Reference value :  2.04600e-06
 Reference value :  2.04683e-06
 Reference value :  2.04800e-06
 Reference value :  2.04851e-06
 Reference value :  2.04975e-06
 Reference value :  2.05027e-06
 Reference value :  2.05151e-06
 Reference value :  2.05223e-06
 Reference value :  2.05275e-06
 Reference value :  2.05347e-06
 Reference value :  2.05419e-06
 Reference value :  2.05539e-06
 Reference value :  2.05619e-06
 Reference value :  2.05715e-06
 Reference value :  2.05804e-06
 Reference value :  2.05903e-06
 Reference value :  2.06001e-06
 Reference value :  2.06055e-06
 Reference value :  2.06119e-06
 Reference value :  2.06207e-06
 Reference value :  2.06331e-06
 Reference value :  2.06419e-06
 Reference value :  2.06527e-06
 Reference value :  2.06615e-06
 Reference value :  2.06739e-06
 Reference value :  2.06815e-06
 Reference value :  2.06871e-06
 Reference value :  2.06983e-06
 Reference value :  2.07051e-06
 Reference value :  2.07179e-06
 Reference value :  2.07235e-06
 Reference value :  2.07331e-06
 Reference value :  2.07407e-06
 Reference value :  2.07495e-06
 Reference value :  2.07600e-06
 Reference value :  2.07647e-06
 Reference value :  2.07727e-06
 Reference value :  2.07804e-06
 Reference value :  2.07907e-06
 Reference value :  2.08001e-06
 Reference value :  2.08075e-06
 Reference value :  2.08200e-06
 Reference value :  2.08255e-06
 Reference value :  2.08367e-06
 Reference value :  2.08427e-06
 Reference value :  2.08475e-06
 Reference value :  2.08583e-06
 Reference value :  2.08651e-06
 Reference value :  2.08775e-06
 Reference value :  2.08835e-06
 Reference value :  2.08931e-06
 Reference value :  2.09015e-06
 Reference value :  2.09131e-06
 Reference value :  2.09215e-06
 Reference value :  2.09275e-06
 Reference value :  2.09400e-06
 Reference value :  2.09487e-06
 Reference value :  2.09600e-06
 Reference value :  2.09655e-06
 Reference value :  2.09775e-06
 Reference value :  2.09839e-06
 Reference value :  2.09959e-06
 Reference value :  2.10023e-06
 Reference value :  2.10083e-06
 Reference value :  2.10201e-06
 Reference value :  2.10307e-06
 Reference value :  2.10404e-06
 Reference value :  2.10483e-06
 Reference value :  2.10601e-06
 Reference value :  2.10687e-06
 Reference value :  2.10802e-06
 Reference value :  2.10863e-06
 Reference value :  2.10983e-06
 Reference value :  2.11055e-06
 Reference value :  2.11179e-06
 Reference value :  2.11239e-06
 Reference value :  2.11355e-06
 Reference value :  2.11423e-06
 Reference value :  2.11547e-06
 Reference value :  2.11615e-06
 Reference value :  2.11671e-06
 Reference value :  2.11751e-06
 Reference value :  2.11823e-06
 Reference value :  2.11947e-06
 Reference value :  2.12031e-06
 Reference value :  2.12127e-06
 Reference value :  2.12215e-06
 Reference value :  2.12339e-06
 Reference value :  2.12431e-06
 Reference value :  2.12503e-06
 Reference value :  2.12602e-06
 Reference value :  2.12699e-06
 Reference value :  2.12801e-06
 Reference value :  2.12863e-06
 Reference value :  2.12987e-06
 Reference value :  2.13047e-06
 Reference value :  2.13171e-06
 Reference value :  2.13231e-06
 Reference value :  2.13303e-06
 Reference value :  2.13402e-06
 Reference value :  2.13503e-06
 Reference value :  2.13602e-06
 Reference value :  2.13655e-06
 Reference value :  2.13783e-06
 Reference value :  2.13859e-06
 Reference value :  2.13983e-06
 Reference value :  2.14039e-06
 Reference value :  2.14107e-06
 Reference value :  2.14202e-06
 Reference value :  2.14299e-06
 Reference value :  2.14401e-06
 Reference value :  2.14471e-06
 Reference value :  2.14597e-06
 Reference value :  2.14651e-06
 Reference value :  2.14775e-06
 Reference value :  2.14831e-06
 Reference value :  2.14887e-06
 Reference value :  2.15001e-06
 Reference value :  2.15091e-06
 Reference value :  2.15201e-06
 Reference value :  2.15251e-06
 Reference value :  2.15383e-06
 Reference value :  2.15443e-06
 Reference value :  2.15579e-06
 Reference value :  2.15643e-06
 Reference value :  2.15715e-06
 Reference value :  2.15815e-06
 Reference value :  2.15951e-06
 Reference value :  2.16031e-06
 Reference value :  2.16139e-06
 Reference value :  2.16215e-06
 Reference value :  2.16323e-06
 Reference value :  2.16404e-06
 Reference value :  2.16467e-06
 Reference value :  2.16571e-06
 Reference value :  2.16639e-06
 Reference value :  2.16763e-06
 Reference value :  2.16831e-06
 Reference value :  2.16927e-06
 Reference value :  2.17011e-06
 Reference value :  2.17123e-06
 Reference value :  2.17211e-06
 Reference value :  2.17271e-06
 Reference value :  2.17400e-06
 Reference value :  2.17499e-06
 Reference value :  2.17602e-06
 Reference value :  2.17671e-06
 Reference value :  2.17797e-06
 Reference value :  2.17855e-06
 Reference value :  2.17983e-06
 Reference value :  2.18039e-06
 Reference value :  2.18087e-06
 Reference value :  2.18191e-06
 Reference value :  2.18263e-06
 Reference value :  2.18383e-06
 Reference value :  2.18439e-06
 Reference value :  2.18535e-06
 Reference value :  2.18615e-06
 Reference value :  2.18727e-06
 Reference value :  2.18811e-06
 Reference value :  2.18867e-06
 Reference value :  2.18979e-06
 Reference value :  2.19059e-06
 Reference value :  2.19191e-06
 Reference value :  2.19247e-06
 Reference value :  2.19375e-06
 Reference value :  2.19431e-06
 Reference value :  2.19559e-06
 Reference value :  2.19627e-06
 Reference value :  2.19687e-06
 Reference value :  2.19800e-06
 Reference value :  2.19883e-06
 Reference value :  2.20000e-06
 Reference value :  2.20043e-06
 Reference value :  2.20155e-06
 Reference value :  2.20219e-06
 Reference value :  2.20335e-06
 Reference value :  2.20419e-06
 Reference value :  2.20487e-06
 Reference value :  2.20602e-06
 Reference value :  2.20715e-06
 Reference value :  2.20807e-06
 Reference value :  2.20899e-06
 Reference value :  2.21002e-06
 Reference value :  2.21091e-06
 Reference value :  2.21201e-06
 Reference value :  2.21255e-06
 Reference value :  2.21335e-06
 Reference value :  2.21415e-06
 Reference value :  2.21539e-06
 Reference value :  2.21611e-06
 Reference value :  2.21687e-06
 Reference value :  2.21801e-06
 Reference value :  2.21875e-06
 Reference value :  2.22000e-06
 Reference value :  2.22063e-06
 Reference value :  2.22183e-06
 Reference value :  2.22263e-06
 Reference value :  2.22395e-06
 Reference value :  2.22447e-06
 Reference value :  2.22575e-06
 Reference value :  2.22635e-06
 Reference value :  2.22759e-06
 Reference value :  2.22823e-06
 Reference value :  2.22887e-06
 Reference value :  2.23000e-06
 Reference value :  2.23079e-06
 Reference value :  2.23200e-06
 Reference value :  2.23243e-06
 Reference value :  2.23355e-06
 Reference value :  2.23419e-06
 Reference value :  2.23539e-06
 Reference value :  2.23619e-06
 Reference value :  2.23671e-06
 Reference value :  2.23795e-06
 Reference value :  2.23867e-06
 Reference value :  2.23991e-06
 Reference value :  2.24047e-06
 Reference value :  2.24171e-06
 Reference value :  2.24227e-06
 Reference value :  2.24355e-06
 Reference value :  2.24423e-06
 Reference value :  2.24475e-06
 Reference value :  2.24567e-06
 Reference value :  2.24639e-06
 Reference value :  2.24763e-06
 Reference value :  2.24831e-06
 Reference value :  2.24923e-06
 Reference value :  2.25007e-06
 Reference value :  2.25099e-06
 Reference value :  2.25201e-06
 Reference value :  2.25255e-06
 Reference value :  2.25327e-06
 Reference value :  2.25411e-06
 Reference value :  2.25527e-06
 Reference value :  2.25607e-06
 Reference value :  2.25691e-06
 Reference value :  2.25801e-06
 Reference value :  2.25871e-06
 Reference value :  2.25991e-06
 Reference value :  2.26039e-06
 Reference value :  2.26123e-06
 Reference value :  2.26207e-06
 Reference value :  2.26315e-06
 Reference value :  2.26404e-06
 Reference value :  2.26471e-06
 Reference value :  2.26591e-06
 Reference value :  2.26643e-06
 Reference value :  2.26767e-06
 Reference value :  2.26827e-06
 Reference value :  2.26899e-06
 Reference value :  2.27001e-06
 Reference value :  2.27091e-06
 Reference value :  2.27201e-06
 Reference value :  2.27263e-06
 Reference value :  2.27387e-06
 Reference value :  2.27439e-06
 Reference value :  2.27563e-06
 Reference value :  2.27627e-06
 Reference value :  2.27679e-06
 Reference value :  2.27795e-06
 Reference value :  2.27871e-06
 Reference value :  2.27995e-06
 Reference value :  2.28043e-06
 Reference value :  2.28159e-06
 Reference value :  2.28223e-06
 Reference value :  2.28351e-06
 Reference value :  2.28423e-06
 Reference value :  2.28475e-06
 Reference value :  2.28597e-06
 Reference value :  2.28675e-06
 Reference value :  2.28797e-06
 Reference value :  2.28847e-06
 Reference value :  2.28971e-06
 Reference value :  2.29023e-06
 Reference value :  2.29147e-06
 Reference value :  2.29223e-06
 Reference value :  2.29283e-06
 Reference value :  2.29401e-06
 Reference value :  2.29555e-06
 Reference value :  2.29643e-06
 Reference value :  2.29800e-06
 Reference value :  2.29911e-06
 Reference value :  2.30031e-06
 Reference value :  2.30099e-06
 Reference value :  2.30201e-06
 Reference value :  2.30295e-06
 Reference value :  2.30401e-06
 Reference value :  2.30467e-06
 Reference value :  2.30587e-06
 Reference value :  2.30651e-06
 Reference value :  2.30775e-06
 Reference value :  2.30831e-06
 Reference value :  2.30883e-06
 Reference value :  2.30979e-06
 Reference value :  2.31055e-06
 Reference value :  2.31179e-06
 Reference value :  2.31239e-06
 Reference value :  2.31347e-06
 Reference value :  2.31415e-06
 Reference value :  2.31523e-06
 Reference value :  2.31604e-06
 Reference value :  2.31659e-06
 Reference value :  2.31771e-06
 Reference value :  2.31863e-06
 Reference value :  2.31997e-06
 Reference value :  2.32047e-06
 Reference value :  2.32167e-06
 Reference value :  2.32223e-06
 Reference value :  2.32347e-06
 Reference value :  2.32423e-06
 Reference value :  2.32483e-06
 Reference value :  2.32600e-06
 Reference value :  2.32675e-06
 Reference value :  2.32797e-06
 Reference value :  2.32843e-06
 Reference value :  2.32951e-06
 Reference value :  2.33019e-06
 Reference value :  2.33135e-06
 Reference value :  2.33215e-06
 Reference value :  2.33267e-06
 Reference value :  2.33383e-06
 Reference value :  2.33455e-06
 Reference value :  2.33575e-06
 Reference value :  2.33635e-06
 Reference value :  2.33739e-06
 Reference value :  2.33815e-06
 Reference value :  2.33919e-06
 Reference value :  2.34004e-06
 Reference value :  2.34059e-06
 Reference value :  2.34135e-06
 Reference value :  2.34215e-06
 Reference value :  2.34331e-06
 Reference value :  2.34407e-06
 Reference value :  2.34471e-06
 Reference value :  2.34591e-06
 Reference value :  2.34639e-06
 Reference value :  2.34759e-06
 Reference value :  2.34823e-06
 Reference value :  2.34875e-06
 Reference value :  2.35001e-06
 Reference value :  2.35079e-06
 Reference value :  2.35195e-06
 Reference value :  2.35247e-06
 Reference value :  2.35367e-06
 Reference value :  2.35423e-06
 Reference value :  2.35543e-06
 Reference value :  2.35615e-06
 Reference value :  2.35675e-06
 Reference value :  2.35787e-06
 Reference value :  2.35859e-06
 Reference value :  2.35983e-06
 Reference value :  2.36039e-06
 Reference value :  2.36139e-06
 Reference value :  2.36215e-06
 Reference value :  2.36327e-06
 Reference value :  2.36411e-06
 Reference value :  2.36467e-06
 Reference value :  2.36583e-06
 Reference value :  2.36651e-06
 Reference value :  2.36771e-06
 Reference value :  2.36835e-06
 Reference value :  2.36939e-06
 Reference value :  2.37015e-06
 Reference value :  2.37119e-06
 Reference value :  2.37204e-06
 Reference value :  2.37259e-06
 Reference value :  2.37315e-06
 Reference value :  2.37404e-06
 Reference value :  2.37507e-06
 Reference value :  2.37611e-06
 Reference value :  2.37699e-06
 Reference value :  2.37801e-06
 Reference value :  2.37879e-06
 Reference value :  2.38000e-06
 Reference value :  2.38043e-06
 Reference value :  2.38099e-06
 Reference value :  2.38201e-06
 Reference value :  2.38291e-06
 Reference value :  2.38400e-06
 Reference value :  2.38455e-06
 Reference value :  2.38583e-06
 Reference value :  2.38635e-06
 Reference value :  2.38755e-06
 Reference value :  2.38823e-06
 Reference value :  2.38883e-06
 Reference value :  2.39000e-06
 Reference value :  2.39075e-06
 Reference value :  2.39195e-06
 Reference value :  2.39243e-06
 Reference value :  2.39351e-06
 Reference value :  2.39415e-06
 Reference value :  2.39535e-06
 Reference value :  2.39611e-06
 Reference value :  2.39663e-06
 Reference value :  2.39775e-06
 Reference value :  2.39847e-06
 Reference value :  2.39967e-06
 Reference value :  2.40031e-06
 Reference value :  2.40131e-06
 Reference value :  2.40211e-06
 Reference value :  2.40319e-06
 Reference value :  2.40407e-06
 Reference value :  2.40471e-06
 Reference value :  2.40567e-06
 Reference value :  2.40639e-06
 Reference value :  2.40763e-06
 Reference value :  2.40835e-06
 Reference value :  2.40927e-06
 Reference value :  2.41015e-06
 Reference value :  2.41155e-06
 Reference value :  2.41251e-06
 Reference value :  2.41391e-06
 Reference value :  2.41519e-06
 Reference value :  2.41631e-06
 Reference value :  2.41775e-06
 Reference value :  2.41851e-06
 Reference value :  2.41983e-06
 Reference value :  2.42039e-06
 Reference value :  2.42123e-06
 Reference value :  2.42207e-06
 Reference value :  2.42327e-06
 Reference value :  2.42407e-06
 Reference value :  2.42475e-06
 Reference value :  2.42600e-06
 Reference value :  2.42659e-06
 Reference value :  2.42783e-06
 Reference value :  2.42839e-06
 Reference value :  2.42911e-06
 Reference value :  2.43002e-06
 Reference value :  2.43099e-06
 Reference value :  2.43201e-06
 Reference value :  2.43259e-06
 Reference value :  2.43401e-06
 Reference value :  2.43479e-06
 Reference value :  2.43600e-06
 Reference value :  2.43643e-06
 Reference value :  2.43691e-06
 Reference value :  2.43800e-06
 Reference value :  2.43883e-06
 Reference value :  2.43997e-06
 Reference value :  2.44043e-06
 Reference value :  2.44159e-06
 Reference value :  2.44219e-06
 Reference value :  2.44335e-06
 Reference value :  2.44411e-06
 Reference value :  2.44463e-06
 Reference value :  2.44563e-06
 Reference value :  2.44639e-06
 Reference value :  2.44783e-06
 Reference value :  2.44843e-06
 Reference value :  2.44955e-06
 Reference value :  2.45019e-06
 Reference value :  2.45135e-06
 Reference value :  2.45211e-06
 Reference value :  2.45271e-06
 Reference value :  2.45379e-06
 Reference value :  2.45447e-06
 Reference value :  2.45567e-06
 Reference value :  2.45631e-06
 Reference value :  2.45723e-06
 Reference value :  2.45804e-06
 Reference value :  2.45887e-06
 Reference value :  2.46000e-06
 Reference value :  2.46051e-06
 Reference value :  2.46159e-06
 Reference value :  2.46231e-06
 Reference value :  2.46355e-06
 Reference value :  2.46423e-06
 Reference value :  2.46519e-06
 Reference value :  2.46604e-06
 Reference value :  2.46695e-06
 Reference value :  2.46801e-06
 Reference value :  2.46851e-06
 Reference value :  2.46915e-06
 Reference value :  2.47004e-06
 Reference value :  2.47115e-06
 Reference value :  2.47203e-06
 Reference value :  2.47263e-06
 Reference value :  2.47391e-06
 Reference value :  2.47451e-06
 Reference value :  2.47575e-06
 Reference value :  2.47635e-06
 Reference value :  2.47699e-06
 Reference value :  2.47801e-06
 Reference value :  2.47895e-06
 Reference value :  2.48001e-06
 Reference value :  2.48075e-06
 Reference value :  2.48200e-06
 Reference value :  2.48259e-06
 Reference value :  2.48387e-06
 Reference value :  2.48439e-06
 Reference value :  2.48511e-06
 Reference value :  2.48603e-06
 Reference value :  2.48707e-06
 Reference value :  2.48802e-06
 Reference value :  2.48863e-06
 Reference value :  2.48991e-06
 Reference value :  2.49047e-06
 Reference value :  2.49175e-06
 Reference value :  2.49231e-06
 Reference value :  2.49303e-06
 Reference value :  2.49402e-06
 Reference value :  2.49507e-06
 Reference value :  2.49607e-06
 Reference value :  2.49695e-06
 Reference value :  2.49801e-06
 Reference value :  2.49875e-06
 Reference value :  2.49995e-06
 Reference value :  2.50043e-06
 Reference value :  2.50091e-06
 Reference value :  2.50201e-06
 Reference value :  2.50295e-06
 Reference value :  2.50401e-06
 Reference value :  2.50447e-06
 Reference value :  2.50571e-06
 Reference value :  2.50631e-06
 Reference value :  2.50755e-06
 Reference value :  2.50823e-06
 Reference value :  2.50875e-06
 Reference value :  2.50983e-06
 Reference value :  2.51055e-06
 Reference value :  2.51179e-06
 Reference value :  2.51239e-06
 Reference value :  2.51351e-06
 Reference value :  2.51419e-06
 Reference value :  2.51539e-06
 Reference value :  2.51615e-06
 Reference value :  2.51683e-06
 Reference value :  2.51800e-06
 Reference value :  2.51879e-06
 Reference value :  2.51997e-06
 Reference value :  2.52043e-06
 Reference value :  2.52151e-06
 Reference value :  2.52219e-06
 Reference value :  2.52335e-06
 Reference value :  2.52435e-06
 Reference value :  2.52535e-06
 Reference value :  2.52643e-06
 Reference value :  2.52800e-06
 Reference value :  2.52883e-06
 Reference value :  2.53000e-06
 Reference value :  2.53067e-06
 Reference value :  2.53195e-06
 Reference value :  2.53239e-06
 Reference value :  2.53303e-06
 Reference value :  2.53402e-06
 Reference value :  2.53523e-06
 Reference value :  2.53623e-06
 Reference value :  2.53731e-06
 Reference value :  2.53815e-06
 Reference value :  2.53947e-06
 Reference value :  2.54027e-06
 Reference value :  2.54079e-06
 Reference value :  2.54197e-06
 Reference value :  2.54271e-06
 Reference value :  2.54395e-06
 Reference value :  2.54447e-06
 Reference value :  2.54567e-06
 Reference value :  2.54623e-06
 Reference value :  2.54743e-06
 Reference value :  2.54815e-06
 Reference value :  2.54875e-06
 Reference value :  2.54987e-06
 Reference value :  2.55055e-06
 Reference value :  2.55179e-06
 Reference value :  2.55235e-06
 Reference value :  2.55339e-06
 Reference value :  2.55415e-06
 Reference value :  2.55523e-06
 Reference value :  2.55607e-06
 Reference value :  2.55663e-06
 Reference value :  2.55775e-06
 Reference value :  2.55867e-06
 Reference value :  2.56000e-06
 Reference value :  2.56047e-06
 Reference value :  2.56179e-06
 Reference value :  2.56239e-06
 Reference value :  2.56359e-06
 Reference value :  2.56435e-06
 Reference value :  2.56487e-06
 Reference value :  2.56600e-06
 Reference value :  2.56683e-06
 Reference value :  2.56801e-06
 Reference value :  2.56859e-06
 Reference value :  2.56997e-06
 Reference value :  2.57051e-06
 Reference value :  2.57175e-06
 Reference value :  2.57235e-06
 Reference value :  2.57279e-06
 Reference value :  2.57387e-06
 Reference value :  2.57459e-06
 Reference value :  2.57591e-06
 Reference value :  2.57647e-06
 Reference value :  2.57771e-06
 Reference value :  2.57827e-06
 Reference value :  2.57955e-06
 Reference value :  2.58023e-06
 Reference value :  2.58083e-06
 Reference value :  2.58200e-06
 Reference value :  2.58271e-06
 Reference value :  2.58395e-06
 Reference value :  2.58443e-06
 Reference value :  2.58559e-06
 Reference value :  2.58619e-06
 Reference value :  2.58731e-06
 Reference value :  2.58807e-06
 Reference value :  2.58891e-06
 Reference value :  2.59001e-06
 Reference value :  2.59095e-06
 Reference value :  2.59203e-06
 Reference value :  2.59279e-06
 Reference value :  2.59400e-06
 Reference value :  2.59471e-06
 Reference value :  2.59601e-06
 Reference value :  2.59659e-06
 Reference value :  2.59739e-06
 Reference value :  2.59823e-06
 Reference value :  2.59947e-06
 Reference value :  2.60019e-06
 Reference value :  2.60099e-06
 Reference value :  2.60201e-06
 Reference value :  2.60275e-06
 Reference value :  2.60400e-06
 Reference value :  2.60443e-06
 Reference value :  2.60515e-06
 Reference value :  2.60604e-06
 Reference value :  2.60715e-06
 Reference value :  2.60804e-06
 Reference value :  2.60887e-06
 Reference value :  2.61001e-06
 Reference value :  2.61075e-06
 Reference value :  2.61197e-06
 Reference value :  2.61247e-06
 Reference value :  2.61339e-06
 Reference value :  2.61419e-06
 Reference value :  2.61543e-06
 Reference value :  2.61619e-06
 Reference value :  2.61691e-06
 Reference value :  2.61800e-06
 Reference value :  2.61867e-06
 Reference value :  2.62000e-06
 Reference value :  2.62047e-06
 Reference value :  2.62155e-06
 Reference value :  2.62235e-06
 Reference value :  2.62351e-06
 Reference value :  2.62423e-06
 Reference value :  2.62523e-06
 Reference value :  2.62607e-06
 Reference value :  2.62695e-06
 Reference value :  2.62800e-06
 Reference value :  2.62851e-06
 Reference value :  2.62911e-06
 Reference value :  2.63002e-06
 Reference value :  2.63099e-06
 Reference value :  2.63203e-06
 Reference value :  2.63263e-06
 Reference value :  2.63387e-06
 Reference value :  2.63443e-06
 Reference value :  2.63563e-06
 Reference value :  2.63627e-06
 Reference value :  2.63675e-06
 Reference value :  2.63783e-06
 Reference value :  2.63859e-06
 Reference value :  2.63987e-06
 Reference value :  2.64043e-06
 Reference value :  2.64155e-06
 Reference value :  2.64219e-06
 Reference value :  2.64331e-06
 Reference value :  2.64407e-06
 Reference value :  2.64471e-06
 Reference value :  2.64597e-06
 Reference value :  2.64679e-06
 Reference value :  2.64801e-06
 Reference value :  2.64851e-06
 Reference value :  2.64971e-06
 Reference value :  2.65027e-06
 Reference value :  2.65151e-06
 Reference value :  2.65223e-06
 Reference value :  2.65283e-06
 Reference value :  2.65400e-06
 Reference value :  2.65515e-06
 Reference value :  2.65603e-06
 Reference value :  2.65675e-06
 Reference value :  2.65800e-06
 Reference value :  2.65867e-06
 Reference value :  2.65995e-06
 Reference value :  2.66043e-06
 Reference value :  2.66111e-06
 Reference value :  2.66202e-06
 Reference value :  2.66307e-06
 Reference value :  2.66402e-06
 Reference value :  2.66463e-06
 Reference value :  2.66595e-06
 Reference value :  2.66647e-06
 Reference value :  2.66771e-06
 Reference value :  2.66831e-06
 Reference value :  2.66883e-06
 Reference value :  2.67000e-06
 Reference value :  2.67075e-06
 Reference value :  2.67200e-06
 Reference value :  2.67247e-06
 Reference value :  2.67367e-06
 Reference value :  2.67423e-06
 Reference value :  2.67571e-06
 Reference value :  2.67631e-06
 Reference value :  2.67695e-06
 Reference value :  2.67801e-06
 Reference value :  2.67891e-06
 Reference value :  2.68001e-06
 Reference value :  2.68063e-06
 Reference value :  2.68191e-06
 Reference value :  2.68239e-06
 Reference value :  2.68371e-06
 Reference value :  2.68431e-06
 Reference value :  2.68491e-06
 Reference value :  2.68601e-06
 Reference value :  2.68691e-06
 Reference value :  2.68801e-06
 Reference value :  2.68863e-06
 Reference value :  2.68991e-06
 Reference value :  2.69055e-06
 Reference value :  2.69195e-06
 Reference value :  2.69255e-06
 Reference value :  2.69307e-06
 Reference value :  2.69402e-06
 Reference value :  2.69503e-06
 Reference value :  2.69602e-06
 Reference value :  2.69651e-06
 Reference value :  2.69775e-06
 Reference value :  2.69831e-06
 Reference value :  2.69963e-06
 Reference value :  2.70027e-06
 Reference value :  2.70079e-06
 Reference value :  2.70197e-06
 Reference value :  2.70271e-06
 Reference value :  2.70397e-06
 Reference value :  2.70451e-06
 Reference value :  2.70575e-06
 Reference value :  2.70631e-06
 Reference value :  2.70755e-06
 Reference value :  2.70827e-06
 Reference value :  2.70907e-06
 Reference value :  2.71002e-06
 Reference value :  2.71103e-06
 Reference value :  2.71202e-06
 Reference value :  2.71251e-06
 Reference value :  2.71375e-06
 Reference value :  2.71431e-06
 Reference value :  2.71559e-06
 Reference value :  2.71631e-06
 Reference value :  2.71695e-06
 Reference value :  2.71801e-06
 Reference value :  2.71899e-06
 Reference value :  2.72002e-06
 Reference value :  2.72075e-06
 Reference value :  2.72200e-06
 Reference value :  2.72279e-06
 Reference value :  2.72400e-06
 Reference value :  2.72447e-06
 Reference value :  2.72511e-06
 Reference value :  2.72603e-06
 Reference value :  2.72707e-06
 Reference value :  2.72802e-06
 Reference value :  2.72863e-06
 Reference value :  2.72991e-06
 Reference value :  2.73051e-06
 Reference value :  2.73183e-06
 Reference value :  2.73243e-06
 Reference value :  2.73323e-06
 Reference value :  2.73411e-06
 Reference value :  2.73543e-06
 Reference value :  2.73619e-06
 Reference value :  2.73719e-06
 Reference value :  2.73807e-06
 Reference value :  2.73903e-06
 Reference value :  2.74001e-06
 Reference value :  2.74055e-06
 Reference value :  2.74155e-06
 Reference value :  2.74255e-06
 Reference value :  2.74395e-06
 Reference value :  2.74447e-06
 Reference value :  2.74571e-06
 Reference value :  2.74627e-06
 Reference value :  2.74751e-06
 Reference value :  2.74823e-06
 Reference value :  2.74895e-06
 Reference value :  2.75001e-06
 Reference value :  2.75095e-06
 Reference value :  2.75201e-06
 Reference value :  2.75259e-06
 Reference value :  2.75391e-06
 Reference value :  2.75451e-06
 Reference value :  2.75579e-06
 Reference value :  2.75635e-06
 Reference value :  2.75687e-06
 Reference value :  2.75800e-06
 Reference value :  2.75875e-06
 Reference value :  2.75997e-06
 Reference value :  2.76043e-06
 Reference value :  2.76155e-06
 Reference value :  2.76223e-06
 Reference value :  2.76347e-06
 Reference value :  2.76423e-06
 Reference value :  2.76475e-06
 Reference value :  2.76591e-06
 Reference value :  2.76667e-06
 Reference value :  2.76795e-06
 Reference value :  2.76851e-06
 Reference value :  2.76979e-06
 Reference value :  2.77039e-06
 Reference value :  2.77159e-06
 Reference value :  2.77227e-06
 Reference value :  2.77291e-06
 Reference value :  2.77401e-06
 Reference value :  2.77491e-06
 Reference value :  2.77602e-06
 Reference value :  2.77663e-06
 Reference value :  2.77783e-06
 Reference value :  2.77847e-06
 Reference value :  2.77987e-06
 Reference value :  2.78035e-06
 Reference value :  2.78115e-06
 Reference value :  2.78219e-06
 Reference value :  2.78367e-06
 Reference value :  2.78435e-06
 Reference value :  2.78547e-06
 Reference value :  2.78615e-06
 Reference value :  2.78731e-06
 Reference value :  2.78815e-06
 Reference value :  2.78875e-06
 Reference value :  2.78991e-06
 Reference value :  2.79059e-06
 Reference value :  2.79179e-06
 Reference value :  2.79239e-06
 Reference value :  2.79339e-06
 Reference value :  2.79411e-06
 Reference value :  2.79535e-06
 Reference value :  2.79611e-06
 Reference value :  2.79667e-06
 Reference value :  2.79775e-06
 Reference value :  2.79847e-06
 Reference value :  2.79971e-06
 Reference value :  2.80035e-06
 Reference value :  2.80155e-06
 Reference value :  2.80223e-06
 Reference value :  2.80351e-06
 Reference value :  2.80423e-06
 Reference value :  2.80499e-06
 Reference value :  2.80602e-06
 Reference value :  2.80707e-06
 Reference value :  2.80804e-06
 Reference value :  2.80871e-06
 Reference value :  2.81000e-06
 Reference value :  2.81063e-06
 Reference value :  2.81191e-06
 Reference value :  2.81247e-06
 Reference value :  2.81335e-06
 Reference value :  2.81419e-06
 Reference value :  2.81543e-06
 Reference value :  2.81619e-06
 Reference value :  2.81715e-06
 Reference value :  2.81804e-06
 Reference value :  2.81903e-06
 Reference value :  2.82002e-06
 Reference value :  2.82071e-06
 Reference value :  2.82139e-06
 Reference value :  2.82219e-06
 Reference value :  2.82343e-06
 Reference value :  2.82419e-06
 Reference value :  2.82515e-06
 Reference value :  2.82607e-06
 Reference value :  2.82707e-06
 Reference value :  2.82804e-06
 Reference value :  2.82859e-06
 Reference value :  2.82943e-06
 Reference value :  2.83047e-06
 Reference value :  2.83187e-06
 Reference value :  2.83247e-06
 Reference value :  2.83371e-06
 Reference value :  2.83427e-06
 Reference value :  2.83559e-06
 Reference value :  2.83623e-06
 Reference value :  2.83683e-06
 Reference value :  2.83800e-06
 Reference value :  2.83883e-06
 Reference value :  2.84001e-06
 Reference value :  2.84063e-06
 Reference value :  2.84187e-06
 Reference value :  2.84243e-06
 Reference value :  2.84371e-06
 Reference value :  2.84435e-06
 Reference value :  2.84519e-06
 Reference value :  2.84607e-06
 Reference value :  2.84727e-06
 Reference value :  2.84811e-06
 Reference value :  2.84903e-06
 Reference value :  2.85002e-06
 Reference value :  2.85087e-06
 Reference value :  2.85200e-06
 Reference value :  2.85251e-06
 Reference value :  2.85331e-06
 Reference value :  2.85415e-06
 Reference value :  2.85543e-06
 Reference value :  2.85619e-06
 Reference value :  2.85711e-06
 Reference value :  2.85804e-06
 Reference value :  2.85891e-06
 Reference value :  2.86001e-06
 Reference value :  2.86051e-06
 Reference value :  2.86139e-06
 Reference value :  2.86219e-06
 Reference value :  2.86343e-06
 Reference value :  2.86423e-06
 Reference value :  2.86531e-06
 Reference value :  2.86615e-06
 Reference value :  2.86727e-06
 Reference value :  2.86815e-06
 Reference value :  2.86879e-06
 Reference value :  2.87000e-06
 Reference value :  2.87079e-06
 Reference value :  2.87200e-06
 Reference value :  2.87247e-06
 Reference value :  2.87379e-06
 Reference value :  2.87435e-06
 Reference value :  2.87563e-06
 Reference value :  2.87627e-06
 Reference value :  2.87699e-06
 Reference value :  2.87802e-06
 Reference value :  2.87907e-06
 Reference value :  2.88003e-06
 Reference value :  2.88079e-06
 Reference value :  2.88200e-06
 Reference value :  2.88271e-06
 Reference value :  2.88397e-06
 Reference value :  2.88447e-06
 Reference value :  2.88507e-06
 Reference value :  2.88602e-06
 Reference value :  2.88707e-06
 Reference value :  2.88802e-06
 Reference value :  2.88859e-06
 Reference value :  2.88983e-06
 Reference value :  2.89043e-06
 Reference value :  2.89175e-06
 Reference value :  2.89235e-06
 Reference value :  2.89291e-06
 Reference value :  2.89401e-06
 Reference value :  2.89503e-06
 Reference value :  2.89603e-06
 Reference value :  2.89687e-06
 Reference value :  2.89801e-06
 Reference value :  2.89883e-06
 Reference value :  2.90000e-06
 Reference value :  2.90051e-06
 Reference value :  2.90151e-06
 Reference value :  2.90227e-06
 Reference value :  2.90355e-06
 Reference value :  2.90427e-06
 Reference value :  2.90515e-06
 Reference value :  2.90607e-06
 Reference value :  2.90699e-06
 Reference value :  2.90802e-06
 Reference value :  2.90855e-06
 Reference value :  2.90955e-06
 Reference value :  2.91035e-06
 Reference value :  2.91163e-06
 Reference value :  2.91231e-06
 Reference value :  2.91339e-06
 Reference value :  2.91415e-06
 Reference value :  2.91531e-06
 Reference value :  2.91615e-06
 Reference value :  2.91675e-06
 Reference value :  2.91795e-06
 Reference value :  2.91871e-06
 Reference value :  2.91997e-06
 Reference value :  2.92043e-06
 Reference value :  2.92155e-06
 Reference value :  2.92223e-06
 Reference value :  2.92351e-06
 Reference value :  2.92427e-06
 Reference value :  2.92483e-06
 Reference value :  2.92600e-06
 Reference value :  2.92683e-06
 Reference value :  2.92801e-06
 Reference value :  2.92859e-06
 Reference value :  2.92987e-06
 Reference value :  2.93043e-06
 Reference value :  2.93175e-06
 Reference value :  2.93235e-06
 Reference value :  2.93315e-06
 Reference value :  2.93407e-06
 Reference value :  2.93527e-06
 Reference value :  2.93615e-06
 Reference value :  2.93699e-06
 Reference value :  2.93803e-06
 Reference value :  2.93895e-06
 Reference value :  2.94001e-06
 Reference value :  2.94055e-06
 Reference value :  2.94167e-06
 Reference value :  2.94243e-06
 Reference value :  2.94367e-06
 Reference value :  2.94435e-06
 Reference value :  2.94547e-06
 Reference value :  2.94615e-06
 Reference value :  2.94735e-06
 Reference value :  2.94815e-06
 Reference value :  2.94871e-06
 Reference value :  2.94943e-06
 Reference value :  2.95015e-06
 Reference value :  2.95135e-06
 Reference value :  2.95215e-06
 Reference value :  2.95311e-06
 Reference value :  2.95403e-06
 Reference value :  2.95491e-06
 Reference value :  2.95601e-06
 Reference value :  2.95655e-06
 Reference value :  2.95739e-06
 Reference value :  2.95819e-06
 Reference value :  2.95939e-06
 Reference value :  2.96015e-06
 Reference value :  2.96107e-06
 Reference value :  2.96202e-06
 Reference value :  2.96291e-06
 Reference value :  2.96401e-06
 Reference value :  2.96451e-06
 Reference value :  2.96547e-06
 Reference value :  2.96631e-06
 Reference value :  2.96755e-06
 Reference value :  2.96827e-06
 Reference value :  2.96907e-06
 Reference value :  2.97003e-06
 Reference value :  2.97099e-06
 Reference value :  2.97202e-06
 Reference value :  2.97255e-06
 Reference value :  2.97363e-06
 Reference value :  2.97439e-06
 Reference value :  2.97575e-06
 Reference value :  2.97639e-06
 Reference value :  2.97755e-06
 Reference value :  2.97819e-06
 Reference value :  2.97939e-06
 Reference value :  2.98015e-06
 Reference value :  2.98075e-06
 Reference value :  2.98191e-06
 Reference value :  2.98271e-06
 Reference value :  2.98397e-06
 Reference value :  2.98447e-06
 Reference value :  2.98579e-06
 Reference value :  2.98647e-06
 Reference value :  2.98775e-06
 Reference value :  2.98835e-06
 Reference value :  2.98903e-06
 Reference value :  2.99003e-06
 Reference value :  2.99111e-06
 Reference value :  2.99204e-06
 Reference value :  2.99291e-06
 Reference value :  2.99402e-06
 Reference value :  2.99487e-06
 Reference value :  2.99601e-06
 Reference value :  2.99659e-06
 Reference value :  2.99763e-06
 Reference value :  2.99839e-06
 Reference value :  2.99967e-06
 Reference value :  3.00035e-06
 Reference value :  3.00127e-06
 Reference value :  3.00211e-06
 Reference value :  3.00319e-06
 Reference value :  3.00411e-06
 Reference value :  3.00467e-06
 Reference value :  3.00591e-06
 Reference value :  3.00675e-06
 Reference value :  3.00800e-06
 Reference value :  3.00855e-06
 Reference value :  3.00987e-06
 Reference value :  3.01067e-06
 Reference value :  3.01200e-06
 Reference value :  3.01251e-06
 Reference value :  3.01315e-06
 Reference value :  3.01407e-06
 Reference value :  3.01527e-06
 Reference value :  3.01615e-06
 Reference value :  3.01703e-06
 Reference value :  3.01803e-06
 Reference value :  3.01899e-06
 Reference value :  3.02007e-06
 Reference value :  3.02063e-06
 Reference value :  3.02159e-06
 Reference value :  3.02243e-06
 Reference value :  3.02379e-06
 Reference value :  3.02455e-06
 Reference value :  3.02591e-06
 Reference value :  3.02659e-06
 Reference value :  3.02795e-06
 Reference value :  3.02851e-06
 Reference value :  3.02963e-06
 Reference value :  3.03055e-06
 Reference value :  3.03195e-06
 Reference value :  3.03251e-06
 Reference value :  3.03387e-06
 Reference value :  3.03459e-06
 Reference value :  3.03600e-06
 Reference value :  3.03651e-06
 Reference value :  3.03767e-06
 Reference value :  3.03851e-06
 Reference value :  3.03987e-06
 Reference value :  3.04047e-06
 Reference value :  3.04175e-06
 Reference value :  3.04235e-06
 Reference value :  3.04371e-06
 Reference value :  3.04435e-06
 Reference value :  3.04503e-06
 Reference value :  3.04602e-06
 Reference value :  3.04707e-06
 Reference value :  3.04807e-06
 Reference value :  3.04883e-06
 Reference value :  3.05001e-06
 Reference value :  3.05067e-06
 Reference value :  3.05195e-06
 Reference value :  3.05251e-06
 Reference value :  3.05335e-06
 Reference value :  3.05419e-06
 Reference value :  3.05543e-06
 Reference value :  3.05619e-06
 Reference value :  3.05723e-06
 Reference value :  3.05811e-06
 Reference value :  3.05923e-06
 Reference value :  3.06019e-06
 Reference value :  3.06103e-06
 Reference value :  3.06211e-06
 Reference value :  3.06343e-06
 Reference value :  3.06427e-06
 Reference value :  3.06523e-06
 Reference value :  3.06611e-06
 Reference value :  3.06723e-06
 Reference value :  3.06815e-06
 Reference value :  3.06879e-06
 Reference value :  3.07001e-06
 Reference value :  3.07107e-06
 Reference value :  3.07207e-06
 Reference value :  3.07303e-06
 Reference value :  3.07403e-06
 Reference value :  3.07503e-06
 Reference value :  3.07604e-06
 Reference value :  3.07667e-06
 Reference value :  3.07727e-06
 Reference value :  3.07819e-06
 Reference value :  3.07947e-06
 Reference value :  3.08027e-06
 Reference value :  3.08135e-06
 Reference value :  3.08215e-06
 Reference value :  3.08347e-06
 Reference value :  3.08427e-06
 Reference value :  3.08475e-06
 Reference value :  3.08591e-06
 Reference value :  3.08671e-06
 Reference value :  3.08797e-06
 Reference value :  3.08855e-06
 Reference value :  3.08983e-06
 Reference value :  3.09047e-06
 Reference value :  3.09183e-06
 Reference value :  3.09243e-06
 Reference value :  3.09339e-06
 Reference value :  3.09423e-06
 Reference value :  3.09555e-06
 Reference value :  3.09631e-06
 Reference value :  3.09727e-06
 Reference value :  3.09815e-06
 Reference value :  3.09931e-06
 Reference value :  3.10019e-06
 Reference value :  3.10079e-06
 Reference value :  3.10201e-06
 Reference value :  3.10331e-06
 Reference value :  3.10419e-06
 Reference value :  3.10523e-06
 Reference value :  3.10615e-06
 Reference value :  3.10735e-06
 Reference value :  3.10815e-06
 Reference value :  3.10875e-06
 Reference value :  3.10997e-06
 Reference value :  3.11079e-06
 Reference value :  3.11201e-06
 Reference value :  3.11255e-06
 Reference value :  3.11391e-06
 Reference value :  3.11455e-06
 Reference value :  3.11587e-06
 Reference value :  3.11643e-06
 Reference value :  3.11731e-06
 Reference value :  3.11819e-06
 Reference value :  3.11947e-06
 Reference value :  3.12027e-06
 Reference value :  3.12131e-06
 Reference value :  3.12215e-06
 Reference value :  3.12335e-06
 Reference value :  3.12415e-06
 Reference value :  3.12487e-06
 Reference value :  3.12601e-06
 Reference value :  3.12711e-06
 Reference value :  3.12807e-06
 Reference value :  3.12891e-06
 Reference value :  3.13001e-06
 Reference value :  3.13087e-06
 Reference value :  3.13201e-06
 Reference value :  3.13259e-06
 Reference value :  3.13379e-06
 Reference value :  3.13467e-06
 Reference value :  3.13600e-06
 Reference value :  3.13655e-06
 Reference value :  3.13787e-06
 Reference value :  3.13855e-06
 Reference value :  3.13983e-06
 Reference value :  3.14039e-06
 Reference value :  3.14099e-06
 Reference value :  3.14202e-06
 Reference value :  3.14315e-06
 Reference value :  3.14407e-06
 Reference value :  3.14491e-06
 Reference value :  3.14611e-06
 Reference value :  3.14727e-06
 Reference value :  3.14811e-06
 Reference value :  3.14867e-06
 Reference value :  3.14963e-06
 Reference value :  3.15047e-06
 Reference value :  3.15179e-06
 Reference value :  3.15243e-06
 Reference value :  3.15367e-06
 Reference value :  3.15427e-06
 Reference value :  3.15555e-06
 Reference value :  3.15627e-06
 Reference value :  3.15695e-06
 Reference value :  3.15802e-06
 Reference value :  3.15903e-06
 Reference value :  3.16002e-06
 Reference value :  3.16059e-06
 Reference value :  3.16187e-06
 Reference value :  3.16259e-06
 Reference value :  3.16391e-06
 Reference value :  3.16443e-06
 Reference value :  3.16535e-06
 Reference value :  3.16619e-06
 Reference value :  3.16751e-06
 Reference value :  3.16831e-06
 Reference value :  3.16939e-06
 Reference value :  3.17019e-06
 Reference value :  3.17151e-06
 Reference value :  3.17227e-06
 Reference value :  3.17287e-06
 Reference value :  3.17401e-06
 Reference value :  3.17503e-06
 Reference value :  3.17603e-06
 Reference value :  3.17675e-06
 Reference value :  3.17800e-06
 Reference value :  3.17867e-06
 Reference value :  3.18001e-06
 Reference value :  3.18055e-06
 Reference value :  3.18151e-06
 Reference value :  3.18235e-06
 Reference value :  3.18371e-06
 Reference value :  3.18443e-06
 Reference value :  3.18563e-06
 Reference value :  3.18631e-06
 Reference value :  3.18767e-06
 Reference value :  3.18835e-06
 Reference value :  3.18927e-06
 Reference value :  3.19015e-06
 Reference value :  3.19143e-06
 Reference value :  3.19227e-06
 Reference value :  3.19331e-06
 Reference value :  3.19415e-06
 Reference value :  3.19539e-06
 Reference value :  3.19623e-06
 Reference value :  3.19687e-06
 Reference value :  3.19802e-06
 Reference value :  3.19923e-06
No. of Data Rows : 94280
sim/harness: analysis complete
Note: Simulation executed from .control section 
Note: Starting dynamic gmin stepping
Note: Dynamic gmin stepping completed
