
Note: Compatibility modes selected: hs a


Circuit: ** sch_path: /users/rwalters/github/sky130-pll/.loom/worktrees/issue-81/sim/pll-lock/testbench/tb_pll_lock.sch

option SCALE: Scale is set to 1e-06 for instance and model parameters
option SCALE: Scale is set to 1e-06 for instance and model parameters
option SCALE: Scale is set to 1e-06 for instance and model parameters
option SCALE: Scale is set to 1e-06 for instance and model parameters
Doing analysis at TEMP = 27.000000 and TNOM = 27.000000

Using KLU as Direct Linear Solver
 Reference value :  0.00000e+00
 Reference value :  3.83483e-09
 Reference value :  5.95183e-09
 Reference value :  6.54660e-09
 Reference value :  7.18482e-09
 Reference value :  7.80731e-09
 Reference value :  8.56091e-09
 Reference value :  9.12151e-09
 Reference value :  9.88465e-09
 Reference value :  1.05172e-08
 Reference value :  1.11575e-08
 Reference value :  1.18628e-08
 Reference value :  1.25528e-08
 Reference value :  1.33497e-08
 Reference value :  1.42174e-08
 Reference value :  1.47700e-08
 Reference value :  1.56285e-08
 Reference value :  1.64934e-08
 Reference value :  1.73428e-08
 Reference value :  1.80557e-08
 Reference value :  1.86558e-08
 Reference value :  1.92275e-08
 Reference value :  1.98649e-08
 Reference value :  2.04252e-08
 Reference value :  2.12376e-08
 Reference value :  2.19498e-08
 Reference value :  2.25551e-08
 Reference value :  2.32994e-08
 Reference value :  2.39766e-08
 Reference value :  2.46729e-08
 Reference value :  2.53170e-08
 Reference value :  2.58698e-08
 Reference value :  2.66976e-08
 Reference value :  2.72445e-08
 Reference value :  2.78477e-08
 Reference value :  2.85205e-08
 Reference value :  2.91450e-08
 Reference value :  2.98105e-08
 Reference value :  3.05968e-08
 Reference value :  3.14342e-08
 Reference value :  3.22558e-08
 Reference value :  3.29743e-08
 Reference value :  3.37223e-08
 Reference value :  3.44412e-08
 Reference value :  3.50210e-08
 Reference value :  3.57209e-08
 Reference value :  3.63809e-08
 Reference value :  3.70453e-08
 Reference value :  3.78269e-08
 Reference value :  3.84535e-08
 Reference value :  3.90535e-08
 Reference value :  3.98876e-08
 Reference value :  4.05956e-08
 Reference value :  4.14523e-08
 Reference value :  4.20832e-08
 Reference value :  4.26770e-08
 Reference value :  4.35527e-08
 Reference value :  4.43854e-08
 Reference value :  4.53138e-08
 Reference value :  4.61249e-08
 Reference value :  4.70020e-08
 Reference value :  4.77088e-08
 Reference value :  4.83531e-08
 Reference value :  4.90520e-08
 Reference value :  4.99343e-08
 Reference value :  5.06308e-08
 Reference value :  5.13676e-08
 Reference value :  5.20066e-08
 Reference value :  5.26473e-08
 Reference value :  5.33095e-08
 Reference value :  5.40780e-08
 Reference value :  5.47490e-08
 Reference value :  5.54729e-08
 Reference value :  5.63951e-08
 Reference value :  5.73501e-08
 Reference value :  5.82508e-08
 Reference value :  5.89350e-08
 Reference value :  5.94873e-08
 Reference value :  6.04480e-08
 Reference value :  6.12114e-08
 Reference value :  6.19793e-08
 Reference value :  6.26726e-08
 Reference value :  6.34909e-08
 Reference value :  6.41611e-08
 Reference value :  6.49161e-08
 Reference value :  6.57595e-08
 Reference value :  6.63949e-08
 Reference value :  6.69392e-08
 Reference value :  6.76520e-08
 Reference value :  6.83046e-08
 Reference value :  6.90842e-08
 Reference value :  6.95815e-08
 Reference value :  7.04068e-08
 Reference value :  7.11222e-08
 Reference value :  7.19621e-08
 Reference value :  7.27072e-08
 Reference value :  7.34026e-08
 Reference value :  7.41127e-08
 Reference value :  7.47638e-08
 Reference value :  7.54784e-08
 Reference value :  7.61272e-08
 Reference value :  7.68810e-08
 Reference value :  7.74834e-08
 Reference value :  7.79996e-08
 Reference value :  7.88193e-08
 Reference value :  7.95000e-08
 Reference value :  8.02565e-08
 Reference value :  8.09558e-08
 Reference value :  8.16333e-08
 Reference value :  8.23623e-08
 Reference value :  8.30658e-08
 Reference value :  8.36202e-08
 Reference value :  8.44213e-08
 Reference value :  8.52327e-08
 Reference value :  8.59360e-08
 Reference value :  8.67344e-08
 Reference value :  8.76505e-08
 Reference value :  8.82344e-08
 Reference value :  8.90774e-08
 Reference value :  8.96968e-08
 Reference value :  9.01985e-08
 Reference value :  9.10730e-08
 Reference value :  9.18181e-08
 Reference value :  9.24957e-08
 Reference value :  9.32443e-08
 Reference value :  9.38383e-08
 Reference value :  9.46192e-08
 Reference value :  9.52539e-08
 Reference value :  9.57982e-08
 Reference value :  9.64693e-08
 Reference value :  9.72289e-08
 Reference value :  9.79370e-08
 Reference value :  9.87211e-08
 Reference value :  9.94326e-08
 Reference value :  1.00127e-07
 Reference value :  1.00860e-07
 Reference value :  1.01475e-07
 Reference value :  1.02135e-07
 Reference value :  1.03017e-07
 Reference value :  1.03721e-07
 Reference value :  1.04414e-07
 Reference value :  1.05050e-07
 Reference value :  1.05832e-07
 Reference value :  1.06792e-07
 Reference value :  1.07377e-07
 Reference value :  1.08180e-07
 Reference value :  1.09011e-07
 Reference value :  1.09587e-07
 Reference value :  1.10414e-07
 Reference value :  1.11096e-07
 Reference value :  1.11924e-07
 Reference value :  1.12544e-07
 Reference value :  1.13347e-07
 Reference value :  1.14109e-07
 Reference value :  1.14759e-07
 Reference value :  1.15564e-07
 Reference value :  1.16271e-07
 Reference value :  1.17007e-07
 Reference value :  1.17826e-07
 Reference value :  1.18421e-07
 Reference value :  1.19017e-07
 Reference value :  1.19777e-07
 Reference value :  1.20395e-07
 Reference value :  1.21158e-07
 Reference value :  1.21842e-07
 Reference value :  1.22593e-07
 Reference value :  1.23472e-07
 Reference value :  1.24258e-07
 Reference value :  1.25032e-07
 Reference value :  1.25812e-07
 Reference value :  1.26418e-07
 Reference value :  1.27223e-07
 Reference value :  1.28261e-07
 Reference value :  1.29201e-07
 Reference value :  1.30136e-07
 Reference value :  1.31038e-07
 Reference value :  1.31901e-07
 Reference value :  1.32803e-07
 Reference value :  1.33361e-07
 Reference value :  1.34219e-07
 Reference value :  1.35001e-07
 Reference value :  1.35758e-07
 Reference value :  1.36608e-07
 Reference value :  1.37440e-07
 Reference value :  1.38156e-07
 Reference value :  1.38901e-07
 Reference value :  1.39667e-07
 Reference value :  1.40310e-07
 Reference value :  1.41227e-07
 Reference value :  1.41876e-07
 Reference value :  1.42677e-07
 Reference value :  1.43334e-07
 Reference value :  1.44039e-07
 Reference value :  1.44695e-07
 Reference value :  1.45357e-07
 Reference value :  1.45936e-07
 Reference value :  1.46770e-07
 Reference value :  1.47515e-07
 Reference value :  1.48257e-07
 Reference value :  1.48948e-07
 Reference value :  1.49531e-07
 Reference value :  1.50182e-07
 Reference value :  1.50927e-07
 Reference value :  1.51602e-07
 Reference value :  1.52311e-07
 Reference value :  1.52964e-07
 Reference value :  1.53792e-07
 Reference value :  1.54656e-07
 Reference value :  1.55403e-07
 Reference value :  1.56071e-07
 Reference value :  1.56815e-07
 Reference value :  1.57506e-07
 Reference value :  1.58186e-07
 Reference value :  1.58971e-07
 Reference value :  1.59685e-07
 Reference value :  1.60402e-07
 Reference value :  1.61356e-07
 Reference value :  1.62151e-07
 Reference value :  1.62858e-07
 Reference value :  1.63687e-07
 Reference value :  1.64424e-07
 Reference value :  1.65275e-07
 Reference value :  1.66036e-07
 Reference value :  1.66713e-07
 Reference value :  1.67260e-07
 Reference value :  1.68102e-07
 Reference value :  1.68901e-07
 Reference value :  1.69491e-07
 Reference value :  1.70038e-07
 Reference value :  1.70705e-07
 Reference value :  1.71490e-07
 Reference value :  1.72300e-07
 Reference value :  1.72957e-07
 Reference value :  1.73656e-07
 Reference value :  1.74351e-07
 Reference value :  1.75099e-07
 Reference value :  1.75787e-07
 Reference value :  1.76493e-07
 Reference value :  1.77263e-07
 Reference value :  1.77999e-07
 Reference value :  1.78741e-07
 Reference value :  1.79350e-07
 Reference value :  1.80102e-07
 Reference value :  1.80858e-07
 Reference value :  1.81568e-07
 Reference value :  1.82195e-07
 Reference value :  1.82946e-07
 Reference value :  1.83719e-07
 Reference value :  1.84527e-07
 Reference value :  1.85244e-07
 Reference value :  1.85826e-07
 Reference value :  1.86742e-07
 Reference value :  1.87429e-07
 Reference value :  1.88176e-07
 Reference value :  1.88961e-07
 Reference value :  1.89588e-07
 Reference value :  1.90343e-07
 Reference value :  1.91248e-07
 Reference value :  1.92291e-07
 Reference value :  1.93028e-07
 Reference value :  1.93829e-07
 Reference value :  1.94493e-07
 Reference value :  1.95298e-07
 Reference value :  1.96048e-07
 Reference value :  1.96787e-07
 Reference value :  1.97708e-07
 Reference value :  1.98557e-07
 Reference value :  1.99186e-07
 Reference value :  1.99814e-07
 Reference value :  2.00475e-07
 Reference value :  2.01121e-07
 Reference value :  2.01954e-07
 Reference value :  2.02745e-07
 Reference value :  2.03411e-07
 Reference value :  2.04115e-07
 Reference value :  2.04812e-07
 Reference value :  2.05573e-07
 Reference value :  2.06299e-07
 Reference value :  2.07008e-07
 Reference value :  2.07719e-07
 Reference value :  2.08346e-07
 Reference value :  2.09063e-07
 Reference value :  2.09724e-07
 Reference value :  2.10557e-07
 Reference value :  2.11288e-07
 Reference value :  2.12100e-07
 Reference value :  2.12882e-07
 Reference value :  2.13466e-07
 Reference value :  2.14266e-07
 Reference value :  2.14891e-07
 Reference value :  2.15498e-07
 Reference value :  2.16109e-07
 Reference value :  2.16894e-07
 Reference value :  2.17589e-07
 Reference value :  2.18220e-07
 Reference value :  2.18868e-07
 Reference value :  2.19544e-07
 Reference value :  2.20314e-07
 Reference value :  2.21003e-07
 Reference value :  2.21666e-07
 Reference value :  2.22353e-07
 Reference value :  2.23068e-07
 Reference value :  2.23728e-07
 Reference value :  2.24432e-07
 Reference value :  2.25232e-07
 Reference value :  2.25825e-07
 Reference value :  2.26536e-07
 Reference value :  2.27246e-07
 Reference value :  2.28040e-07
 Reference value :  2.28706e-07
 Reference value :  2.29400e-07
 Reference value :  2.30062e-07
 Reference value :  2.30939e-07
 Reference value :  2.31689e-07
 Reference value :  2.32500e-07
 Reference value :  2.33137e-07
 Reference value :  2.33804e-07
 Reference value :  2.34537e-07
 Reference value :  2.35428e-07
 Reference value :  2.36301e-07
 Reference value :  2.37113e-07
 Reference value :  2.38104e-07
 Reference value :  2.38786e-07
 Reference value :  2.39624e-07
 Reference value :  2.40366e-07
 Reference value :  2.41095e-07
 Reference value :  2.41900e-07
 Reference value :  2.42650e-07
 Reference value :  2.43436e-07
 Reference value :  2.43997e-07
 Reference value :  2.44777e-07
 Reference value :  2.45533e-07
 Reference value :  2.46286e-07
 Reference value :  2.47000e-07
 Reference value :  2.47679e-07
 Reference value :  2.48390e-07
 Reference value :  2.49144e-07
 Reference value :  2.49816e-07
 Reference value :  2.50389e-07
 Reference value :  2.51086e-07
 Reference value :  2.51641e-07
 Reference value :  2.52326e-07
 Reference value :  2.53069e-07
 Reference value :  2.53804e-07
 Reference value :  2.54543e-07
 Reference value :  2.55248e-07
 Reference value :  2.55815e-07
 Reference value :  2.56533e-07
 Reference value :  2.57182e-07
 Reference value :  2.58056e-07
 Reference value :  2.58717e-07
 Reference value :  2.59567e-07
 Reference value :  2.60325e-07
 Reference value :  2.61193e-07
 Reference value :  2.62154e-07
 Reference value :  2.62784e-07
 Reference value :  2.63553e-07
 Reference value :  2.64355e-07
 Reference value :  2.64928e-07
 Reference value :  2.65729e-07
 Reference value :  2.66405e-07
 Reference value :  2.66988e-07
 Reference value :  2.67961e-07
 Reference value :  2.68856e-07
 Reference value :  2.69747e-07
 Reference value :  2.70436e-07
 Reference value :  2.71304e-07
 Reference value :  2.72222e-07
 Reference value :  2.72971e-07
 Reference value :  2.73672e-07
 Reference value :  2.74503e-07
 Reference value :  2.75312e-07
 Reference value :  2.76177e-07
 Reference value :  2.77038e-07
 Reference value :  2.77829e-07
 Reference value :  2.78707e-07
 Reference value :  2.79472e-07
 Reference value :  2.80329e-07
 Reference value :  2.81168e-07
 Reference value :  2.81923e-07
 Reference value :  2.83040e-07
 Reference value :  2.83895e-07
 Reference value :  2.84504e-07
 Reference value :  2.85270e-07
 Reference value :  2.86166e-07
 Reference value :  2.86944e-07
 Reference value :  2.87731e-07
 Reference value :  2.88466e-07
 Reference value :  2.89127e-07
 Reference value :  2.89798e-07
 Reference value :  2.90581e-07
 Reference value :  2.91300e-07
 Reference value :  2.92074e-07
 Reference value :  2.92673e-07
 Reference value :  2.93451e-07
 Reference value :  2.94262e-07
 Reference value :  2.95023e-07
 Reference value :  2.95728e-07
 Reference value :  2.96347e-07
 Reference value :  2.97106e-07
 Reference value :  2.97956e-07
 Reference value :  2.98591e-07
 Reference value :  2.99263e-07
 Reference value :  2.99995e-07
 Reference value :  3.00791e-07
 Reference value :  3.01389e-07
 Reference value :  3.02117e-07
 Reference value :  3.02875e-07
 Reference value :  3.03556e-07
 Reference value :  3.04170e-07
 Reference value :  3.04924e-07
 Reference value :  3.05666e-07
 Reference value :  3.06328e-07
 Reference value :  3.07023e-07
 Reference value :  3.07780e-07
 Reference value :  3.08578e-07
 Reference value :  3.09178e-07
 Reference value :  3.10056e-07
 Reference value :  3.10768e-07
 Reference value :  3.11479e-07
 Reference value :  3.12316e-07
 Reference value :  3.12898e-07
 Reference value :  3.13671e-07
 Reference value :  3.14561e-07
 Reference value :  3.15206e-07
 Reference value :  3.15997e-07
 Reference value :  3.16592e-07
 Reference value :  3.17379e-07
 Reference value :  3.18030e-07
 Reference value :  3.18736e-07
 Reference value :  3.19352e-07
 Reference value :  3.20086e-07
 Reference value :  3.20789e-07
 Reference value :  3.21552e-07
 Reference value :  3.22093e-07
 Reference value :  3.22814e-07
 Reference value :  3.23472e-07
 Reference value :  3.24268e-07
 Reference value :  3.24824e-07
 Reference value :  3.25553e-07
 Reference value :  3.26180e-07
 Reference value :  3.26830e-07
 Reference value :  3.27579e-07
 Reference value :  3.28325e-07
 Reference value :  3.28900e-07
 Reference value :  3.29409e-07
 Reference value :  3.30196e-07
 Reference value :  3.30941e-07
 Reference value :  3.31690e-07
 Reference value :  3.32316e-07
 Reference value :  3.32966e-07
 Reference value :  3.33590e-07
 Reference value :  3.34196e-07
 Reference value :  3.35009e-07
 Reference value :  3.35796e-07
 Reference value :  3.36595e-07
 Reference value :  3.37277e-07
 Reference value :  3.38005e-07
 Reference value :  3.38719e-07
 Reference value :  3.39391e-07
 Reference value :  3.40104e-07
 Reference value :  3.40831e-07
 Reference value :  3.41476e-07
 Reference value :  3.42213e-07
 Reference value :  3.43004e-07
 Reference value :  3.43639e-07
 Reference value :  3.44180e-07
 Reference value :  3.44961e-07
 Reference value :  3.45695e-07
 Reference value :  3.46378e-07
 Reference value :  3.46980e-07
 Reference value :  3.47759e-07
 Reference value :  3.48421e-07
 Reference value :  3.49053e-07
 Reference value :  3.49656e-07
 Reference value :  3.50459e-07
 Reference value :  3.51099e-07
 Reference value :  3.51716e-07
 Reference value :  3.52367e-07
 Reference value :  3.53158e-07
 Reference value :  3.53746e-07
 Reference value :  3.54511e-07
 Reference value :  3.55061e-07
 Reference value :  3.55773e-07
 Reference value :  3.56488e-07
 Reference value :  3.57186e-07
 Reference value :  3.57769e-07
 Reference value :  3.58561e-07
 Reference value :  3.59224e-07
 Reference value :  3.60024e-07
 Reference value :  3.60593e-07
 Reference value :  3.61366e-07
 Reference value :  3.62080e-07
 Reference value :  3.62757e-07
 Reference value :  3.63473e-07
 Reference value :  3.64182e-07
 Reference value :  3.65081e-07
 Reference value :  3.65977e-07
 Reference value :  3.66673e-07
 Reference value :  3.67448e-07
 Reference value :  3.68317e-07
 Reference value :  3.68956e-07
 Reference value :  3.69701e-07
 Reference value :  3.70549e-07
 Reference value :  3.71488e-07
 Reference value :  3.72156e-07
 Reference value :  3.72870e-07
 Reference value :  3.73704e-07
 Reference value :  3.74338e-07
 Reference value :  3.75177e-07
 Reference value :  3.76045e-07
 Reference value :  3.76736e-07
 Reference value :  3.77375e-07
 Reference value :  3.78138e-07
 Reference value :  3.79104e-07
 Reference value :  3.79826e-07
 Reference value :  3.80544e-07
 Reference value :  3.81227e-07
 Reference value :  3.81815e-07
 Reference value :  3.82570e-07
 Reference value :  3.83280e-07
 Reference value :  3.84103e-07
 Reference value :  3.85067e-07
 Reference value :  3.85769e-07
 Reference value :  3.86492e-07
 Reference value :  3.87112e-07
 Reference value :  3.87871e-07
 Reference value :  3.88528e-07
 Reference value :  3.89150e-07
 Reference value :  3.89869e-07
 Reference value :  3.90625e-07
 Reference value :  3.91271e-07
 Reference value :  3.91850e-07
 Reference value :  3.92553e-07
 Reference value :  3.93234e-07
 Reference value :  3.94024e-07
 Reference value :  3.94708e-07
 Reference value :  3.95385e-07
 Reference value :  3.96168e-07
 Reference value :  3.96813e-07
 Reference value :  3.97375e-07
 Reference value :  3.98105e-07
 Reference value :  3.98853e-07
 Reference value :  3.99444e-07
 Reference value :  4.00003e-07
 Reference value :  4.00785e-07
 Reference value :  4.01460e-07
 Reference value :  4.02232e-07
 Reference value :  4.02930e-07
 Reference value :  4.03610e-07
 Reference value :  4.04264e-07
 Reference value :  4.04975e-07
 Reference value :  4.05633e-07
 Reference value :  4.06303e-07
 Reference value :  4.07175e-07
 Reference value :  4.07771e-07
 Reference value :  4.08610e-07
 Reference value :  4.09241e-07
 Reference value :  4.09877e-07
 Reference value :  4.10544e-07
 Reference value :  4.11111e-07
 Reference value :  4.11920e-07
 Reference value :  4.12735e-07
 Reference value :  4.13577e-07
 Reference value :  4.14137e-07
 Reference value :  4.14706e-07
 Reference value :  4.15470e-07
 Reference value :  4.16162e-07
 Reference value :  4.16924e-07
 Reference value :  4.17751e-07
 Reference value :  4.18352e-07
 Reference value :  4.19094e-07
 Reference value :  4.19846e-07
 Reference value :  4.20599e-07
 Reference value :  4.21177e-07
 Reference value :  4.21896e-07
 Reference value :  4.22678e-07
 Reference value :  4.23404e-07
 Reference value :  4.24114e-07
 Reference value :  4.24779e-07
 Reference value :  4.25512e-07
 Reference value :  4.26180e-07
 Reference value :  4.26939e-07
 Reference value :  4.27816e-07
 Reference value :  4.28461e-07
 Reference value :  4.29095e-07
 Reference value :  4.29801e-07
 Reference value :  4.30563e-07
 Reference value :  4.31188e-07
 Reference value :  4.31886e-07
 Reference value :  4.32484e-07
 Reference value :  4.33265e-07
 Reference value :  4.33828e-07
 Reference value :  4.34592e-07
 Reference value :  4.35296e-07
 Reference value :  4.36031e-07
 Reference value :  4.36711e-07
 Reference value :  4.37397e-07
 Reference value :  4.38277e-07
 Reference value :  4.38853e-07
 Reference value :  4.39430e-07
 Reference value :  4.40175e-07
 Reference value :  4.41112e-07
 Reference value :  4.41939e-07
 Reference value :  4.42525e-07
 Reference value :  4.43189e-07
 Reference value :  4.43810e-07
 Reference value :  4.44648e-07
 Reference value :  4.45364e-07
 Reference value :  4.46180e-07
 Reference value :  4.46765e-07
 Reference value :  4.47546e-07
 Reference value :  4.48364e-07
 Reference value :  4.49116e-07
 Reference value :  4.49773e-07
 Reference value :  4.50232e-07
 Reference value :  4.51073e-07
 Reference value :  4.51702e-07
 Reference value :  4.52519e-07
 Reference value :  4.53304e-07
 Reference value :  4.53945e-07
 Reference value :  4.54719e-07
 Reference value :  4.55307e-07
 Reference value :  4.55982e-07
 Reference value :  4.56660e-07
 Reference value :  4.57403e-07
 Reference value :  4.58101e-07
 Reference value :  4.58664e-07
 Reference value :  4.59523e-07
 Reference value :  4.60198e-07
 Reference value :  4.60861e-07
 Reference value :  4.61645e-07
 Reference value :  4.62386e-07
 Reference value :  4.63117e-07
 Reference value :  4.63890e-07
 Reference value :  4.64502e-07
 Reference value :  4.65090e-07
 Reference value :  4.65796e-07
 Reference value :  4.66596e-07
 Reference value :  4.67353e-07
 Reference value :  4.68015e-07
 Reference value :  4.68715e-07
 Reference value :  4.69435e-07
 Reference value :  4.70213e-07
 Reference value :  4.70987e-07
 Reference value :  4.71807e-07
 Reference value :  4.72380e-07
 Reference value :  4.73074e-07
 Reference value :  4.73787e-07
 Reference value :  4.74553e-07
 Reference value :  4.75249e-07
 Reference value :  4.75837e-07
 Reference value :  4.76689e-07
 Reference value :  4.77334e-07
 Reference value :  4.77927e-07
 Reference value :  4.78665e-07
 Reference value :  4.79375e-07
 Reference value :  4.79990e-07
 Reference value :  4.80619e-07
 Reference value :  4.81276e-07
 Reference value :  4.81969e-07
 Reference value :  4.82706e-07
 Reference value :  4.83353e-07
 Reference value :  4.84035e-07
 Reference value :  4.84653e-07
 Reference value :  4.85418e-07
 Reference value :  4.86140e-07
 Reference value :  4.86945e-07
 Reference value :  4.87686e-07
 Reference value :  4.88377e-07
 Reference value :  4.89258e-07
 Reference value :  4.90088e-07
 Reference value :  4.90924e-07
 Reference value :  4.91569e-07
 Reference value :  4.92220e-07
 Reference value :  4.92884e-07
 Reference value :  4.93627e-07
 Reference value :  4.94180e-07
 Reference value :  4.94938e-07
 Reference value :  4.95684e-07
 Reference value :  4.96480e-07
 Reference value :  4.97239e-07
 Reference value :  4.97791e-07
 Reference value :  4.98556e-07
 Reference value :  4.99304e-07
 Reference value :  5.00004e-07
 Reference value :  5.00676e-07
 Reference value :  5.01495e-07
 Reference value :  5.02306e-07
 Reference value :  5.03089e-07
 Reference value :  5.03889e-07
 Reference value :  5.04653e-07
 Reference value :  5.05466e-07
 Reference value :  5.05995e-07
 Reference value :  5.06815e-07
 Reference value :  5.07584e-07
 Reference value :  5.08307e-07
 Reference value :  5.08986e-07
 Reference value :  5.09714e-07
 Reference value :  5.10479e-07
 Reference value :  5.11138e-07
 Reference value :  5.11859e-07
 Reference value :  5.12422e-07
 Reference value :  5.13183e-07
 Reference value :  5.13909e-07
 Reference value :  5.14653e-07
 Reference value :  5.15152e-07
 Reference value :  5.15858e-07
 Reference value :  5.16434e-07
 Reference value :  5.16992e-07
 Reference value :  5.17733e-07
 Reference value :  5.18315e-07
 Reference value :  5.18939e-07
 Reference value :  5.19631e-07
 Reference value :  5.20413e-07
 Reference value :  5.21078e-07
 Reference value :  5.21881e-07
 Reference value :  5.22397e-07
 Reference value :  5.23170e-07
 Reference value :  5.23855e-07
 Reference value :  5.24453e-07
 Reference value :  5.25114e-07
 Reference value :  5.25883e-07
 Reference value :  5.26559e-07
 Reference value :  5.27200e-07
 Reference value :  5.27865e-07
 Reference value :  5.28755e-07
 Reference value :  5.29596e-07
 Reference value :  5.30351e-07
 Reference value :  5.31016e-07
 Reference value :  5.31850e-07
 Reference value :  5.32588e-07
 Reference value :  5.33334e-07
 Reference value :  5.34094e-07
 Reference value :  5.34809e-07
 Reference value :  5.35392e-07
 Reference value :  5.35985e-07
 Reference value :  5.36710e-07
 Reference value :  5.37426e-07
 Reference value :  5.38097e-07
 Reference value :  5.38935e-07
 Reference value :  5.39816e-07
 Reference value :  5.40531e-07
 Reference value :  5.41281e-07
 Reference value :  5.41987e-07
 Reference value :  5.42661e-07
 Reference value :  5.43367e-07
 Reference value :  5.44051e-07
 Reference value :  5.44702e-07
 Reference value :  5.45496e-07
 Reference value :  5.46161e-07
 Reference value :  5.46864e-07
 Reference value :  5.47596e-07
 Reference value :  5.48196e-07
 Reference value :  5.49013e-07
 Reference value :  5.49845e-07
 Reference value :  5.50544e-07
 Reference value :  5.51250e-07
 Reference value :  5.51802e-07
 Reference value :  5.52512e-07
 Reference value :  5.53201e-07
 Reference value :  5.53948e-07
 Reference value :  5.54595e-07
 Reference value :  5.55325e-07
 Reference value :  5.56186e-07
 Reference value :  5.57199e-07
 Reference value :  5.57952e-07
 Reference value :  5.58984e-07
 Reference value :  5.59610e-07
 Reference value :  5.60436e-07
 Reference value :  5.61185e-07
 Reference value :  5.61868e-07
 Reference value :  5.62756e-07
 Reference value :  5.63679e-07
 Reference value :  5.64594e-07
 Reference value :  5.65438e-07
 Reference value :  5.66418e-07
 Reference value :  5.67021e-07
 Reference value :  5.67701e-07
 Reference value :  5.68381e-07
 Reference value :  5.69162e-07
 Reference value :  5.70029e-07
 Reference value :  5.70921e-07
 Reference value :  5.71580e-07
 Reference value :  5.72236e-07
 Reference value :  5.72945e-07
 Reference value :  5.73686e-07
 Reference value :  5.74396e-07
 Reference value :  5.75168e-07
 Reference value :  5.75954e-07
 Reference value :  5.76542e-07
 Reference value :  5.77235e-07
 Reference value :  5.77931e-07
 Reference value :  5.78404e-07
 Reference value :  5.79212e-07
 Reference value :  5.79938e-07
 Reference value :  5.80714e-07
 Reference value :  5.81520e-07
 Reference value :  5.82176e-07
 Reference value :  5.82874e-07
 Reference value :  5.83568e-07
 Reference value :  5.84323e-07
 Reference value :  5.85056e-07
 Reference value :  5.85657e-07
 Reference value :  5.86486e-07
 Reference value :  5.87050e-07
 Reference value :  5.87767e-07
 Reference value :  5.88439e-07
 Reference value :  5.89101e-07
 Reference value :  5.89768e-07
 Reference value :  5.90279e-07
 Reference value :  5.91066e-07
 Reference value :  5.91712e-07
 Reference value :  5.92335e-07
 Reference value :  5.92915e-07
 Reference value :  5.93527e-07
 Reference value :  5.94391e-07
 Reference value :  5.95152e-07
 Reference value :  5.95791e-07
 Reference value :  5.96498e-07
 Reference value :  5.97200e-07
 Reference value :  5.97826e-07
 Reference value :  5.98455e-07
 Reference value :  5.99165e-07
 Reference value :  5.99910e-07
 Reference value :  6.00634e-07
 Reference value :  6.01208e-07
 Reference value :  6.01950e-07
 Reference value :  6.02628e-07
 Reference value :  6.03291e-07
 Reference value :  6.04003e-07
 Reference value :  6.04673e-07
 Reference value :  6.05331e-07
 Reference value :  6.06051e-07
 Reference value :  6.06730e-07
 Reference value :  6.07368e-07
 Reference value :  6.08015e-07
 Reference value :  6.08667e-07
 Reference value :  6.09338e-07
 Reference value :  6.10000e-07
 Reference value :  6.10524e-07
 Reference value :  6.11281e-07
 Reference value :  6.11959e-07
 Reference value :  6.12666e-07
 Reference value :  6.13550e-07
 Reference value :  6.14238e-07
 Reference value :  6.14893e-07
 Reference value :  6.15577e-07
 Reference value :  6.16397e-07
 Reference value :  6.17271e-07
 Reference value :  6.17933e-07
 Reference value :  6.18759e-07
 Reference value :  6.19588e-07
 Reference value :  6.20477e-07
 Reference value :  6.21279e-07
 Reference value :  6.22023e-07
 Reference value :  6.22883e-07
 Reference value :  6.23602e-07
 Reference value :  6.24447e-07
 Reference value :  6.25328e-07
 Reference value :  6.25938e-07
 Reference value :  6.26543e-07
 Reference value :  6.27256e-07
 Reference value :  6.27823e-07
 Reference value :  6.28619e-07
 Reference value :  6.29195e-07
 Reference value :  6.29913e-07
 Reference value :  6.30589e-07
 Reference value :  6.31379e-07
 Reference value :  6.32036e-07
 Reference value :  6.32776e-07
 Reference value :  6.33327e-07
 Reference value :  6.33989e-07
 Reference value :  6.34644e-07
 Reference value :  6.35200e-07
 Reference value :  6.35859e-07
 Reference value :  6.36523e-07
 Reference value :  6.37117e-07
 Reference value :  6.37804e-07
 Reference value :  6.38423e-07
 Reference value :  6.39166e-07
 Reference value :  6.39751e-07
 Reference value :  6.40412e-07
 Reference value :  6.41047e-07
 Reference value :  6.41893e-07
 Reference value :  6.42506e-07
 Reference value :  6.43272e-07
 Reference value :  6.44054e-07
 Reference value :  6.44638e-07
 Reference value :  6.45208e-07
 Reference value :  6.45984e-07
 Reference value :  6.46880e-07
 Reference value :  6.47594e-07
 Reference value :  6.48687e-07
 Reference value :  6.49321e-07
 Reference value :  6.50046e-07
 Reference value :  6.50631e-07
 Reference value :  6.51358e-07
 Reference value :  6.51923e-07
 Reference value :  6.52473e-07
 Reference value :  6.53179e-07
 Reference value :  6.53880e-07
 Reference value :  6.54536e-07
 Reference value :  6.55250e-07
 Reference value :  6.55989e-07
 Reference value :  6.56601e-07
 Reference value :  6.57317e-07
 Reference value :  6.57969e-07
 Reference value :  6.58551e-07
 Reference value :  6.59263e-07
 Reference value :  6.60004e-07
 Reference value :  6.60612e-07
 Reference value :  6.61485e-07
 Reference value :  6.62362e-07
 Reference value :  6.63128e-07
 Reference value :  6.64033e-07
 Reference value :  6.64737e-07
 Reference value :  6.65363e-07
 Reference value :  6.66038e-07
 Reference value :  6.66826e-07
 Reference value :  6.67558e-07
 Reference value :  6.68283e-07
 Reference value :  6.68984e-07
 Reference value :  6.69649e-07
 Reference value :  6.70225e-07
 Reference value :  6.70941e-07
 Reference value :  6.71508e-07
 Reference value :  6.72230e-07
 Reference value :  6.72888e-07
 Reference value :  6.73402e-07
 Reference value :  6.74154e-07
 Reference value :  6.74719e-07
 Reference value :  6.75333e-07
 Reference value :  6.76113e-07
 Reference value :  6.76938e-07
 Reference value :  6.77634e-07
 Reference value :  6.78341e-07
 Reference value :  6.78904e-07
 Reference value :  6.79659e-07
 Reference value :  6.80374e-07
 Reference value :  6.81085e-07
 Reference value :  6.81721e-07
 Reference value :  6.82390e-07
 Reference value :  6.83055e-07
 Reference value :  6.83752e-07
 Reference value :  6.84366e-07
 Reference value :  6.85111e-07
 Reference value :  6.85715e-07
 Reference value :  6.86326e-07
 Reference value :  6.86971e-07
 Reference value :  6.87624e-07
 Reference value :  6.88254e-07
 Reference value :  6.88910e-07
 Reference value :  6.89701e-07
 Reference value :  6.90440e-07
 Reference value :  6.91277e-07
 Reference value :  6.91833e-07
 Reference value :  6.92735e-07
 Reference value :  6.93932e-07
 Reference value :  6.94738e-07
 Reference value :  6.95327e-07
 Reference value :  6.96159e-07
 Reference value :  6.97087e-07
 Reference value :  6.97920e-07
 Reference value :  6.98514e-07
 Reference value :  6.99184e-07
 Reference value :  6.99808e-07
 Reference value :  7.00467e-07
 Reference value :  7.01182e-07
 Reference value :  7.01798e-07
 Reference value :  7.02483e-07
 Reference value :  7.03229e-07
 Reference value :  7.03930e-07
 Reference value :  7.04566e-07
 Reference value :  7.05274e-07
 Reference value :  7.06035e-07
 Reference value :  7.06693e-07
 Reference value :  7.07257e-07
 Reference value :  7.08086e-07
 Reference value :  7.08825e-07
 Reference value :  7.09536e-07
 Reference value :  7.10238e-07
 Reference value :  7.10852e-07
 Reference value :  7.11434e-07
 Reference value :  7.12125e-07
 Reference value :  7.12755e-07
 Reference value :  7.13424e-07
 Reference value :  7.14097e-07
 Reference value :  7.14798e-07
 Reference value :  7.15404e-07
 Reference value :  7.16198e-07
 Reference value :  7.16881e-07
 Reference value :  7.17588e-07
 Reference value :  7.18354e-07
 Reference value :  7.19093e-07
 Reference value :  7.19834e-07
 Reference value :  7.20473e-07
 Reference value :  7.21172e-07
 Reference value :  7.21862e-07
 Reference value :  7.22489e-07
 Reference value :  7.23259e-07
 Reference value :  7.24028e-07
 Reference value :  7.24668e-07
 Reference value :  7.25406e-07
 Reference value :  7.26183e-07
 Reference value :  7.27149e-07
 Reference value :  7.27860e-07
 Reference value :  7.28543e-07
 Reference value :  7.29318e-07
 Reference value :  7.30075e-07
 Reference value :  7.30874e-07
 Reference value :  7.31762e-07
 Reference value :  7.32494e-07
 Reference value :  7.33344e-07
 Reference value :  7.34449e-07
 Reference value :  7.35122e-07
 Reference value :  7.35685e-07
 Reference value :  7.36516e-07
 Reference value :  7.37248e-07
 Reference value :  7.37951e-07
 Reference value :  7.38568e-07
 Reference value :  7.39228e-07
 Reference value :  7.40003e-07
 Reference value :  7.40565e-07
 Reference value :  7.41244e-07
 Reference value :  7.41899e-07
 Reference value :  7.42507e-07
 Reference value :  7.43088e-07
 Reference value :  7.43920e-07
 Reference value :  7.44685e-07
 Reference value :  7.45375e-07
 Reference value :  7.46043e-07
 Reference value :  7.46528e-07
 Reference value :  7.47175e-07
 Reference value :  7.47877e-07
 Reference value :  7.48566e-07
 Reference value :  7.49170e-07
 Reference value :  7.49734e-07
 Reference value :  7.50340e-07
 Reference value :  7.51045e-07
 Reference value :  7.51767e-07
 Reference value :  7.52423e-07
 Reference value :  7.53027e-07
 Reference value :  7.53755e-07
 Reference value :  7.54387e-07
 Reference value :  7.55152e-07
 Reference value :  7.55797e-07
 Reference value :  7.56487e-07
 Reference value :  7.57087e-07
 Reference value :  7.57873e-07
 Reference value :  7.58727e-07
 Reference value :  7.59426e-07
 Reference value :  7.60126e-07
 Reference value :  7.60772e-07
 Reference value :  7.61565e-07
 Reference value :  7.62439e-07
 Reference value :  7.63128e-07
 Reference value :  7.63908e-07
 Reference value :  7.64666e-07
 Reference value :  7.65491e-07
 Reference value :  7.66143e-07
 Reference value :  7.67099e-07
 Reference value :  7.68041e-07
 Reference value :  7.68846e-07
 Reference value :  7.69469e-07
 Reference value :  7.70268e-07
 Reference value :  7.71149e-07
 Reference value :  7.72008e-07
 Reference value :  7.72579e-07
 Reference value :  7.73238e-07
 Reference value :  7.73907e-07
 Reference value :  7.74750e-07
 Reference value :  7.75488e-07
 Reference value :  7.76165e-07
 Reference value :  7.76671e-07
 Reference value :  7.77577e-07
 Reference value :  7.78400e-07
 Reference value :  7.79196e-07
 Reference value :  7.79827e-07
 Reference value :  7.80569e-07
 Reference value :  7.81392e-07
 Reference value :  7.82100e-07
 Reference value :  7.82941e-07
 Reference value :  7.83796e-07
 Reference value :  7.84401e-07
 Reference value :  7.84982e-07
 Reference value :  7.85829e-07
 Reference value :  7.86547e-07
 Reference value :  7.87273e-07
 Reference value :  7.88128e-07
 Reference value :  7.88967e-07
 Reference value :  7.89606e-07
 Reference value :  7.90218e-07
 Reference value :  7.91079e-07
 Reference value :  7.91778e-07
 Reference value :  7.92665e-07
 Reference value :  7.93471e-07
 Reference value :  7.94120e-07
 Reference value :  7.94922e-07
 Reference value :  7.95611e-07
 Reference value :  7.96313e-07
 Reference value :  7.96954e-07
 Reference value :  7.97711e-07
 Reference value :  7.98645e-07
 Reference value :  7.99531e-07
 Reference value :  8.00445e-07
 Reference value :  8.01185e-07
 Reference value :  8.01809e-07
 Reference value :  8.02550e-07
 Reference value :  8.03239e-07
 Reference value :  8.03974e-07
 Reference value :  8.04700e-07
 Reference value :  8.05541e-07
 Reference value :  8.06431e-07
 Reference value :  8.07296e-07
 Reference value :  8.07951e-07
 Reference value :  8.08680e-07
 Reference value :  8.09279e-07
 Reference value :  8.09943e-07
 Reference value :  8.10768e-07
 Reference value :  8.11430e-07
 Reference value :  8.12020e-07
 Reference value :  8.12833e-07
 Reference value :  8.13556e-07
 Reference value :  8.14511e-07
 Reference value :  8.15324e-07
 Reference value :  8.15896e-07
 Reference value :  8.16968e-07
 Reference value :  8.17839e-07
 Reference value :  8.18487e-07
 Reference value :  8.19165e-07
 Reference value :  8.19913e-07
 Reference value :  8.20489e-07
 Reference value :  8.21496e-07
 Reference value :  8.22172e-07
 Reference value :  8.22990e-07
 Reference value :  8.23727e-07
 Reference value :  8.24451e-07
 Reference value :  8.25265e-07
 Reference value :  8.25875e-07
 Reference value :  8.26673e-07
 Reference value :  8.27786e-07
 Reference value :  8.28680e-07
 Reference value :  8.29761e-07
 Reference value :  8.30625e-07
 Reference value :  8.31484e-07
 Reference value :  8.32419e-07
 Reference value :  8.33334e-07
 Reference value :  8.34109e-07
 Reference value :  8.35181e-07
 Reference value :  8.36176e-07
 Reference value :  8.37104e-07
 Reference value :  8.38032e-07
 Reference value :  8.38933e-07
 Reference value :  8.39842e-07
 Reference value :  8.40435e-07
 Reference value :  8.41063e-07
 Reference value :  8.41972e-07
 Reference value :  8.42757e-07
 Reference value :  8.43537e-07
 Reference value :  8.44235e-07
 Reference value :  8.45032e-07
 Reference value :  8.45733e-07
 Reference value :  8.46482e-07
 Reference value :  8.47236e-07
 Reference value :  8.47838e-07
 Reference value :  8.48591e-07
 Reference value :  8.49133e-07
 Reference value :  8.49837e-07
 Reference value :  8.50464e-07
 Reference value :  8.51110e-07
 Reference value :  8.51686e-07
 Reference value :  8.52369e-07
 Reference value :  8.53173e-07
 Reference value :  8.53863e-07
 Reference value :  8.54576e-07
 Reference value :  8.55183e-07
 Reference value :  8.55875e-07
 Reference value :  8.56556e-07
 Reference value :  8.57324e-07
 Reference value :  8.57960e-07
 Reference value :  8.58738e-07
 Reference value :  8.59569e-07
 Reference value :  8.60164e-07
 Reference value :  8.60903e-07
 Reference value :  8.61547e-07
 Reference value :  8.62409e-07
 Reference value :  8.63127e-07
 Reference value :  8.63750e-07
 Reference value :  8.64613e-07
 Reference value :  8.65140e-07
 Reference value :  8.66147e-07
 Reference value :  8.66886e-07
 Reference value :  8.67597e-07
 Reference value :  8.68259e-07
 Reference value :  8.68929e-07
 Reference value :  8.69611e-07
 Reference value :  8.70227e-07
 Reference value :  8.71021e-07
 Reference value :  8.71762e-07
 Reference value :  8.72410e-07
 Reference value :  8.73185e-07
 Reference value :  8.73869e-07
 Reference value :  8.74558e-07
 Reference value :  8.75380e-07
 Reference value :  8.76041e-07
 Reference value :  8.76867e-07
 Reference value :  8.77470e-07
 Reference value :  8.78222e-07
 Reference value :  8.78821e-07
 Reference value :  8.79597e-07
 Reference value :  8.80284e-07
 Reference value :  8.80932e-07
 Reference value :  8.81527e-07
 Reference value :  8.82389e-07
 Reference value :  8.83132e-07
 Reference value :  8.83721e-07
 Reference value :  8.84274e-07
 Reference value :  8.85046e-07
 Reference value :  8.85930e-07
 Reference value :  8.86675e-07
 Reference value :  8.87609e-07
 Reference value :  8.88181e-07
 Reference value :  8.88754e-07
 Reference value :  8.89560e-07
 Reference value :  8.90198e-07
 Reference value :  8.90835e-07
 Reference value :  8.91429e-07
 Reference value :  8.92253e-07
 Reference value :  8.92909e-07
 Reference value :  8.93711e-07
 Reference value :  8.94599e-07
 Reference value :  8.95231e-07
 Reference value :  8.95942e-07
 Reference value :  8.96927e-07
 Reference value :  8.97830e-07
 Reference value :  8.98713e-07
 Reference value :  8.99478e-07
 Reference value :  9.00171e-07
 Reference value :  9.01054e-07
 Reference value :  9.01874e-07
 Reference value :  9.02515e-07
 Reference value :  9.03110e-07
 Reference value :  9.03770e-07
 Reference value :  9.04437e-07
 Reference value :  9.05006e-07
 Reference value :  9.05824e-07
 Reference value :  9.06429e-07
 Reference value :  9.07005e-07
 Reference value :  9.07716e-07
 Reference value :  9.08526e-07
 Reference value :  9.09258e-07
 Reference value :  9.09853e-07
 Reference value :  9.10519e-07
 Reference value :  9.11366e-07
 Reference value :  9.12310e-07
 Reference value :  9.13139e-07
 Reference value :  9.13860e-07
 Reference value :  9.14649e-07
 Reference value :  9.15587e-07
 Reference value :  9.16402e-07
 Reference value :  9.17040e-07
 Reference value :  9.17772e-07
 Reference value :  9.18537e-07
 Reference value :  9.19245e-07
 Reference value :  9.20037e-07
 Reference value :  9.20620e-07
 Reference value :  9.21420e-07
 Reference value :  9.22296e-07
 Reference value :  9.22982e-07
 Reference value :  9.23742e-07
 Reference value :  9.24603e-07
 Reference value :  9.25204e-07
 Reference value :  9.25906e-07
 Reference value :  9.26647e-07
 Reference value :  9.27284e-07
 Reference value :  9.27923e-07
 Reference value :  9.28648e-07
 Reference value :  9.29456e-07
 Reference value :  9.30198e-07
 Reference value :  9.31013e-07
 Reference value :  9.31668e-07
 Reference value :  9.32255e-07
 Reference value :  9.32856e-07
 Reference value :  9.33607e-07
 Reference value :  9.34408e-07
 Reference value :  9.35149e-07
 Reference value :  9.35903e-07
 Reference value :  9.36662e-07
 Reference value :  9.37341e-07
 Reference value :  9.38014e-07
 Reference value :  9.38729e-07
 Reference value :  9.39528e-07
 Reference value :  9.40191e-07
 Reference value :  9.41072e-07
 Reference value :  9.41721e-07
 Reference value :  9.42627e-07
 Reference value :  9.43344e-07
 Reference value :  9.44126e-07
 Reference value :  9.44779e-07
 Reference value :  9.45626e-07
 Reference value :  9.46422e-07
 Reference value :  9.47047e-07
 Reference value :  9.47897e-07
 Reference value :  9.48616e-07
 Reference value :  9.49226e-07
 Reference value :  9.49844e-07
 Reference value :  9.50460e-07
 Reference value :  9.51123e-07
 Reference value :  9.51815e-07
 Reference value :  9.52389e-07
 Reference value :  9.53134e-07
 Reference value :  9.53924e-07
 Reference value :  9.54618e-07
 Reference value :  9.55263e-07
 Reference value :  9.56083e-07
 Reference value :  9.56873e-07
 Reference value :  9.57504e-07
 Reference value :  9.58224e-07
 Reference value :  9.58795e-07
 Reference value :  9.59567e-07
 Reference value :  9.60304e-07
 Reference value :  9.61039e-07
 Reference value :  9.61679e-07
 Reference value :  9.62335e-07
 Reference value :  9.63025e-07
 Reference value :  9.63756e-07
 Reference value :  9.64401e-07
 Reference value :  9.65079e-07
 Reference value :  9.65936e-07
 Reference value :  9.66623e-07
 Reference value :  9.67410e-07
 Reference value :  9.68128e-07
 Reference value :  9.68700e-07
 Reference value :  9.69474e-07
 Reference value :  9.70196e-07
 Reference value :  9.71005e-07
 Reference value :  9.71604e-07
 Reference value :  9.72293e-07
 Reference value :  9.73151e-07
 Reference value :  9.73730e-07
 Reference value :  9.74549e-07
 Reference value :  9.75228e-07
 Reference value :  9.75848e-07
 Reference value :  9.76508e-07
 Reference value :  9.77275e-07
 Reference value :  9.78033e-07
 Reference value :  9.78720e-07
 Reference value :  9.79528e-07
 Reference value :  9.80193e-07
 Reference value :  9.81029e-07
 Reference value :  9.81835e-07
 Reference value :  9.82468e-07
 Reference value :  9.83161e-07
 Reference value :  9.83812e-07
 Reference value :  9.84394e-07
 Reference value :  9.85142e-07
 Reference value :  9.85885e-07
 Reference value :  9.86570e-07
 Reference value :  9.87343e-07
 Reference value :  9.88030e-07
 Reference value :  9.88720e-07
 Reference value :  9.89430e-07
 Reference value :  9.90103e-07
 Reference value :  9.90715e-07
 Reference value :  9.91398e-07
 Reference value :  9.92220e-07
 Reference value :  9.92823e-07
 Reference value :  9.93376e-07
 Reference value :  9.94078e-07
 Reference value :  9.94950e-07
 Reference value :  9.95698e-07
 Reference value :  9.96405e-07
 Reference value :  9.96905e-07
 Reference value :  9.97715e-07
 Reference value :  9.98321e-07
 Reference value :  9.98885e-07
 Reference value :  9.99588e-07
 Reference value :  1.00034e-06
 Reference value :  1.00100e-06
 Reference value :  1.00173e-06
 Reference value :  1.00249e-06
 Reference value :  1.00319e-06
 Reference value :  1.00387e-06
 Reference value :  1.00453e-06
 Reference value :  1.00516e-06
 Reference value :  1.00583e-06
 Reference value :  1.00669e-06
 Reference value :  1.00748e-06
 Reference value :  1.00818e-06
 Reference value :  1.00896e-06
 Reference value :  1.00969e-06
 Reference value :  1.01062e-06
 Reference value :  1.01138e-06
 Reference value :  1.01215e-06
 Reference value :  1.01295e-06
 Reference value :  1.01373e-06
 Reference value :  1.01459e-06
 Reference value :  1.01528e-06
 Reference value :  1.01595e-06
 Reference value :  1.01677e-06
 Reference value :  1.01737e-06
 Reference value :  1.01810e-06
 Reference value :  1.01875e-06
 Reference value :  1.01951e-06
 Reference value :  1.02011e-06
 Reference value :  1.02097e-06
 Reference value :  1.02155e-06
 Reference value :  1.02228e-06
 Reference value :  1.02283e-06
 Reference value :  1.02370e-06
 Reference value :  1.02450e-06
 Reference value :  1.02504e-06
 Reference value :  1.02592e-06
 Reference value :  1.02668e-06
 Reference value :  1.02736e-06
 Reference value :  1.02813e-06
 Reference value :  1.02890e-06
 Reference value :  1.02968e-06
 Reference value :  1.03043e-06
 Reference value :  1.03112e-06
 Reference value :  1.03204e-06
 Reference value :  1.03281e-06
 Reference value :  1.03341e-06
 Reference value :  1.03410e-06
 Reference value :  1.03484e-06
 Reference value :  1.03550e-06
 Reference value :  1.03618e-06
 Reference value :  1.03700e-06
 Reference value :  1.03779e-06
 Reference value :  1.03877e-06
 Reference value :  1.03961e-06
 Reference value :  1.04044e-06
 Reference value :  1.04151e-06
 Reference value :  1.04270e-06
 Reference value :  1.04371e-06
 Reference value :  1.04445e-06
 Reference value :  1.04523e-06
 Reference value :  1.04611e-06
 Reference value :  1.04683e-06
 Reference value :  1.04754e-06
 Reference value :  1.04815e-06
 Reference value :  1.04875e-06
 Reference value :  1.04939e-06
 Reference value :  1.05018e-06
 Reference value :  1.05107e-06
 Reference value :  1.05167e-06
 Reference value :  1.05246e-06
 Reference value :  1.05317e-06
 Reference value :  1.05392e-06
 Reference value :  1.05468e-06
 Reference value :  1.05519e-06
 Reference value :  1.05582e-06
 Reference value :  1.05651e-06
 Reference value :  1.05715e-06
 Reference value :  1.05788e-06
 Reference value :  1.05867e-06
 Reference value :  1.05935e-06
 Reference value :  1.06009e-06
 Reference value :  1.06076e-06
 Reference value :  1.06143e-06
 Reference value :  1.06217e-06
 Reference value :  1.06284e-06
 Reference value :  1.06345e-06
 Reference value :  1.06418e-06
 Reference value :  1.06479e-06
 Reference value :  1.06563e-06
 Reference value :  1.06632e-06
 Reference value :  1.06692e-06
 Reference value :  1.06765e-06
 Reference value :  1.06838e-06
 Reference value :  1.06920e-06
 Reference value :  1.06978e-06
 Reference value :  1.07045e-06
 Reference value :  1.07109e-06
 Reference value :  1.07181e-06
 Reference value :  1.07244e-06
 Reference value :  1.07308e-06
 Reference value :  1.07385e-06
 Reference value :  1.07457e-06
 Reference value :  1.07519e-06
 Reference value :  1.07604e-06
 Reference value :  1.07681e-06
 Reference value :  1.07742e-06
 Reference value :  1.07804e-06
 Reference value :  1.07883e-06
 Reference value :  1.07968e-06
 Reference value :  1.08042e-06
 Reference value :  1.08138e-06
 Reference value :  1.08212e-06
 Reference value :  1.08294e-06
 Reference value :  1.08378e-06
 Reference value :  1.08446e-06
 Reference value :  1.08524e-06
 Reference value :  1.08603e-06
 Reference value :  1.08679e-06
 Reference value :  1.08760e-06
 Reference value :  1.08847e-06
 Reference value :  1.08932e-06
 Reference value :  1.09019e-06
 Reference value :  1.09111e-06
 Reference value :  1.09175e-06
 Reference value :  1.09258e-06
 Reference value :  1.09345e-06
 Reference value :  1.09433e-06
 Reference value :  1.09513e-06
 Reference value :  1.09587e-06
 Reference value :  1.09663e-06
 Reference value :  1.09766e-06
 Reference value :  1.09859e-06
 Reference value :  1.09943e-06
 Reference value :  1.10021e-06
 Reference value :  1.10095e-06
 Reference value :  1.10156e-06
 Reference value :  1.10222e-06
 Reference value :  1.10293e-06
 Reference value :  1.10343e-06
 Reference value :  1.10424e-06
 Reference value :  1.10486e-06
 Reference value :  1.10568e-06
 Reference value :  1.10623e-06
 Reference value :  1.10675e-06
 Reference value :  1.10733e-06
 Reference value :  1.10800e-06
 Reference value :  1.10876e-06
 Reference value :  1.10947e-06
 Reference value :  1.11023e-06
 Reference value :  1.11098e-06
 Reference value :  1.11191e-06
 Reference value :  1.11283e-06
 Reference value :  1.11355e-06
 Reference value :  1.11443e-06
 Reference value :  1.11531e-06
 Reference value :  1.11612e-06
 Reference value :  1.11692e-06
 Reference value :  1.11746e-06
 Reference value :  1.11806e-06
 Reference value :  1.11875e-06
 Reference value :  1.11938e-06
 Reference value :  1.12013e-06
 Reference value :  1.12073e-06
 Reference value :  1.12145e-06
 Reference value :  1.12214e-06
 Reference value :  1.12288e-06
 Reference value :  1.12346e-06
 Reference value :  1.12426e-06
 Reference value :  1.12485e-06
 Reference value :  1.12564e-06
 Reference value :  1.12634e-06
 Reference value :  1.12700e-06
 Reference value :  1.12766e-06
 Reference value :  1.12838e-06
 Reference value :  1.12899e-06
 Reference value :  1.12975e-06
 Reference value :  1.13054e-06
 Reference value :  1.13122e-06
 Reference value :  1.13209e-06
 Reference value :  1.13291e-06
 Reference value :  1.13353e-06
 Reference value :  1.13424e-06
 Reference value :  1.13500e-06
 Reference value :  1.13568e-06
 Reference value :  1.13635e-06
 Reference value :  1.13700e-06
 Reference value :  1.13781e-06
 Reference value :  1.13844e-06
 Reference value :  1.13924e-06
 Reference value :  1.13980e-06
 Reference value :  1.14056e-06
 Reference value :  1.14123e-06
 Reference value :  1.14200e-06
 Reference value :  1.14274e-06
 Reference value :  1.14338e-06
 Reference value :  1.14420e-06
 Reference value :  1.14493e-06
 Reference value :  1.14567e-06
 Reference value :  1.14631e-06
 Reference value :  1.14700e-06
 Reference value :  1.14782e-06
 Reference value :  1.14844e-06
 Reference value :  1.14925e-06
 Reference value :  1.14980e-06
 Reference value :  1.15052e-06
 Reference value :  1.15112e-06
 Reference value :  1.15181e-06
 Reference value :  1.15243e-06
 Reference value :  1.15325e-06
 Reference value :  1.15388e-06
 Reference value :  1.15462e-06
 Reference value :  1.15521e-06
 Reference value :  1.15603e-06
 Reference value :  1.15677e-06
 Reference value :  1.15736e-06
 Reference value :  1.15835e-06
 Reference value :  1.15907e-06
 Reference value :  1.15980e-06
 Reference value :  1.16061e-06
 Reference value :  1.16148e-06
 Reference value :  1.16228e-06
 Reference value :  1.16300e-06
 Reference value :  1.16375e-06
 Reference value :  1.16436e-06
 Reference value :  1.16518e-06
 Reference value :  1.16601e-06
 Reference value :  1.16669e-06
 Reference value :  1.16760e-06
 Reference value :  1.16825e-06
 Reference value :  1.16883e-06
 Reference value :  1.16965e-06
 Reference value :  1.17031e-06
 Reference value :  1.17118e-06
 Reference value :  1.17196e-06
 Reference value :  1.17256e-06
 Reference value :  1.17331e-06
 Reference value :  1.17388e-06
 Reference value :  1.17462e-06
 Reference value :  1.17522e-06
 Reference value :  1.17604e-06
 Reference value :  1.17684e-06
 Reference value :  1.17758e-06
 Reference value :  1.17852e-06
 Reference value :  1.17921e-06
 Reference value :  1.17982e-06
 Reference value :  1.18058e-06
 Reference value :  1.18125e-06
 Reference value :  1.18199e-06
 Reference value :  1.18261e-06
 Reference value :  1.18331e-06
 Reference value :  1.18406e-06
 Reference value :  1.18472e-06
 Reference value :  1.18547e-06
 Reference value :  1.18628e-06
 Reference value :  1.18698e-06
 Reference value :  1.18775e-06
 Reference value :  1.18836e-06
 Reference value :  1.18919e-06
 Reference value :  1.18983e-06
 Reference value :  1.19053e-06
 Reference value :  1.19121e-06
 Reference value :  1.19189e-06
 Reference value :  1.19284e-06
 Reference value :  1.19362e-06
 Reference value :  1.19434e-06
 Reference value :  1.19513e-06
 Reference value :  1.19577e-06
 Reference value :  1.19648e-06
 Reference value :  1.19710e-06
 Reference value :  1.19790e-06
 Reference value :  1.19868e-06
 Reference value :  1.19940e-06
 Reference value :  1.20008e-06
 Reference value :  1.20065e-06
 Reference value :  1.20142e-06
 Reference value :  1.20201e-06
 Reference value :  1.20279e-06
 Reference value :  1.20332e-06
 Reference value :  1.20406e-06
 Reference value :  1.20466e-06
 Reference value :  1.20527e-06
 Reference value :  1.20603e-06
 Reference value :  1.20688e-06
 Reference value :  1.20786e-06
 Reference value :  1.20871e-06
 Reference value :  1.20958e-06
 Reference value :  1.21031e-06
 Reference value :  1.21123e-06
 Reference value :  1.21202e-06
 Reference value :  1.21284e-06
 Reference value :  1.21344e-06
 Reference value :  1.21427e-06
 Reference value :  1.21509e-06
 Reference value :  1.21576e-06
 Reference value :  1.21635e-06
 Reference value :  1.21701e-06
 Reference value :  1.21781e-06
 Reference value :  1.21841e-06
 Reference value :  1.21916e-06
 Reference value :  1.21974e-06
 Reference value :  1.22048e-06
 Reference value :  1.22110e-06
 Reference value :  1.22189e-06
 Reference value :  1.22251e-06
 Reference value :  1.22317e-06
 Reference value :  1.22385e-06
 Reference value :  1.22461e-06
 Reference value :  1.22515e-06
 Reference value :  1.22593e-06
 Reference value :  1.22658e-06
 Reference value :  1.22742e-06
 Reference value :  1.22824e-06
 Reference value :  1.22908e-06
 Reference value :  1.22960e-06
 Reference value :  1.23032e-06
 Reference value :  1.23097e-06
 Reference value :  1.23163e-06
 Reference value :  1.23246e-06
 Reference value :  1.23313e-06
 Reference value :  1.23385e-06
 Reference value :  1.23458e-06
 Reference value :  1.23511e-06
 Reference value :  1.23591e-06
 Reference value :  1.23675e-06
 Reference value :  1.23734e-06
 Reference value :  1.23800e-06
 Reference value :  1.23873e-06
 Reference value :  1.23955e-06
 Reference value :  1.24028e-06
 Reference value :  1.24095e-06
 Reference value :  1.24153e-06
 Reference value :  1.24227e-06
 Reference value :  1.24295e-06
 Reference value :  1.24371e-06
 Reference value :  1.24439e-06
 Reference value :  1.24509e-06
 Reference value :  1.24579e-06
 Reference value :  1.24641e-06
 Reference value :  1.24717e-06
 Reference value :  1.24771e-06
 Reference value :  1.24847e-06
 Reference value :  1.24905e-06
 Reference value :  1.24966e-06
 Reference value :  1.25049e-06
 Reference value :  1.25122e-06
 Reference value :  1.25191e-06
 Reference value :  1.25265e-06
 Reference value :  1.25329e-06
 Reference value :  1.25401e-06
 Reference value :  1.25489e-06
 Reference value :  1.25549e-06
 Reference value :  1.25633e-06
 Reference value :  1.25695e-06
 Reference value :  1.25770e-06
 Reference value :  1.25851e-06
 Reference value :  1.25918e-06
 Reference value :  1.25970e-06
 Reference value :  1.26045e-06
 Reference value :  1.26126e-06
 Reference value :  1.26208e-06
 Reference value :  1.26268e-06
 Reference value :  1.26336e-06
 Reference value :  1.26401e-06
 Reference value :  1.26486e-06
 Reference value :  1.26573e-06
 Reference value :  1.26644e-06
 Reference value :  1.26723e-06
 Reference value :  1.26793e-06
 Reference value :  1.26857e-06
 Reference value :  1.26941e-06
 Reference value :  1.27024e-06
 Reference value :  1.27085e-06
 Reference value :  1.27145e-06
 Reference value :  1.27212e-06
 Reference value :  1.27292e-06
 Reference value :  1.27375e-06
 Reference value :  1.27449e-06
 Reference value :  1.27534e-06
 Reference value :  1.27613e-06
 Reference value :  1.27676e-06
 Reference value :  1.27741e-06
 Reference value :  1.27813e-06
 Reference value :  1.27903e-06
 Reference value :  1.27989e-06
 Reference value :  1.28057e-06
 Reference value :  1.28135e-06
 Reference value :  1.28214e-06
 Reference value :  1.28280e-06
 Reference value :  1.28357e-06
 Reference value :  1.28434e-06
 Reference value :  1.28502e-06
 Reference value :  1.28585e-06
 Reference value :  1.28668e-06
 Reference value :  1.28736e-06
 Reference value :  1.28807e-06
 Reference value :  1.28868e-06
 Reference value :  1.28945e-06
 Reference value :  1.29020e-06
 Reference value :  1.29094e-06
 Reference value :  1.29161e-06
 Reference value :  1.29225e-06
 Reference value :  1.29307e-06
 Reference value :  1.29382e-06
 Reference value :  1.29449e-06
 Reference value :  1.29527e-06
 Reference value :  1.29586e-06
 Reference value :  1.29662e-06
 Reference value :  1.29735e-06
 Reference value :  1.29810e-06
 Reference value :  1.29893e-06
 Reference value :  1.29959e-06
 Reference value :  1.30033e-06
 Reference value :  1.30100e-06
 Reference value :  1.30162e-06
 Reference value :  1.30213e-06
 Reference value :  1.30278e-06
 Reference value :  1.30347e-06
 Reference value :  1.30416e-06
 Reference value :  1.30480e-06
 Reference value :  1.30557e-06
 Reference value :  1.30618e-06
 Reference value :  1.30678e-06
 Reference value :  1.30749e-06
 Reference value :  1.30827e-06
 Reference value :  1.30905e-06
 Reference value :  1.30981e-06
 Reference value :  1.31045e-06
 Reference value :  1.31135e-06
 Reference value :  1.31215e-06
 Reference value :  1.31291e-06
 Reference value :  1.31368e-06
 Reference value :  1.31468e-06
 Reference value :  1.31525e-06
 Reference value :  1.31574e-06
 Reference value :  1.31667e-06
 Reference value :  1.31763e-06
 Reference value :  1.31856e-06
 Reference value :  1.31923e-06
 Reference value :  1.31991e-06
 Reference value :  1.32055e-06
 Reference value :  1.32117e-06
 Reference value :  1.32208e-06
 Reference value :  1.32279e-06
 Reference value :  1.32345e-06
 Reference value :  1.32414e-06
 Reference value :  1.32474e-06
 Reference value :  1.32546e-06
 Reference value :  1.32612e-06
 Reference value :  1.32679e-06
 Reference value :  1.32750e-06
 Reference value :  1.32825e-06
 Reference value :  1.32890e-06
 Reference value :  1.32965e-06
 Reference value :  1.33019e-06
 Reference value :  1.33102e-06
 Reference value :  1.33162e-06
 Reference value :  1.33223e-06
 Reference value :  1.33290e-06
 Reference value :  1.33361e-06
 Reference value :  1.33429e-06
 Reference value :  1.33500e-06
 Reference value :  1.33557e-06
 Reference value :  1.33638e-06
 Reference value :  1.33706e-06
 Reference value :  1.33781e-06
 Reference value :  1.33833e-06
 Reference value :  1.33911e-06
 Reference value :  1.34007e-06
 Reference value :  1.34078e-06
 Reference value :  1.34147e-06
 Reference value :  1.34213e-06
 Reference value :  1.34280e-06
 Reference value :  1.34356e-06
 Reference value :  1.34434e-06
 Reference value :  1.34529e-06
 Reference value :  1.34598e-06
 Reference value :  1.34668e-06
 Reference value :  1.34747e-06
 Reference value :  1.34816e-06
 Reference value :  1.34887e-06
 Reference value :  1.34956e-06
 Reference value :  1.35015e-06
 Reference value :  1.35096e-06
 Reference value :  1.35172e-06
 Reference value :  1.35271e-06
 Reference value :  1.35338e-06
 Reference value :  1.35411e-06
 Reference value :  1.35472e-06
 Reference value :  1.35549e-06
 Reference value :  1.35637e-06
 Reference value :  1.35694e-06
 Reference value :  1.35777e-06
 Reference value :  1.35847e-06
 Reference value :  1.35920e-06
 Reference value :  1.35989e-06
 Reference value :  1.36053e-06
 Reference value :  1.36121e-06
 Reference value :  1.36213e-06
 Reference value :  1.36287e-06
 Reference value :  1.36378e-06
 Reference value :  1.36456e-06
 Reference value :  1.36534e-06
 Reference value :  1.36616e-06
 Reference value :  1.36707e-06
 Reference value :  1.36783e-06
 Reference value :  1.36853e-06
 Reference value :  1.36922e-06
 Reference value :  1.36985e-06
 Reference value :  1.37058e-06
 Reference value :  1.37138e-06
 Reference value :  1.37190e-06
 Reference value :  1.37265e-06
 Reference value :  1.37330e-06
 Reference value :  1.37406e-06
 Reference value :  1.37460e-06
 Reference value :  1.37532e-06
 Reference value :  1.37592e-06
 Reference value :  1.37665e-06
 Reference value :  1.37751e-06
 Reference value :  1.37821e-06
 Reference value :  1.37884e-06
 Reference value :  1.37960e-06
 Reference value :  1.38022e-06
 Reference value :  1.38091e-06
 Reference value :  1.38162e-06
 Reference value :  1.38241e-06
 Reference value :  1.38312e-06
 Reference value :  1.38387e-06
 Reference value :  1.38467e-06
 Reference value :  1.38549e-06
 Reference value :  1.38619e-06
 Reference value :  1.38680e-06
 Reference value :  1.38740e-06
 Reference value :  1.38818e-06
 Reference value :  1.38909e-06
 Reference value :  1.38997e-06
 Reference value :  1.39074e-06
 Reference value :  1.39145e-06
 Reference value :  1.39225e-06
 Reference value :  1.39293e-06
 Reference value :  1.39389e-06
 Reference value :  1.39452e-06
 Reference value :  1.39516e-06
 Reference value :  1.39598e-06
 Reference value :  1.39677e-06
 Reference value :  1.39748e-06
 Reference value :  1.39826e-06
 Reference value :  1.39908e-06
 Reference value :  1.39991e-06
 Reference value :  1.40054e-06
 Reference value :  1.40135e-06
 Reference value :  1.40208e-06
 Reference value :  1.40290e-06
 Reference value :  1.40359e-06
 Reference value :  1.40432e-06
 Reference value :  1.40497e-06
 Reference value :  1.40584e-06
 Reference value :  1.40642e-06
 Reference value :  1.40734e-06
 Reference value :  1.40803e-06
 Reference value :  1.40863e-06
 Reference value :  1.40916e-06
 Reference value :  1.40994e-06
 Reference value :  1.41066e-06
 Reference value :  1.41127e-06
 Reference value :  1.41193e-06
 Reference value :  1.41260e-06
 Reference value :  1.41322e-06
 Reference value :  1.41397e-06
 Reference value :  1.41460e-06
 Reference value :  1.41533e-06
 Reference value :  1.41598e-06
 Reference value :  1.41678e-06
 Reference value :  1.41755e-06
 Reference value :  1.41825e-06
 Reference value :  1.41893e-06
 Reference value :  1.41954e-06
 Reference value :  1.42036e-06
 Reference value :  1.42097e-06
 Reference value :  1.42170e-06
 Reference value :  1.42232e-06
 Reference value :  1.42311e-06
 Reference value :  1.42394e-06
 Reference value :  1.42467e-06
 Reference value :  1.42538e-06
 Reference value :  1.42603e-06
 Reference value :  1.42672e-06
 Reference value :  1.42754e-06
 Reference value :  1.42808e-06
 Reference value :  1.42894e-06
 Reference value :  1.42973e-06
 Reference value :  1.43050e-06
 Reference value :  1.43141e-06
 Reference value :  1.43217e-06
 Reference value :  1.43264e-06
 Reference value :  1.43341e-06
 Reference value :  1.43398e-06
 Reference value :  1.43457e-06
 Reference value :  1.43530e-06
 Reference value :  1.43622e-06
 Reference value :  1.43693e-06
 Reference value :  1.43761e-06
 Reference value :  1.43823e-06
 Reference value :  1.43915e-06
 Reference value :  1.43992e-06
 Reference value :  1.44060e-06
 Reference value :  1.44122e-06
 Reference value :  1.44184e-06
 Reference value :  1.44255e-06
 Reference value :  1.44337e-06
 Reference value :  1.44418e-06
 Reference value :  1.44495e-06
 Reference value :  1.44567e-06
 Reference value :  1.44634e-06
 Reference value :  1.44718e-06
 Reference value :  1.44793e-06
 Reference value :  1.44874e-06
 Reference value :  1.44938e-06
 Reference value :  1.45002e-06
 Reference value :  1.45066e-06
 Reference value :  1.45143e-06
 Reference value :  1.45213e-06
 Reference value :  1.45272e-06
 Reference value :  1.45377e-06
 Reference value :  1.45439e-06
 Reference value :  1.45509e-06
 Reference value :  1.45569e-06
 Reference value :  1.45630e-06
 Reference value :  1.45695e-06
 Reference value :  1.45766e-06
 Reference value :  1.45836e-06
 Reference value :  1.45901e-06
 Reference value :  1.45980e-06
 Reference value :  1.46056e-06
 Reference value :  1.46120e-06
 Reference value :  1.46191e-06
 Reference value :  1.46257e-06
 Reference value :  1.46315e-06
 Reference value :  1.46385e-06
 Reference value :  1.46473e-06
 Reference value :  1.46553e-06
 Reference value :  1.46642e-06
 Reference value :  1.46712e-06
 Reference value :  1.46786e-06
 Reference value :  1.46852e-06
 Reference value :  1.46928e-06
 Reference value :  1.46989e-06
 Reference value :  1.47062e-06
 Reference value :  1.47143e-06
 Reference value :  1.47231e-06
 Reference value :  1.47299e-06
 Reference value :  1.47383e-06
 Reference value :  1.47467e-06
 Reference value :  1.47532e-06
 Reference value :  1.47606e-06
 Reference value :  1.47674e-06
 Reference value :  1.47741e-06
 Reference value :  1.47815e-06
 Reference value :  1.47891e-06
 Reference value :  1.47980e-06
 Reference value :  1.48054e-06
 Reference value :  1.48122e-06
 Reference value :  1.48196e-06
 Reference value :  1.48282e-06
 Reference value :  1.48351e-06
 Reference value :  1.48414e-06
 Reference value :  1.48497e-06
 Reference value :  1.48583e-06
 Reference value :  1.48663e-06
 Reference value :  1.48725e-06
 Reference value :  1.48802e-06
 Reference value :  1.48883e-06
 Reference value :  1.48968e-06
 Reference value :  1.49048e-06
 Reference value :  1.49108e-06
 Reference value :  1.49162e-06
 Reference value :  1.49230e-06
 Reference value :  1.49305e-06
 Reference value :  1.49370e-06
 Reference value :  1.49445e-06
 Reference value :  1.49502e-06
 Reference value :  1.49571e-06
 Reference value :  1.49640e-06
 Reference value :  1.49702e-06
 Reference value :  1.49778e-06
 Reference value :  1.49857e-06
 Reference value :  1.49920e-06
 Reference value :  1.49999e-06
 Reference value :  1.50075e-06
 Reference value :  1.50147e-06
 Reference value :  1.50223e-06
 Reference value :  1.50297e-06
 Reference value :  1.50364e-06
 Reference value :  1.50456e-06
 Reference value :  1.50528e-06
 Reference value :  1.50590e-06
 Reference value :  1.50667e-06
 Reference value :  1.50739e-06
 Reference value :  1.50808e-06
 Reference value :  1.50876e-06
 Reference value :  1.50939e-06
 Reference value :  1.51023e-06
 Reference value :  1.51088e-06
 Reference value :  1.51157e-06
 Reference value :  1.51223e-06
 Reference value :  1.51298e-06
 Reference value :  1.51360e-06
 Reference value :  1.51440e-06
 Reference value :  1.51509e-06
 Reference value :  1.51585e-06
 Reference value :  1.51662e-06
 Reference value :  1.51740e-06
 Reference value :  1.51817e-06
 Reference value :  1.51884e-06
 Reference value :  1.51939e-06
 Reference value :  1.52015e-06
 Reference value :  1.52080e-06
 Reference value :  1.52146e-06
 Reference value :  1.52208e-06
 Reference value :  1.52290e-06
 Reference value :  1.52349e-06
 Reference value :  1.52436e-06
 Reference value :  1.52529e-06
 Reference value :  1.52614e-06
 Reference value :  1.52682e-06
 Reference value :  1.52756e-06
 Reference value :  1.52820e-06
 Reference value :  1.52900e-06
 Reference value :  1.52961e-06
 Reference value :  1.53032e-06
 Reference value :  1.53111e-06
 Reference value :  1.53172e-06
 Reference value :  1.53231e-06
 Reference value :  1.53301e-06
 Reference value :  1.53386e-06
 Reference value :  1.53464e-06
 Reference value :  1.53560e-06
 Reference value :  1.53628e-06
 Reference value :  1.53708e-06
 Reference value :  1.53779e-06
 Reference value :  1.53846e-06
 Reference value :  1.53927e-06
 Reference value :  1.54003e-06
 Reference value :  1.54069e-06
 Reference value :  1.54124e-06
 Reference value :  1.54198e-06
 Reference value :  1.54266e-06
 Reference value :  1.54342e-06
 Reference value :  1.54398e-06
 Reference value :  1.54478e-06
 Reference value :  1.54541e-06
 Reference value :  1.54610e-06
 Reference value :  1.54676e-06
 Reference value :  1.54741e-06
 Reference value :  1.54812e-06
 Reference value :  1.54895e-06
 Reference value :  1.54952e-06
 Reference value :  1.55017e-06
 Reference value :  1.55075e-06
 Reference value :  1.55155e-06
 Reference value :  1.55205e-06
 Reference value :  1.55280e-06
 Reference value :  1.55342e-06
 Reference value :  1.55415e-06
 Reference value :  1.55484e-06
 Reference value :  1.55558e-06
 Reference value :  1.55616e-06
 Reference value :  1.55683e-06
 Reference value :  1.55737e-06
 Reference value :  1.55809e-06
 Reference value :  1.55892e-06
 Reference value :  1.55957e-06
 Reference value :  1.56010e-06
 Reference value :  1.56089e-06
 Reference value :  1.56149e-06
 Reference value :  1.56204e-06
 Reference value :  1.56279e-06
 Reference value :  1.56336e-06
 Reference value :  1.56397e-06
 Reference value :  1.56469e-06
 Reference value :  1.56543e-06
 Reference value :  1.56614e-06
 Reference value :  1.56685e-06
 Reference value :  1.56740e-06
 Reference value :  1.56813e-06
 Reference value :  1.56872e-06
 Reference value :  1.56940e-06
 Reference value :  1.56997e-06
 Reference value :  1.57064e-06
 Reference value :  1.57146e-06
 Reference value :  1.57235e-06
 Reference value :  1.57288e-06
 Reference value :  1.57368e-06
 Reference value :  1.57456e-06
 Reference value :  1.57545e-06
 Reference value :  1.57607e-06
 Reference value :  1.57693e-06
 Reference value :  1.57776e-06
 Reference value :  1.57840e-06
 Reference value :  1.57916e-06
 Reference value :  1.57998e-06
 Reference value :  1.58082e-06
 Reference value :  1.58163e-06
 Reference value :  1.58228e-06
 Reference value :  1.58304e-06
 Reference value :  1.58380e-06
 Reference value :  1.58459e-06
 Reference value :  1.58533e-06
 Reference value :  1.58605e-06
 Reference value :  1.58686e-06
 Reference value :  1.58760e-06
 Reference value :  1.58831e-06
 Reference value :  1.58896e-06
 Reference value :  1.58958e-06
 Reference value :  1.59041e-06
 Reference value :  1.59122e-06
 Reference value :  1.59185e-06
 Reference value :  1.59254e-06
 Reference value :  1.59316e-06
 Reference value :  1.59384e-06
 Reference value :  1.59447e-06
 Reference value :  1.59521e-06
 Reference value :  1.59581e-06
 Reference value :  1.59646e-06
 Reference value :  1.59712e-06
 Reference value :  1.59768e-06
 Reference value :  1.59854e-06
 Reference value :  1.59922e-06
 Reference value :  1.59979e-06
 Reference value :  1.60038e-06
 Reference value :  1.60101e-06
 Reference value :  1.60169e-06
 Reference value :  1.60244e-06
 Reference value :  1.60304e-06
 Reference value :  1.60359e-06
 Reference value :  1.60434e-06
 Reference value :  1.60502e-06
 Reference value :  1.60591e-06
 Reference value :  1.60666e-06
 Reference value :  1.60733e-06
 Reference value :  1.60802e-06
 Reference value :  1.60874e-06
 Reference value :  1.60942e-06
 Reference value :  1.61016e-06
 Reference value :  1.61066e-06
 Reference value :  1.61151e-06
 Reference value :  1.61229e-06
 Reference value :  1.61296e-06
 Reference value :  1.61350e-06
 Reference value :  1.61421e-06
 Reference value :  1.61482e-06
 Reference value :  1.61540e-06
 Reference value :  1.61613e-06
 Reference value :  1.61690e-06
 Reference value :  1.61749e-06
 Reference value :  1.61814e-06
 Reference value :  1.61879e-06
 Reference value :  1.61957e-06
 Reference value :  1.62020e-06
 Reference value :  1.62095e-06
 Reference value :  1.62170e-06
 Reference value :  1.62243e-06
 Reference value :  1.62323e-06
 Reference value :  1.62409e-06
 Reference value :  1.62467e-06
 Reference value :  1.62529e-06
 Reference value :  1.62601e-06
 Reference value :  1.62668e-06
 Reference value :  1.62744e-06
 Reference value :  1.62822e-06
 Reference value :  1.62878e-06
 Reference value :  1.62941e-06
 Reference value :  1.63051e-06
 Reference value :  1.63144e-06
 Reference value :  1.63225e-06
 Reference value :  1.63298e-06
 Reference value :  1.63392e-06
 Reference value :  1.63500e-06
 Reference value :  1.63575e-06
 Reference value :  1.63646e-06
 Reference value :  1.63719e-06
 Reference value :  1.63779e-06
 Reference value :  1.63862e-06
 Reference value :  1.63930e-06
 Reference value :  1.64004e-06
 Reference value :  1.64093e-06
 Reference value :  1.64154e-06
 Reference value :  1.64229e-06
 Reference value :  1.64292e-06
 Reference value :  1.64363e-06
 Reference value :  1.64439e-06
 Reference value :  1.64507e-06
 Reference value :  1.64586e-06
 Reference value :  1.64649e-06
 Reference value :  1.64730e-06
 Reference value :  1.64810e-06
 Reference value :  1.64874e-06
 Reference value :  1.64947e-06
 Reference value :  1.65005e-06
 Reference value :  1.65087e-06
 Reference value :  1.65155e-06
 Reference value :  1.65219e-06
 Reference value :  1.65296e-06
 Reference value :  1.65365e-06
 Reference value :  1.65443e-06
 Reference value :  1.65506e-06
 Reference value :  1.65575e-06
 Reference value :  1.65658e-06
 Reference value :  1.65720e-06
 Reference value :  1.65788e-06
 Reference value :  1.65855e-06
 Reference value :  1.65922e-06
 Reference value :  1.65993e-06
 Reference value :  1.66057e-06
 Reference value :  1.66119e-06
 Reference value :  1.66191e-06
 Reference value :  1.66252e-06
 Reference value :  1.66324e-06
 Reference value :  1.66393e-06
 Reference value :  1.66458e-06
 Reference value :  1.66530e-06
 Reference value :  1.66619e-06
 Reference value :  1.66698e-06
 Reference value :  1.66759e-06
 Reference value :  1.66839e-06
 Reference value :  1.66927e-06
 Reference value :  1.67002e-06
 Reference value :  1.67080e-06
 Reference value :  1.67152e-06
 Reference value :  1.67215e-06
 Reference value :  1.67291e-06
 Reference value :  1.67380e-06
 Reference value :  1.67450e-06
 Reference value :  1.67537e-06
 Reference value :  1.67622e-06
 Reference value :  1.67694e-06
 Reference value :  1.67762e-06
 Reference value :  1.67844e-06
 Reference value :  1.67923e-06
 Reference value :  1.67988e-06
 Reference value :  1.68072e-06
 Reference value :  1.68133e-06
 Reference value :  1.68217e-06
 Reference value :  1.68286e-06
 Reference value :  1.68347e-06
 Reference value :  1.68425e-06
 Reference value :  1.68498e-06
 Reference value :  1.68617e-06
 Reference value :  1.68751e-06
 Reference value :  1.68891e-06
 Reference value :  1.68970e-06
 Reference value :  1.69020e-06
 Reference value :  1.69097e-06
 Reference value :  1.69165e-06
 Reference value :  1.69235e-06
 Reference value :  1.69304e-06
 Reference value :  1.69375e-06
 Reference value :  1.69448e-06
 Reference value :  1.69518e-06
 Reference value :  1.69600e-06
 Reference value :  1.69662e-06
 Reference value :  1.69735e-06
 Reference value :  1.69808e-06
 Reference value :  1.69882e-06
 Reference value :  1.69948e-06
 Reference value :  1.70009e-06
 Reference value :  1.70072e-06
 Reference value :  1.70148e-06
 Reference value :  1.70212e-06
 Reference value :  1.70278e-06
 Reference value :  1.70358e-06
 Reference value :  1.70426e-06
 Reference value :  1.70494e-06
 Reference value :  1.70575e-06
 Reference value :  1.70640e-06
 Reference value :  1.70723e-06
 Reference value :  1.70784e-06
 Reference value :  1.70871e-06
 Reference value :  1.70953e-06
 Reference value :  1.71007e-06
 Reference value :  1.71086e-06
 Reference value :  1.71141e-06
 Reference value :  1.71226e-06
 Reference value :  1.71279e-06
 Reference value :  1.71368e-06
 Reference value :  1.71440e-06
 Reference value :  1.71499e-06
 Reference value :  1.71550e-06
 Reference value :  1.71618e-06
 Reference value :  1.71697e-06
 Reference value :  1.71773e-06
 Reference value :  1.71834e-06
 Reference value :  1.71900e-06
 Reference value :  1.71972e-06
 Reference value :  1.72045e-06
 Reference value :  1.72117e-06
 Reference value :  1.72198e-06
 Reference value :  1.72263e-06
 Reference value :  1.72321e-06
 Reference value :  1.72412e-06
 Reference value :  1.72495e-06
 Reference value :  1.72567e-06
 Reference value :  1.72629e-06
 Reference value :  1.72687e-06
 Reference value :  1.72764e-06
 Reference value :  1.72813e-06
 Reference value :  1.72895e-06
 Reference value :  1.72971e-06
 Reference value :  1.73054e-06
 Reference value :  1.73128e-06
 Reference value :  1.73198e-06
 Reference value :  1.73261e-06
 Reference value :  1.73335e-06
 Reference value :  1.73395e-06
 Reference value :  1.73477e-06
 Reference value :  1.73535e-06
 Reference value :  1.73607e-06
 Reference value :  1.73667e-06
 Reference value :  1.73736e-06
 Reference value :  1.73795e-06
 Reference value :  1.73870e-06
 Reference value :  1.73934e-06
 Reference value :  1.73998e-06
 Reference value :  1.74065e-06
 Reference value :  1.74148e-06
 Reference value :  1.74211e-06
 Reference value :  1.74265e-06
 Reference value :  1.74345e-06
 Reference value :  1.74428e-06
 Reference value :  1.74485e-06
 Reference value :  1.74540e-06
 Reference value :  1.74609e-06
 Reference value :  1.74675e-06
 Reference value :  1.74729e-06
 Reference value :  1.74798e-06
 Reference value :  1.74879e-06
 Reference value :  1.74938e-06
 Reference value :  1.75005e-06
 Reference value :  1.75069e-06
 Reference value :  1.75128e-06
 Reference value :  1.75188e-06
 Reference value :  1.75253e-06
 Reference value :  1.75316e-06
 Reference value :  1.75383e-06
 Reference value :  1.75459e-06
 Reference value :  1.75529e-06
 Reference value :  1.75596e-06
 Reference value :  1.75662e-06
 Reference value :  1.75738e-06
 Reference value :  1.75814e-06
 Reference value :  1.75869e-06
 Reference value :  1.75923e-06
 Reference value :  1.75986e-06
 Reference value :  1.76050e-06
 Reference value :  1.76137e-06
 Reference value :  1.76202e-06
 Reference value :  1.76276e-06
 Reference value :  1.76332e-06
 Reference value :  1.76408e-06
 Reference value :  1.76487e-06
 Reference value :  1.76554e-06
 Reference value :  1.76595e-06
 Reference value :  1.76676e-06
 Reference value :  1.76754e-06
 Reference value :  1.76816e-06
 Reference value :  1.76871e-06
 Reference value :  1.76944e-06
 Reference value :  1.77007e-06
 Reference value :  1.77061e-06
 Reference value :  1.77147e-06
 Reference value :  1.77219e-06
 Reference value :  1.77298e-06
 Reference value :  1.77379e-06
 Reference value :  1.77446e-06
 Reference value :  1.77536e-06
 Reference value :  1.77598e-06
 Reference value :  1.77674e-06
 Reference value :  1.77755e-06
 Reference value :  1.77835e-06
 Reference value :  1.77908e-06
 Reference value :  1.77972e-06
 Reference value :  1.78050e-06
 Reference value :  1.78124e-06
 Reference value :  1.78179e-06
 Reference value :  1.78241e-06
 Reference value :  1.78313e-06
 Reference value :  1.78375e-06
 Reference value :  1.78443e-06
 Reference value :  1.78516e-06
 Reference value :  1.78594e-06
 Reference value :  1.78668e-06
 Reference value :  1.78747e-06
 Reference value :  1.78816e-06
 Reference value :  1.78899e-06
 Reference value :  1.78994e-06
 Reference value :  1.79078e-06
 Reference value :  1.79145e-06
 Reference value :  1.79257e-06
 Reference value :  1.79327e-06
 Reference value :  1.79407e-06
 Reference value :  1.79503e-06
 Reference value :  1.79594e-06
 Reference value :  1.79686e-06
 Reference value :  1.79773e-06
 Reference value :  1.79857e-06
 Reference value :  1.79965e-06
 Reference value :  1.80058e-06
 Reference value :  1.80123e-06
 Reference value :  1.80181e-06
 Reference value :  1.80260e-06
 Reference value :  1.80313e-06
 Reference value :  1.80395e-06
 Reference value :  1.80460e-06
 Reference value :  1.80524e-06
 Reference value :  1.80580e-06
 Reference value :  1.80652e-06
 Reference value :  1.80717e-06
 Reference value :  1.80792e-06
 Reference value :  1.80851e-06
 Reference value :  1.80922e-06
 Reference value :  1.80981e-06
 Reference value :  1.81034e-06
 Reference value :  1.81115e-06
 Reference value :  1.81197e-06
 Reference value :  1.81256e-06
 Reference value :  1.81316e-06
 Reference value :  1.81384e-06
 Reference value :  1.81467e-06
 Reference value :  1.81551e-06
 Reference value :  1.81613e-06
 Reference value :  1.81691e-06
 Reference value :  1.81751e-06
 Reference value :  1.81820e-06
 Reference value :  1.81885e-06
 Reference value :  1.81947e-06
 Reference value :  1.82007e-06
 Reference value :  1.82076e-06
 Reference value :  1.82151e-06
 Reference value :  1.82216e-06
 Reference value :  1.82275e-06
 Reference value :  1.82342e-06
 Reference value :  1.82418e-06
 Reference value :  1.82474e-06
 Reference value :  1.82547e-06
 Reference value :  1.82610e-06
 Reference value :  1.82683e-06
 Reference value :  1.82742e-06
 Reference value :  1.82815e-06
 Reference value :  1.82875e-06
 Reference value :  1.82934e-06
 Reference value :  1.83000e-06
 Reference value :  1.83067e-06
 Reference value :  1.83138e-06
 Reference value :  1.83197e-06
 Reference value :  1.83268e-06
 Reference value :  1.83351e-06
 Reference value :  1.83420e-06
 Reference value :  1.83495e-06
 Reference value :  1.83541e-06
 Reference value :  1.83597e-06
 Reference value :  1.83681e-06
 Reference value :  1.83746e-06
 Reference value :  1.83807e-06
 Reference value :  1.83870e-06
 Reference value :  1.83930e-06
 Reference value :  1.84003e-06
 Reference value :  1.84084e-06
 Reference value :  1.84145e-06
 Reference value :  1.84230e-06
 Reference value :  1.84305e-06
 Reference value :  1.84366e-06
 Reference value :  1.84456e-06
 Reference value :  1.84527e-06
 Reference value :  1.84596e-06
 Reference value :  1.84671e-06
 Reference value :  1.84735e-06
 Reference value :  1.84807e-06
 Reference value :  1.84881e-06
 Reference value :  1.84953e-06
 Reference value :  1.85025e-06
 Reference value :  1.85093e-06
 Reference value :  1.85166e-06
 Reference value :  1.85224e-06
 Reference value :  1.85294e-06
 Reference value :  1.85377e-06
 Reference value :  1.85441e-06
 Reference value :  1.85519e-06
 Reference value :  1.85624e-06
 Reference value :  1.85702e-06
 Reference value :  1.85759e-06
 Reference value :  1.85843e-06
 Reference value :  1.85908e-06
 Reference value :  1.85977e-06
 Reference value :  1.86067e-06
 Reference value :  1.86152e-06
 Reference value :  1.86241e-06
 Reference value :  1.86301e-06
 Reference value :  1.86360e-06
 Reference value :  1.86458e-06
 Reference value :  1.86546e-06
 Reference value :  1.86614e-06
 Reference value :  1.86690e-06
 Reference value :  1.86760e-06
 Reference value :  1.86839e-06
 Reference value :  1.86904e-06
 Reference value :  1.86979e-06
 Reference value :  1.87051e-06
 Reference value :  1.87119e-06
 Reference value :  1.87191e-06
 Reference value :  1.87243e-06
 Reference value :  1.87313e-06
 Reference value :  1.87382e-06
 Reference value :  1.87439e-06
 Reference value :  1.87514e-06
 Reference value :  1.87601e-06
 Reference value :  1.87688e-06
 Reference value :  1.87754e-06
 Reference value :  1.87808e-06
 Reference value :  1.87896e-06
 Reference value :  1.87964e-06
 Reference value :  1.88049e-06
 Reference value :  1.88113e-06
 Reference value :  1.88181e-06
 Reference value :  1.88241e-06
 Reference value :  1.88323e-06
 Reference value :  1.88390e-06
 Reference value :  1.88473e-06
 Reference value :  1.88555e-06
 Reference value :  1.88620e-06
 Reference value :  1.88697e-06
 Reference value :  1.88778e-06
 Reference value :  1.88857e-06
 Reference value :  1.88935e-06
 Reference value :  1.89007e-06
 Reference value :  1.89090e-06
 Reference value :  1.89152e-06
 Reference value :  1.89223e-06
 Reference value :  1.89298e-06
 Reference value :  1.89372e-06
 Reference value :  1.89433e-06
 Reference value :  1.89497e-06
 Reference value :  1.89583e-06
 Reference value :  1.89648e-06
 Reference value :  1.89730e-06
 Reference value :  1.89809e-06
 Reference value :  1.89867e-06
 Reference value :  1.89937e-06
 Reference value :  1.90007e-06
 Reference value :  1.90088e-06
 Reference value :  1.90155e-06
 Reference value :  1.90220e-06
 Reference value :  1.90293e-06
 Reference value :  1.90355e-06
 Reference value :  1.90418e-06
 Reference value :  1.90484e-06
 Reference value :  1.90564e-06
 Reference value :  1.90628e-06
 Reference value :  1.90706e-06
 Reference value :  1.90763e-06
 Reference value :  1.90844e-06
 Reference value :  1.90916e-06
 Reference value :  1.90983e-06
 Reference value :  1.91035e-06
 Reference value :  1.91105e-06
 Reference value :  1.91164e-06
 Reference value :  1.91244e-06
 Reference value :  1.91302e-06
 Reference value :  1.91380e-06
 Reference value :  1.91447e-06
 Reference value :  1.91532e-06
 Reference value :  1.91602e-06
 Reference value :  1.91687e-06
 Reference value :  1.91754e-06
 Reference value :  1.91827e-06
 Reference value :  1.91902e-06
 Reference value :  1.91976e-06
 Reference value :  1.92052e-06
 Reference value :  1.92122e-06
 Reference value :  1.92188e-06
 Reference value :  1.92276e-06
 Reference value :  1.92334e-06
 Reference value :  1.92397e-06
 Reference value :  1.92462e-06
 Reference value :  1.92528e-06
 Reference value :  1.92601e-06
 Reference value :  1.92684e-06
 Reference value :  1.92758e-06
 Reference value :  1.92823e-06
 Reference value :  1.92899e-06
 Reference value :  1.92967e-06
 Reference value :  1.93068e-06
 Reference value :  1.93143e-06
 Reference value :  1.93229e-06
 Reference value :  1.93286e-06
 Reference value :  1.93354e-06
 Reference value :  1.93416e-06
 Reference value :  1.93483e-06
 Reference value :  1.93541e-06
 Reference value :  1.93613e-06
 Reference value :  1.93690e-06
 Reference value :  1.93768e-06
 Reference value :  1.93831e-06
 Reference value :  1.93908e-06
 Reference value :  1.93975e-06
 Reference value :  1.94053e-06
 Reference value :  1.94128e-06
 Reference value :  1.94184e-06
 Reference value :  1.94264e-06
 Reference value :  1.94336e-06
 Reference value :  1.94419e-06
 Reference value :  1.94492e-06
 Reference value :  1.94547e-06
 Reference value :  1.94616e-06
 Reference value :  1.94686e-06
 Reference value :  1.94761e-06
 Reference value :  1.94836e-06
 Reference value :  1.94900e-06
 Reference value :  1.94979e-06
 Reference value :  1.95047e-06
 Reference value :  1.95126e-06
 Reference value :  1.95211e-06
 Reference value :  1.95281e-06
 Reference value :  1.95347e-06
 Reference value :  1.95421e-06
 Reference value :  1.95485e-06
 Reference value :  1.95559e-06
 Reference value :  1.95615e-06
 Reference value :  1.95693e-06
 Reference value :  1.95764e-06
 Reference value :  1.95840e-06
 Reference value :  1.95889e-06
 Reference value :  1.95971e-06
 Reference value :  1.96049e-06
 Reference value :  1.96114e-06
 Reference value :  1.96207e-06
 Reference value :  1.96270e-06
 Reference value :  1.96349e-06
 Reference value :  1.96413e-06
 Reference value :  1.96488e-06
 Reference value :  1.96567e-06
 Reference value :  1.96632e-06
 Reference value :  1.96699e-06
 Reference value :  1.96781e-06
 Reference value :  1.96864e-06
 Reference value :  1.96939e-06
 Reference value :  1.97035e-06
 Reference value :  1.97104e-06
 Reference value :  1.97192e-06
 Reference value :  1.97281e-06
 Reference value :  1.97380e-06
 Reference value :  1.97455e-06
 Reference value :  1.97522e-06
 Reference value :  1.97592e-06
 Reference value :  1.97655e-06
 Reference value :  1.97736e-06
 Reference value :  1.97797e-06
 Reference value :  1.97874e-06
 Reference value :  1.97963e-06
 Reference value :  1.98032e-06
 Reference value :  1.98115e-06
 Reference value :  1.98214e-06
 Reference value :  1.98303e-06
 Reference value :  1.98415e-06
 Reference value :  1.98547e-06
 Reference value :  1.98672e-06
 Reference value :  1.98787e-06
 Reference value :  1.98947e-06
 Reference value :  1.99033e-06
 Reference value :  1.99092e-06
 Reference value :  1.99172e-06
 Reference value :  1.99230e-06
 Reference value :  1.99301e-06
 Reference value :  1.99364e-06
 Reference value :  1.99440e-06
 Reference value :  1.99508e-06
 Reference value :  1.99574e-06
 Reference value :  1.99642e-06
 Reference value :  1.99733e-06
 Reference value :  1.99853e-06
 Reference value :  1.99983e-06
 Reference value :  2.00085e-06
 Reference value :  2.00174e-06
 Reference value :  2.00263e-06
 Reference value :  2.00315e-06
 Reference value :  2.00380e-06
 Reference value :  2.00462e-06
 Reference value :  2.00525e-06
 Reference value :  2.00588e-06
 Reference value :  2.00656e-06
 Reference value :  2.00719e-06
 Reference value :  2.00805e-06
 Reference value :  2.00873e-06
 Reference value :  2.00963e-06
 Reference value :  2.01067e-06
 Reference value :  2.01217e-06
 Reference value :  2.01346e-06
 Reference value :  2.01434e-06
 Reference value :  2.01511e-06
 Reference value :  2.01603e-06
 Reference value :  2.01686e-06
 Reference value :  2.01761e-06
 Reference value :  2.01846e-06
 Reference value :  2.01960e-06
 Reference value :  2.02062e-06
 Reference value :  2.02131e-06
 Reference value :  2.02189e-06
 Reference value :  2.02271e-06
 Reference value :  2.02352e-06
 Reference value :  2.02424e-06
 Reference value :  2.02498e-06
 Reference value :  2.02568e-06
 Reference value :  2.02633e-06
 Reference value :  2.02707e-06
 Reference value :  2.02779e-06
 Reference value :  2.02856e-06
 Reference value :  2.02914e-06
 Reference value :  2.02985e-06
 Reference value :  2.03047e-06
 Reference value :  2.03136e-06
 Reference value :  2.03217e-06
 Reference value :  2.03287e-06
 Reference value :  2.03364e-06
 Reference value :  2.03436e-06
 Reference value :  2.03516e-06
 Reference value :  2.03586e-06
 Reference value :  2.03668e-06
 Reference value :  2.03748e-06
 Reference value :  2.03830e-06
 Reference value :  2.03906e-06
 Reference value :  2.03977e-06
 Reference value :  2.04053e-06
 Reference value :  2.04121e-06
 Reference value :  2.04202e-06
 Reference value :  2.04265e-06
 Reference value :  2.04326e-06
 Reference value :  2.04390e-06
 Reference value :  2.04483e-06
 Reference value :  2.04563e-06
 Reference value :  2.04620e-06
 Reference value :  2.04693e-06
 Reference value :  2.04752e-06
 Reference value :  2.04838e-06
 Reference value :  2.04922e-06
 Reference value :  2.04983e-06
 Reference value :  2.05046e-06
 Reference value :  2.05112e-06
 Reference value :  2.05170e-06
 Reference value :  2.05247e-06
 Reference value :  2.05324e-06
 Reference value :  2.05392e-06
 Reference value :  2.05450e-06
 Reference value :  2.05535e-06
 Reference value :  2.05619e-06
 Reference value :  2.05720e-06
 Reference value :  2.05786e-06
 Reference value :  2.05884e-06
 Reference value :  2.05986e-06
 Reference value :  2.06067e-06
 Reference value :  2.06147e-06
 Reference value :  2.06231e-06
 Reference value :  2.06329e-06
 Reference value :  2.06414e-06
 Reference value :  2.06502e-06
 Reference value :  2.06584e-06
 Reference value :  2.06660e-06
 Reference value :  2.06751e-06
 Reference value :  2.06818e-06
 Reference value :  2.06875e-06
 Reference value :  2.06961e-06
 Reference value :  2.07053e-06
 Reference value :  2.07140e-06
 Reference value :  2.07218e-06
 Reference value :  2.07315e-06
 Reference value :  2.07399e-06
 Reference value :  2.07489e-06
 Reference value :  2.07583e-06
 Reference value :  2.07681e-06
 Reference value :  2.07775e-06
 Reference value :  2.07859e-06
 Reference value :  2.07940e-06
 Reference value :  2.08027e-06
 Reference value :  2.08095e-06
 Reference value :  2.08188e-06
 Reference value :  2.08254e-06
 Reference value :  2.08314e-06
 Reference value :  2.08391e-06
 Reference value :  2.08451e-06
 Reference value :  2.08529e-06
 Reference value :  2.08636e-06
 Reference value :  2.08808e-06
 Reference value :  2.08928e-06
 Reference value :  2.09017e-06
 Reference value :  2.09102e-06
 Reference value :  2.09186e-06
 Reference value :  2.09256e-06
 Reference value :  2.09328e-06
 Reference value :  2.09401e-06
 Reference value :  2.09482e-06
 Reference value :  2.09558e-06
 Reference value :  2.09627e-06
 Reference value :  2.09702e-06
 Reference value :  2.09758e-06
 Reference value :  2.09875e-06
 Reference value :  2.09956e-06
 Reference value :  2.10042e-06
 Reference value :  2.10110e-06
 Reference value :  2.10193e-06
 Reference value :  2.10260e-06
 Reference value :  2.10339e-06
 Reference value :  2.10420e-06
 Reference value :  2.10484e-06
 Reference value :  2.10608e-06
 Reference value :  2.10698e-06
 Reference value :  2.10757e-06
 Reference value :  2.10826e-06
 Reference value :  2.10892e-06
 Reference value :  2.10963e-06
 Reference value :  2.11032e-06
 Reference value :  2.11092e-06
 Reference value :  2.11159e-06
 Reference value :  2.11217e-06
 Reference value :  2.11285e-06
 Reference value :  2.11367e-06
 Reference value :  2.11439e-06
 Reference value :  2.11517e-06
 Reference value :  2.11626e-06
 Reference value :  2.11702e-06
 Reference value :  2.11779e-06
 Reference value :  2.11838e-06
 Reference value :  2.11902e-06
 Reference value :  2.11964e-06
 Reference value :  2.12032e-06
 Reference value :  2.12089e-06
 Reference value :  2.12163e-06
 Reference value :  2.12225e-06
 Reference value :  2.12286e-06
 Reference value :  2.12351e-06
 Reference value :  2.12408e-06
 Reference value :  2.12528e-06
 Reference value :  2.12607e-06
 Reference value :  2.12675e-06
 Reference value :  2.12762e-06
 Reference value :  2.12846e-06
 Reference value :  2.12924e-06
 Reference value :  2.12989e-06
 Reference value :  2.13075e-06
 Reference value :  2.13159e-06
 Reference value :  2.13246e-06
 Reference value :  2.13312e-06
 Reference value :  2.13392e-06
 Reference value :  2.13456e-06
 Reference value :  2.13543e-06
 Reference value :  2.13641e-06
 Reference value :  2.13717e-06
 Reference value :  2.13808e-06
 Reference value :  2.13896e-06
 Reference value :  2.13986e-06
 Reference value :  2.14074e-06
 Reference value :  2.14157e-06
 Reference value :  2.14234e-06
 Reference value :  2.14312e-06
 Reference value :  2.14397e-06
 Reference value :  2.14463e-06
 Reference value :  2.14552e-06
 Reference value :  2.14635e-06
 Reference value :  2.14723e-06
 Reference value :  2.14828e-06
 Reference value :  2.14914e-06
 Reference value :  2.14991e-06
 Reference value :  2.15070e-06
 Reference value :  2.15143e-06
 Reference value :  2.15210e-06
 Reference value :  2.15269e-06
 Reference value :  2.15341e-06
 Reference value :  2.15414e-06
 Reference value :  2.15482e-06
 Reference value :  2.15571e-06
 Reference value :  2.15646e-06
 Reference value :  2.15741e-06
 Reference value :  2.15807e-06
 Reference value :  2.15872e-06
 Reference value :  2.15943e-06
 Reference value :  2.16022e-06
 Reference value :  2.16077e-06
 Reference value :  2.16160e-06
 Reference value :  2.16232e-06
 Reference value :  2.16314e-06
 Reference value :  2.16379e-06
 Reference value :  2.16441e-06
 Reference value :  2.16523e-06
 Reference value :  2.16590e-06
 Reference value :  2.16655e-06
 Reference value :  2.16717e-06
 Reference value :  2.16805e-06
 Reference value :  2.16870e-06
 Reference value :  2.16932e-06
 Reference value :  2.17008e-06
 Reference value :  2.17072e-06
 Reference value :  2.17137e-06
 Reference value :  2.17201e-06
 Reference value :  2.17270e-06
 Reference value :  2.17334e-06
 Reference value :  2.17409e-06
 Reference value :  2.17484e-06
 Reference value :  2.17554e-06
 Reference value :  2.17630e-06
 Reference value :  2.17699e-06
 Reference value :  2.17775e-06
 Reference value :  2.17850e-06
 Reference value :  2.17925e-06
 Reference value :  2.17994e-06
 Reference value :  2.18062e-06
 Reference value :  2.18126e-06
 Reference value :  2.18209e-06
 Reference value :  2.18278e-06
 Reference value :  2.18356e-06
 Reference value :  2.18416e-06
 Reference value :  2.18496e-06
 Reference value :  2.18572e-06
 Reference value :  2.18645e-06
 Reference value :  2.18713e-06
 Reference value :  2.18781e-06
 Reference value :  2.18844e-06
 Reference value :  2.18917e-06
 Reference value :  2.18983e-06
 Reference value :  2.19069e-06
 Reference value :  2.19131e-06
 Reference value :  2.19202e-06
 Reference value :  2.19278e-06
 Reference value :  2.19350e-06
 Reference value :  2.19431e-06
 Reference value :  2.19493e-06
 Reference value :  2.19569e-06
 Reference value :  2.19647e-06
 Reference value :  2.19728e-06
 Reference value :  2.19802e-06
 Reference value :  2.19870e-06
 Reference value :  2.19943e-06
 Reference value :  2.20008e-06
 Reference value :  2.20089e-06
 Reference value :  2.20153e-06
 Reference value :  2.20218e-06
 Reference value :  2.20280e-06
 Reference value :  2.20352e-06
 Reference value :  2.20423e-06
 Reference value :  2.20492e-06
 Reference value :  2.20553e-06
 Reference value :  2.20633e-06
 Reference value :  2.20694e-06
 Reference value :  2.20784e-06
 Reference value :  2.20878e-06
 Reference value :  2.20959e-06
 Reference value :  2.21037e-06
 Reference value :  2.21093e-06
 Reference value :  2.21176e-06
 Reference value :  2.21240e-06
 Reference value :  2.21343e-06
 Reference value :  2.21413e-06
 Reference value :  2.21500e-06
 Reference value :  2.21584e-06
 Reference value :  2.21677e-06
 Reference value :  2.21732e-06
 Reference value :  2.21821e-06
 Reference value :  2.21891e-06
 Reference value :  2.21962e-06
 Reference value :  2.22025e-06
 Reference value :  2.22082e-06
 Reference value :  2.22162e-06
 Reference value :  2.22222e-06
 Reference value :  2.22293e-06
 Reference value :  2.22355e-06
 Reference value :  2.22439e-06
 Reference value :  2.22519e-06
 Reference value :  2.22586e-06
 Reference value :  2.22658e-06
 Reference value :  2.22725e-06
 Reference value :  2.22795e-06
 Reference value :  2.22863e-06
 Reference value :  2.22943e-06
 Reference value :  2.23008e-06
 Reference value :  2.23069e-06
 Reference value :  2.23153e-06
 Reference value :  2.23230e-06
 Reference value :  2.23313e-06
 Reference value :  2.23385e-06
 Reference value :  2.23459e-06
 Reference value :  2.23528e-06
 Reference value :  2.23608e-06
 Reference value :  2.23693e-06
 Reference value :  2.23783e-06
 Reference value :  2.23875e-06
 Reference value :  2.23945e-06
 Reference value :  2.24019e-06
 Reference value :  2.24098e-06
 Reference value :  2.24180e-06
 Reference value :  2.24262e-06
 Reference value :  2.24344e-06
 Reference value :  2.24414e-06
 Reference value :  2.24493e-06
 Reference value :  2.24564e-06
 Reference value :  2.24651e-06
 Reference value :  2.24742e-06
 Reference value :  2.24832e-06
 Reference value :  2.24909e-06
 Reference value :  2.24973e-06
 Reference value :  2.25043e-06
 Reference value :  2.25104e-06
 Reference value :  2.25184e-06
 Reference value :  2.25246e-06
 Reference value :  2.25311e-06
 Reference value :  2.25376e-06
 Reference value :  2.25453e-06
 Reference value :  2.25509e-06
 Reference value :  2.25576e-06
 Reference value :  2.25639e-06
 Reference value :  2.25710e-06
 Reference value :  2.25771e-06
 Reference value :  2.25850e-06
 Reference value :  2.25924e-06
 Reference value :  2.25984e-06
 Reference value :  2.26051e-06
 Reference value :  2.26115e-06
 Reference value :  2.26181e-06
 Reference value :  2.26253e-06
 Reference value :  2.26304e-06
 Reference value :  2.26368e-06
 Reference value :  2.26444e-06
 Reference value :  2.26526e-06
 Reference value :  2.26586e-06
 Reference value :  2.26660e-06
 Reference value :  2.26733e-06
 Reference value :  2.26799e-06
 Reference value :  2.26888e-06
 Reference value :  2.26954e-06
 Reference value :  2.27022e-06
 Reference value :  2.27106e-06
 Reference value :  2.27197e-06
 Reference value :  2.27268e-06
 Reference value :  2.27355e-06
 Reference value :  2.27456e-06
 Reference value :  2.27549e-06
 Reference value :  2.27629e-06
 Reference value :  2.27708e-06
 Reference value :  2.27792e-06
 Reference value :  2.27877e-06
 Reference value :  2.27957e-06
 Reference value :  2.28031e-06
 Reference value :  2.28113e-06
 Reference value :  2.28211e-06
 Reference value :  2.28296e-06
 Reference value :  2.28371e-06
 Reference value :  2.28442e-06
 Reference value :  2.28524e-06
 Reference value :  2.28606e-06
 Reference value :  2.28673e-06
 Reference value :  2.28739e-06
 Reference value :  2.28820e-06
 Reference value :  2.28895e-06
 Reference value :  2.28967e-06
 Reference value :  2.29030e-06
 Reference value :  2.29095e-06
 Reference value :  2.29158e-06
 Reference value :  2.29238e-06
 Reference value :  2.29313e-06
 Reference value :  2.29380e-06
 Reference value :  2.29456e-06
 Reference value :  2.29536e-06
 Reference value :  2.29601e-06
 Reference value :  2.29673e-06
 Reference value :  2.29731e-06
 Reference value :  2.29810e-06
 Reference value :  2.29872e-06
 Reference value :  2.29939e-06
 Reference value :  2.30003e-06
 Reference value :  2.30069e-06
 Reference value :  2.30129e-06
 Reference value :  2.30196e-06
 Reference value :  2.30261e-06
 Reference value :  2.30346e-06
 Reference value :  2.30414e-06
 Reference value :  2.30492e-06
 Reference value :  2.30567e-06
 Reference value :  2.30620e-06
 Reference value :  2.30689e-06
 Reference value :  2.30753e-06
 Reference value :  2.30814e-06
 Reference value :  2.30884e-06
 Reference value :  2.30937e-06
 Reference value :  2.30996e-06
 Reference value :  2.31066e-06
 Reference value :  2.31124e-06
 Reference value :  2.31202e-06
 Reference value :  2.31267e-06
 Reference value :  2.31336e-06
 Reference value :  2.31420e-06
 Reference value :  2.31489e-06
 Reference value :  2.31549e-06
 Reference value :  2.31612e-06
 Reference value :  2.31677e-06
 Reference value :  2.31759e-06
 Reference value :  2.31839e-06
 Reference value :  2.31904e-06
 Reference value :  2.31974e-06
 Reference value :  2.32047e-06
 Reference value :  2.32108e-06
 Reference value :  2.32190e-06
 Reference value :  2.32256e-06
 Reference value :  2.32326e-06
 Reference value :  2.32404e-06
 Reference value :  2.32489e-06
 Reference value :  2.32553e-06
 Reference value :  2.32621e-06
 Reference value :  2.32692e-06
 Reference value :  2.32767e-06
 Reference value :  2.32845e-06
 Reference value :  2.32902e-06
 Reference value :  2.32956e-06
 Reference value :  2.33034e-06
 Reference value :  2.33090e-06
 Reference value :  2.33158e-06
 Reference value :  2.33233e-06
 Reference value :  2.33301e-06
 Reference value :  2.33367e-06
 Reference value :  2.33428e-06
 Reference value :  2.33494e-06
 Reference value :  2.33562e-06
 Reference value :  2.33625e-06
 Reference value :  2.33715e-06
 Reference value :  2.33791e-06
 Reference value :  2.33856e-06
 Reference value :  2.33950e-06
 Reference value :  2.34015e-06
 Reference value :  2.34084e-06
 Reference value :  2.34167e-06
 Reference value :  2.34235e-06
 Reference value :  2.34306e-06
 Reference value :  2.34374e-06
 Reference value :  2.34453e-06
 Reference value :  2.34529e-06
 Reference value :  2.34579e-06
 Reference value :  2.34658e-06
 Reference value :  2.34727e-06
 Reference value :  2.34802e-06
 Reference value :  2.34882e-06
 Reference value :  2.34950e-06
 Reference value :  2.35020e-06
 Reference value :  2.35097e-06
 Reference value :  2.35166e-06
 Reference value :  2.35241e-06
 Reference value :  2.35298e-06
 Reference value :  2.35374e-06
 Reference value :  2.35449e-06
 Reference value :  2.35521e-06
 Reference value :  2.35575e-06
 Reference value :  2.35638e-06
 Reference value :  2.35700e-06
 Reference value :  2.35773e-06
 Reference value :  2.35832e-06
 Reference value :  2.35905e-06
 Reference value :  2.35972e-06
 Reference value :  2.36048e-06
 Reference value :  2.36111e-06
 Reference value :  2.36177e-06
 Reference value :  2.36249e-06
 Reference value :  2.36319e-06
 Reference value :  2.36384e-06
 Reference value :  2.36445e-06
 Reference value :  2.36503e-06
 Reference value :  2.36578e-06
 Reference value :  2.36632e-06
 Reference value :  2.36715e-06
 Reference value :  2.36804e-06
 Reference value :  2.36871e-06
 Reference value :  2.36945e-06
 Reference value :  2.37010e-06
 Reference value :  2.37081e-06
 Reference value :  2.37162e-06
 Reference value :  2.37232e-06
 Reference value :  2.37311e-06
 Reference value :  2.37371e-06
 Reference value :  2.37437e-06
 Reference value :  2.37524e-06
 Reference value :  2.37594e-06
 Reference value :  2.37669e-06
 Reference value :  2.37733e-06
 Reference value :  2.37795e-06
 Reference value :  2.37862e-06
 Reference value :  2.37930e-06
 Reference value :  2.38008e-06
 Reference value :  2.38069e-06
 Reference value :  2.38147e-06
 Reference value :  2.38222e-06
 Reference value :  2.38295e-06
 Reference value :  2.38355e-06
 Reference value :  2.38414e-06
 Reference value :  2.38474e-06
 Reference value :  2.38534e-06
 Reference value :  2.38603e-06
 Reference value :  2.38673e-06
 Reference value :  2.38740e-06
 Reference value :  2.38804e-06
 Reference value :  2.38869e-06
 Reference value :  2.38934e-06
 Reference value :  2.39008e-06
 Reference value :  2.39073e-06
 Reference value :  2.39146e-06
 Reference value :  2.39217e-06
 Reference value :  2.39279e-06
 Reference value :  2.39359e-06
 Reference value :  2.39428e-06
 Reference value :  2.39498e-06
 Reference value :  2.39575e-06
 Reference value :  2.39650e-06
 Reference value :  2.39732e-06
 Reference value :  2.39808e-06
 Reference value :  2.39864e-06
 Reference value :  2.39933e-06
 Reference value :  2.39996e-06
 Reference value :  2.40078e-06
 Reference value :  2.40123e-06
 Reference value :  2.40201e-06
 Reference value :  2.40264e-06
 Reference value :  2.40330e-06
 Reference value :  2.40400e-06
 Reference value :  2.40477e-06
 Reference value :  2.40548e-06
 Reference value :  2.40624e-06
 Reference value :  2.40689e-06
 Reference value :  2.40760e-06
 Reference value :  2.40842e-06
 Reference value :  2.40917e-06
 Reference value :  2.40981e-06
 Reference value :  2.41041e-06
 Reference value :  2.41120e-06
 Reference value :  2.41192e-06
 Reference value :  2.41274e-06
 Reference value :  2.41349e-06
 Reference value :  2.41408e-06
 Reference value :  2.41470e-06
 Reference value :  2.41547e-06
 Reference value :  2.41629e-06
 Reference value :  2.41700e-06
 Reference value :  2.41760e-06
 Reference value :  2.41834e-06
 Reference value :  2.41918e-06
 Reference value :  2.42000e-06
 Reference value :  2.42074e-06
 Reference value :  2.42122e-06
 Reference value :  2.42201e-06
 Reference value :  2.42275e-06
 Reference value :  2.42362e-06
 Reference value :  2.42441e-06
 Reference value :  2.42508e-06
 Reference value :  2.42591e-06
 Reference value :  2.42678e-06
 Reference value :  2.42756e-06
 Reference value :  2.42810e-06
 Reference value :  2.42882e-06
 Reference value :  2.42960e-06
 Reference value :  2.43045e-06
 Reference value :  2.43120e-06
 Reference value :  2.43175e-06
 Reference value :  2.43258e-06
 Reference value :  2.43342e-06
 Reference value :  2.43422e-06
 Reference value :  2.43491e-06
 Reference value :  2.43571e-06
 Reference value :  2.43645e-06
 Reference value :  2.43715e-06
 Reference value :  2.43786e-06
 Reference value :  2.43854e-06
 Reference value :  2.43928e-06
 Reference value :  2.43997e-06
 Reference value :  2.44065e-06
 Reference value :  2.44150e-06
 Reference value :  2.44219e-06
 Reference value :  2.44292e-06
 Reference value :  2.44401e-06
 Reference value :  2.44480e-06
 Reference value :  2.44549e-06
 Reference value :  2.44605e-06
 Reference value :  2.44664e-06
 Reference value :  2.44753e-06
 Reference value :  2.44831e-06
 Reference value :  2.44894e-06
 Reference value :  2.44967e-06
 Reference value :  2.45023e-06
 Reference value :  2.45097e-06
 Reference value :  2.45157e-06
 Reference value :  2.45230e-06
 Reference value :  2.45291e-06
 Reference value :  2.45365e-06
 Reference value :  2.45428e-06
 Reference value :  2.45501e-06
 Reference value :  2.45569e-06
 Reference value :  2.45636e-06
 Reference value :  2.45704e-06
 Reference value :  2.45778e-06
 Reference value :  2.45864e-06
 Reference value :  2.45963e-06
 Reference value :  2.46068e-06
 Reference value :  2.46189e-06
 Reference value :  2.46301e-06
 Reference value :  2.46425e-06
 Reference value :  2.46543e-06
 Reference value :  2.46669e-06
 Reference value :  2.46793e-06
 Reference value :  2.46921e-06
 Reference value :  2.47036e-06
 Reference value :  2.47158e-06
 Reference value :  2.47284e-06
 Reference value :  2.47406e-06
 Reference value :  2.47528e-06
 Reference value :  2.47648e-06
 Reference value :  2.47785e-06
 Reference value :  2.47923e-06
 Reference value :  2.48068e-06
 Reference value :  2.48183e-06
 Reference value :  2.48320e-06
 Reference value :  2.48466e-06
 Reference value :  2.48596e-06
 Reference value :  2.48729e-06
 Reference value :  2.48864e-06
 Reference value :  2.48984e-06
 Reference value :  2.49070e-06
 Reference value :  2.49165e-06
 Reference value :  2.49241e-06
 Reference value :  2.49319e-06
 Reference value :  2.49427e-06
 Reference value :  2.49487e-06
 Reference value :  2.49562e-06
 Reference value :  2.49614e-06
 Reference value :  2.49696e-06
 Reference value :  2.49775e-06
 Reference value :  2.49844e-06
 Reference value :  2.49894e-06
 Reference value :  2.49975e-06
 Reference value :  2.50035e-06
 Reference value :  2.50109e-06
 Reference value :  2.50167e-06
 Reference value :  2.50245e-06
 Reference value :  2.50319e-06
 Reference value :  2.50393e-06
 Reference value :  2.50476e-06
 Reference value :  2.50547e-06
 Reference value :  2.50619e-06
 Reference value :  2.50688e-06
 Reference value :  2.50775e-06
 Reference value :  2.50875e-06
 Reference value :  2.50971e-06
 Reference value :  2.51045e-06
 Reference value :  2.51138e-06
 Reference value :  2.51226e-06
 Reference value :  2.51320e-06
 Reference value :  2.51399e-06
 Reference value :  2.51460e-06
 Reference value :  2.51535e-06
 Reference value :  2.51594e-06
 Reference value :  2.51663e-06
 Reference value :  2.51720e-06
 Reference value :  2.51789e-06
 Reference value :  2.51874e-06
 Reference value :  2.51953e-06
 Reference value :  2.52037e-06
 Reference value :  2.52110e-06
 Reference value :  2.52203e-06
 Reference value :  2.52283e-06
 Reference value :  2.52370e-06
 Reference value :  2.52442e-06
 Reference value :  2.52504e-06
 Reference value :  2.52582e-06
 Reference value :  2.52654e-06
 Reference value :  2.52723e-06
 Reference value :  2.52791e-06
 Reference value :  2.52847e-06
 Reference value :  2.52930e-06
 Reference value :  2.53000e-06
 Reference value :  2.53075e-06
 Reference value :  2.53127e-06
 Reference value :  2.53204e-06
 Reference value :  2.53288e-06
 Reference value :  2.53365e-06
 Reference value :  2.53436e-06
 Reference value :  2.53512e-06
 Reference value :  2.53577e-06
 Reference value :  2.53650e-06
 Reference value :  2.53716e-06
 Reference value :  2.53784e-06
 Reference value :  2.53846e-06
 Reference value :  2.53912e-06
 Reference value :  2.53994e-06
 Reference value :  2.54065e-06
 Reference value :  2.54132e-06
 Reference value :  2.54191e-06
 Reference value :  2.54256e-06
 Reference value :  2.54330e-06
 Reference value :  2.54412e-06
 Reference value :  2.54490e-06
 Reference value :  2.54548e-06
 Reference value :  2.54616e-06
 Reference value :  2.54676e-06
 Reference value :  2.54745e-06
 Reference value :  2.54804e-06
 Reference value :  2.54872e-06
 Reference value :  2.54940e-06
 Reference value :  2.54998e-06
 Reference value :  2.55065e-06
 Reference value :  2.55129e-06
 Reference value :  2.55212e-06
 Reference value :  2.55282e-06
 Reference value :  2.55342e-06
 Reference value :  2.55420e-06
 Reference value :  2.55483e-06
 Reference value :  2.55544e-06
 Reference value :  2.55613e-06
 Reference value :  2.55675e-06
 Reference value :  2.55740e-06
 Reference value :  2.55796e-06
 Reference value :  2.55871e-06
 Reference value :  2.55938e-06
 Reference value :  2.56008e-06
 Reference value :  2.56057e-06
 Reference value :  2.56144e-06
 Reference value :  2.56218e-06
 Reference value :  2.56287e-06
 Reference value :  2.56362e-06
 Reference value :  2.56429e-06
 Reference value :  2.56485e-06
 Reference value :  2.56550e-06
 Reference value :  2.56635e-06
 Reference value :  2.56688e-06
 Reference value :  2.56754e-06
 Reference value :  2.56826e-06
 Reference value :  2.56903e-06
 Reference value :  2.56989e-06
 Reference value :  2.57054e-06
 Reference value :  2.57125e-06
 Reference value :  2.57183e-06
 Reference value :  2.57253e-06
 Reference value :  2.57318e-06
 Reference value :  2.57398e-06
 Reference value :  2.57468e-06
 Reference value :  2.57528e-06
 Reference value :  2.57603e-06
 Reference value :  2.57702e-06
 Reference value :  2.57775e-06
 Reference value :  2.57848e-06
 Reference value :  2.57927e-06
 Reference value :  2.58000e-06
 Reference value :  2.58078e-06
 Reference value :  2.58132e-06
 Reference value :  2.58199e-06
 Reference value :  2.58270e-06
 Reference value :  2.58350e-06
 Reference value :  2.58428e-06
 Reference value :  2.58486e-06
 Reference value :  2.58560e-06
 Reference value :  2.58637e-06
 Reference value :  2.58733e-06
 Reference value :  2.58823e-06
 Reference value :  2.58906e-06
 Reference value :  2.58974e-06
 Reference value :  2.59058e-06
 Reference value :  2.59128e-06
 Reference value :  2.59193e-06
 Reference value :  2.59269e-06
 Reference value :  2.59335e-06
 Reference value :  2.59414e-06
 Reference value :  2.59501e-06
 Reference value :  2.59564e-06
 Reference value :  2.59636e-06
 Reference value :  2.59701e-06
 Reference value :  2.59773e-06
 Reference value :  2.59839e-06
 Reference value :  2.59912e-06
 Reference value :  2.59979e-06
 Reference value :  2.60049e-06
 Reference value :  2.60112e-06
 Reference value :  2.60180e-06
 Reference value :  2.60257e-06
 Reference value :  2.60317e-06
 Reference value :  2.60379e-06
 Reference value :  2.60456e-06
 Reference value :  2.60524e-06
 Reference value :  2.60588e-06
 Reference value :  2.60659e-06
 Reference value :  2.60716e-06
 Reference value :  2.60777e-06
 Reference value :  2.60850e-06
 Reference value :  2.60924e-06
 Reference value :  2.60981e-06
 Reference value :  2.61057e-06
 Reference value :  2.61137e-06
 Reference value :  2.61203e-06
 Reference value :  2.61270e-06
 Reference value :  2.61338e-06
 Reference value :  2.61410e-06
 Reference value :  2.61467e-06
 Reference value :  2.61519e-06
 Reference value :  2.61577e-06
 Reference value :  2.61647e-06
 Reference value :  2.61707e-06
 Reference value :  2.61772e-06
 Reference value :  2.61842e-06
 Reference value :  2.61917e-06
 Reference value :  2.61992e-06
 Reference value :  2.62053e-06
 Reference value :  2.62130e-06
 Reference value :  2.62206e-06
 Reference value :  2.62275e-06
 Reference value :  2.62346e-06
 Reference value :  2.62409e-06
 Reference value :  2.62487e-06
 Reference value :  2.62567e-06
 Reference value :  2.62638e-06
 Reference value :  2.62701e-06
 Reference value :  2.62768e-06
 Reference value :  2.62846e-06
 Reference value :  2.62906e-06
 Reference value :  2.62976e-06
 Reference value :  2.63032e-06
 Reference value :  2.63106e-06
 Reference value :  2.63166e-06
 Reference value :  2.63241e-06
 Reference value :  2.63296e-06
 Reference value :  2.63372e-06
 Reference value :  2.63464e-06
 Reference value :  2.63556e-06
 Reference value :  2.63624e-06
 Reference value :  2.63710e-06
 Reference value :  2.63790e-06
 Reference value :  2.63874e-06
 Reference value :  2.63923e-06
 Reference value :  2.63993e-06
 Reference value :  2.64073e-06
 Reference value :  2.64155e-06
 Reference value :  2.64212e-06
 Reference value :  2.64283e-06
 Reference value :  2.64359e-06
 Reference value :  2.64428e-06
 Reference value :  2.64507e-06
 Reference value :  2.64568e-06
 Reference value :  2.64626e-06
 Reference value :  2.64689e-06
 Reference value :  2.64757e-06
 Reference value :  2.64814e-06
 Reference value :  2.64883e-06
 Reference value :  2.64955e-06
 Reference value :  2.65017e-06
 Reference value :  2.65087e-06
 Reference value :  2.65161e-06
 Reference value :  2.65227e-06
 Reference value :  2.65304e-06
 Reference value :  2.65357e-06
 Reference value :  2.65430e-06
 Reference value :  2.65501e-06
 Reference value :  2.65592e-06
 Reference value :  2.65683e-06
 Reference value :  2.65759e-06
 Reference value :  2.65847e-06
 Reference value :  2.65945e-06
 Reference value :  2.66018e-06
 Reference value :  2.66076e-06
 Reference value :  2.66181e-06
 Reference value :  2.66255e-06
 Reference value :  2.66346e-06
 Reference value :  2.66424e-06
 Reference value :  2.66517e-06
 Reference value :  2.66602e-06
 Reference value :  2.66677e-06
 Reference value :  2.66744e-06
 Reference value :  2.66799e-06
 Reference value :  2.66874e-06
 Reference value :  2.66946e-06
 Reference value :  2.67030e-06
 Reference value :  2.67093e-06
 Reference value :  2.67152e-06
 Reference value :  2.67224e-06
 Reference value :  2.67305e-06
 Reference value :  2.67388e-06
 Reference value :  2.67466e-06
 Reference value :  2.67551e-06
 Reference value :  2.67616e-06
 Reference value :  2.67682e-06
 Reference value :  2.67770e-06
 Reference value :  2.67836e-06
 Reference value :  2.67905e-06
 Reference value :  2.67969e-06
 Reference value :  2.68031e-06
 Reference value :  2.68122e-06
 Reference value :  2.68190e-06
 Reference value :  2.68261e-06
 Reference value :  2.68347e-06
 Reference value :  2.68401e-06
 Reference value :  2.68480e-06
 Reference value :  2.68545e-06
 Reference value :  2.68613e-06
 Reference value :  2.68678e-06
 Reference value :  2.68744e-06
 Reference value :  2.68829e-06
 Reference value :  2.68894e-06
 Reference value :  2.68947e-06
 Reference value :  2.69011e-06
 Reference value :  2.69074e-06
 Reference value :  2.69149e-06
 Reference value :  2.69210e-06
 Reference value :  2.69276e-06
 Reference value :  2.69350e-06
 Reference value :  2.69421e-06
 Reference value :  2.69493e-06
 Reference value :  2.69565e-06
 Reference value :  2.69636e-06
 Reference value :  2.69701e-06
 Reference value :  2.69776e-06
 Reference value :  2.69845e-06
 Reference value :  2.69910e-06
 Reference value :  2.69981e-06
 Reference value :  2.70045e-06
 Reference value :  2.70107e-06
 Reference value :  2.70174e-06
 Reference value :  2.70254e-06
 Reference value :  2.70324e-06
 Reference value :  2.70404e-06
 Reference value :  2.70490e-06
 Reference value :  2.70552e-06
 Reference value :  2.70630e-06
 Reference value :  2.70720e-06
 Reference value :  2.70793e-06
 Reference value :  2.70858e-06
 Reference value :  2.70950e-06
 Reference value :  2.71026e-06
 Reference value :  2.71094e-06
 Reference value :  2.71174e-06
 Reference value :  2.71248e-06
 Reference value :  2.71339e-06
 Reference value :  2.71415e-06
 Reference value :  2.71479e-06
 Reference value :  2.71538e-06
 Reference value :  2.71605e-06
 Reference value :  2.71684e-06
 Reference value :  2.71755e-06
 Reference value :  2.71833e-06
 Reference value :  2.71898e-06
 Reference value :  2.71969e-06
 Reference value :  2.72039e-06
 Reference value :  2.72100e-06
 Reference value :  2.72163e-06
 Reference value :  2.72250e-06
 Reference value :  2.72319e-06
 Reference value :  2.72397e-06
 Reference value :  2.72459e-06
 Reference value :  2.72516e-06
 Reference value :  2.72582e-06
 Reference value :  2.72664e-06
 Reference value :  2.72729e-06
 Reference value :  2.72789e-06
 Reference value :  2.72859e-06
 Reference value :  2.72943e-06
 Reference value :  2.73005e-06
 Reference value :  2.73080e-06
 Reference value :  2.73143e-06
 Reference value :  2.73209e-06
 Reference value :  2.73268e-06
 Reference value :  2.73328e-06
 Reference value :  2.73383e-06
 Reference value :  2.73467e-06
 Reference value :  2.73539e-06
 Reference value :  2.73595e-06
 Reference value :  2.73656e-06
 Reference value :  2.73740e-06
 Reference value :  2.73814e-06
 Reference value :  2.73877e-06
 Reference value :  2.73939e-06
 Reference value :  2.74014e-06
 Reference value :  2.74086e-06
 Reference value :  2.74151e-06
 Reference value :  2.74214e-06
 Reference value :  2.74277e-06
 Reference value :  2.74342e-06
 Reference value :  2.74411e-06
 Reference value :  2.74478e-06
 Reference value :  2.74549e-06
 Reference value :  2.74626e-06
 Reference value :  2.74713e-06
 Reference value :  2.74774e-06
 Reference value :  2.74842e-06
 Reference value :  2.74909e-06
 Reference value :  2.74984e-06
 Reference value :  2.75044e-06
 Reference value :  2.75125e-06
 Reference value :  2.75181e-06
 Reference value :  2.75259e-06
 Reference value :  2.75316e-06
 Reference value :  2.75374e-06
 Reference value :  2.75453e-06
 Reference value :  2.75528e-06
 Reference value :  2.75612e-06
 Reference value :  2.75676e-06
 Reference value :  2.75751e-06
 Reference value :  2.75829e-06
 Reference value :  2.75899e-06
 Reference value :  2.75978e-06
 Reference value :  2.76054e-06
 Reference value :  2.76124e-06
 Reference value :  2.76203e-06
 Reference value :  2.76294e-06
 Reference value :  2.76356e-06
 Reference value :  2.76423e-06
 Reference value :  2.76501e-06
 Reference value :  2.76572e-06
 Reference value :  2.76652e-06
 Reference value :  2.76727e-06
 Reference value :  2.76822e-06
 Reference value :  2.76941e-06
 Reference value :  2.77034e-06
 Reference value :  2.77110e-06
 Reference value :  2.77175e-06
 Reference value :  2.77238e-06
 Reference value :  2.77312e-06
 Reference value :  2.77378e-06
 Reference value :  2.77450e-06
 Reference value :  2.77521e-06
 Reference value :  2.77608e-06
 Reference value :  2.77679e-06
 Reference value :  2.77754e-06
 Reference value :  2.77813e-06
 Reference value :  2.77880e-06
 Reference value :  2.77963e-06
 Reference value :  2.78044e-06
 Reference value :  2.78126e-06
 Reference value :  2.78188e-06
 Reference value :  2.78258e-06
 Reference value :  2.78336e-06
 Reference value :  2.78406e-06
 Reference value :  2.78486e-06
 Reference value :  2.78565e-06
 Reference value :  2.78637e-06
 Reference value :  2.78724e-06
 Reference value :  2.78808e-06
 Reference value :  2.78899e-06
 Reference value :  2.78978e-06
 Reference value :  2.79039e-06
 Reference value :  2.79118e-06
 Reference value :  2.79204e-06
 Reference value :  2.79275e-06
 Reference value :  2.79345e-06
 Reference value :  2.79430e-06
 Reference value :  2.79494e-06
 Reference value :  2.79585e-06
 Reference value :  2.79646e-06
 Reference value :  2.79732e-06
 Reference value :  2.79790e-06
 Reference value :  2.79871e-06
 Reference value :  2.79945e-06
 Reference value :  2.80024e-06
 Reference value :  2.80093e-06
 Reference value :  2.80177e-06
 Reference value :  2.80256e-06
 Reference value :  2.80317e-06
 Reference value :  2.80378e-06
 Reference value :  2.80450e-06
 Reference value :  2.80524e-06
 Reference value :  2.80590e-06
 Reference value :  2.80649e-06
 Reference value :  2.80719e-06
 Reference value :  2.80793e-06
 Reference value :  2.80857e-06
 Reference value :  2.80935e-06
 Reference value :  2.80987e-06
 Reference value :  2.81060e-06
 Reference value :  2.81138e-06
 Reference value :  2.81217e-06
 Reference value :  2.81276e-06
 Reference value :  2.81354e-06
 Reference value :  2.81427e-06
 Reference value :  2.81512e-06
 Reference value :  2.81579e-06
 Reference value :  2.81647e-06
 Reference value :  2.81728e-06
 Reference value :  2.81790e-06
 Reference value :  2.81872e-06
 Reference value :  2.81944e-06
 Reference value :  2.82017e-06
 Reference value :  2.82098e-06
 Reference value :  2.82143e-06
 Reference value :  2.82214e-06
 Reference value :  2.82284e-06
 Reference value :  2.82342e-06
 Reference value :  2.82441e-06
 Reference value :  2.82511e-06
 Reference value :  2.82594e-06
 Reference value :  2.82671e-06
 Reference value :  2.82786e-06
 Reference value :  2.82886e-06
 Reference value :  2.82978e-06
 Reference value :  2.83059e-06
 Reference value :  2.83135e-06
 Reference value :  2.83200e-06
 Reference value :  2.83274e-06
 Reference value :  2.83347e-06
 Reference value :  2.83407e-06
 Reference value :  2.83484e-06
 Reference value :  2.83564e-06
 Reference value :  2.83616e-06
 Reference value :  2.83694e-06
 Reference value :  2.83765e-06
 Reference value :  2.83842e-06
 Reference value :  2.83909e-06
 Reference value :  2.83966e-06
 Reference value :  2.84043e-06
 Reference value :  2.84122e-06
 Reference value :  2.84192e-06
 Reference value :  2.84259e-06
 Reference value :  2.84321e-06
 Reference value :  2.84396e-06
 Reference value :  2.84484e-06
 Reference value :  2.84559e-06
 Reference value :  2.84622e-06
 Reference value :  2.84681e-06
 Reference value :  2.84751e-06
 Reference value :  2.84833e-06
 Reference value :  2.84900e-06
 Reference value :  2.84978e-06
 Reference value :  2.85031e-06
 Reference value :  2.85105e-06
 Reference value :  2.85176e-06
 Reference value :  2.85244e-06
 Reference value :  2.85302e-06
 Reference value :  2.85371e-06
 Reference value :  2.85452e-06
 Reference value :  2.85516e-06
 Reference value :  2.85591e-06
 Reference value :  2.85660e-06
 Reference value :  2.85725e-06
 Reference value :  2.85800e-06
 Reference value :  2.85875e-06
 Reference value :  2.85953e-06
 Reference value :  2.86014e-06
 Reference value :  2.86083e-06
 Reference value :  2.86161e-06
 Reference value :  2.86224e-06
 Reference value :  2.86306e-06
 Reference value :  2.86376e-06
 Reference value :  2.86440e-06
 Reference value :  2.86517e-06
 Reference value :  2.86579e-06
 Reference value :  2.86667e-06
 Reference value :  2.86743e-06
 Reference value :  2.86806e-06
 Reference value :  2.86888e-06
 Reference value :  2.86965e-06
 Reference value :  2.87032e-06
 Reference value :  2.87115e-06
 Reference value :  2.87175e-06
 Reference value :  2.87243e-06
 Reference value :  2.87321e-06
 Reference value :  2.87390e-06
 Reference value :  2.87464e-06
 Reference value :  2.87517e-06
 Reference value :  2.87593e-06
 Reference value :  2.87654e-06
 Reference value :  2.87740e-06
 Reference value :  2.87817e-06
 Reference value :  2.87889e-06
 Reference value :  2.87953e-06
 Reference value :  2.88027e-06
 Reference value :  2.88097e-06
 Reference value :  2.88179e-06
 Reference value :  2.88251e-06
 Reference value :  2.88336e-06
 Reference value :  2.88407e-06
 Reference value :  2.88490e-06
 Reference value :  2.88562e-06
 Reference value :  2.88625e-06
 Reference value :  2.88682e-06
 Reference value :  2.88754e-06
 Reference value :  2.88822e-06
 Reference value :  2.88893e-06
 Reference value :  2.88957e-06
 Reference value :  2.89031e-06
 Reference value :  2.89106e-06
 Reference value :  2.89183e-06
 Reference value :  2.89270e-06
 Reference value :  2.89347e-06
 Reference value :  2.89442e-06
 Reference value :  2.89520e-06
 Reference value :  2.89596e-06
 Reference value :  2.89663e-06
 Reference value :  2.89741e-06
 Reference value :  2.89799e-06
 Reference value :  2.89884e-06
 Reference value :  2.89968e-06
 Reference value :  2.90026e-06
 Reference value :  2.90100e-06
 Reference value :  2.90178e-06
 Reference value :  2.90283e-06
 Reference value :  2.90356e-06
 Reference value :  2.90438e-06
 Reference value :  2.90506e-06
 Reference value :  2.90593e-06
 Reference value :  2.90690e-06
 Reference value :  2.90780e-06
 Reference value :  2.90854e-06
 Reference value :  2.90915e-06
 Reference value :  2.90985e-06
 Reference value :  2.91047e-06
 Reference value :  2.91108e-06
 Reference value :  2.91174e-06
 Reference value :  2.91249e-06
 Reference value :  2.91315e-06
 Reference value :  2.91395e-06
 Reference value :  2.91468e-06
 Reference value :  2.91549e-06
 Reference value :  2.91632e-06
 Reference value :  2.91705e-06
 Reference value :  2.91763e-06
 Reference value :  2.91840e-06
 Reference value :  2.91922e-06
 Reference value :  2.91999e-06
 Reference value :  2.92072e-06
 Reference value :  2.92152e-06
 Reference value :  2.92231e-06
 Reference value :  2.92297e-06
 Reference value :  2.92379e-06
 Reference value :  2.92452e-06
 Reference value :  2.92540e-06
 Reference value :  2.92610e-06
 Reference value :  2.92689e-06
 Reference value :  2.92769e-06
 Reference value :  2.92830e-06
 Reference value :  2.92902e-06
 Reference value :  2.92991e-06
 Reference value :  2.93057e-06
 Reference value :  2.93142e-06
 Reference value :  2.93221e-06
 Reference value :  2.93279e-06
 Reference value :  2.93355e-06
 Reference value :  2.93444e-06
 Reference value :  2.93522e-06
 Reference value :  2.93601e-06
 Reference value :  2.93689e-06
 Reference value :  2.93800e-06
 Reference value :  2.93903e-06
 Reference value :  2.93986e-06
 Reference value :  2.94054e-06
 Reference value :  2.94122e-06
 Reference value :  2.94189e-06
 Reference value :  2.94256e-06
 Reference value :  2.94315e-06
 Reference value :  2.94389e-06
 Reference value :  2.94468e-06
 Reference value :  2.94563e-06
 Reference value :  2.94651e-06
 Reference value :  2.94717e-06
 Reference value :  2.94789e-06
 Reference value :  2.94854e-06
 Reference value :  2.94925e-06
 Reference value :  2.95004e-06
 Reference value :  2.95072e-06
 Reference value :  2.95146e-06
 Reference value :  2.95228e-06
 Reference value :  2.95287e-06
 Reference value :  2.95360e-06
 Reference value :  2.95420e-06
 Reference value :  2.95500e-06
 Reference value :  2.95566e-06
 Reference value :  2.95638e-06
 Reference value :  2.95712e-06
 Reference value :  2.95779e-06
 Reference value :  2.95873e-06
 Reference value :  2.95939e-06
 Reference value :  2.95991e-06
 Reference value :  2.96072e-06
 Reference value :  2.96144e-06
 Reference value :  2.96215e-06
 Reference value :  2.96279e-06
 Reference value :  2.96364e-06
 Reference value :  2.96433e-06
 Reference value :  2.96520e-06
 Reference value :  2.96603e-06
 Reference value :  2.96694e-06
 Reference value :  2.96753e-06
 Reference value :  2.96848e-06
 Reference value :  2.96940e-06
 Reference value :  2.97013e-06
 Reference value :  2.97072e-06
 Reference value :  2.97138e-06
 Reference value :  2.97198e-06
 Reference value :  2.97278e-06
 Reference value :  2.97352e-06
 Reference value :  2.97424e-06
 Reference value :  2.97505e-06
 Reference value :  2.97600e-06
 Reference value :  2.97684e-06
 Reference value :  2.97768e-06
 Reference value :  2.97842e-06
 Reference value :  2.97900e-06
 Reference value :  2.97975e-06
 Reference value :  2.98043e-06
 Reference value :  2.98125e-06
 Reference value :  2.98202e-06
 Reference value :  2.98280e-06
 Reference value :  2.98377e-06
 Reference value :  2.98450e-06
 Reference value :  2.98524e-06
 Reference value :  2.98597e-06
 Reference value :  2.98667e-06
 Reference value :  2.98749e-06
 Reference value :  2.98833e-06
 Reference value :  2.98894e-06
 Reference value :  2.98954e-06
 Reference value :  2.99020e-06
 Reference value :  2.99099e-06
 Reference value :  2.99165e-06
 Reference value :  2.99225e-06
 Reference value :  2.99295e-06
 Reference value :  2.99387e-06
 Reference value :  2.99460e-06
 Reference value :  2.99553e-06
 Reference value :  2.99609e-06
 Reference value :  2.99678e-06
 Reference value :  2.99755e-06
 Reference value :  2.99831e-06
 Reference value :  2.99914e-06
 Reference value :  2.99988e-06
No. of Data Rows : 57360
sim/harness: analysis complete
Note: Simulation executed from .control section 
